rel,style,group,s_top1_fg_max,s_top1_fg_p75,s_top1_fg_mean,s_top1_all_max,s_top1_all_p75,s_top1_all_mean,s_top5_fg_max,s_top5_fg_p75,s_top5_fg_mean,s_top5_all_max,s_top5_all_p75,s_top5_all_mean,s_hist_max,s_hist_p75,s_hist_mean
冰晶款/5697.mp4,冰晶款,eval_good,0.5463518500328064,0.542327880859375,0.5306342095136642,0.6015625,0.594194695353508,0.5840356014668941,0.5105522871017456,0.5038812160491943,0.4947138372808695,0.5432236790657043,0.5356355607509613,0.5306434631347656,0.5349980182322631,0.44268865567216387,0.42347374684305356
冰晶款/6143.mp4,冰晶款,eval_good,0.7409319281578064,0.7290867269039154,0.7264030985534191,0.7588239312171936,0.748639777302742,0.7478915639221668,0.7070521712303162,0.7016102224588394,0.6990701593458652,0.7317845821380615,0.7252017706632614,0.7241088673472404,0.5196151924037982,0.4720114942528736,0.4549636292964629
冰晶款/6457.mp4,冰晶款,eval_good,0.7579345703125,0.7335902750492096,0.6913514360785484,0.7702288031578064,0.74237060546875,0.7108884528279305,0.7383149266242981,0.6970324218273163,0.6565477438271046,0.742180347442627,0.7135974764823914,0.6815831884741783,1.2194660734149054,0.5219345499663961,0.5388448865552569
冰晶款/6796.mp4,冰晶款,eval_good,0.542266845703125,0.5149459838867188,0.4931934904307127,0.5579136610031128,0.5543038696050644,0.5478134155273438,0.428496390581131,0.4149649441242218,0.40433403849601746,0.48797607421875,0.4798126146197319,0.47648216411471367,0.6052759061082486,0.5061434799841459,0.4136414195748322
冰晶款/6869.mp4,冰晶款,eval_good,0.495025634765625,0.486907958984375,0.4802536442875862,0.6203787922859192,0.6139788031578064,0.5935603491961956,0.448974609375,0.442999430000782,0.43357990495860577,0.542656421661377,0.5350548177957535,0.527155265212059,0.42893380895759015,0.377145814066147,0.33476307652139997
冰晶款/6945.mp4,冰晶款,eval_good,0.614715576171875,0.6067581176757812,0.5965780541300774,0.6283482313156128,0.6232343316078186,0.6172757782042027,0.5339646339416504,0.5277895480394363,0.5197245366871357,0.5751127600669861,0.5699041038751602,0.5669149458408356,0.38798349304049795,0.3566482478841715,0.3155362166218436
冰晶款/7043.mp4,冰晶款,eval_good,0.6722412109375,0.6300397664308548,0.6137864254415035,0.6684046983718872,0.6553388237953186,0.6467339657247066,0.6408149003982544,0.5931040346622467,0.5773060508072376,0.6411599516868591,0.6273606270551682,0.615674190223217,0.5578610406196614,0.36770765155056884,0.3391030961118756
冰晶款/7067.mp4,冰晶款,eval_good,0.66119384765625,0.6420026421546936,0.6382920444011688,0.6574358344078064,0.6419590711593628,0.6402969360351562,0.5877364277839661,0.57611083984375,0.5720743425190449,0.6116045713424683,0.6007358580827713,0.5969054289162159,0.5067466266866567,0.47448720084402246,0.46782612304222193
冰晶款/7093.mp4,冰晶款,eval_good,0.5720563530921936,0.5616455078125,0.5532817840576172,0.6227504014968872,0.6193673312664032,0.6153967715799809,0.5225287675857544,0.5147230625152588,0.5007578916847706,0.5750732421875,0.5681852698326111,0.56331342831254,0.41259370314842575,0.3931609195402299,0.38543487337527815
冰晶款/7217.mp4,冰晶款,eval_good,0.73828125,0.722564697265625,0.7185956090688705,0.7359532117843628,0.7286420464515686,0.7251592427492142,0.686141312122345,0.6646016538143158,0.6582384444773197,0.6947075128555298,0.6860647946596146,0.6834343187510967,0.508860153256705,0.47725235525473336,0.4710743928295578
冰晶款/7248.mp4,冰晶款,eval_good,0.7264927625656128,0.6960143893957138,0.6046908590942621,0.7381417155265808,0.706202894449234,0.6308310329914093,0.655078113079071,0.6237528622150421,0.5491938795894384,0.6851519346237183,0.6620267778635025,0.5877216532826424,0.7321703853955375,0.5540621447517999,0.5095734420192044
冰晶款/7343.mp4,冰晶款,eval_good,0.69366455078125,0.6878433227539062,0.6811428070068359,0.7186104655265808,0.7122584879398346,0.6981887817382812,0.6589605808258057,0.6539852023124695,0.647616907954216,0.6796875,0.6710124462842941,0.6649739854037762,0.5438691312650885,0.5281411018628617,0.46747449305137323
冰晶款/6722.mp4,冰晶款,eval_good,0.6965680718421936,0.6447317749261856,0.640164777636528,0.6972132921218872,0.6719709187746048,0.6645071804523468,0.6682671308517456,0.6081154644489288,0.597702581435442,0.676276683807373,0.6452457159757614,0.6391825973987579,0.5158620689655172,0.4952023988005997,0.47487672830251537
冰晶款/6797.mp4,冰晶款,eval_good,0.6593424677848816,0.6435241550207138,0.6359273158013821,0.6589006781578064,0.6501203328371048,0.642906192690134,0.6367757320404053,0.6202962398529053,0.6109792068600655,0.6280481815338135,0.6112329810857773,0.6058670543134212,0.4958949096880132,0.4132878615637237,0.3681748324418116
冰晶款/6846.mp4,冰晶款,eval_good,0.587249755859375,0.5763277262449265,0.5709819793701172,0.6236223578453064,0.6142098307609558,0.6080627366900444,0.5379929542541504,0.516384169459343,0.5060798898339272,0.5939546227455139,0.5776797831058502,0.5714100115001202,0.4220724886598846,0.3323146119248068,0.33208164485396563
冰晶款/6920.mp4,冰晶款,eval_good,0.624786376953125,0.601001188158989,0.5940301977097988,0.674560546875,0.6451546996831894,0.6319907121360302,0.5735862255096436,0.5486437827348709,0.5331517923623323,0.6285113096237183,0.5943396985530853,0.5870933569967747,0.7151979565772669,0.6673711755233493,0.640606614980161
冰晶款/5692.mp4,冰晶款,bad,0.60791015625,0.5962142944335938,0.5886020660400391,0.6585868000984192,0.6332179605960846,0.6206795908510685,0.5721091032028198,0.5641211420297623,0.554850410670042,0.6260196566581726,0.6036987453699112,0.592674482613802,0.49126013030351184,0.4830550994344097,0.4696420248690971
冰晶款/5762.mp4,冰晶款,bad,0.67620849609375,0.6609649509191513,0.654736515134573,0.6728864312171936,0.658490851521492,0.6515568308532238,0.6403146386146545,0.6278946250677109,0.6236469149589539,0.6363669037818909,0.6238071173429489,0.6184551082551479,0.8412837837837838,0.8153124608719605,0.799571905443837
冰晶款/5825.mp4,冰晶款,bad,0.6161760687828064,0.6112256795167923,0.6038796603679657,0.6451764702796936,0.632014662027359,0.6209912970662117,0.5858628749847412,0.5813157856464386,0.5623152181506157,0.5937679409980774,0.5787030160427094,0.5706053376197815,0.45358090185676386,0.4345816252712804,0.4289817424921647
冰晶款/5924.mp4,冰晶款,bad,0.773223876953125,0.7006174921989441,0.672393374145031,0.76397705078125,0.6953822672367096,0.6721687316894531,0.7606201171875,0.6726183295249939,0.6459831781685352,0.7385343909263611,0.6574787646532059,0.6369757987558842,1.2802829354553493,0.7210419694367376,0.6645799691008267
冰晶款/5963.mp4,冰晶款,bad,0.634185791015625,0.6185226589441299,0.5997408367693424,0.6530413031578064,0.6425563246011734,0.6336713507771492,0.5783253312110901,0.5675708204507828,0.5390758328139782,0.6117087006568909,0.6004566997289658,0.5930546075105667,0.7944827586206897,0.4484292892485904,0.4281219088152438
冰晶款/6131.mp4,冰晶款,bad,0.6871163249015808,0.6846836507320404,0.6821735873818398,0.6796177625656128,0.6785888522863388,0.6757823340594769,0.6640477180480957,0.6581333577632904,0.6564517021179199,0.6555534601211548,0.6518204659223557,0.6505409702658653,0.705287356321839,0.6774881789874294,0.643766763977596
冰晶款/6145.mp4,冰晶款,bad,0.8037261962890625,0.7959938049316406,0.7773933410644531,0.8160836100578308,0.8078242540359497,0.7957987077534199,0.7423542141914368,0.6744319498538971,0.6667081452906132,0.787879467010498,0.7779962867498398,0.7655509486794472,1.209926738521729,0.31937681268834656,0.3631295042597351
冰晶款/6330.mp4,冰晶款,bad,0.628173828125,0.6160125732421875,0.5914622731506824,0.6991315484046936,0.6401933878660202,0.6351961456239223,0.5980399250984192,0.5896868109703064,0.5577146522700787,0.6402875185012817,0.5959068536758423,0.5940951220691204,1.1247632888536574,1.0876601928920597,0.8331688463023462
冰晶款/6405.mp4,冰晶款,bad,0.70849609375,0.6951206773519516,0.6833896599709988,0.7342005968093872,0.721588134765625,0.7111511193215847,0.6861165165901184,0.6524433195590973,0.6449643485248089,0.7157880067825317,0.6999466717243195,0.6862202808260918,0.9496021220159152,0.8656999705275568,0.8254307232041427
冰晶款/6507.mp4,冰晶款,bad,0.8006320595741272,0.7858161926269531,0.7702915407717228,0.8127266764640808,0.7982046753168106,0.793758936226368,0.7733270525932312,0.7607053965330124,0.720552247017622,0.7860107421875,0.7729424685239792,0.7656083926558495,0.7269293924466338,0.5317460317460317,0.4966096043384985
冰晶款/6551.mp4,冰晶款,bad,0.5909249186515808,0.5775495320558548,0.538556233048439,0.6572090983390808,0.6373116821050644,0.6264964491128922,0.5234442949295044,0.5065443068742752,0.47029587998986244,0.5726031064987183,0.561414822936058,0.5555458143353462,0.5789505247376312,0.5319340329835083,0.5026653634573812
冰晶款/6556.mp4,冰晶款,bad,0.806610107421875,0.7950897216796875,0.7897396087646484,0.79815673828125,0.7867628037929535,0.7817181125283241,0.7531863451004028,0.7461407035589218,0.7418445870280266,0.7152530550956726,0.7126330137252808,0.7074099108576775,0.6513409961685823,0.6213054187192119,0.5808395875611729
冰晶款/6650.mp4,冰晶款,bad,0.6589006781578064,0.6423078179359436,0.6373291052877903,0.6979283094406128,0.6940830796957016,0.6928787268698215,0.5890706181526184,0.5655856877565384,0.5644047074019909,0.6575173735618591,0.6517630219459534,0.6505335606634617,0.7033045977011494,0.6853520114942528,0.6660686063218391
冰晶款/6654.mp4,冰晶款,bad,0.685791015625,0.681060791015625,0.6783599853515625,0.6879010796546936,0.6816929280757904,0.6788765974342823,0.6581488847732544,0.64704330265522,0.6380838714540005,0.6614595055580139,0.6528104990720749,0.6507718674838543,0.6242656449553001,0.5751623525107472,0.538437786345517
冰晶款/6699.mp4,冰晶款,bad,0.712432861328125,0.6339198648929596,0.6299705505371094,0.7316545844078064,0.6943533569574356,0.6924830824136734,0.6946489214897156,0.5627254694700241,0.5651599355041981,0.7035881280899048,0.6628148555755615,0.6599603444337845,0.7079575596816976,0.5136206896551724,0.5168789707815453
冰晶款/6703.mp4,冰晶款,bad,0.7190987467765808,0.6925332397222519,0.6769902370870113,0.7215227484703064,0.701769158244133,0.6952896118164062,0.6825493574142456,0.6693742573261261,0.6373335234820843,0.6870691776275635,0.6747490167617798,0.6660382896661758,0.7024137931034483,0.6727961980548187,0.6468943572391848
冰晶款/6752.mp4,冰晶款,bad,0.57940673828125,0.5635462999343872,0.5554940290749073,0.5869837999343872,0.566864013671875,0.5629795603454113,0.5477960705757141,0.5190734714269638,0.5156471133232117,0.5240334868431091,0.5186300575733185,0.515347421169281,1.0436781609195402,0.5067970822281167,0.5275806808134393
冰晶款/6771.mp4,冰晶款,bad,0.5302463173866272,0.4822591096162796,0.4607200622558594,0.6170828938484192,0.5583409070968628,0.5548542588949203,0.4547063708305359,0.4177676662802696,0.4050192665308714,0.52978515625,0.4972902163863182,0.483981192111969,0.5321905849695348,0.4870436429294931,0.4557535968791151
冰晶款/6772.mp4,冰晶款,bad,0.6344517469406128,0.6208321750164032,0.6161811538040638,0.6569998860359192,0.6522609144449234,0.6507143303751945,0.5948350429534912,0.5753051787614822,0.5677150078117847,0.6199089288711548,0.6172897964715958,0.615465946495533,0.56191904047976,0.5295877061469265,0.5256846008813776
冰晶款/6819.mp4,冰晶款,bad,0.7066650390625,0.6983261108398438,0.6872026659548283,0.7268938422203064,0.725176140666008,0.7194884121417999,0.6566318869590759,0.6375148892402649,0.625142578035593,0.6938261389732361,0.6908524632453918,0.6875149272382259,0.5016602809706259,0.48213172149557404,0.4605401768927334
冰晶款/6820.mp4,冰晶款,bad,0.740570068359375,0.728179931640625,0.6126924306154251,0.7388741374015808,0.727203369140625,0.719729833304882,0.6195217370986938,0.606260746717453,0.5290325079113245,0.6431130766868591,0.6381490379571915,0.6327512376010418,0.4330334832583708,0.4201500045733102,0.41227907542691966
冰晶款/6946.mp4,冰晶款,bad,0.743133544921875,0.7339248657226562,0.711268424987793,0.75225830078125,0.7410082370042801,0.7201505452394485,0.6985851526260376,0.6868271082639694,0.6660533584654331,0.6950970888137817,0.6921301484107971,0.6692195311188698,0.6631299734748011,0.5547719394271118,0.542797998434049
冰晶款/6950.mp4,冰晶款,bad,0.6842151880264282,0.6654857248067856,0.6561212725937366,0.6834019422531128,0.6723153293132782,0.6648036390542984,0.6639665961265564,0.6384201198816299,0.6290900893509388,0.6652724146842957,0.6541577726602554,0.6456303298473358,0.6518691403146353,0.4778771124977934,0.47158256480177446
冰晶款/7018.mp4,冰晶款,bad,0.5987548828125,0.5853979885578156,0.5776982977986336,0.6148681640625,0.6050938218832016,0.5988976620137691,0.5681859254837036,0.5556591004133224,0.5383630581200123,0.58203125,0.5719442963600159,0.5673561207950115,0.6696812883880641,0.5303404964184575,0.4841744682802174
冰晶款/7068.mp4,冰晶款,bad,0.744354248046875,0.7386932373046875,0.7215366363525391,0.7365025281906128,0.7325766235589981,0.7204442694783211,0.713861346244812,0.6741413474082947,0.6590221077203751,0.7091279625892639,0.6682451963424683,0.6637758351862431,0.882282996432818,0.55,0.5511247336470285
冰晶款/7148.mp4,冰晶款,bad,0.6523166298866272,0.6436157375574112,0.6416490338742733,0.6613944172859192,0.6532941460609436,0.6508374884724617,0.5819390416145325,0.5783541947603226,0.5756137371063232,0.5799309015274048,0.5774222016334534,0.5747045613825321,0.4834260289210234,0.4609705228031145,0.45859346032628845
冰晶款/7471.mp4,冰晶款,bad,0.5728934407234192,0.5426287055015564,0.5304909944534302,0.6079798936843872,0.5814427137374878,0.5708694569766521,0.4686022400856018,0.4491034522652626,0.4439145065844059,0.5000287294387817,0.4883718937635422,0.48183845169842243,0.5053032104637336,0.4838340599815034,0.44837102185534106
冰晶款/7500.mp4,冰晶款,bad,0.726654052734375,0.7148666381835938,0.6995350942015648,0.7529820203781128,0.7427215725183487,0.7343297712504864,0.6108601689338684,0.5843568444252014,0.5700556673109531,0.664191722869873,0.6353315562009811,0.6271157003939152,0.39100893997445724,0.33351301360813845,0.2963868090673487
冰晶款/6133.mp4,冰晶款,bad,0.6243896484375,0.5373382568359375,0.5046503283083439,0.6110142469406128,0.5679669827222824,0.5471006035804749,0.4961809515953064,0.4661771357059479,0.4378952458500862,0.5060783624649048,0.49422410875558853,0.4734077472239733,0.5713656581670851,0.5222794732901748,0.49997193568091314
冰晶款/6409.mp4,冰晶款,bad,0.6838786005973816,0.6187973022460938,0.6118878200650215,0.6788504719734192,0.6232692301273346,0.6177400946617126,0.6693033576011658,0.5715215504169464,0.5704714953899384,0.6546307802200317,0.5845462381839752,0.5816800706088543,1.055206386954306,0.4663291268714919,0.4744769859484245
冰晶款/6749.mp4,冰晶款,bad,0.700531005859375,0.6738179326057434,0.6693180873990059,0.7117484211921692,0.7003871202468872,0.6904067993164062,0.66746985912323,0.6468709856271744,0.6435523107647896,0.6705537438392639,0.66074238717556,0.652235597372055,0.5448684546615582,0.34827969774845613,0.3563139449692121
冰晶款/6999.mp4,冰晶款,bad,0.65777587890625,0.645357757806778,0.6418891474604607,0.6787458062171936,0.6684657633304596,0.6652548648416996,0.616146981716156,0.6050721406936646,0.6021851003170013,0.6458417177200317,0.6332792639732361,0.6294405348598957,0.6404280618311534,0.610133394841041,0.5807980956471366
冰晶款/7317.mp4,冰晶款,bad,0.6047634482383728,0.5930311381816864,0.5817907154560089,0.6258719563484192,0.6215820163488388,0.6179635189473629,0.5653713345527649,0.5538438558578491,0.5451381728053093,0.5894488096237183,0.5858809649944305,0.582223329693079,0.7868939093671554,0.6492456896551724,0.651425153024132
基础款/5669.mp4,基础款,eval_good,0.5660400390625,0.4418090730905533,0.43327145278453827,0.5556291937828064,0.4635358527302742,0.4611663818359375,0.5386393070220947,0.4052276685833931,0.38949446752667427,0.5160235166549683,0.4246305599808693,0.42328060418367386,0.5995256340083926,0.3790759049379739,0.37693961905503226
基础款/5680.mp4,基础款,eval_good,0.5064018964767456,0.451416015625,0.4445693604648113,0.4935477077960968,0.4736458957195282,0.4686628095805645,0.4121207296848297,0.3871285617351532,0.3839522823691368,0.4336332380771637,0.4189973771572113,0.41591823659837246,0.5440860215053763,0.4869757371962888,0.4805915761671239
基础款/5714.mp4,基础款,eval_good,0.5184849500656128,0.5132369995117188,0.5077103227376938,0.5641741156578064,0.5557163655757904,0.5515899695456028,0.4849378764629364,0.47990836948156357,0.4777337871491909,0.5215131044387817,0.5128604620695114,0.5113873183727264,0.4153694581280788,0.3846113315495004,0.3614937949376118
基础款/5766.mp4,基础款,eval_good,0.4862932562828064,0.461456298828125,0.4500716086477041,0.504638671875,0.4942060187458992,0.48646109364926815,0.4417521059513092,0.4188055545091629,0.4089244715869427,0.46375229954719543,0.4589745104312897,0.45207035169005394,0.4873387061258643,0.45649312043485646,0.40451607663706357
基础款/5988.mp4,基础款,eval_good,0.6505805253982544,0.540069580078125,0.5366694144904613,0.6596505045890808,0.6145281046628952,0.5888628289103508,0.5960503220558167,0.480585053563118,0.4814414866268635,0.5850111842155457,0.5433394461870193,0.532308466732502,0.3996685043058408,0.38425296793311065,0.37330905859899005
基础款/6002.mp4,基础款,eval_good,0.6126301884651184,0.6059290617704391,0.5973981209099293,0.6253138780593872,0.616908460855484,0.6129346489906311,0.5768149495124817,0.5640992224216461,0.5512967072427273,0.5966796875,0.5884112119674683,0.5845024958252907,0.9673993412650399,0.5637802686745957,0.5123447915750765
基础款/6023.mp4,基础款,eval_good,0.646148681640625,0.6350555419921875,0.5495929718017578,0.6388288140296936,0.6286751925945282,0.5840748362243176,0.6187037229537964,0.602728083729744,0.5082793962210417,0.591193675994873,0.579065665602684,0.5454559363424778,0.49782886334610477,0.46352547464894517,0.43014391867144924
基础款/6104.mp4,基础款,eval_good,0.5409071445465088,0.5353114008903503,0.5226780585944653,0.5847342610359192,0.5486275553703308,0.5410875603556633,0.525315523147583,0.5102856308221817,0.49783074483275414,0.5401036739349365,0.5209727436304092,0.5085754357278347,0.9214779583388384,0.7845598273660105,0.7036214368098426
基础款/6116.mp4,基础款,eval_good,0.48199462890625,0.4493560791015625,0.4201447628438473,0.4791782796382904,0.4670671746134758,0.45780508778989315,0.38023337721824646,0.3705616444349289,0.35792283341288567,0.43241971731185913,0.41756484657526016,0.4141051359474659,0.3422665325162353,0.3136467575230952,0.30305344917116617
基础款/6141.mp4,基础款,eval_good,0.5829729437828064,0.543666273355484,0.5358257591724396,0.6381138563156128,0.6027614027261734,0.5859701968729496,0.5304019451141357,0.507777601480484,0.4971358794718981,0.5864006280899048,0.5562160760164261,0.5450744591653347,0.8175607287449392,0.7051157060669546,0.6265786869318061
基础款/6157.mp4,基础款,eval_good,0.554534912109375,0.5453016757965088,0.5320998392999172,0.5596749186515808,0.5489981323480606,0.5417959988117218,0.5016392469406128,0.48472970724105835,0.4737493582069874,0.5153700709342957,0.5053387880325317,0.4997069425880909,0.4222151597012554,0.40257770447368085,0.37973511436717683
基础款/6175.mp4,基础款,eval_good,0.46746826171875,0.4337005615234375,0.43150753527879715,0.5136195421218872,0.4781624898314476,0.47121647745370865,0.3935779333114624,0.3821091428399086,0.37289793975651264,0.45291316509246826,0.44160909205675125,0.43617719411849976,0.4142533849871505,0.2735586571793468,0.2582446104136872
基础款/6182.mp4,基础款,eval_good,0.540283203125,0.5303802490234375,0.4996267054229975,0.5787178874015808,0.5724269300699234,0.5644945427775383,0.4903120696544647,0.47402531653642654,0.44681089743971825,0.530280590057373,0.5289647579193115,0.5193548761308193,0.5537135278514589,0.5460212201591512,0.5101943786879874
基础款/6186.mp4,基础款,eval_good,0.6157497763633728,0.595611572265625,0.5824313685297966,0.6449497938156128,0.6287449598312378,0.6142142191529274,0.5838704705238342,0.532202422618866,0.5197229795157909,0.6109762787818909,0.5960872769355774,0.5792597644031048,0.4141226877600626,0.36887729661309504,0.32856963525808336
基础款/6219.mp4,基础款,eval_good,0.4208984375,0.4105987548828125,0.4040243960916996,0.444091796875,0.4372296929359436,0.43300083838403225,0.3719826638698578,0.3667806088924408,0.36076398752629757,0.40644386410713196,0.4041137769818306,0.3999732509255409,0.41123882503192843,0.3729246487867177,0.3477520147971991
基础款/6240.mp4,基础款,eval_good,0.45244139432907104,0.4359374940395355,0.4286865219473839,0.5335518717765808,0.5150102972984314,0.47103663720190525,0.43306639790534973,0.41261231154203415,0.40737914852797985,0.4561803340911865,0.449328251183033,0.4252563938498497,0.6550912778904666,0.597079107505071,0.5430894593271315
基础款/6247.mp4,基础款,eval_good,0.53839111328125,0.5039945393800735,0.48111897706985474,0.5944998860359192,0.5772530734539032,0.550939280539751,0.46066561341285706,0.43386687338352203,0.4265570044517517,0.5379243493080139,0.5312230885028839,0.5058198776096106,0.5610217113665389,0.4008497887808233,0.3851459115817023
基础款/6250.mp4,基础款,eval_good,0.6845703125,0.6479695588350296,0.5466886050999165,0.6801409125328064,0.635498046875,0.5439202431589365,0.6704397201538086,0.6261494755744934,0.5160645730793476,0.6574671268463135,0.6094593852758408,0.5137374009937048,1.080694946644325,0.9591365841580117,0.6370845601514594
基础款/6261.mp4,基础款,eval_good,0.5810198187828064,0.5574417114257812,0.550137385725975,0.6023821234703064,0.5973292887210846,0.5903352983295918,0.5279405117034912,0.4554307386279106,0.4408678114414215,0.575927734375,0.5696851164102554,0.5635088756680489,0.31438058748403575,0.2810197465369879,0.24935188693809385
基础款/6274.mp4,基础款,eval_good,0.5416434407234192,0.5257306843996048,0.4977079164236784,0.567138671875,0.5505937933921814,0.543648861348629,0.5044174194335938,0.4617767259478569,0.4526797588914633,0.5197358727455139,0.5071671307086945,0.4990882817655802,0.4817940680009646,0.31514671235810665,0.31108043991102463
基础款/6279.mp4,基础款,eval_good,0.7125922441482544,0.6947767287492752,0.646007539704442,0.7251151204109192,0.7192775309085846,0.7155151404440403,0.6173983216285706,0.5400251895189285,0.5253449156880379,0.6692073941230774,0.6618248522281647,0.6505340076982975,0.41998231653404067,0.38990188528564507,0.3757713158052616
基础款/6328.mp4,基础款,eval_good,0.648223876953125,0.616992175579071,0.6027092263102531,0.6410086750984192,0.6158730685710907,0.6034872867166996,0.6199802160263062,0.5968676656484604,0.5805303156375885,0.6083589196205139,0.5818400532007217,0.5741489604115486,0.8749154834347532,0.7225230467930335,0.6133325694638332
基础款/6346.mp4,基础款,eval_good,0.536834716796875,0.5154800415039062,0.477142333984375,0.5583147406578064,0.5550668090581894,0.5463987104594707,0.44147512316703796,0.4292085990309715,0.41465697437524796,0.4910242557525635,0.4815817326307297,0.4714348763227463,0.46305418719211816,0.43788858012995946,0.4244474128615032
基础款/6381.mp4,基础款,eval_good,0.673126220703125,0.6635589599609375,0.6507693193852901,0.6851981282234192,0.678484246134758,0.6672875545918941,0.6503232717514038,0.5615957826375961,0.5577623378485441,0.6622637510299683,0.6522216647863388,0.6422879807651043,0.7036716370049703,0.36143000133041747,0.3705951210081957
基础款/6421.mp4,基础款,eval_good,0.5059570074081421,0.48032837361097336,0.4419092442840338,0.4986572265625,0.4913199171423912,0.4804709330201149,0.4774414002895355,0.4441770315170288,0.39112512581050396,0.45903104543685913,0.4456517770886421,0.43708801083266735,0.8159953636627064,0.780434508020715,0.5670246017908952
基础款/6485.mp4,基础款,eval_good,0.709930419921875,0.7042770385742188,0.6904746480286121,0.7179478406906128,0.7092241644859314,0.7055446058511734,0.6589117050170898,0.6412812620401382,0.6254378110170364,0.6805204749107361,0.6779381185770035,0.6709722578525543,0.4550138723741578,0.40869634285210976,0.3752677848531
基础款/6562.mp4,基础款,eval_good,0.519317626953125,0.44828032702207565,0.43161710165441036,0.4967389702796936,0.4680350199341774,0.4539849404245615,0.4010125994682312,0.3783089742064476,0.3690369985997677,0.4210636019706726,0.40760714560747147,0.4017744641751051,0.5243757431629013,0.5160523186682521,0.5024133527106178
基础款/6640.mp4,基础款,eval_good,0.5217633843421936,0.4941319078207016,0.4494808744639158,0.5402657389640808,0.5268031507730484,0.5182309858500957,0.4691162109375,0.45965416729450226,0.39649680629372597,0.4985100328922272,0.48203861713409424,0.4753869008272886,0.4452773613193403,0.3961501392161062,0.34299548095252613
基础款/6653.mp4,基础款,eval_good,0.4335239827632904,0.40750885009765625,0.3958861045539379,0.4905308187007904,0.4589494988322258,0.4512950349599123,0.3953211307525635,0.3621065467596054,0.35005842708051205,0.43275001645088196,0.4161439761519432,0.40590420737862587,0.4217752234993615,0.3906681291970502,0.3617905174978744
基础款/6715.mp4,基础款,eval_good,0.6698331236839294,0.6638017296791077,0.6551154255867004,0.667724609375,0.6613594889640808,0.6544015035033226,0.6517484188079834,0.6432227343320847,0.6323157548904419,0.64898681640625,0.6403234153985977,0.6307514496147633,0.743177194790098,0.7132545258731218,0.6801350033893292
基础款/6734.mp4,基础款,eval_good,0.4923095703125,0.4813995361328125,0.4734339024871588,0.5484793782234192,0.5428466647863388,0.536829274147749,0.4452252984046936,0.4276646226644516,0.40143053606152534,0.5164220333099365,0.5094083696603775,0.5077586397528648,0.3844946492271106,0.34123563218390807,0.3220812689919408
基础款/6737.mp4,基础款,eval_good,0.505523681640625,0.488800048828125,0.4844837188720703,0.4950299859046936,0.4921308308839798,0.4865493793040514,0.44660207629203796,0.4418697878718376,0.4361150022596121,0.45838120579719543,0.45410244911909103,0.45215853303670883,0.430935960591133,0.40573127229488704,0.3873894810599626
基础款/6742.mp4,基础款,eval_good,0.6073947548866272,0.5749172419309616,0.5601528994739056,0.5988594889640808,0.5785391479730606,0.5720803402364254,0.5329090356826782,0.5161668658256531,0.493231950327754,0.536430835723877,0.5237462818622589,0.5201003178954124,0.3995243757431629,0.3722359058565955,0.3149359337475063
基础款/6743.mp4,基础款,eval_good,0.589447021484375,0.5612665861845016,0.5365831274539232,0.6150251030921936,0.5872933566570282,0.5732443705201149,0.505435049533844,0.48424043506383896,0.46637006662786007,0.5761970281600952,0.5443294793367386,0.5313686970621347,0.6479849405322153,0.5880096659123164,0.5511669496451751
基础款/6783.mp4,基础款,eval_good,0.64080810546875,0.635498046875,0.6023597717285156,0.6238839030265808,0.611175537109375,0.5941652581095695,0.6165064573287964,0.60320083796978,0.5707627274096012,0.5726569890975952,0.5702002793550491,0.5553303882479668,1.0101044672791057,0.9237194025848086,0.740458759135162
基础款/6788.mp4,基础款,eval_good,0.644012451171875,0.613552525639534,0.5952464193105698,0.6460658311843872,0.6268397867679596,0.6159046739339828,0.567126452922821,0.5107859224081039,0.4874717276543379,0.6035946011543274,0.5905357748270035,0.5738879926502705,0.4262725779967159,0.3971975309668532,0.36927291064135326
基础款/6792.mp4,基础款,eval_good,0.606781005859375,0.5524215698242188,0.5400902982801199,0.6329171061515808,0.564745232462883,0.5531496331095695,0.5910400152206421,0.5189497917890549,0.48657521419227123,0.6080465912818909,0.5351239442825317,0.5168616287410259,0.901084834338897,0.5347422270392237,0.500804023535385
基础款/6794.mp4,基础款,eval_good,0.532867431640625,0.5245208740234375,0.5146266408264637,0.5697544813156128,0.5473109781742096,0.5425600335001945,0.4769693911075592,0.47343678772449493,0.4625313077121973,0.5057337284088135,0.49517372995615005,0.49352264776825905,0.5649867374005306,0.5386627116549252,0.5233256554120913
基础款/6798.mp4,基础款,eval_good,0.6172959804534912,0.6088663935661316,0.5987150445580482,0.6046839952468872,0.5961608737707138,0.5840693898499012,0.5605968236923218,0.554361030459404,0.5390405282378197,0.53912353515625,0.534736156463623,0.5203004702925682,0.5864447086801428,0.5647358586716494,0.5494143882045549
基础款/6817.mp4,基础款,eval_good,0.5730329155921936,0.5586068481206894,0.540008457377553,0.5677838921546936,0.5547005981206894,0.5497316606342793,0.5543280839920044,0.5297316759824753,0.46705378219485283,0.5394718050956726,0.5228172689676285,0.5150420218706131,0.512512315270936,0.4091909983705465,0.33606080545549927
基础款/6839.mp4,基础款,eval_good,0.4805036187171936,0.4641810804605484,0.4512285478413105,0.5723702311515808,0.5566449761390686,0.5524771474301815,0.40386778116226196,0.3807593509554863,0.3738963380455971,0.5190573334693909,0.5124960541725159,0.5071933977305889,0.4174712643678161,0.39139573070607553,0.3778535975518734
基础款/6844.mp4,基础款,eval_good,0.5736083984375,0.5496194213628769,0.5332652498036623,0.5697021484375,0.5499572604894638,0.5447529405355453,0.5426374077796936,0.5212024301290512,0.49829433485865593,0.5434426665306091,0.5246196091175079,0.5182596128433943,0.45193451019848163,0.4354090811736988,0.416073139486002
基础款/6854.mp4,基础款,eval_good,0.48974609375,0.47754233330488205,0.4609591457992792,0.6154436469078064,0.604784294962883,0.5961892269551754,0.4350857138633728,0.4206356480717659,0.3999478593468666,0.5617244839668274,0.54986572265625,0.5387346558272839,0.527911877394636,0.5171938168846612,0.42149064488875726
基础款/6873.mp4,基础款,eval_good,0.5644879937171936,0.5509541779756546,0.5430948138237,0.6075788140296936,0.5860072672367096,0.5755953155457973,0.5197679996490479,0.48670798540115356,0.4829325173050165,0.5624784827232361,0.54616679251194,0.5372839458286762,0.3382594417077176,0.31996404395204997,0.29839300832764226
基础款/6891.mp4,基础款,eval_good,0.4979248046875,0.4811401441693306,0.4626444876194,0.5155203938484192,0.508544921875,0.5052664689719677,0.4477945864200592,0.4317867383360863,0.4128217678517103,0.4631527066230774,0.4573068171739578,0.4537645224481821,0.41954022988505746,0.3792538254682183,0.3471309617936763
基础款/6897.mp4,基础款,eval_good,0.4471571147441864,0.43743896484375,0.42937554232776165,0.4913155734539032,0.4747663289308548,0.4708709716796875,0.40249398350715637,0.3903283625841141,0.3805249687284231,0.4424187242984772,0.43442489951848984,0.43243452720344067,0.4911630206402175,0.4536985539488321,0.4349099071753074
基础款/6909.mp4,基础款,eval_good,0.523040771484375,0.4845513105392456,0.47403208166360855,0.5958426594734192,0.5561305433511734,0.5348336324095726,0.4782375693321228,0.44179717451334,0.43748248741030693,0.525146484375,0.4921273738145828,0.48388245701789856,0.8290166028097061,0.5070428976493185,0.48009946723483193
基础款/6911.mp4,基础款,eval_good,0.5452880859375,0.5176162570714951,0.5009339340031147,0.5668421983718872,0.5598013699054718,0.5515191182494164,0.5216510891914368,0.44598622620105743,0.4402147065848112,0.538017749786377,0.5326457321643829,0.5228044837713242,0.3216811796122141,0.2777777777777778,0.26180546190058673
基础款/6923.mp4,基础款,eval_good,0.600189208984375,0.5258407592773438,0.5198828391730785,0.6392298936843872,0.5876987874507904,0.581780556589365,0.5767357349395752,0.47652484476566315,0.47220288030803204,0.6090195775032043,0.5458526462316513,0.5406622104346752,0.5279429250891795,0.39821200510855687,0.3816493397825146
基础款/6933.mp4,基础款,eval_good,0.615020751953125,0.6077619194984436,0.5905144065618515,0.6196463704109192,0.6107439249753952,0.6018545925617218,0.5830485224723816,0.572853684425354,0.5510419979691505,0.5987764000892639,0.5879202485084534,0.5757533833384514,0.43642929493107846,0.4005231866825208,0.38049554760187765
基础款/6940.mp4,基础款,eval_good,0.558380126953125,0.5368379801511765,0.517205374315381,0.5869837999343872,0.5671386569738388,0.5559474341571331,0.49159643054008484,0.47577299922704697,0.4583450462669134,0.5329410433769226,0.5208569914102554,0.5145607050508261,0.5855223752887824,0.5514975487166811,0.5349625137458842
基础款/6954.mp4,基础款,eval_good,0.4998372495174408,0.4942830353975296,0.4848819337785244,0.5571463704109192,0.5512869507074356,0.5469436645507812,0.4550144374370575,0.4469272866845131,0.43654300458729267,0.503410816192627,0.5005672723054886,0.4976005591452122,0.3561236623067776,0.32752155172413794,0.31825065307975553
基础款/6980.mp4,基础款,eval_good,0.477630615234375,0.4669952392578125,0.4630213864147663,0.5361851453781128,0.5211399495601654,0.512748721987009,0.4255848824977875,0.41923508793115616,0.41238289698958397,0.5010124444961548,0.47674740850925446,0.47166779451072216,0.34244946492271106,0.3382850985221675,0.31999220845755283
基础款/6989.mp4,基础款,eval_good,0.4891183078289032,0.452462337911129,0.4473724365234375,0.5111956000328064,0.5027640014886856,0.4991782046854496,0.4232448935508728,0.4047074690461159,0.3982956390827894,0.46955421566963196,0.46081721782684326,0.45745804347097874,0.29856500321267937,0.287038299032302,0.27775785402753167
基础款/6996.mp4,基础款,eval_good,0.4795464277267456,0.4611951932311058,0.4582322407513857,0.5008544921875,0.4968741163611412,0.4919335450977087,0.4296875,0.41985806822776794,0.41790136508643627,0.4672815799713135,0.4639282301068306,0.46050554141402245,0.38157623697112014,0.36900789236718046,0.3579340396057247
基础款/7000.mp4,基础款,eval_good,0.555450439453125,0.5396957397460938,0.4862861633300781,0.5421491265296936,0.5299726128578186,0.503072464838624,0.49807068705558777,0.4773872122168541,0.42158582620322704,0.4845796525478363,0.47537141293287277,0.4567312393337488,0.3984674329501916,0.36806853141573714,0.3376713285393428
基础款/7038.mp4,基础款,eval_good,0.560089111328125,0.5456314086914062,0.5383017994463444,0.5889717936515808,0.5747985988855362,0.5618896484375,0.5098720192909241,0.503455862402916,0.4907454438507557,0.5367862582206726,0.5285249799489975,0.5249959193170071,0.4347052280311457,0.3645997273798998,0.3364271954913538
基础款/7070.mp4,基础款,eval_good,0.53375244140625,0.4151390939950943,0.411418491974473,0.5218680500984192,0.464647576212883,0.45912824384868145,0.40126439929008484,0.3399571031332016,0.33615167811512947,0.4428279995918274,0.4143946096301079,0.4086204953491688,0.35269476372924646,0.31706610296384374,0.29907180375224374
基础款/7085.mp4,基础款,eval_good,0.4849717915058136,0.4683193638920784,0.46082983911037445,0.5249895453453064,0.4973013699054718,0.49223218485713005,0.4285111725330353,0.4142664223909378,0.4127342477440834,0.47403132915496826,0.46335916221141815,0.4588216934353113,0.5091727535247155,0.45284802043422734,0.4283810740100056
基础款/7092.mp4,基础款,eval_good,0.5878635048866272,0.5706312358379364,0.5504890289157629,0.6033412218093872,0.587493896484375,0.582603458315134,0.5394287109375,0.5244507938623428,0.5038134045898914,0.565185546875,0.5578568279743195,0.5523129589855671,0.5271819262782402,0.47051129607609987,0.4236722501171506
基础款/7095.mp4,基础款,eval_good,0.608154296875,0.5890056043863297,0.5869729183614254,0.5962611436843872,0.5830034464597702,0.5783963911235332,0.5700334906578064,0.5636956691741943,0.5536656193435192,0.5518044829368591,0.5471712052822113,0.5361967589706182,0.481576354679803,0.44530490912179377,0.43671499851139106
基础款/7159.mp4,基础款,eval_good,0.46185302734375,0.4292275533080101,0.42679704912006855,0.4808175265789032,0.4757603257894516,0.466928755864501,0.4040294885635376,0.3832140415906906,0.37631204910576344,0.4439733028411865,0.43871261924505234,0.43604525551199913,0.31611749680715195,0.29957422845353876,0.27092119926468916
基础款/7162.mp4,基础款,eval_good,0.535430908203125,0.5159530639648438,0.48684798553586006,0.5590645670890808,0.5300510823726654,0.5090931449085474,0.45761969685554504,0.4456896632909775,0.43266854621469975,0.5075970888137817,0.48674190789461136,0.47406656853854656,0.4973876698014629,0.4665132976033977,0.34870658931914733
基础款/7171.mp4,基础款,eval_good,0.48382568359375,0.45919036865234375,0.4472503662109375,0.5268206000328064,0.5223868191242218,0.5142429918050766,0.43571776151657104,0.391860231757164,0.3868914656341076,0.47537052631378174,0.4734102189540863,0.4664400890469551,0.412801603976984,0.3620689655172414,0.3447931420418411
基础款/7202.mp4,基础款,eval_good,0.5313720703125,0.4567718505859375,0.4570980630815029,0.5742362141609192,0.5628618746995926,0.543713167309761,0.47210371494293213,0.39588847756385803,0.39319842495024204,0.5336447358131409,0.5236591994762421,0.5027968473732471,0.5473453749315818,0.31196318049766325,0.32148584704900296
基础款/7230.mp4,基础款,eval_good,0.495697021484375,0.4730224609375,0.4499394576996565,0.4965645968914032,0.4868033230304718,0.47720446065068245,0.4398975968360901,0.4227720946073532,0.4027703460305929,0.46015840768814087,0.45326413214206696,0.4447301961481571,0.5172413793103449,0.47909081173698864,0.4199442685555879
基础款/7287.mp4,基础款,eval_good,0.50262451171875,0.48577117919921875,0.4769357964396477,0.5213623046875,0.4986833781003952,0.4933973029255867,0.4684745669364929,0.45530348271131516,0.43923806957900524,0.4766845703125,0.46553847193717957,0.45727180130779743,0.5213370326331087,0.4616858237547893,0.4066272496672383
基础款/7296.mp4,基础款,eval_good,0.5213623046875,0.4824676513671875,0.4693183898925781,0.5482875108718872,0.511871337890625,0.5037144292145967,0.4648611843585968,0.41376983374357224,0.4020402878522873,0.49024155735969543,0.47890157997608185,0.4668799042701721,0.48416787774695025,0.4542808314048389,0.4353653910901427
基础款/7360.mp4,基础款,eval_good,0.5668538212776184,0.5136382877826691,0.5086819939315319,0.5992431640625,0.549146369099617,0.5399671271443367,0.5222575068473816,0.479926697909832,0.47227106988430023,0.5525979399681091,0.5133299082517624,0.5093758590519428,0.7947454844006568,0.5007502406432252,0.4223607244952413
基础款/7437.mp4,基础款,eval_good,0.4947509765625,0.4853973388671875,0.47146288491785526,0.5429338812828064,0.5270516723394394,0.5229317788034678,0.42854389548301697,0.4210774600505829,0.41624958254396915,0.49400418996810913,0.4827970489859581,0.4782088752835989,0.5494505494505495,0.5216107053205745,0.48679959633883535
基础款/7541.mp4,基础款,eval_good,0.5715874433517456,0.46882544457912445,0.45709773153066635,0.5669991374015808,0.5245928317308426,0.5202854685485363,0.5388921499252319,0.40726471692323685,0.4029861055314541,0.528984546661377,0.46934419870376587,0.46397153101861477,0.7085650723025583,0.4054477196885429,0.3902618089396802
基础款/7558.mp4,基础款,eval_good,0.6011962890625,0.5754776000976562,0.5563106536865234,0.5911167860031128,0.56793212890625,0.5609065517783165,0.559076189994812,0.5310778319835663,0.49976812303066254,0.556396484375,0.5360457301139832,0.5281787216663361,0.40715197956577265,0.3734971594662439,0.32811247632888535
基础款/5686.mp4,基础款,eval_good,0.599456787109375,0.5665512084960938,0.5512376502156258,0.6139788031578064,0.5982535481452942,0.5795544199645519,0.5408935546875,0.5227361172437668,0.5143729094415903,0.5756656527519226,0.5553265959024429,0.5470548570156097,0.5279429250891796,0.5013211784912142,0.48331950753918645
基础款/6033.mp4,基础款,eval_good,0.48291015625,0.4657745361328125,0.4584808349609375,0.5359758734703064,0.4803859144449234,0.4752709548920393,0.4370349645614624,0.4258509948849678,0.4105400089174509,0.4592320919036865,0.43522194027900696,0.4333588071167469,0.39334126040428063,0.3626189167188746,0.34793629230637785
基础款/6180.mp4,基础款,eval_good,0.548675537109375,0.5224227905273438,0.5064468383789062,0.5655517578125,0.5583365559577942,0.554348535835743,0.4708283245563507,0.450234018266201,0.43887094035744667,0.5364954471588135,0.5323396474123001,0.5268781334161758,0.4959229786815994,0.4563469993114042,0.44296206317062825
基础款/6415.mp4,基础款,eval_good,0.4784807562828064,0.4710235595703125,0.4634119067341089,0.5045689344406128,0.4935738667845726,0.487527035176754,0.4355340301990509,0.42996253818273544,0.4158616978675127,0.46548640727996826,0.45585542172193527,0.45277763716876507,0.4681697612732096,0.4560153256704981,0.43161696085065804
基础款/6451.mp4,基础款,eval_good,0.597076416015625,0.5752868801355362,0.5366458874195814,0.5988944172859192,0.580827996134758,0.5662830881774426,0.5676385760307312,0.5185599625110626,0.4941217917948961,0.5558004975318909,0.5426689684391022,0.5279895551502705,0.514398714621184,0.453863625155482,0.41092823661305933
基础款/6704.mp4,基础款,eval_good,0.5654296875,0.532318115234375,0.5260505676269531,0.5566057562828064,0.5411376804113388,0.5368641465902328,0.5032238960266113,0.4813153073191643,0.4738998971879482,0.5219475030899048,0.5150128304958344,0.50866967625916,0.3923701231821365,0.3694763729246488,0.3289517984533519
基础款/6740.mp4,基础款,eval_good,0.65362548828125,0.6144816130399704,0.5951294712722301,0.6329171061515808,0.6008126139640808,0.590558722615242,0.6279168128967285,0.5592183321714401,0.5539642944931984,0.6042767763137817,0.5599508881568909,0.5549960471689701,1.0439395686772,0.6690328414466346,0.5714896549281303
基础款/6747.mp4,基础款,eval_good,0.5176478624343872,0.46807098388671875,0.4618768226355314,0.5150321125984192,0.471121646463871,0.4703935906291008,0.4448513388633728,0.42869997024536133,0.4173500891774893,0.4643123745918274,0.44841093569993973,0.43958237394690514,0.4342273307790549,0.36727528955828603,0.34548911930265974
基础款/6791.mp4,基础款,eval_good,0.5289306640625,0.4642486572265625,0.45771132595837116,0.6126883625984192,0.572261244058609,0.5320510882884264,0.4766845703125,0.4269350990653038,0.41757815703749657,0.5476720333099365,0.508497342467308,0.4831538461148739,0.40190249702734837,0.3467432950191571,0.3246444486517688
基础款/6867.mp4,基础款,eval_good,0.6815185546875,0.5482406616210938,0.5347930062562227,0.6945975422859192,0.5624215304851532,0.5543986782431602,0.5425282120704651,0.4929845780134201,0.4813330937176943,0.6684606075286865,0.5157928615808487,0.5155796688050032,0.4355044699872286,0.3977046175188268,0.38977145187047557
基础款/6876.mp4,基础款,eval_good,0.576629638671875,0.5604771077632904,0.5502767972648144,0.5900355577468872,0.5680367797613144,0.5615997277200222,0.535220205783844,0.5205092430114746,0.5053414050489664,0.5613762140274048,0.5382645726203918,0.5308539420366287,0.9062866979822781,0.7643993937097385,0.5587113322700479
基础款/6893.mp4,基础款,eval_good,0.69189453125,0.6840384304523468,0.661950521171093,0.7143380045890808,0.7080121487379074,0.6845408789813519,0.6182892918586731,0.5849253386259079,0.5641405619680882,0.6925300359725952,0.6852740198373795,0.660130899399519,0.39770114942528734,0.3512722948870392,0.32861741307861997
基础款/6937.mp4,基础款,eval_good,0.66729736328125,0.6385345458984375,0.6340274810791016,0.6733223795890808,0.6482761949300766,0.6452375128865242,0.646653413772583,0.6149154454469681,0.6086724139750004,0.6580954194068909,0.6294887810945511,0.6254792995750904,0.4329766151407055,0.3822941207007795,0.3521694129700471
基础款/7020.mp4,基础款,eval_good,0.573822021484375,0.5515060424804688,0.5472145080566406,0.5590471625328064,0.5413905531167984,0.536750789731741,0.4980875551700592,0.4783238098025322,0.47345286421477795,0.48139864206314087,0.46441471576690674,0.46098664589226246,0.3476303720061152,0.2958338838243713,0.2943832377051759
基础款/7384.mp4,基础款,eval_good,0.597320556640625,0.5335769653320312,0.497375275939703,0.5903843641281128,0.547581285238266,0.544400904327631,0.5683768391609192,0.4841204360127449,0.4445446189492941,0.56134033203125,0.5072129219770432,0.507132587954402,0.6634958382877527,0.45827649362132117,0.44746977320253184
基础款/5612.mp4,基础款,bad,0.525360107421875,0.5169754028320312,0.4983713962137699,0.5411551594734192,0.5213318020105362,0.5085220355540514,0.49543020129203796,0.4718471094965935,0.4598682075738907,0.5124726891517639,0.48318032920360565,0.476031132042408,0.5959131545338441,0.5461822660098522,0.511686391184013
基础款/5625.mp4,基础款,bad,0.608306884765625,0.6062164306640625,0.6045703887939453,0.6060965657234192,0.602826789021492,0.6007712222635746,0.5902819633483887,0.587410181760788,0.5862700641155243,0.5806453824043274,0.5775272101163864,0.5757939890027046,1.1235828810912236,1.0517241379310345,1.038791245440126
基础款/5634.mp4,基础款,bad,0.61187744140625,0.5923538208007812,0.56768798828125,0.6164899468421936,0.6055646687746048,0.5925271213054657,0.5425734519958496,0.5215236991643906,0.5034738499671221,0.5617244839668274,0.5539631396532059,0.5457083769142628,0.34139252212973975,0.32706830492799577,0.3130837934626627
基础款/5636.mp4,基础款,bad,0.5015190839767456,0.49062347412109375,0.4796195551753044,0.5101493000984192,0.5042026937007904,0.49823433719575405,0.4392533600330353,0.43291449546813965,0.4271580409258604,0.4720674455165863,0.4672645032405853,0.4621680788695812,0.45221674876847295,0.43520935960591134,0.42130478172243924
基础款/5641.mp4,基础款,bad,0.62786865234375,0.5908432006835938,0.5735454559326172,0.6241455078125,0.6138218492269516,0.5966186597943306,0.5600466728210449,0.5267044901847839,0.5218168701976538,0.5898545384407043,0.5772130489349365,0.5626736879348755,0.49033337737261634,0.4698991500418373,0.4498728632068838
基础款/5650.mp4,基础款,bad,0.5069172978401184,0.481825090944767,0.4752710126340389,0.5572335124015808,0.5410025268793106,0.5242265909910202,0.44301214814186096,0.43162795901298523,0.4266383945941925,0.5149105191230774,0.49551212787628174,0.4821954630315304,0.38050508795781324,0.3537418252080856,0.3392394636119105
基础款/5652.mp4,基础款,bad,0.469696044921875,0.4534454345703125,0.4484081268310547,0.5320347547531128,0.5278756320476532,0.5191192645579576,0.410615473985672,0.38580322265625,0.3772532790899277,0.48265883326530457,0.46789639443159103,0.4666869230568409,0.42950569050450144,0.36185989990984047,0.35104647136454503
基础款/5670.mp4,基础款,bad,0.6439208984375,0.6392364501953125,0.6299495697021484,0.6940569281578064,0.6851414293050766,0.679621022194624,0.5881285071372986,0.5731748789548874,0.5691696591675282,0.6486960053443909,0.642633780837059,0.6384872011840343,0.4408684546615581,0.430827154965086,0.4059542285105411
基础款/5698.mp4,基础款,bad,0.5987684726715088,0.5812310129404068,0.5657975934445858,0.5942034125328064,0.5866176038980484,0.581607274711132,0.5390570759773254,0.5223877131938934,0.5140768047422171,0.5569888949394226,0.5497786551713943,0.5462960712611675,1.0164456233421753,0.452936212650071,0.4648512917833236
基础款/5704.mp4,基础款,bad,0.51983642578125,0.49854278564453125,0.4846153259277344,0.5628836750984192,0.5324619710445404,0.5243922621011734,0.4659455120563507,0.45797136425971985,0.44446638226509094,0.5169929265975952,0.48886197805404663,0.481089873239398,0.4240102171136654,0.3900118906064209,0.37392509999813134
基础款/5707.mp4,基础款,bad,0.575225830078125,0.5678972452878952,0.5593166351318359,0.6264997124671936,0.6186043918132782,0.6027341559529305,0.5315755009651184,0.5214490592479706,0.5088626835495234,0.568962574005127,0.5630179047584534,0.5551544688642025,0.39335887611749676,0.3674556134841509,0.33604888233381097
基础款/5719.mp4,基础款,bad,0.506256103515625,0.48102569580078125,0.47153472900390625,0.5235595703125,0.507232666015625,0.5026637483388186,0.440737783908844,0.4258277490735054,0.41590467281639576,0.47779396176338196,0.4714561849832535,0.4684113934636116,0.3550446998722861,0.30243096842383405,0.28663376303090926
基础款/5739.mp4,基础款,bad,0.494049072265625,0.4854997992515564,0.4761651959270239,0.5110735297203064,0.5043160766363144,0.49644361808896065,0.4307725727558136,0.4253147765994072,0.41828066669404507,0.47404569387435913,0.464757576584816,0.45859819278120995,0.39335887611749676,0.3689891546162403,0.35798214446802673
基础款/5746.mp4,基础款,bad,0.60986328125,0.5910797119140625,0.5813783928751945,0.6026611328125,0.5943298190832138,0.5790470689535141,0.5816994905471802,0.5575295388698578,0.5484621375799179,0.5655050873756409,0.5509123057126999,0.5392164327204227,0.6406731274885433,0.5983872552281896,0.5427061248596523
基础款/5753.mp4,基础款,bad,0.45306396484375,0.4386901780962944,0.43136087991297245,0.4771902859210968,0.4662562683224678,0.4632873497903347,0.3992830514907837,0.39292874187231064,0.3737789187580347,0.44137752056121826,0.4390474259853363,0.4365364480763674,0.4792390011890606,0.40578817733990147,0.3631953795506849
基础款/5759.mp4,基础款,bad,0.60968017578125,0.59454345703125,0.5851398073136806,0.6410871148109436,0.6244768351316452,0.6173553429543972,0.5409435033798218,0.5324532836675644,0.5235563665628433,0.5846683382987976,0.5701882094144821,0.5668882541358471,0.43842364532019706,0.4286181416680822,0.4011991110356152
基础款/5763.mp4,基础款,bad,0.50628662109375,0.4772193431854248,0.47258240977923077,0.5971505045890808,0.5757271945476532,0.5443045437335968,0.4308115541934967,0.41512519121170044,0.41158380508422854,0.47571519017219543,0.4681216925382614,0.455380908648173,0.5879623824451411,0.3315510198332206,0.3228407305208539
基础款/5782.mp4,基础款,bad,0.552886962890625,0.5351426750421524,0.5148209054023027,0.5584542155265808,0.5492161214351654,0.5343518909066916,0.5190992951393127,0.48212780803442,0.47114235907793045,0.5301046967506409,0.5166850388050079,0.5025558490306139,0.9763546798029556,0.9130977643046609,0.6480117247560362
基础款/5787.mp4,基础款,bad,0.542724609375,0.5248180329799652,0.5151409581303596,0.6044921875,0.5952279269695282,0.5869576521217823,0.4970594644546509,0.46968456357717514,0.45387491025030613,0.5729190707206726,0.5645635277032852,0.5565147399902344,0.4890282131661442,0.4338222597818123,0.4260754815873482
基础款/5789.mp4,基础款,bad,0.7059326171875,0.6936798095703125,0.6848273798823357,0.6995849609375,0.6853376030921936,0.6800864078104496,0.6717560887336731,0.6580889672040939,0.6502096019685268,0.6593053340911865,0.6463883221149445,0.6399219706654549,0.6641123882503193,0.533239907140026,0.4825495545944033
基础款/5798.mp4,基础款,bad,0.5316162109375,0.4761199951171875,0.4703625272959471,0.5374581217765808,0.498508982360363,0.48743438348174095,0.48551860451698303,0.4366679862141609,0.4261849373579025,0.4961763322353363,0.4609195366501808,0.44904282689094543,0.44454268592199625,0.41114058355437666,0.3987998787225898
基础款/5802.mp4,基础款,bad,0.496612548828125,0.48331908881664276,0.46921239607036114,0.6000627875328064,0.5679975003004074,0.5447834599763155,0.4531809389591217,0.44112595170736313,0.4269043914973736,0.54852294921875,0.5257819592952728,0.5088709611445665,0.5878489326765188,0.37645245559038665,0.3692492190731218
基础款/5822.mp4,基础款,bad,0.578857421875,0.5726470947265625,0.5688838958740234,0.5744803547859192,0.5673523098230362,0.5646623894572258,0.5379920601844788,0.534326821565628,0.5311149396002293,0.5233908295631409,0.5199593901634216,0.5184252038598061,0.5246305418719212,0.4782886334610472,0.45400668550192924
基础款/5843.mp4,基础款,bad,0.4595811665058136,0.446626216173172,0.44039565697312355,0.48193359375,0.4732404500246048,0.4603707455098629,0.4145372211933136,0.4040391817688942,0.39705585688352585,0.42774873971939087,0.4184211194515228,0.414132509380579,0.46206896551724136,0.43593511126210294,0.4023335227385465
基础款/5867.mp4,基础款,bad,0.57550048828125,0.5521240234375,0.5318781528621912,0.5985804796218872,0.5826983004808426,0.5763582549989223,0.5008021593093872,0.4843473434448242,0.4693906996399164,0.5425235629081726,0.5338744968175888,0.5278443805873394,0.4160919540229885,0.4022280731555405,0.3829923246504826
基础款/5887.mp4,基础款,bad,0.5717502236366272,0.5498424619436264,0.539739727973938,0.5872105360031128,0.5696847289800644,0.5663855485618114,0.52698814868927,0.5117706209421158,0.4995453879237175,0.5524184107780457,0.5376658737659454,0.5336985923349857,0.7924500907441017,0.7739019963702359,0.6339546524318816
基础款/5894.mp4,基础款,bad,0.5618896484375,0.5404205322265625,0.5224680211395025,0.5501534342765808,0.5383257120847702,0.5268630925565958,0.4587464928627014,0.4454251751303673,0.43784804828464985,0.4904390275478363,0.47820866107940674,0.4745837952941656,0.4366502463054187,0.40425410950438756,0.3886411610723586
基础款/5903.mp4,基础款,bad,0.48466795682907104,0.47443847358226776,0.464213564991951,0.4856131374835968,0.4796491265296936,0.4711129330098629,0.4090811014175415,0.3962043225765228,0.3895275257527828,0.4234224259853363,0.4178502634167671,0.4147944748401642,0.378257176830304,0.35822518543683823,0.34905398762755196
基础款/5916.mp4,基础款,bad,0.547882080078125,0.4973551481962204,0.4899374656379223,0.5472586750984192,0.527814581990242,0.515781944617629,0.525803804397583,0.47029859572649,0.45171855948865414,0.525092601776123,0.4944188818335533,0.482423672452569,0.656339522546419,0.4949108204518431,0.4871344655079116
基础款/5927.mp4,基础款,bad,0.645556628704071,0.6310790926218033,0.6178171783685684,0.6368931531906128,0.623338982462883,0.6099995225667953,0.6264299750328064,0.6155979037284851,0.5944246016442776,0.6107034087181091,0.6016459912061691,0.5830657072365284,0.894736842105263,0.8143276966806379,0.6601530623583776
基础款/5943.mp4,基础款,bad,0.409423828125,0.4021538645029068,0.39510904625058174,0.4548775851726532,0.4453299418091774,0.4329359866678715,0.3607584536075592,0.35524848848581314,0.35158809646964073,0.3959314823150635,0.39228954911231995,0.3889152258634567,0.4223394768133175,0.3957944680203128,0.3741455703083925
基础款/5964.mp4,基础款,bad,0.4740513265132904,0.4678955003619194,0.45526476949453354,0.5417829155921936,0.4977242574095726,0.4960981123149395,0.4401337504386902,0.4306899532675743,0.4197971411049366,0.5024018883705139,0.4664522036910057,0.46630275435745716,0.48875562218890556,0.43913043478260866,0.42024251763007386
基础款/5972.mp4,基础款,bad,0.5750907063484192,0.5479213297367096,0.5360682383179665,0.5648018717765808,0.562975212931633,0.5604389682412148,0.5146291851997375,0.4699249267578125,0.46886394172906876,0.5092414617538452,0.5072685927152634,0.5047526638954878,0.5508245877061468,0.5232883558220889,0.5041089439919058
基础款/5977.mp4,基础款,bad,0.57666015625,0.5722481906414032,0.5659942589700222,0.5945696234703064,0.590576171875,0.5891821682453156,0.5365513563156128,0.5319546759128571,0.5274074450135231,0.5704991817474365,0.5662581324577332,0.5646508149802685,0.46045977011494255,0.43656056587091074,0.42545928958597623
基础款/5986.mp4,基础款,bad,0.6743408441543579,0.6606552302837372,0.6350939869880676,0.6744559407234192,0.659489244222641,0.6457955539226532,0.6266146302223206,0.6068516820669174,0.5297762583941221,0.6197150945663452,0.5944438427686691,0.5653507076203823,0.5591133004926109,0.4320622119930978,0.41115055768415226
基础款/6022.mp4,基础款,bad,0.565014660358429,0.5632751435041428,0.5603927709162235,0.5661446452140808,0.5612749606370926,0.5604564137756824,0.5283053517341614,0.5264170318841934,0.5249749012291431,0.5274837613105774,0.5257523208856583,0.5247647874057293,0.45043948613928325,0.4432724814063556,0.431026031102096
基础款/6031.mp4,基础款,bad,0.59063720703125,0.5799789428710938,0.5780830383300781,0.5714808702468872,0.5675441324710846,0.5641719289124012,0.5386512875556946,0.533280536532402,0.5304352939128876,0.5276704430580139,0.525823250412941,0.5235218666493893,0.5279429250891795,0.5108358655921081,0.49531147085397975
基础款/6040.mp4,基础款,bad,0.526092529296875,0.512176513671875,0.504381449893117,0.5653773546218872,0.557909294962883,0.5525272898375988,0.4900277853012085,0.4759029746055603,0.472696490585804,0.5265646576881409,0.5208040028810501,0.5158621836453676,0.4468965517241379,0.42874355925485536,0.39206048221812867
基础款/6045.mp4,基础款,bad,0.5616455078125,0.5430374145507812,0.506060192361474,0.5931221842765808,0.547838494181633,0.5287377499043941,0.5357537269592285,0.4799470528960228,0.4516312424093485,0.5440530180931091,0.5134654194116592,0.48500061221420765,0.7644359638362637,0.55327520147972,0.48039852569637875
基础款/6072.mp4,基础款,bad,0.66064453125,0.6545227020978928,0.6252774484455585,0.6513497233390808,0.6447405070066452,0.6196855716407299,0.6450477242469788,0.6373205631971359,0.6074778735637665,0.62939453125,0.6242675930261612,0.5983680374920368,0.9772426879539358,0.9448522326118526,0.7545365905302412
基础款/6114.mp4,基础款,bad,0.45794677734375,0.4422607421875,0.43342335894703865,0.4737897515296936,0.4623064324259758,0.4598628431558609,0.4006410241127014,0.38683899492025375,0.3776470609009266,0.43317368626594543,0.4203275740146637,0.41597792506217957,0.5563218390804598,0.5110083084221015,0.4828635829973523
基础款/6124.mp4,基础款,bad,0.41033935546875,0.3855641707777977,0.38407389260828495,0.4530552327632904,0.440420962870121,0.42998395673930645,0.342041015625,0.329047791659832,0.32785714417696,0.3982364535331726,0.3874332159757614,0.38371097669005394,0.35172413793103446,0.3257629805786762,0.3092132146160089
基础款/6147.mp4,基础款,bad,0.5301649570465088,0.5266791582107544,0.523825541138649,0.5411551594734192,0.5385872721672058,0.5362690463662148,0.5023692846298218,0.4955210015177727,0.49389433674514294,0.5081068873405457,0.5041055232286453,0.5029842127114534,0.40783410138248843,0.40695600475624255,0.39457804656307666
基础款/6156.mp4,基础款,bad,0.483367919921875,0.4734649658203125,0.4684772491455078,0.4917166531085968,0.4853297546505928,0.48249489441514015,0.4375876486301422,0.43184252083301544,0.42962577007710934,0.45728614926338196,0.4510704427957535,0.44992850720882416,0.6258862905711895,0.5962918923679922,0.5788920502802786
基础款/6172.mp4,基础款,bad,0.6071506142616272,0.592380091547966,0.5825517438352108,0.6094796061515808,0.6067243218421936,0.6002513244748116,0.576507568359375,0.5676527172327042,0.5553877502679825,0.587700366973877,0.58303202688694,0.5780390612781048,0.848374855634384,0.7182035548641719,0.5767645015282288
基础款/6176.mp4,基础款,bad,0.5041232705116272,0.4967990517616272,0.4919336121529341,0.4954310953617096,0.488861083984375,0.48522731475532055,0.46723634004592896,0.4601128473877907,0.45594231598079205,0.45623779296875,0.44908950477838516,0.44352452643215656,0.49507389162561577,0.4237415774871185,0.38534527279900493
基础款/6178.mp4,基础款,bad,0.5198974609375,0.48928070068359375,0.45584515295922756,0.5523506999015808,0.5486820936203003,0.5367469750344753,0.4223570227622986,0.3960755839943886,0.37681044824421406,0.4955695569515228,0.49321747571229935,0.4871735293418169,0.3291046784300158,0.30138274879654187,0.2841114003056469
基础款/6187.mp4,基础款,bad,0.62530517578125,0.6148670762777328,0.584220614284277,0.6456822156906128,0.6259591430425644,0.6197662316262722,0.5935534834861755,0.5785292685031891,0.5356852933764458,0.6192196011543274,0.6055235117673874,0.5976391956210136,0.49808429118773945,0.3805248200075787,0.37242058834062397
基础款/6196.mp4,基础款,bad,0.6563197374343872,0.6436244547367096,0.636956475675106,0.65576171875,0.6485901027917862,0.6412789560854435,0.622802734375,0.6116299033164978,0.6070832796394825,0.624457836151123,0.6209375709295273,0.6155557036399841,0.7681831353230947,0.6642291499132434,0.6249748914799543
基础款/6198.mp4,基础款,bad,0.4730224609375,0.46001095324754715,0.4515254106372595,0.5099225640296936,0.5054059773683548,0.4910125732421875,0.4155934751033783,0.40455372631549835,0.399006899446249,0.4602445662021637,0.4478337839245796,0.44343970715999603,0.3446834576442186,0.3198611733094492,0.3019264125908002
基础款/6199.mp4,基础款,bad,0.4285016655921936,0.4121246337890625,0.4086020328104496,0.5508161187171936,0.4891880452632904,0.4766464214771986,0.3881971538066864,0.3616653308272362,0.35749961249530315,0.507392406463623,0.44945480674505234,0.4385779872536659,0.3381864623243933,0.32115139011690735,0.2890288829944002
基础款/6210.mp4,基础款,bad,0.57421875,0.5436782836914062,0.4947153739631176,0.5902274250984192,0.5488281399011612,0.5277491994202137,0.466215580701828,0.4388398602604866,0.405615733936429,0.49956199526786804,0.45859841257333755,0.4538787417113781,0.3448275862068966,0.3085612366230678,0.2915764962346413
基础款/6211.mp4,基础款,bad,0.51007080078125,0.4947509765625,0.4725379943847656,0.4954833984375,0.4866725280880928,0.47625405341386795,0.42983773350715637,0.42147714644670486,0.39706973917782307,0.40617460012435913,0.39968693256378174,0.3964361324906349,0.3542519927775576,0.345258050538223,0.31924801253074886
基础款/6221.mp4,基础款,bad,0.54595947265625,0.5366592407226562,0.5347976684570312,0.5510777235031128,0.5422537922859192,0.5398559607565403,0.5121444463729858,0.5072062760591507,0.5054585412144661,0.5160701870918274,0.5093141496181488,0.5064077936112881,0.48224776500638566,0.46911694946177707,0.45933797694086903
基础款/6222.mp4,基础款,bad,0.66357421875,0.6569366455078125,0.6502759680151939,0.6614641547203064,0.653533935546875,0.6466478630900383,0.6518054008483887,0.6459428817033768,0.6369308978319168,0.6485487818717957,0.6397112905979156,0.6301505230367184,0.8236015325670498,0.7421011716364039,0.6931826728261485
基础款/6227.mp4,基础款,bad,0.7063964605331421,0.699188232421875,0.6907356753945351,0.6949114203453064,0.6889299750328064,0.6835229098796844,0.6846923828125,0.6811850070953369,0.6737384386360645,0.6700726747512817,0.6638057678937912,0.6607019752264023,0.9956727518593644,0.9270599115587574,0.8400021902264434
基础款/6237.mp4,基础款,bad,0.6007603406906128,0.4785287007689476,0.48331815004348755,0.5945347547531128,0.5828508734703064,0.5761337280273438,0.5837328433990479,0.4200267270207405,0.43190764635801315,0.5687974095344543,0.5291002988815308,0.5240857787430286,0.7665056360708534,0.5485411140583555,0.5458558747183185
基础款/6244.mp4,基础款,bad,0.4910210371017456,0.4687499925494194,0.44929228723049164,0.4948556125164032,0.4884905219078064,0.47943660244345665,0.41737961769104004,0.3957408592104912,0.3844665288925171,0.4487520158290863,0.4379182681441307,0.433576924726367,0.479080459770115,0.40170538572019143,0.37371153716580624
基础款/6246.mp4,基础款,bad,0.5159776210784912,0.509331613779068,0.5013448894023895,0.5296282172203064,0.5182277113199234,0.512089317664504,0.47027587890625,0.45675521343946457,0.4472301211208105,0.48113295435905457,0.4794437140226364,0.4745140094310045,0.43654379706698376,0.39554016095400574,0.3694301423210919
基础款/6256.mp4,基础款,bad,0.6216227412223816,0.4174957275390625,0.4233336690813303,0.6263602375984192,0.491655632853508,0.4925471767783165,0.6019744873046875,0.38235165923833847,0.3913514595478773,0.6034689545631409,0.4495759829878807,0.45609350875020027,0.9264147830391025,0.5122458001768346,0.5171916204720197
基础款/6272.mp4,基础款,bad,0.503997802734375,0.499481201171875,0.4940204620361328,0.5332554578781128,0.5297328531742096,0.5277546495199203,0.44289612770080566,0.44037625193595886,0.435903400182724,0.5002908110618591,0.49729200452566147,0.49419896490871906,0.3623992470266108,0.3537905364935398,0.34058644405456956
基础款/6275.mp4,基础款,bad,0.501556396484375,0.455047607421875,0.43445396423339844,0.5159912109375,0.49713134765625,0.49042510986328125,0.421450674533844,0.3913341611623764,0.38134510815143585,0.45865046977996826,0.4471372812986374,0.4430930186063051,0.5535714285714286,0.5347269407168337,0.512968192627824
基础款/6285.mp4,基础款,bad,0.564501941204071,0.5509277284145355,0.5246540009975433,0.5586634874343872,0.5513959527015686,0.5348172876983881,0.5251840353012085,0.516038179397583,0.48798374831676483,0.5220911502838135,0.5144536644220352,0.4983516000211239,0.8271805273833672,0.8140973630831643,0.7133731054326725
基础款/6288.mp4,基础款,bad,0.509552001953125,0.4713812917470932,0.44651287607848644,0.5647321343421936,0.5094517320394516,0.49706159345805645,0.42292967438697815,0.39599375426769257,0.3812868818640709,0.48450782895088196,0.4360378608107567,0.4347325526177883,0.4270557029177719,0.4050984519950037,0.35788149117894863
基础款/6301.mp4,基础款,bad,0.58306884765625,0.5546722412109375,0.5525429174304008,0.5674002766609192,0.549835205078125,0.5476946160197258,0.5402418375015259,0.5176970660686493,0.5151154678314924,0.5372314453125,0.5146600902080536,0.5110484771430492,0.6756232273473652,0.5293742017879949,0.502353039240673
基础款/6306.mp4,基础款,bad,0.46099853515625,0.4454447403550148,0.44010755605995655,0.5574079155921936,0.5145045667886734,0.49585069715976715,0.415771484375,0.4061560332775116,0.3969936706125736,0.5070046782493591,0.4646085724234581,0.45572482608258724,0.3315886699507389,0.31115515039415154,0.2671337937011242
基础款/6310.mp4,基础款,bad,0.5967068076133728,0.5386922210454941,0.526298351585865,0.5914306640625,0.556187242269516,0.54734693095088,0.5113102793693542,0.4762520119547844,0.46710163727402687,0.5463544130325317,0.5217204540967941,0.5114909894764423,0.6805555555555556,0.42068568250436994,0.42155394767442267
基础款/6322.mp4,基础款,bad,0.59033203125,0.5616505891084671,0.557586669921875,0.6097935438156128,0.5960955172777176,0.583942960947752,0.5213075876235962,0.5114451497793198,0.504027271643281,0.5669878721237183,0.5459684282541275,0.5408953465521336,0.8297059262576505,0.8134129643642128,0.8001127291258088
基础款/6332.mp4,基础款,bad,0.575897216796875,0.5145187377929688,0.4976709671318531,0.5678362250328064,0.5184849500656128,0.5170702263712883,0.5449509620666504,0.47453610599040985,0.4519983232021332,0.530266284942627,0.47953347861766815,0.4792175330221653,0.9215436169062805,0.5138976671794822,0.5219989570349938
基础款/6344.mp4,基础款,bad,0.462493896484375,0.45240020751953125,0.4420869015157223,0.5641217827796936,0.5468401163816452,0.5381011962890625,0.4081435799598694,0.4003682881593704,0.3927461840212345,0.5064733028411865,0.45584016293287277,0.4545671809464693,0.4163473818646232,0.36570925366809687,0.36456777541454966
基础款/6349.mp4,基础款,bad,0.4889160096645355,0.4789835587143898,0.47304636612534523,0.503173828125,0.4970964640378952,0.48974718153476715,0.4565691351890564,0.446738101541996,0.441901134327054,0.4730655550956726,0.46905338019132614,0.46436018124222755,0.5549350830657547,0.5301691821655523,0.505859870826298
基础款/6351.mp4,基础款,bad,0.6309814453125,0.6250686645507812,0.5681956149637699,0.6330130696296692,0.6206665188074112,0.5736231151968241,0.61669921875,0.5809924006462097,0.5376725792884827,0.6090734004974365,0.5651397705078125,0.5424801260232925,0.9126323537738519,0.8328520468829625,0.8164901229490691
基础款/6354.mp4,基础款,bad,0.6543239951133728,0.6481908112764359,0.6357947438955307,0.6468505859375,0.6360386610031128,0.6278588362038136,0.60577392578125,0.5948380380868912,0.5866354294121265,0.5920841097831726,0.5817808210849762,0.5768845565617085,0.6280459770114942,0.5942004526101798,0.5795084784752422
基础款/6370.mp4,基础款,bad,0.58868408203125,0.5695114135742188,0.551309309899807,0.6029052734375,0.587938591837883,0.5819669403135777,0.5575900673866272,0.5187108516693115,0.5055266190320253,0.5655050873756409,0.5627306550741196,0.5531667806208134,0.5320385784119435,0.37680809083900635,0.36044120860705026
基础款/6373.mp4,基础款,bad,0.470184326171875,0.46327972412109375,0.4563746973872185,0.5084403157234192,0.498073048889637,0.49176352843642235,0.4272571802139282,0.4135414659976959,0.40848846547305584,0.46939265727996826,0.4607579708099365,0.4561518505215645,0.3609195402298851,0.2908852839590057,0.2729298391307904
基础款/6382.mp4,基础款,bad,0.6263602375984192,0.5876719206571579,0.5785363465547562,0.6308070421218872,0.6114283800125122,0.6019461452960968,0.5945366621017456,0.5478833764791489,0.5422757491469383,0.6074254512786865,0.5868709832429886,0.5730559416115284,0.6249185567643987,0.5597183226568534,0.5374417553404349
基础款/6390.mp4,基础款,bad,0.679840087890625,0.66253662109375,0.6538647264242172,0.6817452311515808,0.6785888671875,0.6713670939207077,0.6018364429473877,0.5861173719167709,0.5794546008110046,0.6581851840019226,0.6519694775342941,0.6453238055109978,0.5888594164456233,0.5554945780867303,0.5422235790918907
基础款/6402.mp4,基础款,bad,0.488555908203125,0.48346710205078125,0.4783414211124182,0.5348423719406128,0.5112740844488144,0.49769702181220055,0.4218452274799347,0.41665127873420715,0.41304350085556507,0.4577421247959137,0.4496056064963341,0.44240816682577133,0.518007662835249,0.5029364764798772,0.49233826573303385
基础款/6406.mp4,基础款,bad,0.499053955078125,0.49155207723379135,0.46884264424443245,0.5069231390953064,0.5025547742843628,0.49649048037827015,0.41904810070991516,0.4170435890555382,0.40432120859622955,0.46257469058036804,0.4577017277479172,0.453417606651783,0.33818646232439337,0.3170527556734453,0.3066232268481144
基础款/6418.mp4,基础款,bad,0.5635308027267456,0.5386581420898438,0.5368226356804371,0.5714285969734192,0.5494602620601654,0.5488030575215816,0.5018421411514282,0.4932977631688118,0.48907383158802986,0.526848316192627,0.5144527554512024,0.51247563585639,0.5031928480204342,0.45927467300832336,0.43954727617034395
基础款/6419.mp4,基础款,bad,0.54217529296875,0.5237045288085938,0.5116736106574535,0.5264543890953064,0.5204947143793106,0.5179792121052742,0.4969513714313507,0.4628651589155197,0.4356625284999609,0.49087703227996826,0.4768344685435295,0.46124245412647724,0.8341543513957308,0.6712893553223387,0.4862007362071985
基础款/6422.mp4,基础款,bad,0.677001953125,0.6662979125976562,0.6491722539067268,0.6992362141609192,0.6971435397863388,0.6931315883994102,0.6375898718833923,0.6029648333787918,0.5662159025669098,0.6641845703125,0.6617054641246796,0.6601825021207333,0.5724137931034483,0.5028279511038132,0.4591083624065193
基础款/6426.mp4,基础款,bad,0.46380615234375,0.4534912109375,0.443572998046875,0.4873046875,0.4790911003947258,0.4739957544952631,0.4209449291229248,0.4049246609210968,0.40012255869805813,0.45079129934310913,0.44645870476961136,0.4418557081371546,0.28299643281807374,0.24019024970273486,0.22368711819514436
基础款/6434.mp4,基础款,bad,0.630078136920929,0.4733119383454323,0.4611416794359684,0.6207275390625,0.5912649780511856,0.5509305745363235,0.615839421749115,0.42600341886281967,0.4193583317101002,0.5949240326881409,0.5484358668327332,0.5094797480851412,1.0172784575454208,0.5369584438549955,0.4905812627263323
基础款/6463.mp4,基础款,bad,0.5489366054534912,0.5192133486270905,0.5108674354851246,0.5640869140625,0.5517621487379074,0.5427071675658226,0.4843098819255829,0.474020354449749,0.4656870439648628,0.526970386505127,0.5124574452638626,0.5077182520180941,0.3925434390702313,0.36131589377724926,0.34793764151678597
基础款/6467.mp4,基础款,bad,0.54510498046875,0.5380619466304779,0.525306697934866,0.5720738172531128,0.5504194051027298,0.5428325161337852,0.5012457370758057,0.4938916638493538,0.47603028267621994,0.513916015625,0.5112349539995193,0.5012085866183043,0.5074712643678161,0.44514490617938896,0.43876134162772096
基础款/6470.mp4,基础款,bad,0.602783203125,0.593505859375,0.58461107686162,0.6259590983390808,0.6092747449874878,0.6073041632771492,0.530029296875,0.5172460526227951,0.513054832816124,0.5846952795982361,0.5709201693534851,0.5693745352327824,0.5222720204884295,0.5052459593957811,0.4804805532689005
基础款/6474.mp4,基础款,bad,0.523101806640625,0.5144805908203125,0.5070190448313951,0.5157994031906128,0.5090942233800888,0.5031912624835968,0.4817708432674408,0.476785846054554,0.4665274638682604,0.47276395559310913,0.468975305557251,0.46375903114676476,0.415576694411415,0.37871581450653985,0.3646238603820783
基础款/6475.mp4,基础款,bad,0.5631103515625,0.5309306681156158,0.5201192609965801,0.5478515625,0.5174473226070404,0.5108969528228045,0.5176616311073303,0.4903753101825714,0.4825153984129429,0.4989444613456726,0.47725093364715576,0.47155312821269035,0.5158620689655172,0.4841071207867648,0.44607278009602436
基础款/6483.mp4,基础款,bad,0.5126953125,0.5026611536741257,0.5017349235713482,0.5141426920890808,0.5095171183347702,0.5069787241518497,0.4873046875,0.48271458595991135,0.48227945901453495,0.4917638301849365,0.4879850447177887,0.4868552293628454,0.5289221515003147,0.4991711547877177,0.49257798838917255
基础款/6496.mp4,基础款,bad,0.6439208984375,0.6358795166015625,0.6255136206746101,0.6648297905921936,0.6601475179195404,0.651746466755867,0.5586130023002625,0.5508428066968918,0.529004005715251,0.6237290501594543,0.6196181327104568,0.6087711490690708,0.5034875724530897,0.4402274411192366,0.42049374007584284
基础款/6497.mp4,基础款,bad,0.5021728277206421,0.4952697828412056,0.4855499230325222,0.5217110514640808,0.4951825737953186,0.4889678917825222,0.46151673793792725,0.45465337485074997,0.4464146140962839,0.4815889298915863,0.4566192701458931,0.45278594084084034,0.3738492744577937,0.3555110166672033,0.34846140788449487
基础款/6505.mp4,基础款,bad,0.5022786259651184,0.4913068562746048,0.48435029201209545,0.5039411187171936,0.4936784952878952,0.49086325243115425,0.46189185976982117,0.4535226449370384,0.45026918314397335,0.4648222029209137,0.45771610736846924,0.45622859336435795,0.7198469730651915,0.7098786030182401,0.6878382312410618
基础款/6508.mp4,基础款,bad,0.50457763671875,0.48989105224609375,0.47521400451660156,0.50537109375,0.4993634968996048,0.49582781083881855,0.4590595066547394,0.4566195532679558,0.4428709279745817,0.4712488651275635,0.47054874897003174,0.46332370676100254,0.37608289451333443,0.34099616858237547,0.32884950518719847
基础款/6513.mp4,基础款,bad,0.5714000463485718,0.5596646219491959,0.5419311411678791,0.5785086750984192,0.5668683648109436,0.550531655550003,0.5366301536560059,0.5189118683338165,0.5015756133943796,0.539604663848877,0.5259498208761215,0.5172390695661306,0.5247935212263393,0.49321454969493017,0.47819226873775034
基础款/6516.mp4,基础款,bad,0.70654296875,0.6991679072380066,0.6916961707174778,0.6966378092765808,0.688947394490242,0.6817528828978539,0.6808105707168579,0.6711461395025253,0.665835790336132,0.651679515838623,0.6425305604934692,0.6375070437788963,0.6603511431097637,0.6031468531468531,0.5880164276864633
基础款/6517.mp4,基础款,bad,0.5013291835784912,0.48735639452934265,0.4741956889629364,0.5230364203453064,0.5072501003742218,0.5029460396617651,0.43166282773017883,0.4184662401676178,0.4102516286075115,0.4698486328125,0.4634946808218956,0.457754023373127,0.3140071343638525,0.27480953010084996,0.26231276290386507
基础款/6521.mp4,基础款,bad,0.600830078125,0.5157945454120636,0.5099886525422335,0.6327252984046936,0.5478297621011734,0.5371856652200222,0.5780110955238342,0.45642297714948654,0.4593773912638426,0.558220386505127,0.5087280422449112,0.49442493729293346,0.7727422003284072,0.5699856555082848,0.5598327752520074
基础款/6524.mp4,基础款,bad,0.6393694281578064,0.6289324164390564,0.6203384399414062,0.6520124077796936,0.642634779214859,0.6365650705993176,0.5998979210853577,0.5867512822151184,0.5838885940611362,0.6047650575637817,0.5964373350143433,0.594173651188612,0.9263903401834437,0.8935887611749681,0.8779875761451305
基础款/6528.mp4,基础款,bad,0.6087239384651184,0.5608452707529068,0.5562750957906246,0.6069684624671936,0.5816607028245926,0.5779320895671844,0.5939995646476746,0.5184800773859024,0.5158047862350941,0.5857508182525635,0.549596443772316,0.5448716133832932,0.557064901892488,0.5334904601571269,0.48698297892472775
基础款/6529.mp4,基础款,bad,0.5515407919883728,0.5389302521944046,0.5212567932903767,0.5600411295890808,0.5478559285402298,0.5386189073324203,0.4818222224712372,0.4595237895846367,0.45276673324406147,0.49936091899871826,0.4896967262029648,0.4837173018604517,0.5387467556544309,0.4138672599184279,0.4042799007217806
基础款/6538.mp4,基础款,bad,0.45916748046875,0.4448394775390625,0.4381043594330549,0.4705810546875,0.4599129781126976,0.4567653089761734,0.4008440375328064,0.39605869352817535,0.39054892025887966,0.43071791529655457,0.4219297543168068,0.4176321569830179,0.37878715814506536,0.3533412604042806,0.33346941471792846
基础款/6539.mp4,基础款,bad,0.50958251953125,0.5016937255859375,0.49404008127748966,0.5450264811515808,0.5282374769449234,0.521723061800003,0.4183756411075592,0.41245680302381516,0.40548011660575867,0.5092127323150635,0.5014262348413467,0.49634866043925285,0.3065134099616858,0.2790361355270078,0.2711545545685575
基础款/6545.mp4,基础款,bad,0.56536865234375,0.5548909306526184,0.5406595841050148,0.5624651312828064,0.5545087456703186,0.5478733666241169,0.5268388986587524,0.5230206102132797,0.4948234334588051,0.5225614905357361,0.519788846373558,0.5137012675404549,0.6665580536548279,0.594859889214728,0.5184227772186616
基础款/6546.mp4,基础款,bad,0.5412326455116272,0.51702880859375,0.47900920547544956,0.5595354437828064,0.5500444769859314,0.539389468729496,0.5049099326133728,0.46854014694690704,0.43308614380657673,0.5123649835586548,0.5058791190385818,0.4962806701660156,0.6791826309067689,0.5484724355692097,0.5042348413033274
基础款/6549.mp4,基础款,bad,0.5207763910293579,0.4846354052424431,0.47001240961253643,0.5886927843093872,0.5418178141117096,0.5265633706003428,0.45638373494148254,0.4401398301124573,0.4281360413879156,0.5079812407493591,0.4838077276945114,0.4740548972040415,0.39974457215836523,0.33384917973492695,0.2976772754858936
基础款/6550.mp4,基础款,bad,0.5860072374343872,0.5509381890296936,0.5360957570374012,0.6224365234375,0.5919712483882904,0.5696302130818367,0.5382758378982544,0.5177476853132248,0.5018345210701227,0.5812270045280457,0.56329345703125,0.5344541221857071,0.8118906064209275,0.8042508917954816,0.7764361569215392
基础款/6568.mp4,基础款,bad,0.6729910969734192,0.6668995320796967,0.6615361347794533,0.6677769422531128,0.6628200113773346,0.6567982286214828,0.6593559980392456,0.6563843339681625,0.6500773020088673,0.651237964630127,0.6467320919036865,0.6397767923772335,0.9852216748768473,0.9652579725175007,0.8705046525141518
基础款/6570.mp4,基础款,bad,0.45135498046875,0.3955775648355484,0.37846810556948185,0.4893101155757904,0.4490792527794838,0.44746507704257965,0.3824869692325592,0.3220723494887352,0.3188773915171623,0.4256591796875,0.41081685572862625,0.40526289120316505,0.3618242491657397,0.2635759897828863,0.26058478764440374
基础款/6578.mp4,基础款,bad,0.4827880859375,0.44814300537109375,0.4347190856933594,0.4909842312335968,0.4742126539349556,0.46605028584599495,0.4459065794944763,0.3811139315366745,0.3778224177658558,0.4525325894355774,0.4361078590154648,0.4292003381997347,0.7429930355019535,0.3080414158000365,0.3295514599022328
基础款/6579.mp4,基础款,bad,0.5967145562171936,0.524945929646492,0.47077941335737705,0.5993129014968872,0.577728271484375,0.5256532896310091,0.5101725459098816,0.4663475975394249,0.4242185764014721,0.5591143369674683,0.5371883660554886,0.48363292776048183,0.46812593703148425,0.4178666222444334,0.34702149896302825
基础款/6581.mp4,基础款,bad,0.4327392578125,0.428131103515625,0.4249725341796875,0.518798828125,0.5062692016363144,0.49556731805205345,0.3917759358882904,0.3855731710791588,0.3826503437012434,0.4682437777519226,0.4603935778141022,0.45245967246592045,0.38491010904804007,0.32316812310867005,0.3123216232893963
基础款/6590.mp4,基础款,bad,0.60321044921875,0.5919418334960938,0.5854835510253906,0.6050850749015808,0.582515150308609,0.5761740542948246,0.5197253227233887,0.5034742951393127,0.4976996723562479,0.5277925133705139,0.509107694029808,0.5009545683860779,0.35233077905491705,0.3280204342273308,0.3116597053211131
基础款/6597.mp4,基础款,bad,0.5283203125,0.4807281494140625,0.47446081414818764,0.5262974500656128,0.513279527425766,0.5054572056978941,0.48913276195526123,0.4204157069325447,0.42060000635683537,0.4950812757015228,0.4756981432437897,0.47145798802375793,0.4444444444444444,0.41800871542250856,0.4074126273933052
基础款/6602.mp4,基础款,bad,0.566925048828125,0.5445840209722519,0.5205293372273445,0.5702078938484192,0.563341423869133,0.5469796322286129,0.5023970007896423,0.49316467344760895,0.47152736596763134,0.5404267907142639,0.5336609035730362,0.5173097476363182,0.46824587706146925,0.4231816721509375,0.3896399061720819
基础款/6608.mp4,基础款,bad,0.598785400390625,0.5809249877929688,0.5152429845184088,0.5852922797203064,0.562687486410141,0.510999409481883,0.5087774395942688,0.49880845844745636,0.45534622110426426,0.4856136441230774,0.4794410169124603,0.4564002510160208,0.4544572158365261,0.4349557405205443,0.41919333795745806
基础款/6610.mp4,基础款,bad,0.5657435655593872,0.49018096923828125,0.443701334297657,0.6392822265625,0.6136648952960968,0.5899625569581985,0.4905327558517456,0.4291115924715996,0.38846501894295216,0.5580623745918274,0.5418611168861389,0.5144794657826424,0.39667943805874845,0.3745815421201866,0.34685139179862723
基础款/6614.mp4,基础款,bad,0.556121826171875,0.5436935424804688,0.5382552668452263,0.6246163249015808,0.6112540364265442,0.6091995276510715,0.5096703767776489,0.504590705037117,0.5002571493387222,0.592033863067627,0.5780792385339737,0.5727240666747093,0.5258290395032368,0.5062483249344129,0.475351933350284
基础款/6616.mp4,基础款,bad,0.5471733808517456,0.5155399888753891,0.5032490603625774,0.5777587890625,0.5528520941734314,0.5490700863301754,0.5146961808204651,0.474363811314106,0.466707082465291,0.5389045476913452,0.5201317369937897,0.5159037001430988,0.6238109393579072,0.47784536850348774,0.4428533320164785
基础款/6617.mp4,基础款,bad,0.5538504719734192,0.5454864501953125,0.5222372338175774,0.5682547688484192,0.5570286214351654,0.535778583958745,0.4905499815940857,0.4851813092827797,0.46157248318195343,0.5212079286575317,0.5124879777431488,0.49009031616151333,0.50838948341921,0.3662686618567549,0.3610974259139619
基础款/6629.mp4,基础款,bad,0.538055419921875,0.5089950561523438,0.4943705964833498,0.5399518609046936,0.5335300862789154,0.5285600945353508,0.5060678124427795,0.4758479371666908,0.4540914110839367,0.5135928988456726,0.5042221993207932,0.498638154938817,0.464174043246576,0.43461145495628256,0.37155835815987426
基础款/6630.mp4,基础款,bad,0.6117350459098816,0.6014607548713684,0.5888023339211941,0.5996268391609192,0.5897565484046936,0.5822781175374985,0.58026123046875,0.5734519958496094,0.5548942424356937,0.5480598211288452,0.5376137942075729,0.5356394797563553,0.8117472364296321,0.7860089094208876,0.6438280022457068
基础款/6636.mp4,基础款,bad,0.46831053495407104,0.4546983540058136,0.44850972294807434,0.533203125,0.5123508870601654,0.5067116878926754,0.41259765625,0.40268076211214066,0.40012696012854576,0.4629911482334137,0.4438054785132408,0.4437767490744591,0.3951612903225807,0.3572198275862069,0.3469612613200975
基础款/6638.mp4,基础款,bad,0.4743408262729645,0.4640503004193306,0.4579511471092701,0.4725864827632904,0.4598737359046936,0.4566672146320343,0.4356689453125,0.42274079471826553,0.4155760873109102,0.4345057010650635,0.41917508840560913,0.41784219071269035,0.3830757035275466,0.3472530412185585,0.3280437701833362
基础款/6641.mp4,基础款,bad,0.558563232421875,0.552703857421875,0.547393798828125,0.6015625,0.595672607421875,0.5908748060464859,0.5120965838432312,0.5087248235940933,0.5059619694948196,0.5674259066581726,0.5622827708721161,0.5588439516723156,0.3274413213561287,0.31490823862052203,0.29989921201498126
基础款/6652.mp4,基础款,bad,0.549407958984375,0.530487060546875,0.5143659375607967,0.5683768391609192,0.5518449991941452,0.5477643720805645,0.4965882897377014,0.4764498099684715,0.46826313249766827,0.5133559107780457,0.5035920888185501,0.4993340000510216,0.4529471717343299,0.4257717884352843,0.4072585642706658
基础款/6664.mp4,基础款,bad,0.529693603515625,0.5067225843667984,0.5000332426279783,0.5287213921546936,0.521833136677742,0.5135312750935555,0.4823947548866272,0.4519461616873741,0.44874673150479794,0.47974351048469543,0.47456540167331696,0.47050790674984455,0.3992337164750958,0.3366099678655296,0.3146569812651918
基础款/6667.mp4,基础款,bad,0.5629611611366272,0.5544908344745636,0.5484427586197853,0.5688651204109192,0.5602111965417862,0.5574395321309566,0.5268120765686035,0.5154907256364822,0.5117391981184483,0.5366067290306091,0.5264318138360977,0.5230638906359673,0.4549206127159544,0.40473775717183424,0.363444029630905
基础款/6678.mp4,基础款,bad,0.5433756709098816,0.5055745393037796,0.4758266285061836,0.5261579155921936,0.5077645629644394,0.4810425937175751,0.45786675810813904,0.4324468970298767,0.41133964248001575,0.4612677991390228,0.45254427939653397,0.4373766966164112,0.587787356321839,0.5766637259790571,0.5268006007405239
基础款/6681.mp4,基础款,bad,0.58172607421875,0.5338058471679688,0.5237965062260628,0.6092529296875,0.5884966254234314,0.5816628560423851,0.5131648182868958,0.4768226221203804,0.46682701259851456,0.5713859796524048,0.555235892534256,0.5434217937290668,0.41543513957307066,0.33485646339391884,0.3182037949279328
基础款/6690.mp4,基础款,bad,0.601226806640625,0.58770751953125,0.5702388733625412,0.6141532063484192,0.6053248941898346,0.5908606462180614,0.5496651530265808,0.533038929104805,0.5177879631519318,0.5904038548469543,0.5728427916765213,0.5609308183193207,0.34631391200951245,0.3151555143231719,0.27782672163875954
基础款/6694.mp4,基础款,bad,0.500781238079071,0.48730214685201645,0.4755124840885401,0.5619071125984192,0.5440194308757782,0.530697412788868,0.4726662039756775,0.4244675785303116,0.4204927161335945,0.4828275740146637,0.4754127115011215,0.46874865517020226,0.4923597025016903,0.3468489892984542,0.33601943457164357
基础款/6702.mp4,基础款,bad,0.622998058795929,0.6213439851999283,0.6127819046378136,0.6213553547859192,0.61993408203125,0.6159515380859375,0.5949988961219788,0.5933309644460678,0.5816413313150406,0.5982953310012817,0.5969220399856567,0.591630607843399,0.6560813602415383,0.6115297420414217,0.579319905106507
基础款/6707.mp4,基础款,bad,0.539794921875,0.5197056382894516,0.5115948654711246,0.5616542100906372,0.5455475002527237,0.5342363640666008,0.48457032442092896,0.47318337857723236,0.4592629633843899,0.5188185572624207,0.5051682591438293,0.5004216339439154,0.4376611694152923,0.39572032165735316,0.38122476130815713
基础款/6721.mp4,基础款,bad,0.6002197265625,0.5348434448242188,0.5227872431278229,0.6145368218421936,0.5544476956129074,0.5505240261554718,0.5476524233818054,0.47929665446281433,0.4706107620149851,0.5718958377838135,0.5231655240058899,0.5194271337240934,0.5503808095952024,0.5212826000792707,0.47447931458828807
基础款/6725.mp4,基础款,bad,0.464080810546875,0.39617919921875,0.3760356903076172,0.4747837483882904,0.4443359375,0.43862588331103325,0.3708183169364929,0.3315226212143898,0.3081227093935013,0.42556583881378174,0.40751198679208755,0.3988402858376503,0.46373365041617126,0.26543507665980914,0.2519029374201788
基础款/6731.mp4,基础款,bad,0.558868408203125,0.5422821044921875,0.5333251953125,0.5573207139968872,0.5405011922121048,0.5297709852457047,0.4765508770942688,0.46673115342855453,0.4588715024292469,0.49079805612564087,0.4648500308394432,0.46049005538225174,0.5075862068965518,0.46532614234754544,0.45005945106606526
基础款/6735.mp4,基础款,bad,0.5545479655265808,0.5443136990070343,0.5360611490905285,0.5543387532234192,0.5449262112379074,0.5409502312541008,0.4959309995174408,0.48945101350545883,0.4850471355021,0.5228989720344543,0.5159157961606979,0.5138998553156853,0.35152709359605916,0.325043446446538,0.3185677251580938
基础款/6736.mp4,基础款,bad,0.5120713710784912,0.5018174797296524,0.4874670207500458,0.5487060546875,0.5408238023519516,0.53094482421875,0.45437344908714294,0.4276837632060051,0.4224315173923969,0.48487764596939087,0.47354304790496826,0.4684769120067358,0.35026329199932055,0.3282475825579274,0.30191904346880183
基础款/6758.mp4,基础款,bad,0.7119140625,0.70672607421875,0.6363428700715303,0.7066999077796936,0.6984688937664032,0.6674194298684597,0.7008886933326721,0.6904785335063934,0.6130838915705681,0.6754401922225952,0.6670657843351364,0.6248352974653244,0.8346480354593945,0.8149275035684772,0.6598905938382752
基础款/6762.mp4,基础款,bad,0.545989990234375,0.5162429809570312,0.5110549926757812,0.668701171875,0.6466936320066452,0.6375143863260746,0.4650998115539551,0.45233601331710815,0.446753965690732,0.6263068914413452,0.6065826416015625,0.5958243012428284,0.59514687100894,0.5300127713920817,0.5082738095238095
基础款/6763.mp4,基础款,bad,0.49365234375,0.45478057861328125,0.4396276008337736,0.5483573079109192,0.4829581081867218,0.4790180753916502,0.4473876953125,0.38493725657463074,0.38332136906683445,0.4882237911224365,0.4162561818957329,0.4210014343261719,0.5123152709359606,0.44812013348164625,0.43989433883541296
基础款/6765.mp4,基础款,bad,0.5741141438484192,0.5715157389640808,0.5667670033872128,0.5801827311515808,0.5701642632484436,0.5686776228249073,0.554984450340271,0.5515772700309753,0.5455217063426971,0.5492374300956726,0.5444910377264023,0.5425798669457436,0.637211716722284,0.6213667359868453,0.5885635811126695
基础款/6766.mp4,基础款,bad,0.72821044921875,0.7232742309570312,0.7074614502489567,0.7110247015953064,0.7040383666753769,0.6881419606506824,0.6468740701675415,0.614987313747406,0.6002773195505142,0.5782003998756409,0.5727449208498001,0.560770146548748,0.48320937570430467,0.3530558858501784,0.3310700805622817
基础款/6769.mp4,基础款,bad,0.4918212890625,0.4572906494140625,0.45412127301096916,0.5156947374343872,0.5122201144695282,0.5090179443359375,0.4456697702407837,0.4149584621191025,0.4144178796559572,0.48084571957588196,0.467699833214283,0.4645412676036358,0.5312899106002554,0.37512945418280846,0.37244462716423277
基础款/6770.mp4,基础款,bad,0.46148681640625,0.451416015625,0.44647979736328125,0.5214495062828064,0.5007585659623146,0.4911836925894022,0.4129311144351959,0.4053116962313652,0.39853620529174805,0.4656551480293274,0.45918184518814087,0.453317753970623,0.3851155230465575,0.3695031794447604,0.3392043016513109
基础款/6777.mp4,基础款,bad,0.545562744140625,0.53375244140625,0.5231166481971741,0.5365687608718872,0.5264108031988144,0.516943795606494,0.49692603945732117,0.48551956564188004,0.48170533776283264,0.4866727888584137,0.4744289591908455,0.4720660913735628,0.46118566332597244,0.4302153520940679,0.424223452956558
基础款/6802.mp4,基础款,bad,0.50787353515625,0.482421875,0.47617530822753906,0.5552629828453064,0.5414908081293106,0.5293916948139668,0.43576720356941223,0.4293430894613266,0.42367276921868324,0.48684871196746826,0.4803009033203125,0.47748767398297787,0.5705792423985052,0.5086187949981054,0.4896471612568521
基础款/6804.mp4,基础款,bad,0.58221435546875,0.5726165771484375,0.5696697235107422,0.5963832139968872,0.5940464735031128,0.5879473052918911,0.516903817653656,0.5066700279712677,0.4977857992053032,0.5638032555580139,0.5612730085849762,0.5560210719704628,0.347293786057163,0.31441846126745054,0.2931587393537453
基础款/6809.mp4,基础款,bad,0.530364990234375,0.5132369995117188,0.49721548333764076,0.5247454047203064,0.5094124972820282,0.5005133487284184,0.4401741921901703,0.4318898469209671,0.4280364066362381,0.4619535505771637,0.4542442634701729,0.4436163045465946,0.5720671410326583,0.5287336661444866,0.48522122695375014
基础款/6810.mp4,基础款,bad,0.5867745280265808,0.5802350789308548,0.4970643203705549,0.5783168077468872,0.5701032280921936,0.5350897647440434,0.5444631576538086,0.5402757972478867,0.45299764908850193,0.5301549434661865,0.5225111991167068,0.48996622301638126,0.8846940166280497,0.8721730044068874,0.575163003116171
基础款/6811.mp4,基础款,bad,0.565093994140625,0.5559234619140625,0.5499973297119141,0.5558558702468872,0.5447169840335846,0.541351318359375,0.5110909342765808,0.50153748691082,0.49948934465646744,0.5134097933769226,0.5051099061965942,0.5034334529191256,0.4860879904875149,0.4058219932179504,0.39890324427453805
基础款/6818.mp4,基础款,bad,0.5772949457168579,0.5585123747587204,0.5516718588769436,0.5702078938484192,0.5534668117761612,0.5453262366354465,0.5222516655921936,0.509089469909668,0.5040899384766817,0.520317554473877,0.5070720165967941,0.5032108649611473,0.6859332238642584,0.6266995073891626,0.5824695265668897
基础款/6823.mp4,基础款,bad,0.609527587890625,0.6033466756343842,0.5968393608927727,0.6097760796546936,0.5944388210773468,0.5893391259014606,0.5533791780471802,0.5380570143461227,0.5138971246778965,0.5498190522193909,0.5381999164819717,0.5303097926080227,0.47647116612633855,0.4455498715843544,0.4336466583137213
基础款/6831.mp4,基础款,bad,0.5919712781906128,0.569025307893753,0.5639474019408226,0.6059046983718872,0.5850307047367096,0.580844335258007,0.5488484501838684,0.534348338842392,0.5210855510085821,0.5641120672225952,0.5554073303937912,0.5478181280195713,0.5205911330049262,0.470820451843044,0.42469296748724705
基础款/6835.mp4,基础款,bad,0.5372314453125,0.5024501234292984,0.4854856189340353,0.6075090765953064,0.6005641371011734,0.5795211847871542,0.49679404497146606,0.4457058385014534,0.4347465392202139,0.5270206332206726,0.5196201354265213,0.5045468956232071,0.4189086775293672,0.2952928297755884,0.2942652502350778
基础款/6847.mp4,基础款,bad,0.6448974609375,0.6119628697633743,0.5799466259777546,0.6343122124671936,0.6233128160238266,0.594859529286623,0.622607409954071,0.5780384242534637,0.5487459544092417,0.6095329523086548,0.5771295875310898,0.5593775529414415,0.8136036377415686,0.7218792225826185,0.568168536960348
基础款/6848.mp4,基础款,bad,0.660491943359375,0.626617431640625,0.5720748882740736,0.6792689561843872,0.667890265583992,0.6598287224769592,0.6090216636657715,0.5831799805164337,0.5038642026484013,0.6403629183769226,0.6328636705875397,0.6264050416648388,0.36585827965138307,0.33543766578249334,0.3062118787980857
基础款/6851.mp4,基础款,bad,0.693603515625,0.6000082641839981,0.5677663683891296,0.6880928874015808,0.6083940714597702,0.5976976715028286,0.6603190302848816,0.5473824292421341,0.5264102946966887,0.6521283388137817,0.5698448419570923,0.5593293122947216,0.5811429949360984,0.530085847565039,0.5059485253751268
基础款/6859.mp4,基础款,bad,0.5085100531578064,0.484732486307621,0.46593039482831955,0.4937569797039032,0.4826529324054718,0.47717503271996975,0.4313213527202606,0.4260864183306694,0.4116884842514992,0.44980037212371826,0.4471399635076523,0.4407272320240736,0.3292610837438424,0.30161614247821145,0.29391758217560837
基础款/6860.mp4,基础款,bad,0.595703125,0.5748443603515625,0.5518150012940168,0.6095842719078064,0.6037074625492096,0.5860606618225574,0.5601574182510376,0.5254563540220261,0.49747232533991337,0.5782362818717957,0.5603610724210739,0.5473738219588995,0.5312899106002555,0.4642267331030708,0.4203070245802113
基础款/6862.mp4,基础款,bad,0.5621201992034912,0.56036376953125,0.5536685511469841,0.5858851671218872,0.5770089328289032,0.5752116553485394,0.5309128761291504,0.5232831090688705,0.5172776915132999,0.5565975308418274,0.5528393983840942,0.550241582095623,0.5140485312899106,0.483759236453202,0.47147001553957557
基础款/6872.mp4,基础款,bad,0.5760672688484192,0.5529000610113144,0.537875946611166,0.588134765625,0.56903076171875,0.5660443976521492,0.5346470475196838,0.51165771484375,0.49879749305546284,0.5625861883163452,0.55161152780056,0.5433351881802082,0.669920424403183,0.6222003557608169,0.5895912385907475
基础款/6878.mp4,基础款,bad,0.52813720703125,0.5202484130859375,0.5170974731445312,0.5325404405593872,0.5263061374425888,0.5238658376038074,0.4845357835292816,0.4817679300904274,0.4793599806725979,0.49662870168685913,0.4953469783067703,0.49304962530732155,0.38325123152709356,0.3575329193640727,0.33342078276679943
基础款/6883.mp4,基础款,bad,0.4767795205116272,0.4638671949505806,0.45486789382994175,0.4839564859867096,0.4800458699464798,0.47327314130961895,0.41805556416511536,0.404154896736145,0.3983163610100746,0.45014503598213196,0.43739230185747147,0.43566894344985485,0.49161877394636017,0.3094129695388038,0.31582251834317704
基础款/6884.mp4,基础款,bad,0.45341795682907104,0.4392089918255806,0.42592915147542953,0.5022495985031128,0.476854607462883,0.4708317406475544,0.4056640565395355,0.39879394322633743,0.3802085109055042,0.44847556948661804,0.4354095533490181,0.43202478997409344,0.6296725586786438,0.5876919733410606,0.406333592971524
基础款/6899.mp4,基础款,bad,0.526123046875,0.5124969482421875,0.5068950653076172,0.5416085124015808,0.5302516222000122,0.5266538336873055,0.45026081800460815,0.4361395612359047,0.43066678009927273,0.48651841282844543,0.48268037289381027,0.4804573077708483,0.3837803320561941,0.3521956970232832,0.34272216608423506
基础款/6901.mp4,基础款,bad,0.6690673828125,0.5782928466796875,0.5265019740909338,0.6658935546875,0.6024256944656372,0.5516531802713871,0.636811375617981,0.48884009569883347,0.4609534163028002,0.6332145929336548,0.5641578137874603,0.5025360975414515,0.4563850955051906,0.31151518078495766,0.2705085072859781
基础款/6904.mp4,基础款,bad,0.5615234375,0.5247243195772171,0.5201859548687935,0.5850481390953064,0.549421027302742,0.5392499677836895,0.5261355638504028,0.48401840776205063,0.4813644904643297,0.5369119048118591,0.5118201524019241,0.5038250163197517,1.0777011494252875,0.4899853249743933,0.4895702809356475
基础款/6912.mp4,基础款,bad,0.701629638671875,0.5789566040039062,0.5273342132568359,0.6959403157234192,0.5720956027507782,0.5443714708089828,0.681809663772583,0.4943847730755806,0.47069571912288666,0.6718642115592957,0.5117798000574112,0.49455934576690197,1.2812260536398465,0.5549169859514687,0.6089289646364557
基础款/6926.mp4,基础款,bad,0.4702419638633728,0.439300537109375,0.4347365852445364,0.5403006672859192,0.5151410847902298,0.5011367853730917,0.3970441222190857,0.38697540760040283,0.38183011673390865,0.4590489864349365,0.4456939622759819,0.4396530594676733,0.33120743703383415,0.30114942528735633,0.27856669077388463
基础款/6928.mp4,基础款,bad,0.5290178656578064,0.5228097140789032,0.5182189904153347,0.5391322374343872,0.5349905788898468,0.5296194888651371,0.48973214626312256,0.4844820126891136,0.48115213215351105,0.5086023807525635,0.5043622404336929,0.5009274203330278,0.44562334217506633,0.3920952023988006,0.38634115634490446
基础款/6939.mp4,基础款,bad,0.48234862089157104,0.4766346365213394,0.4590293876826763,0.4898855984210968,0.475311279296875,0.47035762295126915,0.42909976840019226,0.41592399030923843,0.4019890073686838,0.43394559621810913,0.42432358115911484,0.42231144569814205,0.447400109469075,0.421678575126851,0.40524611577405645
基础款/6943.mp4,基础款,bad,0.6673758625984192,0.66132752597332,0.657704584300518,0.6631382703781128,0.655940443277359,0.6525050550699234,0.656494140625,0.6489479690790176,0.6438308730721474,0.647026538848877,0.6398387253284454,0.6325412057340145,0.9523809523809523,0.8817733990147784,0.7995291804015889
基础款/6947.mp4,基础款,bad,0.5760253667831421,0.5649414211511612,0.5493386462330818,0.5819266438484192,0.56890869140625,0.559070035815239,0.5245585441589355,0.5123406797647476,0.5031294282525778,0.5415793061256409,0.5255728214979172,0.5198716521263123,0.3465662126919733,0.31351238771370615,0.2956801837902877
基础款/6949.mp4,基础款,bad,0.4727104902267456,0.43505859375,0.4285502955317497,0.5364641547203064,0.512895867228508,0.5108021385967731,0.4005903899669647,0.3715064600110054,0.367646811529994,0.49004408717155457,0.46692702919244766,0.4666211772710085,0.36174055829228247,0.35435988902100674,0.33625821018062396
基础款/6951.mp4,基础款,bad,0.57977294921875,0.5747756958007812,0.5694007873535156,0.5732770562171936,0.5694405734539032,0.563406802713871,0.5491724014282227,0.5447229146957397,0.5379372835159302,0.5326286554336548,0.522681713104248,0.5194356516003609,0.39714625445897744,0.3743394107543929,0.35226270969649626
基础款/6961.mp4,基础款,bad,0.5310872197151184,0.5070266723632812,0.49540265277028084,0.5887625813484192,0.5510995239019394,0.5417938269674778,0.4849298596382141,0.46768078207969666,0.4602985978126526,0.5194845795631409,0.5016623213887215,0.4940241649746895,0.3759733036707453,0.32521319985168706,0.29032626180029547
基础款/6963.mp4,基础款,bad,0.5403878092765808,0.529278576374054,0.5212506726384163,0.5343714952468872,0.5196358561515808,0.5118560791015625,0.5062440633773804,0.4468790739774704,0.4460581112653017,0.49372056126594543,0.44856172055006027,0.4457527622580528,0.8489088788938863,0.44003606701048303,0.44090602396932066
基础款/6974.mp4,基础款,bad,0.5383998155593872,0.5038451999425888,0.5005816537886858,0.524169921875,0.5095694214105606,0.5057928878813982,0.4940863847732544,0.4614187628030777,0.4599621966481209,0.47844022512435913,0.47274869680404663,0.46927979588508606,0.5505418719211823,0.43517241379310345,0.4160953749315818
基础款/6975.mp4,基础款,bad,0.6057671308517456,0.5940755158662796,0.5911617241799831,0.6086077094078064,0.6013706922531128,0.5994905792176723,0.5607584714889526,0.5532992333173752,0.5478350259363651,0.5613367557525635,0.5560571849346161,0.5511604733765125,0.6730841975558328,0.4168854282536151,0.4323970326894493
基础款/6990.mp4,基础款,bad,0.4281005859375,0.4185943603515625,0.3989601135253906,0.5472412109375,0.5066615641117096,0.49616132490336895,0.37888121604919434,0.3689778670668602,0.3509085886180401,0.47553566098213196,0.4524787366390228,0.44413330778479576,0.4172085385878489,0.31234861496454835,0.28747916784629035
基础款/6998.mp4,基础款,bad,0.552581787109375,0.5401474088430405,0.5170829445123672,0.5732421875,0.5548662543296814,0.5435758344829082,0.524487316608429,0.509929284453392,0.4899276737123728,0.525078296661377,0.5107188671827316,0.5047645568847656,0.7377140581441657,0.6866192889218473,0.632979600253503
基础款/7003.mp4,基础款,bad,0.573760986328125,0.5710678100585938,0.5629196166992188,0.5802350640296936,0.576703742146492,0.5710939653217793,0.5391845703125,0.5233430564403534,0.5153832174837589,0.5507597327232361,0.5449936836957932,0.5402342900633812,0.5448540097767208,0.49213898797727573,0.4458825405778438
基础款/7009.mp4,基础款,bad,0.4767020046710968,0.4668753445148468,0.45274352841079235,0.4748186469078064,0.4654192253947258,0.4617985337972641,0.4181993305683136,0.4077741727232933,0.401500703766942,0.4341394901275635,0.42767422646284103,0.4263467248529196,0.47172413793103446,0.45381773399014774,0.4417430845017052
基础款/7015.mp4,基础款,bad,0.5328543782234192,0.506317138671875,0.4990515969693661,0.5766252875328064,0.5723266750574112,0.5655484907329082,0.4942589998245239,0.45173006504774094,0.44028749875724316,0.5224932432174683,0.5133936256170273,0.5077806357294321,0.9102248875562219,0.6431171387486334,0.5881427909471646
基础款/7016.mp4,基础款,bad,0.50250244140625,0.4979400634765625,0.4812643267214298,0.5441719889640808,0.5365862101316452,0.5058168713003397,0.4561878442764282,0.4398905485868454,0.4342455733567476,0.4974149763584137,0.4877983629703522,0.46790067106485367,0.46135552913198574,0.4004280618311534,0.3349899024215315
基础款/7026.mp4,基础款,bad,0.4901123046875,0.4646148681640625,0.459145138040185,0.5026332139968872,0.4937177449464798,0.49147687666118145,0.4162713885307312,0.39947979152202606,0.39570013992488384,0.4659244418144226,0.45808590203523636,0.4565748330205679,0.38406658739595717,0.3710089399744572,0.3561391861540494
基础款/7029.mp4,基础款,bad,0.5088161826133728,0.5015665590763092,0.49222047440707684,0.5311104655265808,0.5231671929359436,0.510553628206253,0.4766547381877899,0.46573253720998764,0.4548602048307657,0.49797508120536804,0.49336691945791245,0.48080466873943806,0.4165315461391561,0.3286635280844426,0.31289486103855435
基础款/7030.mp4,基础款,bad,0.5834263563156128,0.5411275178194046,0.5288326628506184,0.5788922905921936,0.5555899739265442,0.540723530575633,0.5137871503829956,0.4931488111615181,0.47671956941485405,0.5356876254081726,0.5252102017402649,0.5086364690214396,0.4857318007662835,0.43186520376175547,0.4013046320423408
基础款/7042.mp4,基础款,bad,0.662841796875,0.6601460874080658,0.6579087562859058,0.6696254014968872,0.6583121120929718,0.6574303768575191,0.6385638117790222,0.6349557489156723,0.6318704187870026,0.6480712890625,0.6326635181903839,0.6316198445856571,0.8191533226015983,0.7921124396339914,0.7621880551011877
基础款/7046.mp4,基础款,bad,0.4590541422367096,0.4418945237994194,0.43583025224506855,0.5574951171875,0.514543816447258,0.4953983873128891,0.42845940589904785,0.4152626022696495,0.40765516832470894,0.4671810269355774,0.45607803016901016,0.44800567626953125,0.4513814521310773,0.39129795491864455,0.38011079752704624
基础款/7047.mp4,基础款,bad,0.6655622124671936,0.647739976644516,0.5985074751079082,0.6604352593421936,0.6409258097410202,0.6246403269469738,0.6496512293815613,0.6235629022121429,0.5249498020857573,0.6356309056282043,0.6092538386583328,0.589010126888752,1.0895578603660048,1.0241200951248512,0.6168254932456515
基础款/7049.mp4,基础款,bad,0.7008870244026184,0.6810913234949112,0.5637782849371433,0.6927315592765808,0.6719622015953064,0.6151798814535141,0.6754586100578308,0.6532374918460846,0.501748189330101,0.6467464566230774,0.6251615434885025,0.5445606000721455,1.0128709375826055,0.92594168531437,0.5588206969868789
基础款/7057.mp4,基础款,bad,0.520233154296875,0.512583926320076,0.5005769953131676,0.5275181531906128,0.5150364339351654,0.509102962911129,0.48614874482154846,0.47712845355272293,0.4602625407278538,0.4891716539859772,0.4851280674338341,0.47715243324637413,0.6239737274220032,0.39800502047826664,0.4047779010947093
基础款/7058.mp4,基础款,bad,0.4839564859867096,0.4638197124004364,0.45692537538707256,0.5446428656578064,0.5293208360671997,0.5191873852163553,0.4216475188732147,0.4046409800648689,0.40053772553801537,0.4938390254974365,0.4778801500797272,0.4741102121770382,0.49332591768631817,0.45851843558740113,0.44033040986729105
基础款/7062.mp4,基础款,bad,0.700164794921875,0.6821619868278503,0.6813803799450397,0.7043282389640808,0.6794346272945404,0.6791011244058609,0.6713992357254028,0.6511596292257309,0.6511177606880665,0.667412281036377,0.6570919305086136,0.6547447741031647,0.49425287356321834,0.4654498612762584,0.456676441756128
基础款/7074.mp4,基础款,bad,0.52398681640625,0.511749267578125,0.5055152028799057,0.5172119140625,0.510990709066391,0.5083650890737772,0.4824567437171936,0.4769601821899414,0.47508351132273674,0.48760268092155457,0.4842403680086136,0.48010321520268917,0.4090368608799049,0.3916731781892305,0.38153801509627905
基础款/7076.mp4,基础款,bad,0.5460883378982544,0.524651437997818,0.5069400426000357,0.5605643391609192,0.5383039265871048,0.523751400411129,0.4710693359375,0.4670547842979431,0.4497524481266737,0.4968692660331726,0.49118221551179886,0.4818696416914463,0.3485221674876847,0.32244162685973027,0.3106409710318747
基础款/7081.mp4,基础款,bad,0.562835693359375,0.5325698852539062,0.5298301130533218,0.5841413140296936,0.5537109225988388,0.5488837026059628,0.509039044380188,0.5061921626329422,0.4998936466872692,0.5525799989700317,0.5270852446556091,0.5235413983464241,0.4375743162901307,0.4050733254062624,0.3899973576430176
基础款/7087.mp4,基础款,bad,0.6682942509651184,0.6412200927734375,0.5851224213838577,0.7052873969078064,0.6913583129644394,0.670108251273632,0.5466715693473816,0.4771672934293747,0.46051918156445026,0.566962718963623,0.5633535832166672,0.5517970807850361,0.3770114942528735,0.360727969348659,0.3474553001277139
基础款/7097.mp4,基础款,bad,0.533416748046875,0.529052734375,0.525059562176466,0.5603899359703064,0.5522591769695282,0.5490744486451149,0.5060847401618958,0.4983051121234894,0.4956418555229902,0.5275843143463135,0.521769791841507,0.5169778764247894,0.4689655172413793,0.45685823754789273,0.44148467432950195
基础款/7099.mp4,基础款,bad,0.6129325032234192,0.5983799397945404,0.5958007648587227,0.6096714735031128,0.6046186089515686,0.5964595228433609,0.5869954228401184,0.5779266357421875,0.5711547955870628,0.5799883604049683,0.5701913386583328,0.5647028796374798,0.9935160624815796,0.9548737597013458,0.852717043795373
基础款/7112.mp4,基础款,bad,0.564208984375,0.5385022908449173,0.4681957792490721,0.6238141655921936,0.6179940551519394,0.5955113060772419,0.5130731463432312,0.40321043878793716,0.376234982162714,0.5750911831855774,0.571086198091507,0.5417466964572668,0.6139516448672215,0.46500856714499894,0.4251245802117888
基础款/7141.mp4,基础款,bad,0.46533203125,0.4596903398633003,0.45659891702234745,0.4612165093421936,0.4561680480837822,0.4521004818379879,0.435791015625,0.43079156428575516,0.4278858657926321,0.42900535464286804,0.424120731651783,0.42159450985491276,0.6197811020960108,0.5969955383432572,0.5742458492941311
基础款/7146.mp4,基础款,bad,0.6118408441543579,0.469866082072258,0.46729812771081924,0.6105259656906128,0.5438450574874878,0.5343170259147882,0.5928182601928711,0.4320225641131401,0.4236652310937643,0.5882281064987183,0.49619966000318527,0.49620257690548897,0.7299526707234618,0.44381373415856173,0.4410201278968062
基础款/7176.mp4,基础款,bad,0.57659912109375,0.5554373562335968,0.5455445125699043,0.5825369954109192,0.5743277221918106,0.5709533728659153,0.5311498641967773,0.49865007400512695,0.48380664736032486,0.5507058501243591,0.5338134616613388,0.529511172324419,0.5468550446998723,0.49126436781609195,0.4546591290681288
基础款/7189.mp4,基础款,bad,0.564117431640625,0.5602035522460938,0.5583591461181641,0.5580531358718872,0.5547921508550644,0.5533087588846684,0.5143054723739624,0.5125950425863266,0.5033843591809273,0.49756935238838196,0.48968685418367386,0.48709577694535255,0.4596568710718532,0.4235603872940377,0.40950474417362315
基础款/7207.mp4,基础款,bad,0.529571533203125,0.5158418864011765,0.5073552783578634,0.5799037218093872,0.5677054226398468,0.5637784600257874,0.4784342348575592,0.4729542136192322,0.46220530569553375,0.5347325801849365,0.5305633395910263,0.5243889316916466,0.5696040868454662,0.5197517999242137,0.5015980818351508
基础款/7226.mp4,基础款,bad,0.5338134765625,0.5189666748046875,0.5097274780273438,0.5610526204109192,0.5566493570804596,0.5452771857380867,0.49506086111068726,0.47990065068006516,0.46876157261431217,0.5176427364349365,0.50907002389431,0.5001023206859827,0.46947637292464883,0.41704068600620325,0.39559067264923387
基础款/7252.mp4,基础款,bad,0.52154541015625,0.4974822998046875,0.4872675985097885,0.5661795735359192,0.53338623046875,0.5222691129893064,0.4525669515132904,0.4467831552028656,0.4354097694158554,0.4971888065338135,0.4854332357645035,0.4786623753607273,0.3823754789272031,0.3629933186116301,0.34301040514313885
基础款/7258.mp4,基础款,bad,0.5118001103401184,0.4920806884765625,0.4769634660333395,0.6215994954109192,0.5645359754562378,0.5407366137951612,0.45460689067840576,0.4377441480755806,0.4242038708180189,0.5208596587181091,0.4947662353515625,0.4828814323991537,0.4254272863568216,0.3626943233364161,0.34600469422550967
基础款/7261.mp4,基础款,bad,0.475738525390625,0.46369171142578125,0.4519367218017578,0.5028250813484192,0.4943586140871048,0.4843379445374012,0.4121531844139099,0.4053925946354866,0.3955372106283903,0.4512760043144226,0.44439607113599777,0.43599835596978664,0.4307041881358171,0.38875677103976747,0.36510640763450397
基础款/7271.mp4,基础款,bad,0.50860595703125,0.4854888916015625,0.4748079515993595,0.5007672905921936,0.4813755676150322,0.48043932393193245,0.47518759965896606,0.44295602291822433,0.43258554674685,0.46919161081314087,0.44441402703523636,0.4408356174826622,0.5094549499443827,0.4436894853066078,0.4203398352575919
基础款/7282.mp4,基础款,bad,0.4964773952960968,0.4805559515953064,0.47083827294409275,0.5679931640625,0.5509294867515564,0.5151367168873549,0.44522878527641296,0.42456578463315964,0.4190425854176283,0.5086669921875,0.4812101572751999,0.46513164415955544,0.5787356321839081,0.40836206896551724,0.40247930788879066
基础款/7289.mp4,基础款,bad,0.6404505968093872,0.6299046277999878,0.6181267350912094,0.6381312608718872,0.6326599270105362,0.6266141571104527,0.5860421061515808,0.5759356617927551,0.5702298246324062,0.6076839566230774,0.5986794978380203,0.5947032272815704,0.7888316378209362,0.7726111691628932,0.7632768745858429
基础款/7294.mp4,基础款,bad,0.693206787109375,0.6808624267578125,0.6535778045654297,0.6883196234703064,0.676622673869133,0.6553911454975605,0.6721066236495972,0.6634255647659302,0.6196835450828075,0.6589211821556091,0.6509946882724762,0.6206979267299175,0.985158761615361,0.7928832518606597,0.6514894321449018
基础款/7320.mp4,基础款,bad,0.503875732421875,0.494293212890625,0.46505165100097656,0.5457240343093872,0.5346592664718628,0.5265437513589859,0.42552459239959717,0.4092438519001007,0.3918396681547165,0.49266502261161804,0.4853766858577728,0.47593576833605766,0.4137931034482759,0.37333012475699756,0.35582905550948385
基础款/7348.mp4,基础款,bad,0.492584228515625,0.4766126424074173,0.465958459302783,0.5074288249015808,0.4946441650390625,0.4876093175262213,0.45904219150543213,0.4333355277776718,0.4237875174731016,0.45736873149871826,0.4515555799007416,0.4480172321200371,0.585292234519345,0.4548458310527276,0.4095219302925902
基础款/7372.mp4,基础款,bad,0.5281304121017456,0.5151231288909912,0.5099459271878004,0.5140380859375,0.5029078871011734,0.49936893954873085,0.45917969942092896,0.4560086876153946,0.44999537244439125,0.46035945415496826,0.4552944451570511,0.45280568301677704,0.46988505747126436,0.43242120875046347,0.42593467506929106
基础款/7381.mp4,基础款,bad,0.544097900390625,0.534881591796875,0.5249173305928707,0.5419049859046936,0.5370309203863144,0.5308576375246048,0.4981943666934967,0.48598381876945496,0.47785788029432297,0.5123721957206726,0.5058979690074921,0.4953552670776844,0.5942626977109735,0.49319668572938485,0.47927575009426326
基础款/7415.mp4,基础款,bad,0.5251057744026184,0.5108744502067566,0.4973932933062315,0.5921630859375,0.5676356703042984,0.5617773868143559,0.47716471552848816,0.4674214795231819,0.4546636585146189,0.5462610721588135,0.5355143994092941,0.5291638150811195,0.722495894909688,0.70935960591133,0.6919793350078207
基础款/7423.mp4,基础款,bad,0.59747314453125,0.5553222596645355,0.5201402027159929,0.6121302843093872,0.56536865234375,0.5436063501983881,0.5720389485359192,0.5263846516609192,0.4813424590975046,0.59100341796875,0.5284100919961929,0.5101325139403343,0.7719473596535066,0.5236382615306583,0.48633621876431044
基础款/7469.mp4,基础款,bad,0.591888427734375,0.5662928968667984,0.55738939717412,0.5903494954109192,0.5883396565914154,0.5740236602723598,0.5215657353401184,0.5138260871171951,0.5010206457227468,0.5527846217155457,0.5460052341222763,0.5346621349453926,0.6945812807881773,0.6355785019578124,0.5614187999101792
基础款/7495.mp4,基础款,bad,0.5356716513633728,0.47757720947265625,0.4736345075070858,0.5347725749015808,0.496050164103508,0.4941874910145998,0.46963635087013245,0.4355405941605568,0.4279720317572355,0.4793270230293274,0.46356112509965897,0.4620650801807642,0.5727892102335929,0.3384859294490685,0.34317501348180757
基础款/7499.mp4,基础款,bad,0.583935558795929,0.5706380158662796,0.5406111218035221,0.5804443359375,0.5665021389722824,0.5407039038836956,0.5591633915901184,0.5490904599428177,0.5146177560091019,0.5532262325286865,0.5410165339708328,0.5159135665744543,0.6829156579205653,0.6259889801304281,0.5546880549657385
基础款/7518.mp4,基础款,bad,0.45562744140625,0.445404052734375,0.427764892578125,0.5559605360031128,0.5122811198234558,0.5095160324126482,0.40124809741973877,0.38840392976999283,0.36618891544640064,0.47571876645088196,0.4697516858577728,0.46284731291234493,0.33061765820386513,0.3123708882885746,0.28689608711438525
基础款/7566.mp4,基础款,bad,0.52301025390625,0.508575439453125,0.4999542236328125,0.5489676594734192,0.543369859457016,0.5401981920003891,0.4641411006450653,0.4341430589556694,0.43405989184975624,0.48239314556121826,0.4652063623070717,0.46150364354252815,0.4131773399014778,0.3841509304871374,0.3715054278416347
基础款/7580.mp4,基础款,bad,0.501068115234375,0.4922332763671875,0.48891448974609375,0.5052664875984192,0.4958147406578064,0.49158696085214615,0.4497508406639099,0.4427831619977951,0.4392584003508091,0.45805808901786804,0.4552468806505203,0.44968257658183575,0.5681331747919144,0.5204584489364514,0.5156874039938556
基础款/7586.mp4,基础款,bad,0.5625,0.5518798828125,0.5434513092041016,0.5790492296218872,0.576245978474617,0.5728814266622066,0.44667717814445496,0.43301939964294434,0.4275023527443409,0.5435539484024048,0.5412032157182693,0.5376234613358974,0.5470528282656701,0.5345283707352673,0.5158205226204632
基础款/7591.mp4,基础款,bad,0.5598493218421936,0.5392194539308548,0.5231715627014637,0.5383126139640808,0.5235683023929596,0.5126691535115242,0.4620700478553772,0.4442477747797966,0.43276120349764824,0.4606718122959137,0.45391666889190674,0.44732216745615005,0.49553001277139214,0.47216947082014543,0.4288727858293076
基础款/7592.mp4,基础款,bad,0.46357423067092896,0.4565022811293602,0.4494850542396307,0.47509765625,0.465523861348629,0.46091679111123085,0.3985428214073181,0.3951675146818161,0.390975346788764,0.4171501696109772,0.4114110618829727,0.40774019807577133,0.35361942853024897,0.3407424422584946,0.3290783531135477
基础款/7595.mp4,基础款,bad,0.506030261516571,0.4951721280813217,0.4844421409070492,0.5031389594078064,0.4921395555138588,0.48267800360918045,0.4522154629230499,0.44724008440971375,0.43702770583331585,0.45677635073661804,0.44270145893096924,0.43650301918387413,0.5169168356997971,0.48492610837438427,0.4711110976957833
基础款/5629.mp4,基础款,bad,0.493896484375,0.4551304504275322,0.4379679374396801,0.5511997938156128,0.4913111999630928,0.4725625179708004,0.4132111370563507,0.392860047519207,0.37979909405112267,0.4806949496269226,0.4395204484462738,0.4268442075699568,0.498061314170501,0.46453497389236414,0.4294112631697288
基础款/5675.mp4,基础款,bad,0.65789794921875,0.64007568359375,0.6146892197430134,0.6496756672859192,0.6413181722164154,0.63191332295537,0.6433234214782715,0.6269338577985764,0.5765206702053547,0.6264756321907043,0.6212607175111771,0.5992337465286255,0.9241745175157778,0.7536794240242517,0.5446541022694243
基础款/5726.mp4,基础款,bad,0.496368408203125,0.48639678955078125,0.47588539123535156,0.5172816514968872,0.5094211995601654,0.4950888492166996,0.4477190375328064,0.4350442960858345,0.428490849211812,0.4593326449394226,0.45320846885442734,0.4453681483864784,0.5592887317025248,0.5394930739758326,0.5101318782947797
基础款/5764.mp4,基础款,bad,0.518035888671875,0.4835662841796875,0.45008277893066406,0.5470319390296936,0.5299072414636612,0.518072945997119,0.43798232078552246,0.408240906894207,0.39645086228847504,0.48594754934310913,0.4751371592283249,0.4633174240589142,0.40003397316120265,0.3769449634788517,0.3681190378119804
基础款/5896.mp4,基础款,bad,0.588836669921875,0.5714035034179688,0.5445292349904776,0.5773228406906128,0.5576869547367096,0.5489959716796875,0.542108416557312,0.5242678970098495,0.494778661057353,0.531494140625,0.5084336251020432,0.5028410498052835,0.5297722491539376,0.4672884401471721,0.4320858342720757
基础款/5930.mp4,基础款,bad,0.58001708984375,0.5756149291992188,0.5728182084858418,0.5770787000656128,0.5735081285238266,0.5717577263712883,0.5540739893913269,0.5471528470516205,0.53487035818398,0.5473668575286865,0.5451238453388214,0.5427261777222157,0.44551724137931037,0.4155614500442087,0.40798236565477947
基础款/6009.mp4,基础款,bad,0.57763671875,0.566357433795929,0.5635665841400623,0.5844203233718872,0.5744672268629074,0.5682634525001049,0.5301289558410645,0.5234250575304031,0.5190315172076225,0.5380751490592957,0.5300831645727158,0.5266496948897839,0.36031934771530494,0.34633981747012454,0.3195264445580836
基础款/6039.mp4,基础款,bad,0.5906738042831421,0.5835673063993454,0.577444463968277,0.5794154405593872,0.5737261176109314,0.5677610076963902,0.572949230670929,0.5652990788221359,0.559167742729187,0.5561918616294861,0.5459523051977158,0.540484931319952,0.9664908722109533,0.9409672253656454,0.9078477634247892
基础款/6051.mp4,基础款,bad,0.4656032919883728,0.4565158486366272,0.43820360116660595,0.5294712781906128,0.51611328125,0.5027934480458498,0.3910590410232544,0.3867431730031967,0.3757942318916321,0.46876075863838196,0.4583040103316307,0.4471781123429537,0.5049288481454489,0.4692237406642301,0.45897085142343286
基础款/6106.mp4,基础款,bad,0.47265625,0.4415370374917984,0.4387157987803221,0.5162353515625,0.4993852972984314,0.4981515072286129,0.4123399555683136,0.394570954144001,0.3934489991515875,0.4661290645599365,0.4602930396795273,0.4517095237970352,0.38620689655172413,0.35469265367316344,0.3327251171422836
基础款/6173.mp4,基础款,bad,0.6438259482383728,0.6412082314491272,0.6385779529809952,0.6488385796546936,0.6424603909254074,0.6394936703145504,0.54689621925354,0.5437940359115601,0.5337567254900932,0.5704704523086548,0.5629604607820511,0.5576542094349861,0.45652497027348393,0.4381385696040868,0.42781411912282896
基础款/6194.mp4,基础款,bad,0.680224597454071,0.6703898012638092,0.6656660251319408,0.6833844780921936,0.6820373684167862,0.6788330078125,0.5967509150505066,0.566361129283905,0.5566110908985138,0.6474286317825317,0.6434461027383804,0.6419742852449417,0.5907007786429366,0.5571301446051168,0.5474990993780969
基础款/6228.mp4,基础款,bad,0.5205078125,0.4577113538980484,0.4194777365773916,0.5487409234046936,0.4975586012005806,0.48342568427324295,0.4240858256816864,0.4065246507525444,0.373234698548913,0.4817684292793274,0.44256412237882614,0.4365508146584034,0.5958620689655172,0.47689764313245675,0.43907856895307135
基础款/6243.mp4,基础款,bad,0.6209716796875,0.5809427797794342,0.5529535040259361,0.6058872938156128,0.5687343031167984,0.5652923546731472,0.5807210206985474,0.5493408292531967,0.5099944435060024,0.5605935454368591,0.532123327255249,0.5323600769042969,0.7802264281393139,0.6877106559502204,0.5485251772444798
基础款/6252.mp4,基础款,bad,0.530426025390625,0.4864484965801239,0.4671221822500229,0.5379115343093872,0.529937744140625,0.5060283057391644,0.4653262197971344,0.4572054445743561,0.4269651249051094,0.4718053340911865,0.46155504137277603,0.45306598395109177,0.530321046373365,0.46748576688931875,0.4270415820128144
基础款/6287.mp4,基础款,bad,0.5196940302848816,0.4751722514629364,0.4490364082157612,0.5566929578781128,0.4840872585773468,0.47814723290503025,0.4907539486885071,0.3799594044685364,0.3680819422006607,0.5334329009056091,0.40904416143894196,0.4115649964660406,0.3959131545338442,0.36168652570920584,0.3300537481044033
基础款/6297.mp4,基础款,bad,0.5658482313156128,0.556896761059761,0.5464180558919907,0.5745152235031128,0.5680760145187378,0.5644792914390564,0.5376451015472412,0.5303633213043213,0.5168815590441227,0.5542961359024048,0.5469127148389816,0.5418763943016529,0.5233716475095785,0.4713351016799293,0.43347400045556356
基础款/6305.mp4,基础款,bad,0.4605034589767456,0.443712018430233,0.4362186845391989,0.4952392578125,0.4832632914185524,0.46808733604848385,0.4224269688129425,0.4057169705629349,0.3890320658683777,0.4587151110172272,0.44842617958784103,0.4265365581959486,0.4840460594075723,0.4427083333333333,0.3839476299630362
基础款/6335.mp4,基础款,bad,0.6169026494026184,0.5465611219406128,0.5137392412871122,0.6089913249015808,0.5610569417476654,0.555885311216116,0.5813382267951965,0.5128195881843567,0.469956049695611,0.579887866973877,0.5297636240720749,0.5186740681529045,0.8266479005395262,0.5945514209697909,0.5743962768886502
基础款/6353.mp4,基础款,bad,0.534271240234375,0.49300384521484375,0.4909444525837898,0.5341448187828064,0.5006844624876976,0.49603489227592945,0.47910407185554504,0.4328080639243126,0.4278798196464777,0.48617732524871826,0.4552208483219147,0.4547065272927284,0.34720570749108204,0.3033433679985404,0.2843418087175519
基础款/6376.mp4,基础款,bad,0.598052978515625,0.58697509765625,0.5765793286263943,0.6055908203125,0.6013445407152176,0.588759295642376,0.5357898473739624,0.5275530070066452,0.5213668942451477,0.5745705962181091,0.5710296779870987,0.5567393712699413,0.4034034930586655,0.37204326646465413,0.35123521536913693
基础款/6398.mp4,基础款,bad,0.65380859375,0.5662612915039062,0.5437365956604481,0.65966796875,0.6334620714187622,0.6013859286904335,0.6211563348770142,0.49481336027383804,0.47547511011362076,0.6410343050956726,0.615040510892868,0.572208859026432,0.4443349753694581,0.40388387155628536,0.3705514270963335
基础款/6430.mp4,基础款,bad,0.6104212999343872,0.6010044515132904,0.5975319966673851,0.6126011610031128,0.5935538113117218,0.5920758955180645,0.5926744341850281,0.5807247459888458,0.5780552998185158,0.5857651829719543,0.5711338073015213,0.5692383348941803,0.6063530734632684,0.5905406671664168,0.5767946618795865
基础款/6440.mp4,基础款,bad,0.5593668818473816,0.460662841796875,0.4592321515083313,0.5537806749343872,0.4920392781496048,0.48643820732831955,0.5310924649238586,0.4014267325401306,0.4166121184825897,0.5256742835044861,0.4474935978651047,0.45328050665557384,0.5519441626226944,0.42592960432226284,0.41490976445186756
基础款/6468.mp4,基础款,bad,0.5194770097732544,0.485076904296875,0.45801141671836376,0.5402483344078064,0.4988970011472702,0.48886979930102825,0.43013080954551697,0.39373429864645004,0.3840488102287054,0.48802274465560913,0.43754666298627853,0.43555023707449436,0.5334646962233169,0.3805185044840217,0.3444729295234646
基础款/6480.mp4,基础款,bad,0.6369357705116272,0.5069560781121254,0.49017309956252575,0.6296212077140808,0.6125749796628952,0.5886121392250061,0.606827437877655,0.4276885315775871,0.41592355631291866,0.5991964936256409,0.5532194972038269,0.5404429733753204,0.9213604341524253,0.4890493606010847,0.4763470489395581
基础款/6504.mp4,基础款,bad,0.705810546875,0.7027435302734375,0.6081275939941406,0.7021484375,0.6980808675289154,0.6401051096618176,0.6910766363143921,0.686715692281723,0.5764959435909986,0.6827859282493591,0.6796533763408661,0.5977228935807943,1.2240888102957068,1.1737828356293318,0.8985418766120025
基础款/6518.mp4,基础款,bad,0.53375244140625,0.5247759073972702,0.5174304395914078,0.5457589030265808,0.5408412516117096,0.536157876253128,0.4890252947807312,0.477828674018383,0.47161792777478695,0.512077808380127,0.5050901621580124,0.5031751729547977,0.37445721583652614,0.3369470152629602,0.32436032636964707
基础款/6541.mp4,基础款,bad,0.7042125463485718,0.6875055283308029,0.6749581173062325,0.7003871202468872,0.6839468628168106,0.6766880564391613,0.6611192226409912,0.6535113453865051,0.6455883346498013,0.6532772183418274,0.6474627405405045,0.646360956132412,0.6737215524757239,0.630243531383687,0.5936357860866535
基础款/6553.mp4,基础款,bad,0.6416459679603577,0.6346546411514282,0.6313948184251785,0.6345738172531128,0.6283569186925888,0.624883383512497,0.5825104713439941,0.5777045339345932,0.5735408663749695,0.57489013671875,0.5704946964979172,0.5654494315385818,0.3906803355079217,0.3694315004659832,0.34994632563598077
基础款/6565.mp4,基础款,bad,0.498504638671875,0.471954345703125,0.46652327477931976,0.5108293890953064,0.5057373046875,0.49599565379321575,0.4481549859046936,0.4311986118555069,0.42338437400758266,0.46601778268814087,0.46072567254304886,0.4577973335981369,0.5197596094425906,0.4977579254727475,0.43252100013288997
基础款/6582.mp4,基础款,bad,0.5984700322151184,0.5914916843175888,0.5775394439697266,0.6259940266609192,0.619428351521492,0.6127646304666996,0.5569118857383728,0.5529506057500839,0.5365649126470089,0.5881599187850952,0.5838129222393036,0.5748759992420673,0.4513090676883781,0.41826397146254457,0.39458576694386727
基础款/6595.mp4,基础款,bad,0.50299072265625,0.48709869384765625,0.4785038772970438,0.50537109375,0.4938703328371048,0.49063110165297985,0.4618264138698578,0.4398396834731102,0.43257361464202404,0.46503761410713196,0.4598855525255203,0.4535850081592798,0.48,0.4686097427476738,0.44216990274218615
基础款/6605.mp4,基础款,bad,0.5513916015625,0.5398627370595932,0.5264655202627182,0.5493338704109192,0.5480870008468628,0.5459594763815403,0.4928089380264282,0.4747975170612335,0.4677162915468216,0.5132948756217957,0.5112098306417465,0.5097719132900238,0.41839080459770117,0.40933016250495446,0.3950900816431483
基础款/6622.mp4,基础款,bad,0.46636962890625,0.4432525634765625,0.4304843470454216,0.4920131266117096,0.4853602945804596,0.47618974931538105,0.4208868145942688,0.39460449665784836,0.38748326152563095,0.4313929080963135,0.4295070916414261,0.4227793086320162,0.4374090870197655,0.41575180151859553,0.3970866800413845
基础款/6655.mp4,基础款,bad,0.583251953125,0.5711495578289032,0.5650245100259781,0.5980747938156128,0.5936584621667862,0.5868846364319324,0.5322544574737549,0.5199432522058487,0.5133963990956545,0.5644962191581726,0.5600451231002808,0.555896982550621,0.5361273209549071,0.5077339901477833,0.4844256161190926
基础款/6670.mp4,基础款,bad,0.429931640625,0.4183349609375,0.411224365234375,0.5172467827796936,0.4989972785115242,0.4915826003998518,0.362246572971344,0.3509841114282608,0.3407184612005949,0.4565214216709137,0.44978511333465576,0.44451702758669853,0.3383097723169067,0.30721803849033336,0.29970535736510506
基础款/6686.mp4,基础款,bad,0.569610595703125,0.5141623169183731,0.5030833035707474,0.5703125,0.5397077202796936,0.53071703389287,0.4505676329135895,0.4308413490653038,0.4260079711675644,0.48027488589286804,0.4688137322664261,0.4597962349653244,0.62685790725327,0.41787119788270494,0.4036352000366047
基础款/6726.mp4,基础款,bad,0.4969075620174408,0.4686279296875,0.45848253183066845,0.5331682562828064,0.5250026285648346,0.5223824679851532,0.4132190942764282,0.39629850536584854,0.3920149374753237,0.4623161852359772,0.46020597219467163,0.45800220407545567,0.5103448275862069,0.4977011494252873,0.4730603448275862
基础款/6774.mp4,基础款,bad,0.5209418535232544,0.4765082523226738,0.4701046459376812,0.5266810655593872,0.5051269382238388,0.4988316148519516,0.4578968286514282,0.4340277686715126,0.42683207243680954,0.47552490234375,0.4576667323708534,0.4555069450289011,0.5296483272011636,0.49324805339265854,0.36136257350489637
基础款/6787.mp4,基础款,bad,0.55224609375,0.5424346923828125,0.5342186503112316,0.5973249077796936,0.5901009440422058,0.587490625679493,0.49943462014198303,0.4865447133779526,0.48350309766829014,0.5615521669387817,0.5579017251729965,0.5546576529741287,0.4585070102311481,0.4336946300964292,0.42473189077012163
基础款/6806.mp4,基础款,bad,0.630828857421875,0.6280288696289062,0.579498291015625,0.6264473795890808,0.6227504312992096,0.5829206146299839,0.6146356463432312,0.6110028326511383,0.5542699713259935,0.6082117557525635,0.6029384881258011,0.5608857087790966,1.078544061302682,1.0487267142290926,0.6912491539981136
基础款/6814.mp4,基础款,bad,0.5386555790901184,0.5189616084098816,0.511435616761446,0.5419747233390808,0.5370527058839798,0.5319551713764668,0.5073784589767456,0.490915484726429,0.4809667617082596,0.5176786780357361,0.5127706974744797,0.5083227716386318,0.3318007662835249,0.31597304795877923,0.2875213270882788
基础款/6833.mp4,基础款,bad,0.4887346625328064,0.4688720703125,0.4618786405771971,0.590087890625,0.5783865600824356,0.5654591117054224,0.4502788484096527,0.43431349098682404,0.4189796503633261,0.5306683778762817,0.5197403728961945,0.5085419975221157,0.5055885850178359,0.3874889478337754,0.3752335981497694
基础款/6868.mp4,基础款,bad,0.4953070878982544,0.486612968146801,0.4788835309445858,0.4881243109703064,0.4855172410607338,0.47791944444179535,0.4265580475330353,0.4237155392765999,0.4197407141327858,0.44174015522003174,0.43688874691724777,0.43519704416394234,0.4988505747126436,0.45714798850574717,0.4250225945494994
基础款/6898.mp4,基础款,bad,0.4620535671710968,0.4540557861328125,0.43404315412044525,0.5313546061515808,0.4702802449464798,0.46375601179897785,0.4127160310745239,0.39585889875888824,0.38234337605535984,0.45702406764030457,0.42072342336177826,0.4183493237942457,0.6723152709359606,0.5440749863163656,0.4799655704927043
基础款/6906.mp4,基础款,bad,0.5520833134651184,0.5334091186523438,0.526461586356163,0.5664759874343872,0.5477164089679718,0.5406668521463871,0.5124945640563965,0.4930430054664612,0.48703669011592865,0.5319536924362183,0.5115212649106979,0.5071444846689701,0.5345300151948063,0.5012767840526654,0.4576304786229549
基础款/6925.mp4,基础款,bad,0.590667724609375,0.5792029201984406,0.5721364691853523,0.6170654296875,0.5936279445886612,0.5861467644572258,0.5586344599723816,0.5417825877666473,0.5369093716144562,0.5923103094100952,0.5674205273389816,0.5619363263249397,0.6673740053050397,0.5900246305418719,0.5614098529184737
基础款/6932.mp4,基础款,bad,0.6237095594406128,0.6051897257566452,0.5889456644654274,0.6591796875,0.6474435031414032,0.6398893110454082,0.5308905839920044,0.5221201777458191,0.5055121388286352,0.6279548406600952,0.6138933897018433,0.6094638630747795,0.42094508301404854,0.36023946360153253,0.35540184768726746
基础款/6948.mp4,基础款,bad,0.5896693468093872,0.5766950249671936,0.5635179802775383,0.6033412218093872,0.5989859700202942,0.595364160835743,0.5302477478981018,0.5231484025716782,0.5140178631991148,0.5607730746269226,0.5570472180843353,0.55355004966259,0.39724137931034487,0.3651116761127885,0.3468607500145536
基础款/6967.mp4,基础款,bad,0.5434027910232544,0.5242580622434616,0.4830699488520622,0.5095912218093872,0.4943629577755928,0.47337013855576515,0.4113214612007141,0.39930260181427,0.38404203206300735,0.4131433963775635,0.40826235711574554,0.40251182205975056,0.5195742182672105,0.4947871606311539,0.4307250840418983
基础款/7011.mp4,基础款,bad,0.55816650390625,0.5360870361328125,0.5244617462158203,0.5681501030921936,0.5596749633550644,0.5566177368164062,0.4998309910297394,0.4935634359717369,0.48560341261327267,0.5345100164413452,0.5279792100191116,0.5240254178643227,0.37574316290130805,0.3527963371899162,0.33519880893097304
基础款/7037.mp4,基础款,bad,0.5652552843093872,0.5309433788061142,0.5120359119027853,0.5887974500656128,0.5570853352546692,0.5442493930459023,0.5424064993858337,0.47231778502464294,0.46845101937651634,0.5631965398788452,0.5141888707876205,0.5084542669355869,0.5798212005108556,0.45122219110225104,0.4291710600743584
基础款/7080.mp4,基础款,bad,0.5913434624671936,0.5681675374507904,0.5565758645534515,0.6100028157234192,0.599945068359375,0.5917565487325191,0.5548878312110901,0.5242432951927185,0.4666476808488369,0.5836756229400635,0.5617190897464752,0.5537973269820213,0.9985007496251873,0.41150907304968204,0.39613286064188846
基础款/7104.mp4,基础款,bad,0.563629150390625,0.4791259765625,0.4774193558841944,0.5589424967765808,0.5090593695640564,0.5041176900267601,0.5026260018348694,0.439993716776371,0.43282393738627434,0.5183572173118591,0.4647710472345352,0.46508026123046875,0.6045184304399525,0.5629013079667063,0.5120808789342626
基础款/7245.mp4,基础款,bad,0.533599853515625,0.5047454833984375,0.4940408989787102,0.5519670844078064,0.543683722615242,0.5401458777487278,0.4652484953403473,0.4508904293179512,0.4458520859479904,0.5075037479400635,0.5003563463687897,0.49630378745496273,0.4649261083743842,0.44862068965517243,0.41285265181816905
基础款/7365.mp4,基础款,bad,0.60107421875,0.5858764797449112,0.5690368600189686,0.6210588812828064,0.611628919839859,0.6054600365459919,0.5422698259353638,0.5335980504751205,0.5255774334073067,0.5526589751243591,0.5493531972169876,0.5473033674061298,0.49576354679802953,0.46559706257982114,0.45906174620295187
基础款/7458.mp4,基础款,bad,0.488128662109375,0.4748426154255867,0.4635045789182186,0.4964076578617096,0.4862801730632782,0.4819553941488266,0.4451460540294647,0.4336092844605446,0.42489982582628727,0.4560546875,0.4506530836224556,0.4478257093578577,0.6354679802955665,0.578790465878172,0.5623409471310521
基础款/7465.mp4,基础款,bad,0.6029297113418579,0.5860671997070312,0.583384957164526,0.6031494140625,0.583439439535141,0.5814732164144516,0.567779541015625,0.5622127056121826,0.5596364624798298,0.56488037109375,0.5605369955301285,0.5575794838368893,1.078691904047976,1.0437247474747475,0.9202549744026708
基础款/7552.mp4,基础款,bad,0.591461181640625,0.5786132961511612,0.5726782530546188,0.5779680609703064,0.5725751519203186,0.567985538393259,0.527349591255188,0.5227571874856949,0.516201002523303,0.5240873694419861,0.5215687304735184,0.5167759172618389,0.49267241379310345,0.4662958843159065,0.43789855107207243
星月款/6149.mp4,星月款,eval_good,0.7752685546875,0.7549699991941452,0.7483404688537121,0.7658516764640808,0.7512010782957077,0.7368332967162132,0.7472737431526184,0.7080255150794983,0.6921526528894901,0.7314632534980774,0.6998492777347565,0.6894835233688354,1.0025575447570332,0.8721739130434782,0.547879077375939
星月款/6232.mp4,星月款,eval_good,0.6194254755973816,0.5950982421636581,0.5656923595815897,0.6674456000328064,0.6363917887210846,0.618508480489254,0.5878336429595947,0.5320274829864502,0.5162024181336164,0.6269674897193909,0.6055827587842941,0.5834265314042568,0.7229064039408867,0.6555969490002473,0.5321206285110405
星月款/6486.mp4,星月款,eval_good,0.66461181640625,0.6482162475585938,0.5934635400772095,0.6895228624343872,0.6810695081949234,0.6531764417886734,0.6022077202796936,0.5936468243598938,0.5519848763942719,0.6512055993080139,0.6420449465513229,0.602189227938652,0.9100337049520353,0.7591054097011645,0.6382724019115669
星月款/6857.mp4,星月款,eval_good,0.6181640625,0.5843734741210938,0.5796843655407429,0.6521868109703064,0.6459829956293106,0.6303645484149456,0.5544956922531128,0.5276168435811996,0.5037798210978508,0.6091200709342957,0.6032670140266418,0.5853385962545872,0.6640299921723727,0.6368677020616677,0.5714533303655017
星月款/6957.mp4,星月款,eval_good,0.7912264466285706,0.7646980285644531,0.7559632323682308,0.7873709797859192,0.7823290079832077,0.7776026129722595,0.7518027424812317,0.6779494732618332,0.6686295568943024,0.7445786595344543,0.7415201663970947,0.7353324964642525,0.7407119366691304,0.4969447747390673,0.49366826164537225
星月款/7227.mp4,星月款,eval_good,0.618804931640625,0.615264892578125,0.6099141426384449,0.6345389485359192,0.6322282999753952,0.6302544809877872,0.5647147297859192,0.5606086403131485,0.5539909340441227,0.6110696196556091,0.6071849316358566,0.6050780825316906,0.4837891399128022,0.4791321135872553,0.4590089768598936
星月款/7256.mp4,星月款,eval_good,0.7245280146598816,0.6792568564414978,0.6584985814988613,0.7404000163078308,0.7047598659992218,0.6923452094197273,0.6466389894485474,0.6285033822059631,0.6123049929738045,0.6837965846061707,0.6521364003419876,0.6390649005770683,0.5569786535303778,0.5054513025618852,0.4718813848735781
星月款/6271.mp4,星月款,eval_good,0.5982776880264282,0.5753784030675888,0.568326361477375,0.5962437391281128,0.5780813992023468,0.571308683604002,0.5624366998672485,0.5381786078214645,0.5325247570872307,0.5577644109725952,0.5372224450111389,0.533590205013752,0.5757027327661366,0.5368119271345079,0.5170818482553745
星月款/6807.mp4,星月款,eval_good,0.7523345947265625,0.6507415771484375,0.6385766118764877,0.7511160969734192,0.6655665934085846,0.665556225925684,0.7305551171302795,0.590847834944725,0.5919637195765972,0.728813648223877,0.6388190686702728,0.6335403248667717,0.6926655719759167,0.6289664996561548,0.5713214559401227
星月款/7206.mp4,星月款,eval_good,0.7436370849609375,0.5968551635742188,0.5695100463926792,0.7550310492515564,0.7087838053703308,0.6790651567280293,0.6305367350578308,0.5474010705947876,0.5080590136349201,0.7049542665481567,0.6235320270061493,0.6118431128561497,0.5919795657726692,0.50599365191956,0.47540025871380215
星月款/7250.mp4,星月款,eval_good,0.8106231689453125,0.8072636872529984,0.7796087265014648,0.8107386827468872,0.8042929619550705,0.7851802259683609,0.7897484302520752,0.7856321781873703,0.7286225967109203,0.7797941565513611,0.7747708410024643,0.7463634796440601,0.690986920332937,0.6250884124122589,0.6118682074313692
星月款/7529.mp4,星月款,eval_good,0.7994559407234192,0.7902641296386719,0.7845241017639637,0.8157435655593872,0.8087572306394577,0.8050667904317379,0.6993727684020996,0.6912834495306015,0.684468574821949,0.7782161831855774,0.7692220211029053,0.7630596235394478,0.604571277579601,0.45910952569692165,0.4326066851631655
星月款/7604.mp4,星月款,eval_good,0.6139439344406128,0.6027570366859436,0.5982322730123997,0.6346958875656128,0.6342206597328186,0.6304419338703156,0.5746721625328064,0.566987007856369,0.5605425126850605,0.6115937829017639,0.6089935451745987,0.6059651039540768,0.5381237952452345,0.5251283430534321,0.47633608513361525
星月款/5645.mp4,星月款,bad,0.656494140625,0.6464050263166428,0.6415161192417145,0.6568428874015808,0.649797722697258,0.6455917358398438,0.6269674897193909,0.6223479807376862,0.6156661845743656,0.6332505345344543,0.6265913844108582,0.6202132254838943,0.6157635467980296,0.5986247947454844,0.5903453910299753
星月款/6167.mp4,星月款,bad,0.741241455078125,0.7378196716308594,0.7183444760739803,0.7606288194656372,0.752210333943367,0.7497640363872051,0.6641179919242859,0.6418893039226532,0.6231405846774578,0.7311204075813293,0.7202588021755219,0.7144561111927032,0.5327635327635327,0.5217028974460602,0.4964015201896852
星月款/6230.mp4,星月款,bad,0.7271205186843872,0.645453542470932,0.6445244066417217,0.7179652452468872,0.668443962931633,0.6671763882040977,0.6849094033241272,0.6084621846675873,0.6118303313851357,0.6739968657493591,0.6336454451084137,0.6331169940531254,0.6344827586206896,0.594127574699858,0.563734404360579
星月款/6318.mp4,星月款,bad,0.6361219882965088,0.5873587280511856,0.5738021321594715,0.7047032117843628,0.6203351616859436,0.6206801235675812,0.6015421748161316,0.5397443771362305,0.5364098735153675,0.652167797088623,0.5758675783872604,0.57864098995924,1.0079862666069563,0.5997726070651677,0.6441658703774629
星月款/6437.mp4,星月款,bad,0.6945103406906128,0.6866716742515564,0.675020132213831,0.6931501030921936,0.691816046833992,0.6871425099670887,0.6720525622367859,0.6689397692680359,0.6530332118272781,0.6677712798118591,0.6665819883346558,0.6610632464289665,0.8701761971678738,0.862805050676632,0.8320783769557227
星月款/6509.mp4,星月款,bad,0.6591796875,0.651950404047966,0.6440724246203899,0.6884590983390808,0.6691371500492096,0.6679633036255836,0.6035655736923218,0.5990808755159378,0.5703251510858536,0.6256570219993591,0.6228170990943909,0.6181151494383812,0.7422321097515758,0.7241379310344828,0.618372439407018
星月款/6515.mp4,星月款,bad,0.6922200322151184,0.6368882656097412,0.629368245601654,0.6941964030265808,0.6449236273765564,0.6389814093708992,0.589756965637207,0.5720922201871872,0.5600628703832626,0.6072244048118591,0.5881536155939102,0.5793504118919373,0.5862068965517242,0.5521488024460677,0.5175361185541558
星月款/6563.mp4,星月款,bad,0.739776611328125,0.7063816636800766,0.6963040493428707,0.7734462022781372,0.7597438097000122,0.7475733011960983,0.6934782862663269,0.6689172685146332,0.6577068604528904,0.7391465306282043,0.729265570640564,0.7165687866508961,0.6174712643678161,0.5997112281297775,0.5675399995894082
星月款/6661.mp4,星月款,bad,0.6547309160232544,0.6289062649011612,0.6055603139102459,0.6570347547531128,0.6372506320476532,0.6270926333963871,0.6171224117279053,0.5900390595197678,0.5571770705282688,0.6353724002838135,0.6195391267538071,0.5916083753108978,0.5610632183908045,0.5018745107732872,0.492167094096321
星月款/6711.mp4,星月款,bad,0.6876220703125,0.678375244140625,0.6704940795898438,0.6761823296546936,0.6658848524093628,0.6598194725811481,0.6705643534660339,0.660313680768013,0.6535602621734142,0.62957763671875,0.6199322938919067,0.6130745783448219,0.7586206896551724,0.6843501326259946,0.6610079575596817
星月款/6754.mp4,星月款,bad,0.6309989094734192,0.595367431640625,0.5893145985901356,0.6767229437828064,0.6609889566898346,0.646870207041502,0.5594764351844788,0.5543692409992218,0.5463604666292667,0.6024385094642639,0.5972936153411865,0.5881491303443909,0.6895600475624257,0.5680439350217366,0.521335884007931
星月款/6808.mp4,星月款,bad,0.67816162109375,0.6748733520507812,0.6660090871155262,0.7291783094406128,0.7273036390542984,0.7240551486611366,0.6130178570747375,0.6068098992109299,0.6022156178951263,0.686042308807373,0.6839428842067719,0.6813241168856621,0.6507024265644954,0.6221022998668659,0.6113043207618118
星月款/6829.mp4,星月款,bad,0.6996024250984192,0.6890978068113327,0.6865283362567425,0.7273472547531128,0.714141845703125,0.7113178856670856,0.6654887795448303,0.6601273566484451,0.6575641483068466,0.701897144317627,0.6912805736064911,0.6893591023981571,0.5436596218020022,0.515408787541713,0.496654295370925
星月款/6879.mp4,星月款,bad,0.7411566972732544,0.7341240793466568,0.7315021082758904,0.7323870062828064,0.7279924601316452,0.7255559600889683,0.6917425990104675,0.6867621690034866,0.6742544211447239,0.6951401829719543,0.6894459575414658,0.686208501458168,0.41196987713040034,0.40178600602059616,0.38816121076774673
星月款/6908.mp4,星月款,bad,0.7393951416015625,0.7206039428710938,0.6803255081176758,0.7450474500656128,0.7367989718914032,0.689311433583498,0.7094551920890808,0.6924688816070557,0.6347314231097698,0.7274565100669861,0.7162394970655441,0.6586700975894928,0.9204812798279223,0.8278886872353297,0.5585634567437663
星月款/6952.mp4,星月款,bad,0.7767605185508728,0.7578866332769394,0.733054131269455,0.7984183430671692,0.7873970866203308,0.7847426310181618,0.7163612842559814,0.6949781775474548,0.6725867539644241,0.7779631018638611,0.7399722635746002,0.7391457259654999,0.7609528569048809,0.6126634958382877,0.6142748727206283
星月款/7027.mp4,星月款,bad,0.6439732313156128,0.6385585367679596,0.6347198486328125,0.7065081000328064,0.7018040269613266,0.6994683407247066,0.614941418170929,0.6115251928567886,0.6084173209965229,0.677490234375,0.671769991517067,0.6705614030361176,0.48714458560193585,0.46164253399615973,0.44715265722401965
星月款/7077.mp4,星月款,bad,0.7095702886581421,0.686053454875946,0.6547927893698215,0.7107630968093872,0.683685302734375,0.6733136810362339,0.6296865344047546,0.6192145645618439,0.5858519896864891,0.6485452055931091,0.6371235549449921,0.6258470825850964,0.5967159277504105,0.5761683270216529,0.568297486343813
星月款/7106.mp4,星月款,bad,0.703704833984375,0.6925201416015625,0.6797384507954121,0.693603515625,0.6856602430343628,0.6766379214823246,0.6583698391914368,0.653321772813797,0.641813263297081,0.6525447964668274,0.6488378047943115,0.6418073251843452,0.6129415826013578,0.5973262574179302,0.5666420825486933
星月款/7150.mp4,星月款,bad,0.605761706829071,0.5995625555515289,0.5866391845047474,0.6176932454109192,0.6074480563402176,0.6045303381979465,0.5645168423652649,0.5616634637117386,0.5536861643195152,0.5733247399330139,0.5675856471061707,0.5631379447877407,0.6541871921182266,0.6254119245795822,0.5397608904758251
星月款/7177.mp4,星月款,bad,0.739013671875,0.7184677124023438,0.6920318603515625,0.7403041124343872,0.7218409925699234,0.7167472839355469,0.6839572191238403,0.6217331886291504,0.5867696851491928,0.7059290409088135,0.6732940524816513,0.6655112989246845,0.63705112960761,0.5839408866995075,0.5499800818643594
星月款/7416.mp4,星月款,bad,0.5621337890625,0.5547256469726562,0.5488211326301098,0.6288887858390808,0.6115330308675766,0.6008714884519577,0.5265612602233887,0.5166860520839691,0.5075803082436323,0.5697308778762817,0.5601474642753601,0.5544554814696312,0.4934601664684899,0.46245926366318757,0.44455443706455056
星月款/7462.mp4,星月款,bad,0.6284993290901184,0.6170763224363327,0.6138167567551136,0.6220005750656128,0.6146152913570404,0.6102120541036129,0.5941905379295349,0.5872582495212555,0.581685271114111,0.5842320919036865,0.5783000141382217,0.5752552263438702,0.44617476208132495,0.3892618782774512,0.3841420367370477
星月款/7502.mp4,星月款,bad,0.6544014811515808,0.6475394070148468,0.6369345597922802,0.714599609375,0.706342414021492,0.7003391794860363,0.601747453212738,0.5903523713350296,0.5857463777065277,0.65924072265625,0.6525349318981171,0.6485963761806488,0.5594292508917955,0.5215762808251047,0.5087862872750817
星月款/7588.mp4,星月款,bad,0.8000640869140625,0.7862930297851562,0.7759806327521801,0.81732177734375,0.8044411987066269,0.7942330539226532,0.7460559606552124,0.7274875491857529,0.7091953381896019,0.7753080725669861,0.769195556640625,0.7454525493085384,0.7063020214030916,0.6469150482230149,0.6245406246471231
星月款/6164.mp4,星月款,bad,0.6903483271598816,0.6666336059570312,0.6552210934460163,0.7038922905921936,0.698673814535141,0.6965735405683517,0.6193126440048218,0.6024518609046936,0.590325977653265,0.657958984375,0.6551962494850159,0.6504132896661758,0.7905821282906933,0.7647783251231528,0.7120787273786235
星月款/6313.mp4,星月款,bad,0.7400970458984375,0.7277870178222656,0.7260777615010738,0.74114990234375,0.7381025105714798,0.7368605472147465,0.6996980905532837,0.6879646480083466,0.6827040873467922,0.714637279510498,0.7115204781293869,0.710329283028841,0.5952380952380952,0.5837919105160484,0.5538767880674837
星月款/6612.mp4,星月款,bad,0.8126899003982544,0.8111495971679688,0.8045681864023209,0.8227277398109436,0.821049302816391,0.8200018778443336,0.77471923828125,0.7663214802742004,0.7608105055987835,0.799407958984375,0.7984183877706528,0.7972957380115986,0.6344827586206896,0.6131259083102127,0.6047585624948884
星月款/6759.mp4,星月款,bad,0.6339111328125,0.6108601689338684,0.6045154370367527,0.6499546766281128,0.6411481499671936,0.6401388980448246,0.603466808795929,0.5701151341199875,0.5579183362424374,0.6142542362213135,0.6091425269842148,0.6061966829001904,0.5908550426980868,0.556014042624493,0.5399120966591335
星月款/7355.mp4,星月款,bad,0.8043365478515625,0.7903366088867188,0.7832394689321518,0.8014439344406128,0.7900128960609436,0.7829175740480423,0.7728390693664551,0.73349529504776,0.726933691650629,0.7629591822624207,0.751134067773819,0.7272668741643429,0.5578896375567006,0.5401418064913903,0.5041283872449248
森林款/5606.mp4,森林款,eval_good,0.73187255859375,0.7238235473632812,0.7167246676981449,0.7232491374015808,0.718540757894516,0.712247584015131,0.6991237998008728,0.6946332901716232,0.6910927928984165,0.6908856630325317,0.6877872198820114,0.6844401657581329,0.556741470534574,0.5342252957770199,0.5165476807510101
森林款/5691.mp4,森林款,eval_good,0.7902984619140625,0.7865388095378876,0.7649345397949219,0.7979736328125,0.7940717488527298,0.7889992818236351,0.7482190132141113,0.7462117969989777,0.7149493396282196,0.7730748653411865,0.7692534476518631,0.7641028240323067,0.49940546967895355,0.4842119170299907,0.4576958590038903
森林款/6412.mp4,森林款,eval_good,0.6963239312171936,0.6922782063484192,0.6869768425822258,0.7117396593093872,0.6981549710035324,0.6963359229266644,0.6573893427848816,0.6515210270881653,0.6461626924574375,0.6729377508163452,0.6691041886806488,0.6656429059803486,0.6539833531510107,0.4735575002467418,0.4349286253555563
森林款/6755.mp4,森林款,eval_good,0.7044503092765808,0.6840384304523468,0.6805052049458027,0.7372785210609436,0.7240709364414215,0.717037744820118,0.6517605185508728,0.646327942609787,0.6346587315201759,0.7053312659263611,0.6868075430393219,0.6838343106210232,0.6651317198543585,0.653906677613574,0.6392245128199026
森林款/6824.mp4,森林款,eval_good,0.70703125,0.7007531076669693,0.6978467293083668,0.72918701171875,0.7229505330324173,0.7191009521484375,0.656499981880188,0.6485276073217392,0.6457560807466507,0.6841825842857361,0.6799325197935104,0.6763058863580227,0.4921861729233905,0.4814931204348565,0.46388165386381797
森林款/5610.mp4,森林款,bad,0.6927664875984192,0.6866531372070312,0.6788635216653347,0.6878662109375,0.6818629801273346,0.6767490915954113,0.6577684283256531,0.6520439386367798,0.6439759843051434,0.6606086492538452,0.6516939252614975,0.6461071632802486,1.2948525737131436,1.268764122212398,1.1989107933823075
森林款/5699.mp4,森林款,bad,0.74481201171875,0.7311350703239441,0.7249566167593002,0.7649100422859192,0.7575509399175644,0.7552021592855453,0.6990079283714294,0.6950758844614029,0.6846988014876842,0.7307649254798889,0.728717565536499,0.7261808067560196,0.5626458801250716,0.4952791461412151,0.477553409846475
森林款/5743.mp4,森林款,bad,0.72021484375,0.6847152709960938,0.6687812805175781,0.7364153265953064,0.7051348090171814,0.6949386671185493,0.6791867017745972,0.6431368887424469,0.6304980665445328,0.7047011256217957,0.6723426431417465,0.6620983853936195,0.41890166028097064,0.3563463994498478,0.3444961089357641
森林款/6060.mp4,森林款,bad,0.6669921875,0.6496480107307434,0.6441980972886086,0.7534877061843872,0.7462572455406189,0.7402387298643589,0.6335067749023438,0.6199008822441101,0.6103217117488384,0.6977574825286865,0.6935267895460129,0.6907734647393227,0.5111330049261085,0.4951683087027915,0.4778941819674578
森林款/6286.mp4,森林款,bad,0.7509562373161316,0.7451716959476471,0.7412228845059872,0.75537109375,0.7441384494304657,0.7426719665527344,0.7339555621147156,0.726824089884758,0.7231028378009796,0.733757495880127,0.7305113971233368,0.7262830212712288,0.6907498631636563,0.5900353394731206,0.5907867792294328
森林款/6383.mp4,森林款,bad,0.764984130859375,0.7149217575788498,0.6982954926788807,0.7708478569984436,0.7529493123292923,0.7450883015990257,0.7059558629989624,0.6737192124128342,0.6586959920823574,0.744849681854248,0.7158975005149841,0.7104235291481018,0.6735632183908046,0.6212643678160918,0.5591456863038313
森林款/6727.mp4,森林款,bad,0.7111467719078064,0.6892525851726532,0.6874825581908226,0.7520926594734192,0.7436894178390503,0.7361155971884727,0.6721462607383728,0.6593373715877533,0.6522908434271812,0.7103666663169861,0.7006346881389618,0.6984629929065704,0.724082403242823,0.6979100529100529,0.661334788954729
森林款/6776.mp4,森林款,bad,0.724609375,0.6448189616203308,0.6297235637903214,0.7268589735031128,0.6563589721918106,0.6479241512715816,0.6880460977554321,0.6205540895462036,0.5912128612399101,0.7002527713775635,0.6350061595439911,0.6182421520352364,0.7569786535303776,0.6304646821888201,0.6118115002434374
森林款/6874.mp4,森林款,bad,0.7750244140625,0.7082901000976562,0.7022021152079105,0.7775617241859436,0.7123718410730362,0.7149816229939461,0.7431369423866272,0.6430852115154266,0.6387671828269958,0.753532886505127,0.679393082857132,0.6820144578814507,0.9268965517241379,0.4863944022683618,0.49058028960710165
森林款/6903.mp4,森林款,bad,0.8174285888671875,0.7857137471437454,0.7483280748128891,0.82037353515625,0.8163779079914093,0.7900761216878891,0.7549932599067688,0.7109427899122238,0.6790026985108852,0.7868203520774841,0.7696977406740189,0.7388780266046524,0.8786717752234994,0.6635530714049106,0.655111322247964
森林款/6924.mp4,森林款,bad,0.7581438422203064,0.7492319941520691,0.7465882115066051,0.7728184461593628,0.7700565755367279,0.7678871192038059,0.7000066637992859,0.6967252045869827,0.6948752105236053,0.741462230682373,0.7384930700063705,0.7372464537620544,0.5952629745733194,0.5818169807468262,0.5697242180708422
森林款/7002.mp4,森林款,bad,0.7495795488357544,0.7414550632238388,0.7356841042637825,0.7516654133796692,0.7446681261062622,0.7430261895060539,0.7183701992034912,0.7137165814638138,0.7073611281812191,0.7221715450286865,0.7192728370428085,0.7172578871250153,0.8044380587484037,0.7837770107179844,0.7057648398177626
森林款/7251.mp4,森林款,bad,0.7057408094406128,0.6916852444410324,0.6815323568880558,0.7100132703781128,0.6988307386636734,0.6949833482503891,0.6648288369178772,0.6466874182224274,0.6352424286305904,0.6802619695663452,0.6647132337093353,0.6596289202570915,0.6004597701149426,0.5253544656243306,0.4859374303995744
森林款/7300.mp4,森林款,bad,0.7888590693473816,0.7636152058839798,0.7330718077719212,0.8132672905921936,0.8007180392742157,0.7670271769165993,0.727294921875,0.6898056119680405,0.665643822401762,0.7988765835762024,0.7706227004528046,0.7320157214999199,0.9720853858784892,0.8382594417077176,0.6259562115120973
森林款/7444.mp4,森林款,bad,0.790283203125,0.7866744995117188,0.7748355865478516,0.7959246039390564,0.7924129068851471,0.7895322628319263,0.7248981595039368,0.7024590820074081,0.6897976584732533,0.7613507509231567,0.755279541015625,0.7515197023749352,0.6282503192848021,0.5423850574712643,0.5201860738350037
森林款/5954.mp4,森林款,bad,0.7572784423828125,0.6513933390378952,0.6538566872477531,0.7945731282234192,0.7778015285730362,0.7725601233541965,0.6794346570968628,0.6126436293125153,0.6081501469016075,0.7662855982780457,0.745653510093689,0.7429027631878853,0.9073098918521036,0.4518283440697234,0.46323601067345577
森林款/5989.mp4,森林款,bad,0.720733642578125,0.7103347778320312,0.7059822082519531,0.7206856608390808,0.7119140475988388,0.7089658491313457,0.6866127848625183,0.6811301559209824,0.6760692112147808,0.7027444243431091,0.6907967925071716,0.6898280866444111,0.7561576354679803,0.6516476983183285,0.6436693137421438
森林款/6706.mp4,森林款,bad,0.7254638671875,0.721869558095932,0.7184149399399757,0.7289690375328064,0.7244110256433487,0.7202017642557621,0.6910310983657837,0.6861743479967117,0.6831506825983524,0.6966391205787659,0.6932857632637024,0.6880219392478466,0.5543766578249336,0.5332250983261685,0.52463097742527
森林款/6853.mp4,森林款,bad,0.6805245280265808,0.656366616487503,0.6528140418231487,0.7140067219734192,0.7070879489183426,0.6813899464905262,0.624755859375,0.612446665763855,0.6074617132544518,0.672187328338623,0.6657499372959137,0.6436215490102768,0.8071519795657727,0.6665141467727675,0.6485642709780641
潜水款/6296.mp4,潜水款,eval_good,0.7846950888633728,0.7805730998516083,0.7736173085868359,0.7822701334953308,0.7760271281003952,0.7741612046957016,0.7723274827003479,0.7627964317798615,0.7521173544228077,0.7667667269706726,0.7559976130723953,0.7533748783171177,0.9868177799212281,0.9356755292387476,0.8822508192941029
潜水款/6512.mp4,潜水款,eval_good,0.7947474718093872,0.7805481106042862,0.7097173444926739,0.7901872992515564,0.7767115980386734,0.7120671942830086,0.7813683748245239,0.7694794535636902,0.6745843850076199,0.7708381414413452,0.7593612670898438,0.6788996495306492,1.1637931034482758,1.083052223888056,0.7533328323067074
潜水款/6719.mp4,潜水款,eval_good,0.7215052843093872,0.7014149129390717,0.6903313286602497,0.759521484375,0.73193359375,0.7173723541200161,0.6649354696273804,0.6437398344278336,0.6331667527556419,0.730827808380127,0.709527388215065,0.691058661788702,0.46549169859514683,0.41986590038314175,0.41085625495954814
潜水款/6789.mp4,潜水款,eval_good,0.700286865234375,0.6814422607421875,0.6637453362345695,0.7059500813484192,0.6885506957769394,0.6847795732319355,0.639886736869812,0.628705695271492,0.6171104274690151,0.6681195497512817,0.6574662178754807,0.6523792035877705,0.5984938565200157,0.5546011477020111,0.5073895619240189
潜水款/6838.mp4,潜水款,eval_good,0.662353515625,0.5946720689535141,0.5592395253479481,0.6832798719406128,0.6632341891527176,0.6614249125123024,0.5896742343902588,0.5509172677993774,0.4901189599186182,0.6500818729400635,0.616932600736618,0.6058062352240086,0.31208395802098954,0.30137931034482757,0.2876150813482148
潜水款/6916.mp4,潜水款,eval_good,0.6812569499015808,0.67486572265625,0.6643194481730461,0.6928362250328064,0.6737191379070282,0.6684951782226562,0.6578822731971741,0.6376300752162933,0.6321975663304329,0.6588349938392639,0.6470776498317719,0.6426988393068314,0.8196040868454662,0.5376245210727969,0.5054195311532268
潜水款/6935.mp4,潜水款,eval_good,0.6330217719078064,0.61029052734375,0.5842508599162102,0.6374163031578064,0.611271470785141,0.597286768257618,0.60107421875,0.558286115527153,0.5301670078188181,0.5975736975669861,0.5686277747154236,0.5576968528330326,0.6564495530012772,0.5196878727913211,0.5118961198004004
潜水款/6938.mp4,潜水款,eval_good,0.6213650107383728,0.6014938354492188,0.5839895531535149,0.6534598469734192,0.628400519490242,0.6253869161009789,0.5741753578186035,0.5359468162059784,0.5247658733278513,0.6167710423469543,0.5957839041948318,0.5875888094305992,0.5533976306865724,0.3821508785836966,0.3744077355710972
潜水款/6955.mp4,潜水款,eval_good,0.7771708369255066,0.7666473537683487,0.7509538866579533,0.7886090874671936,0.7791748046875,0.7701682969927788,0.7483634352684021,0.7200291305780411,0.710329819470644,0.7549169063568115,0.7478525638580322,0.7370645925402641,0.7213219462030402,0.514732713008575,0.49402046635260743
潜水款/7036.mp4,潜水款,eval_good,0.6398228406906128,0.6172010749578476,0.6099994294345379,0.6767229437828064,0.6358075588941574,0.6294119656085968,0.5881569385528564,0.5721241235733032,0.5648279041051865,0.6381117701530457,0.5987638533115387,0.5906266644597054,1.007496251874063,0.41938168846611174,0.4382622408349739
潜水款/6109.mp4,潜水款,eval_good,0.69586181640625,0.6861724853515625,0.6699594743549824,0.6913539171218872,0.6779523491859436,0.6728308573365211,0.667724609375,0.6428535431623459,0.6211003325879574,0.6518375277519226,0.6324579566717148,0.6298042759299278,0.6334610472541508,0.566609415598714,0.504162703131193
潜水款/6193.mp4,潜水款,eval_good,0.684417724609375,0.6441007405519485,0.6066324785351753,0.7282540202140808,0.7089102864265442,0.6929179579019547,0.5968925356864929,0.5773206055164337,0.5425050985068083,0.621039867401123,0.6127166897058487,0.6012968234717846,0.7744024812990329,0.6758876117496807,0.5984462741064415
潜水款/6226.mp4,潜水款,eval_good,0.6068638563156128,0.58154296875,0.5728214830160141,0.6025390625,0.6007821410894394,0.5977510660886765,0.5602552890777588,0.5439620316028595,0.52425173856318,0.5741074681282043,0.5677176266908646,0.5640507936477661,0.5235288338736614,0.4976395730706075,0.44738243205246775
潜水款/7427.mp4,潜水款,eval_good,0.7704206109046936,0.7144508361816406,0.642910547554493,0.7921665906906128,0.7593056559562683,0.709848128259182,0.7137212753295898,0.6258969604969025,0.5674724988639355,0.7596094608306885,0.689258798956871,0.652893178164959,0.6507024265644955,0.6226819923371647,0.5626728432444971
潜水款/5960.mp4,潜水款,bad,0.718353271484375,0.6896616518497467,0.6850975230336189,0.7281319499015808,0.709821417927742,0.7024448961019516,0.6627429723739624,0.6478233188390732,0.6343180350959301,0.6955351233482361,0.6794209182262421,0.6730965971946716,0.5491698595146871,0.5229686880697582,0.5128140496377713
潜水款/6066.mp4,潜水款,bad,0.6415771245956421,0.6318359225988388,0.6187040694057941,0.6478446125984192,0.6407427191734314,0.6349498257040977,0.612150251865387,0.5987451821565628,0.5865580141544342,0.6300084590911865,0.618885725736618,0.6111999973654747,1.3494411414982164,0.7110591133004927,0.6878244654315684
潜水款/6098.mp4,潜水款,bad,0.6172223687171936,0.5939244031906128,0.5705155543982983,0.6414446234703064,0.6388549953699112,0.6213030107319355,0.5644192099571228,0.5531309545040131,0.5306159500032663,0.5882245302200317,0.5852643102407455,0.5700589381158352,0.6229246487867177,0.588323754789272,0.5538611967894504
潜水款/6108.mp4,潜水款,bad,0.6920166015625,0.6819229125976562,0.6594242118299007,0.6779959797859192,0.668836310505867,0.6526412963867188,0.6302747130393982,0.6257693767547607,0.6042091473937035,0.604560375213623,0.6004692316055298,0.5938904695212841,0.7914503769620566,0.7819430415801862,0.652432970664237
潜水款/6248.mp4,潜水款,bad,0.6228376030921936,0.6141793429851532,0.5970765948295593,0.6441650390625,0.631482794880867,0.6267351433634758,0.5833407044410706,0.5698837488889694,0.5578684285283089,0.5893195867538452,0.576202392578125,0.5720318034291267,0.843823901446406,0.7383090185676393,0.7274250064547656
潜水款/6251.mp4,潜水款,bad,0.6294991374015808,0.620343878865242,0.5604427866637707,0.6263951063156128,0.6130022406578064,0.5966273695230484,0.5640665888786316,0.5501050353050232,0.5065080914646387,0.5602524876594543,0.5568308979272842,0.5463090762495995,0.547055702917772,0.5,0.4650329284381009
潜水款/6300.mp4,潜水款,bad,0.739227294921875,0.7110188603401184,0.7048666253685951,0.7403215765953064,0.7353123426437378,0.7335695549845695,0.6981201171875,0.6466622799634933,0.6417780369520187,0.7138563990592957,0.7072368115186691,0.7054582498967648,0.5477322914897231,0.5149425287356322,0.4974011559094122
潜水款/6316.mp4,潜水款,bad,0.622802734375,0.6157150268554688,0.6090739108622074,0.6601911187171936,0.6458958089351654,0.6417083777487278,0.5702418088912964,0.5617030709981918,0.5445854440331459,0.5909028649330139,0.583507776260376,0.578153271228075,0.5410158168778859,0.5007613714510266,0.4758662529998737
潜水款/6424.mp4,潜水款,bad,0.7327357530593872,0.7058029174804688,0.6864948272705078,0.7284632921218872,0.7040797621011734,0.6917375847697258,0.7177056074142456,0.641575500369072,0.6340651921927929,0.7002815008163452,0.6394473761320114,0.629476435482502,0.9926947637292465,0.5613482941069148,0.5196459653262502
潜水款/6462.mp4,潜水款,bad,0.558349609375,0.5482210367918015,0.5454771853983402,0.6332135796546936,0.5924028605222702,0.5892933495342731,0.5130615234375,0.5040424168109894,0.5028088428080082,0.5630959868431091,0.5443348586559296,0.5436358712613583,0.5823872679045092,0.5672354848216917,0.533049624282939
潜水款/6473.mp4,潜水款,bad,0.5493861436843872,0.5432565063238144,0.5354788638651371,0.665771484375,0.6563938856124878,0.6491121649742126,0.4908311665058136,0.4755248948931694,0.4684698339551687,0.6397202610969543,0.6271667629480362,0.615630216896534,0.4845977011494253,0.43427841634738185,0.40685185185185185
潜水款/6495.mp4,潜水款,bad,0.6343994140625,0.6280255913734436,0.616909570991993,0.6937255859375,0.6772068589925766,0.6685616634786129,0.5858924984931946,0.5544621646404266,0.5410126410424709,0.6435080170631409,0.6275051236152649,0.6247525028884411,0.3652618135376756,0.34308845577211394,0.3154405596347125
潜水款/6523.mp4,潜水款,bad,0.790283203125,0.784693032503128,0.7783684022724628,0.7884521484375,0.7857753336429596,0.7805911488831043,0.7633870244026184,0.7570018172264099,0.739989560097456,0.7637203335762024,0.7579471170902252,0.7516528815031052,0.6144572158365261,0.5859770114942529,0.5576500836883146
潜水款/6609.mp4,潜水款,bad,0.7592010498046875,0.7555809020996094,0.7484245300292969,0.7520228624343872,0.7481493353843689,0.743449617177248,0.7160237431526184,0.7109890878200531,0.704697772860527,0.7154253721237183,0.7117277979850769,0.7071023806929588,0.6569780243977628,0.643646196923785,0.6324045255741393
潜水款/6620.mp4,潜水款,bad,0.7302653193473816,0.7263968288898468,0.721920557320118,0.7503487467765808,0.74884033203125,0.74655532091856,0.6852657198905945,0.6799235194921494,0.6742037646472454,0.7230476140975952,0.7189474701881409,0.7171050757169724,0.4851574212893553,0.44891443167305234,0.43940894632049055
潜水款/6669.mp4,潜水款,bad,0.645416259765625,0.6132736206054688,0.6035512275993824,0.6426129937171936,0.626007080078125,0.6233476921916008,0.5511939525604248,0.5294407904148102,0.5223783142864704,0.5919691920280457,0.5765551328659058,0.5719638094305992,0.3265827403758438,0.3054721954840861,0.27543428729498143
潜水款/6708.mp4,潜水款,bad,0.592681884765625,0.5753402709960938,0.5693492889404297,0.6222098469734192,0.615308478474617,0.609461110085249,0.5389533042907715,0.5307726711034775,0.5193309262394905,0.5773100256919861,0.5744323879480362,0.5708755068480968,0.4652435686918446,0.43678160919540227,0.40604196278245025
潜水款/6730.mp4,潜水款,bad,0.7367187738418579,0.7346252501010895,0.730443574488163,0.7331717610359192,0.731733039021492,0.7267952002584934,0.716796875,0.714977040886879,0.7092760056257248,0.7101332545280457,0.7073947489261627,0.7025807276368141,1.0603472538990848,1.0339578662681044,1.0137003715673514
潜水款/6738.mp4,潜水款,bad,0.69708251953125,0.6158033460378647,0.5965805277228355,0.73175048828125,0.613983154296875,0.6167575307190418,0.6753555536270142,0.5553207248449326,0.5458668321371078,0.7088066339492798,0.5662895739078522,0.5735793374478817,1.3275862068965516,0.5109767912978376,0.5816425253515076
潜水款/6805.mp4,潜水款,bad,0.66595458984375,0.6344746202230453,0.6274471320211887,0.6728340983390808,0.6660112738609314,0.654887605458498,0.5920034646987915,0.5627785921096802,0.5561141222715378,0.632622241973877,0.6277402937412262,0.6186278834939003,0.41773399014778323,0.4069740923189199,0.38524815349577535
潜水款/6816.mp4,潜水款,bad,0.7470839023590088,0.7453477531671524,0.740438349545002,0.7420567274093628,0.7396763265132904,0.734779354184866,0.7153021693229675,0.7121222764253616,0.7071353420615196,0.7168740630149841,0.7133210003376007,0.7064597122371197,1.2412912317787466,0.5826397146254458,0.6873717000725938
潜水款/6855.mp4,潜水款,bad,0.7075958251953125,0.6193008422851562,0.6032549999654293,0.74005126953125,0.7344992607831955,0.7310137115418911,0.5412503480911255,0.5144615322351456,0.5053589139133692,0.7107023596763611,0.7032645791769028,0.6928347423672676,0.44189016602809705,0.4193860923944158,0.40378627735940464
潜水款/6888.mp4,潜水款,bad,0.673553466796875,0.6505214124917984,0.6435650400817394,0.6942487359046936,0.6868940144777298,0.6808907724916935,0.6631905436515808,0.5894843339920044,0.5915339589118958,0.6589930057525635,0.6508394032716751,0.6444637142121792,1.12405866032501,0.42350200378737834,0.44645716308617617
潜水款/6927.mp4,潜水款,bad,0.6056780219078064,0.59820556640625,0.5903036929666996,0.6462751030921936,0.6218348741531372,0.6157433688640594,0.5417855978012085,0.5336787700653076,0.5263134054839611,0.578498363494873,0.5753864794969559,0.5618068426847458,0.5114863258026159,0.460452723829656,0.43108535052397173
潜水款/6987.mp4,潜水款,bad,0.6671142578125,0.6384048461914062,0.6246449612081051,0.7067696452140808,0.6974007934331894,0.6812962107360363,0.5961788892745972,0.5867727398872375,0.5785843580961227,0.6667839288711548,0.6569868922233582,0.6435867734253407,0.5049261083743842,0.46466843501326255,0.44451655582465177
潜水款/7004.mp4,潜水款,bad,0.698974609375,0.6937730461359024,0.6884112507104874,0.7188372015953064,0.7086922973394394,0.7034933939576149,0.6712909936904907,0.6629542261362076,0.6588956527411938,0.6908282041549683,0.6827922016382217,0.6809822544455528,0.5337486095661845,0.511968854282536,0.4915414126901875
潜水款/7014.mp4,潜水款,bad,0.715576171875,0.693813756108284,0.683471255004406,0.7511771321296692,0.7411651611328125,0.7218905910849571,0.6983845829963684,0.6461076438426971,0.618652917444706,0.6988112330436707,0.6898323744535446,0.6835254207253456,1.2910344827586206,0.4340748980348535,0.46268635409075215
潜水款/7064.mp4,潜水款,bad,0.72235107421875,0.7052841186523438,0.7030326314270496,0.73388671875,0.7278399020433426,0.7226104699075222,0.6901730298995972,0.684647798538208,0.6835999600589275,0.7104994654655457,0.7059245407581329,0.7038720138370991,0.44955300127713926,0.39579601004095655,0.37865988461707845
潜水款/7086.mp4,潜水款,bad,0.7607574462890625,0.7498876750469208,0.6695886179804802,0.7654854655265808,0.7579520046710968,0.7002874091267586,0.7257283329963684,0.6939822435379028,0.6111378185451031,0.7378863096237183,0.7294132113456726,0.6598509699106216,1.340280970625798,1.3098339719029375,1.005612185355051
潜水款/7183.mp4,潜水款,bad,0.62994384765625,0.622222900390625,0.6069252826273441,0.6609235405921936,0.6521824449300766,0.6408789455890656,0.5900454521179199,0.5795583426952362,0.5473229754716158,0.6344856023788452,0.6329498142004013,0.6140114329755306,0.7602781681259684,0.7501351205275105,0.4661447161873636
潜水款/7233.mp4,潜水款,bad,0.7590680718421936,0.7480354309082031,0.7347114682197571,0.7459281086921692,0.7393210530281067,0.7328594848513603,0.7246218919754028,0.6874012798070908,0.671880915760994,0.707465648651123,0.6838617026805878,0.6790483109652996,0.8884802043422733,0.44061302681992337,0.4237041034080661
潜水款/7335.mp4,潜水款,bad,0.66705322265625,0.6638717651367188,0.6519629172980785,0.6748918890953064,0.6590750515460968,0.6555491872131824,0.620855450630188,0.6121550053358078,0.6030799336731434,0.6242819428443909,0.6217417865991592,0.6194054000079632,0.6777645659928656,0.6661584847970103,0.613963421614316
潜水款/7352.mp4,潜水款,bad,0.6396484375,0.6263224482536316,0.5915956348180771,0.6514717936515808,0.6440691202878952,0.60987963154912,0.5923282504081726,0.5878008902072906,0.5519830211997032,0.611083984375,0.5980000197887421,0.5782284401357174,1.3551724137931036,1.270977011494253,0.8370503708057588
潜水款/7414.mp4,潜水款,bad,0.7836761474609375,0.7780799865722656,0.747868537902832,0.7790178656578064,0.7680881917476654,0.7539847195148468,0.734211266040802,0.7207302898168564,0.6956583224236965,0.7467974424362183,0.7306397259235382,0.7161521874368191,1.38925378580551,0.4558474730888524,0.48734740206945915
潜水款/7460.mp4,潜水款,bad,0.6994280219078064,0.6840744018554688,0.6740951538085938,0.7306954264640808,0.7202061414718628,0.7157756313681602,0.6817491054534912,0.6422682702541351,0.6364637650549412,0.7129049897193909,0.6970977634191513,0.6903441920876503,0.748591221630564,0.5321050777293346,0.4751490715002063
潜水款/7605.mp4,潜水款,bad,0.661895751953125,0.6212997436523438,0.6173082999885082,0.7071358561515808,0.6939697265625,0.6867588609457016,0.6028963327407837,0.5685831606388092,0.566046703606844,0.6557437777519226,0.6447385847568512,0.6325470469892025,0.5279802955665025,0.4620990695128626,0.4496144366819159
潜水款/6768.mp4,潜水款,bad,0.646087646484375,0.6263885498046875,0.5718517303466797,0.6683349609375,0.6593671590089798,0.6338054090738297,0.5503242611885071,0.5147736370563507,0.4885819237679243,0.6239659786224365,0.6146536320447922,0.5687958113849163,1.1199955577766674,0.5348508012003851,0.47702497220927664
潜水款/7153.mp4,潜水款,bad,0.658111572265625,0.6437835693359375,0.6201267242431641,0.6788330078125,0.6749354898929596,0.670806348323822,0.5480840802192688,0.5391454547643661,0.52694489993155,0.5938002467155457,0.5912655293941498,0.585342064499855,0.6264922711058264,0.4392627824019025,0.37506605892456074
潜水款/7324.mp4,潜水款,bad,0.5913357138633728,0.5848524272441864,0.581007219851017,0.6213553547859192,0.6126534789800644,0.6120376624166965,0.546036422252655,0.5390027761459351,0.5349957942962646,0.586616039276123,0.5854258984327316,0.5831489562988281,0.3705300127713921,0.34087257446545544,0.33005728458575373
潜水款/7331.mp4,潜水款,bad,0.6839599609375,0.6806019246578217,0.6772768869996071,0.6902204155921936,0.6858302652835846,0.6835665069520473,0.6588169932365417,0.6475500911474228,0.6441762857139111,0.6661664247512817,0.6581331342458725,0.6531342975795269,0.6409512485136741,0.6253208261769498,0.6006502792954287
潜水款/7374.mp4,潜水款,bad,0.6185302734375,0.6135635375976562,0.6021766662597656,0.6787458062171936,0.6566423624753952,0.6494238637387753,0.5888734459877014,0.5810498893260956,0.5688451714813709,0.61328125,0.5993670523166656,0.5945286490023136,0.4373710580607132,0.3498821102269378,0.3420340897927105
潜水款/7489.mp4,潜水款,bad,0.687744140625,0.6839904636144638,0.6667739860713482,0.7236676812171936,0.6900198608636856,0.6881168894469738,0.6509688496589661,0.6418832391500473,0.6275681704282761,0.7035845518112183,0.6501886695623398,0.6510617844760418,1.3249794201042715,0.555671659119935,0.5633634583411525
甜品款/5761.mp4,甜品款,eval_good,0.6787458062171936,0.6681605726480484,0.6466533094644547,0.7212786078453064,0.6620352864265442,0.6438816674053669,0.6313698291778564,0.6215385496616364,0.5943996198475361,0.6576681733131409,0.6283901631832123,0.6038928367197514,0.9297573435504469,0.7191570881226054,0.6829345690402662
甜品款/6493.mp4,甜品款,eval_good,0.723297119140625,0.7200698852539062,0.7139835357666016,0.7462332844734192,0.7335902601480484,0.7298998162150383,0.702938973903656,0.6908656507730484,0.6841398663818836,0.717193603515625,0.7133833765983582,0.7080024257302284,0.6557343550446998,0.589041264808209,0.5597569356568439
甜品款/6592.mp4,甜品款,eval_good,0.636962890625,0.6178261935710907,0.6055717505514622,0.6810826063156128,0.6532156616449356,0.6371405385434628,0.5973677039146423,0.5883679091930389,0.5692375972867012,0.6338536739349365,0.6185886263847351,0.6059653274714947,0.6955093881630613,0.6504675983686479,0.5846008252117698
甜品款/6683.mp4,甜品款,eval_good,0.701385498046875,0.6712995320558548,0.636465523391962,0.7011195421218872,0.6692330688238144,0.6550151333212852,0.6792618036270142,0.6186620593070984,0.605913795530796,0.6803337335586548,0.6383281201124191,0.6261567398905754,1.0532915360501567,1.0353825612446301,0.780250187993485
甜品款/6739.mp4,甜品款,eval_good,0.790283203125,0.736083984375,0.7229964844882488,0.7875714898109436,0.7710156887769699,0.7477106340229511,0.7226656675338745,0.6731280833482742,0.6610715501010418,0.7440508604049683,0.7127254605293274,0.6819723881781101,0.7296351824087957,0.6582799509336241,0.6305812350443161
甜品款/6985.mp4,甜品款,eval_good,0.7431488037109375,0.7212807983160019,0.6769930981099606,0.7421700358390808,0.7349896878004074,0.6963582634925842,0.7016339898109436,0.6767934262752533,0.6154098361730576,0.7056849002838135,0.705519288778305,0.6574239209294319,0.7528955828599109,0.5772276956759715,0.4635223946408548
甜品款/7078.mp4,甜品款,eval_good,0.6603190302848816,0.6439743041992188,0.6327139548957348,0.6773856282234192,0.6712907999753952,0.662433072924614,0.63926100730896,0.6030351668596268,0.5918013118207455,0.6491950750350952,0.642725333571434,0.6358579732477665,0.5864655172413793,0.5251851851851852,0.5052820933099248
甜品款/7418.mp4,甜品款,eval_good,0.703460693359375,0.7010498046875,0.6427825428545475,0.7016252875328064,0.6935468316078186,0.6599317267537117,0.6764594316482544,0.670179933309555,0.602513674646616,0.6790771484375,0.6638282388448715,0.6158617734909058,0.7362544990131197,0.5988969800813878,0.55866772364692
甜品款/5631.mp4,甜品款,eval_good,0.704833984375,0.687871664762497,0.685450691729784,0.7206159234046936,0.7046639621257782,0.6959740817546844,0.6695170998573303,0.6549388617277145,0.646977823227644,0.6864480376243591,0.6694228202104568,0.6603555157780647,0.701640903686088,0.6194504841175471,0.5789276649331643
甜品款/5605.mp4,甜品款,bad,0.710296630859375,0.7024579793214798,0.6994192972779274,0.7137974500656128,0.7118312418460846,0.7094950042665005,0.6712196469306946,0.6641572266817093,0.6588504686951637,0.6858951449394226,0.6842696219682693,0.6815586090087891,0.6460359563807839,0.6257736516357206,0.6056907417017987
甜品款/5638.mp4,甜品款,bad,0.7339935302734375,0.659877210855484,0.6475875005126,0.7599748969078064,0.6988525539636612,0.6860569603741169,0.6234815716743469,0.5918322503566742,0.5883385613560677,0.6960915923118591,0.6660685688257217,0.6525205746293068,0.5622788605697151,0.5102714160161299,0.4814663358502215
甜品款/5741.mp4,甜品款,bad,0.6460309624671936,0.6386370211839676,0.6347721666097641,0.7051478624343872,0.695508673787117,0.6941441111266613,0.6156250238418579,0.6118248850107193,0.6090984009206295,0.6532915830612183,0.649822473526001,0.647636417299509,0.5305747126436782,0.5083045977011494,0.5026614817591204
甜品款/6487.mp4,甜品款,bad,0.699951171875,0.6932525634765625,0.6919896267354488,0.6974225640296936,0.6933855414390564,0.6924689188599586,0.6667351722717285,0.6612195521593094,0.6570779196918011,0.6721227169036865,0.6699577867984772,0.6674968525767326,0.5807957559681698,0.5090686707928087,0.49874643874643876
甜品款/6542.mp4,甜品款,bad,0.720123291015625,0.7152633666992188,0.7037018649280071,0.723876953125,0.7185712456703186,0.7121102511882782,0.6959485411643982,0.6901580989360809,0.6772910542786121,0.7083165645599365,0.6988498717546463,0.6903720237314701,1.1649889341043762,0.6001512918754298,0.642032028860386
甜品款/6639.mp4,甜品款,bad,0.707672119140625,0.70501708984375,0.6958909668028355,0.7458234429359436,0.7392447143793106,0.7344861626625061,0.6512322425842285,0.6312779039144516,0.6175358593463898,0.7065699100494385,0.6978176385164261,0.6952384524047375,0.6184827586206898,0.5400766283524905,0.5285649110310745
甜品款/6689.mp4,甜品款,bad,0.7794014811515808,0.7619171142578125,0.7420865446329117,0.8023419976234436,0.7892216444015503,0.7736936248838902,0.7429865002632141,0.7141704559326172,0.6977447643876076,0.7766831517219543,0.7675704956054688,0.7487455233931541,0.61535898717308,0.5765586437550455,0.5091114205357083
甜品款/6886.mp4,甜品款,bad,0.6708713173866272,0.6641845852136612,0.6531944237649441,0.6877790093421936,0.6823991984128952,0.6789605282247066,0.6104491949081421,0.5897759199142456,0.5832296013832092,0.6586662530899048,0.6572768539190292,0.6547651924192905,0.4646134593993325,0.38516809041295885,0.3521752629460067
甜品款/7134.mp4,甜品款,bad,0.7718658447265625,0.7545738220214844,0.7142906486988068,0.7702375054359436,0.7632402628660202,0.7332976125180721,0.7592337727546692,0.7081843763589859,0.6349039189517498,0.7539637088775635,0.7361118197441101,0.7097390219569206,1.202323241562243,0.6744114149821641,0.6699950745590058
甜品款/5643.mp4,甜品款,bad,0.6522216796875,0.630523681640625,0.6231098175048828,0.6419154405593872,0.6326947957277298,0.6265814639627934,0.6109113097190857,0.5968359708786011,0.5886137038469315,0.6102797389030457,0.6038818508386612,0.6005457676947117,0.5798212005108557,0.5555446086480569,0.5340275575813627
甜品款/5856.mp4,甜品款,bad,0.714508056640625,0.7127358764410019,0.635851725935936,0.7112339735031128,0.7086225301027298,0.6647011823952198,0.6815592646598816,0.6758193671703339,0.5803191009908915,0.6900347471237183,0.6820364594459534,0.6346457973122597,0.6705387359370713,0.6196149272843684,0.44520706992615433
甜品款/5883.mp4,甜品款,bad,0.759020984172821,0.7493652403354645,0.7468573153018951,0.7559639811515808,0.7469591349363327,0.74432373046875,0.7327706217765808,0.7246663570404053,0.7217357642948627,0.7262626886367798,0.718122124671936,0.7148659639060497,0.8206457221375758,0.7575321162947938,0.7294041789479591
甜品款/5913.mp4,甜品款,bad,0.6279296875,0.6130142211914062,0.5967845916748047,0.6417933702468872,0.6368408352136612,0.6345759890973568,0.5721784234046936,0.5596229583024979,0.527499932795763,0.5965899229049683,0.5939869582653046,0.589641347527504,0.5564803804994055,0.5190173480898808,0.45387210889366064
甜品款/5966.mp4,甜品款,bad,0.7763671875,0.7722503840923309,0.7027410268783569,0.7712751030921936,0.7690081000328064,0.7165445536375046,0.7568910121917725,0.7552415579557419,0.6764887683093548,0.7537931799888611,0.7515770494937897,0.6906840354204178,0.8592592592592592,0.7830178048230787,0.7339923645505235
甜品款/6733.mp4,甜品款,bad,0.7629743218421936,0.7435989528894424,0.728248842060566,0.7631748914718628,0.7513776421546936,0.7373286671936512,0.7321111559867859,0.7140100598335266,0.6914029605686665,0.7447850704193115,0.7292875498533249,0.7131069451570511,1.1204657411553964,1.0413219990373828,0.8681841121374264
甜品款/7382.mp4,甜品款,bad,0.658447265625,0.655120849609375,0.6476162485778332,0.6614118218421936,0.656062513589859,0.6453530378639698,0.618333101272583,0.5984496921300888,0.5884238630533218,0.6138700842857361,0.6070772111415863,0.5968603305518627,0.5897051474262869,0.5493751140302865,0.5347169760663014
甜品款/7535.mp4,甜品款,bad,0.6852756142616272,0.6732855886220932,0.6682010218501091,0.6858433485031128,0.6822553426027298,0.6792504526674747,0.6422862410545349,0.6298244893550873,0.6266710832715034,0.6637358069419861,0.6588951498270035,0.6557944864034653,0.5668133675097935,0.5038206703100062,0.4932369752623688
花花款/5824.mp4,花花款,eval_good,0.699877917766571,0.6898627281188965,0.6361908204853535,0.7014334797859192,0.6889692097902298,0.6721093282103539,0.6518391966819763,0.6435380280017853,0.5994144007563591,0.6459602117538452,0.6352368593215942,0.6197848618030548,0.7711774364918381,0.6791526532748806,0.590003231231168
花花款/5975.mp4,花花款,eval_good,0.70928955078125,0.6571142971515656,0.6471432261168957,0.7044852375984192,0.6659676879644394,0.653528492897749,0.6836487054824829,0.6402711272239685,0.6261654943227768,0.675407886505127,0.6415979564189911,0.6248346194624901,1.0641250803169844,0.7896197006391908,0.7721061303607686
花花款/6083.mp4,花花款,eval_good,0.5795356035232544,0.569098562002182,0.558492872864008,0.6234130859375,0.6209498941898346,0.6181815005838871,0.5472656488418579,0.5288842171430588,0.5219337865710258,0.5764734745025635,0.5681556463241577,0.5651227161288261,0.4898399014778325,0.46248639500720357,0.45490625849726096
花花款/6121.mp4,花花款,eval_good,0.6519775390625,0.5800501555204391,0.5696802847087383,0.6614990234375,0.619384765625,0.6091548390686512,0.5865885615348816,0.5293479114770889,0.5222247578203678,0.621039867401123,0.5662572383880615,0.558601375669241,1.1357475384171714,0.5147405288952163,0.5480847273957817
花花款/6478.mp4,花花款,eval_good,0.577392578125,0.5675333738327026,0.5392647236585617,0.6678118109703064,0.6470206081867218,0.6161215715110302,0.5469726324081421,0.5324365198612213,0.49241519533097744,0.6069479584693909,0.589946985244751,0.5573831479996443,1.3321040014751981,1.2728273244781783,0.8049657480536082
花花款/6745.mp4,花花款,eval_good,0.6334403157234192,0.612880140542984,0.5967123880982399,0.7207379937171936,0.7036089450120926,0.6988503597676754,0.5839917659759521,0.5645449757575989,0.5501179918646812,0.6846169829368591,0.6639691591262817,0.6584228090941906,0.5109667388527959,0.45982786384585483,0.4511025043034038
花花款/6842.mp4,花花款,eval_good,0.6363932490348816,0.6209978461265564,0.6046212501823902,0.6459786295890808,0.6323634535074234,0.6276430413126945,0.6066598892211914,0.5828473567962646,0.5596377979964018,0.6128575801849365,0.5947247892618179,0.5925221182405949,0.6476761619190405,0.5402298850574714,0.5032626369491773
花花款/6921.mp4,花花款,eval_good,0.6467013955116272,0.6369154453277588,0.6329108402132988,0.6473737359046936,0.6370500922203064,0.632397249341011,0.609847366809845,0.6049526184797287,0.5993072092533112,0.6187528967857361,0.6126179248094559,0.6073879972100258,0.42491657397107896,0.3873460933604388,0.3653854797955583
花花款/6942.mp4,花花款,eval_good,0.6599663496017456,0.6473642885684967,0.6389149539172649,0.6996895670890808,0.6866629272699356,0.6826291754841805,0.6091479063034058,0.6046551614999771,0.6011211909353733,0.642448902130127,0.6372195780277252,0.6361250057816505,0.5434653043848446,0.532505252749969,0.5107252464897614
花花款/7219.mp4,花花款,eval_good,0.5585240125656128,0.5529000163078308,0.5359747782349586,0.6267264485359192,0.6222708374261856,0.6200496144592762,0.4842732846736908,0.47917918115854263,0.4706227909773588,0.5836684107780457,0.5818723887205124,0.5786583833396435,0.577175697865353,0.5646848989298454,0.556348663722326
花花款/6059.mp4,花花款,eval_good,0.6497802734375,0.6322631686925888,0.6073141470551491,0.6806640625,0.6669398844242096,0.6480843685567379,0.6008368730545044,0.5556369125843048,0.5452218055725098,0.6453965306282043,0.6275410354137421,0.6067569963634014,1.1227666248800843,0.7505830970456416,0.6202726385443669
花花款/7063.mp4,花花款,eval_good,0.678741455078125,0.6708570271730423,0.665966097265482,0.6902727484703064,0.6877441257238388,0.6828286275267601,0.6393771767616272,0.6301463097333908,0.6257093884050846,0.6687909364700317,0.6656808257102966,0.6613778360188007,0.4955300127713921,0.43955270294651216,0.4084192270643463
花花款/5857.mp4,花花款,bad,0.6564127802848816,0.6285095065832138,0.6116771660745144,0.6754847764968872,0.6662336140871048,0.6645126305520535,0.608305811882019,0.5758998990058899,0.5681932233273983,0.6508537530899048,0.6451272368431091,0.6397714056074619,0.6124668435013263,0.5677764565992865,0.5380006247823417
花花款/5912.mp4,花花款,bad,0.6697474718093872,0.6576330959796906,0.6300757266581059,0.7150355577468872,0.696031853556633,0.6653736680746078,0.5794870257377625,0.5686772763729095,0.5609367229044437,0.6279081702232361,0.6220958828926086,0.6099853552877903,0.6573303386620866,0.6151724137931034,0.607794933740237
花花款/5996.mp4,花花款,bad,0.6112235188484192,0.578338623046875,0.5733488202095032,0.669921875,0.6017325222492218,0.603202823549509,0.5532966256141663,0.5413954704999924,0.5332249402999878,0.6300192475318909,0.5729693323373795,0.5711093209683895,0.5660919540229885,0.5593483020394564,0.4956784316313927
花花款/6011.mp4,花花款,bad,0.697436511516571,0.6958862245082855,0.6916763260960579,0.6941789984703064,0.6913626790046692,0.6889485009014606,0.6745318174362183,0.6703598946332932,0.667945209890604,0.6689417362213135,0.6653164178133011,0.6632356084883213,0.7059295748950921,0.6926290822842547,0.6838326270226319
花花款/6012.mp4,花花款,bad,0.69403076171875,0.6590652465820312,0.6421110965311527,0.7072230577468872,0.6768319457769394,0.6685627549886703,0.6744559407234192,0.6432684063911438,0.6180415786802769,0.6804630160331726,0.6480299830436707,0.6369400061666965,1.1677490167383153,1.0526709825164047,0.8827421096407294
花花款/6043.mp4,花花款,bad,0.7235514521598816,0.7198050171136856,0.7097692973911762,0.7268415093421936,0.7219151109457016,0.7201816029846668,0.6683078408241272,0.6639897674322128,0.6589518040418625,0.68927001953125,0.6872073709964752,0.6840596981346607,0.5550911412980378,0.536133069828722,0.5037021177847639
花花款/6188.mp4,花花款,bad,0.7445417046546936,0.7261722981929779,0.7125960737466812,0.7393363118171692,0.7256862074136734,0.7197194844484329,0.718048095703125,0.7061012387275696,0.6856981851160526,0.7133448123931885,0.7061040699481964,0.6986776180565357,0.8209057864230278,0.8011276258422513,0.7397187129930888
花花款/6207.mp4,花花款,bad,0.7072056531906128,0.7025931030511856,0.6928176879882812,0.7328229546546936,0.7120492160320282,0.7108028940856457,0.6665945649147034,0.6526171118021011,0.6416504420340061,0.69122314453125,0.6789999604225159,0.6747267134487629,0.5019997838071559,0.46284185493460167,0.4483731176563532
花花款/6255.mp4,花花款,bad,0.736083984375,0.7308611124753952,0.7278436943888664,0.7468523383140564,0.7436087429523468,0.7423455342650414,0.6906263828277588,0.6871904581785202,0.6859723217785358,0.716102123260498,0.7131576538085938,0.711384940892458,0.5877061469265368,0.5540996168582375,0.529188115801684
花花款/6277.mp4,花花款,bad,0.7054268717765808,0.6975969672203064,0.6905640214681625,0.7120535969734192,0.7016514241695404,0.6996416412293911,0.6444684863090515,0.6354693919420242,0.6254026107490063,0.6632475256919861,0.6531291455030441,0.6485389322042465,0.4475441324430623,0.4329221165279429,0.42225606839963453
花花款/6304.mp4,花花款,bad,0.6891741156578064,0.6762956827878952,0.6617780365049839,0.7159423828125,0.7046377807855606,0.7009179182350636,0.6217004060745239,0.6064064800739288,0.5965716019272804,0.6785996556282043,0.6614442616701126,0.6563960872590542,0.5920885710990659,0.5778843911377644,0.5479994038389839
花花款/6325.mp4,花花款,bad,0.7545013427734375,0.7100372314453125,0.7008733749389648,0.7802037000656128,0.7709633857011795,0.7590157613158226,0.7000238299369812,0.6685392111539841,0.6550241447985172,0.727637767791748,0.7215042263269424,0.7085012495517731,0.6640394088669951,0.6465161539477831,0.594024510522727
花花款/6429.mp4,花花款,bad,0.799755871295929,0.7940734624862671,0.7749191932380199,0.8037545084953308,0.7985752820968628,0.7822129391133785,0.7860205173492432,0.7820117324590683,0.7587505728006363,0.7833970189094543,0.7803138047456741,0.7603956125676632,1.2798489193537106,1.2219560436144334,1.1281263724046453
花花款/6598.mp4,花花款,bad,0.685882568359375,0.6728973388671875,0.665811326354742,0.6904820203781128,0.688153937458992,0.6814259141683578,0.6552377343177795,0.6360488086938858,0.6125616654753685,0.6652436852455139,0.6632519960403442,0.6544505804777145,0.6339901477832512,0.5057030871537411,0.4874208865736809
花花款/6724.mp4,花花款,bad,0.7407073974609375,0.726531982421875,0.7129572406411171,0.7495640516281128,0.7410583347082138,0.7366011552512646,0.7002190351486206,0.6537580639123917,0.6432251781225204,0.7131096124649048,0.7061058580875397,0.7026516459882259,0.7305236270753512,0.6156221889055472,0.5488607802457451
花花款/6915.mp4,花花款,bad,0.7956950068473816,0.7935471385717392,0.7893415167927742,0.8050101399421692,0.8032139241695404,0.800734382122755,0.7583341002464294,0.7487353086471558,0.7336407825350761,0.7879548668861389,0.7839817851781845,0.7825206257402897,0.8404725415070242,0.6041758509460002,0.5951886694111271
花花款/6964.mp4,花花款,bad,0.7131125926971436,0.7118591219186783,0.7066427059471607,0.7100655436515808,0.7082388997077942,0.7049010135233402,0.6831009387969971,0.6816947907209396,0.6783047839999199,0.6819422245025635,0.6788931339979172,0.6755782887339592,0.8400269396551724,0.8068188699319793,0.7828015757468667
花花款/7113.mp4,花花款,bad,0.643890380859375,0.6252724975347519,0.6139557287096977,0.6621617078781128,0.6466456949710846,0.6290337778627872,0.625244140625,0.5986673980951309,0.5845348238945007,0.624946117401123,0.604015588760376,0.5977334342896938,1.2256530244332784,0.7732566197435209,0.6996819744476908
花花款/7163.mp4,花花款,bad,0.7230088710784912,0.718539759516716,0.7093438021838665,0.7428153157234192,0.7409559190273285,0.7388926930725574,0.6202059388160706,0.6103612929582596,0.6045428216457367,0.6724135279655457,0.6673072278499603,0.6632780209183693,0.6129935032483758,0.5786415882967606,0.5681288396205937
花花款/7190.mp4,花花款,bad,0.739013671875,0.7285129278898239,0.7237079180777073,0.7428937554359436,0.7336360365152359,0.7317902706563473,0.6580149531364441,0.6519947797060013,0.648935429751873,0.689460277557373,0.6832513362169266,0.681817788630724,0.5593429091905661,0.5558470764617691,0.5430797420690742
花花款/7213.mp4,花花款,bad,0.7637067437171936,0.7600969821214676,0.7530617043375969,0.7676478624343872,0.7546059638261795,0.7532648406922817,0.7365925908088684,0.7331865578889847,0.7119282819330692,0.7310288548469543,0.7182545214891434,0.7134316377341747,0.6252629653343089,0.5565208467194973,0.5158257608990755
花花款/7290.mp4,花花款,bad,0.7073102593421936,0.693891242146492,0.6887716539204121,0.7188023328781128,0.7119968831539154,0.7034601531922817,0.6679391860961914,0.6570445597171783,0.6535478197038174,0.6866598725318909,0.6819381564855576,0.6750668957829475,0.6719795657726693,0.5679937808873341,0.5499240924409591
花花款/7405.mp4,花花款,bad,0.76776123046875,0.6611260175704956,0.657777015119791,0.7904488444328308,0.7756848931312561,0.7733274102210999,0.7119109034538269,0.617241621017456,0.6089696995913982,0.742645263671875,0.7239976674318314,0.7198323607444763,0.6162561576354679,0.532177515246826,0.5006379823290855
花花款/7468.mp4,花花款,bad,0.6926540732383728,0.6684646606445312,0.6478081345558167,0.6932198405265808,0.6878487765789032,0.6717812679708004,0.6568270325660706,0.6203289180994034,0.605797566473484,0.671088695526123,0.6531084924936295,0.6392472200095654,0.8409641333179564,0.6549675699784516,0.5602261868354879
花花款/7473.mp4,花花款,bad,0.7528228759765625,0.7384376525878906,0.725961547344923,0.757568359375,0.7527051568031311,0.7488370649516582,0.7226030230522156,0.7073487639427185,0.6910657957196236,0.7340267300605774,0.7313923686742783,0.7251367010176182,0.5681067512220901,0.5296422301669679,0.5023546188149663
花花款/7494.mp4,花花款,bad,0.6810477375984192,0.6774640828371048,0.6616832204163074,0.667724609375,0.6635175496339798,0.6534630917012691,0.6311848759651184,0.6186729520559311,0.6107317321002483,0.6224544644355774,0.6154273748397827,0.6113265566527843,0.41683858925238243,0.3890441104234207,0.3815291285980941
花花款/7569.mp4,花花款,bad,0.6616908311843872,0.6574881374835968,0.649259015917778,0.7010846734046936,0.6828090250492096,0.6779392845928669,0.5913504362106323,0.587370902299881,0.5807425752282143,0.6629530787467957,0.6555660367012024,0.6501940600574017,0.560919540229885,0.47409014704470426,0.4589409680106896
花花款/5784.mp4,花花款,bad,0.709808349609375,0.6951816976070404,0.6608616895973682,0.7285591959953308,0.7070748507976532,0.6832280829548836,0.6732710003852844,0.654388427734375,0.6269986554980278,0.6954327821731567,0.6806155741214752,0.6570330262184143,0.56970625798212,0.5311637284805873,0.5193054100160353
花花款/7019.mp4,花花款,bad,0.7524192333221436,0.7463323324918747,0.7357499077916145,0.7516304850578308,0.7456708550453186,0.7428654208779335,0.7200797200202942,0.7157482951879501,0.7042855322360992,0.7248804569244385,0.7221966981887817,0.7181107103824615,1.0026415363746697,0.7487835442157953,0.7642892021510383
花花款/7430.mp4,花花款,bad,0.695556640625,0.6862684041261673,0.6824259124696255,0.7166573405265808,0.7112732082605362,0.7074225321412086,0.6584537029266357,0.6515295058488846,0.6472414657473564,0.6832993626594543,0.681005135178566,0.6785170584917068,0.5849297573435505,0.5702995471960989,0.5476929454852992
