rel,style,group,s_top1_fg_max,s_top1_fg_p75,s_top1_fg_mean,s_top1_all_max,s_top1_all_p75,s_top1_all_mean,s_top5_fg_max,s_top5_fg_p75,s_top5_fg_mean,s_top5_all_max,s_top5_all_p75,s_top5_all_mean,s_hist_max,s_hist_p75,s_hist_mean
冰晶款/6920.mp4,冰晶款,eval_good,0.5137764811515808,0.498796746134758,0.49071299843490124,0.5509730577468872,0.518524169921875,0.5097187608480453,0.45837751030921936,0.4491976201534271,0.4374520182609558,0.5139339566230774,0.4935724586248398,0.47612403333187103,0.5706707086017431,0.5593021128692948,0.5434467436137936
冰晶款/6796.mp4,冰晶款,eval_good,0.5103759765625,0.4894866943359375,0.4558015540242195,0.5054931640625,0.4987269937992096,0.4899433720856905,0.39996153116226196,0.38105857372283936,0.35950180515646935,0.4361787736415863,0.43088576942682266,0.42627469077706337,0.5524036011550875,0.49306695858419997,0.39640513897402696
冰晶款/6945.mp4,冰晶款,eval_good,0.535614013671875,0.5238265991210938,0.5033781882375479,0.5566057562828064,0.5519234985113144,0.5256020706146955,0.4461437463760376,0.43979553133249283,0.43252277188003063,0.47386619448661804,0.46971580386161804,0.46702912636101246,0.41521997621878715,0.3901342939078128,0.35766977841985115
冰晶款/6869.mp4,冰晶款,eval_good,0.40960693359375,0.392791748046875,0.3871493861079216,0.5296107530593872,0.5180315226316452,0.49057660438120365,0.34661707282066345,0.33919113874435425,0.33170728012919426,0.45195814967155457,0.4276706501841545,0.4200717732310295,0.4805566565376316,0.4447086801426872,0.4201497297571
冰晶款/5697.mp4,冰晶款,eval_good,0.4669189453125,0.437103271484375,0.4322400763630867,0.5102364420890808,0.4865417554974556,0.47942569851875305,0.4186546802520752,0.39282070845365524,0.388780802488327,0.45294907689094543,0.4400123059749603,0.43478640355169773,0.5294649227110583,0.44458905343566457,0.42363793011518447
冰晶款/7067.mp4,冰晶款,eval_good,0.485595703125,0.4164515882730484,0.4046625420451164,0.5290004014968872,0.4837777242064476,0.46305302157998085,0.431640625,0.3560418114066124,0.34735725261271,0.4495059847831726,0.4397977963089943,0.4165817704051733,0.43214392803598206,0.39595779033560147,0.3785137239072771
冰晶款/7093.mp4,冰晶款,eval_good,0.51251220703125,0.5043509155511856,0.4953466132283211,0.5422886610031128,0.5206386148929596,0.512522017583251,0.4688381552696228,0.4591824486851692,0.43822922743856907,0.5097835659980774,0.4930231422185898,0.4856670591980219,0.40244031830238725,0.3845943694819257,0.37503380216180066
冰晶款/6143.mp4,冰晶款,eval_good,0.5585240125656128,0.5462297797203064,0.540624350309372,0.5916050672531128,0.5802306979894638,0.5796203650534153,0.5188191533088684,0.5152247250080109,0.5083961524069309,0.5583639740943909,0.5564916133880615,0.5537988990545273,0.5057471264367817,0.4803639846743295,0.4738635543339441
冰晶款/7248.mp4,冰晶款,eval_good,0.6156005859375,0.5897739976644516,0.49339570850133896,0.6179896593093872,0.5897740125656128,0.5151781383901834,0.4950062036514282,0.47438638657331467,0.42417833395302296,0.5635842680931091,0.5340647995471954,0.4703093133866787,0.7224100368116595,0.44929996540191436,0.42066599664228843
冰晶款/7343.mp4,冰晶款,eval_good,0.591094970703125,0.5543365478515625,0.5290164947509766,0.5928257703781128,0.5642089992761612,0.5456346794962883,0.5420047044754028,0.4950082004070282,0.4785617087036371,0.5404519438743591,0.5175682306289673,0.5038131233304739,0.4063127166575442,0.38463909807548335,0.3654012450534448
冰晶款/6846.mp4,冰晶款,eval_good,0.462554931640625,0.45526123046875,0.45192745700478554,0.5125557780265808,0.4981558695435524,0.49221692606806755,0.4214971661567688,0.40783529728651047,0.39767380990087986,0.4592536389827728,0.44734281301498413,0.4457323420792818,0.47552086025952545,0.3972534362189534,0.3775232036073167
冰晶款/7217.mp4,冰晶款,eval_good,0.4373779296875,0.432952880859375,0.4239319693297148,0.43798828125,0.4297572523355484,0.42552185244858265,0.40705981850624084,0.39690520614385605,0.3914509117603302,0.4034208357334137,0.39631742238998413,0.3935241661965847,0.4698991500418373,0.4639884491251911,0.4538085047172637
冰晶款/6457.mp4,冰晶款,eval_good,0.6157633662223816,0.5732585489749908,0.5326272863894701,0.5968017578125,0.5935537964105606,0.585524421185255,0.5785880088806152,0.5527856200933456,0.48348401114344597,0.5663308501243591,0.5560231059789658,0.5487760715186596,0.8980454473224218,0.4924016152843118,0.4552559504427629
冰晶款/6797.mp4,冰晶款,eval_good,0.6169026494026184,0.6063435822725296,0.5954437255859375,0.6086251139640808,0.5975298434495926,0.5888333953917027,0.5969319939613342,0.5874918401241302,0.5736198127269745,0.5762652158737183,0.5696931630373001,0.5564537011086941,0.4807302231237322,0.27681272145881947,0.2725465367291392
冰晶款/6722.mp4,冰晶款,eval_good,0.5724400281906128,0.50836181640625,0.49832235276699066,0.5785958170890808,0.5356663316488266,0.5265295878052711,0.5218098759651184,0.46335607022047043,0.4501570798456669,0.5451480746269226,0.49837271124124527,0.4930590484291315,0.479400299850075,0.4505847076461769,0.4184042075421386
冰晶款/7043.mp4,冰晶款,eval_good,0.5190081000328064,0.467987060546875,0.4453667253255844,0.5232282280921936,0.5042549967765808,0.49548121728003025,0.48366087675094604,0.4247099980711937,0.3972251880913973,0.48674100637435913,0.46417415887117386,0.45346226170659065,0.5229755684928099,0.3605581080427528,0.3468156081620317
基础款/6867.mp4,基础款,eval_good,0.651123046875,0.5037791132926941,0.49077118933200836,0.6622314453125,0.5296238362789154,0.525221686810255,0.49611252546310425,0.44581466168165207,0.4342352133244276,0.6295668482780457,0.48724186420440674,0.4843009486794472,0.5468710089399744,0.4777011494252874,0.4547245483428207
基础款/6186.mp4,基础款,eval_good,0.567413330078125,0.5159530639648438,0.4969367980957031,0.5704520344734192,0.5377677083015442,0.5242320485413074,0.49794378876686096,0.4457864984869957,0.4281010255217552,0.5091983675956726,0.49094437062740326,0.4755228888243437,0.42817004196314545,0.38204215660369045,0.3503542509157461
基础款/6219.mp4,基础款,eval_good,0.34112548828125,0.3290557861328125,0.32308088056743145,0.4114118218421936,0.398786261677742,0.39545767568051815,0.2845400869846344,0.2734750658273697,0.27020175382494926,0.35680434107780457,0.35045667737722397,0.3480246998369694,0.4163473818646232,0.3561456819482979,0.34546175188267936
基础款/6937.mp4,基础款,eval_good,0.626220703125,0.616485595703125,0.6103649139404297,0.6374337077140808,0.630327507853508,0.6221433356404305,0.5905404686927795,0.5800519585609436,0.5737222395837307,0.6203864812850952,0.6091290712356567,0.6030437238514423,0.44955300127713915,0.3723015524442397,0.36625231042599316
基础款/6740.mp4,基础款,eval_good,0.61572265625,0.56298828125,0.5549330972135067,0.5999581217765808,0.5701729655265808,0.5585000105202198,0.5948807597160339,0.5278066992759705,0.514857079833746,0.5779526829719543,0.5304772108793259,0.5246546175330877,0.9714285714285714,0.7063470360670481,0.530002318678042
基础款/7360.mp4,基础款,eval_good,0.537841796875,0.5003890991210938,0.4919447582215071,0.5840367078781128,0.532300665974617,0.5277535542845726,0.48332518339157104,0.4534287303686142,0.44790322333574295,0.5322229862213135,0.5039170235395432,0.4991951007395983,0.849480021893815,0.5171973400273044,0.467322736334592
基础款/6261.mp4,基础款,eval_good,0.5659877061843872,0.54644775390625,0.5384025573730469,0.5870884656906128,0.5800999402999878,0.5759604424238205,0.5105862021446228,0.4439702108502388,0.4294442404061556,0.5633903741836548,0.5556757152080536,0.5500075407326221,0.36166532118556105,0.2832526044669973,0.2695435295172926
基础款/6175.mp4,基础款,eval_good,0.4019775390625,0.3624979630112648,0.3360299002379179,0.490234375,0.4217965230345726,0.422963822260499,0.3150460422039032,0.286310113966465,0.2780229328200221,0.40693214535713196,0.36871158331632614,0.365948174148798,0.4022548112916722,0.31264588012507155,0.30116567999392785
基础款/6954.mp4,基础款,eval_good,0.4829372763633728,0.4734768271446228,0.46453348733484745,0.5307093858718872,0.5281067043542862,0.524821687489748,0.44284456968307495,0.4297870248556137,0.4178990237414837,0.4770543575286865,0.4752017706632614,0.4724161494523287,0.4310344827586207,0.40880372348586547,0.3957721522477082
基础款/6182.mp4,基础款,eval_good,0.5367567539215088,0.5237928181886673,0.4897322319447994,0.5771659016609192,0.5675005316734314,0.5612444244325161,0.4838756322860718,0.4679286330938339,0.43933308497071266,0.5262846350669861,0.5250046700239182,0.5154037475585938,0.5213920817369093,0.5047924648786718,0.48538181665188207
基础款/6893.mp4,基础款,eval_good,0.44927978515625,0.4375697672367096,0.42939840257167816,0.5014299750328064,0.4964817613363266,0.48835100419819355,0.4040391743183136,0.3911065012216568,0.3824114706367254,0.46084415912628174,0.4556301385164261,0.4493358824402094,0.41360285374554095,0.37679313948041654,0.35632165122989456
基础款/7020.mp4,基础款,eval_good,0.554412841796875,0.526336669921875,0.5196628570556641,0.5352783203125,0.5150103121995926,0.5096806138753891,0.473568856716156,0.45487814396619797,0.44729592092335224,0.45295625925064087,0.43571293354034424,0.43278189562261105,0.43272999515567884,0.41396296925428905,0.40041751574201423
基础款/6247.mp4,基础款,eval_good,0.53106689453125,0.49002838134765625,0.4685825780034065,0.5875069499015808,0.5626307874917984,0.5377960111945868,0.44418057799339294,0.4102311134338379,0.4054900836199522,0.526611328125,0.516834944486618,0.49423083662986755,0.5542784163473818,0.4332443062288485,0.42211329577411627
基础款/6791.mp4,基础款,eval_good,0.501373291015625,0.4424947053194046,0.4397241808474064,0.575927734375,0.5531964898109436,0.5102190263569355,0.449038565158844,0.4040764346718788,0.40281395241618156,0.5115500092506409,0.46679867058992386,0.45510684698820114,0.44946492271105826,0.34812789007794953,0.3232943988716507
基础款/6180.mp4,基础款,eval_good,0.49896240234375,0.46677398681640625,0.4486713409423828,0.4852469265460968,0.4736371636390686,0.4651674535125494,0.4299629330635071,0.3993968442082405,0.3861621990799904,0.4245820939540863,0.40721309185028076,0.40520230308175087,0.506631299734748,0.4559614467845836,0.4420337298757766
基础款/6989.mp4,基础款,eval_good,0.4677385687828064,0.445452019572258,0.4371664896607399,0.4879324734210968,0.4829799085855484,0.4754813052713871,0.4076266884803772,0.39305901527404785,0.38665978983044624,0.4489099979400635,0.4403040334582329,0.4365400429815054,0.36869565217391304,0.32608695652173914,0.3181034532337006
基础款/7541.mp4,基础款,eval_good,0.5413140058517456,0.46465471386909485,0.440697867423296,0.5425502061843872,0.5174386352300644,0.5100174006074667,0.5002668499946594,0.3884509727358818,0.3840423598885536,0.49630558490753174,0.44944943487644196,0.445446465164423,0.8109889021006739,0.461694812417838,0.4360065529418982
基础款/6911.mp4,基础款,eval_good,0.54071044921875,0.4940040186047554,0.4880626630038023,0.5550537109375,0.5471017062664032,0.5423071645200253,0.5088962316513062,0.43878891319036484,0.4311206564307213,0.5289270877838135,0.5169381648302078,0.5113401971757412,0.3447076461769115,0.3077496965802813,0.2845772086225997
基础款/6798.mp4,基础款,eval_good,0.5976291298866272,0.5859917551279068,0.5821980386972427,0.5866873860359192,0.575374037027359,0.5694133155047894,0.5484809279441833,0.5401659458875656,0.5305177643895149,0.5302447080612183,0.5227598249912262,0.5129190292209387,0.7395957193816884,0.7302750182194776,0.7090759976908618
基础款/6381.mp4,基础款,eval_good,0.672393798828125,0.6587600708007812,0.642966590821743,0.6781005859375,0.675750732421875,0.6629268079996109,0.6390548944473267,0.5147918611764908,0.5132930558174849,0.6576250791549683,0.645891085267067,0.6301294229924679,0.5410417539449798,0.3668320331781198,0.36439746160993974
基础款/6817.mp4,基础款,eval_good,0.553955078125,0.5316162109375,0.5112965907901525,0.5466657280921936,0.5372663289308548,0.5264260470867157,0.5299275517463684,0.5077565461397171,0.44375667348504066,0.5184218287467957,0.5026353001594543,0.4924704600125551,0.4882758620689655,0.4177407847800238,0.3542936014309379
基础款/6451.mp4,基础款,eval_good,0.5248616337776184,0.4784393310546875,0.4651256110519171,0.5891810655593872,0.5297633558511734,0.5074135884642601,0.47380369901657104,0.4271751642227173,0.418844984844327,0.5191829800605774,0.48995882272720337,0.46428882516920567,0.739151955122917,0.6023247774608935,0.5275176816799052
基础款/6742.mp4,基础款,eval_good,0.46826171875,0.45573678612709045,0.44867261312901974,0.4761090874671936,0.4719935804605484,0.46586390770971775,0.4122203588485718,0.408100463449955,0.4000969659537077,0.44113337993621826,0.4338953420519829,0.4268013443797827,0.47881773399014776,0.43308985901138103,0.3792860011128154
基础款/6033.mp4,基础款,eval_good,0.4505615234375,0.4403228759765625,0.42843055725097656,0.5250941514968872,0.4505135640501976,0.4520252738147974,0.3933221697807312,0.3788975328207016,0.37232431396842003,0.44803035259246826,0.4114290028810501,0.41126542538404465,0.4061302681992337,0.3809116131589378,0.36142555159202006
基础款/6415.mp4,基础款,eval_good,0.4708774983882904,0.44237082451581955,0.4398213028907776,0.4952741265296936,0.4862409383058548,0.47835540771484375,0.42116135358810425,0.4103489965200424,0.40109924226999283,0.45789650082588196,0.4457603842020035,0.442056767642498,0.4861428702094576,0.4478337754199823,0.4175811175766586
基础款/5669.mp4,基础款,eval_good,0.49462890625,0.4260457456111908,0.4161712657660246,0.4900774359703064,0.4555751159787178,0.4465866107493639,0.47579753398895264,0.38138071447610855,0.3740969654172659,0.46453139185905457,0.41560544073581696,0.41076144203543663,0.7662835249042146,0.4000326862990359,0.3926311664647723
基础款/6653.mp4,基础款,eval_good,0.4296177327632904,0.40106964111328125,0.3899443205446005,0.4839739203453064,0.4518781378865242,0.43843078427016735,0.3884851932525635,0.3503338322043419,0.3416847325861454,0.42314597964286804,0.4067625179886818,0.39471031725406647,0.445154577883472,0.38653866950933136,0.361351289279736
基础款/6250.mp4,基础款,eval_good,0.67431640625,0.6290791928768158,0.5231718495488167,0.6673583984375,0.61895751953125,0.5288489200174809,0.6541193127632141,0.6109618991613388,0.4900643415749073,0.6402803063392639,0.5964580029249191,0.4981566034257412,0.8435312418978482,0.7632514152280585,0.5708864703924751
基础款/6562.mp4,基础款,eval_good,0.50347900390625,0.4149424210190773,0.40758408419787884,0.4762137234210968,0.43585205078125,0.43057141825556755,0.3856607973575592,0.3602737560868263,0.35541098564863205,0.4011481702327728,0.3939666822552681,0.38809899613261223,0.573127229488704,0.567071828070639,0.5478965737437794
基础款/7558.mp4,基础款,eval_good,0.44500732421875,0.429840087890625,0.4050865173339844,0.5419921875,0.5013253316283226,0.48914228193461895,0.4015675187110901,0.37671859562397003,0.35524585098028183,0.47217872738838196,0.43368619680404663,0.42050978541374207,0.45897740784780017,0.40028273219711985,0.3558557540468955
基础款/6274.mp4,基础款,eval_good,0.5223563313484192,0.4816022664308548,0.45848373882472515,0.5423758625984192,0.5336151272058487,0.527517594397068,0.4545745849609375,0.4373321533203125,0.4100028946995735,0.49541160464286804,0.485784187912941,0.4795239381492138,0.5198746081504703,0.29789248233026344,0.30732523393786515
基础款/6747.mp4,基础款,eval_good,0.4722900390625,0.4576307013630867,0.4524032957851887,0.4798409640789032,0.4618268609046936,0.45860399678349495,0.4149263799190521,0.4089011177420616,0.40127500891685486,0.4383113980293274,0.4277900382876396,0.4229339137673378,0.4926108374384237,0.4316290130796671,0.4033872077285796
基础款/6909.mp4,基础款,eval_good,0.521148681640625,0.4807400181889534,0.4696740657091141,0.5821358561515808,0.5482613891363144,0.5300183985382318,0.47125244140625,0.4365859180688858,0.43298234418034554,0.518913745880127,0.4895988926291466,0.4792004767805338,0.6502734839476814,0.5120954899258618,0.48944245174152806
基础款/6485.mp4,基础款,eval_good,0.42755126953125,0.4180145263671875,0.4034679960459471,0.4864501953125,0.4759565144777298,0.46726554073393345,0.3646182119846344,0.34541113674640656,0.33823916502296925,0.43665626645088196,0.4332885667681694,0.42798973247408867,0.46056282203725724,0.4060862289161933,0.38269187274389416
基础款/6704.mp4,基础款,eval_good,0.55194091796875,0.49684906005859375,0.49209022521972656,0.5345284342765808,0.5112391710281372,0.5060588289052248,0.474609375,0.4555460512638092,0.4415105152875185,0.48428523540496826,0.47741788625717163,0.46853525564074516,0.3935910832462556,0.3664708920356958,0.34666566125370923
基础款/6876.mp4,基础款,eval_good,0.550506591796875,0.5357742458581924,0.5195901989936829,0.574462890625,0.549072265625,0.5346854068338871,0.5109537839889526,0.5061006247997284,0.4771018084138632,0.5305319428443909,0.5159211903810501,0.502555625513196,0.9108517429125728,0.7445888594164456,0.5777940338272829
基础款/6940.mp4,基础款,eval_good,0.4825265109539032,0.4731881245970726,0.4611726477742195,0.5109165906906128,0.4987531453371048,0.4913351908326149,0.4285888671875,0.4146118238568306,0.4032914936542511,0.46180635690689087,0.4517005383968353,0.4462607856839895,0.5718075028419856,0.5602770409666962,0.5317331803854184
基础款/6734.mp4,基础款,eval_good,0.47711181640625,0.4712415486574173,0.4651451110839844,0.524169921875,0.5183541476726532,0.5145132914185524,0.425048828125,0.4107840433716774,0.3826413732022047,0.49352309107780457,0.4902747794985771,0.48624016530811787,0.42779840848806366,0.3784304399524375,0.3427107158706445
基础款/6788.mp4,基础款,eval_good,0.610198974609375,0.5954657644033432,0.5629615783691406,0.6167166829109192,0.6074131727218628,0.5983330868184566,0.5332580804824829,0.4885670095682144,0.4604951683431864,0.5649916529655457,0.557605504989624,0.5487940143793821,0.4199233716475096,0.38992304709001424,0.37228241365465997
基础款/7202.mp4,基础款,eval_good,0.52032470703125,0.44210661947727203,0.4351062774658203,0.5703299641609192,0.5446951538324356,0.5204838365316391,0.45538651943206787,0.37277402728796005,0.37055798061192036,0.5246833562850952,0.5128631442785263,0.483602412045002,0.43777188328912464,0.4184143825523136,0.3958507887387198
基础款/7159.mp4,基础款,eval_good,0.41229248046875,0.3893280029296875,0.3844740726053715,0.4481724202632904,0.4392351508140564,0.4338695015758276,0.3642810583114624,0.3415752202272415,0.3348469901829958,0.4014246463775635,0.3951990529894829,0.39296565763652325,0.37803320561941245,0.31059043128008645,0.29800149178445323
基础款/5686.mp4,基础款,eval_good,0.571075439453125,0.5645675659179688,0.5463161468505859,0.5984758734703064,0.581782728433609,0.5691021494567394,0.5282098650932312,0.5172151029109955,0.5062714219093323,0.5619794130325317,0.5499967783689499,0.5402904935181141,0.5333222811671088,0.5119215715418153,0.49260038500203585
基础款/6783.mp4,基础款,eval_good,0.6392822265625,0.6295013427734375,0.6003227233886719,0.6204833984375,0.6095014214515686,0.5871298648416996,0.6140007972717285,0.6019576191902161,0.5681547056883574,0.5689553618431091,0.5665355175733566,0.5471025332808495,0.8428281488626317,0.7351700024113818,0.6529731680305235
基础款/5714.mp4,基础款,eval_good,0.488922119140625,0.48712158203125,0.4784158989787102,0.536865234375,0.5287562906742096,0.5258690938353539,0.437895268201828,0.4266466945409775,0.4230350758880377,0.4688756465911865,0.4637603685259819,0.46041892282664776,0.44469987228607916,0.40524772096710265,0.3908543620909852
基础款/6792.mp4,基础款,eval_good,0.598846435546875,0.5289611667394638,0.5237747989594936,0.6271449327468872,0.5426984578371048,0.5397851169109344,0.582733154296875,0.4853674918413162,0.47597874514758587,0.6026216149330139,0.515142098069191,0.5071435794234276,0.9850273120520351,0.5236125574439751,0.5226763237836133
基础款/6240.mp4,基础款,eval_good,0.45195311307907104,0.42399902641773224,0.4191833510994911,0.4947684109210968,0.4840567484498024,0.4490519892424345,0.42716798186302185,0.39884765446186066,0.39398437924683094,0.43781235814094543,0.4280368611216545,0.407999599352479,0.6706302021403092,0.5435755752955165,0.49818143666503456
基础款/6933.mp4,基础款,eval_good,0.599609375,0.5955156534910202,0.5759941898286343,0.6109619140625,0.5979090929031372,0.5881641954183578,0.5685628056526184,0.5576925575733185,0.5362780187278986,0.58953857421875,0.5746666342020035,0.5637509934604168,0.34818744473916885,0.30322505413959694,0.27347614895337
基础款/7085.mp4,基础款,eval_good,0.44989013671875,0.4356842041015625,0.4242973309010267,0.5052664875984192,0.4780360609292984,0.4698998611420393,0.39483964443206787,0.38239219039678574,0.37767654471099377,0.44702866673469543,0.43378403037786484,0.4300301466137171,0.503448275862069,0.4638129211256441,0.43425981490688204
基础款/6873.mp4,基础款,eval_good,0.5642438530921936,0.546173095703125,0.5397509597241879,0.5926862359046936,0.5833783894777298,0.5704367496073246,0.5123993754386902,0.48380445688962936,0.4794214107096195,0.555107593536377,0.5436087101697922,0.5335830189287663,0.37849257189587027,0.35457271364317844,0.3407824068665523
基础款/7171.mp4,基础款,eval_good,0.441802978515625,0.41751861572265625,0.4030799865722656,0.5055280327796936,0.4912763312458992,0.4720197394490242,0.3754943907260895,0.3282456248998642,0.32304093800485134,0.4349544644355774,0.42600565403699875,0.42003451846539974,0.4260301522291218,0.31212841854934603,0.30338074896140693
基础款/7230.mp4,基础款,eval_good,0.492340087890625,0.4652557373046875,0.44028500095009804,0.4867815375328064,0.4727172926068306,0.4681352861225605,0.43720579147338867,0.41758788377046585,0.39378236420452595,0.4508415758609772,0.44230561703443527,0.4375596884638071,0.5118773946360153,0.469154068286054,0.3851133388455029
基础款/6980.mp4,基础款,eval_good,0.4756401777267456,0.4643503725528717,0.4560932572931051,0.5234898328781128,0.5066005289554596,0.4940272755920887,0.41605809330940247,0.40979140251874924,0.40373588167130947,0.48733699321746826,0.4614715576171875,0.45753299444913864,0.3787871581450654,0.36614338561425364,0.34932612759370174
基础款/7038.mp4,基础款,eval_good,0.551971435546875,0.541015625,0.5295834615826607,0.5762939453125,0.5590689480304718,0.5502439215779305,0.4971596300601959,0.4844735935330391,0.47413052059710026,0.5272611975669861,0.5176750719547272,0.5133195742964745,0.47652947719688543,0.410519978106185,0.38009769143263716
基础款/6737.mp4,基础款,eval_good,0.45318603515625,0.4481201171875,0.44124603271484375,0.4622279703617096,0.4568088948726654,0.4535402599722147,0.41716745495796204,0.409740574657917,0.4037355147302151,0.43466365337371826,0.43037863820791245,0.4261647406965494,0.42819923371647506,0.39938190079836927,0.3876794492651731
基础款/6743.mp4,基础款,eval_good,0.580230712890625,0.5572713166475296,0.5277177710086107,0.59375,0.569427490234375,0.5624564029276371,0.495024174451828,0.4754074364900589,0.4556818511337042,0.5602165460586548,0.5346670746803284,0.5224970672279596,0.6436781609195403,0.5988578512941332,0.5564488904241448
基础款/6157.mp4,基础款,eval_good,0.47845458984375,0.4700046107172966,0.4503004290163517,0.4781668484210968,0.4656677171587944,0.4548470638692379,0.4193442761898041,0.4052944481372833,0.38854847848415375,0.42858168482780457,0.4213104173541069,0.41217938251793385,0.480952380952381,0.45355631416772146,0.43994030230264936
基础款/6996.mp4,基础款,eval_good,0.4652777910232544,0.4550510048866272,0.4473614189773798,0.4974539577960968,0.4836949035525322,0.4788120836019516,0.4192560315132141,0.40722933411598206,0.40380522795021534,0.4535953402519226,0.44750527292490005,0.4447591435164213,0.4351961950059453,0.4108953186242128,0.4005964921324261
基础款/6346.mp4,基础款,eval_good,0.43902587890625,0.416748046875,0.4148368835449219,0.5538678765296936,0.5491289347410202,0.5393600463867188,0.3968599736690521,0.3881836012005806,0.3848133683204651,0.45769187808036804,0.4537021368741989,0.44836762733757496,0.5210727969348659,0.5061576354679803,0.47784666779910534
基础款/5680.mp4,基础款,eval_good,0.43890380859375,0.4150814488530159,0.40816969983279705,0.4498291015625,0.4401332214474678,0.4336689505726099,0.37653297185897827,0.36347538977861404,0.35880012065172195,0.3939603865146637,0.39012595266103745,0.38632942736148834,0.60734149054505,0.4690537378696636,0.463425418867447
基础款/6116.mp4,基础款,eval_good,0.4390869140625,0.4141845703125,0.40015411376953125,0.4685756266117096,0.4475359246134758,0.44054521806538105,0.36598557233810425,0.3520820811390877,0.34640696458518505,0.4186796247959137,0.4052860140800476,0.3987188898026943,0.3769322235434007,0.36480805163920504,0.3530362732458452
基础款/6328.mp4,基础款,eval_good,0.61248779296875,0.5864013433456421,0.5787151381373405,0.60693359375,0.5908050388097763,0.5799342542886734,0.5941191911697388,0.5728539824485779,0.5545657146722078,0.5851117372512817,0.5571553856134415,0.5512022115290165,0.8848320937570431,0.842792051686575,0.6675694298235357
基础款/6891.mp4,基础款,eval_good,0.4331752359867096,0.4222005233168602,0.4112775903195143,0.4554094672203064,0.44842529296875,0.444202970713377,0.3922363221645355,0.3801228776574135,0.3671964071691036,0.4119873046875,0.4051818922162056,0.40183886513113976,0.46466052687941745,0.4426159935905063,0.412260279616623
基础款/6421.mp4,基础款,eval_good,0.49658203125,0.46905517578125,0.42579912208020687,0.4773995578289032,0.4719935730099678,0.4619402214884758,0.4601367115974426,0.4365718141198158,0.3741056062281132,0.44346708059310913,0.4305366054177284,0.41972036845982075,0.6488940403747706,0.4957921015676967,0.46416358069731845
基础款/5766.mp4,基础款,eval_good,0.4805733859539032,0.43548583984375,0.4293338228017092,0.4845493733882904,0.4675162136554718,0.4626203291118145,0.4196980893611908,0.3945719301700592,0.38957881554961205,0.4488309919834137,0.43434053659439087,0.43000389635562897,0.5182542828202756,0.47315466934967526,0.4427867532014381
基础款/6897.mp4,基础款,eval_good,0.4338650107383728,0.4073333740234375,0.4030435346066952,0.4794224202632904,0.4654279500246048,0.4623009841889143,0.3840221166610718,0.36784443259239197,0.3593802824616432,0.43498679995536804,0.42449771612882614,0.422881405800581,0.442999405469679,0.4200853682221869,0.40034746150824596
基础款/6279.mp4,基础款,eval_good,0.5393337607383728,0.5083279311656952,0.49889140762388706,0.5851702094078064,0.5805969089269638,0.5689392127096653,0.4825994372367859,0.4635108783841133,0.459031667560339,0.5264569520950317,0.5240065604448318,0.5208540596067905,0.4,0.36449758991472003,0.3358227016165914
基础款/6844.mp4,基础款,eval_good,0.566802978515625,0.549114778637886,0.5304595418274403,0.5633021593093872,0.5476117879152298,0.539409089833498,0.5386207103729248,0.5192173421382904,0.49554968625307083,0.5397805571556091,0.5194800794124603,0.512449823319912,0.5111111111111111,0.49442676097848515,0.4619946584457971
基础款/7296.mp4,基础款,eval_good,0.48223876953125,0.4403839111328125,0.42358834482729435,0.4968959391117096,0.4812098890542984,0.47114562802016735,0.432466059923172,0.38543232530355453,0.3704523518681526,0.455078125,0.44145292788743973,0.43474578857421875,0.49585959708317884,0.44752151176914323,0.4348528377635431
基础款/7095.mp4,基础款,eval_good,0.5655342936515808,0.5598493367433548,0.5419404171407223,0.5587855577468872,0.5357404500246048,0.5291366577148438,0.5051811933517456,0.4963751882314682,0.48432132601737976,0.48363539576530457,0.47833071649074554,0.47213139198720455,0.5241379310344827,0.4885057471264368,0.4719103140000881
基础款/6104.mp4,基础款,eval_good,0.513031005859375,0.4969024658203125,0.48487153463065624,0.5509381890296936,0.5261709839105606,0.5108261089771986,0.4936639666557312,0.4810512736439705,0.46222666464746,0.5048720240592957,0.4912199154496193,0.47890719398856163,0.6223123732251521,0.5243096842383407,0.48163654049620985
基础款/7437.mp4,基础款,eval_good,0.478363037109375,0.452239990234375,0.44540114514529705,0.5055106282234192,0.4880153089761734,0.48520660400390625,0.4091796875,0.3954252451658249,0.39122691191732883,0.45932185649871826,0.4470277577638626,0.4418265372514725,0.5986133917168401,0.5262383338245407,0.49973900554459416
基础款/7000.mp4,基础款,eval_good,0.522491455078125,0.48983001708984375,0.4451751708984375,0.5154680609703064,0.4897068664431572,0.48189653642475605,0.46795496344566345,0.43295178562402725,0.385970177128911,0.4640071988105774,0.44687697291374207,0.43893791548907757,0.4238095238095238,0.39049261083743847,0.3566186828743405
基础款/6640.mp4,基础款,eval_good,0.5187290906906128,0.4906267523765564,0.4368716683238745,0.5337088704109192,0.5191257894039154,0.5094157624989748,0.4651082456111908,0.4505039304494858,0.38643510453402996,0.4928553104400635,0.47602754831314087,0.46751538664102554,0.4442223332778055,0.4025341038272073,0.33773612818606485
基础款/6002.mp4,基础款,eval_good,0.553436279296875,0.5349451750516891,0.5294861234724522,0.5514962077140808,0.5473676174879074,0.5410995446145535,0.5033656358718872,0.4953801929950714,0.4891716744750738,0.5280330777168274,0.5250944495201111,0.5200329944491386,0.8083850794909059,0.5153084297276119,0.5018385914360033
基础款/6715.mp4,基础款,eval_good,0.5873801708221436,0.5846946090459824,0.5718900486826897,0.5828682780265808,0.5783168226480484,0.5690100453794003,0.536895215511322,0.5291351824998856,0.518125856295228,0.532844066619873,0.5244706124067307,0.5172938108444214,0.6911771700356718,0.5749186278737792,0.5449902207296559
基础款/6141.mp4,基础款,eval_good,0.5336506962776184,0.484701968729496,0.4732690565288067,0.5244315266609192,0.5154070109128952,0.5087018702179193,0.4922932982444763,0.449999563395977,0.4354428965598345,0.4968297481536865,0.4822746813297272,0.4759321790188551,0.909103600573655,0.7856509547645533,0.6876925857923093
基础款/6854.mp4,基础款,eval_good,0.4783063530921936,0.4482945054769516,0.42618827149271965,0.6045270562171936,0.5874415785074234,0.5802797637879848,0.3752712607383728,0.3689778596162796,0.3441637046635151,0.5337632298469543,0.5216100215911865,0.5132336299866438,0.5361236623067777,0.5169560047562427,0.41556984049552426
基础款/7162.mp4,基础款,eval_good,0.5267333984375,0.5141448974609375,0.482330322265625,0.552490234375,0.5271780788898468,0.5042746402323246,0.4439290463924408,0.4365522786974907,0.4200470894575119,0.4997343122959137,0.4836336076259613,0.4675438832491636,0.6225965358334657,0.6043513957307061,0.4251657225364841
基础款/6794.mp4,基础款,eval_good,0.509368896484375,0.4990234375,0.4942373540252447,0.5543212890625,0.5261840671300888,0.5221644751727581,0.45972323417663574,0.4570128619670868,0.4496643338352442,0.48874080181121826,0.4806312024593353,0.47702991403639317,0.6609597299252472,0.6291837004322142,0.6046745893502972
基础款/5988.mp4,基础款,eval_good,0.5663791298866272,0.5194931030273438,0.5102801024913788,0.5656389594078064,0.5565577745437622,0.5438145212829113,0.5068033933639526,0.4608578532934189,0.4588460121303797,0.5168564915657043,0.505389928817749,0.4985427837818861,0.49306381292112567,0.40503191490819024,0.3960399176093877
基础款/6839.mp4,基础款,eval_good,0.4796665608882904,0.4598824679851532,0.44264439307153225,0.5693534016609192,0.5513567328453064,0.5460281409323215,0.39935487508773804,0.3729366809129715,0.36709635332226753,0.5107206702232361,0.5071052312850952,0.5006684735417366,0.5557193816884661,0.5292241379310344,0.5057340759328559
基础款/7092.mp4,基础款,eval_good,0.568359375,0.5567135214805603,0.5213793776929379,0.5849609375,0.5717206746339798,0.567637849599123,0.52880859375,0.4856373220682144,0.4617460332810879,0.5425558686256409,0.5398263335227966,0.5295250844210386,0.5720197044334976,0.5126309259163522,0.46621949070372937
基础款/7384.mp4,基础款,eval_good,0.585052490234375,0.5055923461914062,0.47985331155359745,0.5805315375328064,0.5166844129562378,0.5157906617969275,0.5625174641609192,0.45033375918865204,0.4280094634741545,0.55206298828125,0.4813627451658249,0.4803902134299278,0.7162548993702382,0.5260515346722243,0.47636100198079984
基础款/6923.mp4,基础款,eval_good,0.586669921875,0.5029296875,0.4957880284637213,0.6307198405265808,0.574427992105484,0.5704394765198231,0.553228497505188,0.4511953443288803,0.44892921298742294,0.5960980653762817,0.5351742208003998,0.5278328154236078,0.5658307210031348,0.419792008757526,0.4069656872558141
基础款/7070.mp4,基础款,eval_good,0.504608154296875,0.4151390939950943,0.40379948168992996,0.5057373046875,0.4590759351849556,0.45091901533305645,0.3827161192893982,0.3298787623643875,0.32471842877566814,0.42693373560905457,0.3996609002351761,0.3941879253834486,0.43471853816681405,0.3973774606949399,0.3770218265462023
基础款/7287.mp4,基础款,eval_good,0.497100830078125,0.47113037109375,0.4681728910654783,0.4943149983882904,0.4889177605509758,0.48147364892065525,0.4534389078617096,0.43411432951688766,0.4234655760228634,0.46196791529655457,0.45398128032684326,0.44548079557716846,0.5022053004613449,0.4574600543684967,0.4122746900575336
基础款/6023.mp4,基础款,eval_good,0.513702392578125,0.48842620849609375,0.47414398193359375,0.5279715657234192,0.5210833102464676,0.5154789499938488,0.4871312081813812,0.44739214330911636,0.4286319352686405,0.4989983141422272,0.492975577712059,0.48915908113121986,0.5015193552648963,0.4518700966976829,0.4388254517535136
星月款/7250.mp4,星月款,eval_good,0.4874945878982544,0.46887969970703125,0.45071559585630894,0.505126953125,0.4891139417886734,0.48172433115541935,0.4328721761703491,0.4107455238699913,0.39896600134670734,0.45367431640625,0.44659872353076935,0.4390967860817909,0.6241379310344828,0.5731272294887039,0.5128355234436823
星月款/6857.mp4,星月款,eval_good,0.4680446982383728,0.4403974711894989,0.43057590164244175,0.5159912109375,0.4441964402794838,0.4409648347645998,0.41484373807907104,0.396689310669899,0.38520364090800285,0.4254114627838135,0.4069555029273033,0.40405745059251785,0.6382594417077176,0.6031368186874304,0.5699601195277237
星月款/6807.mp4,星月款,eval_good,0.5298665165901184,0.4637925922870636,0.4624231122434139,0.5340750813484192,0.5052141398191452,0.49158042296767235,0.44863060116767883,0.4280300810933113,0.4170329011976719,0.4872077405452728,0.4662502557039261,0.4520945828408003,0.5982905982905983,0.5280120581844719,0.47343876723966294
星月款/7604.mp4,星月款,eval_good,0.4817592203617096,0.4693167582154274,0.4625100661069155,0.4985874593257904,0.4944937527179718,0.49003165028989315,0.42795631289482117,0.4222180172801018,0.41483044624328613,0.46328914165496826,0.45944123715162277,0.45625170320272446,0.445738669126975,0.4174835659093531,0.40878229917397835
星月款/6232.mp4,星月款,eval_good,0.5907796025276184,0.56683349609375,0.5348998438566923,0.6166294813156128,0.598645880818367,0.5709348358213902,0.5473307371139526,0.4884370043873787,0.46891396306455135,0.5921918153762817,0.5729549676179886,0.5402636844664812,0.6206896551724138,0.5439919466789902,0.437838388573916
星月款/6957.mp4,星月款,eval_good,0.6066450476646423,0.49749755859375,0.49807706102728844,0.6014404296875,0.5050092488527298,0.5131966732442379,0.5595005750656128,0.4520902782678604,0.4516384154558182,0.5514095425605774,0.4703790992498398,0.47746208868920803,0.6121932277104691,0.4579302302871553,0.45382683400273743
星月款/6271.mp4,星月款,eval_good,0.5199950933456421,0.5145097076892853,0.5104962382465601,0.5147181749343872,0.5107814371585846,0.5064239539206028,0.4855615198612213,0.4792782589793205,0.4768926687538624,0.47655174136161804,0.47303592413663864,0.4708532467484474,0.6067597551468519,0.5863798010627822,0.5537585734471163
星月款/7529.mp4,星月款,eval_good,0.44793701171875,0.4296875,0.4231409337371588,0.5043596625328064,0.5012468546628952,0.48216465301811695,0.4048316478729248,0.395483560860157,0.39152289368212223,0.4502527713775635,0.4409637376666069,0.4332576096057892,0.5679305940899282,0.49189468320027174,0.44256832694763726
星月款/6149.mp4,星月款,eval_good,0.4972446858882904,0.49226271361112595,0.48498776368796825,0.52197265625,0.498931884765625,0.49404798075556755,0.4374864399433136,0.43311939388513565,0.42571172304451466,0.4665742814540863,0.4540198892354965,0.45050699822604656,0.4585200768316107,0.445371810116162,0.41277926918237784
星月款/7206.mp4,星月款,eval_good,0.41668701171875,0.403564453125,0.39109475165605545,0.4499860405921936,0.4410661980509758,0.43627057783305645,0.3840448260307312,0.3602847084403038,0.3427633959800005,0.40724092721939087,0.4052644670009613,0.402810487896204,0.5512071550431681,0.49557443500471987,0.4534187442403593
星月款/7227.mp4,星月款,eval_good,0.5286186933517456,0.5196990966796875,0.5145611241459846,0.5620814561843872,0.557085320353508,0.5546362698078156,0.4741377532482147,0.4705955907702446,0.4674327578395605,0.520751953125,0.5155585706233978,0.512042548507452,0.4705509314308363,0.4289607043768756,0.408732264548641
星月款/6486.mp4,星月款,eval_good,0.4945475161075592,0.4672328308224678,0.4340836629271507,0.54052734375,0.5162135511636734,0.4857057798653841,0.46741536259651184,0.4332444444298744,0.39266164787113667,0.5136970281600952,0.49147842079401016,0.4495905712246895,0.7069322481616335,0.4207501512401694,0.4054365429757247
星月款/7256.mp4,星月款,eval_good,0.5090680718421936,0.5009867250919342,0.48257215693593025,0.5482003092765808,0.5395246297121048,0.530345369130373,0.4576958417892456,0.45444539189338684,0.43915512599051,0.5033892393112183,0.49164535850286484,0.4844551049172878,0.4611049314052651,0.4305570291777188,0.4030624262211925
森林款/6824.mp4,森林款,eval_good,0.46484375,0.4522552490234375,0.4417940769344568,0.4744350016117096,0.4588971883058548,0.45037187822163105,0.4044078588485718,0.3952265530824661,0.38878937624394894,0.43212890625,0.4204981178045273,0.41339739598333836,0.5105090311986864,0.465538474605062,0.4472401857731822
森林款/5606.mp4,森林款,eval_good,0.54541015625,0.5329818725585938,0.5236137919127941,0.5375104546546936,0.5274876207113266,0.5194189883768559,0.511898934841156,0.5043835937976837,0.49724942818284035,0.5054572820663452,0.49851270765066147,0.49268991872668266,0.5502298850574713,0.5152873563218391,0.5029089035331603
森林款/5691.mp4,森林款,eval_good,0.56512451171875,0.5321426391601562,0.5116969533264637,0.5799735188484192,0.5673697590827942,0.5624280720949173,0.4683779776096344,0.4650849923491478,0.4492520894855261,0.5419813990592957,0.5268832743167877,0.5227587036788464,0.5293867844402922,0.4939833531510107,0.4601304862862662
森林款/6412.mp4,森林款,eval_good,0.5303431749343872,0.5202636867761612,0.5131904948502779,0.5404401421546936,0.529571533203125,0.5277753621339798,0.4915567934513092,0.48424553126096725,0.4786449894309044,0.510673999786377,0.5041871964931488,0.5010010246187449,0.7409961685823755,0.49081201334816466,0.46837650193586133
森林款/6755.mp4,森林款,eval_good,0.4898855984210968,0.4850550964474678,0.4736202768981457,0.5043770670890808,0.4867335706949234,0.48478916846215725,0.4472508430480957,0.4447801485657692,0.4215185325592756,0.4577887952327728,0.4483489915728569,0.4425721950829029,0.6179310344827587,0.602751957354656,0.5662628322614598
潜水款/6193.mp4,潜水款,eval_good,0.469268798828125,0.4437255859375,0.43042285926640034,0.6096888780593872,0.5853358656167984,0.5680520199239254,0.42327433824539185,0.3723568990826607,0.3636497985571623,0.4940221309661865,0.4778289720416069,0.46315922401845455,0.7526202176689434,0.6652272935150462,0.5489248636728327
潜水款/6935.mp4,潜水款,eval_good,0.489227294921875,0.465576171875,0.46084158681333065,0.52001953125,0.5046168863773346,0.49990844912827015,0.43561574816703796,0.4277581200003624,0.41834575682878494,0.4817540645599365,0.4671110212802887,0.463185029104352,0.496551724137931,0.4650219334777056,0.44725283246970676
潜水款/6938.mp4,潜水款,eval_good,0.492645263671875,0.4570838063955307,0.43236072547733784,0.5143694281578064,0.4880458265542984,0.4798496812582016,0.43216145038604736,0.4128451868891716,0.3639590796083212,0.47079646587371826,0.44837144017219543,0.441294951364398,0.5375588068034949,0.47573435504469985,0.45234003438540626
潜水款/6789.mp4,潜水款,eval_good,0.5508858561515808,0.5445175170898438,0.5302772521972656,0.5721958875656128,0.559252068400383,0.5481076911091805,0.49559295177459717,0.4871869310736656,0.4802265390753746,0.5367144346237183,0.5269245952367783,0.5154681466519833,0.5871891640386703,0.5504316807113684,0.5059043247943625
潜水款/6916.mp4,潜水款,eval_good,0.5672084093093872,0.5530569702386856,0.5426104366779327,0.5621861219406128,0.5538635104894638,0.547871183604002,0.5255385637283325,0.519706204533577,0.5070903766900301,0.527472972869873,0.5178124010562897,0.5153557285666466,0.6790450928381963,0.549080459770115,0.5054645593869732
潜水款/6226.mp4,潜水款,eval_good,0.4949079155921936,0.4698399230837822,0.45390755869448185,0.4934605062007904,0.4748666062951088,0.4686802476644516,0.4391683042049408,0.4208598807454109,0.41201561503112316,0.4513980746269226,0.44168809056282043,0.43675994873046875,0.4137931034482758,0.3978735632183908,0.35205643972885353
潜水款/6109.mp4,潜水款,eval_good,0.5809849500656128,0.5696182250976562,0.5623111724853516,0.5923026204109192,0.5704868733882904,0.5672760009765625,0.5470494031906128,0.535364419221878,0.5251331515610218,0.5613259673118591,0.5477690100669861,0.5418409518897533,0.6515804597701149,0.6028963296129712,0.5094239293400975
潜水款/6838.mp4,潜水款,eval_good,0.56622314453125,0.5046735554933548,0.4736671447753906,0.5790666937828064,0.534776970744133,0.5246156994253397,0.4695298969745636,0.447439081966877,0.3972545526921749,0.5298426151275635,0.4907899796962738,0.48282825388014317,0.4331034482758621,0.38170971861739383,0.37092913461934596
潜水款/6955.mp4,潜水款,eval_good,0.5384521484375,0.4773101806640625,0.4709521420300007,0.5360804796218872,0.5172729343175888,0.5134146548807621,0.5045021176338196,0.4091763272881508,0.4114177469164133,0.5027322173118591,0.4888709634542465,0.4795067738741636,0.6940915915915915,0.5059662097712037,0.47889336910014224
潜水款/7036.mp4,潜水款,eval_good,0.4787946343421936,0.4092356339097023,0.4081769026815891,0.4919782280921936,0.4744873046875,0.45384979248046875,0.45160096883773804,0.36288782954216003,0.3632203210145235,0.4560941755771637,0.421184778213501,0.4109642952680588,0.7155172413793103,0.4642651888341544,0.4605091009814295
潜水款/6719.mp4,潜水款,eval_good,0.4906180202960968,0.4661603644490242,0.4588116221129894,0.541015625,0.5274266004562378,0.5208674818277359,0.4405554533004761,0.4135248586535454,0.4063798300921917,0.4938533902168274,0.4899597242474556,0.4821200668811798,0.4024732461355529,0.3837493753123439,0.3706921429816017
潜水款/6296.mp4,潜水款,eval_good,0.530242919921875,0.5068495273590088,0.5003457292914391,0.5205078125,0.5011770874261856,0.49841199070215225,0.4899783134460449,0.4571792706847191,0.4540278073400259,0.4775426387786865,0.46247414499521255,0.4571649879217148,0.7508064149743311,0.7228077880251793,0.6793562782320419
潜水款/7427.mp4,潜水款,eval_good,0.60113525390625,0.49726104736328125,0.4812796451151371,0.5976213812828064,0.5756661742925644,0.55153002217412,0.532151460647583,0.4513743221759796,0.4277526028454304,0.5390337705612183,0.5043882578611374,0.49285956285893917,0.6205072067141032,0.581835150800668,0.53575472276598
潜水款/6512.mp4,潜水款,eval_good,0.6227329969406128,0.6064889281988144,0.552760262042284,0.6455950140953064,0.59808349609375,0.5468880776315928,0.6045883893966675,0.5871286243200302,0.5148571189492941,0.6243465542793274,0.5784310698509216,0.5077474247664213,0.847433426144071,0.7493396159063326,0.5849711068567158
甜品款/6985.mp4,甜品款,eval_good,0.56463623046875,0.5503082275390625,0.542730875313282,0.5741141438484192,0.5671016126871109,0.5606204494833946,0.5067107081413269,0.49365390092134476,0.47977918945252895,0.5438663363456726,0.5383848398923874,0.5311967022716999,0.6336372043863125,0.46422185732530563,0.39631099017246463
甜品款/6592.mp4,甜品款,eval_good,0.5231119990348816,0.5102767944335938,0.4884884264320135,0.5641392469406128,0.5491812527179718,0.5390298031270504,0.4795491397380829,0.4477490857243538,0.4300937410444021,0.5172262787818909,0.5020258277654648,0.4916204586625099,0.49036124794745484,0.41850791775829255,0.4073990742862557
甜品款/7418.mp4,甜品款,eval_good,0.48681640625,0.4596405029296875,0.45225122198462486,0.49658203125,0.4773515984416008,0.46972547471523285,0.43258532881736755,0.4204649105668068,0.40752460062503815,0.45860379934310913,0.4464452415704727,0.43543400429189205,0.6488929146537843,0.520288131796171,0.4974560124073187
甜品款/7078.mp4,甜品款,eval_good,0.430419921875,0.380126953125,0.37075042724609375,0.5158516764640808,0.4347970113158226,0.43374742567539215,0.40168020129203796,0.3325977027416229,0.3309412319213152,0.4550817012786865,0.39359598606824875,0.393259160220623,0.556551724137931,0.46092936437764026,0.44338722640595407
甜品款/6739.mp4,甜品款,eval_good,0.524505615234375,0.4928327202796936,0.4790764730423689,0.6034284234046936,0.5591735690832138,0.5366014763712883,0.4840933084487915,0.45831314474344254,0.4359809309244156,0.517754077911377,0.5017260313034058,0.4913002420216799,0.6833250041645844,0.5819738732032586,0.5469651321289365
甜品款/6683.mp4,甜品款,eval_good,0.5699055790901184,0.5205710232257843,0.5058710910379887,0.6097586750984192,0.5545436292886734,0.5303562767803669,0.5220602750778198,0.4900590553879738,0.4731625095009804,0.5591933131217957,0.496844120323658,0.49138192273676395,0.8423894113549286,0.7760465371978165,0.5884022273715457
甜品款/5761.mp4,甜品款,eval_good,0.5282854437828064,0.5075247585773468,0.47054645232856274,0.5521240234375,0.4877275750041008,0.4807870052754879,0.4938150942325592,0.4516435042023659,0.4302520789206028,0.5271031856536865,0.44897282123565674,0.4509961698204279,0.8552712890866394,0.6101017591562641,0.6103149540310229
甜品款/5631.mp4,甜品款,eval_good,0.43609619140625,0.4254150390625,0.4158287048339844,0.4725864827632904,0.4664175882935524,0.45862906612455845,0.3941025137901306,0.38576430082321167,0.3730641808360815,0.42707374691963196,0.4185180589556694,0.41411859542131424,0.573127229488704,0.5321565407772305,0.5103376409559526
甜品款/6493.mp4,甜品款,eval_good,0.473724365234375,0.4674835205078125,0.46210479736328125,0.5030866265296936,0.4904567152261734,0.48564257100224495,0.427187979221344,0.42398861795663834,0.4181021563708782,0.45025634765625,0.44692186266183853,0.4393474366515875,0.47162926473271305,0.44068795651435366,0.42199785780344634
花花款/6083.mp4,花花款,eval_good,0.36956787109375,0.3612772598862648,0.3562482204288244,0.4708077609539032,0.4564819261431694,0.4511239193379879,0.3302667737007141,0.3205268606543541,0.3174736760556698,0.40882784128189087,0.40203049033880234,0.39528341963887215,0.3828775267538645,0.32368831747919147,0.3090351313994203
花花款/6121.mp4,花花款,eval_good,0.5416015386581421,0.48649901896715164,0.4639091659337282,0.5469622015953064,0.4979902058839798,0.48518480360507965,0.49814078211784363,0.4073144569993019,0.4082578308880329,0.5024809241294861,0.46115919202566147,0.4432873409241438,0.8232138832544511,0.4798215178125223,0.46765750082860424
花花款/6478.mp4,花花款,eval_good,0.46943360567092896,0.45563966035842896,0.4289815314114094,0.5862165093421936,0.5085187554359436,0.47378758154809475,0.4483984410762787,0.42283692210912704,0.39115538261830807,0.47075340151786804,0.45441121608018875,0.4286133274435997,0.5810597165574919,0.5183659570304453,0.3735391066692217
花花款/6059.mp4,花花款,eval_good,0.5006975531578064,0.4731096625328064,0.4362414963543415,0.5041678547859192,0.468606136739254,0.44525909796357155,0.44921875,0.423725463449955,0.3875253200531006,0.4602445662021637,0.42674435675144196,0.4035862199962139,0.7101649175412295,0.6077843836702339,0.5444738467398307
花花款/7063.mp4,花花款,eval_good,0.53179931640625,0.5189971923828125,0.5094870943576097,0.5510428547859192,0.536956787109375,0.5340674333274364,0.46011826395988464,0.4517282322049141,0.4448721297085285,0.5033317804336548,0.49297017604112625,0.4888902511447668,0.4324657594574361,0.39684215363582576,0.37531791701130074
花花款/6942.mp4,花花款,eval_good,0.5765787959098816,0.5549468994140625,0.5473463274538517,0.6000627875328064,0.5579048991203308,0.5570329874753952,0.5192347764968872,0.5159525871276855,0.510470774024725,0.5544541478157043,0.530903548002243,0.5274065807461739,0.5747126436781609,0.5585039855551152,0.5393289039966123
花花款/5824.mp4,花花款,eval_good,0.5755479335784912,0.5429972261190414,0.5034977402538061,0.5704869031906128,0.5484139323234558,0.5348358042538166,0.5188436508178711,0.4743836745619774,0.44579496420919895,0.508796215057373,0.48614322394132614,0.4726607371121645,0.6162402669632925,0.5447772961869084,0.4898879258115789
花花款/5975.mp4,花花款,eval_good,0.605072021484375,0.550121858716011,0.5440158843994141,0.5944300889968872,0.5416957288980484,0.5371377132833004,0.571724534034729,0.523386999964714,0.5138082131743431,0.5611320734024048,0.5051143616437912,0.5023837350308895,0.820851325489329,0.6340143407919865,0.6022325767967115
花花款/6921.mp4,花花款,eval_good,0.5212944746017456,0.5152248740196228,0.5130564384162426,0.5532575249671936,0.538617804646492,0.534645076841116,0.4905475080013275,0.48260895162820816,0.4800021294504404,0.524421215057373,0.5168017148971558,0.5088278762996197,0.4808407809443443,0.45669493438146824,0.43771239805641654
花花款/6745.mp4,花花款,eval_good,0.4725864827632904,0.3635951429605484,0.34259469248354435,0.5536412000656128,0.5285644680261612,0.516999376937747,0.3429226279258728,0.2934366837143898,0.28037169482558966,0.48949119448661804,0.4448574185371399,0.4384570401161909,0.4899336046262583,0.446057383396214,0.4263299890042769
花花款/6842.mp4,花花款,eval_good,0.4547525942325592,0.4503173828125,0.43921770714223385,0.4795793890953064,0.4729527086019516,0.4610541220754385,0.42749762535095215,0.42280717194080353,0.41263977624475956,0.4528377652168274,0.4390285760164261,0.43125444278120995,0.5157421289355322,0.43901112935595693,0.40252814277906995
花花款/7219.mp4,花花款,eval_good,0.4909319281578064,0.4621059000492096,0.458444869145751,0.5078822374343872,0.5024283528327942,0.499388562515378,0.3912557065486908,0.3778211772441864,0.37196242436766624,0.4648652970790863,0.46146976202726364,0.45802194997668266,0.5390549169859514,0.5235382308845578,0.5169726247987118
甜品款/5605.mp4,甜品款,bad,0.6226981282234192,0.6159144937992096,0.6095447540283203,0.6297258734703064,0.623766228556633,0.6214839369058609,0.58685302734375,0.5801384449005127,0.5749656856060028,0.60125732421875,0.5960684567689896,0.5949729457497597,0.5342175066312997,0.5236430395913154,0.5116790893203893
森林款/5610.mp4,森林款,bad,0.5704869031906128,0.5508793443441391,0.544811524450779,0.5529436469078064,0.5410417765378952,0.5383060984313488,0.5331752300262451,0.5245696753263474,0.5148639399558306,0.5203390717506409,0.514019250869751,0.5087717846035957,1.16816091954023,1.1367528735632182,1.0681776442610944
基础款/5612.mp4,基础款,bad,0.511199951171875,0.5040512084960938,0.4879450108855963,0.5164969563484192,0.5077689290046692,0.4936839547008276,0.4756986200809479,0.4541395679116249,0.4440903589129448,0.4850284457206726,0.4674808233976364,0.45867628045380116,0.6892893076008415,0.6310890914695908,0.5959334077645612
基础款/5625.mp4,基础款,bad,0.5919189453125,0.5898971557617188,0.586151123046875,0.5876988172531128,0.584058478474617,0.5808694027364254,0.5729855298995972,0.5687146335840225,0.5664508529007435,0.5599221587181091,0.5581413507461548,0.556068416684866,0.5900383141762453,0.5636828050621154,0.5544380587484037
基础款/5634.mp4,基础款,bad,0.565155029296875,0.5528717041015625,0.5361728668212891,0.5758056640625,0.5671953558921814,0.5595801249146461,0.5115269422531128,0.5001698359847069,0.4828685261309147,0.5371201634407043,0.53023661673069,0.5238313041627407,0.38525564803804996,0.3109428810498965,0.29051732788504486
基础款/5636.mp4,基础款,bad,0.43157958984375,0.4219563826918602,0.4123526681214571,0.4617047905921936,0.456229068338871,0.4538737703114748,0.380801260471344,0.37284477055072784,0.3685614801943302,0.4320283830165863,0.42378145456314087,0.42118633911013603,0.49480021893814996,0.486498814085021,0.47688185361342317
甜品款/5638.mp4,甜品款,bad,0.51495361328125,0.4634857177734375,0.4577361512929201,0.5354352593421936,0.4920436292886734,0.4880534615367651,0.4239829480648041,0.3975571244955063,0.39334312081336975,0.47634708881378174,0.457593135535717,0.45127442106604576,0.5440827973110219,0.5186238298475283,0.49040129155964174
基础款/5641.mp4,基础款,bad,0.6109619140625,0.5809249877929688,0.565216064453125,0.6053118109703064,0.598314568400383,0.582935880869627,0.5506323575973511,0.5217823386192322,0.515746658667922,0.5785558223724365,0.5668631047010422,0.5538817010819912,0.5235389967851324,0.49452654625068415,0.4609522944466464
星月款/5645.mp4,星月款,bad,0.6135498285293579,0.5968200862407684,0.5724273733794689,0.6151820421218872,0.6056474894285202,0.5891963392496109,0.5634143352508545,0.5500599592924118,0.52983558177948,0.58221435546875,0.5698215365409851,0.5508117694407701,0.46556820112111436,0.4291871921182266,0.42183489626528375
基础款/5650.mp4,基础款,bad,0.5058322548866272,0.4789835587143898,0.4682757053524256,0.5563267469406128,0.5373273640871048,0.5213623084127903,0.43704426288604736,0.42836787551641464,0.42156442627310753,0.5107134580612183,0.4921201840043068,0.4783293753862381,0.3966092593302904,0.35428433412604043,0.34606126735767906
基础款/5652.mp4,基础款,bad,0.465728759765625,0.4374237060546875,0.4348278045654297,0.514892578125,0.5031825602054596,0.4971357062458992,0.3984549343585968,0.3710356280207634,0.36256870441138744,0.4652530550956726,0.44581693410873413,0.4450688101351261,0.40665873959571935,0.3647553932393409,0.354113022827351
基础款/5670.mp4,基础款,bad,0.63983154296875,0.6306381225585938,0.6239242553710938,0.6929408311843872,0.6846705973148346,0.6785398200154305,0.5833395719528198,0.5678945928812027,0.5630289688706398,0.6447466611862183,0.6385129988193512,0.6349693723022938,0.4104148642524616,0.38329342273307787,0.3536751225641659
冰晶款/5692.mp4,冰晶款,bad,0.52264404296875,0.5043106079101562,0.4997692108154297,0.5238037109375,0.5119454711675644,0.5063977912068367,0.4822881817817688,0.4709978848695755,0.4629512019455433,0.4915412366390228,0.48056210577487946,0.47783773206174374,0.4919313742143707,0.4695995256340084,0.4554019292351635
基础款/5698.mp4,基础款,bad,0.5267198085784912,0.5111016184091568,0.49663204327225685,0.5409807562828064,0.5291442722082138,0.5233557596802711,0.4699835479259491,0.4455023929476738,0.44034011848270893,0.4921300411224365,0.4805262014269829,0.4788742084056139,0.65605658709107,0.5518840857657934,0.5261819536291172
森林款/5699.mp4,森林款,bad,0.45452880859375,0.4084320068359375,0.40030585415661335,0.4394879937171936,0.4183872863650322,0.4142848402261734,0.375337153673172,0.3472629562020302,0.34583363868296146,0.3948113024234772,0.3793299049139023,0.3776146396994591,0.5665213370326331,0.48794050776809395,0.47564781119923805
基础款/5704.mp4,基础款,bad,0.489013671875,0.470611572265625,0.45906639099121094,0.5621512532234192,0.5110081136226654,0.487152099609375,0.4387323260307312,0.4193955808877945,0.4117680061608553,0.4890352189540863,0.44418155401945114,0.44231369718909264,0.4882194917866737,0.4642007813827077,0.4394908007854385
基础款/5707.mp4,基础款,bad,0.53350830078125,0.524810791015625,0.5195522308349609,0.5330287218093872,0.524479478597641,0.5221350565552711,0.4803435504436493,0.4691009521484375,0.46457819268107414,0.5015546083450317,0.49497806280851364,0.49148380383849144,0.43657726692209453,0.3906366047745358,0.3604889969545142
基础款/5719.mp4,基础款,bad,0.477630615234375,0.46091461181640625,0.45269775390625,0.5213797688484192,0.4975149929523468,0.49153464287519455,0.4239037036895752,0.4050002247095108,0.39996200799942017,0.4614903926849365,0.4567440152168274,0.45332179218530655,0.3478927203065134,0.32638141793908737,0.28750916174370394
基础款/5739.mp4,基础款,bad,0.46502685546875,0.43194580078125,0.4256751649081707,0.4677560031414032,0.461281917989254,0.45892225205898285,0.4007161557674408,0.3857976719737053,0.3762301318347454,0.43102309107780457,0.42773617058992386,0.4245935305953026,0.39724137931034487,0.38341984921517736,0.3697095870576462
甜品款/5741.mp4,甜品款,bad,0.4152483344078064,0.4100516214966774,0.4057181216776371,0.4894845187664032,0.4835989847779274,0.47833251953125,0.37255859375,0.3682486489415169,0.3647855017334223,0.43891099095344543,0.4364444464445114,0.4327168185263872,0.42770114942528736,0.41409545227386313,0.405845995271595
森林款/5743.mp4,森林款,bad,0.46331787109375,0.4011077880859375,0.3908882141113281,0.4718191921710968,0.4407697319984436,0.42333766259253025,0.41177132725715637,0.3604314625263214,0.3430692292749882,0.4317986071109772,0.39558589458465576,0.38327385298907757,0.5440613026819924,0.46585617447686406,0.44505323308831035
基础款/5746.mp4,基础款,bad,0.547821044921875,0.542816162109375,0.5370785854756832,0.5653250813484192,0.5359322726726532,0.5333851426839828,0.5169528722763062,0.5155818462371826,0.5114611722528934,0.5249382257461548,0.5026523321866989,0.5011309497058392,0.6573676026708131,0.6209609686125739,0.5662282389967033
基础款/5753.mp4,基础款,bad,0.4342041015625,0.4181976318359375,0.4095997288823128,0.4580775797367096,0.449445441365242,0.4452231265604496,0.37977564334869385,0.37461116164922714,0.35647283494472504,0.4250703752040863,0.41949014365673065,0.41757246665656567,0.44125159642401024,0.3968429891998225,0.37193016270347723
基础款/5759.mp4,基础款,bad,0.575225830078125,0.5590286254882812,0.5517044067382812,0.5900443196296692,0.5805010050535202,0.5727909617125988,0.5162076354026794,0.51123046875,0.5041085109114647,0.5470616817474365,0.5391549617052078,0.5347063392400742,0.3601743084501705,0.3527339901477832,0.3387225383613612
冰晶款/5762.mp4,冰晶款,bad,0.5023970007896423,0.49351363629102707,0.4892156422138214,0.5055803656578064,0.497815802693367,0.4932065736502409,0.4658377468585968,0.4620722755789757,0.46046725660562515,0.4706815779209137,0.4650851935148239,0.4627023544162512,0.486815415821501,0.4628443478975933,0.45448912083259685
基础款/5763.mp4,基础款,bad,0.488494873046875,0.46659712493419647,0.4629301389058431,0.5446254014968872,0.5277099609375,0.5076974093914032,0.4168650209903717,0.39985622465610504,0.3961050828297933,0.4539400041103363,0.4461400657892227,0.4343388577302297,0.6460367218987908,0.42209053390235096,0.4280250983629815
基础款/5782.mp4,基础款,bad,0.549346923828125,0.5084304809570312,0.48834508657455444,0.5472935438156128,0.531123548746109,0.518568865954876,0.511305570602417,0.4536009281873703,0.4356775935739279,0.5168564915657043,0.49462172389030457,0.4846444968134165,0.740446247464503,0.690727969348659,0.5489672253986078
基础款/5787.mp4,基础款,bad,0.5339084267616272,0.5207868367433548,0.5088768601417542,0.60302734375,0.5893336534500122,0.5809903852641582,0.49294161796569824,0.4573866128921509,0.44270058162510395,0.5684993863105774,0.5569700449705124,0.5509508922696114,0.46687755260300884,0.45704217346655823,0.4276990858422439
基础款/5789.mp4,基础款,bad,0.53680419921875,0.5109100341796875,0.5057118758559227,0.5214320421218872,0.5033656358718872,0.49345506727695465,0.4511660635471344,0.4390808939933777,0.42882783710956573,0.4530890882015228,0.44570205360651016,0.43584913574159145,0.661470031267891,0.5596189779305119,0.5332848081630253
基础款/5798.mp4,基础款,bad,0.47064208984375,0.43988037109375,0.4312782268971205,0.4729526937007904,0.4540143683552742,0.4490901380777359,0.4265650808811188,0.40204500406980515,0.39567815884947777,0.4371517300605774,0.4225553721189499,0.4171941429376602,0.44901856763925735,0.42378578615201684,0.40981097681315354
基础款/5802.mp4,基础款,bad,0.4880127012729645,0.475433349609375,0.4585889857262373,0.5919189453125,0.5610787719488144,0.5397720318287611,0.4462331235408783,0.43491070717573166,0.41850354708731174,0.5378059148788452,0.5207833647727966,0.5015099458396435,0.6243021346469622,0.3976085479427774,0.38540209103500733
基础款/5822.mp4,基础款,bad,0.551727294921875,0.5474472045898438,0.5435714721679688,0.5428292155265808,0.5396379679441452,0.5366417914628983,0.5186510682106018,0.5157105028629303,0.512840460985899,0.5005528926849365,0.4994964525103569,0.49555362947285175,0.5011890606420928,0.48545382481173205,0.4699631623949772
冰晶款/5825.mp4,冰晶款,bad,0.493988037109375,0.4715118408203125,0.46752030588686466,0.4836251437664032,0.4664742648601532,0.46161215752363205,0.45976176857948303,0.44007204473018646,0.4362717140465975,0.4400383532047272,0.4308346062898636,0.4277404360473156,0.3693368700265252,0.3418590704647676,0.3244758986554468
基础款/5843.mp4,基础款,bad,0.44140625,0.43707275390625,0.43094428814947605,0.4689767062664032,0.4564252570271492,0.44956316240131855,0.39906349778175354,0.3961079940199852,0.38776764273643494,0.41675522923469543,0.40901095420122147,0.40584205090999603,0.4577090764962346,0.43437286851079954,0.42191466604056266
花花款/5857.mp4,花花款,bad,0.4429931640625,0.4317169189453125,0.4183514937758446,0.57666015625,0.568830206990242,0.5293906051665545,0.416108638048172,0.4050263911485672,0.39088144339621067,0.5244643092155457,0.5137113779783249,0.484188973903656,0.572862993790461,0.5479195548419975,0.5093458000639248
基础款/5867.mp4,基础款,bad,0.554840087890625,0.539031982421875,0.511514451354742,0.5893380045890808,0.5742274820804596,0.566017147153616,0.478695809841156,0.4695550873875618,0.45055953226983547,0.519477367401123,0.5158682316541672,0.5081508848816156,0.44708680142687274,0.42462204858162056,0.40771325236396583
基础款/5887.mp4,基础款,bad,0.5593804121017456,0.5257742702960968,0.5123558957129717,0.5663365125656128,0.5516575425863266,0.5463365726172924,0.4939548671245575,0.4799913093447685,0.4666153695434332,0.5238683223724365,0.5123569369316101,0.5077548287808895,0.5801950998185119,0.5278616452142592,0.5117553310545724
基础款/5894.mp4,基础款,bad,0.480010986328125,0.46282958984375,0.45655495673418045,0.5011335015296936,0.4946942925453186,0.4901569914072752,0.43043243885040283,0.40988707542419434,0.40745512023568153,0.4601081311702728,0.44914425909519196,0.44676724448800087,0.38354086845466157,0.3754128682785044,0.36319050843352274
基础款/5903.mp4,基础款,bad,0.46367186307907104,0.4571777358651161,0.44742889516055584,0.4730573296546936,0.4579380676150322,0.453023636713624,0.3916860818862915,0.38202502578496933,0.37790392711758614,0.41051527857780457,0.4064384922385216,0.40233769081532955,0.3600826314953123,0.3340835739765585,0.32254421745396405
花花款/5912.mp4,花花款,bad,0.48736572265625,0.480093814432621,0.47649683244526386,0.5178745985031128,0.5094648152589798,0.5029002632945776,0.45001378655433655,0.4398467242717743,0.43627934716641903,0.4758552014827728,0.47110793739557266,0.46750438772141933,0.48531289910600256,0.46397146254458976,0.44712713971631923
基础款/5916.mp4,基础款,bad,0.492889404296875,0.4608001708984375,0.44663647189736366,0.5001220703125,0.4829232469201088,0.4730606097728014,0.4733010232448578,0.42820318043231964,0.40695556066930294,0.4704410433769226,0.4479648321866989,0.4379916451871395,0.6284642824476356,0.5546967895362664,0.5315566851666929
冰晶款/5924.mp4,冰晶款,bad,0.5762939453125,0.532199427485466,0.522551640868187,0.5797119140625,0.5457153469324112,0.536754060536623,0.5247691869735718,0.48855728656053543,0.48424206487834454,0.5142930150032043,0.5066160410642624,0.49901513382792473,0.681868743047831,0.5774870711669554,0.5263774020958082
基础款/5927.mp4,基础款,bad,0.628662109375,0.6209778040647507,0.6061805784702301,0.6225760579109192,0.6135602593421936,0.6002622358500957,0.6156441569328308,0.6074851900339127,0.585611168295145,0.600165843963623,0.5925023704767227,0.5751365199685097,0.8447415329768271,0.7742424242424242,0.6511986189895673
基础款/5943.mp4,基础款,bad,0.3970811665058136,0.38882649689912796,0.38407898135483265,0.4402640163898468,0.4270193949341774,0.4188815504312515,0.3491321802139282,0.34501682221889496,0.3422444760799408,0.38683363795280457,0.3807184547185898,0.3777603805065155,0.4267241379310345,0.394455521664034,0.37217014663773634
潜水款/5960.mp4,潜水款,bad,0.544036865234375,0.4596008285880089,0.45453248359262943,0.5922328233718872,0.5595703125,0.5121340062469244,0.434599369764328,0.4108967110514641,0.3976555857807398,0.5098589658737183,0.49752987176179886,0.4604317210614681,0.6628352490421456,0.6415918646491494,0.6200286059204888
冰晶款/5963.mp4,冰晶款,bad,0.5249294638633728,0.5151868611574173,0.5050665251910686,0.5665631890296936,0.535740464925766,0.5281862542033195,0.48421046137809753,0.46232377737760544,0.44068213924765587,0.49345847964286804,0.48587126284837723,0.4763223994523287,0.6262068965517241,0.40971706454465073,0.40932606805467214
基础款/5964.mp4,基础款,bad,0.4695870578289032,0.4571184441447258,0.4497912283986807,0.53955078125,0.490033820271492,0.48933846689760685,0.4345838725566864,0.42181210219860077,0.411731431260705,0.4956844449043274,0.46002646535634995,0.4601763542741537,0.47496251874062967,0.44124437781109443,0.42917197155390563
基础款/5972.mp4,基础款,bad,0.5230189561843872,0.4905221089720726,0.48433494195342064,0.5216761827468872,0.5189296007156372,0.5165405236184597,0.47137129306793213,0.43397611379623413,0.4368416517972946,0.48578956723213196,0.48194167762994766,0.47935350984334946,0.626457814863612,0.5837081459270365,0.5683983672351787
基础款/5977.mp4,基础款,bad,0.4605887234210968,0.4445626437664032,0.43860735185444355,0.4895717203617096,0.4832284078001976,0.480936324223876,0.4034598171710968,0.400175541639328,0.39681544713675976,0.45024558901786804,0.44841182231903076,0.44515564665198326,0.46735632183908044,0.4399712643678161,0.4255809595202399
基础款/5986.mp4,基础款,bad,0.454986572265625,0.431793212890625,0.4226723983883858,0.4757428765296936,0.4502999410033226,0.4449953343719244,0.4013729989528656,0.3802133873105049,0.37291851453483105,0.42853501439094543,0.40030626207590103,0.39756887033581734,0.5801945181255526,0.4733739081799427,0.4461343178526004
花花款/5996.mp4,花花款,bad,0.4656575620174408,0.420724056661129,0.41771770641207695,0.4811139702796936,0.4481462761759758,0.4417681023478508,0.403411865234375,0.3867991343140602,0.38237972743809223,0.43282902240753174,0.41253482550382614,0.40967829525470734,0.6053309552120492,0.543511598059755,0.5110982745964393
花花款/6011.mp4,花花款,bad,0.59619140625,0.5937133878469467,0.5908843986690044,0.5958949327468872,0.5898481011390686,0.5877423994243145,0.5679408311843872,0.5629077851772308,0.5591315142810345,0.5610064268112183,0.5529085248708725,0.5491696521639824,0.7182166492511319,0.7088669950738916,0.6965153934115954
花花款/6012.mp4,花花款,bad,0.57781982421875,0.5519485473632812,0.5222437717020512,0.5850132703781128,0.5556117296218872,0.5367638748139143,0.548159658908844,0.52271668612957,0.4831292722374201,0.5574555993080139,0.5235272347927094,0.5028302799910307,0.9294050292861231,0.7925089179548157,0.6700009187387697
基础款/6022.mp4,基础款,bad,0.531689465045929,0.5292907506227493,0.5281784012913704,0.5478340983390808,0.5404009222984314,0.5370516069233418,0.4891432225704193,0.48772695660591125,0.48633310943841934,0.49590346217155457,0.493206262588501,0.49245542846620083,0.34249247529935223,0.3256968527121638,0.3194508911044952
基础款/6031.mp4,基础款,bad,0.56805419921875,0.5629196166992188,0.5579185485839844,0.55517578125,0.550750732421875,0.5462657362222672,0.5276890993118286,0.5229126065969467,0.5191402733325958,0.511664867401123,0.5072048306465149,0.5025212895125151,0.6979565772669221,0.6672413793103448,0.6405316635224867
基础款/6040.mp4,基础款,bad,0.51654052734375,0.4962332621216774,0.49238886311650276,0.5529610514640808,0.5415038913488388,0.533358983695507,0.4807567000389099,0.4625583291053772,0.45799912698566914,0.5091516971588135,0.5028973817825317,0.4973539486527443,0.44137931034482764,0.4280459770114942,0.3983925887982023
花花款/6043.mp4,花花款,bad,0.4489397406578064,0.4392351359128952,0.4347474239766598,0.473388671875,0.4663129597902298,0.460205078125,0.4047393798828125,0.39970847964286804,0.396206209436059,0.43126004934310913,0.42662856727838516,0.4215141721069813,0.5250588991218677,0.5127590966421551,0.49685789258777546
基础款/6045.mp4,基础款,bad,0.534759521484375,0.5173263549804688,0.46873338147997856,0.5884835124015808,0.5313502848148346,0.5078648217022419,0.5071764588356018,0.4512997567653656,0.416432274505496,0.52490234375,0.48920485377311707,0.461414335295558,0.6278779802018182,0.5031673052362707,0.4669182432188137
森林款/6060.mp4,森林款,bad,0.47900390625,0.4687906950712204,0.45169830322265625,0.4850376546382904,0.4779750406742096,0.4725494384765625,0.4221649169921875,0.41165657341480255,0.4040891658514738,0.4470573961734772,0.44531071186065674,0.43979555182158947,0.5098522167487685,0.5031347962382444,0.4815789413193836
潜水款/6066.mp4,潜水款,bad,0.5726143717765808,0.5387948304414749,0.5316263027489185,0.5692138671875,0.5573381632566452,0.550573069602251,0.5294189453125,0.5086759030818939,0.4959839750081301,0.5372027158737183,0.5276094228029251,0.5220989920198917,0.5260851926977688,0.44529330162504954,0.4162967469374408
基础款/6072.mp4,基础款,bad,0.5953124761581421,0.5917968600988388,0.5623569414019585,0.5836181640625,0.5794416218996048,0.5549022145569324,0.5717961192131042,0.5681011527776718,0.5377320945262909,0.5545259118080139,0.5497229993343353,0.5270614586770535,0.7460577111823594,0.6961946369165328,0.6426161137558455
潜水款/6098.mp4,潜水款,bad,0.524169921875,0.5163497924804688,0.4903010707348585,0.5143868327140808,0.5110037475824356,0.49990953877568245,0.4794582724571228,0.47073864936828613,0.44833247922360897,0.4862024784088135,0.4746668264269829,0.4643354956060648,0.5848275862068966,0.5775404737949328,0.546979517504694
潜水款/6108.mp4,潜水款,bad,0.547576904296875,0.5332946926355362,0.530688863247633,0.5329066514968872,0.5268728882074356,0.5198669321835041,0.5005322098731995,0.49748658388853073,0.47825337015092373,0.4984382092952728,0.49615299701690674,0.4796313103288412,0.8293010752688172,0.782585717669839,0.7119966327535502
基础款/6114.mp4,基础款,bad,0.4471435546875,0.4270782470703125,0.4211192652583122,0.4604143500328064,0.4495108351111412,0.4440144132822752,0.3947440981864929,0.3756916970014572,0.36822867952287197,0.42224839329719543,0.40975861996412277,0.40270435251295567,0.5387931034482758,0.5188106916369402,0.48335306647100645
基础款/6124.mp4,基础款,bad,0.40460205078125,0.3855336531996727,0.3823640625923872,0.443359375,0.4312395378947258,0.4238804392516613,0.3391890227794647,0.3271455243229866,0.3254850320518017,0.3931884765625,0.3837621286511421,0.37944659031927586,0.37717569786535304,0.36105826397146257,0.34792976048921354
冰晶款/6131.mp4,冰晶款,bad,0.5855189561843872,0.5770525336265564,0.5726642645895481,0.5739048719406128,0.5694580078125,0.5656749159097672,0.5533108115196228,0.5492202192544937,0.5448139943182468,0.5470437407493591,0.5442567616701126,0.541492011398077,0.6498357963875204,0.6358420789605197,0.6092915153381795
冰晶款/6145.mp4,冰晶款,bad,0.761505126953125,0.7374916076660156,0.7223367691040039,0.7725830078125,0.7625100165605545,0.7485858350992203,0.6909536719322205,0.6110023260116577,0.60322630032897,0.7365291714668274,0.7269637137651443,0.714637640863657,0.7205707491082045,0.40875202108852526,0.40392950726333604
基础款/6147.mp4,基础款,bad,0.5301649570465088,0.5265773981809616,0.5236869379878044,0.5277971625328064,0.521793931722641,0.5202843844890594,0.49721458554267883,0.49273449927568436,0.49113956093788147,0.4923670291900635,0.4891168922185898,0.4877676125615835,0.44191959319879226,0.3984042308809291,0.3903387417819162
基础款/6156.mp4,基础款,bad,0.4490966796875,0.444854736328125,0.44132041931152344,0.4628208577632904,0.4590715616941452,0.45532553642988205,0.4081279933452606,0.40528595447540283,0.4033398237079382,0.422119140625,0.4202826917171478,0.4182126633822918,0.7247765006385696,0.7135217113665389,0.6736008837740407
星月款/6167.mp4,星月款,bad,0.4743109941482544,0.444793701171875,0.44205580838024616,0.5417131781578064,0.5345458984375,0.5192783940583467,0.41058349609375,0.3963403031229973,0.3913935460150242,0.47708308696746826,0.4572044834494591,0.4465298391878605,0.5721583652618135,0.5561193348735062,0.5424311177257458
基础款/6172.mp4,基础款,bad,0.5836045742034912,0.566290944814682,0.5504006184637547,0.5823451280593872,0.5729500949382782,0.5649817325174809,0.5350508093833923,0.5227892845869064,0.5105595979839563,0.555778980255127,0.5478892773389816,0.5395323857665062,0.47857889237199575,0.4159551176792556,0.38719213924900975
基础款/6176.mp4,基础款,bad,0.495941162109375,0.484632708132267,0.47912660986185074,0.4838692843914032,0.4783586785197258,0.4716764185577631,0.4516764283180237,0.44567056745290756,0.44039443135261536,0.44281005859375,0.4332796037197113,0.4285186305642128,0.5209343715239154,0.4857709076496235,0.46755766203361226
基础款/6178.mp4,基础款,bad,0.477752685546875,0.46692657470703125,0.4420550223439932,0.545654296875,0.5370439738035202,0.5236113369464874,0.41037535667419434,0.3847699463367462,0.3719041030853987,0.4882848262786865,0.48624779284000397,0.4794568456709385,0.33559288731702525,0.3182778268985166,0.2968935190524396
基础款/6187.mp4,基础款,bad,0.606536865234375,0.5891342163085938,0.564607348293066,0.6133335828781128,0.605272576212883,0.5976518876850605,0.5718845129013062,0.542803168296814,0.5097894463688135,0.5906946659088135,0.5804425477981567,0.5736494585871696,0.5440613026819924,0.5043021346469622,0.48409686863759394
花花款/6188.mp4,花花款,bad,0.5596749186515808,0.5298614501953125,0.5202353335916996,0.5401785969734192,0.5205557495355606,0.5149655938148499,0.4984334409236908,0.483188733458519,0.4788996856659651,0.48623478412628174,0.4797919690608978,0.4767891373485327,0.7100893997445721,0.6449965869555643,0.5986377908368459
基础款/6196.mp4,基础款,bad,0.6495535969734192,0.6353149563074112,0.6245353668928146,0.6420375108718872,0.6318926215171814,0.6237716749310493,0.6088392734527588,0.5964457094669342,0.5904410108923912,0.6065996885299683,0.6012142300605774,0.5947988256812096,0.7240606587462571,0.6618982932776036,0.6254367356282576
基础款/6198.mp4,基础款,bad,0.41557615995407104,0.4087890684604645,0.39678175188601017,0.4430803656578064,0.4277343675494194,0.41871642880141735,0.3607889711856842,0.34965261816978455,0.34031376615166664,0.3935331404209137,0.3848751336336136,0.3770361505448818,0.43034482758620685,0.3858526530940324,0.3739068431458443
基础款/6199.mp4,基础款,bad,0.4144287109375,0.399200439453125,0.3949285242706537,0.544921875,0.4726126566529274,0.4579435084015131,0.3669840395450592,0.33858349919319153,0.3365821857005358,0.49653175473213196,0.4305473789572716,0.4187233839184046,0.355634148737597,0.336443728685108,0.3217319972492386
花花款/6207.mp4,花花款,bad,0.5467122197151184,0.5394461452960968,0.5342229194939137,0.5833304524421692,0.5742514431476593,0.5655054375529289,0.5088518261909485,0.4995396286249161,0.49411506578326225,0.5494133234024048,0.5416735261678696,0.5374045558273792,0.37477313974591653,0.34784482758620694,0.3325132041509873
基础款/6210.mp4,基础款,bad,0.48614501953125,0.4749298095703125,0.43342526629567146,0.5435965657234192,0.471993587911129,0.4678333830088377,0.4253627359867096,0.412370964884758,0.37422287464141846,0.4496208727359772,0.41467464715242386,0.41167562268674374,0.4158189104681376,0.40505130576474213,0.3839454793675959
基础款/6211.mp4,基础款,bad,0.491302490234375,0.47585296630859375,0.4516162872314453,0.4709646999835968,0.4631827175617218,0.4570029117166996,0.4151553213596344,0.40533313900232315,0.382834417745471,0.3968470096588135,0.38791611790657043,0.3849913664162159,0.42299873422576806,0.3723299218617292,0.3519747856014985
基础款/6221.mp4,基础款,bad,0.36480712890625,0.360809326171875,0.3537483215332031,0.4756208062171936,0.4514116495847702,0.4454607255756855,0.3260885179042816,0.30377643555402756,0.3008475713431835,0.39142921566963196,0.38206302374601364,0.3790619783103466,0.5737547892720306,0.540016420361248,0.5248676963601533
基础款/6222.mp4,基础款,bad,0.565826416015625,0.558506429195404,0.5091230887919664,0.6104736328125,0.6016279011964798,0.5520760752260685,0.5211588740348816,0.5125967115163803,0.4690091907978058,0.5861601233482361,0.5708358138799667,0.5169233419001102,0.7500383141762452,0.7059144757123355,0.6557570293839229
基础款/6227.mp4,基础款,bad,0.680224597454071,0.675750732421875,0.6622579284012318,0.6661551594734192,0.6620919555425644,0.6540854349732399,0.6580033898353577,0.6542475670576096,0.6435889638960361,0.6408727169036865,0.6363588124513626,0.6302254609763622,0.7970250169033131,0.7062154217009142,0.6632511994658266
星月款/6230.mp4,星月款,bad,0.565155029296875,0.5188844501972198,0.5142172854393721,0.5619593858718872,0.547742560505867,0.5390526875853539,0.509405255317688,0.4767795130610466,0.4740120880305767,0.5129215121269226,0.49680911004543304,0.49239461682736874,0.7075351213282248,0.5536012235817576,0.5600120193502928
基础款/6237.mp4,基础款,bad,0.594482421875,0.4763249084353447,0.4774611350148916,0.5871233344078064,0.556291863322258,0.5516270212829113,0.5751805305480957,0.41542821377515793,0.42409588396549225,0.5604212284088135,0.5092755705118179,0.510428037494421,0.6042833284212594,0.5316488175010639,0.5069296141685378
基础款/6244.mp4,基础款,bad,0.4764539897441864,0.45367855578660965,0.42362573370337486,0.4806082546710968,0.4664350226521492,0.45322527177631855,0.39784836769104004,0.37752489745616913,0.36272895336151123,0.42721736431121826,0.40787460654973984,0.4043323304504156,0.5829885057471265,0.5136745119503741,0.44650802101592135
基础款/6246.mp4,基础款,bad,0.43389892578125,0.4246012344956398,0.4181743208318949,0.4735979437828064,0.455758236348629,0.45059858076274395,0.38052645325660706,0.37269823998212814,0.36833982169628143,0.4182775020599365,0.41382016241550446,0.4088395107537508,0.43678160919540227,0.40444576562293566,0.3692747689003107
潜水款/6248.mp4,潜水款,bad,0.4165736734867096,0.3984026312828064,0.391158876940608,0.5397600531578064,0.452667236328125,0.4545353502035141,0.3638139069080353,0.35276881605386734,0.3445440847426653,0.41870835423469543,0.3920018747448921,0.39008959382772446,0.6001999000499751,0.5465703711580774,0.5376067997123095
潜水款/6251.mp4,潜水款,bad,0.4768415093421936,0.4617483988404274,0.4437953382730484,0.4833810031414032,0.471282958984375,0.46255711279809475,0.4231092631816864,0.39998825639486313,0.38431370072066784,0.4399378299713135,0.4340111166238785,0.42750190384685993,0.583295019157088,0.5661769115442279,0.5165059615720223
花花款/6255.mp4,花花款,bad,0.5312151312828064,0.5255061686038971,0.5197195298969746,0.5632498860359192,0.5576869398355484,0.5540782399475574,0.5031930804252625,0.49539317935705185,0.4916356969624758,0.5312895178794861,0.5285841971635818,0.5260252133011818,0.5199137931034482,0.5006913129973475,0.48902948301450827
基础款/6256.mp4,基础款,bad,0.6114501953125,0.4044036865234375,0.4085807800292969,0.61376953125,0.4565691202878952,0.46126338094472885,0.594940185546875,0.3670879080891609,0.3747021686285734,0.5929134488105774,0.4195520728826523,0.4268336556851864,0.9584349239521653,0.4511061990372335,0.46961507202886515
基础款/6272.mp4,基础款,bad,0.4779052734375,0.467864990234375,0.4571571350097656,0.5003313422203064,0.4949907511472702,0.4927989412099123,0.4241098165512085,0.41893503069877625,0.41610114835202694,0.46270751953125,0.46082979440689087,0.4580376520752907,0.3775032086934201,0.37230255839822024,0.359689648041984
基础款/6275.mp4,基础款,bad,0.39251708984375,0.3793182373046875,0.3753852844238281,0.4303501546382904,0.4283098503947258,0.42413766123354435,0.3531087338924408,0.3408086821436882,0.3359803222119808,0.39317411184310913,0.39133767038583755,0.38885318860411644,0.6100164203612479,0.5725326991676576,0.5392146223002346
花花款/6277.mp4,花花款,bad,0.5477120280265808,0.5238124281167984,0.5167410727590322,0.5597098469734192,0.5250287652015686,0.5248631052672863,0.4698079526424408,0.46206261217594147,0.4577203765511513,0.5027501583099365,0.48579316586256027,0.4844176359474659,0.40347826086956523,0.37384912341808896,0.3576503776820429
基础款/6285.mp4,基础款,bad,0.554248034954071,0.5420898497104645,0.5126041434705257,0.5528564453125,0.5469098687171936,0.5241666436195374,0.5184889435768127,0.5105684846639633,0.47921638563275337,0.516120433807373,0.5088186711072922,0.4886207543313503,0.8326046127263166,0.6915866576515663,0.6199452317078111
森林款/6286.mp4,森林款,bad,0.5799967646598816,0.5529785007238388,0.5493266731500626,0.5669642686843872,0.5556858479976654,0.5513708852231503,0.5225053429603577,0.5162149965763092,0.5118243061006069,0.5194989442825317,0.5116011798381805,0.5079657658934593,0.6955917645572818,0.65763861364337,0.6108839913880956
基础款/6288.mp4,基础款,bad,0.4556640684604645,0.433746337890625,0.42373592033982277,0.5589599609375,0.472089484333992,0.4713777806609869,0.42195311188697815,0.38137365132570267,0.37034771777689457,0.47797706723213196,0.4184076637029648,0.4178188517689705,0.6528735632183909,0.5247525507480669,0.4568933899560684
潜水款/6300.mp4,潜水款,bad,0.48089599609375,0.4702148512005806,0.4669816754758358,0.4892926812171936,0.4757341668009758,0.47630091942846775,0.43294456601142883,0.4285835176706314,0.42667875811457634,0.44386202096939087,0.44149601459503174,0.4384209159761667,0.5187739463601533,0.4942899517982944,0.47117016281749124
基础款/6301.mp4,基础款,bad,0.51837158203125,0.5040740966796875,0.4995885565876961,0.5167061686515808,0.5054277777671814,0.5025384053587914,0.4979889392852783,0.46693772822618484,0.46390712447464466,0.49539005756378174,0.47142209112644196,0.4698959831148386,0.7098571926158134,0.5631259083102127,0.5551545470867706
花花款/6304.mp4,花花款,bad,0.5536063313484192,0.5440150648355484,0.5368412584066391,0.5921282172203064,0.5677708238363266,0.5636411346495152,0.5076836347579956,0.49732185900211334,0.4930043835192919,0.5243781805038452,0.5170225203037262,0.5141659900546074,0.5165417291354323,0.4959011873373658,0.46702773020691646
基础款/6306.mp4,基础款,bad,0.4556884765625,0.4197591170668602,0.4081153869628906,0.5551060438156128,0.5071236789226532,0.48576791025698185,0.3997279703617096,0.3705879747867584,0.36322302743792534,0.5040462613105774,0.45106056332588196,0.4387238398194313,0.37812128418549346,0.35933852996873206,0.33917174494649227
基础款/6310.mp4,基础款,bad,0.5712077021598816,0.5090291202068329,0.4972083233296871,0.5728236436843872,0.5331507921218872,0.5184086356312037,0.49091047048568726,0.44908057153224945,0.4398817699402571,0.5261194705963135,0.4918922036886215,0.48082284443080425,0.6640325670498085,0.48372419972809294,0.47017443996267483
潜水款/6316.mp4,潜水款,bad,0.499664306640625,0.4883226603269577,0.47790418192744255,0.5464739203453064,0.5413513332605362,0.5364597924053669,0.41286683082580566,0.40433699637651443,0.400060186162591,0.4675723910331726,0.4605075567960739,0.4577997960150242,0.553223388305847,0.48989691662105456,0.4789495144826854
星月款/6318.mp4,星月款,bad,0.5743815302848816,0.4416591078042984,0.4398386273533106,0.6106480360031128,0.4675554484128952,0.4735903050750494,0.5377278923988342,0.3770526796579361,0.39452930726110935,0.5672212243080139,0.41006021201610565,0.43110028095543385,0.8247499626809973,0.48586051801685365,0.5021232586879505
基础款/6322.mp4,基础款,bad,0.5479329228401184,0.5393320769071579,0.5349744074046612,0.5833740234375,0.5714111477136612,0.5605446919798851,0.5020625591278076,0.49296728521585464,0.4875577725470066,0.5340145230293274,0.5298120975494385,0.5257869027554989,0.9050556414293901,0.8844656641097131,0.8566518868471229
花花款/6325.mp4,花花款,bad,0.59783935546875,0.5020294189453125,0.5028858184814453,0.6407645344734192,0.6339111179113388,0.6199199110269547,0.519961416721344,0.4644230380654335,0.4615841433405876,0.5752132534980774,0.565191850066185,0.5518121160566807,0.46179592196239044,0.4197121524707732,0.4037638977814364
冰晶款/6330.mp4,冰晶款,bad,0.527679443359375,0.49916839599609375,0.4743469785898924,0.5906459093093872,0.5250113308429718,0.5074081402271986,0.5082775354385376,0.4740702286362648,0.4296720661222935,0.5397554039955139,0.4903770908713341,0.46933589316904545,0.7877839664559734,0.7043202536662703,0.61305492424905
基础款/6332.mp4,基础款,bad,0.572265625,0.49551282823085785,0.48436911404132843,0.5631626844406128,0.5073329210281372,0.5035411287099123,0.5391554832458496,0.4637482017278671,0.44112086296081543,0.5242596864700317,0.4684538021683693,0.4672847092151642,0.8821068393006561,0.5234975369458128,0.5279469106200818
基础款/6344.mp4,基础款,bad,0.44219970703125,0.42961883544921875,0.4172251559793949,0.5620291829109192,0.5460510402917862,0.5330865047872066,0.3884575068950653,0.37709901481866837,0.36940951831638813,0.4979607164859772,0.4362424984574318,0.4349253047257662,0.5124137931034483,0.467750831543935,0.4600891245771093
基础款/6349.mp4,基础款,bad,0.48491209745407104,0.4651082307100296,0.45701446197927,0.5010114312171936,0.4883292019367218,0.4795989990234375,0.4384591281414032,0.43173374980688095,0.42614669911563396,0.462158203125,0.4522705152630806,0.4488987661898136,0.5846823956442831,0.51188111163348,0.5084271814102777
基础款/6351.mp4,基础款,bad,0.608673095703125,0.5834884643554688,0.549428666010499,0.6165422797203064,0.578142449259758,0.5501207672059536,0.5857622027397156,0.5478280633687973,0.5160675533115864,0.5759528875350952,0.5332345515489578,0.5166141334921122,0.899976218787158,0.8458647971133109,0.7963937153369377
基础款/6354.mp4,基础款,bad,0.6426866054534912,0.6249711811542511,0.6190357133746147,0.6350795030593872,0.6180550903081894,0.6114741712808609,0.5984607934951782,0.5813888758420944,0.5740225613117218,0.5834781527519226,0.5683602839708328,0.5633322782814503,0.6183908045977011,0.580321046373365,0.5644503471289939
基础款/6370.mp4,基础款,bad,0.4786376953125,0.4728546142578125,0.46192496083676815,0.5571463704109192,0.5241350680589676,0.5024784654378891,0.4435763955116272,0.4308934509754181,0.4143189713358879,0.5152695775032043,0.4821768254041672,0.46725216694176197,0.5627586206896551,0.3890743620232324,0.3878687999322725
基础款/6373.mp4,基础款,bad,0.4541015625,0.4374237060546875,0.42682753689587116,0.4984479546546936,0.4626769945025444,0.4577429611235857,0.3992809057235718,0.3922029882669449,0.38442812860012054,0.4460413455963135,0.43159306049346924,0.4266727678477764,0.4793103448275862,0.3800629447181172,0.3698940171666093
基础款/6382.mp4,基础款,bad,0.54150390625,0.535304605960846,0.5233399607241154,0.5420793890953064,0.5333513468503952,0.526844572275877,0.5095476508140564,0.5021304488182068,0.48548183776438236,0.5155172944068909,0.5072497129440308,0.49967665039002895,0.6482881553875469,0.5437792467402661,0.5225271226734591
森林款/6383.mp4,森林款,bad,0.5166712999343872,0.5036882609128952,0.48883222974836826,0.5160086750984192,0.5093471109867096,0.5017078965902328,0.4625650942325592,0.4510687068104744,0.4426503833383322,0.46839097142219543,0.46294447779655457,0.4579573217779398,0.6358974358974359,0.6251642036124795,0.5595965541922736
基础款/6390.mp4,基础款,bad,0.607147216796875,0.5861968994140625,0.5785800367593765,0.6081891655921936,0.602970689535141,0.597210481762886,0.5664300918579102,0.5373583137989044,0.5303522348403931,0.5780316591262817,0.5696258395910263,0.5655605085194111,0.6896551724137931,0.6446191434197431,0.6219223629045924
基础款/6402.mp4,基础款,bad,0.48028564453125,0.4730682373046875,0.4661515560001135,0.5117362141609192,0.4970572292804718,0.4811815544962883,0.39548996090888977,0.3888043761253357,0.3861539214849472,0.43179500102996826,0.4175379201769829,0.4109263699501753,0.5674147053457399,0.5505484463570076,0.5336848218611001
冰晶款/6405.mp4,冰晶款,bad,0.5497698187828064,0.5192159116268158,0.5014181584119797,0.5541468858718872,0.5189339816570282,0.5059585589915514,0.5032823085784912,0.48174095153808594,0.4649763312190771,0.5127707123756409,0.4804445058107376,0.46457582153379917,0.9572413793103448,0.8752179118773946,0.8189034906015047
基础款/6406.mp4,基础款,bad,0.4434988796710968,0.4327719584107399,0.42542048916220665,0.4745919406414032,0.4601571187376976,0.45212445966899395,0.3913511633872986,0.38486767560243607,0.37794934399425983,0.4287504255771637,0.42348435521125793,0.4182335324585438,0.37588761174968066,0.3468042047352392,0.3330390573943797
基础款/6418.mp4,基础款,bad,0.5389540195465088,0.5018692016601562,0.49849467910826206,0.5322962999343872,0.5070147067308426,0.5073765274137259,0.466796875,0.4594072699546814,0.45526362396776676,0.4826480746269226,0.474054679274559,0.4711391255259514,0.4867432950191571,0.4565992865636147,0.4320133580582451
基础款/6419.mp4,基础款,bad,0.54217529296875,0.5161285400390625,0.5061293113976717,0.5246058702468872,0.5176871120929718,0.5133165586739779,0.48191481828689575,0.45419467240571976,0.4249254669994116,0.4798619747161865,0.4630037322640419,0.44913482666015625,0.9233161197179187,0.6884022274576996,0.5262011051124683
基础款/6422.mp4,基础款,bad,0.63299560546875,0.6244049072265625,0.6089695803821087,0.6560755968093872,0.6525442749261856,0.650729589164257,0.6034379601478577,0.5692704170942307,0.5354473516345024,0.6298325657844543,0.6276703029870987,0.6256642118096352,0.5328407224958949,0.4799574077219737,0.44939247830511114
潜水款/6424.mp4,潜水款,bad,0.518310546875,0.4754638597369194,0.46885463036596775,0.5207868218421936,0.4970223531126976,0.4879433736205101,0.4886813759803772,0.4252075180411339,0.41884625144302845,0.48576444387435913,0.44619929790496826,0.44022122770547867,0.5920525451559935,0.5190273142998393,0.46268796135968954
基础款/6426.mp4,基础款,bad,0.4564208984375,0.4191131591796875,0.4140777587890625,0.4663783609867096,0.461377814412117,0.45627811923623085,0.414248526096344,0.3825712651014328,0.3792325556278229,0.4385411739349365,0.42425356805324554,0.4215049725025892,0.38860263354912583,0.2883472057074911,0.2903786564169861
花花款/6429.mp4,花花款,bad,0.6482747197151184,0.6199747771024704,0.612866535782814,0.6625453233718872,0.6582641452550888,0.6445148959755898,0.5951625108718872,0.5864199846982956,0.5729271247982979,0.6359432339668274,0.6339757442474365,0.6188349947333336,0.5163762204919046,0.4609549071618037,0.3952442422398317
基础款/6434.mp4,基础款,bad,0.563037097454071,0.45413991808891296,0.44069987535476685,0.5541643500328064,0.5340140014886856,0.517664223909378,0.5480273365974426,0.4058699905872345,0.3997147772461176,0.5309233069419861,0.49902165681123734,0.4780024364590645,0.8542528735632184,0.5011444052795555,0.45987715818710273
星月款/6437.mp4,星月款,bad,0.6074625849723816,0.599958136677742,0.5892513804137707,0.59716796875,0.5916748195886612,0.5823952853679657,0.5810028910636902,0.5760952234268188,0.5612800605595112,0.5644279718399048,0.5582230538129807,0.5500737391412258,0.8080442537352013,0.7862368815592204,0.7531414548757305
潜水款/6462.mp4,潜水款,bad,0.5132184624671936,0.5024032592773438,0.49856158532202244,0.5280936360359192,0.5150059461593628,0.510817401111126,0.4781426191329956,0.46544186770915985,0.45960981771349907,0.4856208264827728,0.4814973771572113,0.4775933660566807,0.5606641123882503,0.5362689919408112,0.5012073817097598
基础款/6463.mp4,基础款,bad,0.5078125,0.493381068110466,0.483579421415925,0.5332903265953064,0.527784064412117,0.5220097079873085,0.4598277807235718,0.4547109156847,0.44696650840342045,0.4941585659980774,0.4879554435610771,0.48512447625398636,0.4317082837891399,0.3744736950521155,0.3582456209847816
基础款/6467.mp4,基础款,bad,0.513031005859375,0.5098190307617188,0.4992264360189438,0.5522112250328064,0.5283726453781128,0.5227944515645504,0.4782986044883728,0.4712461978197098,0.4556832667440176,0.49994614720344543,0.49228084832429886,0.4840298816561699,0.5571392081736909,0.5287931034482759,0.5091806485340968
基础款/6470.mp4,基础款,bad,0.4530029296875,0.4428776428103447,0.4288128446787596,0.5573905110359192,0.5409458577632904,0.5340565256774426,0.4033717215061188,0.3937615230679512,0.38419458642601967,0.48989689350128174,0.4728034511208534,0.4671485014259815,0.5864128867465909,0.5522890264269574,0.5304669308890954
潜水款/6473.mp4,潜水款,bad,0.4522182047367096,0.4439522996544838,0.43771798349916935,0.48583984375,0.4708949401974678,0.4657647255808115,0.3933647871017456,0.3833482414484024,0.37559593841433525,0.44323012232780457,0.436144657433033,0.43113731034100056,0.4193103448275862,0.3979310344827587,0.38219029374201785
基础款/6474.mp4,基础款,bad,0.47998046875,0.46581268310546875,0.45658599212765694,0.4796142578125,0.4575456902384758,0.4522138312458992,0.4121558666229248,0.404532290995121,0.3947739638388157,0.4364408552646637,0.4136801213026047,0.4100382197648287,0.4112388250319285,0.37975073765799094,0.3617821279761271
基础款/6475.mp4,基础款,bad,0.53289794921875,0.5022048950195312,0.4971585962921381,0.5216761827468872,0.4940359890460968,0.48947034403681755,0.49865078926086426,0.4725129157304764,0.4659525528550148,0.47956398129463196,0.45434121787548065,0.4504466336220503,0.5654150702426564,0.5473868819558476,0.5087623972396564
基础款/6483.mp4,基础款,bad,0.502124011516571,0.4933776929974556,0.4919647201895714,0.4965994656085968,0.4920610785484314,0.4908981341868639,0.4752820134162903,0.4729626625776291,0.471653601154685,0.4706851840019226,0.4691099375486374,0.46820898726582527,0.5141638105896342,0.5018980005795423,0.49182812244993124
甜品款/6487.mp4,甜品款,bad,0.4609375,0.421966552734375,0.4147584103047848,0.4616176187992096,0.4531380832195282,0.44971683993935585,0.4006219208240509,0.3621247857809067,0.35997937247157097,0.4080164432525635,0.40622666478157043,0.40306652523577213,0.5307004617349445,0.4808429118773947,0.4675423399411406
潜水款/6495.mp4,潜水款,bad,0.5142822265625,0.493743896484375,0.4856529254466295,0.5773577094078064,0.5601806789636612,0.5507158562541008,0.45278695225715637,0.430017851293087,0.4208287913352251,0.5223388671875,0.5106192082166672,0.5012595225125551,0.4220689655172414,0.39974457215836523,0.37679230897371824
基础款/6496.mp4,基础款,bad,0.630645751953125,0.6114730834960938,0.5928979627788067,0.6340157389640808,0.625871941447258,0.6170632429420948,0.5133442282676697,0.5012687593698502,0.48466924019157887,0.5565472841262817,0.5509311407804489,0.5415418297052383,0.5059232835689436,0.4405639060811475,0.41307728082779865
基础款/6497.mp4,基础款,bad,0.47148436307907104,0.45592042058706284,0.4475646987557411,0.4845493733882904,0.4589058980345726,0.4570999126881361,0.4279354214668274,0.4201488718390465,0.41199089400470257,0.4429141879081726,0.4245246350765228,0.42105394415557384,0.46206896551724136,0.4455782744132135,0.4341716169804558
基础款/6505.mp4,基础款,bad,0.4857700765132904,0.4573364332318306,0.45887829177081585,0.4834682047367096,0.47314453125,0.46988133154809475,0.4443507194519043,0.43248290568590164,0.4291052967309952,0.4443143904209137,0.4379057139158249,0.43549212627112865,0.753159134718355,0.7050662980198212,0.6897415740181857
冰晶款/6507.mp4,冰晶款,bad,0.56903076171875,0.546173095703125,0.5338431484997272,0.5917096734046936,0.5519191175699234,0.5479278601706028,0.4922572672367096,0.4720145985484123,0.465482359752059,0.5450152158737183,0.5026765763759613,0.49721414782106876,0.5578151095392475,0.46386576826529263,0.45283801659144474
基础款/6508.mp4,基础款,bad,0.487274169921875,0.476654052734375,0.4615497589111328,0.4891357421875,0.4772382527589798,0.47281864285469055,0.442597895860672,0.4344976544380188,0.42491577565670013,0.45208021998405457,0.44619303196668625,0.4422551319003105,0.3854406130268199,0.3490603904397008,0.32057486900163684
星月款/6509.mp4,星月款,bad,0.5339084267616272,0.5174221396446228,0.5123392716050148,0.5544782280921936,0.5448041558265686,0.5373208187520504,0.5006325244903564,0.48083148151636124,0.47308514080941677,0.5174237489700317,0.5096453428268433,0.5036688353866339,0.5243378310844578,0.4949775112443778,0.4735313914684463
基础款/6513.mp4,基础款,bad,0.49509498476982117,0.46952681243419647,0.46468006633222103,0.5135672688484192,0.4899553656578064,0.4831543006002903,0.44319209456443787,0.4252929762005806,0.41722954623401165,0.47935935854911804,0.4553707391023636,0.44597513787448406,0.5826516171343757,0.549776993742511,0.5243150845121904
星月款/6515.mp4,星月款,bad,0.4686414897441864,0.4536285400390625,0.447163475677371,0.4827880859375,0.455548956990242,0.45305524580180645,0.4120047390460968,0.4095854237675667,0.4061346836388111,0.4313785433769226,0.4164303094148636,0.4149169921875,0.4294426757700127,0.4036489298454221,0.3906331321181776
基础款/6516.mp4,基础款,bad,0.6639811396598816,0.6548665314912796,0.6468556709587574,0.6529715657234192,0.6398794949054718,0.6326969712972641,0.6318441033363342,0.6193325072526932,0.6127210594713688,0.5988338589668274,0.5872075855731964,0.5828379467129707,0.5954362720117774,0.5809410565653134,0.5553702366796897
基础款/6517.mp4,基础款,bad,0.45098876953125,0.442966029047966,0.4303211644291878,0.4881766140460968,0.4811924546957016,0.4757712222635746,0.40175560116767883,0.3867381811141968,0.38145642913877964,0.44346708059310913,0.42524899542331696,0.4227151293307543,0.35416391421147664,0.3122853972840548,0.28992851785082613
基础款/6521.mp4,基础款,bad,0.568603515625,0.477518729865551,0.4759601168334484,0.6269356608390808,0.5300511121749878,0.5084947813302279,0.549511730670929,0.4311838522553444,0.4293652679771185,0.5282341241836548,0.4856351912021637,0.46638981997966766,0.6961025789626196,0.6529902956770772,0.6288121698032614
潜水款/6523.mp4,潜水款,bad,0.5316162109375,0.48987797647714615,0.4769110009074211,0.5757359266281128,0.5713152289390564,0.5607626736164093,0.46223559975624084,0.42699724435806274,0.4183128010481596,0.5440350770950317,0.526988297700882,0.5160241890698671,0.5659416445623342,0.5519893899204245,0.5384165090836754
基础款/6524.mp4,基础款,bad,0.5806012749671936,0.5731913298368454,0.5689130499958992,0.5771484375,0.5692923367023468,0.56535230204463,0.5516616106033325,0.5414422154426575,0.5347033217549324,0.5456076264381409,0.5405389964580536,0.5364936366677284,0.9620927467300833,0.9483521924277353,0.8978780925785534
基础款/6528.mp4,基础款,bad,0.6045464277267456,0.5424397885799408,0.5422520898282528,0.6013532280921936,0.5550711303949356,0.5511049516499043,0.5853515863418579,0.5085991770029068,0.5063341744244099,0.5755435824394226,0.5280358046293259,0.5227542296051979,0.6040011499781615,0.5933914956903462,0.5480161760646886
基础款/6529.mp4,基础款,bad,0.5073020458221436,0.479512520134449,0.4736488051712513,0.5272565484046936,0.5155290812253952,0.5069536454975605,0.4740825593471527,0.4351259842514992,0.4319689627736807,0.4828922152519226,0.47970759868621826,0.4684679377824068,0.621404496821627,0.4029511038131728,0.4058933361893068
基础款/6538.mp4,基础款,bad,0.45684814453125,0.43829345703125,0.4314351752400398,0.4668143093585968,0.4533255472779274,0.44966561533510685,0.3961007297039032,0.3874957635998726,0.38355308026075363,0.41678035259246826,0.41321518272161484,0.4093282353132963,0.4317752234993615,0.4053428458184701,0.37677709516889063
基础款/6539.mp4,基础款,bad,0.43560791015625,0.4203643798828125,0.4138755798339844,0.4717145562171936,0.4649919718503952,0.4609669242054224,0.36880257725715637,0.3570932149887085,0.3505189046263695,0.42798569798469543,0.4245389923453331,0.4202851690351963,0.36112212093187124,0.34172281675254323,0.3371896331527723
甜品款/6542.mp4,甜品款,bad,0.4485677182674408,0.4355010986328125,0.4322140999138355,0.4878801703453064,0.4533211886882782,0.4473332017660141,0.4253906309604645,0.3890412226319313,0.38277088664472103,0.44404152035713196,0.4030276909470558,0.401151767000556,0.8171324863883848,0.5189593831983844,0.5289837829538803
基础款/6545.mp4,基础款,bad,0.5531209111213684,0.5454813838005066,0.5313180238008499,0.5506417155265808,0.5452183336019516,0.5391322560608387,0.5206899046897888,0.5162643045186996,0.48831090703606606,0.5176714658737183,0.5136171281337738,0.5075171999633312,0.5794612794612795,0.5648148148148148,0.4843135055732386
基础款/6546.mp4,基础款,bad,0.5149468183517456,0.5033442229032516,0.4680886063724756,0.5412772297859192,0.5320652723312378,0.5220936425030231,0.4807896316051483,0.4621264860033989,0.42471520602703094,0.49661433696746826,0.4933597221970558,0.4838391486555338,0.71213282247765,0.568194829788171,0.5192502942463387
基础款/6549.mp4,基础款,bad,0.4684787392616272,0.43664753437042236,0.42497261613607407,0.5528913140296936,0.4922441691160202,0.47714560478925705,0.428302139043808,0.39309028536081314,0.3829652685672045,0.4641364514827728,0.4369695261120796,0.42531136609613895,0.4315270935960591,0.38753197852484417,0.34595126705165896
基础款/6550.mp4,基础款,bad,0.5523158311843872,0.5425938367843628,0.5268532857298851,0.5770787000656128,0.5569676160812378,0.5429992713034153,0.5165134072303772,0.5027380883693695,0.49028797820210457,0.5522173643112183,0.5289288908243179,0.5128927901387215,0.7613793103448276,0.7372413793103448,0.7234987382682285
冰晶款/6551.mp4,冰晶款,bad,0.513916015625,0.511936753988266,0.47280257008969784,0.5843505859375,0.5719604641199112,0.54777417704463,0.4719373881816864,0.4585723951458931,0.4186398256570101,0.5260045528411865,0.5149213075637817,0.5039210636168718,0.5376245210727969,0.5053073463268365,0.4562622998845405
冰晶款/6556.mp4,冰晶款,bad,0.543426513671875,0.5085906982421875,0.49413108825683594,0.5392717719078064,0.5296543836593628,0.5243137888610363,0.4647623598575592,0.4537181481719017,0.4275073576718569,0.48816636204719543,0.4803529754281044,0.4770882558077574,0.588805214251112,0.5528224776500639,0.5226331044984434
星月款/6563.mp4,星月款,bad,0.535400390625,0.5091618150472641,0.48816735483706,0.5720738172531128,0.5620552897453308,0.5496913306415081,0.46799880266189575,0.43962058424949646,0.4113884847611189,0.532355785369873,0.5216288715600967,0.5057083498686552,0.6298850574712644,0.5840229885057471,0.540621645936747
基础款/6568.mp4,基础款,bad,0.6054338812828064,0.6005493253469467,0.5954962335526943,0.5991385579109192,0.5937892347574234,0.5885151401162148,0.5866350531578064,0.5855691283941269,0.5780334882438183,0.5757805109024048,0.5719452053308487,0.5636354386806488,0.4565217391304347,0.3856879252681352,0.31561136182920685
基础款/6570.mp4,基础款,bad,0.41473388671875,0.3832135871052742,0.36812809854745865,0.4775216281414032,0.4444056823849678,0.43993268348276615,0.3626802861690521,0.3174879401922226,0.31515646539628506,0.41539451479911804,0.40231412649154663,0.39824586920440197,0.4678393617429327,0.32481965913594923,0.3158418825531653
基础款/6578.mp4,基础款,bad,0.451141357421875,0.44077301770448685,0.4275334682315588,0.4879499077796936,0.4621669203042984,0.4580917339771986,0.39048802852630615,0.3759661540389061,0.3692848030477762,0.4342687129974365,0.4234888404607773,0.4184684734791517,0.7804724011620563,0.3183497536945813,0.34087518154105545
基础款/6579.mp4,基础款,bad,0.5913783311843872,0.513636976480484,0.46014403738081455,0.5911167860031128,0.5645446926355362,0.5156489834189415,0.5038520097732544,0.4568108469247818,0.41324453987181187,0.5510397553443909,0.5257209092378616,0.4741771910339594,0.4867432950191571,0.43924482203342774,0.39835837402366636
基础款/6581.mp4,基础款,bad,0.42742919921875,0.4194793701171875,0.4130821228027344,0.5010811686515808,0.492989681661129,0.4810780119150877,0.380557119846344,0.3728126138448715,0.3675568252801895,0.4552432894706726,0.449529305100441,0.4394946377724409,0.46122970260901297,0.38562762269658823,0.3806628438391221
基础款/6590.mp4,基础款,bad,0.588958740234375,0.578399658203125,0.5708827972412109,0.5887276530265808,0.573333740234375,0.5640324167907238,0.5112930536270142,0.4972395673394203,0.49108618684113026,0.5216889977455139,0.5006076544523239,0.4942994937300682,0.36270753512132814,0.3542651628024264,0.34189763557288777
基础款/6597.mp4,基础款,bad,0.514617919921875,0.4128163680434227,0.41116756945848465,0.5107770562171936,0.4906834289431572,0.48126438818871975,0.46233683824539185,0.3275097534060478,0.3342218305915594,0.47421443462371826,0.44763901084661484,0.4429060984402895,0.5072906403940887,0.45990695128626163,0.4335473091998062
花花款/6598.mp4,花花款,bad,0.589874267578125,0.5764083862304688,0.5453080087900162,0.5854143500328064,0.5732639878988266,0.556970864534378,0.49138957262039185,0.4626479297876358,0.4575719963759184,0.519843578338623,0.5106766819953918,0.5067257601767778,0.4806896551724138,0.45443944284015625,0.41889720047510315
基础款/6602.mp4,基础款,bad,0.53814697265625,0.5228652954101562,0.5091509111225605,0.5504325032234192,0.5464739054441452,0.5363638736307621,0.48501864075660706,0.48023365437984467,0.4567572958767414,0.5231215357780457,0.5147722810506821,0.5050638951361179,0.481576354679803,0.46041550653244806,0.4275231334850448
基础款/6608.mp4,基础款,bad,0.48992919921875,0.46990966796875,0.439957482740283,0.4772600531578064,0.4655413031578064,0.45253317803144455,0.4300014078617096,0.4182222783565521,0.4020162895321846,0.42816880345344543,0.42598410695791245,0.41888719610869884,0.4856123662306778,0.4424010217113665,0.3876969656933985
潜水款/6609.mp4,潜水款,bad,0.502471923828125,0.49527740478515625,0.4895191192626953,0.5054582953453064,0.4947030171751976,0.49226379208266735,0.45782628655433655,0.45361328125,0.4483135938644409,0.4669440686702728,0.4640897884964943,0.46121978387236595,0.5422116527942925,0.5306820112111431,0.5140090138975395
基础款/6610.mp4,基础款,bad,0.507080078125,0.46910858154296875,0.42180633544921875,0.5944475531578064,0.5819658488035202,0.5455605629831553,0.4436509907245636,0.4023531302809715,0.36619693599641323,0.5373104214668274,0.5194002091884613,0.4829536862671375,0.4461179371999824,0.37388525564803804,0.3562832888282502
基础款/6614.mp4,基础款,bad,0.527130126953125,0.5129852294921875,0.5036233272403479,0.5730503797531128,0.5601152628660202,0.5482635498046875,0.46595728397369385,0.46149129420518875,0.4566409420222044,0.5390481352806091,0.5309914797544479,0.5179717093706131,0.5266374749133369,0.5172413793103448,0.5010106535412431
基础款/6616.mp4,基础款,bad,0.5413682460784912,0.4975062683224678,0.4907332509756088,0.5586286187171936,0.5457022339105606,0.5336423590779305,0.49903404712677,0.4593319520354271,0.4541745837777853,0.5313541293144226,0.5090296119451523,0.5006570294499397,0.7039982164090368,0.553667610639125,0.5033808290418966
基础款/6617.mp4,基础款,bad,0.5420270562171936,0.5343519002199173,0.510467529296875,0.5648018717765808,0.5513959527015686,0.528317041695118,0.4857505261898041,0.4785365089774132,0.4553783070296049,0.5157685875892639,0.5065909028053284,0.48367937840521336,0.48611372524416,0.43431408136377075,0.4297248336180498
潜水款/6620.mp4,潜水款,bad,0.6659749150276184,0.658843994140625,0.6511561013758183,0.6373639702796936,0.62982177734375,0.625979833304882,0.564648449420929,0.5559346377849579,0.5530616082251072,0.549431324005127,0.5437496602535248,0.5393288619816303,0.4120944453881434,0.39156653200493347,0.3833351181552081
基础款/6629.mp4,基础款,bad,0.4827880859375,0.4769134521484375,0.4493525382131338,0.5061558485031128,0.487038753926754,0.4804306048899889,0.44938579201698303,0.43289022892713547,0.41315210051834583,0.46845200657844543,0.45024556666612625,0.4471280686557293,0.4666540356195529,0.4434129089301503,0.3993803243372209
基础款/6630.mp4,基础款,bad,0.523651123046875,0.5068588256835938,0.483437854796648,0.57421875,0.5590842217206955,0.5353159233927727,0.46257761120796204,0.44003456830978394,0.4318538773804903,0.505622386932373,0.49650798738002777,0.4832010827958584,0.7568776051534672,0.7104999016588859,0.6506028693991022
基础款/6636.mp4,基础款,bad,0.4645019471645355,0.4457465186715126,0.43877020478248596,0.5329938530921936,0.5092860758304596,0.5038354098796844,0.4029337465763092,0.3874782845377922,0.3869477305561304,0.45555922389030457,0.43575242161750793,0.43536264821887016,0.40174010217113665,0.38705969595847234,0.38196671007151284
基础款/6638.mp4,基础款,bad,0.47211915254592896,0.4565374106168747,0.44913697615265846,0.4717145562171936,0.4515249952673912,0.446604048833251,0.42629769444465637,0.40522821992635727,0.4004587233066559,0.4236055314540863,0.4020296111702919,0.4029879868030548,0.42076559317938633,0.39879534707120917,0.37196194038866454
甜品款/6639.mp4,甜品款,bad,0.4842529296875,0.4654693603515625,0.43032918497920036,0.5138636827468872,0.4973231703042984,0.4639434814453125,0.4195149838924408,0.4078921303153038,0.3869966957718134,0.4620145857334137,0.4547603726387024,0.42554742842912674,0.5802615933412604,0.561509202145814,0.5030875736177051
基础款/6641.mp4,基础款,bad,0.501220703125,0.4888458251953125,0.47304344177246094,0.589599609375,0.5832912027835846,0.5731310248374939,0.4443591833114624,0.43770428001880646,0.42729449830949306,0.5324132442474365,0.5220597237348557,0.51282006688416,0.4116478627045924,0.38915312458713175,0.3807756403504553
冰晶款/6650.mp4,冰晶款,bad,0.5024065375328064,0.4987967237830162,0.49385943077504635,0.5324183702468872,0.5242701917886734,0.5200751200318336,0.4680107831954956,0.4556524232029915,0.4533952623605728,0.4812657833099365,0.4782526344060898,0.47530297562479973,0.6353767560664112,0.6195214030915577,0.6070565064689877
基础款/6652.mp4,基础款,bad,0.5340169072151184,0.47710418701171875,0.4581330604851246,0.5267682671546936,0.4946855828166008,0.4852752648293972,0.4339568316936493,0.4172801524400711,0.38886347226798534,0.4478544294834137,0.4344581067562103,0.4278526324778795,0.495530012771392,0.4577663275641873,0.4306634675273201
冰晶款/6654.mp4,冰晶款,bad,0.5196940302848816,0.49853515625,0.4908091239631176,0.5657610297203064,0.5364815890789032,0.5174767635762691,0.47721895575523376,0.45715924352407455,0.4488389790058136,0.5050982236862183,0.4915125295519829,0.4780749138444662,0.5480248381556349,0.47975293962214294,0.45639809781753893
星月款/6661.mp4,星月款,bad,0.5351833701133728,0.5188259780406952,0.5106252077966928,0.5554024577140808,0.5493164211511612,0.5328750647604465,0.5060058832168579,0.48025308549404144,0.4503400716930628,0.5381972193717957,0.5213174074888229,0.49615455605089664,0.4929148329061276,0.4861227450790734,0.45252322963569913
基础款/6664.mp4,基础款,bad,0.5256696343421936,0.5022441297769547,0.4918640684336424,0.5161656141281128,0.5123901218175888,0.505052836611867,0.4744805097579956,0.4434814378619194,0.43824151158332825,0.4681360721588135,0.46495503932237625,0.45988329872488976,0.43233333333333335,0.341546548634285,0.3057564294689573
基础款/6667.mp4,基础款,bad,0.528979480266571,0.517842635512352,0.5115734543651342,0.5417829155921936,0.5366603434085846,0.5321121253073215,0.48624321818351746,0.4772625267505646,0.47028109431266785,0.49866440892219543,0.4912450537085533,0.48720976896584034,0.4951388403161502,0.40062335603358196,0.3737986171255684
潜水款/6669.mp4,潜水款,bad,0.490966796875,0.487579345703125,0.4796808026731014,0.5347725749015808,0.5326145887374878,0.5313121266663074,0.4217471182346344,0.4115706905722618,0.4043965060263872,0.4813483655452728,0.4760185554623604,0.47245945408940315,0.37852216748768475,0.347039239001189,0.3359885265871443
基础款/6678.mp4,基础款,bad,0.5282118320465088,0.4995727613568306,0.46115729957818985,0.5102103352546692,0.4945635125041008,0.4661750812083483,0.4376356303691864,0.4187972694635391,0.3968080151826143,0.4429895877838135,0.4389253482222557,0.42271636240184307,0.6164874551971326,0.5793886211016356,0.5456562281772381
基础款/6681.mp4,基础款,bad,0.575531005859375,0.526702880859375,0.5160463135689497,0.5877336859703064,0.5805576741695404,0.570831298828125,0.5098908543586731,0.4632905125617981,0.4555787071585655,0.562873363494873,0.5415398180484772,0.533948116004467,0.4535303776683087,0.35438438889687407,0.35981105090795934
甜品款/6689.mp4,甜品款,bad,0.5561872124671936,0.5485927015542984,0.5269516557455063,0.5607212781906128,0.5542428344488144,0.5338821411132812,0.5296359658241272,0.5206684172153473,0.49474047869443893,0.5370196104049683,0.5271014124155045,0.5038923360407352,0.5194380587484035,0.43791672061588827,0.4185165285781788
基础款/6690.mp4,基础款,bad,0.531036376953125,0.47467803955078125,0.46925908140838146,0.5427071452140808,0.5073024183511734,0.4952425304800272,0.4451398253440857,0.4281770661473274,0.4192294143140316,0.4827019274234772,0.46602047234773636,0.4587379898875952,0.3886699507389162,0.31909291659588923,0.2846493006102102
基础款/6694.mp4,基础款,bad,0.4933837950229645,0.46254730224609375,0.45623160153627396,0.5233328938484192,0.5132315307855606,0.5061743631958961,0.4619589149951935,0.40587030351161957,0.4020158387720585,0.4746919572353363,0.45536714047193527,0.4519929364323616,0.5865566202699868,0.3979389615537059,0.3954272708528303
冰晶款/6699.mp4,冰晶款,bad,0.5589599609375,0.4565604031085968,0.44488525390625,0.6032366156578064,0.5938197672367096,0.5876617431640625,0.5278820991516113,0.4051171615719795,0.4008333459496498,0.5633437037467957,0.5545061826705933,0.5455901250243187,0.5866666666666667,0.3777689699211697,0.37194180687434064
基础款/6702.mp4,基础款,bad,0.6108642816543579,0.6068115383386612,0.5922424308955669,0.6074916124343872,0.6035635769367218,0.5966437123715878,0.564011812210083,0.5625258088111877,0.5484942346811295,0.5664637088775635,0.5650150328874588,0.5594152621924877,0.6009523809523809,0.5783333333333334,0.5392757823619221
冰晶款/6703.mp4,冰晶款,bad,0.5474330186843872,0.520739957690239,0.5056114196777344,0.5465262532234192,0.5317426472902298,0.5278832614421844,0.5038520097732544,0.4617334380745888,0.4536885116249323,0.5080997347831726,0.48704707622528076,0.48305578902363777,0.6709892916789468,0.6250416171224733,0.5795890644894807
基础款/6707.mp4,基础款,bad,0.4815150797367096,0.4671805277466774,0.4461248517036438,0.5431867241859436,0.5091901570558548,0.4977733064442873,0.42486047744750977,0.40803665667772293,0.3922946359962225,0.48171278834342957,0.46601779013872147,0.46083181351423264,0.5063868065967017,0.47033906123861147,0.45258943299329357
潜水款/6708.mp4,潜水款,bad,0.4625244140625,0.4529876708984375,0.44928741455078125,0.4990060031414032,0.4883292093873024,0.48323604092001915,0.43256956338882446,0.42585011571645737,0.4181046299636364,0.45704200863838196,0.45265916734933853,0.45018925331532955,0.4581353767560664,0.4331855500821018,0.4150439424934074
星月款/6711.mp4,星月款,bad,0.5797119140625,0.5571441650390625,0.5525245666503906,0.5648193359375,0.5522547960281372,0.5454395785927773,0.5374090075492859,0.5304276198148727,0.5232834815979004,0.5326933264732361,0.5146268755197525,0.5092793628573418,0.5701521708781238,0.5377635069105124,0.5120270836241798
基础款/6721.mp4,基础款,bad,0.58526611328125,0.519086554646492,0.5070137456059456,0.6000453233718872,0.5455191284418106,0.5328238289803267,0.5392295718193054,0.4589976966381073,0.45307607762515545,0.5610997676849365,0.5080081522464752,0.4982730634510517,0.6036962880566885,0.5589914854484983,0.5404636941165699
花花款/6724.mp4,花花款,bad,0.557373046875,0.5244859904050827,0.523570466786623,0.5630754828453064,0.549992173910141,0.5412020049989223,0.5038946270942688,0.4827926307916641,0.464601494371891,0.531501293182373,0.5178572535514832,0.5109647791832685,0.5947671325627508,0.5364091220982019,0.47510241473294706
基础款/6725.mp4,基础款,bad,0.4013671875,0.3568267822265625,0.3347271513193846,0.4342913031578064,0.4156842902302742,0.4092276468873024,0.33598756790161133,0.3097243458032608,0.2819233685731888,0.38705623149871826,0.3754182755947113,0.3658653683960438,0.40903686087990476,0.3243052803100366,0.30373624558820755
森林款/6727.mp4,森林款,bad,0.5699288249015808,0.5610874593257904,0.5544847622513771,0.5746546983718872,0.5685860961675644,0.5656138882040977,0.5286051630973816,0.5204917937517166,0.5159121733158827,0.5391486883163452,0.5367153286933899,0.5323654599487782,0.6011822660098523,0.5939901477832512,0.5660123653610982
潜水款/6730.mp4,潜水款,bad,0.6820312738418579,0.6729370206594467,0.6640716530382633,0.6787109375,0.6697431355714798,0.6602107472717762,0.6507842540740967,0.6446645110845566,0.6364721208810806,0.6409660577774048,0.635060042142868,0.62715844810009,0.8657454361054767,0.8065274960558937,0.7983091404665315
基础款/6731.mp4,基础款,bad,0.45928955078125,0.4414520263671875,0.43741607666015625,0.4863978922367096,0.47576904296875,0.4565091822296381,0.40248146653175354,0.3949643149971962,0.3887435868382454,0.42340087890625,0.41737275570631027,0.40872304886579514,0.5536618663848153,0.5275117272739152,0.5053642169694488
基础款/6735.mp4,基础款,bad,0.5188685655593872,0.5079879760742188,0.5050882585346699,0.5173688530921936,0.51275634765625,0.5106964074075222,0.4712749421596527,0.4676237851381302,0.46408003754913807,0.48091036081314087,0.47958823293447495,0.47798561304807663,0.4113370665094803,0.3899169157789847,0.38022763953798433
基础款/6736.mp4,基础款,bad,0.47607421875,0.4539947509765625,0.44043901190161705,0.484619140625,0.4726344421505928,0.4665178544819355,0.3829234838485718,0.3730563074350357,0.3622039295732975,0.42870375514030457,0.42379311472177505,0.4159536901861429,0.398632225106085,0.3676773682124455,0.3557483267009657
潜水款/6738.mp4,潜水款,bad,0.6133858561515808,0.5072494447231293,0.5009624995291233,0.6394566297531128,0.5096086859703064,0.5052610114216805,0.5876803994178772,0.44183899462223053,0.4452675059437752,0.6148825287818909,0.43817227333784103,0.45008647814393044,0.5435148344631103,0.5289941102649669,0.4894643265352159
冰晶款/6752.mp4,冰晶款,bad,0.52032470703125,0.48644256591796875,0.48221343010663986,0.495849609375,0.4905439019203186,0.4863477423787117,0.4524204730987549,0.4404639005661011,0.4378630928695202,0.4611385464668274,0.4536949545145035,0.45100313425064087,0.8688013136288998,0.47330901856763924,0.4887839321308147
星月款/6754.mp4,星月款,bad,0.5185546875,0.505462646484375,0.49635069631040096,0.5498046875,0.532366082072258,0.5213263388723135,0.4688546359539032,0.45430938154459,0.4444768186658621,0.48829561471939087,0.4784393385052681,0.4708720948547125,0.5938186462324393,0.5140523607927837,0.5026688611927458
基础款/6758.mp4,基础款,bad,0.4507812559604645,0.4441894516348839,0.4387229923158884,0.462158203125,0.4520263671875,0.4434705451130867,0.4113476574420929,0.40930286049842834,0.402051018550992,0.4319493770599365,0.42506857216358185,0.4115470424294472,0.5351724137931035,0.5126166328600406,0.4634136985485171
基础款/6762.mp4,基础款,bad,0.53961181640625,0.5091094970703125,0.5002880096435547,0.6157923936843872,0.5942775309085846,0.5868246853351593,0.43332579731941223,0.416420541703701,0.4103614166378975,0.5832267999649048,0.5667724460363388,0.5565890148282051,0.5345318793594656,0.49454759799587383,0.47625461822660103
基础款/6763.mp4,基础款,bad,0.4683023989200592,0.4450422003865242,0.4299323633313179,0.5423583984375,0.4772818312048912,0.4748001080006361,0.4278390109539032,0.37091976404190063,0.3692540377378464,0.4830142855644226,0.4123840406537056,0.41529060900211334,0.5080618311533889,0.4950334679858713,0.45650385408814853
基础款/6765.mp4,基础款,bad,0.4703543484210968,0.4616088792681694,0.4528672304004431,0.4931291937828064,0.4800589308142662,0.47434343211352825,0.4134521484375,0.4093705788254738,0.40121354907751083,0.44104722142219543,0.4379173815250397,0.4342135265469551,0.6565517241379311,0.6369527736131934,0.6025479630176591
基础款/6766.mp4,基础款,bad,0.725341796875,0.7150650024414062,0.7038690261542797,0.7098214030265808,0.6987566202878952,0.6833806782960892,0.6205256581306458,0.5981314480304718,0.5816350653767586,0.564399242401123,0.5475293397903442,0.5330335944890976,0.4822718052738336,0.415929492623904,0.39283483734872704
基础款/6769.mp4,基础款,bad,0.41424560546875,0.3980560302734375,0.3907296936959028,0.4376743733882904,0.4307512491941452,0.4248831607401371,0.3856670558452606,0.364036925137043,0.3609012980014086,0.39318129420280457,0.3829435482621193,0.3800636772066355,0.46840181441846124,0.4052264684614805,0.38629800662375174
基础款/6770.mp4,基础款,bad,0.45172119140625,0.44342041015625,0.43641117587685585,0.51416015625,0.489288330078125,0.4793363306671381,0.40598800778388977,0.39883769303560257,0.3915997762233019,0.45612648129463196,0.4478355869650841,0.4426307678222656,0.4320379492793286,0.40622577600088844,0.37612467609927935
冰晶款/6771.mp4,冰晶款,bad,0.4862738847732544,0.4228278249502182,0.4123594481498003,0.4807826578617096,0.4740426242351532,0.46646118350327015,0.3920232653617859,0.35910793393850327,0.34251585602760315,0.4375574588775635,0.4292243421077728,0.42104339599609375,0.48676032354193277,0.46526181353767554,0.4329699125441189
冰晶款/6772.mp4,冰晶款,bad,0.5199846625328064,0.498875193297863,0.4879531841725111,0.5255301594734192,0.522186279296875,0.5157405398786068,0.44818115234375,0.42407750338315964,0.40600188449025154,0.49512436985969543,0.49245139956474304,0.48572383634746075,0.5343550446998723,0.49904561608084846,0.48651706343797796
森林款/6776.mp4,森林款,bad,0.4829799234867096,0.4756384938955307,0.4659818019717932,0.5245361328125,0.505998894572258,0.5043454803526402,0.45373883843421936,0.43653663247823715,0.41310442984104156,0.48475557565689087,0.47255750745534897,0.46927687525749207,0.5310855683269476,0.47964559386973177,0.4332814548975244
基础款/6777.mp4,基础款,bad,0.4649522602558136,0.4616020992398262,0.4567114505916834,0.4613211452960968,0.4542061910033226,0.45221273973584175,0.42653587460517883,0.418028362095356,0.41550856456160545,0.42102769017219543,0.4101374000310898,0.4087562561035156,0.5159151193633952,0.49043466772360944,0.47841558863700323
基础款/6802.mp4,基础款,bad,0.50396728515625,0.47364044189453125,0.4693012237548828,0.5345633625984192,0.5184762179851532,0.5167061984539032,0.4233993887901306,0.4187294617295265,0.4119736384600401,0.47248390316963196,0.4688603952527046,0.464243495836854,0.69202700237183,0.5876750364896917,0.5784044465671621
基础款/6804.mp4,基础款,bad,0.56396484375,0.5611495971679688,0.5543041229248047,0.5864432454109192,0.5729675143957138,0.569960456341505,0.5010695457458496,0.4892578050494194,0.4808216281235218,0.5511582493782043,0.5428933650255203,0.5388369858264923,0.3642929493107852,0.3438388332715363,0.3303810385961051
潜水款/6805.mp4,潜水款,bad,0.40625,0.3907318115234375,0.37973676435649395,0.4452078640460968,0.4367806538939476,0.4315152820199728,0.35426682233810425,0.33433806151151657,0.326990719884634,0.4022647738456726,0.39584439247846603,0.3889135457575321,0.4393358876117497,0.43039591315453385,0.41371886579972195
星月款/6808.mp4,星月款,bad,0.577301025390625,0.5716400146484375,0.5580433420836926,0.6170130968093872,0.6127624362707138,0.6079003438353539,0.4779438078403473,0.4734577462077141,0.46299172937870026,0.5585973262786865,0.554975613951683,0.5507179722189903,0.5674712643678161,0.5490517241379309,0.5175833851236775
基础款/6809.mp4,基础款,bad,0.5084228515625,0.4891459122300148,0.476662952452898,0.4871651828289032,0.4830235093832016,0.4755695927888155,0.43087413907051086,0.4232248440384865,0.4152356218546629,0.44371840357780457,0.43951327353715897,0.42882964201271534,0.5946679438058748,0.5121898376208721,0.5081325225424812
基础款/6810.mp4,基础款,bad,0.562255859375,0.558837890625,0.4764253553003073,0.5678013563156128,0.5511692464351654,0.5229492150247097,0.5310354232788086,0.5253795385360718,0.4357378240674734,0.5209996700286865,0.5124045163393021,0.48091888055205345,1.0661976703955716,1.0472840502825511,0.676646812937073
基础款/6811.mp4,基础款,bad,0.5198974609375,0.5117874145507812,0.5056326128542423,0.5200020670890808,0.5142865926027298,0.5111421756446362,0.4815673828125,0.4780810996890068,0.47375293262302876,0.49289119243621826,0.48628056049346924,0.48335849680006504,0.5267098251640463,0.5164486722156163,0.48503966420399935
潜水款/6816.mp4,潜水款,bad,0.515838623046875,0.4841851145029068,0.4722919501364231,0.5076904296875,0.5027989000082016,0.49870191514492035,0.4761730432510376,0.41431884467601776,0.4171470794826746,0.4633609652519226,0.45670004934072495,0.45396266505122185,0.6182424916573971,0.6037819799777531,0.5435606830878397
基础款/6818.mp4,基础款,bad,0.5115017294883728,0.4764770492911339,0.47299668937921524,0.4983607828617096,0.4700666144490242,0.46838923916220665,0.44972923398017883,0.4242088869214058,0.4222893640398979,0.4433378279209137,0.4238801822066307,0.4222203455865383,0.767487684729064,0.7318410122669758,0.7068597815301669
冰晶款/6819.mp4,冰晶款,bad,0.4339599609375,0.4143524169921875,0.4118292070925236,0.4909319281578064,0.4800894632935524,0.47278595343232155,0.3978678286075592,0.380341112613678,0.3719487413764,0.44286391139030457,0.4330175146460533,0.425048153847456,0.5039408866995073,0.46247242826315355,0.4426403921528773
冰晶款/6820.mp4,冰晶款,bad,0.55316162109375,0.5322189331054688,0.494365694001317,0.5451485514640808,0.5243007093667984,0.5214026346802711,0.4731326103210449,0.4647086039185524,0.42916521057486534,0.49028104543685913,0.47036293148994446,0.46702755242586136,0.4265398335315101,0.40764100708266554,0.39350198087874505
基础款/6823.mp4,基础款,bad,0.585723876953125,0.5786285400390625,0.5705010518431664,0.5842459797859192,0.5687342882156372,0.5629871934652328,0.5046065449714661,0.4864335134625435,0.4674943368881941,0.4922916293144226,0.4827064126729965,0.47641036100685596,0.502789719198756,0.48327123794424626,0.4699215507925377
星月款/6829.mp4,星月款,bad,0.5865653157234192,0.5640171766281128,0.5596803948283195,0.5873674750328064,0.5749119520187378,0.5703419297933578,0.5596609711647034,0.539523646235466,0.5366740524768829,0.5669232606887817,0.5520648062229156,0.5500432215631008,0.5282758620689655,0.5102892102335929,0.4988606286186931
基础款/6831.mp4,基础款,bad,0.5308837890625,0.5077667236328125,0.4979242570698261,0.5521240234375,0.527500718832016,0.51612963154912,0.46236661076545715,0.45170868188142776,0.44746147096157074,0.505302906036377,0.48475737124681473,0.4792415425181389,0.5984163473818644,0.5689381499726327,0.5097925041310762
基础款/6835.mp4,基础款,bad,0.5316162109375,0.4808785542845726,0.4692873265594244,0.5617152452468872,0.5467311143875122,0.5294069554656744,0.4868549406528473,0.4253896102309227,0.4169794339686632,0.5006605982780457,0.48516127467155457,0.47609351575374603,0.4055408193339228,0.34256925177258113,0.3320254334723717
基础款/6847.mp4,基础款,bad,0.6294758915901184,0.6055664122104645,0.5433721598237753,0.6207972764968872,0.5918535739183426,0.5713435597717762,0.6113449335098267,0.572147011756897,0.5176007337868214,0.5966078639030457,0.5518260449171066,0.5355635266751051,0.8574492657977231,0.7206092162025634,0.6037284842107835
基础款/6848.mp4,基础款,bad,0.602294921875,0.5940017700195312,0.5172394327819347,0.61737060546875,0.6058654934167862,0.6028654985129833,0.5633159279823303,0.5221745520830154,0.45404425635933876,0.591804027557373,0.5830594301223755,0.5809107348322868,0.3886590038314176,0.3718194321642597,0.35486076932271937
基础款/6851.mp4,基础款,bad,0.5157877802848816,0.47444915771484375,0.4558359794318676,0.5339180827140808,0.4892054945230484,0.479584826156497,0.466796875,0.4215390533208847,0.4135561604052782,0.47694307565689087,0.44969088584184647,0.44108626805245876,0.6504287538770297,0.6009083425492462,0.5594674163687501
潜水款/6855.mp4,潜水款,bad,0.48895263671875,0.4770965576171875,0.4652432035654783,0.4947335422039032,0.4824959933757782,0.4775259830057621,0.4118589758872986,0.39495849609375,0.38012767396867275,0.4452765882015228,0.4369174614548683,0.4312856364995241,0.4725415070242656,0.44955300127713915,0.41310399876690007
基础款/6859.mp4,基础款,bad,0.4529157280921936,0.436837337911129,0.4271311070770025,0.4698137640953064,0.466012142598629,0.4611598439514637,0.39662209153175354,0.3821653798222542,0.37370398454368114,0.42924949526786804,0.4266348332166672,0.42196565493941307,0.3659370314842578,0.3284546615581099,0.3150656402567947
基础款/6860.mp4,基础款,bad,0.594390869140625,0.570892333984375,0.5475338250398636,0.6031319499015808,0.588134765625,0.5767931193113327,0.5585821270942688,0.522360771894455,0.49045751243829727,0.5736730098724365,0.5543374419212341,0.5397706814110279,0.5198467432950191,0.4415563198502096,0.41481293731058794
基础款/6862.mp4,基础款,bad,0.556610107421875,0.5510864108800888,0.5469839312136173,0.5826416015625,0.5727495551109314,0.5680988878011703,0.5213158130645752,0.5110055357217789,0.5050934795290232,0.5531939268112183,0.5482357442378998,0.5440905019640923,0.4767875802358561,0.4641457322789071,0.4481609388431624
基础款/6872.mp4,基础款,bad,0.5420270562171936,0.531267449259758,0.522328332066536,0.5625174641609192,0.558763787150383,0.5524193905293941,0.5104092955589294,0.4931955114006996,0.4825908485800028,0.538642406463623,0.5324329882860184,0.5258465819060802,0.6777586206896552,0.6240942028985508,0.5993659773322151
森林款/6874.mp4,森林款,bad,0.6086774468421936,0.4614083468914032,0.4579192567616701,0.5998011827468872,0.4810311421751976,0.47904205322265625,0.5859307050704956,0.38361336290836334,0.3913998454809189,0.5741756558418274,0.4350164160132408,0.4391021728515625,0.6933650416171224,0.3974201787994892,0.406884080248411
基础款/6878.mp4,基础款,bad,0.48248291015625,0.46683502197265625,0.4632720947265625,0.4968610405921936,0.487326480448246,0.48496791161596775,0.4322451651096344,0.4251094460487366,0.4224022962152958,0.4579826891422272,0.4506862834095955,0.4501302409917116,0.4556650246305419,0.43555715984372345,0.41954143431105384
星月款/6879.mp4,星月款,bad,0.5012478232383728,0.4995252788066864,0.4964667446911335,0.5232456922531128,0.5038670003414154,0.5020305048674345,0.4510633647441864,0.44390591979026794,0.44319100119173527,0.45097440481185913,0.44318973273038864,0.4406471252441406,0.5173748609566184,0.4795433884013788,0.47409954819483924
基础款/6883.mp4,基础款,bad,0.4630805253982544,0.4527384415268898,0.44591098465025425,0.4724295437335968,0.4652361124753952,0.4605680163949728,0.40329909324645996,0.39245473593473434,0.3867631107568741,0.4332490861415863,0.4230750650167465,0.4206154774874449,0.4783739595719381,0.390625,0.38278724156221544
基础款/6884.mp4,基础款,bad,0.4502929747104645,0.4248046800494194,0.4152283798903227,0.4979248046875,0.4742998331785202,0.4673418290913105,0.39830076694488525,0.39127930253744125,0.3697462398558855,0.44171142578125,0.43036695569753647,0.42581176571547985,0.6643088712054229,0.6128101107817132,0.44291629193483417
甜品款/6886.mp4,甜品款,bad,0.4512803852558136,0.434922955930233,0.41473982110619545,0.4602225124835968,0.4460754469037056,0.4419926255941391,0.39742839336395264,0.38821613788604736,0.37036807276308537,0.41461899876594543,0.4099695459008217,0.40329383686184883,0.5172413793103449,0.4426967463848721,0.4236846137999561
潜水款/6888.mp4,潜水款,bad,0.50347900390625,0.446624755859375,0.4345283508300781,0.5284249186515808,0.4906877875328064,0.4797859210520983,0.474946528673172,0.39857401698827744,0.39094189554452896,0.4919218122959137,0.43810856342315674,0.43540045991539955,0.5009908838684106,0.424737746069494,0.3875933064161364
基础款/6899.mp4,基础款,bad,0.505035400390625,0.4959716796875,0.4907703399658203,0.5287388563156128,0.5186593383550644,0.5160151943564415,0.4381907284259796,0.42264027893543243,0.4161195922642946,0.4822603166103363,0.4781888946890831,0.47658471390604973,0.39244663382594414,0.3607918263090677,0.34587666484218205
基础款/6901.mp4,基础款,bad,0.6268310546875,0.5157134830951691,0.4892125427722931,0.6252616047859192,0.5303650051355362,0.5092675406485796,0.5990424752235413,0.43937748670578003,0.4292687028646469,0.594489574432373,0.4878261759877205,0.46099135279655457,0.4725975570208626,0.3476390940719121,0.3346884744721703
森林款/6903.mp4,森林款,bad,0.484527587890625,0.4215545654296875,0.4177156202495098,0.5400739312171936,0.4715924933552742,0.4693276546895504,0.45771360397338867,0.3775290697813034,0.37641567550599575,0.4903779923915863,0.42849642038345337,0.4290295783430338,0.9144316730523626,0.6167830370529022,0.6088339066069693
基础款/6904.mp4,基础款,bad,0.4867892861366272,0.4788411483168602,0.4607853349298239,0.5250767469406128,0.4831542894244194,0.47814941219985485,0.4523383378982544,0.437425397336483,0.41871077194809914,0.4896240234375,0.44348951429128647,0.4403928853571415,1.0025615763546798,0.504360665289475,0.4910302499294099
星月款/6908.mp4,星月款,bad,0.5828857421875,0.5108871459960938,0.4422588348388672,0.5659354329109192,0.515625,0.4651521984487772,0.5217576026916504,0.48828907310962677,0.3967098332941532,0.5125480890274048,0.4884338304400444,0.42815982177853584,0.5106167346434309,0.4490744221264723,0.36565245973602
基础款/6912.mp4,基础款,bad,0.698974609375,0.5388946533203125,0.5002155303955078,0.6914759874343872,0.5303475707769394,0.5085449200123549,0.6771960258483887,0.446913942694664,0.4361682664602995,0.6658110022544861,0.4644416347146034,0.4557744264602661,1.0804597701149425,0.5162504954419342,0.5748298982692562
花花款/6915.mp4,花花款,bad,0.5226237177848816,0.5101841688156128,0.5050470288842916,0.5235944390296936,0.515537828207016,0.5147083885967731,0.47673484683036804,0.4706061854958534,0.4679815247654915,0.48977839946746826,0.4887964501976967,0.4865709189325571,0.6501149425287358,0.5559494390735666,0.5429180176190884
森林款/6924.mp4,森林款,bad,0.4746907651424408,0.4633483812212944,0.45595115050673485,0.5026680827140808,0.4876185730099678,0.4803107101470232,0.42257043719291687,0.4120655059814453,0.40919186919927597,0.4490931034088135,0.44439787417650223,0.44165555387735367,0.6897712759781726,0.6548706446149966,0.6532244856355969
基础款/6926.mp4,基础款,bad,0.4345974326133728,0.4193115234375,0.40693180076777935,0.4875139594078064,0.4694170355796814,0.46268245205283165,0.37258240580558777,0.36149223148822784,0.3560245241969824,0.4177030622959137,0.4125518724322319,0.40935404039919376,0.3363456202933016,0.3258625093583476,0.31029628577042373
潜水款/6927.mp4,潜水款,bad,0.49395751953125,0.4559456929564476,0.4518563412129879,0.5335170030593872,0.4907400906085968,0.48614283837378025,0.4408365786075592,0.4103703647851944,0.40961599722504616,0.477294921875,0.453137569129467,0.44899749755859375,0.5160523186682521,0.4711888500194348,0.43094787518455
基础款/6928.mp4,基础款,bad,0.5153459906578064,0.502284437417984,0.49363054148852825,0.5047956109046936,0.4918387308716774,0.48440660908818245,0.45394811034202576,0.4462203308939934,0.44144233502447605,0.4520084261894226,0.4427239000797272,0.4392774235457182,0.5245155200177689,0.502756901463798,0.4845132348355737
基础款/6939.mp4,基础款,bad,0.482177734375,0.4765162542462349,0.4583814460784197,0.4865199625492096,0.4714573323726654,0.46535164676606655,0.42760777473449707,0.41426681727170944,0.4001008365303278,0.43183091282844543,0.41812313348054886,0.4168799929320812,0.494140184809556,0.4848533697418078,0.4705439889986911
基础款/6943.mp4,基础款,bad,0.6142578125,0.6029968112707138,0.5956134833395481,0.6077183485031128,0.59661865234375,0.5900639109313488,0.597227156162262,0.5886372774839401,0.5809228792786598,0.5847311615943909,0.5778629332780838,0.5695886090397835,0.544589774078478,0.4263142723309191,0.3327339098276905
冰晶款/6946.mp4,冰晶款,bad,0.56622314453125,0.5559844970703125,0.5499267578125,0.5641043782234192,0.5573425441980362,0.5541338250041008,0.5177031755447388,0.5124122500419617,0.5037043690681458,0.5260728001594543,0.522320032119751,0.5173770673573017,0.5568326947637292,0.49602262360883054,0.4763868653806228
基础款/6947.mp4,基础款,bad,0.48771971464157104,0.47272949665784836,0.464169405400753,0.5010462999343872,0.4816197007894516,0.4757167249917984,0.4289899468421936,0.423741951584816,0.4137977994978428,0.44888126850128174,0.4397394582629204,0.43222853541374207,0.39767556603256404,0.36313912009512483,0.3416954674307615
基础款/6949.mp4,基础款,bad,0.4462890625,0.41082763671875,0.4032630920410156,0.5280064344406128,0.466744564473629,0.4624274130910635,0.3716930150985718,0.3381434977054596,0.3374135699123144,0.4646857678890228,0.4186742454767227,0.4151752684265375,0.3952777305928317,0.37824019024970273,0.36093688069758223
冰晶款/6950.mp4,冰晶款,bad,0.5129172801971436,0.5013793855905533,0.49746787548065186,0.5099225640296936,0.5045994222164154,0.5006463173776865,0.4672982394695282,0.4533398598432541,0.4490378964692354,0.47069594264030457,0.4656309261918068,0.4637045059353113,0.5847121802002224,0.46245540921865275,0.4482595457608711
基础款/6951.mp4,基础款,bad,0.463653564453125,0.45769500732421875,0.4407806396484375,0.4977853000164032,0.4774911105632782,0.4641396626830101,0.3770751953125,0.3698265478014946,0.3621983341872692,0.4257776737213135,0.416760616004467,0.4122646562755108,0.42550755273704144,0.40387765887171356,0.38299204363506534
星月款/6952.mp4,星月款,bad,0.5725446343421936,0.5135955810546875,0.5056024547666311,0.5944300889968872,0.5146135687828064,0.5159149169921875,0.5201823115348816,0.46825160831213,0.4685136489570141,0.5497867465019226,0.4740546718239784,0.4800177179276943,0.6649532376668809,0.4967499009116132,0.48913952419710316
基础款/6961.mp4,基础款,bad,0.460205078125,0.4352077841758728,0.4298303388059139,0.5578961968421936,0.5259661078453064,0.511538915336132,0.416317880153656,0.4037548452615738,0.39960754476487637,0.47343894839286804,0.4660150781273842,0.4579146858304739,0.4083267122199269,0.33512970989477453,0.31707516095140276
基础款/6963.mp4,基础款,bad,0.5340052843093872,0.5210937410593033,0.5135339815169573,0.5270472764968872,0.5112261027097702,0.5036686509847641,0.49806907773017883,0.4323101341724396,0.4302714131772518,0.48255470395088196,0.43007346242666245,0.42946310713887215,0.7283200505010654,0.5023263944064834,0.491620546639042
花花款/6964.mp4,花花款,bad,0.5083895325660706,0.49320845305919647,0.49090381897985935,0.5129045844078064,0.5017264038324356,0.49319566786289215,0.45984116196632385,0.44967371225357056,0.44774436578154564,0.45480525493621826,0.45135498046875,0.4470190182328224,0.7539010692970821,0.7200348007899007,0.6840105987920064
基础款/6974.mp4,基础款,bad,0.5107770562171936,0.4635009765625,0.4622392188757658,0.5038887858390808,0.4863760769367218,0.4846333060413599,0.4756740927696228,0.40602143853902817,0.4064014870673418,0.4592033922672272,0.4375646337866783,0.4367152974009514,0.5619412515964239,0.43501326259946954,0.42568040994765133
基础款/6975.mp4,基础款,bad,0.5464138388633728,0.5399322658777237,0.533905453979969,0.552001953125,0.543391615152359,0.5397524125874043,0.5007703900337219,0.4937635138630867,0.491204084828496,0.5148710608482361,0.5051161646842957,0.5025484412908554,0.6252975153837222,0.40266963292547275,0.40601888578160106
潜水款/6987.mp4,潜水款,bad,0.4600830078125,0.408294677734375,0.3748953677713871,0.5326102375984192,0.5177961140871048,0.5002561286091805,0.35797441005706787,0.3154468759894371,0.3059608358889818,0.4435460567474365,0.4200780615210533,0.41458780877292156,0.4938820912124583,0.41976653614584647,0.400888289632607
基础款/6990.mp4,基础款,bad,0.3917236328125,0.38671875,0.3705820366740227,0.4921177327632904,0.4544677734375,0.4429364874958992,0.34962189197540283,0.33867625147104263,0.3245235327631235,0.4306425154209137,0.4098385125398636,0.40459576807916164,0.4178799489144317,0.3467999169544948,0.29653269287633144
基础款/6998.mp4,基础款,bad,0.5491943359375,0.5356964021921158,0.4874395299702883,0.5705217719078064,0.5529131293296814,0.5386428851634264,0.5111938714981079,0.4997719079256058,0.45072638988494873,0.5085808038711548,0.49116696417331696,0.48483141511678696,0.6235244922341696,0.6077620967741935,0.5684935607658332
森林款/7002.mp4,森林款,bad,0.5107964277267456,0.5043199509382248,0.47011481784284115,0.5336129069328308,0.5285448282957077,0.5166533272713423,0.45589545369148254,0.4410664886236191,0.4186447449028492,0.4764655530452728,0.472528338432312,0.46762208081781864,0.5606360671015843,0.5560991379310345,0.4958552217052981
基础款/7003.mp4,基础款,bad,0.53448486328125,0.5114517211914062,0.4941253662109375,0.5222865343093872,0.510467529296875,0.5014986302703619,0.4609142541885376,0.45597192645072937,0.44702799431979656,0.48459041118621826,0.4789787828922272,0.47147885523736477,0.5389527458492975,0.4796098119522614,0.4647564010613951
潜水款/7004.mp4,潜水款,bad,0.6210693120956421,0.6120178401470184,0.6053578220307827,0.6181815266609192,0.6104910522699356,0.6081630103290081,0.583341658115387,0.5752183347940445,0.5687311701476574,0.589111328125,0.5852032899856567,0.5819282531738281,0.4738598442714127,0.4602542809362422,0.450160745825131
基础款/7009.mp4,基础款,bad,0.4725864827632904,0.4610944464802742,0.4425048828125,0.4616350531578064,0.4531249925494194,0.4466171246021986,0.4001329243183136,0.389363594353199,0.3795123640447855,0.4136603772640228,0.41124051064252853,0.40796953067183495,0.4993103448275862,0.49021711366538956,0.4829504196314541
潜水款/7014.mp4,潜水款,bad,0.510009765625,0.4447174072265625,0.4388084411621094,0.5076032280921936,0.4754638597369194,0.46648951806128025,0.4836629331111908,0.3891281932592392,0.38460096903145313,0.4844180941581726,0.4199245721101761,0.4160699285566807,0.6095352323838081,0.4406416523538996,0.4432245075682293
基础款/7015.mp4,基础款,bad,0.5084053874015808,0.470472052693367,0.4535598736256361,0.5344063639640808,0.4928022176027298,0.47622680850327015,0.48080167174339294,0.4162213057279587,0.40748083777725697,0.4879114627838135,0.46154336631298065,0.4423280619084835,0.9816341829085458,0.6322267453592447,0.6301241567967507
基础款/7016.mp4,基础款,bad,0.488861083984375,0.4766404926776886,0.4706539586186409,0.5352434515953064,0.5135759562253952,0.49185180477797985,0.4421502947807312,0.4334455132484436,0.4124779812991619,0.4780309200286865,0.4550538957118988,0.44702821411192417,0.5374554102259215,0.45065398335315104,0.3770016053770513
冰晶款/7018.mp4,冰晶款,bad,0.5533272624015808,0.5450581014156342,0.5317518971860409,0.5569196343421936,0.5497829020023346,0.5424194373190403,0.5140668153762817,0.4997905194759369,0.47975740768015385,0.5154849886894226,0.5131476819515228,0.5056681968271732,0.5483058470764617,0.47353581829774766,0.42940932243679175
基础款/7026.mp4,基础款,bad,0.45526123046875,0.4246673583984375,0.4113311767578125,0.4787946343421936,0.4696219339966774,0.4668600894510746,0.3790690004825592,0.3638884723186493,0.3563311491161585,0.4480985701084137,0.4366482123732567,0.4336354900151491,0.4634050496119462,0.4147264521243272,0.39142891296328064
星月款/7027.mp4,星月款,bad,0.5470842719078064,0.5357840210199356,0.532106664031744,0.6120780110359192,0.6072605550289154,0.6029815711081028,0.5049804449081421,0.49979138374328613,0.4948570728302002,0.581611156463623,0.578260526061058,0.5749949216842651,0.3943412908930151,0.3830128205128206,0.3697394091415831
基础款/7029.mp4,基础款,bad,0.4919975996017456,0.473480224609375,0.4627320170402527,0.4921177327632904,0.4827052652835846,0.4770268052816391,0.4393279254436493,0.4253654479980469,0.41860478185117245,0.45600441098213196,0.45006516575813293,0.44431304931640625,0.5442294526717831,0.4103300732488674,0.39064312710767923
基础款/7030.mp4,基础款,bad,0.5416085124015808,0.5123203992843628,0.48974146135151386,0.5475899577140808,0.5377633273601532,0.5229928158223629,0.5050591230392456,0.473127581179142,0.44657234847545624,0.5184038877487183,0.4984247609972954,0.48828034847974777,0.5338530734632683,0.4865239793896156,0.44638675750943757
基础款/7042.mp4,基础款,bad,0.6473591923713684,0.6454569399356842,0.642861682921648,0.6494663953781128,0.6442086100578308,0.642391748726368,0.6263927817344666,0.6234121024608612,0.6205397136509418,0.6311501860618591,0.6213666051626205,0.6200675927102566,0.8519003975393429,0.8267738511146219,0.7969719509824624
基础款/7046.mp4,基础款,bad,0.4375697672367096,0.4318033829331398,0.424259003251791,0.5283377766609192,0.5024850219488144,0.48279353603720665,0.4000503122806549,0.39757711440324783,0.39138947799801826,0.4584135115146637,0.44514555484056473,0.43759671226143837,0.47619047619047616,0.38147428748679846,0.3616041215285774
基础款/7047.mp4,基础款,bad,0.6520647406578064,0.622584730386734,0.5824039988219738,0.6463274359703064,0.6255362182855606,0.605097085237503,0.631152331829071,0.6034080982208252,0.5101535748690367,0.6167925596237183,0.5866097658872604,0.5672580413520336,1.0672610908621936,0.980045612150729,0.613213908155856
基础款/7049.mp4,基础款,bad,0.6476237177848816,0.6228230595588684,0.5285159517079592,0.6353411078453064,0.6172659695148468,0.5758590623736382,0.6196724772453308,0.5961434692144394,0.4708495531231165,0.5907987952232361,0.5679958462715149,0.5124083179980516,0.9025906864440908,0.8620955766907408,0.5840452703322105
基础款/7057.mp4,基础款,bad,0.488037109375,0.4775899350643158,0.46271260641515255,0.4789341390132904,0.4738507941365242,0.4625516626983881,0.4221689701080322,0.4109356105327606,0.3946363218128681,0.42579561471939087,0.42307236790657043,0.41460979729890823,0.5451559934318555,0.42324613555291324,0.4123054583175587
基础款/7058.mp4,基础款,bad,0.452850341796875,0.4440830871462822,0.43864686228334904,0.5298897624015808,0.5228271633386612,0.5092517267912626,0.4027605652809143,0.3949695900082588,0.38918954133987427,0.4837431013584137,0.4675113409757614,0.4642074778676033,0.4899920729290528,0.4756066411238825,0.4503395383205925
基础款/7062.mp4,基础款,bad,0.483154296875,0.47634463757276535,0.4714014269411564,0.5053362250328064,0.4718409851193428,0.47069549188017845,0.4319285750389099,0.42175154387950897,0.418819610029459,0.44463035464286804,0.43441593647003174,0.4326353631913662,0.47560664112388246,0.45550535077288945,0.4311848551910785
潜水款/7064.mp4,潜水款,bad,0.4515555202960968,0.4405430480837822,0.43061610497534275,0.4991280734539032,0.4893449991941452,0.48670632392168045,0.3783804178237915,0.3622216135263443,0.3554419055581093,0.46047794818878174,0.4546778053045273,0.4523308742791414,0.5324137931034483,0.506794380587484,0.4911472063850185
冰晶款/7068.mp4,冰晶款,bad,0.604461669921875,0.588165283203125,0.57568359375,0.5951451063156128,0.584368035197258,0.5711757093667984,0.5374035835266113,0.5295747369527817,0.516481127589941,0.5359138250350952,0.52376689016819,0.5133103746920824,0.5683819628647215,0.5447298878033511,0.529695895389428
基础款/7074.mp4,基础款,bad,0.50537109375,0.49929046630859375,0.4932806231081486,0.5127650499343872,0.5010506957769394,0.49704742804169655,0.4599958062171936,0.45490071922540665,0.4533934649080038,0.4729219377040863,0.4691108390688896,0.4639993589371443,0.4695940207236283,0.44281656380348416,0.43347315019282917
基础款/7076.mp4,基础款,bad,0.513427734375,0.48344726115465164,0.4771682769060135,0.5119803547859192,0.5011378526687622,0.4972174484282732,0.44324791431427,0.4261481240391731,0.42263842187821865,0.4755895137786865,0.4649451822042465,0.46044360660016537,0.40759557525312573,0.37820404550859366,0.36890803471696754
星月款/7077.mp4,星月款,bad,0.5067138671875,0.4941955655813217,0.46628723479807377,0.5014473795890808,0.4937656968832016,0.48018863797187805,0.43283316493034363,0.4249044507741928,0.40805437974631786,0.4461669921875,0.4329349175095558,0.42749584279954433,0.5665024630541873,0.5551176792556103,0.5433786237380305
基础款/7081.mp4,基础款,bad,0.53607177734375,0.522979736328125,0.5179288014769554,0.5623604655265808,0.5450962781906128,0.5381676815450191,0.4850599467754364,0.4821370542049408,0.47788169607520103,0.523064136505127,0.5114108622074127,0.5071343835443258,0.4970273483947681,0.471976042630026,0.45578764257717885
潜水款/7086.mp4,潜水款,bad,0.5325404405593872,0.5101242065429688,0.4773609507828951,0.5863211750984192,0.5710623562335968,0.5309099480509758,0.4911121129989624,0.4625244215130806,0.430725883692503,0.5279720425605774,0.5148324370384216,0.48673943616449833,0.4854111405835544,0.4517653993516062,0.43001808151332527
基础款/7087.mp4,基础款,bad,0.6525336503982544,0.6134236603975296,0.5692492611706257,0.6872035264968872,0.6799229085445404,0.6556407362222672,0.5303780436515808,0.45841702073812485,0.4440760314464569,0.5567914247512817,0.5499797165393829,0.5374618992209435,0.383554376657825,0.3486653193549745,0.33606644110750084
基础款/7097.mp4,基础款,bad,0.528717041015625,0.5233078002929688,0.5200604014098644,0.5540074110031128,0.5478820651769638,0.5448314063251019,0.4997996687889099,0.4926867410540581,0.4883931465446949,0.5180915594100952,0.5147364139556885,0.5104599017649889,0.5389527458492975,0.49373710580607133,0.4896198756543584
基础款/7099.mp4,基础款,bad,0.6032017469406128,0.5903701782226562,0.5824139639735222,0.6016148328781128,0.5910165011882782,0.583115715533495,0.5738186240196228,0.5621322691440582,0.5545516386628151,0.5627010464668274,0.5547934025526047,0.5484729073941708,0.9294789051381345,0.9017571880452204,0.8866308316919763
星月款/7106.mp4,星月款,bad,0.59393310546875,0.5845565795898438,0.5731596276164055,0.5814906358718872,0.5794285386800766,0.5652487650513649,0.5419921875,0.5376900732517242,0.5234309919178486,0.5395722985267639,0.5354928374290466,0.5265410859137774,0.6762257816325103,0.6605823399514383,0.6318272375008928
基础款/7112.mp4,基础款,bad,0.528900146484375,0.4518759623169899,0.4119292665272951,0.6150948405265808,0.6092572808265686,0.5688825286924839,0.467802494764328,0.3439871743321419,0.34115479327738285,0.5467421412467957,0.5417202413082123,0.5058815870434046,0.6656361474435197,0.5561019490254873,0.48268958486579205
花花款/7113.mp4,花花款,bad,0.4931989312171936,0.4574534073472023,0.44209204614162445,0.4871826171875,0.4739685133099556,0.4644535593688488,0.4274669885635376,0.4175531342625618,0.4029956180602312,0.4426520764827728,0.4306730255484581,0.4281773269176483,0.6278240190249703,0.5713930597805401,0.5053913942082573
甜品款/7134.mp4,甜品款,bad,0.62457275390625,0.57525634765625,0.4747565742582083,0.6170479655265808,0.581028550863266,0.550587248057127,0.600405752658844,0.4990379735827446,0.4138076864182949,0.591423511505127,0.5520396679639816,0.48575143329799175,0.5374554102259216,0.4883151925363578,0.46598779216255226
基础款/7141.mp4,基础款,bad,0.45893555879592896,0.4542778953909874,0.4494862910360098,0.4560198187828064,0.4495500773191452,0.44625636376440525,0.4296875,0.42545030266046524,0.4225963708013296,0.4224422574043274,0.4189453199505806,0.4149264134466648,0.6704102809706258,0.6420425987722984,0.6284944556229641
基础款/7146.mp4,基础款,bad,0.605517566204071,0.460466668009758,0.45528771728277206,0.6031494140625,0.5175040066242218,0.5118593461811543,0.5814582705497742,0.4195963442325592,0.41016425006091595,0.57550048828125,0.4725620150566101,0.4742947742342949,0.7300963488843812,0.49304395421336955,0.49464827762938485
冰晶款/7148.mp4,冰晶款,bad,0.4628363847732544,0.4545084685087204,0.446533203125,0.4712960422039032,0.4651968777179718,0.46201106533408165,0.3976128399372101,0.3925618529319763,0.3890753835439682,0.4189094007015228,0.41544926166534424,0.41201490722596645,0.4898162709523992,0.477964021326378,0.4656787483467511
星月款/7150.mp4,星月款,bad,0.5270724892616272,0.5171034187078476,0.5072059258818626,0.5208740234375,0.5156031996011734,0.5046702772378922,0.4988172650337219,0.4902992993593216,0.484027998521924,0.48767808079719543,0.48498715460300446,0.4774362910538912,0.6054017326312213,0.5593488969800814,0.5078579501990668
花花款/7163.mp4,花花款,bad,0.4595811665058136,0.4531928077340126,0.44823032058775425,0.4642508327960968,0.4570574164390564,0.4539805818349123,0.4231622815132141,0.41272250562906265,0.41078498400747776,0.4271671175956726,0.42183371633291245,0.4202726073563099,0.5371314342828586,0.5288855572213893,0.510363822790799
基础款/7176.mp4,基础款,bad,0.5526123046875,0.5267545878887177,0.5208572447299957,0.5644356608390808,0.5432608425617218,0.5307769738137722,0.4828788638114929,0.4531351700425148,0.44546473398804665,0.5068610906600952,0.49094973504543304,0.4776149056851864,0.6068103448275862,0.49719029374201784,0.4661175823298668
星月款/7177.mp4,星月款,bad,0.49945068359375,0.461822509765625,0.4514528904110193,0.5250418782234192,0.5023498386144638,0.4931204691529274,0.4463006854057312,0.4215000793337822,0.41217692010104656,0.47871309518814087,0.46193022280931473,0.4521791785955429,0.5594292508917955,0.5027623285131628,0.4912594896493976
潜水款/7183.mp4,潜水款,bad,0.511474609375,0.4846954345703125,0.4619117733091116,0.5171073079109192,0.5080871433019638,0.48142133839428425,0.4709356427192688,0.439866803586483,0.4275203123688698,0.4905216097831726,0.48029012978076935,0.4553965423256159,0.7492393509127788,0.7183699059561128,0.46352269985573735
基础款/7189.mp4,基础款,bad,0.5010986328125,0.49677276611328125,0.48868751525878906,0.4998604953289032,0.4878976047039032,0.4862191304564476,0.4489397406578064,0.4472903311252594,0.44029634073376656,0.4560546875,0.4462836906313896,0.4438122045248747,0.4221640903686088,0.4104467470698148,0.3779376264617049
花花款/7190.mp4,花花款,bad,0.54296875,0.5413940250873566,0.5359773449599743,0.5500662922859192,0.5463169515132904,0.544706080108881,0.50099778175354,0.49821344017982483,0.49497966654598713,0.5179012417793274,0.5150137394666672,0.5128916576504707,0.40560931235157077,0.4011020475425369,0.39286931716243856
基础款/7207.mp4,基础款,bad,0.5218505859375,0.5079247653484344,0.49987711384892464,0.5795201063156128,0.5673653930425644,0.5624280720949173,0.4646510183811188,0.46053528785705566,0.45158703438937664,0.5323988795280457,0.5277279317378998,0.5217226855456829,0.6157635467980296,0.5626564495530012,0.5282542314007831
花花款/7213.mp4,花花款,bad,0.47357177734375,0.4664415642619133,0.4532781317830086,0.525390625,0.5089067667722702,0.5038321297615767,0.43706750869750977,0.4326423481106758,0.41820996068418026,0.4869600236415863,0.46894656121730804,0.46608240343630314,0.6993431855500821,0.5955772113943029,0.551441781674844
基础款/7226.mp4,基础款,bad,0.5211181640625,0.508880615234375,0.49969482421875,0.5259486436843872,0.521305650472641,0.512394493445754,0.48821237683296204,0.47529327869415283,0.4622827600687742,0.5076329708099365,0.4956638142466545,0.48644166626036167,0.5313920817369093,0.490650428753877,0.4385340651972158
潜水款/7233.mp4,潜水款,bad,0.689788818359375,0.6682477742433548,0.6419964116066694,0.6831926703453064,0.6682259440422058,0.6508494839072227,0.6700846552848816,0.5681343078613281,0.5540630146861076,0.644402027130127,0.560948982834816,0.5525970384478569,0.5736179529282978,0.4845360058066205,0.43931327610688364
森林款/7251.mp4,森林款,bad,0.4814104437828064,0.4685756042599678,0.4400113392621279,0.5050048828125,0.4888567253947258,0.46550968661904335,0.4216160774230957,0.4037289097905159,0.38894327357411385,0.4522453844547272,0.442230224609375,0.4239302258938551,0.5485850178359096,0.5169084423305589,0.4651655976988138
基础款/7252.mp4,基础款,bad,0.463134765625,0.4532012939453125,0.44136280566453934,0.5054408311843872,0.4735892191529274,0.4730104673653841,0.40654295682907104,0.39646589010953903,0.38500540144741535,0.4471435546875,0.44120069593191147,0.4328386653214693,0.4507230255839822,0.36916652511182835,0.35360547022690786
基础款/7258.mp4,基础款,bad,0.5057237148284912,0.47798919677734375,0.4414356164634228,0.5502581000328064,0.5038408637046814,0.48149435967206955,0.42455485463142395,0.40015392005443573,0.38241105154156685,0.4597562849521637,0.4563105031847954,0.4313980508595705,0.44389579504918386,0.3829114055451749,0.3683876148272941
基础款/7261.mp4,基础款,bad,0.45355224609375,0.4409942626953125,0.4282569885253906,0.4724469780921936,0.4561070054769516,0.4469789769500494,0.39963942766189575,0.3900727704167366,0.3816712200641632,0.42031681537628174,0.41031691431999207,0.4043330028653145,0.4663760073985995,0.44135024441802084,0.40780464174043246
基础款/7271.mp4,基础款,bad,0.496734619140625,0.4626312255859375,0.4505265560001135,0.4900600016117096,0.4718497171998024,0.464161466807127,0.45702481269836426,0.4227849021553993,0.4050029031932354,0.4467988908290863,0.4263027384877205,0.41761735267937183,0.553578049684835,0.4928231696959402,0.47092048746025705
基础款/7282.mp4,基础款,bad,0.47894287109375,0.4696742370724678,0.4537042863667011,0.5432652235031128,0.5161699801683426,0.49109976924955845,0.43200039863586426,0.3993769884109497,0.39548996463418007,0.4962193965911865,0.4580894932150841,0.44752322882413864,0.6203703703703703,0.5668454661558109,0.5554949867204624
基础款/7289.mp4,基础款,bad,0.55499267578125,0.5414624959230423,0.5324141196906567,0.5679582953453064,0.5560826063156128,0.5498755350708961,0.5122146606445312,0.5005423352122307,0.49850113689899445,0.532721996307373,0.519359827041626,0.5149545073509216,0.7557471264367817,0.7424169859514688,0.7243934593503559
花花款/7290.mp4,花花款,bad,0.590087890625,0.5835745483636856,0.5783764012157917,0.5919886827468872,0.5873151570558548,0.5825315229594707,0.5543989539146423,0.5489135235548019,0.546419020742178,0.5654584169387817,0.5595451593399048,0.5579086691141129,0.5604597701149425,0.47934366150258206,0.4659616204565605
基础款/7294.mp4,基础款,bad,0.578155517578125,0.5183563232421875,0.5047454833984375,0.5981968641281128,0.5700596570968628,0.5383322592824697,0.515794038772583,0.4762401059269905,0.46264479868113995,0.5535529851913452,0.5232130885124207,0.49963266775012016,0.5604816639299398,0.4826217843459223,0.4532017357870317
森林款/7300.mp4,森林款,bad,0.5375162959098816,0.525303453207016,0.5075473971664906,0.5849609375,0.5470580905675888,0.5339017566293478,0.5086344480514526,0.47432199865579605,0.4631475396454334,0.5207052826881409,0.5074696242809296,0.48857295885682106,0.9162561576354681,0.8218390804597702,0.5996367409729478
基础款/7320.mp4,基础款,bad,0.45318603515625,0.4499664306640625,0.430023193359375,0.5136544108390808,0.4964817613363266,0.49173954501748085,0.3840770125389099,0.3752879574894905,0.3629833962768316,0.4687069058418274,0.4584296718239784,0.4552179239690304,0.3503991846441311,0.3430439952437574,0.31154030272103556
潜水款/7335.mp4,潜水款,bad,0.48138427734375,0.468597412109375,0.4633522033691406,0.5016915202140808,0.486097052693367,0.48181696981191635,0.4408133327960968,0.4321390762925148,0.4238359946757555,0.46514892578125,0.45382511615753174,0.451772578060627,0.670942480692778,0.6528414037285545,0.5713828243395443
基础款/7348.mp4,基础款,bad,0.43743896484375,0.42449951171875,0.4183665681630373,0.4801548421382904,0.4601069837808609,0.4549522399902344,0.41688939929008484,0.3946032449603081,0.3878479730337858,0.4306281507015228,0.41666142642498016,0.41621858440339565,0.6068586585827965,0.5234104178069694,0.48822111875991187
潜水款/7352.mp4,潜水款,bad,0.4480794370174408,0.4298502504825592,0.4220062233507633,0.45263671875,0.4360961839556694,0.43030875362455845,0.41667625308036804,0.40306180715560913,0.38445086032152176,0.41437843441963196,0.39765121787786484,0.3948525842279196,1.0351213282247766,0.9929757343550447,0.7389481293927086
基础款/7372.mp4,基础款,bad,0.5043674111366272,0.4980163648724556,0.4943866301327944,0.4920654296875,0.4860621765255928,0.48310961201786995,0.4536249041557312,0.44611692428588867,0.4406756665557623,0.4396146833896637,0.432159423828125,0.42899389937520027,0.4756725579862399,0.45758661887694146,0.4456889303513003
基础款/7381.mp4,基础款,bad,0.5342773199081421,0.468170166015625,0.4675969798117876,0.5222865343093872,0.4702976644039154,0.46587698720395565,0.4772135317325592,0.4416764974594116,0.43771278858184814,0.46554744243621826,0.44011642783880234,0.43247491866350174,0.7066678862160432,0.5824730059212817,0.5650846230400454
花花款/7405.mp4,花花款,bad,0.580291748046875,0.5250108242034912,0.515394750982523,0.5790840983390808,0.5671125203371048,0.564708162099123,0.5359512567520142,0.4442402273416519,0.4431101307272911,0.5467529296875,0.5358357131481171,0.5339972600340843,0.5669271275692203,0.435909631391201,0.4168611928076108
潜水款/7414.mp4,潜水款,bad,0.578887939453125,0.5492019653320312,0.5386619567871094,0.5779505968093872,0.5541033148765564,0.5469600073993206,0.5411823391914368,0.5067095160484314,0.49677029624581337,0.5425199866294861,0.5185592025518417,0.5154147557914257,0.5568326947637292,0.48051525961157354,0.47088600246422196
基础款/7415.mp4,基础款,bad,0.5248209834098816,0.5066630095243454,0.4903132077306509,0.5814383625984192,0.5553850382566452,0.5482984259724617,0.4508870542049408,0.4379112273454666,0.42481911927461624,0.5319859981536865,0.5237606465816498,0.5119312461465597,0.7792446633825945,0.7454844006568144,0.7272139259208225
星月款/7416.mp4,星月款,bad,0.471038818359375,0.4660390242934227,0.46054776571691036,0.5328369140625,0.495378777384758,0.4909711591899395,0.43755632638931274,0.43008682131767273,0.4259598646312952,0.4823572635650635,0.45947265625,0.4562676399946213,0.4393358876117497,0.42733569112879466,0.4050228399913541
基础款/7423.mp4,基础款,bad,0.5931396484375,0.5465133637189865,0.4915884230285883,0.6110491156578064,0.555585578083992,0.5129808690398932,0.5666794776916504,0.5194095224142075,0.45732488110661507,0.589104175567627,0.5210615992546082,0.4813452288508415,0.8879513184584178,0.7067150635208712,0.5641164950637192
森林款/7444.mp4,森林款,bad,0.523956298828125,0.5095672607421875,0.5017910003662109,0.5225655436515808,0.5111781358718872,0.5033275056630373,0.4807303249835968,0.4701039493083954,0.4522293582558632,0.4825798571109772,0.47346048057079315,0.4681991096585989,0.46743295019157094,0.4363026819923372,0.4248864219026228
潜水款/7460.mp4,潜水款,bad,0.510040283203125,0.48763275146484375,0.4764055535197258,0.5082310438156128,0.4849330484867096,0.47821154445409775,0.4934779703617096,0.44774920493364334,0.4400770366191864,0.48300349712371826,0.44764529168605804,0.44321733340620995,0.7864343690223854,0.577080268643108,0.5283646991377178
星月款/7462.mp4,星月款,bad,0.5673130750656128,0.5613852590322495,0.5558424144983292,0.5623255968093872,0.559321790933609,0.5527300089597702,0.5306069254875183,0.5251533538103104,0.51739052683115,0.5129896998405457,0.5078017115592957,0.5018750373274088,0.42335104849009186,0.36582767570608465,0.35546974646732277
花花款/7468.mp4,花花款,bad,0.5403916835784912,0.5227312296628952,0.49462478794157505,0.5658482313156128,0.5402963012456894,0.5273677315562963,0.49435701966285706,0.4790726378560066,0.45241255313158035,0.5220767855644226,0.503331795334816,0.4886497054249048,0.8351977857225232,0.6318914736180298,0.5485984771420592
基础款/7469.mp4,基础款,bad,0.5519670844078064,0.540924072265625,0.5303434655070305,0.5653948187828064,0.5590471625328064,0.550788875669241,0.5109349489212036,0.4880653917789459,0.4756191372871399,0.5288121700286865,0.5157802850008011,0.5079383868724108,0.6790147783251231,0.5971371731716559,0.5564966783612741
冰晶款/7471.mp4,冰晶款,bad,0.4822126030921936,0.4482945129275322,0.4412292614579201,0.5075858235359192,0.4852120578289032,0.4686126708984375,0.381777822971344,0.3726309761404991,0.363733422011137,0.4150785505771637,0.4057617112994194,0.4023895263671875,0.4565006385696041,0.43876436781609196,0.41771565909868524
花花款/7473.mp4,花花款,bad,0.56292724609375,0.5497665405273438,0.5400870181620121,0.58642578125,0.5685729831457138,0.5618057288229465,0.5095152258872986,0.5007218047976494,0.47471331991255283,0.549065113067627,0.5301630347967148,0.5233324803411961,0.5721583652618135,0.42525875337211055,0.4125549414643619
花花款/7494.mp4,花花款,bad,0.5763811469078064,0.5720476508140564,0.5578120090067387,0.5829729437828064,0.5750514268875122,0.5614558607339859,0.5275065302848816,0.5224185436964035,0.5079414620995522,0.5245863795280457,0.5184793025255203,0.5085092410445213,0.4096040868454661,0.381941251596424,0.3666590529521564
基础款/7495.mp4,基础款,bad,0.5356716513633728,0.46797943115234375,0.4542270228266716,0.5315638780593872,0.4896894097328186,0.479339599609375,0.44032883644104004,0.40260452777147293,0.39608823135495186,0.46312040090560913,0.4460485056042671,0.43939253501594067,0.5535707794426632,0.42621878715814504,0.4001565098977274
基础款/7499.mp4,基础款,bad,0.5403916835784912,0.5177612155675888,0.49521591141819954,0.5347203016281128,0.510877326130867,0.49768828973174095,0.5079876184463501,0.48271579295396805,0.46355072036385536,0.49724623560905457,0.48079366981983185,0.46881103515625,0.7308306437914047,0.7182011211143197,0.6119211906347751
冰晶款/7500.mp4,冰晶款,bad,0.622406005859375,0.602294921875,0.5821304321289062,0.6328125,0.6245465725660324,0.6119035966694355,0.45013427734375,0.43396082520484924,0.4181926641613245,0.5098302364349365,0.4961951673030853,0.4885220266878605,0.36994054696789536,0.3281011823837185,0.3139488521096021
星月款/7502.mp4,星月款,bad,0.5169852375984192,0.4341692328453064,0.42861284874379635,0.5367431640625,0.5033700168132782,0.4833646509796381,0.40575432777404785,0.38939689099788666,0.38599950820207596,0.48382568359375,0.4401370659470558,0.4378040563315153,0.5610463733650416,0.5184469834048493,0.5007111591987258
基础款/7518.mp4,基础款,bad,0.4437255859375,0.4297943115234375,0.41826629638671875,0.5340052843093872,0.4887738898396492,0.48412867821753025,0.374166339635849,0.3653862252831459,0.34932960383594036,0.44882380962371826,0.4402950555086136,0.43486022762954235,0.37763546798029557,0.34219211822660095,0.3185995543894719
基础款/7566.mp4,基础款,bad,0.490509033203125,0.4559783935546875,0.44867706298828125,0.5046735405921936,0.499407097697258,0.487213134765625,0.4101860225200653,0.3906547799706459,0.3854277227073908,0.42932847142219543,0.42092715203762054,0.41255996003746986,0.45474137931034486,0.4351053639846743,0.4187589798850575
花花款/7569.mp4,花花款,bad,0.4552176296710968,0.4446629211306572,0.43081011064350605,0.4818463921546936,0.473358154296875,0.4692535437643528,0.4064812958240509,0.3998420536518097,0.3957937303930521,0.44085693359375,0.42893174290657043,0.4273946452885866,0.5251989389920424,0.4932108121763294,0.4708159640786108
基础款/7580.mp4,基础款,bad,0.4481201171875,0.4392242431640625,0.4352442417293787,0.4700579047203064,0.4636404886841774,0.46070643700659275,0.4062383770942688,0.39845629036426544,0.3942883610725403,0.4330049455165863,0.4282388240098953,0.4232599623501301,0.5060025542784163,0.46574530195219854,0.4566905501135584
基础款/7586.mp4,基础款,bad,0.3883056640625,0.37725830078125,0.37354278564453125,0.5614537000656128,0.5587420016527176,0.552113126963377,0.33706429600715637,0.33356456458568573,0.33120862767100334,0.5239401459693909,0.5207196325063705,0.5174861252307892,0.5398193760262726,0.5119731800766283,0.5017675834701696
星月款/7588.mp4,星月款,bad,0.612152099609375,0.5878448486328125,0.5747315548360348,0.6267438530921936,0.6137564331293106,0.5934448204934597,0.5663074254989624,0.5480729043483734,0.5329662021249533,0.5999324917793274,0.5858181416988373,0.5669652223587036,0.561941251596424,0.5208901231202581,0.4997967146016025
基础款/7591.mp4,基础款,bad,0.4903738796710968,0.4793199822306633,0.46157537028193474,0.4776785671710968,0.4663129448890686,0.45471518486738205,0.4211086630821228,0.4084896519780159,0.4007824007421732,0.4136388301849365,0.406336173415184,0.4009814541786909,0.45721583652618136,0.428301404853129,0.3815964240102171
基础款/7592.mp4,基础款,bad,0.4337022602558136,0.4173312783241272,0.4148719869554043,0.4351632297039032,0.4290248230099678,0.42502811923623085,0.37668776512145996,0.3712998479604721,0.36853049136698246,0.39557960629463196,0.39154233038425446,0.3872413635253906,0.3734422533471285,0.36368269067436726,0.3509760079617392
基础款/7595.mp4,基础款,bad,0.4833007752895355,0.4686950668692589,0.4638168327510357,0.4749232828617096,0.4638366773724556,0.4602573923766613,0.42727425694465637,0.4206914082169533,0.41471513733267784,0.4257848262786865,0.4168521612882614,0.4129773285239935,0.4388640973630831,0.3963546798029557,0.37813365959410583
潜水款/7605.mp4,潜水款,bad,0.4770779013633728,0.46079254150390625,0.4557846914976835,0.5032261610031128,0.4931945726275444,0.48738316260278225,0.4197942614555359,0.41073591262102127,0.40648373775184155,0.45140165090560913,0.44796034693717957,0.444966034963727,0.5795073891625615,0.5465004014350031,0.5293758078909684
基础款/5629.mp4,基础款,bad,0.48272705078125,0.4151153564453125,0.4002443943172693,0.523193359375,0.4637669175863266,0.4428144171833992,0.40122947096824646,0.3520914763212204,0.3395430315285921,0.45616239309310913,0.39822836220264435,0.39157283678650856,0.5376026272577997,0.4851296642319234,0.47354080861867914
甜品款/5643.mp4,甜品款,bad,0.484832763671875,0.4596099853515625,0.4570178985595703,0.4968436062335968,0.4770115464925766,0.4747848529368639,0.4408881962299347,0.42149390280246735,0.4149226248264313,0.4578893184661865,0.4485724940896034,0.44755576364696026,0.4521072796934866,0.4152843708016122,0.4096048594577132
基础款/5675.mp4,基础款,bad,0.65789794921875,0.63592529296875,0.6063727624714375,0.6468331217765808,0.6279296725988388,0.6215493343770504,0.6426937580108643,0.621048778295517,0.5697984397411346,0.6200920343399048,0.6042929291725159,0.5892742313444614,0.43448275862068964,0.40236864763098407,0.36021972194410556
基础款/5726.mp4,基础款,bad,0.48504638671875,0.4698333740234375,0.4625835418701172,0.500244140625,0.4853210374712944,0.4768208097666502,0.41798126697540283,0.4118698313832283,0.40332221053540707,0.43567970395088196,0.43417178839445114,0.42493730410933495,0.41349837901562037,0.39790254445426865,0.37971008601210743
基础款/5764.mp4,基础款,bad,0.4998779296875,0.46407318115234375,0.43547630310058594,0.5290876030921936,0.5101797729730606,0.5040065161883831,0.42819884419441223,0.396096371114254,0.3867699932307005,0.4730188846588135,0.462335929274559,0.45273343473672867,0.39476813317479187,0.3816695921333258,0.35973331068455916
花花款/5784.mp4,花花款,bad,0.5726841688156128,0.564915269613266,0.5566046573221684,0.5809151530265808,0.570421501994133,0.5664476677775383,0.5361453294754028,0.5255143940448761,0.5226419791579247,0.5495426058769226,0.543589860200882,0.5400417521595955,0.5583652618135376,0.44776500638569605,0.4148160399795681
甜品款/5856.mp4,甜品款,bad,0.50482177734375,0.48613739013671875,0.45629092678427696,0.4927106499671936,0.481170654296875,0.4713875912129879,0.465878427028656,0.4493146613240242,0.41249846294522285,0.4560726284980774,0.4481102526187897,0.4364884328097105,0.583397190293742,0.5325387388407602,0.4673192889156028
甜品款/5883.mp4,甜品款,bad,0.49837979674339294,0.47915926575660706,0.4733954668045044,0.4985177218914032,0.4834333211183548,0.47823224775493145,0.45730704069137573,0.449693463742733,0.4458346087485552,0.4628511369228363,0.45304422825574875,0.449746523052454,0.5788018433179724,0.5585556372159541,0.5467313364444777
基础款/5896.mp4,基础款,bad,0.50732421875,0.4877471923828125,0.4832750055938959,0.5027378797531128,0.4920436441898346,0.48832484893500805,0.4664171040058136,0.4557286277413368,0.44041344337165356,0.4627685546875,0.4555870443582535,0.45176292955875397,0.5356718192627823,0.502951309491143,0.4618070000858348
甜品款/5913.mp4,甜品款,bad,0.43304443359375,0.4173431396484375,0.4083595275878906,0.4386509358882904,0.4336373507976532,0.43130057118833065,0.4008556604385376,0.38667871803045273,0.3789020385593176,0.4094884395599365,0.40447817742824554,0.4022867511957884,0.5671322045070655,0.5267849629561877,0.45453552585034884
基础款/5930.mp4,基础款,bad,0.528839111328125,0.5159378051757812,0.5002504084259272,0.5391322374343872,0.534968763589859,0.5287312045693398,0.46849334239959717,0.4601697325706482,0.4468097537755966,0.4988834261894226,0.49592142552137375,0.4923890084028244,0.5308829101932551,0.509406621475587,0.49335390264269574
森林款/5954.mp4,森林款,bad,0.493621826171875,0.4736066535115242,0.463163647800684,0.5215889811515808,0.510240837931633,0.5068065114319324,0.4614083468914032,0.40823994576931,0.40681605599820614,0.4869169294834137,0.4803224503993988,0.4753083623945713,0.5791291546345054,0.4900391074304118,0.4641846839253524
甜品款/5966.mp4,甜品款,bad,0.46624755859375,0.4515747055411339,0.4371217992156744,0.5361328125,0.4688284769654274,0.45382908545434475,0.4006890058517456,0.38288430124521255,0.3797846846282482,0.4632568359375,0.42041195183992386,0.398275937885046,0.606597999701448,0.5636179236584915,0.5005124338977596
森林款/5989.mp4,森林款,bad,0.5911865234375,0.5746612548828125,0.5698394775390625,0.6007603406906128,0.5925859659910202,0.5856813676655293,0.5444097518920898,0.5300993323326111,0.5239757560193539,0.5574089288711548,0.5538572520017624,0.5461737662553787,0.541543513957307,0.5021100518090709,0.4866965681602275
基础款/6009.mp4,基础款,bad,0.4770751893520355,0.46593018621206284,0.46228637732565403,0.49609375,0.4821254163980484,0.47638266161084175,0.4396350383758545,0.43402040749788284,0.4302351027727127,0.4550565779209137,0.44560960680246353,0.4407983683049679,0.3883962780514505,0.37654013329469715,0.3639241919338268
基础款/6039.mp4,基础款,bad,0.5118408203125,0.5031127780675888,0.4944686871021986,0.5302909016609192,0.4875008836388588,0.482715068385005,0.4778808653354645,0.4731161892414093,0.4668176919221878,0.4801420271396637,0.4578525200486183,0.45248928666114807,0.2947368421052632,0.2267658145206987,0.2178260149515621
基础款/6051.mp4,基础款,bad,0.4393988847732544,0.4323052167892456,0.4100036658346653,0.5088065266609192,0.4957362487912178,0.476929796859622,0.37583550810813904,0.3684054911136627,0.3572106286883354,0.44784367084503174,0.44148075580596924,0.42965585924685,0.478605858361142,0.44831294030404156,0.4280349813969545
基础款/6106.mp4,基础款,bad,0.4540317952632904,0.4259861558675766,0.41897146962583065,0.4887346625328064,0.484200619161129,0.46954563818871975,0.3935275673866272,0.3832515552639961,0.3747324217110872,0.44023582339286804,0.4352542534470558,0.42504254914820194,0.4441379310344827,0.34170914542728636,0.32325213995566315
冰晶款/6133.mp4,冰晶款,bad,0.490814208984375,0.4482116773724556,0.4335965048521757,0.4767892062664032,0.4539010301232338,0.4493364617228508,0.4149518609046936,0.39447490870952606,0.3781687170267105,0.42574894428253174,0.4120384603738785,0.4087717365473509,0.47299762817004193,0.424347117628925,0.40713372241082524
星月款/6164.mp4,星月款,bad,0.4969346821308136,0.4410247802734375,0.42654758132994175,0.5025809407234192,0.488150455057621,0.48307691514492035,0.4006847143173218,0.3888055756688118,0.36939739249646664,0.4319098889827728,0.42367105185985565,0.42201076075434685,0.546175188267935,0.4854679802955665,0.4748811725773676
基础款/6173.mp4,基础款,bad,0.4682074785232544,0.443332239985466,0.4320587180554867,0.4648960530757904,0.4461277648806572,0.43593052588403225,0.39574134349823,0.38309644162654877,0.3704267591238022,0.3930448591709137,0.38971395790576935,0.38181304931640625,0.44971264367816094,0.44430489496630987,0.43724968609499676
基础款/6194.mp4,基础款,bad,0.6639811396598816,0.6467691957950592,0.639692522585392,0.6602085828781128,0.6576625406742096,0.653923038393259,0.5584309697151184,0.5352836102247238,0.5243900194764137,0.6235387325286865,0.617695540189743,0.6159041859209538,0.5464655172413794,0.4994528642936596,0.49829571261839756
基础款/6228.mp4,基础款,bad,0.5140244960784912,0.4250662699341774,0.4027897622436285,0.5014473795890808,0.4725516065955162,0.45941162109375,0.4096624255180359,0.3965013325214386,0.36270622164011,0.4545539319515228,0.4271796867251396,0.41974281147122383,0.5707491082045184,0.5034349491920707,0.44557080974200003
基础款/6243.mp4,基础款,bad,0.5823974609375,0.5586445927619934,0.5207985732704401,0.5725446343421936,0.5487583726644516,0.5458908043801785,0.559155285358429,0.5330810546875,0.48907304741442204,0.5448895692825317,0.517145499587059,0.5085893496870995,0.5584651283380866,0.552415521562527,0.45610119978900876
基础款/6252.mp4,基础款,bad,0.4794379472732544,0.4580078125,0.4465066809207201,0.4925014078617096,0.4730442613363266,0.46403939463198185,0.43017578125,0.4219999834895134,0.4018468428403139,0.4567511975765228,0.4291265085339546,0.42196744680404663,0.5755053507728893,0.5462924910587065,0.45740477139248764
基础款/6287.mp4,基础款,bad,0.5167914628982544,0.4625922217965126,0.439777921885252,0.5508161187171936,0.4818028137087822,0.4691216628998518,0.4874361455440521,0.3764241486787796,0.3603375069797039,0.5266472101211548,0.392230749130249,0.3968618046492338,0.5801277139208173,0.3702653374020252,0.35835480644862217
基础款/6297.mp4,基础款,bad,0.5507115125656128,0.5320696234703064,0.5231255143880844,0.5595179796218872,0.5479038655757904,0.5342777743935585,0.5129055380821228,0.4998485967516899,0.4913885612040758,0.5223101377487183,0.5147427022457123,0.5072465818375349,0.4413793103448276,0.40183115338882286,0.3765455030368694
基础款/6305.mp4,基础款,bad,0.4433051347732544,0.4303656667470932,0.4226677790284157,0.4726039469242096,0.4630214050412178,0.4505255576223135,0.4023968279361725,0.39331597089767456,0.3791643716394901,0.44056251645088196,0.4335147589445114,0.4140016846358776,0.49520300333704115,0.46834829103043785,0.39719058892622794
星月款/6313.mp4,星月款,bad,0.43463134765625,0.4241943359375,0.4195589330047369,0.4671107828617096,0.4559587761759758,0.45224980264902115,0.4041041433811188,0.39357075840234756,0.391948563978076,0.42443129420280457,0.41216862201690674,0.4111747741699219,0.5084606237995061,0.48711633615895056,0.4653993599484998
基础款/6335.mp4,基础款,bad,0.6136474609375,0.5448085218667984,0.5103874821215868,0.6058872938156128,0.556793212890625,0.5525294691324234,0.5777154564857483,0.511148601770401,0.46448306925594807,0.5760641694068909,0.5236277878284454,0.513606358319521,0.8996262536635207,0.700617508684952,0.6243042641540255
基础款/6353.mp4,基础款,bad,0.5198974609375,0.4907379150390625,0.48633166775107384,0.5235770344734192,0.4930463507771492,0.4902714341878891,0.4690692722797394,0.4206453710794449,0.4135720767080784,0.46985939145088196,0.4459722191095352,0.4423682242631912,0.38067556260184077,0.3415891260718847,0.3236926495885145
基础款/6376.mp4,基础款,bad,0.5236274003982544,0.5127656757831573,0.5020492151379585,0.5397425889968872,0.5372358113527298,0.533344816416502,0.4666646420955658,0.4495850130915642,0.4330234695225954,0.508430004119873,0.5056017637252808,0.5015086010098457,0.36449281990304583,0.35374554102259215,0.34202901573723077
基础款/6398.mp4,基础款,bad,0.5,0.4681025892496109,0.44677543453872204,0.5469796061515808,0.4985177144408226,0.48693302273750305,0.42922425270080566,0.410020612180233,0.3933962322771549,0.5069580078125,0.45619649440050125,0.4465495813637972,0.5652318668252081,0.4117104542966612,0.39330922838300997
冰晶款/6409.mp4,冰晶款,bad,0.5517171025276184,0.4105767235159874,0.39787292666733265,0.5358014702796936,0.4178815484046936,0.41376386024057865,0.5142252445220947,0.34523653984069824,0.33858000487089157,0.4826875627040863,0.36195822805166245,0.3624292239546776,0.6501149425287356,0.5360229314623085,0.5306022703104147
基础款/6430.mp4,基础款,bad,0.5772530436515808,0.5682460367679596,0.5662078820168972,0.5876813530921936,0.5645185261964798,0.563625879585743,0.561767578125,0.5528762489557266,0.5509825013577938,0.5557825565338135,0.544652596116066,0.5429750382900238,0.5706521739130435,0.5483742503748126,0.535367082083958
基础款/6440.mp4,基础款,bad,0.5593668818473816,0.424041748046875,0.4366491436958313,0.5486711859703064,0.4840393140912056,0.4772567767649889,0.5295882821083069,0.3749317526817322,0.39330891892313957,0.5132661461830139,0.43424537777900696,0.4390792828053236,0.6087990487514863,0.474792979854159,0.4490167575908498
基础款/6468.mp4,基础款,bad,0.470611572265625,0.4337836354970932,0.42024654895067215,0.5247977375984192,0.4588100016117096,0.4586486853659153,0.4161120057106018,0.36545512825250626,0.3614382687956095,0.4676549434661865,0.4050328955054283,0.4087333660572767,0.6188651705893085,0.4108210180623974,0.3846986674971217
基础款/6480.mp4,基础款,bad,0.6247287392616272,0.4976719543337822,0.4816423710435629,0.6184954047203064,0.6009564995765686,0.5789495259523392,0.5985850691795349,0.4206191897392273,0.4102156423032284,0.5918399691581726,0.5452315360307693,0.5329391285777092,0.9620946350646017,0.4782320050639016,0.4768580518635305
基础款/6504.mp4,基础款,bad,0.5821533203125,0.5754013061523438,0.5149555206298828,0.5763462781906128,0.5682024210691452,0.5371409859508276,0.558880627155304,0.5542184859514236,0.4777624327689409,0.5479377508163452,0.5439982861280441,0.4964613076299429,0.5301890989988878,0.3841202475685234,0.3883151373677305
基础款/6518.mp4,基础款,bad,0.448028564453125,0.4310389906167984,0.41283498518168926,0.4681919515132904,0.4513767659664154,0.4430749025195837,0.3761075735092163,0.35135211795568466,0.3456248175352812,0.4297736585140228,0.40719783306121826,0.4028327018022537,0.45730391509226226,0.40593415576694414,0.379775356879281
基础款/6541.mp4,基础款,bad,0.6285289525985718,0.6256484985351562,0.624052170664072,0.6372767686843872,0.6313738226890564,0.62776293233037,0.610520601272583,0.6089587062597275,0.6058059073984623,0.6182681918144226,0.6125308573246002,0.6076072230935097,0.7244085019390916,0.6428996730720868,0.6083547031721248
基础款/6553.mp4,基础款,bad,0.5154918432235718,0.5110584646463394,0.5069316532462835,0.5449916124343872,0.5330461859703064,0.5274832658469677,0.48230433464050293,0.47476988285779953,0.4732889272272587,0.48779296875,0.48304031044244766,0.479798037558794,0.464257360809085,0.4368126747437093,0.42079752165959067
基础款/6565.mp4,基础款,bad,0.48065185546875,0.4633941650390625,0.45559111051261425,0.5042201280593872,0.500776007771492,0.49175044149160385,0.4356166422367096,0.4224287122488022,0.408966314047575,0.46040254831314087,0.4533395320177078,0.4501529075205326,0.515469863634491,0.48912049911424216,0.41125697702996233
基础款/6582.mp4,基础款,bad,0.5631510615348816,0.5585530698299408,0.5495732612907887,0.6036551594734192,0.5923462063074112,0.5873609334230423,0.5280817151069641,0.522323951125145,0.5114685818552971,0.5581808686256409,0.5559010058641434,0.5517364889383316,0.5031104519424875,0.485799035965888,0.4704415872213066
基础款/6595.mp4,基础款,bad,0.4518345296382904,0.4452601745724678,0.4323875792324543,0.4459054172039032,0.4371991828083992,0.4304090216755867,0.41526442766189575,0.3945813253521919,0.3850278928875923,0.4067957401275635,0.3959467336535454,0.39299325458705425,0.5308917954815695,0.48537983881622415,0.46564418461267454
基础款/6605.mp4,基础款,bad,0.4805772602558136,0.47623273730278015,0.4692687951028347,0.4983084499835968,0.4903390109539032,0.4889798853546381,0.44240450859069824,0.43881700187921524,0.43534682504832745,0.47039076685905457,0.46502237766981125,0.463499853387475,0.4914431673052363,0.42874978766774247,0.4229985477886402
星月款/6612.mp4,星月款,bad,0.4785970151424408,0.46505652368068695,0.4592009652405977,0.5039585828781128,0.4996076375246048,0.4962670486420393,0.41017845273017883,0.40395332872867584,0.3963639438152313,0.45946189761161804,0.457043819129467,0.4541511572897434,0.39172413793103444,0.36916256157635463,0.359795179827879
基础款/6622.mp4,基础款,bad,0.4586181640625,0.4294281005859375,0.42140536941587925,0.4802769124507904,0.4540012776851654,0.4472143966704607,0.4140160083770752,0.3839012384414673,0.3770120535045862,0.42658188939094543,0.4071044847369194,0.4038711991161108,0.47994503696918145,0.45977011494252873,0.43579337513357586
基础款/6655.mp4,基础款,bad,0.5721958875656128,0.5581370741128922,0.5523232072591782,0.5857456922531128,0.581787109375,0.5736639760434628,0.5128487944602966,0.5000356063246727,0.49542894773185253,0.5527451634407043,0.5494662821292877,0.5431599356234074,0.5131034482758621,0.4862068965517241,0.477227379404625
基础款/6670.mp4,基础款,bad,0.4022216796875,0.394317626953125,0.3908233642578125,0.509765625,0.4889613464474678,0.4771597720682621,0.3509114682674408,0.3393525630235672,0.3279170300811529,0.43528836965560913,0.4286920949816704,0.42438641749322414,0.36442330558858504,0.3443085517996338,0.3380662114892198
基础款/6686.mp4,基础款,bad,0.4697963297367096,0.4281485453248024,0.4219923485070467,0.4784284234046936,0.4572405219078064,0.4436296746134758,0.3789740800857544,0.3652375862002373,0.3527895975857973,0.40611717104911804,0.3960625231266022,0.38832720927894115,0.6250862068965518,0.4241025895098428,0.41529784014460713
森林款/6706.mp4,森林款,bad,0.55584716796875,0.5366414487361908,0.5289202779531479,0.5491071343421936,0.5308314710855484,0.5206298828125,0.5119977593421936,0.4968913644552231,0.48892027884721756,0.4881232678890228,0.48155391216278076,0.47396087646484375,0.4896551724137931,0.46832007073386384,0.4518585959720026
基础款/6726.mp4,基础款,bad,0.4740397036075592,0.4542575478553772,0.4474385567009449,0.492431640625,0.4819989949464798,0.4814627543091774,0.4002241790294647,0.38384316861629486,0.3779345415532589,0.43633314967155457,0.4343468248844147,0.43109893798828125,0.507183908045977,0.4696479885057471,0.4573635057471265
甜品款/6733.mp4,甜品款,bad,0.6248372197151184,0.5916747897863388,0.5696254279464483,0.6413225531578064,0.5888933539390564,0.57783617451787,0.6086588501930237,0.5700092315673828,0.5432844441384077,0.6112491488456726,0.5655760020017624,0.5510837286710739,0.9283410242930483,0.7391054720376466,0.6227210934700718
冰晶款/6749.mp4,冰晶款,bad,0.4573025107383728,0.4138861820101738,0.3901490084826946,0.4831368625164032,0.427254818379879,0.41927991434931755,0.3457139730453491,0.321632944047451,0.31473086401820183,0.3926176130771637,0.362482413649559,0.358440849930048,0.5557029177718833,0.5140485312899107,0.4971694352541126
星月款/6759.mp4,星月款,bad,0.444580078125,0.4301757737994194,0.4121500626206398,0.5134451985359192,0.5066441148519516,0.5004337877035141,0.4007812440395355,0.3817024230957031,0.3678560722619295,0.4627470076084137,0.4550781175494194,0.4508213698863983,0.47745358090185674,0.4617421364505717,0.45228434799373013
潜水款/6768.mp4,潜水款,bad,0.522064208984375,0.492828369140625,0.47220802307128906,0.5302909016609192,0.5209743082523346,0.5027280542999506,0.5034367442131042,0.4383675679564476,0.41221093386411667,0.4948371350765228,0.46411221474409103,0.45295109041035175,0.6206896551724138,0.5802615933412603,0.43925670945736345
基础款/6774.mp4,基础款,bad,0.4699435830116272,0.458326555788517,0.453208077698946,0.4863106906414032,0.47265625,0.46617126278579235,0.42315536737442017,0.4210774675011635,0.40982262417674065,0.44257667660713196,0.4379308447241783,0.43535299971699715,0.5960591133004927,0.5135666613697759,0.43318057825379774
基础款/6787.mp4,基础款,bad,0.499267578125,0.49444580078125,0.48861449025571346,0.5187464952468872,0.5079433023929596,0.5044969823211432,0.45071572065353394,0.44674523174762726,0.44353925809264183,0.48493868112564087,0.4809013828635216,0.47778141126036644,0.4978653530377668,0.456684350132626,0.4483559570947127
基础款/6806.mp4,基础款,bad,0.581787109375,0.5713577270507812,0.5102043151855469,0.5754569172859192,0.56732177734375,0.5246876310557127,0.5628138780593872,0.5589288920164108,0.48399562388658524,0.5573443174362183,0.5530296713113785,0.4960477463901043,0.8758145065398335,0.5984089236170094,0.47946816395389524
基础款/6814.mp4,基础款,bad,0.4532335102558136,0.4390326589345932,0.42882283218204975,0.4852992594242096,0.4733276292681694,0.470703125,0.40541771054267883,0.38721368461847305,0.3787747621536255,0.44343116879463196,0.4376130923628807,0.43444016203284264,0.34150702426564494,0.2950404664186261,0.29054778475303195
基础款/6833.mp4,基础款,bad,0.4640066921710968,0.4363948181271553,0.4275436382740736,0.5883265733718872,0.5737173706293106,0.5500553641468287,0.4157308042049408,0.3905138075351715,0.3797951303422451,0.5028901696205139,0.4842681959271431,0.4726836234331131,0.4644382789448188,0.44896863386756375,0.41721573550200186
森林款/6853.mp4,森林款,bad,0.562652587890625,0.4785330593585968,0.47541454806923866,0.5625872015953064,0.5113612562417984,0.4970365222543478,0.49711528420448303,0.43476706743240356,0.428307481110096,0.5175924897193909,0.47460757941007614,0.46100122667849064,0.5880521277822627,0.5038047399819099,0.4685414873033779
基础款/6868.mp4,基础款,bad,0.4701063334941864,0.4375678151845932,0.4355231374502182,0.4668666422367096,0.44671630859375,0.44429888017475605,0.4044053852558136,0.3893473446369171,0.3862310126423836,0.4184354841709137,0.4062248766422272,0.4048313833773136,0.457799671592775,0.4483784893267653,0.4193081598601621
基础款/6898.mp4,基础款,bad,0.4242466390132904,0.41461181640625,0.4011729992926121,0.5085623860359192,0.454947330057621,0.44954463467001915,0.39578893780708313,0.3662203177809715,0.35791677609086037,0.4338414669036865,0.40328530222177505,0.39963059686124325,0.6714655172413793,0.6303448275862069,0.5247307244699245
基础款/6906.mp4,基础款,bad,0.5174696445465088,0.48615773022174835,0.48025376349687576,0.5263148546218872,0.5181230902671814,0.506564550101757,0.4654651880264282,0.4302332475781441,0.4240644481033087,0.48387596011161804,0.474156990647316,0.4668303094804287,0.5665621734587252,0.4934856291812297,0.43000962128379805
基础款/6925.mp4,基础款,bad,0.582183837890625,0.5613555908203125,0.55760383233428,0.6070905327796936,0.5784214437007904,0.5738928578794003,0.5489501953125,0.5211876779794693,0.5151968449354172,0.5760964751243591,0.5551775991916656,0.5488243065774441,0.6467870283220672,0.5640934371523916,0.5568167647610083
基础款/6932.mp4,基础款,bad,0.6226981282234192,0.6043788492679596,0.5854644775390625,0.6580113172531128,0.6445094645023346,0.6370370015501976,0.5176120400428772,0.5117831975221634,0.49124768003821373,0.6252226233482361,0.6101927161216736,0.6055127307772636,0.4098929845422117,0.39315592203898053,0.3852194765423065
基础款/6948.mp4,基础款,bad,0.5774274468421936,0.5685490220785141,0.5588204488158226,0.5983712077140808,0.595537468791008,0.5885173343122005,0.5294510722160339,0.5208916813135147,0.5109116565436125,0.5559261441230774,0.5518376976251602,0.5481358729302883,0.5333333333333333,0.4715270935960591,0.43807271640872075
基础款/6967.mp4,基础款,bad,0.4117296040058136,0.38934326171875,0.37724388763308525,0.4218401312828064,0.4195207878947258,0.4155970960855484,0.35989445447921753,0.34540514647960663,0.3357348367571831,0.3809455335140228,0.37854722887277603,0.37680906616151333,0.5010403726708075,0.47799193834003756,0.44076119124760565
冰晶款/6999.mp4,冰晶款,bad,0.50933837890625,0.4928385466337204,0.4859275817871094,0.5246930718421936,0.5126953125,0.5029198788106441,0.44775390625,0.438255675137043,0.43143013678491116,0.46385282278060913,0.4539283290505409,0.4471419807523489,0.5865311858177495,0.5639324277255312,0.5455676922008411
基础款/7011.mp4,基础款,bad,0.51025390625,0.5011672973632812,0.4858894348144531,0.5361502766609192,0.5272652506828308,0.5170974712818861,0.45522835850715637,0.44976694881916046,0.43905580416321754,0.4864861071109772,0.4832117408514023,0.47438228875398636,0.40762760382260976,0.37892600199377846,0.3589004748279422
花花款/7019.mp4,花花款,bad,0.6122233271598816,0.47203478962183,0.4874336924403906,0.6021553874015808,0.4795968309044838,0.490255082026124,0.5846028923988342,0.4129667356610298,0.4390662685036659,0.5831478238105774,0.4220634996891022,0.4457173068076372,0.8446979517759917,0.5723324170731012,0.589309422201768
基础款/7037.mp4,基础款,bad,0.5613141655921936,0.4751150831580162,0.4744992908090353,0.5827811360359192,0.4976632297039032,0.4904240258038044,0.5397875308990479,0.4276936799287796,0.42820226587355137,0.558098316192627,0.456097774207592,0.45384193770587444,0.48725637181409287,0.4731095990466306,0.4512755740040804
基础款/7080.mp4,基础款,bad,0.5747418999671936,0.5495256632566452,0.4968374315649271,0.5784040093421936,0.5461992472410202,0.5329208336770535,0.5446845293045044,0.5174632966518402,0.4456912036985159,0.5515926480293274,0.514965295791626,0.5002706218510866,0.515328542625239,0.4378710644677661,0.4104780771382478
基础款/7104.mp4,基础款,bad,0.555450439453125,0.4655303955078125,0.4605920575559139,0.5521763563156128,0.4865460991859436,0.4821962621062994,0.49288418889045715,0.4274030327796936,0.42179519683122635,0.5000287294387817,0.4380349665880203,0.4406958185136318,0.5590414341900667,0.5292351437013589,0.49823173866406567
潜水款/7153.mp4,潜水款,bad,0.518280029296875,0.49908447265625,0.49457740783691406,0.5490373969078064,0.5228446125984192,0.5217797420918941,0.4615885317325592,0.4392845630645752,0.431975981220603,0.5029045343399048,0.492291621863842,0.49037529714405537,0.5913290039330468,0.48107092171378163,0.46728732031453446
基础款/7245.mp4,基础款,bad,0.516693115234375,0.49713897705078125,0.48602839931845665,0.5358189344406128,0.5307006686925888,0.5270865298807621,0.454345703125,0.4474826455116272,0.43802317790687084,0.49999281764030457,0.4926515519618988,0.48895824886858463,0.5360919540229885,0.5066695223816663,0.4740512779324623
冰晶款/7317.mp4,冰晶款,bad,0.5013291835784912,0.49222394824028015,0.48493681848049164,0.5184326171875,0.5072588324546814,0.5037547536194324,0.46974247694015503,0.4584018290042877,0.4492097981274128,0.4883781969547272,0.48204847425222397,0.4791459497064352,0.6352785145888594,0.606947978241753,0.5087176595735555
潜水款/7324.mp4,潜水款,bad,0.464111328125,0.4286905974149704,0.41620212234556675,0.4454345703125,0.4269758015871048,0.41925048641860485,0.37279212474823,0.35589734464883804,0.35117441043257713,0.3840547502040863,0.3789484426379204,0.37093936651945114,0.44771711366538947,0.4208875345033576,0.4010674090038314
潜水款/7331.mp4,潜水款,bad,0.52001953125,0.49456024169921875,0.48764692060649395,0.5424281358718872,0.518550306558609,0.5129884947091341,0.4739641547203064,0.42582566291093826,0.4273014925420284,0.48493149876594543,0.4690147861838341,0.4634913243353367,0.6406082672949239,0.6073076923076923,0.5880219816778909
星月款/7355.mp4,星月款,bad,0.406494140625,0.3965386301279068,0.3809649161994457,0.4665876030921936,0.438119076192379,0.43679918721318245,0.339541494846344,0.3283439353108406,0.3235412295907736,0.40790870785713196,0.3961549624800682,0.39140073023736477,0.4377011494252873,0.40409175754003335,0.38920279486075776
基础款/7365.mp4,基础款,bad,0.5193847417831421,0.5150146633386612,0.4990097004920244,0.5224609375,0.5148751139640808,0.5099574495106936,0.44155943393707275,0.43805529922246933,0.427908007055521,0.4701753556728363,0.46588943153619766,0.4625850021839142,0.5417784466400577,0.5246684350132627,0.5183239607725796
潜水款/7374.mp4,潜水款,bad,0.562255859375,0.5520095825195312,0.5399799346923828,0.6159493327140808,0.5977739840745926,0.5827200710773468,0.5251721739768982,0.5134937316179276,0.5087161045521498,0.5511726140975952,0.5358509570360184,0.5289697088301182,0.5102387267904509,0.451025641025641,0.3988356542882405
甜品款/7382.mp4,甜品款,bad,0.525238037109375,0.49732208251953125,0.49464416317641735,0.5471888780593872,0.5227617770433426,0.5124904029071331,0.4746031165122986,0.4305941015481949,0.41415451280772686,0.4736723005771637,0.4659208282828331,0.44947837106883526,0.5228097062579822,0.42786619510757445,0.42793319833599264
花花款/7430.mp4,花花款,bad,0.45263671875,0.4410749077796936,0.4287954028695822,0.4965297281742096,0.4942103773355484,0.48795100674033165,0.3929269015789032,0.38931362330913544,0.37868752516806126,0.44788673520088196,0.44045212864875793,0.4371932502835989,0.5667816091954023,0.5475351213282248,0.5401452273070798
基础款/7458.mp4,基础款,bad,0.47412109375,0.4456438347697258,0.4357870798557997,0.4530203640460968,0.4453560933470726,0.43930053524672985,0.41845703125,0.3992278352379799,0.39139907248318195,0.41283461451530457,0.400304451584816,0.39785766415297985,0.5984674329501916,0.551506364873119,0.5360464894041075
基础款/7465.mp4,基础款,bad,0.58233642578125,0.5756149291992188,0.5710394158959389,0.5784912109375,0.5741141438484192,0.5684400349855423,0.5627990961074829,0.5579269528388977,0.5503514930605888,0.5581521391868591,0.5559477061033249,0.5457736738026142,0.6779337361233913,0.6624403183023873,0.6185626704262607
潜水款/7489.mp4,潜水款,bad,0.6087646484375,0.5328755676746368,0.5298083424568176,0.6137171983718872,0.5417218804359436,0.54313113540411,0.5811831951141357,0.49619829654693604,0.49327437207102776,0.587836742401123,0.505937471985817,0.5084026549011469,0.743822420773419,0.6157575757575757,0.5829088749793419
甜品款/7535.mp4,甜品款,bad,0.5601399540901184,0.548468679189682,0.5310329757630825,0.5613316297531128,0.5533708781003952,0.5384499654173851,0.4875325560569763,0.47903239727020264,0.4694769661873579,0.520331859588623,0.5108579695224762,0.5015658177435398,0.42514671474051635,0.392905910782095,0.37443831268459205
基础款/7552.mp4,基础款,bad,0.46923828125,0.4612223282456398,0.4561903215944767,0.4986920952796936,0.4875226765871048,0.4841646458953619,0.4351128339767456,0.4242093712091446,0.4167531467974186,0.46147245168685913,0.4539337158203125,0.45118690840899944,0.4903416347381865,0.46076787994891444,0.4528878093937211
冰晶款/6576.mp4,冰晶款,bank_good,0.2848772406578064,0.2203369177877903,0.21094894502311945,0.4129813015460968,0.40277099609375,0.39531816728413105,0.2143690288066864,0.16926343366503716,0.16184138413518667,0.35263240337371826,0.34781602770090103,0.34124576672911644,0.0,0.0,0.0
冰晶款/5785.mp4,冰晶款,bank_good,0.3099888265132904,0.2723127156496048,0.2507956363260746,0.3752790093421936,0.3685477077960968,0.3551265150308609,0.2265625,0.20212730765342712,0.1886109495535493,0.3418830335140228,0.31041403859853745,0.30592166632413864,0.0,0.0,0.0
冰晶款/6453.mp4,冰晶款,bank_good,0.33759766817092896,0.287991002202034,0.2770999502390623,0.4684884250164032,0.4574061706662178,0.42080906592309475,0.2570088803768158,0.19771550223231316,0.19556552451103926,0.3843635022640228,0.37152907252311707,0.35137625224888325,0.0,0.0,0.0
冰晶款/6477.mp4,冰晶款,bank_good,0.28790283203125,0.243377685546875,0.23589869681745768,0.3883579671382904,0.3735002726316452,0.3669880423694849,0.21447111666202545,0.18496442958712578,0.1789989098906517,0.31744384765625,0.31435976922512054,0.3107728362083435,0.0,0.0,0.0
冰晶款/6503.mp4,冰晶款,bank_good,0.37957763671875,0.3031943216919899,0.3022116422653198,0.4549211859703064,0.449737548828125,0.4180483128875494,0.3205295205116272,0.23780053108930588,0.2361908908933401,0.38855698704719543,0.37800508737564087,0.35773490741848946,0.0,0.0,0.0
冰晶款/7244.mp4,冰晶款,bank_good,0.3328746557235718,0.2670397013425827,0.2617533802986145,0.4629778265953064,0.4388384222984314,0.4133971109986305,0.2665473222732544,0.21571467444300652,0.20126666594296694,0.3523775041103363,0.3230465203523636,0.3135065194219351,0.0,0.0,0.0
冰晶款/6050.mp4,冰晶款,bank_good,0.3748914897441864,0.35790472477674484,0.30765837244689465,0.41259765625,0.3935285359621048,0.3833552785217762,0.2764994204044342,0.2646782845258713,0.2305507669225335,0.3615148067474365,0.3365388736128807,0.3274567537009716,0.0,0.0,0.0
冰晶款/7044.mp4,冰晶款,bank_good,0.3265624940395355,0.25318603217601776,0.24336980003863573,0.3960658609867096,0.3784005418419838,0.3680430855602026,0.2449735701084137,0.2044948786497116,0.1914406605064869,0.3057502210140228,0.29954079538583755,0.29684201441705227,0.0,0.0,0.0
冰晶款/6919.mp4,冰晶款,bank_good,0.33917236328125,0.2708979994058609,0.2576517388224602,0.4603969156742096,0.4490879476070404,0.4223720021545887,0.22067809104919434,0.2035633847117424,0.18877805955708027,0.3854549527168274,0.37129121273756027,0.35904110223054886,0.0,0.0,0.0
冰晶款/6144.mp4,冰晶款,bank_good,0.3229166567325592,0.30767822265625,0.28696151077747345,0.4899728000164032,0.4356733113527298,0.42180415987968445,0.2666015625,0.23949529603123665,0.22208743635565042,0.37502872943878174,0.36859578639268875,0.35895336233079433,0.0,0.0,0.0
冰晶款/6845.mp4,冰晶款,bank_good,0.34686279296875,0.3087332621216774,0.2889480600133538,0.4381975531578064,0.4149954617023468,0.4117300882935524,0.2628205120563507,0.23769281059503555,0.22210865933448076,0.3631807267665863,0.357012577354908,0.3513690698891878,0.0,0.0,0.0
冰晶款/7098.mp4,冰晶款,bank_good,0.3771623969078064,0.292572021484375,0.2819453664124012,0.4733712375164032,0.4439348578453064,0.43119484931230545,0.3112114667892456,0.22642554342746735,0.21550377644598484,0.4198177456855774,0.37058570981025696,0.37192333303391933,0.0,0.0,0.0
冰晶款/6969.mp4,冰晶款,bank_good,0.37841796875,0.3312465101480484,0.3159871781244874,0.4653145968914032,0.4272373840212822,0.42018890380859375,0.27590394020080566,0.24533315747976303,0.22874673921614885,0.40267765522003174,0.36590397357940674,0.3626091927289963,0.0,0.0,0.0
冰晶款/6900.mp4,冰晶款,bank_good,0.4546596109867096,0.2446942962706089,0.23714338056743145,0.4413713812828064,0.3897574171423912,0.3883220124989748,0.2816297709941864,0.19424445182085037,0.17322716861963272,0.33397001028060913,0.31697171926498413,0.31436987966299057,0.0,0.0,0.0
冰晶款/6502.mp4,冰晶款,bank_good,0.3302176296710968,0.258758544921875,0.23502585850656033,0.4779750406742096,0.4551217257976532,0.4435566458851099,0.2041131854057312,0.1872035451233387,0.17197215650230646,0.3666812777519226,0.3561679646372795,0.34920972771942616,0.0,0.0,0.0
冰晶款/7316.mp4,冰晶款,bank_good,0.3953683078289032,0.3052106499671936,0.273406982421875,0.5267333984375,0.4246739074587822,0.4265866968780756,0.334931343793869,0.206285260617733,0.19082926772534847,0.44896742701530457,0.37283504009246826,0.36994530260562897,0.0,0.0,0.0
冰晶款/6575.mp4,冰晶款,bank_good,0.30438232421875,0.277587890625,0.258880615234375,0.4281180202960968,0.4093758836388588,0.39825112372636795,0.2022879421710968,0.1848725862801075,0.1756046824157238,0.34678739309310913,0.33513057231903076,0.3291340973228216,0.0,0.0,0.0
冰晶款/6801.mp4,冰晶款,bank_good,0.31463623046875,0.270193912088871,0.24527540616691113,0.4537876546382904,0.4218139573931694,0.41633715108036995,0.24054737389087677,0.20889929682016373,0.1842961348593235,0.38544777035713196,0.36137837916612625,0.3561578616499901,0.0,0.0,0.0
冰晶款/6895.mp4,冰晶款,bank_good,0.27910155057907104,0.2618408277630806,0.24864832405000925,0.4312918484210968,0.3754446804523468,0.37332807295024395,0.22459979355335236,0.2000325545668602,0.19118500594049692,0.3400089144706726,0.314611092209816,0.3103386368602514,0.0,0.0,0.0
冰晶款/6307.mp4,冰晶款,bank_good,0.30987548828125,0.2779388427734375,0.2569122314453125,0.4923793375492096,0.4678998664021492,0.4497048519551754,0.21078726649284363,0.204191654920578,0.19346003700047731,0.3893396854400635,0.3769190162420273,0.36895931512117386,0.0,0.0,0.0
冰晶款/5865.mp4,冰晶款,bank_good,0.4603271484375,0.3172851577401161,0.3205187227576971,0.5245535969734192,0.3969159796833992,0.3931143656373024,0.3543945252895355,0.26060616970062256,0.24771506618708372,0.47028663754463196,0.3465181216597557,0.33797768503427505,0.0,0.0,0.0
冰晶款/7366.mp4,冰晶款,bank_good,0.363525390625,0.291290283203125,0.2788819223642349,0.4108189046382904,0.4008440226316452,0.39369092881679535,0.2746644616127014,0.22662638500332832,0.21845381241291761,0.3686738908290863,0.35830508917570114,0.35277265682816505,0.0,0.0,0.0
冰晶款/6600.mp4,冰晶款,bank_good,0.33050537109375,0.2320404052734375,0.2163070673123002,0.3967633843421936,0.3657924011349678,0.35975538194179535,0.26884764432907104,0.181582722812891,0.16114143747836351,0.3553825914859772,0.3118232190608978,0.3115461003035307,0.0,0.0,0.0
冰晶款/6850.mp4,冰晶款,bank_good,0.30865478515625,0.2771148681640625,0.26674409955739975,0.52490234375,0.3908124715089798,0.3921061959117651,0.2449147254228592,0.20999963954091072,0.20166136976331472,0.39751121401786804,0.3264196068048477,0.3225575555115938,0.0,0.0,0.0
冰晶款/6870.mp4,冰晶款,bank_good,0.33843994140625,0.28155517578125,0.2718391418457031,0.4465855062007904,0.4026009663939476,0.3976494874805212,0.23272235691547394,0.22110376507043839,0.20850647799670696,0.35955092310905457,0.3504324406385422,0.344869052991271,0.0,0.0,0.0
冰晶款/7472.mp4,冰晶款,bank_good,0.3987514078617096,0.239571712911129,0.24125017505139112,0.5079520344734192,0.4782148078083992,0.43456486612558365,0.19543826580047607,0.1668645665049553,0.16245589591562748,0.45477294921875,0.41790322959423065,0.37769429944455624,0.0,0.0,0.0
冰晶款/6896.mp4,冰晶款,bank_good,0.39373779296875,0.2397308349609375,0.23465940728783607,0.4986049234867096,0.4088614284992218,0.40888759307563305,0.3201873004436493,0.176307313144207,0.17969391588121653,0.4635368883609772,0.3379202336072922,0.34222142584621906,0.0,0.0,0.0
冰晶款/7143.mp4,冰晶款,bank_good,0.3126627504825592,0.295562744140625,0.2638765964657068,0.4373953640460968,0.42022705078125,0.41536167822778225,0.24056783318519592,0.23236462101340294,0.2041160725057125,0.3806798458099365,0.37907858192920685,0.37139892578125,0.0,0.0,0.0
冰晶款/7496.mp4,冰晶款,bank_good,0.29345703125,0.2472686767578125,0.23790886253118515,0.4419293999671936,0.435189388692379,0.41845920868217945,0.2115686982870102,0.19263900816440582,0.18515314534306526,0.36781221628189087,0.36121683567762375,0.3428932670503855,0.0,0.0,0.0
冰晶款/6994.mp4,冰晶款,bank_good,0.3348911702632904,0.3002929762005806,0.2855415316298604,0.44287109375,0.4174019917845726,0.40808977372944355,0.26747456192970276,0.2338385209441185,0.22357736434787512,0.3780302107334137,0.3672826364636421,0.3555477373301983,0.0,0.0,0.0
冰晶款/6968.mp4,冰晶款,bank_good,0.3724365234375,0.304290771484375,0.2875294163823128,0.5068882703781128,0.433541439473629,0.42435673624277115,0.30769428610801697,0.22700391337275505,0.2199019631370902,0.4729829728603363,0.37601425498723984,0.37278007343411446,0.0,0.0,0.0
基础款/5878.mp4,基础款,bank_good,0.2554931640625,0.23388671875,0.2294970927760005,0.4070521891117096,0.3903459906578064,0.3848277535289526,0.18436472117900848,0.1775454618036747,0.1708356849849224,0.32762596011161804,0.31971919536590576,0.31500266678631306,0.0,0.0,0.0
基础款/6534.mp4,基础款,bank_good,0.30474853515625,0.2605421245098114,0.2469800291582942,0.4126150906085968,0.398908331990242,0.3918206337839365,0.21067117154598236,0.18785032257437706,0.1773194270208478,0.3246029019355774,0.316553458571434,0.3152930308133364,0.0,0.0,0.0
基础款/7402.mp4,基础款,bank_good,0.3178013265132904,0.2921491265296936,0.2593879699707031,0.4124232828617096,0.4006783664226532,0.388458251953125,0.23088191449642181,0.205247662961483,0.19380781147629023,0.3398796617984772,0.32383817434310913,0.3147264402359724,0.0,0.0,0.0
基础款/7108.mp4,基础款,bank_good,0.3304036557674408,0.2871636226773262,0.27355024591088295,0.5314418077468872,0.4643118679523468,0.4571587685495615,0.2128351330757141,0.1964896023273468,0.1885738167911768,0.36890724301338196,0.35366640985012054,0.34962799958884716,0.0,0.0,0.0
基础款/6482.mp4,基础款,bank_good,0.4581298828125,0.377197265625,0.3596658259630203,0.5232108235359192,0.488237664103508,0.4730633348226547,0.3751278817653656,0.273504838347435,0.2714485675096512,0.45187556743621826,0.426213875412941,0.41626683063805103,0.0,0.0,0.0
基础款/6993.mp4,基础款,bank_good,0.40576171875,0.2820095419883728,0.2708849832415581,0.5618547797203064,0.4314008355140686,0.435618806630373,0.3308268189430237,0.20335359126329422,0.21055268682539463,0.5165692567825317,0.3762539178133011,0.37758905813097954,0.0,0.0,0.0
基础款/7344.mp4,基础款,bank_good,0.3646763265132904,0.305145263671875,0.2720843721181154,0.4746268093585968,0.4499337300658226,0.44281332939863205,0.30686384439468384,0.202566958963871,0.19856165815144777,0.41883760690689087,0.4009309560060501,0.39472983591258526,0.0,0.0,0.0
基础款/7379.mp4,基础款,bank_good,0.3592529296875,0.2368621826171875,0.23266474343836308,0.4079938530921936,0.382882259786129,0.37556675635278225,0.27072975039482117,0.1684599332511425,0.1729790074750781,0.3411003649234772,0.308069571852684,0.3081157896667719,0.0,0.0,0.0
基础款/7413.mp4,基础款,bank_good,0.44758301973342896,0.27281493693590164,0.27320708986371756,0.5408238172531128,0.4409659281373024,0.4180733859539032,0.31393134593963623,0.19806985184550285,0.19432326406240463,0.4365629255771637,0.35337650775909424,0.34234215319156647,0.0,0.0,0.0
基础款/6914.mp4,基础款,bank_good,0.2784598171710968,0.2466866634786129,0.2245744988322258,0.4565255343914032,0.422310970723629,0.4164254330098629,0.18592122197151184,0.18123957514762878,0.17189688701182604,0.38928940892219543,0.371185302734375,0.3656566869467497,0.0,0.0,0.0
基础款/7486.mp4,基础款,bank_good,0.3238525390625,0.2699432373046875,0.2594773434102535,0.4139927327632904,0.4015328660607338,0.3921465203166008,0.22373999655246735,0.19523737579584122,0.1899999864399433,0.3545352816581726,0.3471015468239784,0.3382218312472105,0.0,0.0,0.0
基础款/7432.mp4,基础款,bank_good,0.34625244140625,0.2659955695271492,0.259116580709815,0.4298793375492096,0.3990304172039032,0.38895089365541935,0.2709246277809143,0.2179107517004013,0.2076254840940237,0.3519466519355774,0.3377227708697319,0.32519980147480965,0.0,0.0,0.0
基础款/7008.mp4,基础款,bank_good,0.32977294921875,0.3079071044921875,0.2819935940206051,0.4545724093914032,0.4236101359128952,0.4172504972666502,0.24067768454551697,0.22638722136616707,0.21312458347529173,0.3922944962978363,0.3697868809103966,0.3628290966153145,0.0,0.0,0.0
基础款/7212.mp4,基础款,bank_good,0.2482638955116272,0.2341037355363369,0.2244703508913517,0.39404296875,0.3819580003619194,0.3805890753865242,0.1839015781879425,0.17623008787631989,0.16853145509958267,0.3440372347831726,0.33999454975128174,0.3372789304703474,0.0,0.0,0.0
基础款/6276.mp4,基础款,bank_good,0.3175048828125,0.2295379638671875,0.22069822065532207,0.4963204562664032,0.4791739359498024,0.4575010035187006,0.20631760358810425,0.16094007343053818,0.15689580608159304,0.41810518503189087,0.40473758429288864,0.38417075760662556,0.0,0.0,0.0
基础款/6778.mp4,基础款,bank_good,0.2964409589767456,0.265516497194767,0.2516352329403162,0.4335414469242096,0.3999241292476654,0.39482552371919155,0.23239003121852875,0.2069435566663742,0.1882172729820013,0.3598381578922272,0.32469088584184647,0.32290021516382694,0.0,0.0,0.0
基础款/7224.mp4,基础款,bank_good,0.3641357421875,0.274139404296875,0.2595356535166502,0.441650390625,0.4045933410525322,0.39420427568256855,0.2726236879825592,0.19814985245466232,0.1901446720585227,0.37270939350128174,0.3531673699617386,0.3480089958757162,0.0,0.0,0.0
基础款/6627.mp4,基础款,bank_good,0.29345703125,0.2393776997923851,0.22697394154965878,0.4200962483882904,0.3935198113322258,0.3891078345477581,0.22250142693519592,0.19009120389819145,0.17311719805002213,0.3600212633609772,0.34373562783002853,0.33845878951251507,0.0,0.0,0.0
基础款/6764.mp4,基础款,bank_good,0.2511935830116272,0.23101806640625,0.21920301858335733,0.3763253390789032,0.3688616082072258,0.3642272986471653,0.17412534356117249,0.16643226146697998,0.15959034953266382,0.3236083984375,0.31860531866550446,0.3124147318303585,0.0,0.0,0.0
基础款/7270.mp4,基础款,bank_good,0.35418701171875,0.2985076904296875,0.28556878212839365,0.487548828125,0.4495893120765686,0.4322052001953125,0.27354466915130615,0.22900241613388062,0.2203156054019928,0.3976045548915863,0.38352516293525696,0.3702414967119694,0.0,0.0,0.0
基础款/7338.mp4,基础款,bank_good,0.36846923828125,0.28486327081918716,0.26784362737089396,0.4571533203125,0.3964059129357338,0.39098358154296875,0.2992037236690521,0.21323421597480774,0.20417898334562778,0.4030402600765228,0.33005837351083755,0.3240017555654049,0.0,0.0,0.0
基础款/6413.mp4,基础款,bank_good,0.317138671875,0.2375539131462574,0.23534435592591763,0.45068359375,0.4429800882935524,0.4370869230479002,0.23070693016052246,0.17999109253287315,0.1773558957502246,0.3734346330165863,0.36681051552295685,0.3626482356339693,0.0,0.0,0.0
基础款/6094.mp4,基础款,bank_good,0.28276365995407104,0.2449951134622097,0.22298278659582138,0.3855329155921936,0.3706926628947258,0.36670357920229435,0.18825635313987732,0.16970235481858253,0.16048884112387896,0.3355712890625,0.328234501183033,0.32703668996691704,0.0,0.0,0.0
基础款/5760.mp4,基础款,bank_good,0.3000836968421936,0.255523681640625,0.23930358793586493,0.4026925265789032,0.3666730523109436,0.36268397979438305,0.2105170339345932,0.18259266763925552,0.17671757470816374,0.3507511019706726,0.31636854261159897,0.31205165944993496,0.0,0.0,0.0
基础款/6013.mp4,基础款,bank_good,0.3018973171710968,0.2531195804476738,0.2424929179251194,0.3796735405921936,0.364885613322258,0.3616986945271492,0.2392578125,0.19867676869034767,0.18610267527401447,0.32256004214286804,0.29264382272958755,0.2918669767677784,0.0,0.0,0.0
基础款/7373.mp4,基础款,bank_good,0.4084879457950592,0.30126953125,0.29393513686954975,0.4141322672367096,0.3713204562664032,0.35700771026313305,0.24632588028907776,0.20666704326868057,0.20080366265028715,0.2828010022640228,0.2515779361128807,0.2474984535947442,0.0,0.0,0.0
基础款/6693.mp4,基础款,bank_good,0.4013671875,0.3363494798541069,0.3239201167598367,0.4896065890789032,0.466530941426754,0.4421877171844244,0.29086142778396606,0.26478325575590134,0.24511768482625484,0.4079948961734772,0.39436161518096924,0.3809242285788059,0.0,0.0,0.0
基础款/6309.mp4,基础款,bank_good,0.3274274468421936,0.263885498046875,0.24504961259663105,0.4963727593421936,0.4767979308962822,0.3996832724660635,0.2349039763212204,0.20796825364232063,0.19079601392149925,0.3847405016422272,0.35309647023677826,0.3255438022315502,0.0,0.0,0.0
基础款/6864.mp4,基础款,bank_good,0.4545200765132904,0.3236977681517601,0.305707111954689,0.5724051594734192,0.5360979288816452,0.5032261423766613,0.37474846839904785,0.25687742233276367,0.23753962386399508,0.49858182668685913,0.46411042660474777,0.43595392629504204,0.0,0.0,0.0
基础款/6795.mp4,基础款,bank_good,0.31787109375,0.2858886793255806,0.2552190516144037,0.5194789171218872,0.4795575737953186,0.4658737126737833,0.236328125,0.2134343981742859,0.19197750091552734,0.4231316149234772,0.4040581285953522,0.3922265004366636,0.0,0.0,0.0
基础款/6882.mp4,基础款,bank_good,0.248779296875,0.2297472283244133,0.22065298818051815,0.4150739312171936,0.3889596164226532,0.37828608974814415,0.20487253367900848,0.16861024871468544,0.16227135621011257,0.3297908902168274,0.3165776953101158,0.3114514071494341,0.0,0.0,0.0
基础款/6385.mp4,基础款,bank_good,0.31292724609375,0.2640923336148262,0.2359462296590209,0.4569789469242096,0.438398078083992,0.43083844892680645,0.21758237481117249,0.18790806084871292,0.1715426566079259,0.3830961287021637,0.3724544644355774,0.3695189468562603,0.0,0.0,0.0
基础款/6709.mp4,基础款,bank_good,0.3616943359375,0.2883453369140625,0.2757355812937021,0.4150041937828064,0.3886457234621048,0.3793988898396492,0.2554962933063507,0.22221379727125168,0.21667381934821606,0.36384132504463196,0.336255244910717,0.32737238332629204,0.0,0.0,0.0
基础款/7033.mp4,基础款,bank_good,0.3624267578125,0.27227783203125,0.2552452087402344,0.4407958984375,0.420706607401371,0.40980203077197075,0.2751777768135071,0.2007639892399311,0.19127652887254953,0.38176053762435913,0.3603874742984772,0.35600437596440315,0.0,0.0,0.0
基础款/7066.mp4,基础款,bank_good,0.40106201171875,0.2880859375,0.27068328857421875,0.5138462781906128,0.4926365315914154,0.4682562667876482,0.2853747010231018,0.20572089403867722,0.1956926453858614,0.4141414761543274,0.4054053872823715,0.39176828786730766,0.0,0.0,0.0
基础款/7109.mp4,基础款,bank_good,0.30657958984375,0.2510528564453125,0.23458565585315228,0.4874790608882904,0.4837515577673912,0.47865949384868145,0.19350363314151764,0.18374856561422348,0.1705058990046382,0.4169670641422272,0.4118248522281647,0.40810125321149826,0.0,0.0,0.0
基础款/5642.mp4,基础款,bank_good,0.3255750834941864,0.2032012939453125,0.20511929970234632,0.4057791531085968,0.3944179117679596,0.38566589541733265,0.2806396484375,0.14602036774158478,0.15219196490943432,0.33989402651786804,0.33355892449617386,0.3235684558749199,0.0,0.0,0.0
基础款/5608.mp4,基础款,bank_good,0.2910698652267456,0.2615424320101738,0.2478730957955122,0.4485909640789032,0.4457484632730484,0.4413800947368145,0.20225457847118378,0.18028781190514565,0.17722775880247355,0.3728386461734772,0.36784272640943527,0.3590868804603815,0.0,0.0,0.0
基础款/7035.mp4,基础款,bank_good,0.32177734375,0.2941216379404068,0.27549234963953495,0.4544852077960968,0.430071160197258,0.4168810173869133,0.26809969544410706,0.2077229768037796,0.2012084648013115,0.3689395785331726,0.3569892421364784,0.3517649043351412,0.0,0.0,0.0
基础款/7131.mp4,基础款,bank_good,0.33135986328125,0.3065948486328125,0.2933018412441015,0.4086565375328064,0.3722185492515564,0.36788722313940525,0.2756785750389099,0.2498794123530388,0.2345905415713787,0.34459012746810913,0.32010066509246826,0.3174918666481972,0.0,0.0,0.0
基础款/7307.mp4,基础款,bank_good,0.2771344780921936,0.2552490234375,0.23439625278115273,0.3992745578289032,0.388078972697258,0.3795078806579113,0.2129584401845932,0.18433808162808418,0.17290629912167788,0.31883329153060913,0.3140725642442703,0.31001731008291245,0.0,0.0,0.0
基础款/7089.mp4,基础款,bank_good,0.40253907442092896,0.3304077163338661,0.3204459697008133,0.4599783718585968,0.3946009948849678,0.39063480868935585,0.3539864718914032,0.2614135816693306,0.25064720679074526,0.4112369418144226,0.3437715321779251,0.33561504259705544,0.0,0.0,0.0
基础款/6977.mp4,基础款,bank_good,0.3103376030921936,0.2671072855591774,0.2512108935043216,0.4876360297203064,0.4829058051109314,0.4777363371104002,0.23786808550357819,0.2022501677274704,0.1888847667723894,0.4379918575286865,0.43490421772003174,0.42886823788285255,0.0,0.0,0.0
基础款/6918.mp4,基础款,bank_good,0.35150146484375,0.2919507697224617,0.260618481785059,0.4103306233882904,0.3758370578289032,0.37558637373149395,0.2771058678627014,0.22400863096117973,0.2127829510718584,0.36534208059310913,0.33257877081632614,0.32969306223094463,0.0,0.0,0.0
基础款/7474.mp4,基础款,bank_good,0.2188895046710968,0.2085309736430645,0.19394792895764112,0.444091796875,0.4037519246339798,0.3891023900359869,0.1788737028837204,0.1580268032848835,0.15160285215824842,0.36052390933036804,0.33447714895009995,0.3286211360245943,0.0,0.0,0.0
基础款/6761.mp4,基础款,bank_good,0.2588433027267456,0.2352566197514534,0.22034369502216578,0.4397670328617096,0.4212210476398468,0.4169976357370615,0.191650390625,0.17400383204221725,0.16778073739260435,0.3837316036224365,0.37308458238840103,0.36835188046097755,0.0,0.0,0.0
基础款/6812.mp4,基础款,bank_good,0.4515380859375,0.3049163818359375,0.31404756754636765,0.4876360297203064,0.429277703166008,0.42540740966796875,0.36027830839157104,0.25170741975307465,0.24490119982510805,0.4105475842952728,0.3676327019929886,0.3626769557595253,0.0,0.0,0.0
基础款/6087.mp4,基础款,bank_good,0.4652273952960968,0.3226165771484375,0.313479408621788,0.5681326985359192,0.4422651007771492,0.4368297066539526,0.3609958291053772,0.2587905600667,0.2544568507000804,0.5407248139381409,0.3993135243654251,0.38741908222436905,0.0,0.0,0.0
基础款/7116.mp4,基础款,bank_good,0.3713030219078064,0.29058837890625,0.2713557658717036,0.4962332546710968,0.4208461195230484,0.40669904462993145,0.3111029863357544,0.23889292031526566,0.21812550071626902,0.4331916272640228,0.37498384714126587,0.3634746763855219,0.0,0.0,0.0
基础款/7061.mp4,基础款,bank_good,0.35186767578125,0.319580078125,0.2989224027842283,0.4916294515132904,0.4853646531701088,0.4779461435973644,0.25458234548568726,0.20757092535495758,0.20241296757012606,0.41478055715560913,0.40037356317043304,0.3933494761586189,0.0,0.0,0.0
基础款/7121.mp4,基础款,bank_good,0.3843587338924408,0.32009582966566086,0.28117866162210703,0.4797886312007904,0.4027186706662178,0.39961787313222885,0.337158203125,0.2489197850227356,0.22517049126327038,0.4330659806728363,0.34521484375,0.3458801731467247,0.0,0.0,0.0
基础款/6986.mp4,基础款,bank_good,0.3409423828125,0.2569417282938957,0.24800669495016336,0.390380859375,0.350272037088871,0.34819030575454235,0.2902703583240509,0.18913784995675087,0.186373395845294,0.35133272409439087,0.2911987230181694,0.29164617508649826,0.0,0.0,0.0
基础款/6181.mp4,基础款,bank_good,0.40924072265625,0.2856241911649704,0.27826454397290945,0.487548828125,0.4818333089351654,0.46029444597661495,0.3451799750328064,0.22340716421604156,0.22039281111210585,0.4492762088775635,0.4201776757836342,0.40242408215999603,0.0,0.0,0.0
基础款/7223.mp4,基础款,bank_good,0.35858154296875,0.2550572007894516,0.23599788174033165,0.4690290093421936,0.4481549859046936,0.43196432292461395,0.27610427141189575,0.19101056829094887,0.17578071914613247,0.40745994448661804,0.3713953271508217,0.3612834718078375,0.0,0.0,0.0
基础款/7385.mp4,基础款,bank_good,0.3388671875,0.3132731169462204,0.29985554702579975,0.4878104031085968,0.4635968804359436,0.4603315070271492,0.2435980886220932,0.23169216513633728,0.22211199067533016,0.41474825143814087,0.4036856144666672,0.39686180651187897,0.0,0.0,0.0
基础款/6813.mp4,基础款,bank_good,0.33001708984375,0.2982838898897171,0.2846073564141989,0.4381277859210968,0.428885318338871,0.42027064599096775,0.254243403673172,0.22815773263573647,0.22405070532113314,0.36266371607780457,0.3485161140561104,0.34472476318478584,0.0,0.0,0.0
基础款/7537.mp4,基础款,bank_good,0.31011962890625,0.2788543701171875,0.2590539725497365,0.4717843234539032,0.4577244445681572,0.45531354658305645,0.2310965359210968,0.208412017673254,0.19715587608516216,0.43152573704719543,0.41186702251434326,0.4092268105596304,0.0,0.0,0.0
基础款/6218.mp4,基础款,bank_good,0.42181396484375,0.3227403461933136,0.283122168853879,0.4666399359703064,0.4056919738650322,0.39618029072880745,0.3373308777809143,0.2657589018344879,0.2288361731916666,0.400146484375,0.36386287957429886,0.330983554944396,0.0,0.0,0.0
基础款/7301.mp4,基础款,bank_good,0.3017035722732544,0.289442278444767,0.25734592135995626,0.4327915608882904,0.4272024929523468,0.4195142425596714,0.2216796875,0.2186054103076458,0.19439026061445475,0.3529842495918274,0.3481714576482773,0.3437266629189253,0.0,0.0,0.0
基础款/7149.mp4,基础款,bank_good,0.3214111328125,0.2879180908203125,0.27472347393631935,0.4039480984210968,0.3918020948767662,0.3890097476541996,0.23379144072532654,0.2072736769914627,0.2036175522953272,0.3311192989349365,0.3237268701195717,0.3202245347201824,0.0,0.0,0.0
基础款/7359.mp4,基础款,bank_good,0.2691650390625,0.2345123291015625,0.21872329711914062,0.41943359375,0.4049159586429596,0.3966653011739254,0.20172828435897827,0.169090636074543,0.16063849162310362,0.3406192660331726,0.3359339162707329,0.3303236160427332,0.0,0.0,0.0
基础款/7079.mp4,基础款,bank_good,0.2769775390625,0.236724853515625,0.23096847534179688,0.3889857828617096,0.3601771742105484,0.3585205078125,0.2008839100599289,0.1740230843424797,0.17065703496336937,0.33265596628189087,0.30965109169483185,0.30523681454360485,0.0,0.0,0.0
基础款/6753.mp4,基础款,bank_good,0.2578125,0.2391357421875,0.2210704255849123,0.3826032280921936,0.3794206827878952,0.37274169921875,0.18603515625,0.17145222425460815,0.162491993047297,0.32530301809310913,0.31729304790496826,0.3099235072731972,0.0,0.0,0.0
基础款/6843.mp4,基础款,bank_good,0.31915283203125,0.291900634765625,0.24796240590512753,0.4778006374835968,0.4725821316242218,0.4677505511790514,0.20102164149284363,0.18638884276151657,0.17543981689959764,0.43608543276786804,0.4342220649123192,0.41667601838707924,0.0,0.0,0.0
基础款/7246.mp4,基础款,bank_good,0.37358397245407104,0.3317667692899704,0.30532195791602135,0.4919084906578064,0.4502650648355484,0.4165562205016613,0.31597900390625,0.2709810584783554,0.24281013943254948,0.4344697892665863,0.3564973697066307,0.3517456091940403,0.0,0.0,0.0
基础款/6775.mp4,基础款,bank_good,0.3961588442325592,0.2404174767434597,0.2329559326171875,0.44677734375,0.395516537129879,0.38854544423520565,0.30538663268089294,0.17449719086289406,0.17462938278913498,0.4121883511543274,0.3432473689317703,0.3434358462691307,0.0,0.0,0.0
基础款/6293.mp4,基础款,bank_good,0.27734375,0.22989501431584358,0.22399325761944056,0.4977678656578064,0.456747867166996,0.44530160166323185,0.1942320466041565,0.16783471778035164,0.16478011943399906,0.3778111934661865,0.353802852332592,0.3448131773620844,0.0,0.0,0.0
基础款/7082.mp4,基础款,bank_good,0.4181315004825592,0.3390706330537796,0.31519426591694355,0.5330287218093872,0.499415822327137,0.46168627217411995,0.3309732973575592,0.275788813829422,0.24986324179917574,0.43539249897003174,0.42121798545122147,0.40343228727579117,0.0,0.0,0.0
基础款/5734.mp4,基础款,bank_good,0.2685546875,0.24960937350988388,0.240142822265625,0.3896484375,0.3843034952878952,0.37908717431128025,0.21782872080802917,0.1718774475157261,0.17103899363428354,0.32029813528060913,0.30876607447862625,0.30597776360809803,0.0,0.0,0.0
基础款/7280.mp4,基础款,bank_good,0.3018798828125,0.2461395263671875,0.239227294921875,0.4155099093914032,0.4058358371257782,0.4000124242156744,0.2211785614490509,0.1815592385828495,0.18006235267966986,0.3568079471588135,0.35398414731025696,0.3497886657714844,0.0,0.0,0.0
基础款/6917.mp4,基础款,bank_good,0.441253662109375,0.2961578369140625,0.2902482356876135,0.4560372531414032,0.3924037292599678,0.3885868638753891,0.3316882848739624,0.23262539505958557,0.2257711049169302,0.3856452405452728,0.3405582085251808,0.3377488050609827,0.0,0.0,0.0
基础款/7041.mp4,基础款,bank_good,0.35791015625,0.2762603759765625,0.27079803217202425,0.4645647406578064,0.4012189507484436,0.3918021060526371,0.30410367250442505,0.2010153792798519,0.21030817180871964,0.3619815707206726,0.33937520533800125,0.3272453770041466,0.0,0.0,0.0
基础款/6941.mp4,基础款,bank_good,0.37860107421875,0.27606201171875,0.2698449036106467,0.5388706922531128,0.5306309163570404,0.5227508507668972,0.23875701427459717,0.2040424458682537,0.1922074956819415,0.48676612973213196,0.46974899619817734,0.467630947008729,0.0,0.0,0.0
基础款/6342.mp4,基础款,bank_good,0.29290771484375,0.2810712605714798,0.2692598616704345,0.4953264594078064,0.4780099019408226,0.4751259945333004,0.2060546875,0.19588273763656616,0.19276945106685162,0.44603773951530457,0.43481265753507614,0.4312699269503355,0.0,0.0,0.0
基础款/6712.mp4,基础款,bank_good,0.2915852963924408,0.2348225936293602,0.2277445113286376,0.5061209797859192,0.4331054762005806,0.4178913701325655,0.2168642282485962,0.18330080807209015,0.17333983816206455,0.41581815481185913,0.3752656728029251,0.35903952829539776,0.0,0.0,0.0
基础款/6828.mp4,基础款,bank_good,0.35986328125,0.2713690772652626,0.263268182054162,0.4684535562992096,0.459516242146492,0.44380515068769455,0.286469966173172,0.21452082321047783,0.21107200626283884,0.4198572635650635,0.3888765126466751,0.380836708471179,0.0,0.0,0.0
基础款/6825.mp4,基础款,bank_good,0.32861328125,0.3049643412232399,0.2790065938606858,0.4654366672039032,0.4556884691119194,0.4406389482319355,0.2710837423801422,0.252143494784832,0.2170237023383379,0.41867244243621826,0.405481681227684,0.390858368948102,0.0,0.0,0.0
基础款/7152.mp4,基础款,bank_good,0.46966552734375,0.2900349870324135,0.2838283097371459,0.5523506999015808,0.3940778374671936,0.4017519261687994,0.3583269715309143,0.21583467349410057,0.21927286684513092,0.4489351212978363,0.33857277780771255,0.3403688333928585,0.0,0.0,0.0
基础款/6934.mp4,基础款,bank_good,0.426727294921875,0.3068782165646553,0.2890943791717291,0.5287562608718872,0.4219709187746048,0.4216908011585474,0.3387916088104248,0.233718141913414,0.22368223126977682,0.4907477796077728,0.3532014712691307,0.358428955078125,0.0,0.0,0.0
基础款/7262.mp4,基础款,bank_good,0.3248291015625,0.272391177713871,0.2483967375010252,0.4296526312828064,0.425301693379879,0.40142822265625,0.26169371604919434,0.22154901549220085,0.19804268795996904,0.3799043595790863,0.36328842490911484,0.3445286490023136,0.0,0.0,0.0
基础款/6922.mp4,基础款,bank_good,0.28948974609375,0.2695956751704216,0.2544687055051327,0.4435076117515564,0.420065738260746,0.4110243674367666,0.22132457792758942,0.20768322050571442,0.18694903515279293,0.31739717721939087,0.3129092901945114,0.305888120085001,0.0,0.0,0.0
基础款/7010.mp4,基础款,bank_good,0.34649658203125,0.2351226806640625,0.22630098089575768,0.4050641655921936,0.3692975640296936,0.36322021298110485,0.24164244532585144,0.19251695647835732,0.17066205479204655,0.35438448190689087,0.3069098964333534,0.30878313817083836,0.0,0.0,0.0
基础款/7434.mp4,基础款,bank_good,0.2757568359375,0.2470194511115551,0.22696601040661335,0.3852713406085968,0.3749215230345726,0.3715286236256361,0.19734157621860504,0.18874449655413628,0.17378323525190353,0.3302217423915863,0.31843657046556473,0.3157220743596554,0.0,0.0,0.0
基础款/5974.mp4,基础款,bank_good,0.33233642578125,0.3123321533203125,0.2939932085573673,0.4732840359210968,0.4082292839884758,0.40470668114721775,0.2711704671382904,0.2387237288057804,0.2295347275212407,0.37458351254463196,0.35333969444036484,0.3447687476873398,0.0,0.0,0.0
基础款/7254.mp4,基础款,bank_good,0.24932861328125,0.2406073659658432,0.22335137240588665,0.4752371609210968,0.4616045355796814,0.45690046064555645,0.18356046080589294,0.172517329454422,0.166317505761981,0.39736759662628174,0.38506003469228745,0.3688951376825571,0.0,0.0,0.0
基础款/7054.mp4,基础款,bank_good,0.369873046875,0.300506591796875,0.2671669851988554,0.5150495171546936,0.4371642991900444,0.4146216232329607,0.2528018057346344,0.2245812974870205,0.20388216245919466,0.38445326685905457,0.3603766858577728,0.34795177914202213,0.0,0.0,0.0
基础款/7449.mp4,基础款,bank_good,0.31439208984375,0.2679901123046875,0.2625399995595217,0.5368477702140808,0.5321175456047058,0.5252162367105484,0.23250524699687958,0.20063023269176483,0.1908570434898138,0.43634033203125,0.4288509637117386,0.4263121634721756,0.0,0.0,0.0
基础款/6840.mp4,基础款,bank_good,0.29681396484375,0.2801077738404274,0.2690674923360348,0.4284319281578064,0.4135044664144516,0.4031688142567873,0.22407101094722748,0.20714863017201424,0.20292880851775408,0.3744901716709137,0.36355412006378174,0.35550847090780735,0.0,0.0,0.0
基础款/7337.mp4,基础款,bank_good,0.3369140625,0.3144378662109375,0.28830392099916935,0.4593680202960968,0.4482596218585968,0.4230401162058115,0.24158653616905212,0.22564619407057762,0.21011474449187517,0.39242732524871826,0.3817452937364578,0.3667097631841898,0.0,0.0,0.0
基础款/6290.mp4,基础款,bank_good,0.32281494140625,0.289276123046875,0.2624408192932606,0.4828403890132904,0.4014456644654274,0.4027982447296381,0.2351887971162796,0.19548329710960388,0.19196515437215567,0.4281436800956726,0.3416200503706932,0.342569462954998,0.0,0.0,0.0
基础款/6981.mp4,基础款,bank_good,0.3409598171710968,0.2616315484046936,0.2585808886215091,0.4141671359539032,0.4073835015296936,0.4034184031188488,0.2260199636220932,0.1772528737783432,0.17668543010950089,0.35476505756378174,0.32665836066007614,0.32153993658721447,0.0,0.0,0.0
基础款/7274.mp4,基础款,bank_good,0.3750542402267456,0.2849765345454216,0.2686788756400347,0.4294084906578064,0.4018990695476532,0.4002958033233881,0.30375340580940247,0.20412055775523186,0.20404684357345104,0.3656436800956726,0.34715451300144196,0.34070161171257496,0.0,0.0,0.0
基础款/7045.mp4,基础款,bank_good,0.4187825620174408,0.3048858642578125,0.268813481554389,0.5581752061843872,0.4176199734210968,0.41824776865541935,0.2572893500328064,0.2284284345805645,0.2093996610492468,0.43789494037628174,0.32690519839525223,0.33082491159439087,0.0,0.0,0.0
基础款/7107.mp4,基础款,bank_good,0.2964409589767456,0.2474060095846653,0.23368284571915865,0.4142368733882904,0.4057965874671936,0.3958707507699728,0.23345151543617249,0.1874457485973835,0.1778234839439392,0.3451286852359772,0.3386410102248192,0.3303328137844801,0.0,0.0,0.0
基础款/7509.mp4,基础款,bank_good,0.36053466796875,0.3085828498005867,0.2916526785120368,0.4970703125,0.4330923929810524,0.4254793468862772,0.2954217791557312,0.24843928962945938,0.2261323193088174,0.4260613024234772,0.36872953921556473,0.3669148627668619,0.0,0.0,0.0
基础款/5855.mp4,基础款,bank_good,0.36688232421875,0.282867431640625,0.2707913713529706,0.4791957437992096,0.3974696695804596,0.39777701534330845,0.255068838596344,0.2046968787908554,0.20292847976088524,0.4083072543144226,0.3399496525526047,0.34097289852797985,0.0,0.0,0.0
基础款/6142.mp4,基础款,bank_good,0.40911865234375,0.3269217312335968,0.3116422379389405,0.4625592827796936,0.4465855285525322,0.4287349171936512,0.32301682233810425,0.25860125571489334,0.2382829673588276,0.42074406147003174,0.3803315907716751,0.3722543139010668,0.0,0.0,0.0
基础款/5709.mp4,基础款,bank_good,0.2430419921875,0.2161051481962204,0.20414945762604475,0.3752790093421936,0.3700561597943306,0.36591666005551815,0.17454944550991058,0.15571770071983337,0.15173250250518322,0.3220789432525635,0.3110010474920273,0.30894066765904427,0.0,0.0,0.0
基础款/6780.mp4,基础款,bank_good,0.3695068359375,0.26458740234375,0.2618222925812006,0.4718889594078064,0.4314226359128952,0.4233180433511734,0.2877604067325592,0.20697111263871193,0.20321946777403355,0.4028535783290863,0.37668924778699875,0.3721380829811096,0.0,0.0,0.0
基础款/7457.mp4,基础款,bank_good,0.24481201171875,0.2086029052734375,0.1946738101541996,0.4308384358882904,0.4203229695558548,0.41207885928452015,0.16192948818206787,0.14455052837729454,0.14163591712713242,0.34072697162628174,0.3387935757637024,0.3342837169766426,0.0,0.0,0.0
基础款/7137.mp4,基础款,bank_good,0.35888671875,0.30291748046875,0.2703311573714018,0.5003836750984192,0.490264892578125,0.47719029150903225,0.2632587254047394,0.22763295844197273,0.20112847071141005,0.4043758511543274,0.3871423974633217,0.38079474680125713,0.0,0.0,0.0
基础款/6790.mp4,基础款,bank_good,0.3733724057674408,0.314788818359375,0.2946264483034611,0.438232421875,0.3908342570066452,0.3873225599527359,0.3032400906085968,0.2387745901942253,0.22645354643464088,0.36833640933036804,0.341046504676342,0.33512115851044655,0.0,0.0,0.0
基础款/7276.mp4,基础款,bank_good,0.36181640625,0.3153686597943306,0.2918773852288723,0.5401611328125,0.4648175910115242,0.45344652608036995,0.2887485921382904,0.2609192356467247,0.22496105544269085,0.46402156352996826,0.41907546669244766,0.39754329062998295,0.0,0.0,0.0
基础款/7285.mp4,基础款,bank_good,0.28662109375,0.257568359375,0.24094009399414062,0.4867292046546936,0.456412173807621,0.4455032367259264,0.19393528997898102,0.18373146653175354,0.17317351419478655,0.41913560032844543,0.40477798134088516,0.39854498766362667,0.0,0.0,0.0
基础款/6931.mp4,基础款,bank_good,0.2948133647441864,0.2706298828125,0.26038233283907175,0.4088657796382904,0.393258236348629,0.387359619140625,0.21897786855697632,0.2047293484210968,0.19387972448021173,0.3274284899234772,0.32056381553411484,0.3162994384765625,0.0,0.0,0.0
基础款/6593.mp4,基础款,bank_good,0.380523681640625,0.3000640869140625,0.28043556213378906,0.4968087375164032,0.4730486124753952,0.42999376356601715,0.2505347728729248,0.2127278670668602,0.2041613832116127,0.4222232699394226,0.38618290424346924,0.3649249356240034,0.0,0.0,0.0
基础款/6433.mp4,基础款,bank_good,0.3426269590854645,0.25563354790210724,0.2463977411389351,0.4174107015132904,0.3842075988650322,0.38150569424033165,0.241455078125,0.19385043159127235,0.18524088338017464,0.33826401829719543,0.3215206488966942,0.31585716269910336,0.0,0.0,0.0
基础款/7182.mp4,基础款,bank_good,0.3484235405921936,0.323660708963871,0.29908131062984467,0.4974801242351532,0.427934929728508,0.4044930636882782,0.2763240933418274,0.26624695956707,0.2426244718953967,0.4359992444515228,0.381823368370533,0.3551613315939903,0.0,0.0,0.0
基础款/6138.mp4,基础款,bank_good,0.2753208577632904,0.2608235701918602,0.2449724106118083,0.4732666015625,0.4252842590212822,0.4084745142608881,0.2138671875,0.2031058892607689,0.1886242562904954,0.3985559940338135,0.36306044459342957,0.35490395314991474,0.0,0.0,0.0
基础款/7102.mp4,基础款,bank_good,0.25927734375,0.23895263671875,0.22113255225121975,0.3995535671710968,0.3787144273519516,0.37370518408715725,0.18540915846824646,0.1648397110402584,0.1561304284259677,0.34148094058036804,0.32269465923309326,0.3202774953097105,0.0,0.0,0.0
基础款/6992.mp4,基础款,bank_good,0.30511474609375,0.276641845703125,0.2501171659678221,0.5393415093421936,0.5307530015707016,0.5062255803495646,0.20929402112960815,0.20235230028629303,0.18632511235773563,0.48516127467155457,0.46620358526706696,0.447955634444952,0.0,0.0,0.0
基础款/6123.mp4,基础款,bank_good,0.286865234375,0.25115966796875,0.23883002065122128,0.4868338406085968,0.477273128926754,0.45167977549135685,0.22248096764087677,0.18950719758868217,0.18180960603058338,0.3986457288265228,0.39019685238599777,0.36973481997847557,0.0,0.0,0.0
基础款/6294.mp4,基础款,bank_good,0.2618408203125,0.23095703125,0.21197291743010283,0.4165736734867096,0.4032505601644516,0.3937421515583992,0.19477982819080353,0.1636039912700653,0.15726630575954914,0.3487117886543274,0.3347078338265419,0.32883722707629204,0.0,0.0,0.0
基础款/5685.mp4,基础款,bank_good,0.3477783203125,0.306182861328125,0.3007545471191406,0.4012974202632904,0.391898013651371,0.3840353861451149,0.26414763927459717,0.24955889582633972,0.24066833034157753,0.34575340151786804,0.32988065481185913,0.3245315533131361,0.0,0.0,0.0
基础款/7259.mp4,基础款,bank_good,0.3295356035232544,0.2872806116938591,0.24859661608934402,0.4443533718585968,0.4189191535115242,0.4087862279266119,0.21272416412830353,0.19052984565496445,0.1688141729682684,0.36872056126594543,0.35797119140625,0.3469186667352915,0.0,0.0,0.0
基础款/6910.mp4,基础款,bank_good,0.3492838442325592,0.295993372797966,0.2845950648188591,0.4040876030921936,0.3784528523683548,0.3746098130941391,0.2523637115955353,0.2170354686677456,0.2091618338599801,0.3395565152168274,0.3223051205277443,0.3201751708984375,0.0,0.0,0.0
基础款/6982.mp4,基础款,bank_good,0.298095703125,0.28839111328125,0.26781463623046875,0.4295305609703064,0.3796604722738266,0.3732485119253397,0.2329217791557312,0.22410540282726288,0.201265387237072,0.3602725863456726,0.32514863461256027,0.32119279727339745,0.0,0.0,0.0
基础款/6751.mp4,基础款,bank_good,0.37542724609375,0.3310818150639534,0.3166604433208704,0.5074288249015808,0.4890529066324234,0.46311623603105545,0.2989095151424408,0.27001550048589706,0.23385836742818356,0.42988497018814087,0.41786912828683853,0.3944206275045872,0.0,0.0,0.0
基础款/7241.mp4,基础款,bank_good,0.367431640625,0.3267415314912796,0.2976370919495821,0.4728655219078064,0.463330939412117,0.44059208407998085,0.2720889151096344,0.2554594501852989,0.22607728466391563,0.41229248046875,0.40332120656967163,0.3841792829334736,0.0,0.0,0.0
基础款/7341.mp4,基础款,bank_good,0.2762207090854645,0.25660844147205353,0.2411769526079297,0.3812430202960968,0.3771100789308548,0.3633270263671875,0.20515324175357819,0.18769893422722816,0.18193761352449656,0.3018439710140228,0.2937568202614784,0.2879741881042719,0.0,0.0,0.0
基础款/6118.mp4,基础款,bank_good,0.3134765625,0.2909206748008728,0.2622841726988554,0.4048549234867096,0.3792027086019516,0.36679076962172985,0.23991970717906952,0.209608294069767,0.19406937714666128,0.3331729769706726,0.3155517652630806,0.3073093183338642,0.0,0.0,0.0
基础款/6327.mp4,基础款,bank_good,0.3795166015625,0.25830078125,0.25674656592309475,0.42578125,0.4082990437746048,0.3987034410238266,0.3218587338924408,0.19951467588543892,0.20204523857682943,0.37545955181121826,0.35485120862722397,0.3483662325888872,0.0,0.0,0.0
基础款/6962.mp4,基础款,bank_good,0.2734375,0.26068115234375,0.23933955561369658,0.4661516547203064,0.4590671956539154,0.447123933583498,0.21270282566547394,0.18774397671222687,0.1816983623430133,0.3752656877040863,0.3711422234773636,0.3655005060136318,0.0,0.0,0.0
基础款/7031.mp4,基础款,bank_good,0.3399832546710968,0.2678353413939476,0.25461887288838625,0.4294782280921936,0.4112025573849678,0.40266091376543045,0.2272406667470932,0.1959470547735691,0.18686888553202152,0.3629581332206726,0.3510131910443306,0.34651026874780655,0.0,0.0,0.0
基础款/6174.mp4,基础款,bank_good,0.2980608344078064,0.2557198703289032,0.23622076958417892,0.467041015625,0.4557233601808548,0.44805472157895565,0.2187364399433136,0.1858757808804512,0.1772664375603199,0.4137178361415863,0.4112207740545273,0.4059533514082432,0.0,0.0,0.0
基础款/6887.mp4,基础款,bank_good,0.3267299234867096,0.251678466796875,0.2481842041015625,0.4927455484867096,0.4256940484046936,0.40775081142783165,0.26165956258773804,0.2015177384018898,0.1946592042222619,0.42100614309310913,0.34993069618940353,0.3387273885309696,0.0,0.0,0.0
基础款/6756.mp4,基础款,bank_good,0.39031982421875,0.3180062398314476,0.30739193595945835,0.4517822265625,0.4383457601070404,0.40079607255756855,0.30704209208488464,0.2535400390625,0.2366240667179227,0.3876953125,0.3767915517091751,0.3449002429842949,0.0,0.0,0.0
基础款/6321.mp4,基础款,bank_good,0.27239990234375,0.2575836181640625,0.2301668431609869,0.4471609890460968,0.4335981011390686,0.4167469572275877,0.19330929219722748,0.1767985075712204,0.16489086765795946,0.3713738024234772,0.3573814779520035,0.3439984042197466,0.0,0.0,0.0
基础款/6861.mp4,基础款,bank_good,0.2391357421875,0.22467041015625,0.210968017578125,0.4111676812171936,0.382402703166008,0.37923540361225605,0.1953473836183548,0.1776704341173172,0.16313758306205273,0.3262939453125,0.30863503366708755,0.3075754512101412,0.0,0.0,0.0
基础款/6338.mp4,基础款,bank_good,0.255126953125,0.219970703125,0.20819963701069355,0.4236711859703064,0.3937770277261734,0.38938577100634575,0.18109279870986938,0.1660243459045887,0.15869996044784784,0.35173842310905457,0.33689790219068527,0.33428214862942696,0.0,0.0,0.0
基础款/6357.mp4,基础款,bank_good,0.29241943359375,0.2455902099609375,0.23189544677734375,0.4346400797367096,0.4155709370970726,0.41381727159023285,0.19721554219722748,0.1723167821764946,0.1618199609220028,0.3725370466709137,0.3622562140226364,0.3604743033647537,0.0,0.0,0.0
基础款/7356.mp4,基础款,bank_good,0.331298828125,0.2900543212890625,0.27554866299033165,0.5000697374343872,0.4911847859621048,0.481039859354496,0.24295122921466827,0.21323179826140404,0.20697627868503332,0.4370691776275635,0.432373046875,0.42260069213807583,0.0,0.0,0.0
基础款/6944.mp4,基础款,bank_good,0.31108397245407104,0.29487304389476776,0.28768632374703884,0.4813058078289032,0.464590884745121,0.4598105289041996,0.2322782576084137,0.22354185581207275,0.21623018104583025,0.3504638671875,0.34813016653060913,0.3450662922114134,0.0,0.0,0.0
基础款/6384.mp4,基础款,bank_good,0.2888532280921936,0.2730887308716774,0.25659664161503315,0.4814278781414032,0.4082990288734436,0.3873323705047369,0.24842247366905212,0.21718698367476463,0.20293382555246353,0.36308377981185913,0.3419153615832329,0.31833087652921677,0.0,0.0,0.0
基础款/6018.mp4,基础款,bank_good,0.29034423828125,0.2234598807990551,0.20379596296697855,0.404541015625,0.3953988179564476,0.39047349989414215,0.18492087721824646,0.16766395792365074,0.15135590080171824,0.3177849352359772,0.31434721499681473,0.3113809507340193,0.0,0.0,0.0
基础款/6241.mp4,基础款,bank_good,0.307373046875,0.2610134482383728,0.2490043630823493,0.4423479437828064,0.3977835550904274,0.3942565955221653,0.240083247423172,0.1941659115254879,0.18559458293020725,0.3684441149234772,0.3343344181776047,0.33305717818439007,0.0,0.0,0.0
基础款/6800.mp4,基础款,bank_good,0.3624674379825592,0.2921820655465126,0.2747722212225199,0.4526890218257904,0.4333713948726654,0.41189683973789215,0.26131728291511536,0.2316562868654728,0.21257612481713295,0.38192570209503174,0.3653043806552887,0.34695277735590935,0.0,0.0,0.0
基础款/6863.mp4,基础款,bank_good,0.3157958984375,0.2704206109046936,0.2547100596129894,0.4186488687992096,0.3973039910197258,0.39375196397304535,0.24852263927459717,0.19015111401677132,0.1816335693001747,0.3563878536224365,0.34185700863599777,0.33864166773855686,0.0,0.0,0.0
基础款/6035.mp4,基础款,bank_good,0.36328125,0.3039398193359375,0.2816088357940316,0.5752825140953064,0.5205121785402298,0.49711172841489315,0.3095117211341858,0.23730546981096268,0.21753217466175556,0.5463077425956726,0.42181845009326935,0.42488591745495796,0.0,0.0,0.0
基础款/6163.mp4,基础款,bank_good,0.28546142578125,0.2431182861328125,0.2308438615873456,0.3557826578617096,0.3489467203617096,0.3450012244284153,0.2143179029226303,0.17203934490680695,0.1674119457602501,0.30674833059310913,0.3039245679974556,0.30085619539022446,0.0,0.0,0.0
基础款/7088.mp4,基础款,bank_good,0.2974853515625,0.2495574951171875,0.23717117309570312,0.42529296875,0.4146815836429596,0.41007886826992035,0.2322823703289032,0.1842186376452446,0.17684646788984537,0.37790095806121826,0.3667171597480774,0.36131892539560795,0.0,0.0,0.0
基础款/5834.mp4,基础款,bank_good,0.31793212890625,0.3032124936580658,0.2711452916264534,0.4061802327632904,0.3815351277589798,0.37813786044716835,0.2351491004228592,0.22125140950083733,0.20562254823744297,0.340087890625,0.33123599737882614,0.3245129343122244,0.0,0.0,0.0
基础款/6971.mp4,基础款,bank_good,0.32421875,0.262724369764328,0.24645778071135283,0.4603445827960968,0.425558902323246,0.4179338738322258,0.2231820970773697,0.2035725936293602,0.1938847228884697,0.3739803433418274,0.3590186536312103,0.3515037074685097,0.0,0.0,0.0
基础款/7395.mp4,基础款,bank_good,0.3021065890789032,0.269927978515625,0.2561122355982661,0.4415283203125,0.4175153449177742,0.40589468739926815,0.2329799085855484,0.2017791010439396,0.19386630784720182,0.3666812777519226,0.3542570322751999,0.3422555383294821,0.0,0.0,0.0
基础款/5837.mp4,基础款,bank_good,0.3265516459941864,0.2676849365234375,0.25812361016869545,0.453125,0.4410400465130806,0.43663896806538105,0.23885445296764374,0.21432005241513252,0.2072172900661826,0.39878934621810913,0.39280251413583755,0.388207383453846,0.0,0.0,0.0
基础款/6966.mp4,基础款,bank_good,0.3253417909145355,0.26956379413604736,0.2547346316277981,0.4658900797367096,0.4533429816365242,0.4488699771463871,0.2631250023841858,0.226349875330925,0.20035708136856556,0.41893094778060913,0.4088628441095352,0.4001837335526943,0.0,0.0,0.0
基础款/6832.mp4,基础款,bank_good,0.3089599609375,0.274810791015625,0.25684187188744545,0.4451381266117096,0.4301408976316452,0.42422267235815525,0.22464266419410706,0.1954839788377285,0.18583099357783794,0.3446906507015228,0.3399747908115387,0.33756659738719463,0.0,0.0,0.0
基础款/6988.mp4,基础款,bank_good,0.4402669370174408,0.31903076171875,0.2985243946313858,0.4934256374835968,0.4253975972533226,0.42006356455385685,0.3592936098575592,0.23543069139122963,0.22893552482128143,0.46992403268814087,0.360967293381691,0.35214592330157757,0.0,0.0,0.0
基础款/6841.mp4,基础款,bank_good,0.28887939453125,0.2512250579893589,0.24318749643862247,0.4335763156414032,0.3897356241941452,0.38326263055205345,0.21389222145080566,0.1819806769490242,0.16670400835573673,0.35735365748405457,0.330121211707592,0.327819149941206,0.0,0.0,0.0
基础款/6140.mp4,基础款,bank_good,0.31855469942092896,0.29833984375,0.2804306037724018,0.5043073296546936,0.498975470662117,0.4785167146474123,0.2370489239692688,0.2209017239511013,0.20454930141568184,0.46442368626594543,0.4374389722943306,0.40991771779954433,0.0,0.0,0.0
基础款/5725.mp4,基础款,bank_good,0.2998046875,0.26416015625,0.2517008688300848,0.4101213812828064,0.384634830057621,0.367818558588624,0.23539595305919647,0.19523219764232635,0.18733491655439138,0.33340275287628174,0.3111518397927284,0.29339352808892727,0.0,0.0,0.0
基础款/7231.mp4,基础款,bank_good,0.2978515625,0.2562391385436058,0.24781883973628283,0.4578683078289032,0.4071044921875,0.40758187510073185,0.2330877184867859,0.19107529893517494,0.1860636891797185,0.3684512972831726,0.34310733526945114,0.3400856480002403,0.0,0.0,0.0
基础款/5934.mp4,基础款,bank_good,0.3917410671710968,0.3310459703207016,0.3157523013651371,0.4772426187992096,0.4377310648560524,0.4082281943410635,0.2999230623245239,0.25960128754377365,0.2481702659279108,0.4143927991390228,0.3653465807437897,0.35435777716338634,0.0,0.0,0.0
基础款/6679.mp4,基础款,bank_good,0.304443359375,0.23271483927965164,0.22879638615995646,0.4150041937828064,0.4090140238404274,0.40270124562084675,0.2322794646024704,0.1645159050822258,0.1639668606221676,0.33896052837371826,0.335553340613842,0.33270847238600254,0.0,0.0,0.0
基础款/7463.mp4,基础款,bank_good,0.396484375,0.231658935546875,0.23103713989257812,0.4395926296710968,0.3893432691693306,0.38869149424135685,0.32966580986976624,0.17150623723864555,0.1751686055213213,0.37490665912628174,0.3411739468574524,0.3410855419933796,0.0,0.0,0.0
基础款/7358.mp4,基础款,bank_good,0.3468889594078064,0.3237479105591774,0.2710343645885587,0.4786725640296936,0.3805280476808548,0.36874062567949295,0.3021240234375,0.2748384103178978,0.22136837430298328,0.4264957308769226,0.34384874254465103,0.32033696211874485,0.0,0.0,0.0
基础款/7426.mp4,基础款,bank_good,0.2579345703125,0.2146759033203125,0.20916748046875,0.4239676296710968,0.4110369011759758,0.40413338504731655,0.1684919148683548,0.15150414779782295,0.14733232650905848,0.3540254533290863,0.35025741904973984,0.3467618152499199,0.0,0.0,0.0
基础款/5800.mp4,基础款,bank_good,0.3174370527267456,0.2871754989027977,0.26981141697615385,0.3895786702632904,0.3802664652466774,0.3717716746032238,0.22642144560813904,0.21930338442325592,0.2031494416296482,0.3270622789859772,0.321100577712059,0.3118811212480068,0.0,0.0,0.0
基础款/7237.mp4,基础款,bank_good,0.37335205078125,0.3175862655043602,0.31009819358587265,0.5265067219734192,0.4933820366859436,0.481618607416749,0.3152087926864624,0.2631734237074852,0.24997073505073786,0.4945894181728363,0.44284506887197495,0.4331122003495693,0.0,0.0,0.0
基础款/7005.mp4,基础款,bank_good,0.3780273497104645,0.3241780698299408,0.2833792557939887,0.49072265625,0.4092973992228508,0.40213448740541935,0.33358028531074524,0.2080807164311409,0.2068901201710105,0.44817039370536804,0.3688013479113579,0.35668855533003807,0.0,0.0,0.0
基础款/7091.mp4,基础款,bank_good,0.30731201171875,0.2759941965341568,0.2596689872443676,0.4545200765132904,0.4410226047039032,0.439525056630373,0.21220959722995758,0.20372296497225761,0.19074734207242727,0.4026525020599365,0.3845035284757614,0.3814136255532503,0.0,0.0,0.0
基础款/7534.mp4,基础款,bank_good,0.3323974609375,0.27373047173023224,0.23340301308780909,0.5076206922531128,0.5032697468996048,0.49136788584291935,0.2882486879825592,0.1883544884622097,0.15795206604525447,0.4587151110172272,0.4458950161933899,0.4372980445623398,0.0,0.0,0.0
基础款/7394.mp4,基础款,bank_good,0.3833821713924408,0.35944823920726776,0.299112556502223,0.5281633734703064,0.4485996663570404,0.4272123072296381,0.31076881289482117,0.2886775806546211,0.23564081080257893,0.4946468472480774,0.405688114464283,0.3790765628218651,0.0,0.0,0.0
基础款/6162.mp4,基础款,bank_good,0.2870008647441864,0.2433268278837204,0.2326321080327034,0.4512590765953064,0.4363534227013588,0.43383244425058365,0.194452702999115,0.18271007016301155,0.17857804615050554,0.3808844983577728,0.3747854679822922,0.3721347115933895,0.0,0.0,0.0
基础款/6584.mp4,基础款,bank_good,0.25091552734375,0.229736328125,0.21706771850585938,0.4224504828453064,0.4057965949177742,0.39595576748251915,0.21168869733810425,0.16905486583709717,0.16433950420469046,0.34658634662628174,0.3396938666701317,0.3318057358264923,0.0,0.0,0.0
基础款/6621.mp4,基础款,bank_good,0.29412841796875,0.2710549458861351,0.25730242021381855,0.4061104953289032,0.3899623230099678,0.38405391201376915,0.2128557413816452,0.2064063660800457,0.19899984076619148,0.3350183963775635,0.3290306627750397,0.32473822496831417,0.0,0.0,0.0
基础款/6262.mp4,基础款,bank_good,0.2918701171875,0.26190185546875,0.23914010357111692,0.4416155219078064,0.4311261773109436,0.4142041876912117,0.21577022969722748,0.18698184564709663,0.17645433358848095,0.3833366930484772,0.36977071315050125,0.3645858746021986,0.0,0.0,0.0
基础款/7446.mp4,基础款,bank_good,0.2556966245174408,0.2472330704331398,0.22869873233139515,0.4068429172039032,0.3928484246134758,0.38909912295639515,0.19565652310848236,0.18956723809242249,0.18096783012151718,0.33218204975128174,0.32699764519929886,0.3204745128750801,0.0,0.0,0.0
基础款/7052.mp4,基础款,bank_good,0.261474609375,0.2293177954852581,0.2098001753911376,0.4229910671710968,0.3843034952878952,0.38039725087583065,0.20726913213729858,0.1830105260014534,0.16498844977468252,0.35684025287628174,0.32841043919324875,0.3237986881285906,0.0,0.0,0.0
星月款/6265.mp4,星月款,bank_good,0.32366943359375,0.29387206584215164,0.26911428570747375,0.4590890109539032,0.453369140625,0.44200352393090725,0.22174394130706787,0.21477801725268364,0.20330531988292933,0.39035212993621826,0.38746732473373413,0.3756520878523588,0.0,0.0,0.0
星月款/7007.mp4,星月款,bank_good,0.35498046875,0.264984130859375,0.25136457197368145,0.3781040608882904,0.3517194539308548,0.34975760243833065,0.27758049964904785,0.20376911014318466,0.19442821107804775,0.33279240131378174,0.30782362818717957,0.30576324462890625,0.0,0.0,0.0
星月款/6564.mp4,星月款,bank_good,0.33355712890625,0.28107910603284836,0.27318589854985476,0.42236328125,0.3955078125,0.37978798896074295,0.24577219784259796,0.2263132743537426,0.21821513306349516,0.34874770045280457,0.3287443369626999,0.3191171567887068,0.0,0.0,0.0
星月款/6166.mp4,星月款,bank_good,0.293701171875,0.2491912841796875,0.23639509361237288,0.4279959499835968,0.3856898620724678,0.38051823154091835,0.2097749263048172,0.1945887990295887,0.18636261858046055,0.3519035875797272,0.3237340524792671,0.31719634495675564,0.0,0.0,0.0
星月款/7006.mp4,星月款,bank_good,0.3457573652267456,0.3079812154173851,0.2796048354357481,0.4088309109210968,0.3584507405757904,0.3476758636534214,0.29403409361839294,0.2500014528632164,0.22680684085935354,0.3399873673915863,0.30355654656887054,0.2973677646368742,0.0,0.0,0.0
星月款/6803.mp4,星月款,bank_good,0.34014892578125,0.2483961321413517,0.23844155203551054,0.4658203125,0.4291905090212822,0.4134576003998518,0.2411411851644516,0.1790916807949543,0.17543238308280706,0.3581758439540863,0.3422151356935501,0.33296046406030655,0.0,0.0,0.0
星月款/7305.mp4,星月款,bank_good,0.3147786557674408,0.2617730051279068,0.245111676864326,0.4104701578617096,0.4018729031085968,0.39453125186264515,0.22120225429534912,0.1963108852505684,0.18786437064409256,0.3510096073150635,0.3481481149792671,0.3453970495611429,0.0,0.0,0.0
星月款/7508.mp4,星月款,bank_good,0.31951904296875,0.311004638671875,0.2997068986296654,0.4300014078617096,0.4044276624917984,0.38939776085317135,0.26913824677467346,0.2615254297852516,0.2489689514040947,0.3626278042793274,0.3459742069244385,0.3380230162292719,0.0,0.0,0.0
星月款/7055.mp4,星月款,bank_good,0.3684895932674408,0.2884521484375,0.2617734279483557,0.4865024983882904,0.4782191663980484,0.46890367567539215,0.29538846015930176,0.2026083804666996,0.1879362128674984,0.4312169551849365,0.4173395484685898,0.4106788616627455,0.0,0.0,0.0
星月款/6558.mp4,星月款,bank_good,0.29443359375,0.2237447127699852,0.2161784702911973,0.4203055202960968,0.4001900777220726,0.39481244422495365,0.2374131977558136,0.1605890430510044,0.16285527404397726,0.3685733675956726,0.31578154116868973,0.31641971319913864,0.0,0.0,0.0
星月款/6760.mp4,星月款,bank_good,0.3198939859867096,0.1963239423930645,0.1968863345682621,0.5611572265625,0.5257175862789154,0.522430419921875,0.2352294921875,0.15151884779334068,0.1521607991307974,0.46638399362564087,0.44560062885284424,0.44501473009586334,0.0,0.0,0.0
星月款/7050.mp4,星月款,bank_good,0.40447998046875,0.2800659164786339,0.279693603515625,0.46142578125,0.395063117146492,0.3950892835855484,0.30810546875,0.21346644684672356,0.21562433894723654,0.4164823591709137,0.3327017277479172,0.33441296592354774,0.0,0.0,0.0
星月款/6902.mp4,星月款,bank_good,0.3914620578289032,0.3171522468328476,0.3063323013484478,0.5714808702468872,0.5397382229566574,0.4777374193072319,0.3445773720741272,0.24823905155062675,0.2383501259610057,0.49551570415496826,0.45278482884168625,0.4103050250560045,0.0,0.0,0.0
星月款/6004.mp4,星月款,bank_good,0.39306640625,0.317108154296875,0.3153012599796057,0.4882289469242096,0.4070260226726532,0.4025846254080534,0.3445521891117096,0.25757037848234177,0.25738673843443394,0.4484468400478363,0.3555872216820717,0.35000722482800484,0.0,0.0,0.0
星月款/6416.mp4,星月款,bank_good,0.3489118218421936,0.3397543802857399,0.32825068570673466,0.4569266140460968,0.3974086344242096,0.38881356455385685,0.2899848222732544,0.2780456617474556,0.2637890661135316,0.39598891139030457,0.34905826300382614,0.34103124402463436,0.0,0.0,0.0
星月款/6929.mp4,星月款,bank_good,0.390625,0.3068084716796875,0.29851507768034935,0.4435337483882904,0.4147774800658226,0.40215628407895565,0.3249240517616272,0.23812460526823997,0.2303757183253765,0.41209501028060913,0.36113784462213516,0.35272216983139515,0.0,0.0,0.0
星月款/6858.mp4,星月款,bank_good,0.34503173828125,0.3170710876584053,0.2976092370226979,0.5270821452140808,0.4675467312335968,0.45411246083676815,0.2703315019607544,0.253156378865242,0.23985997401177883,0.43303725123405457,0.39176850765943527,0.3922850638628006,0.0,0.0,0.0
星月款/6682.mp4,星月款,bank_good,0.421875,0.3311096280813217,0.2921606171876192,0.5385044813156128,0.5227268934249878,0.49640982784330845,0.36265623569488525,0.2348068691790104,0.22671029530465603,0.46544334292411804,0.45323359966278076,0.41172162257134914,0.0,0.0,0.0
星月款/6366.mp4,星月款,bank_good,0.3860677182674408,0.2883165255188942,0.2766558360308409,0.4494454562664032,0.4361310675740242,0.43200574442744255,0.30103081464767456,0.22198844328522682,0.21519370190799236,0.4181913435459137,0.3886682763695717,0.3865134287625551,0.0,0.0,0.0
星月款/7001.mp4,星月款,bank_good,0.2843967080116272,0.2534315288066864,0.23422665148973465,0.45751953125,0.4421996995806694,0.432342529296875,0.21304960548877716,0.1871337853372097,0.17803655937314034,0.38374239206314087,0.36867567896842957,0.36420845054090023,0.0,0.0,0.0
星月款/6732.mp4,星月款,bank_good,0.3158094584941864,0.2782033309340477,0.2676726449280977,0.4199567437171936,0.3901105523109436,0.38007681258022785,0.22280387580394745,0.20713652297854424,0.19961568340659142,0.32844093441963196,0.3197326734662056,0.31380193307995796,0.0,0.0,0.0
星月款/7105.mp4,星月款,bank_good,0.384765625,0.3215332105755806,0.3012678362429142,0.4217529296875,0.4095720648765564,0.3986020740121603,0.27560290694236755,0.23409288749098778,0.22196386940777302,0.3424431383609772,0.3368530198931694,0.32884328439831734,0.0,0.0,0.0
星月款/6388.mp4,星月款,bank_good,0.3114013671875,0.2557816803455353,0.25486693624407053,0.4275600016117096,0.4159371480345726,0.3997977115213871,0.26471105217933655,0.20563648641109467,0.20082034450024366,0.3576085567474365,0.3359339013695717,0.32960914075374603,0.0,0.0,0.0
星月款/6958.mp4,星月款,bank_good,0.32073974609375,0.2777535542845726,0.2505093514919281,0.5120849609375,0.4882507249712944,0.47991943359375,0.24224853515625,0.19620554149150848,0.18175375554710627,0.44632136821746826,0.4053344652056694,0.39983861334621906,0.0,0.0,0.0
森林款/6657.mp4,森林款,bank_good,0.3699079155921936,0.2996978759765625,0.2595454612746835,0.4180733859539032,0.4129638746380806,0.38836015947163105,0.2602267861366272,0.21854028850793839,0.1940696332603693,0.3584558963775635,0.34166043996810913,0.3341064490377903,0.0,0.0,0.0
森林款/7022.mp4,森林款,bank_good,0.3600667417049408,0.291534423828125,0.26753289345651865,0.404052734375,0.3774675726890564,0.3647875115275383,0.26437628269195557,0.23791732266545296,0.2068219855427742,0.3493867814540863,0.29444795846939087,0.2934848591685295,0.0,0.0,0.0
森林款/7101.mp4,森林款,bank_good,0.35906982421875,0.267822265625,0.2563605532050133,0.6126883625984192,0.5906023383140564,0.544992720708251,0.2557717263698578,0.20885512232780457,0.19829356484115124,0.4603092074394226,0.42442771047353745,0.40321619622409344,0.0,0.0,0.0
森林款/6037.mp4,森林款,bank_good,0.4501953125,0.3588358536362648,0.33373999036848545,0.4803641140460968,0.4089268371462822,0.39857264794409275,0.3650716245174408,0.28262416273355484,0.2691840445622802,0.4208553433418274,0.3526970371603966,0.34243370220065117,0.0,0.0,0.0
森林款/6530.mp4,森林款,bank_good,0.270263671875,0.2553863525390625,0.24187469482421875,0.5441719889640808,0.516980841755867,0.5102364607155323,0.20462839305400848,0.1847221553325653,0.17544231936335564,0.44123750925064087,0.42884647846221924,0.4216061718761921,0.0,0.0,0.0
森林款/6677.mp4,森林款,bank_good,0.40093994140625,0.2809709906578064,0.2712007788941264,0.5257393717765808,0.4931858703494072,0.48535483330488205,0.3085552155971527,0.20338520780205727,0.20284633059054613,0.46055692434310913,0.4135553687810898,0.41051281429827213,0.0,0.0,0.0
森林款/6217.mp4,森林款,bank_good,0.3985770046710968,0.3132476806640625,0.2973518371582031,0.4511370062828064,0.3973911851644516,0.39272853545844555,0.3104073703289032,0.2592596113681793,0.24283205345273018,0.37293198704719543,0.3461267873644829,0.3357427269220352,0.0,0.0,0.0
森林款/7122.mp4,森林款,bank_good,0.30389404296875,0.2651180699467659,0.2564799003303051,0.3751395046710968,0.3633204773068428,0.3547319658100605,0.24242538213729858,0.2028897926211357,0.19667480420321226,0.32276827096939087,0.31442350894212723,0.3093122597783804,0.0,0.0,0.0
森林款/6152.mp4,森林款,bank_good,0.3863932192325592,0.3009914830327034,0.29564331471920013,0.5028773546218872,0.391775943338871,0.37595476396381855,0.33344727754592896,0.24108901992440224,0.2337541151791811,0.45671170949935913,0.31538300961256027,0.30394789576530457,0.0,0.0,0.0
潜水款/7075.mp4,潜水款,bank_good,0.2912868857383728,0.2369791604578495,0.22412321157753468,0.4129464328289032,0.4016897901892662,0.3843034990131855,0.20394620299339294,0.16349098458886147,0.15977605059742928,0.32534611225128174,0.32147216796875,0.31341283954679966,0.0,0.0,0.0
潜水款/6779.mp4,潜水款,bank_good,0.3177490234375,0.28691405802965164,0.27093141339719296,0.3940604031085968,0.3768484890460968,0.3736038226634264,0.24823743104934692,0.22049551829695702,0.2071960410103202,0.33568617701530457,0.3293062224984169,0.32620351389050484,0.0,0.0,0.0
潜水款/6687.mp4,潜水款,bank_good,0.28448486328125,0.2485024556517601,0.24139749445021152,0.4658900797367096,0.4534388929605484,0.40657261572778225,0.20484024286270142,0.19076334685087204,0.18404668290168047,0.4204676151275635,0.41638901829719543,0.3616525996476412,0.0,0.0,0.0
潜水款/6160.mp4,潜水款,bank_good,0.3436104953289032,0.224853515625,0.22141919936984777,0.535400390625,0.4337899312376976,0.40871973894536495,0.2778455913066864,0.177734375,0.1752743199467659,0.38720703125,0.35334327816963196,0.3364841230213642,0.0,0.0,0.0
潜水款/7025.mp4,潜水款,bank_good,0.33343505859375,0.2964019775390625,0.26434671226888895,0.5015345811843872,0.4643685445189476,0.4480056744068861,0.245849609375,0.20737982168793678,0.1948299426585436,0.4115851819515228,0.3944002091884613,0.38509615883231163,0.0,0.0,0.0
潜水款/6784.mp4,潜水款,bank_good,0.3668212890625,0.2632598876953125,0.2430349076166749,0.4718191921710968,0.4697004109621048,0.46478816866874695,0.21715666353702545,0.199099812656641,0.1699004527181387,0.44373995065689087,0.4402070790529251,0.4361206479370594,0.0,0.0,0.0
潜水款/6983.mp4,潜水款,bank_good,0.25543212890625,0.2370343841612339,0.2218802310526371,0.3986118733882904,0.3859688937664032,0.3789694644510746,0.18593499064445496,0.18133310601115227,0.17154445871710777,0.32311293482780457,0.31945621967315674,0.3166665490716696,0.0,0.0,0.0
潜水款/6866.mp4,潜水款,bank_good,0.3503069281578064,0.2612152099609375,0.24814769253134727,0.4323904812335968,0.38494873046875,0.38236236199736595,0.3179154694080353,0.1929556056857109,0.18737025000154972,0.37712904810905457,0.33182839304208755,0.3282252997159958,0.0,0.0,0.0
潜水款/6905.mp4,潜水款,bank_good,0.4441266655921936,0.3495025634765625,0.3057632455602288,0.4695870578289032,0.4440743550658226,0.4192951787263155,0.37512555718421936,0.2742658331990242,0.2436387473717332,0.4204460680484772,0.4002739265561104,0.3758690766990185,0.0,0.0,0.0
潜水款/7253.mp4,潜水款,bank_good,0.4676513671875,0.3421587273478508,0.2982577383518219,0.5610002875328064,0.4109758585691452,0.42240033857524395,0.37111878395080566,0.2804635912179947,0.23581879306584597,0.48384004831314087,0.3430875837802887,0.36043660901486874,0.0,0.0,0.0
潜水款/7136.mp4,潜水款,bank_good,0.26776123046875,0.2445203997194767,0.2378332344815135,0.4111851155757904,0.4031720906496048,0.3930337093770504,0.18763099610805511,0.17591145634651184,0.1723459493368864,0.33542048931121826,0.3285558447241783,0.3256840445101261,0.0,0.0,0.0
潜水款/7032.mp4,潜水款,bank_good,0.30224609375,0.2266845703125,0.21810150146484375,0.5521937608718872,0.5361502319574356,0.5191781166940928,0.17972323298454285,0.1582467220723629,0.15493939351290464,0.44358915090560913,0.4219818040728569,0.4143627416342497,0.0,0.0,0.0
潜水款/7083.mp4,潜水款,bank_good,0.29876708984375,0.2349853478372097,0.22720391489565372,0.5212925672531128,0.5011247843503952,0.47404916025698185,0.2563990652561188,0.17685547098517418,0.1722640497609973,0.42428767681121826,0.407537117600441,0.39444552920758724,0.0,0.0,0.0
潜水款/6561.mp4,潜水款,bank_good,0.2919921875,0.267608642578125,0.24660492036491632,0.4131208062171936,0.3858381062746048,0.37831769697368145,0.21120041608810425,0.20270713791251183,0.18782043363898993,0.32554715871810913,0.31536684930324554,0.30782183073461056,0.0,0.0,0.0
潜水款/6877.mp4,潜水款,bank_good,0.3058035671710968,0.267281673848629,0.2577863419428468,0.4489397406578064,0.4291468933224678,0.4230858962982893,0.24029356241226196,0.195539690554142,0.18816468305885792,0.39634793996810913,0.3834443911910057,0.37758703902363777,0.0,0.0,0.0
潜水款/6594.mp4,潜水款,bank_good,0.3584682047367096,0.2568010538816452,0.24665723647922277,0.4704938530921936,0.4385201558470726,0.4230564646422863,0.2547471821308136,0.20197669044137,0.19122536201030016,0.3900505602359772,0.3767754063010216,0.36533714830875397,0.0,0.0,0.0
潜水款/6976.mp4,潜水款,bank_good,0.25341796875,0.2342790886759758,0.2218889519572258,0.4331926703453064,0.4028625413775444,0.39808001182973385,0.1953803151845932,0.17045475542545319,0.16430637799203396,0.3492252230644226,0.330945186316967,0.327880859375,0.0,0.0,0.0
潜水款/7483.mp4,潜水款,bank_good,0.33770751953125,0.3076368048787117,0.2730500353500247,0.4280657172203064,0.4125627726316452,0.4077486302703619,0.2567894458770752,0.2454933077096939,0.21600518934428692,0.3752872347831726,0.3586210235953331,0.35454222932457924,0.0,0.0,0.0
潜水款/6757.mp4,潜水款,bank_good,0.27471923828125,0.2582637146115303,0.24124308954924345,0.4086565375328064,0.4022129476070404,0.39105006493628025,0.20640525221824646,0.19941593706607819,0.1888049002736807,0.358154296875,0.35056260228157043,0.3442598208785057,0.0,0.0,0.0
潜水款/7398.mp4,潜水款,bank_good,0.29345703125,0.264404296875,0.23925454262644053,0.4464285671710968,0.435982845723629,0.42584664560854435,0.235076904296875,0.2084204964339733,0.1841348484158516,0.4053165316581726,0.39486873149871826,0.38698218762874603,0.0,0.0,0.0
潜水款/7114.mp4,潜水款,bank_good,0.3855329155921936,0.2867605984210968,0.2756707323715091,0.5298723578453064,0.4484165832400322,0.4433277752250433,0.3000372052192688,0.20879952237010002,0.20622844621539116,0.43403536081314087,0.39088889211416245,0.3877462465316057,0.0,0.0,0.0
潜水款/6225.mp4,潜水款,bank_good,0.3527018129825592,0.2845306396484375,0.2575422003865242,0.4095633327960968,0.3861868754029274,0.37740652821958065,0.2811869978904724,0.21657151356339455,0.2017854005098343,0.37547391653060913,0.34040024876594543,0.33134460262954235,0.0,0.0,0.0
潜水款/6337.mp4,潜水款,bank_good,0.369140625,0.33685302734375,0.3276895806193352,0.5181012749671936,0.4974103644490242,0.454427445307374,0.314604252576828,0.2629685252904892,0.24449705332517624,0.42739689350128174,0.4136747568845749,0.39202185347676277,0.0,0.0,0.0
潜水款/7175.mp4,潜水款,bank_good,0.24224853515625,0.2289564348757267,0.21978717390447855,0.3712681233882904,0.3628888726234436,0.3595929816365242,0.175827756524086,0.16860346496105194,0.16423499770462513,0.3154727816581726,0.30370913445949554,0.3000124767422676,0.0,0.0,0.0
潜水款/7399.mp4,潜水款,bank_good,0.34979248046875,0.3239201232790947,0.2983447480946779,0.4679478108882904,0.4584176167845726,0.45071846805512905,0.2885625958442688,0.24174147471785545,0.22524074465036392,0.4170927107334137,0.41077737510204315,0.3988669924438,0.0,0.0,0.0
潜水款/6326.mp4,潜水款,bank_good,0.2508370578289032,0.1983468160033226,0.1967539107427001,0.4036342203617096,0.3962140753865242,0.392475675791502,0.1664496511220932,0.1488294117152691,0.1475163772702217,0.3375244140625,0.3324495181441307,0.3258873429149389,0.0,0.0,0.0
潜水款/6741.mp4,潜水款,bank_good,0.302734375,0.2387542724609375,0.2321929931640625,0.4395228922367096,0.427987240254879,0.41650063917040825,0.1993272602558136,0.17352279648184776,0.17041850928217173,0.3623872697353363,0.3532409742474556,0.34461952932178974,0.0,0.0,0.0
甜品款/6052.mp4,甜品款,bank_good,0.38641357421875,0.290335513651371,0.27022824715822935,0.4315185546875,0.397835873067379,0.38410186767578125,0.3081806004047394,0.21828440576791763,0.21472305059432983,0.35289451479911804,0.3437069058418274,0.33480677753686905,0.0,0.0,0.0
甜品款/7606.mp4,甜品款,bank_good,0.3044782280921936,0.2455008327960968,0.24336460512131453,0.4210379421710968,0.4097987711429596,0.40738133154809475,0.20556640625,0.1900261752307415,0.18592241313308477,0.36483943462371826,0.3605131208896637,0.35603691451251507,0.0,0.0,0.0
甜品款/6536.mp4,甜品款,bank_good,0.34234619140625,0.3168487548828125,0.2916210722178221,0.5726493000984192,0.5484924167394638,0.5248587504029274,0.25938451290130615,0.2361363209784031,0.2210992770269513,0.5418593287467957,0.5106120109558105,0.47658628784120083,0.0,0.0,0.0
甜品款/6249.mp4,甜品款,bank_good,0.3581891655921936,0.2808314859867096,0.24622726440429688,0.5136893391609192,0.5026332437992096,0.4668900649994612,0.24384470283985138,0.21729278564453125,0.18691911548376083,0.4607795178890228,0.4408717378973961,0.41309053637087345,0.0,0.0,0.0
甜品款/6836.mp4,甜品款,bank_good,0.3099190890789032,0.268511101603508,0.2510635759681463,0.3735002875328064,0.3693673312664032,0.36109706573188305,0.2435573935508728,0.2023855485022068,0.19637624640017748,0.3261503279209137,0.3183503970503807,0.3134496361017227,0.0,0.0,0.0
甜品款/7128.mp4,甜品款,bank_good,0.3436104953289032,0.2865709587931633,0.26622717641294,0.4970005452632904,0.417776919901371,0.3970947228372097,0.2557237446308136,0.2196556180715561,0.20617799647152424,0.4268224239349365,0.3446296229958534,0.3371146693825722,0.0,0.0,0.0
甜品款/6345.mp4,甜品款,bank_good,0.28129881620407104,0.2570800855755806,0.2387044271454215,0.4125278890132904,0.377205990254879,0.36788068152964115,0.2135416716337204,0.200677290558815,0.18207439128309488,0.3439582288265228,0.30764950811862946,0.30045812390744686,0.0,0.0,0.0
甜品款/7034.mp4,甜品款,bank_good,0.32672119140625,0.2906951904296875,0.2823126036673784,0.3858468234539032,0.3813389465212822,0.3705727718770504,0.2743755280971527,0.2218393161892891,0.21645060647279024,0.33155733346939087,0.317339725792408,0.3110593892633915,0.0,0.0,0.0
甜品款/7184.mp4,甜品款,bank_good,0.2626953125,0.23797607421875,0.21760813519358635,0.4000418484210968,0.3906031921505928,0.385875154286623,0.18991181254386902,0.18469977751374245,0.1679797386750579,0.3386445939540863,0.33364687860012054,0.3295696470886469,0.0,0.0,0.0
甜品款/6936.mp4,甜品款,bank_good,0.3384331464767456,0.3161155954003334,0.2882976224645972,0.4544154703617096,0.4251272976398468,0.4200679250061512,0.282685250043869,0.2567030191421509,0.21854046266525984,0.41224581003189087,0.38523954153060913,0.37372005730867386,0.0,0.0,0.0
甜品款/6005.mp4,甜品款,bank_good,0.4123883843421936,0.3272879496216774,0.29329082276672125,0.4911411702632904,0.4833330437541008,0.4731903076171875,0.3152521252632141,0.2657674103975296,0.22603458166122437,0.4456607699394226,0.44174015522003174,0.42699836753308773,0.0,0.0,0.0
甜品款/7084.mp4,甜品款,bank_good,0.39959716796875,0.2731802836060524,0.2550324937328696,0.4538225531578064,0.4041660726070404,0.3962794691324234,0.3282645046710968,0.21473975479602814,0.19944163598120213,0.3802274763584137,0.35015151649713516,0.3434196952730417,0.0,0.0,0.0
甜品款/6786.mp4,甜品款,bank_good,0.3497721254825592,0.22235107421875,0.22343317605555058,0.4994942843914032,0.4874747171998024,0.4661363884806633,0.24039359390735626,0.17260856926441193,0.16945500019937754,0.43218275904655457,0.39698880165815353,0.3777461349964142,0.0,0.0,0.0
甜品款/6395.mp4,甜品款,bank_good,0.298828125,0.2433980330824852,0.22131638415157795,0.4605887234210968,0.4321637824177742,0.41535622999072075,0.20305989682674408,0.18161729350686073,0.1723950281739235,0.39621150493621826,0.3632148206233978,0.3578529357910156,0.0,0.0,0.0
甜品款/6830.mp4,甜品款,bank_good,0.3518415093421936,0.2592010498046875,0.2383951460942626,0.396484375,0.377310611307621,0.3691046591848135,0.2157931923866272,0.19565022364258766,0.1821170086041093,0.3366340100765228,0.31751565635204315,0.31199219450354576,0.0,0.0,0.0
甜品款/7234.mp4,甜品款,bank_good,0.3278459906578064,0.2612915113568306,0.24782962165772915,0.4734409749507904,0.4431544616818428,0.43212563171982765,0.2575819194316864,0.20610960945487022,0.19898166973143816,0.36980125308036804,0.3457587659358978,0.3384100943803787,0.0,0.0,0.0
甜品款/7178.mp4,甜品款,bank_good,0.29925537109375,0.2613983154296875,0.24251774232834578,0.4571445882320404,0.4268014058470726,0.4212401248514652,0.2387966513633728,0.19816188141703606,0.1798863187432289,0.3609583377838135,0.3545496389269829,0.3521018326282501,0.0,0.0,0.0
花花款/6548.mp4,花花款,bank_good,0.3125,0.266693115234375,0.2618865966796875,0.4783063530921936,0.4634748101234436,0.45210375264286995,0.238037109375,0.2056652270257473,0.19818718824535608,0.40127742290496826,0.3971225395798683,0.3891249280422926,0.0,0.0,0.0
花花款/6190.mp4,花花款,bank_good,0.2804827094078064,0.2540690079331398,0.24611869733780622,0.4004603922367096,0.3954467847943306,0.38953726924955845,0.21838107705116272,0.19666263088583946,0.1882478753104806,0.34644991159439087,0.3428434580564499,0.3384197484701872,0.0,0.0,0.0
花花款/6871.mp4,花花款,bank_good,0.2848074734210968,0.2632882222533226,0.24520656000822783,0.4844273030757904,0.48150634765625,0.43814958818256855,0.22617779672145844,0.2038993425667286,0.19019015599042177,0.43813908100128174,0.42562686651945114,0.3900510035455227,0.0,0.0,0.0
花花款/6668.mp4,花花款,bank_good,0.2470703125,0.2351292185485363,0.21987715270370245,0.4337594211101532,0.4173627495765686,0.4108521603047848,0.1762237548828125,0.16555946692824364,0.15955329220741987,0.3683687150478363,0.35912322252988815,0.3502718973904848,0.0,0.0,0.0
花花款/5949.mp4,花花款,bank_good,0.3087565004825592,0.2329152375459671,0.22913402784615755,0.4515729546546936,0.398093082010746,0.3889498021453619,0.21132811903953552,0.17468315735459328,0.1676875203847885,0.36262422800064087,0.3284723609685898,0.32610612362623215,0.0,0.0,0.0
花花款/6821.mp4,花花款,bank_good,0.4115668535232544,0.310577392578125,0.29734299797564745,0.5000523328781128,0.4634530246257782,0.44929831475019455,0.3305772542953491,0.2365926057100296,0.2322319420054555,0.4338127672672272,0.3983495309948921,0.38088383339345455,0.0,0.0,0.0
花花款/7069.mp4,花花款,bank_good,0.4257114827632904,0.2752816304564476,0.2593394685536623,0.5014823079109192,0.4387468546628952,0.4325267281383276,0.3240152895450592,0.20825696736574173,0.19969793315976858,0.42208683490753174,0.373883418738842,0.3686866760253906,0.0,0.0,0.0
花花款/6374.mp4,花花款,bank_good,0.3567940890789032,0.2900739461183548,0.2604755247011781,0.4852294921875,0.3785225972533226,0.38225337117910385,0.2730306088924408,0.23090709373354912,0.19930604379624128,0.40228271484375,0.33806294947862625,0.3313775882124901,0.0,0.0,0.0
花花款/6352.mp4,花花款,bank_good,0.3570556640625,0.3164215087890625,0.28907436691224575,0.4147251546382904,0.4092494398355484,0.4017922542989254,0.2960294485092163,0.23275475949048996,0.21544929593801498,0.373046875,0.33630549907684326,0.32801998406648636,0.0,0.0,0.0
花花款/6991.mp4,花花款,bank_good,0.32379150390625,0.28076171875,0.264495849609375,0.5629010796546936,0.4839172437787056,0.42618233896791935,0.275088369846344,0.20483100041747093,0.19688966404646635,0.4800450801849365,0.39096158742904663,0.3632392883300781,0.0,0.0,0.0
花花款/6865.mp4,花花款,bank_good,0.24249267578125,0.2183990478515625,0.20653751865029335,0.4494280219078064,0.4459054097533226,0.4399544857442379,0.1782362163066864,0.16876063868403435,0.15675611048936844,0.39002183079719543,0.3862430304288864,0.3821586165577173,0.0,0.0,0.0
花花款/6815.mp4,花花款,bank_good,0.29412841796875,0.2664882019162178,0.24697385355830193,0.4727434515953064,0.4597952738404274,0.4558345265686512,0.19751602411270142,0.18683236092329025,0.17094869911670685,0.41158878803253174,0.39471615850925446,0.3936408534646034,0.0,0.0,0.0
花花款/6767.mp4,花花款,bank_good,0.350341796875,0.3288138285279274,0.2771831713616848,0.4706159234046936,0.3978620171546936,0.38983481004834175,0.28085166215896606,0.23594188317656517,0.21262150537222624,0.38392549753189087,0.3343685418367386,0.324779961258173,0.0,0.0,0.0
花花款/7013.mp4,花花款,bank_good,0.2790178656578064,0.235107421875,0.22601372934877872,0.4592110812664032,0.4432765319943428,0.43601226434111595,0.1882053017616272,0.17160170525312424,0.1637473776936531,0.38733986020088196,0.3788479194045067,0.37022601813077927,0.0,0.0,0.0
花花款/7269.mp4,花花款,bank_good,0.3411690890789032,0.2927573099732399,0.2623721547424793,0.4339076578617096,0.3919416144490242,0.3883514404296875,0.2504185140132904,0.23792201653122902,0.20040505845099688,0.34194767475128174,0.3240625709295273,0.3201424106955528,0.0,0.0,0.0
花花款/6646.mp4,花花款,bank_good,0.3618977963924408,0.3185163289308548,0.2813221151009202,0.4705636203289032,0.434892937541008,0.43076215498149395,0.2869466245174408,0.24120723828673363,0.2232053354382515,0.43706199526786804,0.38863417506217957,0.3815146032720804,0.0,0.0,0.0
花花款/7040.mp4,花花款,bank_good,0.3916015625,0.2740885391831398,0.2667027413845062,0.4861362874507904,0.4766366109251976,0.4479261115193367,0.3416045308113098,0.21730883046984673,0.21116475015878677,0.4100090563297272,0.40305641293525696,0.3783775772899389,0.0,0.0,0.0
花花款/6423.mp4,花花款,bank_good,0.3953857421875,0.3306928426027298,0.32260676845908165,0.4731968343257904,0.458809994161129,0.434112548828125,0.29082781076431274,0.2636517733335495,0.24751708284020424,0.40469539165496826,0.39365970343351364,0.3769369702786207,0.0,0.0,0.0
花花款/6003.mp4,花花款,bank_good,0.2178955078125,0.2024993896484375,0.19446945190429688,0.4789341390132904,0.4651620015501976,0.45977238193154335,0.16091997921466827,0.15493852645158768,0.14863469172269106,0.37417423725128174,0.362567663192749,0.3599685225635767,0.0,0.0,0.0
花花款/6970.mp4,花花款,bank_good,0.3348388671875,0.2997182235121727,0.2681712172925472,0.443115234375,0.3958216980099678,0.3842141292989254,0.27138420939445496,0.22670938819646835,0.2076027961447835,0.3709716796875,0.35228414088487625,0.33057133853435516,0.0,0.0,0.0
花花款/5603.mp4,花花款,bank_good,0.3214355409145355,0.28111571073532104,0.2576675396412611,0.4125278890132904,0.3990652784705162,0.3747231587767601,0.24484173953533173,0.20142080262303352,0.18790914304554462,0.3083855211734772,0.2979125902056694,0.28641644679009914,0.0,0.0,0.0
花花款/7090.mp4,花花款,bank_good,0.27031248807907104,0.23150634765625,0.20579121820628643,0.5253731608390808,0.5140206217765808,0.4956839345395565,0.20945388078689575,0.17724609375,0.15855421125888824,0.46369126439094543,0.448694571852684,0.43374050594866276,0.0,0.0,0.0
