stem,det_rate,area_mean,area_cv,area_max_ratio,c_cons_min,c_cons_bot3,c_cons_mean,c_cons_std,c_self_min,c_self_std,c_first_last
d65146967bd5d8b3d6a20372a090f892,1.0,0.09391044825315475,0.03166956827044487,1.1184306144714355,0.9552467465400696,0.9631145596504211,0.9793038964271545,0.010539041832089424,0.966340184211731,0.00783469621092081,0.9426161050796509
623283031144918701ff00756bbff9e5,1.0,0.03787272050976753,0.28424525260925293,4.260051250457764,0.6839459538459778,0.700228214263916,0.9113050103187561,0.12199992686510086,0.7541238069534302,0.07130991667509079,0.8742440342903137
4f95a8bc31851629a3a3d20087ed3083,1.0,0.03481358289718628,0.0217733271420002,1.0644973516464233,0.9804086089134216,0.9826372265815735,0.9909544587135315,0.005139680113643408,0.95216965675354,0.011027391999959946,0.9194356799125671
1dde93293abd56023af8238960979b3b,1.0,0.19724714756011963,0.20895926654338837,2.010626792907715,0.9618359804153442,0.9730857014656067,0.986575722694397,0.008667978458106518,0.9656925797462463,0.007212424650788307,0.950587272644043
f9a84abe86a77763fb64a7407043d881,1.0,0.06213605776429176,0.6981566548347473,5.078897476196289,0.697424054145813,0.7659403681755066,0.9381285309791565,0.09250172227621078,0.7744433879852295,0.06604719907045364,0.8838467597961426
a400e3f6d8a03acf45c1ebe779aaa5f6,1.0,0.09593343734741211,0.2872704863548279,2.1352550983428955,0.505468487739563,0.5182297229766846,0.8822221755981445,0.18234245479106903,0.641891360282898,0.10896627604961395,0.5125334858894348
dcc37d479ecbd69ee0dcfd7e6c993c43,1.0,0.05564964935183525,0.06988600641489029,1.3578953742980957,0.9537721276283264,0.9596368670463562,0.9804390072822571,0.013535652309656143,0.965303361415863,0.007064804434776306,0.9369703531265259
34f61dc6f45300466b2c4b9161f7bfde,1.0,0.028385192155838013,0.033225320279598236,1.1271566152572632,0.9462625980377197,0.959766685962677,0.9836279153823853,0.014797832816839218,0.94191974401474,0.012976052239537239,0.9255729913711548
8fa1bc8fc96667f6bb7fe02c24bc229e,1.0,0.14029362797737122,0.25622624158859253,2.235671281814575,0.975587010383606,0.9770157337188721,0.984744668006897,0.006344587542116642,0.9475418329238892,0.011909629218280315,0.9144952297210693
4b2a46fa5e2cbcd9030620ae6b6d7ca8,1.0,0.10056152194738388,0.5598413348197937,5.69911527633667,0.6311202049255371,0.6390399932861328,0.8969778418540955,0.1525181233882904,0.8026016354560852,0.05246852710843086,0.9086859226226807
0180643b8a4cbea0dacee2ec07c30abc,1.0,0.020751897245645523,0.027964066714048386,1.101043462753296,0.9046225547790527,0.9453064799308777,0.9770413041114807,0.02131393924355507,0.8995870351791382,0.02187265455722809,0.8462427854537964
dca64229e6f2cd19c3998f97df1663f7,1.0,0.3561708629131317,0.010787623934447765,1.0313520431518555,0.9722259044647217,0.9777800440788269,0.9873834848403931,0.00710995402187109,0.9703062176704407,0.0058700526133179665,0.9512490630149841
ffc1bfa0600c3f0b3fd74c020188a0f4,1.0,0.05978889390826225,0.23990561068058014,1.8249186277389526,0.9405292272567749,0.9489006996154785,0.9739235639572144,0.01608479581773281,0.9578859210014343,0.01002234872430563,0.9304864406585693
df54912f8a3235fc03d35bb3e1db48a1,1.0,0.10470427572727203,0.06151562184095383,1.2124063968658447,0.9629555940628052,0.972320020198822,0.9849594831466675,0.007589107844978571,0.9847543239593506,0.0032270627561956644,0.9806545972824097
6bfb66da4da9e4e4edc452b7b1e81a40,1.0,0.01728273741900921,0.00890252273529768,1.0347075462341309,0.9751759171485901,0.978369951248169,0.9881582260131836,0.005716551560908556,0.9859457015991211,0.002728821011260152,0.9837631583213806
aa980fb1688b7d6e88524e3ce3234ed4,1.0,0.04843779653310776,0.5022736191749573,2.8593289852142334,0.5949192047119141,0.6005925536155701,0.8108848929405212,0.1803712099790573,0.8417060971260071,0.044187963008880615,0.6268469095230103
a8678b183370e015a1d39e69fc4bc2d7,1.0,0.07565656304359436,0.0334189273416996,1.147613525390625,0.9429620504379272,0.9566996693611145,0.9762712717056274,0.012981404550373554,0.962067723274231,0.009268764406442642,0.9267759323120117
adf18ffe3824df02b6f1db0037fcf60d,1.0,0.10329760611057281,0.8504887819290161,9.312994956970215,0.5928980112075806,0.6001293659210205,0.8840939998626709,0.16879476606845856,0.7126936912536621,0.08884531259536743,0.9413369297981262
066e39f4afb2254d3085e4e8a1172493,1.0,0.028000175952911377,0.007361831609159708,1.030890941619873,0.9536075592041016,0.9747611880302429,0.9906197786331177,0.010769050568342209,0.9574360251426697,0.00906893890351057,0.9529540538787842
ed384e646526c8e9444462ff18d20306,1.0,0.03538411110639572,0.0709187462925911,1.4066797494888306,0.9615992903709412,0.9761946201324463,0.9903199672698975,0.008849181234836578,0.9668627977371216,0.006730617955327034,0.9519065618515015
93fe14ec32db9d9088988f2237dc5e9d,1.0,0.21611450612545013,0.9841720461845398,10.063369750976562,0.7262700200080872,0.7488090991973877,0.8661558628082275,0.1097307801246643,0.8943964242935181,0.02437697909772396,0.9314092397689819
41cc014dc3ef427a70e03e8da72c2ad0,1.0,0.11682216078042984,0.9340794086456299,13.046051979064941,0.6241493225097656,0.6313326954841614,0.7838910222053528,0.16468916833400726,0.8829551339149475,0.017635749652981758,0.6458078622817993
4035b700ddc3d6f9445416904a20a9bc,1.0,0.02438565157353878,0.1417851597070694,1.9236992597579956,0.9233884215354919,0.9327242374420166,0.964403510093689,0.01930057816207409,0.943927526473999,0.01388322003185749,0.9249026775360107
784ca61b706317b3fd3a35a82341f09f,1.0,0.19207893311977386,0.4205711781978607,2.9289445877075195,0.9272817373275757,0.9492741227149963,0.9806007146835327,0.01834937185049057,0.9618725776672363,0.007285709492862225,0.9640287756919861
d46b1f8dde6151afc082eaed3dbc0602,1.0,0.8124316334724426,0.01984938606619835,1.0703203678131104,0.9796679615974426,0.9808064103126526,0.9899351000785828,0.00550655135884881,0.9679771065711975,0.007729807402938604,0.9473674297332764
affe01b145a1520805cb9af501dd8475,1.0,0.052967049181461334,0.05886470898985863,1.2146416902542114,0.9683094620704651,0.9693883061408997,0.9826646447181702,0.00895716343075037,0.9824361801147461,0.00377467623911798,0.9604818820953369
921e9f4257d8847617c0e423f1499813,1.0,0.17650817334651947,0.4747369587421417,2.8338706493377686,0.7286181449890137,0.7328162789344788,0.8930755257606506,0.12520988285541534,0.9014489054679871,0.008248643949627876,0.9323557615280151
3214e88e0de91722f09a76c892a10a4d,1.0,0.192836731672287,0.012235179543495178,1.045706033706665,0.986662745475769,0.9893379211425781,0.9934071898460388,0.0027015425730496645,0.9866089224815369,0.0026583722792565823,0.9764531850814819
acb7776d2f71a3283a8633ecab9fdab3,1.0,0.05065883323550224,0.5249584913253784,6.701912879943848,0.8477813005447388,0.892113983631134,0.9674473404884338,0.04141467064619064,0.8766749501228333,0.037028998136520386,0.8194515109062195
3ce4280eef9f1f905b951efccc1c0db7,1.0,0.20118942856788635,0.5252902507781982,7.027975559234619,0.7655864953994751,0.7812530398368835,0.9504128694534302,0.0849369615316391,0.875260055065155,0.041080720722675323,0.7912886142730713
7612093cc5f5586b0cb993ae670e94fc,1.0,0.7708232998847961,0.00913834199309349,1.02694571018219,0.9672358632087708,0.9707388877868652,0.9873901605606079,0.00995410606265068,0.9774380326271057,0.004521469585597515,0.9796708822250366
25a22289e8f1abf807ccbb78fbbdd670,1.0,0.1448754519224167,0.024323970079421997,1.0919015407562256,0.981135368347168,0.982954204082489,0.9901782870292664,0.004739795811474323,0.9685204029083252,0.005598039831966162,0.936285138130188
9d967f66a02727cddfb8faef03e2c8a0,1.0,0.084095299243927,0.13276943564414978,1.5515754222869873,0.9514909982681274,0.9606590270996094,0.9760882258415222,0.01013471744954586,0.9487202167510986,0.009745437651872635,0.8950937986373901
e3584577fed68da28f382dc5c500592a,1.0,0.13054801523685455,0.4717714488506317,2.8044495582580566,0.8195235729217529,0.8270772099494934,0.9165283441543579,0.0767948180437088,0.9381595849990845,0.007103809621185064,0.8346755504608154
9dfd08e4d9e3f58c189359a5aab7517a,1.0,0.09342636168003082,0.01760060153901577,1.0718410015106201,0.9506040811538696,0.9578673839569092,0.9814741611480713,0.013649875298142433,0.971031665802002,0.007898081094026566,0.9599143862724304
8c4f4457d8edcc69d90ff5c87c913822,1.0,0.0498664565384388,0.679771900177002,8.57235336303711,0.7748515009880066,0.8531611561775208,0.952046275138855,0.05855034664273262,0.8776252865791321,0.023407965898513794,0.9567461609840393
44bf00670d664b44362cf902e7a16f75,1.0,0.06289510428905487,0.02572581171989441,1.1043202877044678,0.9411979913711548,0.9535406231880188,0.9796409010887146,0.015642965212464333,0.9477840662002563,0.011144940741360188,0.914393424987793
9220df86-4ab7-4510-9b4d-aa0b1a660578,1.0,0.05044504255056381,0.02964535541832447,1.102447509765625,0.9646788835525513,0.9652101993560791,0.9799835681915283,0.00928131490945816,0.9715851545333862,0.005501840263605118,0.9602034687995911
4aa88f5dd71d2391966dbf3053b4c889,1.0,0.04719230532646179,0.0223615113645792,1.0802767276763916,0.9752786159515381,0.9764476418495178,0.985958456993103,0.0063369134441018105,0.9713001847267151,0.005359024740755558,0.9585479497909546
d9a0a72b4d5a54583cac5f8a0fe0e3c7,1.0,0.15045461058616638,0.03945973142981529,1.1567391157150269,0.9659749269485474,0.9684661030769348,0.9832391738891602,0.0096827931702137,0.9753937125205994,0.005511790979653597,0.9650149345397949
d9333173af83d0b0613ff5c4a23ad060,1.0,0.20208483934402466,0.14007389545440674,1.7142176628112793,0.8510371446609497,0.8758261799812317,0.9684893488883972,0.048027146607637405,0.9367039799690247,0.01219816505908966,0.8089847564697266
e175ee3f7440cf33d69370c6d976609d,1.0,0.19867338240146637,0.021851032972335815,1.069995403289795,0.9813071489334106,0.9856938719749451,0.9921073913574219,0.004574466496706009,0.9724159836769104,0.005419809836894274,0.9382144808769226
1f658fbc701b339d7a9b25366d0d9462,1.0,0.09252767264842987,0.32696670293807983,2.7488086223602295,0.9425560235977173,0.9577334523200989,0.9800112247467041,0.01339664775878191,0.9506963491439819,0.00952509231865406,0.9247970581054688
201b73d9e429ce92222303d9b76d9c85,1.0,0.23534399271011353,1.3018224239349365,16.57646942138672,0.5598582029342651,0.7976646423339844,0.9340201616287231,0.10332325845956802,0.6992982029914856,0.09691702574491501,0.5304476022720337
cbd0a512bdcfc54fe5e8889611db7590,1.0,0.026823334395885468,0.05491022765636444,1.209579348564148,0.9549535512924194,0.9709994196891785,0.986592173576355,0.010256015695631504,0.9602553844451904,0.008301935158669949,0.9572620987892151
2b5e0a54d4fe29eae471a10c82b87be2,1.0,0.058562085032463074,0.1269778311252594,1.475096344947815,0.9029820561408997,0.9335067868232727,0.9667966961860657,0.022185388952493668,0.9266207218170166,0.01728067919611931,0.946998655796051
6bbdfb8359b2a00653c0af12fff70c0c,1.0,0.17549699544906616,0.03850426897406578,1.1069591045379639,0.9769521951675415,0.9811142086982727,0.9907321333885193,0.006362873129546642,0.952964186668396,0.010617579333484173,0.9340911507606506
766884c0e809981ccc6b3e3bb1d299d1,1.0,0.11244254559278488,0.20055340230464935,2.071122884750366,0.5373110175132751,0.5396540760993958,0.8849257230758667,0.17335078120231628,0.6783213019371033,0.10895595699548721,0.4883841872215271
845c1e928130b4d066e99b2f053f3b95,1.0,0.05789577215909958,0.05062754079699516,1.1628737449645996,0.9671149849891663,0.9702698588371277,0.9824748635292053,0.007938067428767681,0.9732544422149658,0.005062620155513287,0.9512152075767517
e8b92f26def8f49e93e06a60ff430b62,1.0,0.07099306583404541,0.20191361010074615,1.9613724946975708,0.9525188207626343,0.9633815288543701,0.9806846976280212,0.011365802958607674,0.9313851594924927,0.013149159029126167,0.8791414499282837
3f25e9ca98c3aa5e6fc32db828719993,1.0,0.1131993755698204,0.7110558748245239,4.143130302429199,0.6439867615699768,0.7064159512519836,0.9158508777618408,0.11890504509210587,0.7693436145782471,0.06976255774497986,0.897575855255127
130def6a779c05c38e0e3b5eadee7c17,1.0,0.05474261939525604,0.05905517190694809,1.2194410562515259,0.9580478668212891,0.9655858874320984,0.9841830134391785,0.011890643276274204,0.9543886780738831,0.010699453763663769,0.9240906834602356
7db2d6511e29a46a252cafcabf090001,1.0,0.123326376080513,0.14041510224342346,1.7653220891952515,0.9359498023986816,0.9415411949157715,0.9724719524383545,0.0190132986754179,0.9556107521057129,0.008966968394815922,0.9297900795936584
9e5738dac667168b236a438572a58b43,1.0,0.10067252814769745,0.17360280454158783,1.707538366317749,0.9752967357635498,0.9760249257087708,0.9860345125198364,0.006097832228988409,0.9524883031845093,0.011315292678773403,0.9214724898338318
dd6c31335e97c68c0dd8252b84da9352,1.0,0.35520005226135254,0.5893167853355408,8.255972862243652,0.8851921558380127,0.9006797671318054,0.9618659615516663,0.03383288532495499,0.905824601650238,0.024095304310321808,0.8829455375671387
2a2cc87d6709bfbd6d48e103b08e06a1,1.0,0.09425467252731323,0.5205941200256348,6.095630645751953,0.6081371307373047,0.6107427477836609,0.8865101933479309,0.16342055797576904,0.7950662970542908,0.0734306126832962,0.9701112508773804
939c3e8635009a822f48fa7597d87571,1.0,0.162357360124588,0.4836171865463257,2.934394359588623,0.8222564458847046,0.9335171580314636,0.9827253818511963,0.042960274964571,0.9177150726318359,0.013279689475893974,0.7729986906051636
1df69787eec4647f2ef8596b03c5ba77,1.0,0.12018352001905441,0.9386876821517944,6.252791881561279,0.8242394328117371,0.8445227742195129,0.9301227927207947,0.05612175911664963,0.8940348625183105,0.027577700093388557,0.9723048806190491
0ce36f6af09d12cdf033b7df7f1c944d,1.0,0.14198297262191772,0.7029870748519897,10.85622787475586,0.7505117654800415,0.7557070255279541,0.8735160231590271,0.10197389125823975,0.8880555629730225,0.02415827475488186,0.9545369148254395
28441bf22c31a05db9f581637f49283f,1.0,0.05246712267398834,0.03918595239520073,1.1704121828079224,0.9186325669288635,0.9394949078559875,0.9728128910064697,0.019625181332230568,0.9321284294128418,0.016056640073657036,0.9159107208251953
0569edf094510badc3f16c11d0b09925,1.0,0.11480974406003952,0.023428209125995636,1.0744268894195557,0.959730327129364,0.9679664969444275,0.9831063151359558,0.009124036878347397,0.96934574842453,0.0057520437985658646,0.9704490900039673
01609fa316c492f52da8ab90afd4495c,1.0,0.05717438459396362,0.04913976415991783,1.2083182334899902,0.9438720941543579,0.9549643397331238,0.9777597188949585,0.01279686763882637,0.956256628036499,0.008422141894698143,0.9536339640617371
a21a0e89f4d6db0cccfd5a7cbf0e2cc4,1.0,0.07024554908275604,0.009896072559058666,1.0312347412109375,0.9335216879844666,0.9660560488700867,0.9880369305610657,0.015561020001769066,0.9483548402786255,0.011642632074654102,0.9305914640426636
e06f0735635571a365fd4c7e1fe04739,1.0,0.10810403525829315,0.024706821888685226,1.0753732919692993,0.9317761659622192,0.9445889592170715,0.972445547580719,0.017728887498378754,0.9634189009666443,0.00834615807980299,0.9691028594970703
25a2d4ecc1405c2bcc5c15a4b05fe2dd,1.0,0.06483224779367447,0.1510538011789322,2.5646309852600098,0.5699402093887329,0.6491613984107971,0.8977582454681396,0.13961288332939148,0.6428072452545166,0.09073126316070557,0.9668146967887878
e3c49959cb3396be679c49fe22337f72,1.0,0.052539147436618805,0.06932496279478073,1.2393698692321777,0.8102394938468933,0.9067874550819397,0.964840829372406,0.04278523102402687,0.8522918820381165,0.031761929392814636,0.8366801738739014
527456dc732a70f56929773bb6a0c1c8,1.0,0.07028431445360184,0.7503206133842468,8.21950912475586,0.5240627527236938,0.5333626866340637,0.8365429043769836,0.2030954658985138,0.8213365077972412,0.020269725471735,0.5051030516624451
d46428a431b1c13d32e161e7bc0960be,1.0,0.1052556186914444,0.8600800633430481,5.297343730926514,0.8291002511978149,0.8438310027122498,0.9491847157478333,0.060811597853899,0.8898658156394958,0.02923387661576271,0.913451075553894
5dcd54ee2c33289cb14e76736b993add,1.0,0.07747113704681396,0.1762963980436325,1.562878131866455,0.6605468988418579,0.6708593964576721,0.9184514880180359,0.12423432618379593,0.8499446511268616,0.040747981518507004,0.6533739566802979
4c02e27dd8c6d36492548e3af6c7f747,1.0,0.07861131429672241,1.1787229776382446,8.254863739013672,0.7228982448577881,0.8162681460380554,0.9546650648117065,0.0853535607457161,0.750554084777832,0.05693921446800232,0.9584394693374634
a17c0a0cd2e6a81dbc934e3958aede27,1.0,0.07703220844268799,0.01915699429810047,1.0766265392303467,0.9332931041717529,0.9534422755241394,0.9731143712997437,0.013731935061514378,0.9483141303062439,0.008929784409701824,0.8870265483856201
96fe54878560f0feb8600423637358be,1.0,0.053375281393527985,0.05443516746163368,1.2042208909988403,0.9771184921264648,0.979442298412323,0.9869771599769592,0.0055466946214437485,0.979759693145752,0.0035598899703472853,0.9833669662475586
983124d4095250930bc3a33470fb8757,1.0,0.038440123200416565,0.1674652099609375,1.7275477647781372,0.9491862058639526,0.9607887268066406,0.9787857532501221,0.012235223315656185,0.941982626914978,0.013506162911653519,0.918913722038269
e9c65f6c4e235c3101732ec5b62fca45,1.0,0.03874136507511139,0.06376925110816956,1.3137571811676025,0.9569423198699951,0.9663097858428955,0.9793226718902588,0.008426065556704998,0.9710479974746704,0.0061890361830592155,0.9533373117446899
a8a4f68aada0b3d0a6ec250d6273a519,1.0,0.12602278590202332,0.5539066195487976,10.561751365661621,0.7002842426300049,0.7525163292884827,0.9384020566940308,0.09543155878782272,0.8310116529464722,0.05288653448224068,0.7240610122680664
fbe05e31951ffd55086cba7f824cb701,1.0,0.04921168088912964,0.04584303870797157,1.1184927225112915,0.9276099801063538,0.9449679851531982,0.9792477488517761,0.01938989944756031,0.9412630796432495,0.012012921273708344,0.908822774887085
c7109628fdb45e56a1a8d2da66f75981,1.0,0.05810258537530899,0.05842885375022888,1.2613149881362915,0.9315495491027832,0.9411839842796326,0.9759389162063599,0.01925753802061081,0.9417605400085449,0.012880727648735046,0.9357786774635315
e58604ddbfcf329f6c5a654b95d23347,1.0,0.1040748730301857,0.07583318650722504,1.2802432775497437,0.9630784392356873,0.9686465263366699,0.9833389520645142,0.009266626089811325,0.9743654727935791,0.0040721888653934,0.9563121795654297
119a2a6bc29c0ee69102f71bbfa70808,1.0,0.3526008725166321,0.014690747484564781,1.0576871633529663,0.9689825177192688,0.9723777770996094,0.9851033687591553,0.007610895670950413,0.9748131036758423,0.005824160296469927,0.9581615924835205
e13afd31650cb8d2df79816bfde1d6ec,1.0,0.0172697976231575,0.03955809399485588,1.1625064611434937,0.9522901177406311,0.9562283158302307,0.9745277762413025,0.012365173548460007,0.9598107933998108,0.008203507401049137,0.927653431892395
7ee63ad38026c5959f7f4e46cf9ca80a,1.0,0.06249914690852165,0.39843663573265076,3.2675514221191406,0.8252941370010376,0.8571126461029053,0.9477367997169495,0.05161353573203087,0.8518320322036743,0.03083508275449276,0.8852683305740356
f44af20c8ad4cfc8b5741616a2974887,1.0,0.2471177577972412,0.6735405921936035,7.47629976272583,0.7914248108863831,0.7984587550163269,0.9169334769248962,0.09017765522003174,0.9262349009513855,0.01349174976348877,0.9614744186401367
4139dda521b6a611c491b363d8667b08,1.0,0.11528557538986206,1.3934059143066406,13.00937557220459,0.6175819635391235,0.7083582878112793,0.9102727174758911,0.11727026104927063,0.6803305149078369,0.06924784928560257,0.8941217660903931
783f47f686ffddd8463123579f1439c8,1.0,0.0786052793264389,0.2066684514284134,2.059309244155884,0.9512642621994019,0.9596289992332458,0.9807603359222412,0.012508763000369072,0.9408366084098816,0.012776038609445095,0.8937206268310547
92ea83f16b9ff11179316888cfcf2e3c,1.0,0.18202422559261322,0.02768806740641594,1.1035847663879395,0.9566411972045898,0.973862886428833,0.9892756938934326,0.010075121186673641,0.9623841643333435,0.008973709307610989,0.9862800240516663
cd840a25cb823f077345bc654558ba79,1.0,0.062448471784591675,0.139415442943573,1.7586559057235718,0.7773261070251465,0.8425369262695312,0.9550410509109497,0.06915248185396194,0.8103660941123962,0.04214320704340935,0.952174186706543
b3948582411dbe9a2a65ddd76f1c1323,1.0,0.16351625323295593,0.0033632004633545876,1.0111026763916016,0.9890922904014587,0.9902181029319763,0.9946621656417847,0.0025749008636921644,0.9831261038780212,0.003664119867607951,0.9752804040908813
05ed65a4e70a08dcec64290091e8eeed,1.0,0.2827777862548828,0.27295780181884766,4.077724933624268,0.8103216290473938,0.9269574284553528,0.978060781955719,0.04491504281759262,0.8255933523178101,0.05164440721273422,0.7486275434494019
54b96f25a451b83de9a02e9d3d958c28,1.0,0.07967309653759003,0.028807073831558228,1.1110433340072632,0.9426966905593872,0.962505042552948,0.9797974228858948,0.013107283972203732,0.973827600479126,0.00478593772277236,0.9552353620529175
a3d19fe7488507fd342d7a8443e3be1c,1.0,0.06109720841050148,0.3125779628753662,2.6858272552490234,0.8800569772720337,0.9102356433868408,0.9617334008216858,0.03136192634701729,0.929343581199646,0.01262395828962326,0.9255685806274414
137d8a7c0dc7b6999e9bb8284e03f0eb,1.0,0.022004839032888412,1.275573968887329,9.637772560119629,0.7439252734184265,0.7706167101860046,0.9127697348594666,0.0831322968006134,0.860296368598938,0.03818390890955925,0.9754946827888489
8e7b377f8ecae7e59fd9b3521820a093,1.0,0.090233713388443,0.04386615753173828,1.1663237810134888,0.9327378869056702,0.940971851348877,0.9677154421806335,0.016313347965478897,0.9536277055740356,0.008552925661206245,0.963225245475769
631ae42f3bba5a14f66122009e896a0e,1.0,0.07843923568725586,0.2242278754711151,7.388540744781494,0.7223051190376282,0.8041269183158875,0.9387199282646179,0.08316881209611893,0.7630825042724609,0.053212668746709824,0.9257327914237976
71620e287d0a0863e0676536fccc73fa,1.0,0.09166277945041656,0.05323467776179314,1.2106866836547852,0.9624738097190857,0.9645459651947021,0.9811200499534607,0.009712150320410728,0.9646519422531128,0.007165221031755209,0.9421523809432983
2a7b9265becbfb18214217582436729f,1.0,0.058859892189502716,0.05349597707390785,1.1816712617874146,0.9491482973098755,0.9584686160087585,0.9820938110351562,0.013633592054247856,0.9637805223464966,0.007734965533018112,0.9417940378189087
b2c8538be2a53dcbacac0e086148f7c8,1.0,0.12435686588287354,0.8356848359107971,6.227641582489014,0.6909992098808289,0.7183830142021179,0.9079885482788086,0.11211378127336502,0.8046177625656128,0.06269088387489319,0.9832446575164795
935883494d7922c3f7fb3d3aa1a976cd,1.0,0.16243824362754822,0.19761569797992706,2.262782573699951,0.9318931102752686,0.9478726387023926,0.9811739325523376,0.018955251201987267,0.9270764589309692,0.018150774762034416,0.8984953165054321
03b3ee6e81950da86c455e6736139cc0,1.0,0.0680358037352562,0.09057009965181351,1.2511669397354126,0.6737281084060669,0.6775012016296387,0.8783758282661438,0.13413722813129425,0.809785008430481,0.04878704994916916,0.6211879253387451
79a7dbf04c21d0b32d0f5dc81b6f7bf2,1.0,0.017750166356563568,0.017901170998811722,1.0711617469787598,0.9394456148147583,0.9529721140861511,0.9789361357688904,0.016094442456960678,0.9609061479568481,0.009175735525786877,0.9588730335235596
25a1581dd2b21dadf9cfce62fe865ff6,1.0,0.10961136221885681,0.5922204852104187,3.6709561347961426,0.824519693851471,0.8504570126533508,0.9486924409866333,0.054030220955610275,0.931841254234314,0.00952756218612194,0.9417323470115662
92565a4b9f01cc1d653983d32283c5aa,1.0,0.06157740205526352,0.7470525503158569,4.494316577911377,0.73967045545578,0.8137211203575134,0.9514642953872681,0.08338379114866257,0.8214429616928101,0.05430743470788002,0.9581896066665649
7f8a4c152eb0dde567fcc2fcc90c60a0,1.0,0.04472129046916962,0.02467230148613453,1.0959547758102417,0.9597567319869995,0.9681413173675537,0.9852674603462219,0.00989463645964861,0.9648921489715576,0.00681240763515234,0.9567288160324097
aad901b910ff4fe4f04636f9be4f6372,1.0,0.09163415431976318,0.24799275398254395,2.0981180667877197,0.9116687178611755,0.9153240323066711,0.9540855288505554,0.028294436633586884,0.9039461612701416,0.02081442065536976,0.8758183717727661
ff91f5eb0336eaf9a75c9a6f5c93ea41,1.0,0.16697858273983002,0.024995414540171623,1.1002779006958008,0.9784954786300659,0.9814607501029968,0.9901943206787109,0.00571338040754199,0.9712339043617249,0.005899774841964245,0.9584697484970093
179793aaeade414668482909f0296872,1.0,0.06213861703872681,0.10804281383752823,1.3672610521316528,0.9563037753105164,0.9656043648719788,0.9809978008270264,0.010290106758475304,0.9529826045036316,0.009229715913534164,0.9225414991378784
a0acf9b009b13a2ecb3abd762787c569,1.0,0.07877242565155029,0.06109905615448952,1.2011734247207642,0.9509739875793457,0.9646692872047424,0.9796213507652283,0.010262384079396725,0.971608579158783,0.006153917405754328,0.9451534152030945
4e327e46cd4abd7e2bfad16e10a99d48,1.0,0.09859834611415863,0.022333461791276932,1.1017760038375854,0.9613585472106934,0.968507707118988,0.9828649163246155,0.008911100216209888,0.9743255972862244,0.00398071575909853,0.9385594725608826
78d473d0d4d7db114e300eef12bc9733,1.0,0.039031971246004105,0.3196506202220917,2.5429089069366455,0.6413034200668335,0.6695311069488525,0.8650992512702942,0.13276639580726624,0.8418587446212769,0.03401145711541176,0.8614358901977539
9cb40f60787d1f0cc12def89424ecc54,1.0,0.06074504554271698,0.10499605536460876,1.4537476301193237,0.974929690361023,0.9761967062950134,0.9853090047836304,0.007231516297906637,0.9796706438064575,0.003949763718992472,0.9669994711875916
1db06f44605e298583d31a3cc514e137,1.0,0.11066703498363495,0.37771934270858765,2.222705602645874,0.8136897683143616,0.9239938259124756,0.9808271527290344,0.04518023505806923,0.9181470274925232,0.009784153662621975,0.7820390462875366
b356a0297a22d75b03758feb21632fce,1.0,0.10272710025310516,0.020012587308883667,1.0597842931747437,0.976227879524231,0.9795052409172058,0.9882335066795349,0.005481738597154617,0.9821538925170898,0.003975725267082453,0.9760187864303589
e8fcd8b55e048ecc4cf352c3fc1b12cb,1.0,0.10646720230579376,0.06637643277645111,1.1967028379440308,0.7470978498458862,0.7586398124694824,0.901470422744751,0.0967254489660263,0.8475321531295776,0.047262370586395264,0.9452448487281799
fb080a1830ccdc05574083aa743be41f,1.0,0.18397118151187897,0.0028934527654200792,1.0109050273895264,0.9790904521942139,0.9820778965950012,0.9932227730751038,0.006395374890416861,0.9852036237716675,0.004155477974563837,0.9755752086639404
65dde24b368432a5ce9032e2d9db7d13,1.0,0.06916247308254242,0.3498706519603729,2.712510585784912,0.6803587675094604,0.7587018013000488,0.9393756985664368,0.09766421467065811,0.7377702593803406,0.06436098366975784,0.8847304582595825
92eacd50c726621fc393adbbf886ed8d,1.0,0.046805545687675476,0.02018142119050026,1.061275839805603,0.9665683507919312,0.9716213345527649,0.9841335415840149,0.008263775147497654,0.9703836441040039,0.0061690714210271835,0.9606204032897949
8543884467414b931915e05d92c125b3,1.0,0.09079460799694061,0.15191245079040527,1.5954142808914185,0.9108127355575562,0.9326865077018738,0.974326491355896,0.023102030158042908,0.8951295614242554,0.023117950186133385,0.8749138116836548
a2036acc90d4545d6e9b71591a4ef1b9,1.0,0.09983312338590622,0.13053719699382782,1.5836268663406372,0.9584119915962219,0.9594159126281738,0.9793646335601807,0.012357757426798344,0.9299729466438293,0.016908833757042885,0.897969126701355
06f607c71536687011921fba49accef1,1.0,0.017075292766094208,0.170289546251297,1.8413360118865967,0.9624623656272888,0.9676201343536377,0.9825398921966553,0.009839608334004879,0.969925045967102,0.0061747413128614426,0.939049243927002
c4271add6326f9293de3ccf676d7751a,1.0,0.08057466149330139,0.21822065114974976,2.1043179035186768,0.9185534715652466,0.9413648247718811,0.97434401512146,0.020145082846283913,0.9167159795761108,0.02066764235496521,0.8858951330184937
f8e7c9d2c9ebbcf3ac39df28d057fc92,1.0,0.1278749704360962,0.5932623147964478,4.566217422485352,0.7676823139190674,0.828851044178009,0.953588604927063,0.06655784696340561,0.8555717468261719,0.027669556438922882,0.7610621452331543
9b2ca2fb2988934db59d28c414afbbb6,1.0,0.049109265208244324,0.04487545043230057,1.1792137622833252,0.976598858833313,0.9783946871757507,0.9878256916999817,0.0065474603325128555,0.9820004105567932,0.004013172350823879,0.963437557220459
4a879de3b1c8bc9e58046f74fe680ca5,1.0,0.11598972976207733,0.124982550740242,1.4356225728988647,0.9640053510665894,0.9688037037849426,0.983416736125946,0.009455886669456959,0.9621771574020386,0.007697564084082842,0.9565960168838501
32da5882e4999336b61382d28fdc2eeb,1.0,0.10785730183124542,0.8884291648864746,6.283843994140625,0.7388830780982971,0.8904109001159668,0.9665687680244446,0.06159665063023567,0.7730631828308105,0.06972714513540268,0.6499521732330322
4ea9b07a5ec076290709ff281a6c2aa0,1.0,0.055534400045871735,0.8525607585906982,16.63705825805664,0.9354958534240723,0.9502859115600586,0.9749568104743958,0.015245062299072742,0.9275872707366943,0.015562710352241993,0.8379682302474976
9b09b5474307dcbc7a4531e9c0ca434c,1.0,0.0724325031042099,0.2443065196275711,2.431614637374878,0.9444867372512817,0.951729953289032,0.9750871062278748,0.014081508852541447,0.9616886377334595,0.007720881141722202,0.929996132850647
152bf818817ef68455fe75a19377f4c2,1.0,0.0806313082575798,0.582547664642334,4.073580741882324,0.802009105682373,0.8577711582183838,0.9554067850112915,0.05477612465620041,0.9216735363006592,0.01577061600983143,0.9414425492286682
12f0f8b5c1277c2554519f65c51ec1a5,1.0,0.06285220384597778,0.0537569634616375,1.1725249290466309,0.9642059803009033,0.9690563082695007,0.9846875071525574,0.009402300231158733,0.967261552810669,0.0067363097332417965,0.9595824480056763
159a1f914d28512d40330e5943b1580a,1.0,0.10718229413032532,0.22373391687870026,2.1350691318511963,0.9326668977737427,0.9457318186759949,0.970264732837677,0.016239026561379433,0.9492703080177307,0.012556742876768112,0.9166128635406494
0272da585a049c226fac20a35520e005,1.0,0.16109400987625122,1.0298060178756714,12.148351669311523,0.8671655654907227,0.8914022445678711,0.9634242653846741,0.040461815893650055,0.886370062828064,0.028808757662773132,0.8975018262863159
72cf524707bcbb765b221bce653be8a2,1.0,0.15654931962490082,0.18191096186637878,3.593757152557373,0.6788928508758545,0.7845334410667419,0.9543403387069702,0.10724416375160217,0.718478798866272,0.06678072363138199,0.9725162982940674
a288896ca9b87a1a61338eeac0724081,1.0,0.12360073626041412,0.7004884481430054,6.855605602264404,0.6608690023422241,0.6803987622261047,0.9298577904701233,0.12517721951007843,0.8966637849807739,0.00927762407809496,0.6444696187973022
128ccd427aa058af409b9c9a3b130a40,1.0,0.14147180318832397,0.4446289539337158,3.9395813941955566,0.962419867515564,0.9674569964408875,0.9814601540565491,0.008973898366093636,0.9553282260894775,0.010178805328905582,0.912010669708252
e01a426b6799b3e79cf91642c90ffa6b,1.0,0.06102180480957031,0.18372346460819244,1.958860993385315,0.6741311550140381,0.7783953547477722,0.9340082406997681,0.093808613717556,0.7858549356460571,0.05861268192529678,0.9408656358718872
49e8a192d63a32ec800ca5d9755f41e0,1.0,0.10017319023609161,0.06499263644218445,1.215051531791687,0.946976363658905,0.95374995470047,0.9738813042640686,0.012477011419832706,0.956550121307373,0.00833092350512743,0.9240942001342773
8b2f05b7a7fd2942e07d97898d7849ce,1.0,0.13187214732170105,0.2247975468635559,1.885015606880188,0.7323148250579834,0.7431218028068542,0.9220443964004517,0.10658308118581772,0.8493983745574951,0.051121294498443604,0.9637900590896606
a0cfee6c2607476b6c263b79bbfe5c95,1.0,0.0733022689819336,0.12226437032222748,1.5207242965698242,0.9658337235450745,0.9681136012077332,0.9810417294502258,0.008736277930438519,0.9614802002906799,0.008322357200086117,0.8851796388626099
d4761c49951dd92105ee8c32116af943,1.0,0.3349413275718689,0.14701460301876068,1.5191233158111572,0.9144431352615356,0.9537805914878845,0.9838218688964844,0.0205078087747097,0.9392173290252686,0.01405409350991249,0.9829756021499634
a07a1ebf789d469386d136528e936d3e,1.0,0.07653287053108215,0.17223525047302246,1.8741354942321777,0.9244784116744995,0.9443703293800354,0.9699477553367615,0.017044877633452415,0.9121569991111755,0.021076537668704987,0.8867369890213013
0a26bbeb9989d78df52a9e35aa63ea89,1.0,0.04792465269565582,1.035561442375183,8.91464900970459,0.8255730271339417,0.8467296957969666,0.9514961242675781,0.056150175631046295,0.9179037809371948,0.01713727042078972,0.9134779572486877
2aff94aaf78b052a5d3f4e85bcad3aa0,1.0,0.10310986638069153,0.06498831510543823,1.236733317375183,0.973391056060791,0.9759657979011536,0.9855090975761414,0.006151375360786915,0.9696085453033447,0.0060042436234653,0.9423375129699707
8d4ef01a412d8102af2beb85c48b0221,1.0,0.04638637602329254,0.08891182392835617,1.3117427825927734,0.9719637632369995,0.9726061820983887,0.9845463633537292,0.007930480875074863,0.9659171104431152,0.007042101118713617,0.9592269062995911
c5043a50f76a905b567a88298735b3b7,1.0,0.1022820770740509,0.10259374231100082,1.337951898574829,0.9715637564659119,0.9774145483970642,0.9860305190086365,0.00631268136203289,0.9446590542793274,0.011558099649846554,0.9070425629615784
1a01396b6abd7ed3532f37039ec801de,1.0,0.05818498134613037,0.061337199062108994,1.2219127416610718,0.9637912511825562,0.9702253341674805,0.9798967838287354,0.007327239029109478,0.9771407246589661,0.00449538417160511,0.9585076570510864
c714495f8ca45cbea70dadaf0bf3e63d,1.0,0.07354926317930222,0.04513520002365112,1.2332024574279785,0.9549993276596069,0.9644388556480408,0.9846169352531433,0.011259777471423149,0.9610840678215027,0.00896457489579916,0.9472531080245972
bd0a4c4b4e6805ac99c87defc39648bb,1.0,0.05052706599235535,0.014801491051912308,1.0673608779907227,0.8494707345962524,0.902882993221283,0.9660202264785767,0.03725137561559677,0.903957724571228,0.020650601014494896,0.9110525250434875
36b8bd4b6786111c8efd762a3ecc63ff,1.0,0.05515246093273163,0.08560870587825775,1.3515510559082031,0.9393422603607178,0.9435113072395325,0.9758812785148621,0.018908696249127388,0.9374061822891235,0.015727993100881577,0.9200189113616943
26912a2d7c25c805600dbe0a8eaaf565,1.0,0.04088743031024933,0.03358132392168045,1.1387031078338623,0.9664999842643738,0.9692389965057373,0.9822035431861877,0.00853146705776453,0.9788711071014404,0.005138012580573559,0.9712536931037903
0c37ab9ca5f54bc5d73dc03582e724ae,1.0,0.053649965673685074,0.9308602809906006,6.068210124969482,0.7474804520606995,0.7498905062675476,0.9219974279403687,0.103767029941082,0.7996081709861755,0.06106073409318924,0.9125494956970215
9da54a5231118605b791a7dcfe7d4a55,1.0,0.09007348120212555,0.08048185706138611,1.2916513681411743,0.9596633911132812,0.9626895785331726,0.9835074543952942,0.0118454210460186,0.9679809808731079,0.008356706239283085,0.9461038112640381
5697277c0a4f1a7d1e52acb7cb356816,1.0,0.06770475208759308,0.15259167551994324,1.766703486442566,0.9552180767059326,0.9656339287757874,0.9819093346595764,0.010164343751966953,0.9471168518066406,0.012119057588279247,0.9295483827590942
6d371ae512784db5bd02ead0f72a8c7b,1.0,0.11142683029174805,1.0538115501403809,62.25531768798828,0.708958625793457,0.7137604355812073,0.8919972777366638,0.1222849041223526,0.8357731103897095,0.06166024133563042,0.9411682486534119
8498d088551eb2c422404070d1c2a993,1.0,0.17143133282661438,0.07130450010299683,1.258529543876648,0.9786722660064697,0.9818904399871826,0.9914456605911255,0.005720504559576511,0.9871935844421387,0.0031470712274312973,0.9847643971443176
329215b9e12f7c8263586ca178f0fd50,1.0,0.06263413280248642,0.11720158159732819,1.4531761407852173,0.8923317790031433,0.9471682906150818,0.9805489182472229,0.02445455826818943,0.9208730459213257,0.017176810652017593,0.8947042226791382
3602b4d78dba24e5fec9856176cbc51c,1.0,0.08633463084697723,1.716380000114441,15.636065483093262,0.7660844922065735,0.9024330973625183,0.9698245525360107,0.0548737570643425,0.8354024887084961,0.037040844559669495,0.7871701717376709
74b97dbb3e6c58017a59c9f19a89a519,1.0,0.10227350890636444,0.03767229989171028,1.143561601638794,0.9578563570976257,0.9682278633117676,0.9826551079750061,0.009745743125677109,0.9662972092628479,0.006835480220615864,0.9454106092453003
b356dd9155264f29e443081db6c291d8,1.0,0.12207686901092529,0.6559382677078247,6.339216709136963,0.8110054731369019,0.9122909903526306,0.9698293805122375,0.0436854362487793,0.9238503575325012,0.010477552190423012,0.8069794178009033
5155afed6c5e37f4bb7d198d74209c58,1.0,0.08671249449253082,0.05643763020634651,1.2118498086929321,0.9584916234016418,0.9611145853996277,0.9786868691444397,0.01145512517541647,0.966131329536438,0.007649377919733524,0.9356958866119385
10d1b254e9d379c30ac2ad2e41759b90,1.0,0.13352644443511963,0.024680351838469505,1.0828832387924194,0.9813288450241089,0.9849727749824524,0.992685854434967,0.004346334841102362,0.9694764614105225,0.006573826540261507,0.9499024748802185
108317bf8c6f90603afac31602e4fad0,1.0,0.10600391030311584,0.06391336768865585,1.2411679029464722,0.9368972778320312,0.9423426985740662,0.9677503705024719,0.017520442605018616,0.9688414335250854,0.006427804008126259,0.9464846849441528
69ba1bd40cf177bb1c6d1638cd851123,1.0,0.04551010578870773,0.059349000453948975,1.2454009056091309,0.9714850783348083,0.9750247001647949,0.9850851893424988,0.006858918350189924,0.9823331236839294,0.003724575275555253,0.9703872799873352
7ecde7d62e83e451d1ebe6ada2f8246e,1.0,0.07750578969717026,0.05195838585495949,1.168600082397461,0.8860583305358887,0.9247365593910217,0.9709051251411438,0.027935784310102463,0.906283974647522,0.019998464733362198,0.9588311910629272
97fcc8c295203fd7fd679626f9796afe,1.0,0.09216021746397018,0.11151734739542007,1.3728662729263306,0.9455885291099548,0.9464638829231262,0.968053936958313,0.0162290558218956,0.9563227891921997,0.008550349622964859,0.9201788306236267
69c5e98c1661d2b63f5c69286014560c,1.0,0.07510301470756531,0.023058699443936348,1.0982576608657837,0.9828817248344421,0.9874871373176575,0.9930747747421265,0.0035606760066002607,0.9862780570983887,0.0026062799151986837,0.9788390398025513
a02ea0b73346f9d9c3d75f728c650000,1.0,0.1404498666524887,0.3050064444541931,2.452845335006714,0.9692128300666809,0.972226083278656,0.9872735142707825,0.008411264047026634,0.9717271327972412,0.005866034887731075,0.9484087228775024
5a26453f1f09257db736412ad6843dd2,1.0,0.013516683131456375,0.03379659354686737,1.11800217628479,0.9732009172439575,0.9764874577522278,0.9902123808860779,0.00782289169728756,0.9718505144119263,0.006656254641711712,0.9509860873222351
1005ac09a0c2b8af3bc343309e10d196,1.0,0.10508060455322266,0.8929586410522461,5.494586944580078,0.7940260767936707,0.822209358215332,0.9376636743545532,0.0674579069018364,0.8878787755966187,0.036309435963630676,0.9657443165779114
da1239e84e42b2fa80d800ded39ca990,1.0,0.041134532541036606,0.0446539968252182,1.135335087776184,0.9549252390861511,0.9611253142356873,0.9738286137580872,0.0086896987631917,0.9704190492630005,0.006034619174897671,0.9550907611846924
e9cbf0317d9871dc7d9a2646ae3c0552,1.0,0.020120203495025635,0.053455084562301636,1.178567886352539,0.9727423191070557,0.9775373935699463,0.9870574474334717,0.006680155172944069,0.9711008667945862,0.005800491664558649,0.960089921951294
57183097556c9f7d1398401514f3445e,1.0,0.05479610338807106,0.05756015330553055,1.262104868888855,0.9493024349212646,0.9542374014854431,0.9752898812294006,0.013430423103272915,0.9559848308563232,0.008888994343578815,0.9483006000518799
91252488379e431e4e546b8b4ef39e5d,1.0,0.07920345664024353,1.0441632270812988,7.376515865325928,0.8447990417480469,0.9066608548164368,0.9662587642669678,0.03669195622205734,0.8840619325637817,0.03708475083112717,0.7791013717651367
d941b7eaf96255308edd7d910b2370fc,1.0,0.25079795718193054,1.164005160331726,14.393610954284668,0.7328647375106812,0.7889410853385925,0.9356936812400818,0.08532489091157913,0.8705043792724609,0.035650622099637985,0.9536726474761963
5dfb08edaaa0d8f32b53ebd05d9bc04b,1.0,0.09352785348892212,0.06334956735372543,1.2412211894989014,0.9556403160095215,0.9654048085212708,0.983329176902771,0.01030052825808525,0.9717046022415161,0.00769348768517375,0.9431251287460327
be745b4585aa81060cc021397509686b,1.0,0.03993474692106247,0.05156601592898369,1.220464825630188,0.9407753944396973,0.9589666724205017,0.9810022115707397,0.013375729322433472,0.9625692367553711,0.007950974628329277,0.9322077631950378
23f0faf53041328a3544df9531d91124,1.0,0.022359779104590416,0.004220940638333559,1.016427993774414,0.9780687689781189,0.9825765490531921,0.9925474524497986,0.005669049918651581,0.9794498085975647,0.004177213180810213,0.9637337923049927
09d03099262b2e28fd1ec7a5d0bda6cf,1.0,0.08867345005273819,0.05771707370877266,1.1869357824325562,0.944974422454834,0.963870108127594,0.9838513731956482,0.01256994903087616,0.9641488194465637,0.006697492673993111,0.9652975797653198
8fdc8f08450d64d73e4257202723b9ea,1.0,0.06096341460943222,0.12572765350341797,1.7037185430526733,0.9573746919631958,0.9649638533592224,0.9752938747406006,0.00745769590139389,0.9638493657112122,0.0075493077747523785,0.94051194190979
5d967d66c4b38987b03efdbfd13c5b90,1.0,0.0407034233212471,1.3671138286590576,10.529533386230469,0.6899527311325073,0.7907251715660095,0.9519025087356567,0.10035718977451324,0.7313635349273682,0.06258416175842285,0.9709747433662415
27ff8ae62190c296bf2f960ee50c7aa0,1.0,0.08638446778059006,0.18967723846435547,1.6842384338378906,0.6279295682907104,0.855104923248291,0.9593058824539185,0.08896967768669128,0.8157440423965454,0.06307149678468704,0.64957594871521
7596f2905408be6305a59546b2604a2c,1.0,0.20675912499427795,0.13483811914920807,1.6608188152313232,0.9773446321487427,0.979566752910614,0.9918565154075623,0.00679169874638319,0.9798336625099182,0.004160628654062748,0.9783838391304016
96d74ea73166d008be4f6d8fd4edbae9,1.0,0.27910709381103516,0.00571721326559782,1.0197269916534424,0.9842566847801208,0.9857125878334045,0.9928609132766724,0.00453895702958107,0.9839237928390503,0.0038106481079012156,0.98091721534729
a0df33e1dc9b6e82c5ce979596574f24,1.0,0.06945275515317917,0.08533813804388046,1.5617762804031372,0.9052088260650635,0.9240235686302185,0.9711354374885559,0.026149483397603035,0.9310381412506104,0.016341814771294594,0.9505054950714111
ee3eee3ddbdcac9928a2b875cecfea81,1.0,0.1221701130270958,0.08911468833684921,1.358981728553772,0.9827613234519958,0.9864708781242371,0.991653323173523,0.0033518902491778135,0.9771981239318848,0.004287144169211388,0.9649872779846191
aac4357d7a1298e52467b988482f4c2b,1.0,0.08271753787994385,0.11517148464918137,1.4539284706115723,0.8907156586647034,0.9325162768363953,0.9694389700889587,0.024208083748817444,0.9208341836929321,0.017613520845770836,0.9050863981246948
bdc80307-9278-46e3-b79a-e36a0cc90134,1.0,0.04984596371650696,0.2837761640548706,2.840536594390869,0.5640047192573547,0.5939412117004395,0.8742465972900391,0.16419482231140137,0.67786705493927,0.09403007477521896,0.9423853754997253
560356aee549541219c7fa0fe51b0632,1.0,0.16001340746879578,0.35021114349365234,2.704204559326172,0.7973378896713257,0.8557407259941101,0.9604928493499756,0.06267128884792328,0.828479528427124,0.03867004066705704,0.9648488759994507
f4ccd95acad3163010d52d055e6c2729,1.0,0.06849664449691772,0.028386827558279037,1.1267027854919434,0.9573668837547302,0.9677301049232483,0.9825676679611206,0.009662809781730175,0.9727460145950317,0.006933435797691345,0.9638056755065918
ff4b61e71513d60951806081045b0f79,1.0,0.03437580540776253,0.08920321613550186,1.2778608798980713,0.952437698841095,0.9620504975318909,0.983885645866394,0.013008148409426212,0.9562962055206299,0.010808873921632767,0.9419622421264648
a976578ec80fc76c833b39cf69ce41ad,1.0,0.05484697222709656,0.7811259627342224,9.48380184173584,0.7292954921722412,0.7566912174224854,0.9102513790130615,0.09707020223140717,0.9103807210922241,0.010049287229776382,0.7428975105285645
9ef6e9c7ddf8e9c5c4718f46d84e8ce1,1.0,0.2376413196325302,0.008504618890583515,1.03494131565094,0.9838705658912659,0.9848856925964355,0.989909827709198,0.003345763310790062,0.9757092595100403,0.005414934828877449,0.9388680458068848
ab4e5b266a496a385dae62d628dc363a,1.0,0.07334531098604202,0.04522169381380081,1.1445260047912598,0.9586594104766846,0.961805522441864,0.9811229109764099,0.012404041364789009,0.9602282047271729,0.008181468583643436,0.9538190960884094
548f9d746a693744e15a623aa4900eb9,1.0,0.07215696573257446,0.003957394044846296,1.0179569721221924,0.505138099193573,0.5543836951255798,0.9019113183021545,0.17486943304538727,0.612937331199646,0.11273951828479767,0.5300219058990479
713763029e78e73d35995d3a607bd4fd,1.0,0.23266848921775818,0.09454860538244247,1.394592046737671,0.9589409828186035,0.9727693200111389,0.9861777424812317,0.008719739504158497,0.9742438793182373,0.005135712213814259,0.9535912871360779
3934a7f8e8e3168e1a8393f5603a88ef,1.0,0.10086169838905334,0.038162630051374435,1.1381464004516602,0.924784779548645,0.9426319003105164,0.9701122045516968,0.01649310626089573,0.964972734451294,0.006995749659836292,0.9589387774467468
1173770bbd92e30692e78b794ace2fc8,1.0,0.057860299944877625,0.04103982821106911,1.139414668083191,0.9563989639282227,0.9615699648857117,0.9814963936805725,0.013331146910786629,0.9520555734634399,0.008984983898699284,0.9129441976547241
9b8dc874aa67d757226f24b4aa1166e1,1.0,0.24346396327018738,0.035130251199007034,1.1507580280303955,0.852378785610199,0.8973469734191895,0.9733694791793823,0.046396903693675995,0.8685610890388489,0.030212752521038055,0.976073145866394
bb35cbb0ba721d73b03cc360b5de7e7e,1.0,0.10514934360980988,0.3536791503429413,2.2966792583465576,0.7785326242446899,0.7833943963050842,0.9488089084625244,0.08282674103975296,0.9204866886138916,0.007822450250387192,0.7497357130050659
db0208c36cc9d13e1035480a7f038939,1.0,0.09316343069076538,1.3647170066833496,12.03726863861084,0.8485283255577087,0.9224055409431458,0.9698351621627808,0.0340561717748642,0.875885546207428,0.0272008515894413,0.7943016290664673
6a4ffbf9e091b930b7d2c2451f178f94,1.0,0.08531174063682556,0.32875943183898926,7.289236545562744,0.7680641412734985,0.8007354736328125,0.9271777272224426,0.067935511469841,0.8364200592041016,0.040377359837293625,0.9412707090377808
f167e6d366170220e97c0c084ba2b0b6,1.0,0.10560644418001175,1.0255568027496338,12.298590660095215,0.7297454476356506,0.7381105422973633,0.9071510434150696,0.11635671555995941,0.8677040934562683,0.04350505396723747,0.7406735420227051
09a16d8404631c07ab56e44aae4247e3,1.0,0.16584648191928864,0.1899416297674179,2.0277605056762695,0.9314039945602417,0.9424905180931091,0.9769874811172485,0.019967880100011826,0.954896092414856,0.010049822740256786,0.9457319378852844
107fd0c1-9521-4c8a-b2ed-d19b66823e0a,1.0,0.158070906996727,0.28449922800064087,5.818721771240234,0.9197492599487305,0.9421293139457703,0.9772000908851624,0.021176660433411598,0.934219479560852,0.013918641023337841,0.9679569602012634
a41414c70b147feffd54efa0642d3783,1.0,0.12484882771968842,0.7915854454040527,14.998869895935059,0.7526674270629883,0.7602517008781433,0.8840256929397583,0.10315647721290588,0.8666069507598877,0.030052071437239647,0.7060222625732422
546c50df44ec958bc531f795d330900c,1.0,0.07920524477958679,0.5063745975494385,4.689304351806641,0.9569070935249329,0.9672744870185852,0.980331540107727,0.00850946269929409,0.9591590166091919,0.010395932011306286,0.8709636926651001
b1cd135e2112a8db3aa86bd0d1fc68c0,1.0,0.06543412059545517,0.05560869351029396,1.1779651641845703,0.7244812250137329,0.727806568145752,0.9395881295204163,0.10604212433099747,0.900865375995636,0.017073510214686394,0.749131441116333
2309d91b4a58566414a1402d43ed0016,1.0,0.19315238296985626,0.8204242587089539,8.116130828857422,0.8185275793075562,0.8246024250984192,0.9476271867752075,0.07268412411212921,0.8756986856460571,0.03589200600981712,0.851123034954071
f30507070be4db6c61f32677d9736b93,1.0,0.04758591204881668,0.02242843620479107,1.0730664730072021,0.9544440507888794,0.9638109803199768,0.9832144379615784,0.011275493539869785,0.9536120891571045,0.009053709916770458,0.9486624598503113
417b6772a0a6f5a046653516cefc4538,1.0,0.15436741709709167,0.02087097242474556,1.0592691898345947,0.9715501070022583,0.9805065989494324,0.9908857345581055,0.006554666440933943,0.9784214496612549,0.005048186983913183,0.9684542417526245
6bad751ce8b3518bcc2e386002e81a0e,1.0,0.09241347014904022,0.050246670842170715,1.16621732711792,0.9624361991882324,0.9709160327911377,0.983351469039917,0.008681672625243664,0.959399938583374,0.009747741743922234,0.9394850134849548
acf9a02b17a3a488e8cfb870be5cecca,1.0,0.30050626397132874,0.0016371614765375853,1.006340503692627,0.9746298789978027,0.9784572720527649,0.9888474345207214,0.006434720009565353,0.9770668745040894,0.004303322173655033,0.945385217666626
404db31aa4f8fbb008c00dd0cd91aac1,1.0,0.09170631319284439,0.8604785203933716,6.919459819793701,0.7420393228530884,0.7524967789649963,0.9029206037521362,0.10109909623861313,0.8732231259346008,0.03728719428181648,0.7514047622680664
78a41a88a20496a85a8ba08795a85f32,1.0,0.049993954598903656,0.0483672209084034,1.1609286069869995,0.9725480675697327,0.9741368293762207,0.9847737550735474,0.00814806018024683,0.9796153903007507,0.00345773808658123,0.9666670560836792
7627652d74bca2f5eee792183f782ade,1.0,0.05541743338108063,0.09038521349430084,1.4105530977249146,0.9381376504898071,0.953774631023407,0.9784632325172424,0.014194978401064873,0.948162317276001,0.011800098232924938,0.9283126592636108
03cd8d4c0f49b0a522b8790a39a4540c,1.0,0.32618629932403564,0.05804484337568283,1.2087947130203247,0.9877128601074219,0.9887883067131042,0.9919310808181763,0.002072429982945323,0.9780397415161133,0.004988544620573521,0.9381009936332703
db175ecc2edfe41fd4ca01a292eaaef8,1.0,0.0410953164100647,0.05128437280654907,1.196967601776123,0.965442955493927,0.9697215557098389,0.9814005494117737,0.007588043808937073,0.9704059958457947,0.006391393486410379,0.9673843383789062
2c59ea46c460990b56da779b2c0b0201,1.0,0.1465916782617569,0.5859315991401672,5.980881214141846,0.6715083122253418,0.8702147603034973,0.9621694684028625,0.07808460295200348,0.7930067777633667,0.047507867217063904,0.7964805364608765
1b2a5c69c0ecf7a9a8d1d3284efa5165,1.0,0.13637158274650574,0.800495445728302,8.154670715332031,0.7047388553619385,0.7915484309196472,0.923384428024292,0.08265038579702377,0.8770802021026611,0.030973894521594048,0.9261693954467773
65f5000ee57700826a877a21f4cce2db,1.0,0.04235184192657471,0.22575081884860992,2.0027596950531006,0.970488965511322,0.9742115139961243,0.9846181869506836,0.007072073873132467,0.9617329239845276,0.007104172836989164,0.918834924697876
681437952bec7369923599d55a148be6,1.0,0.11826679855585098,0.2846757173538208,2.1428322792053223,0.6660393476486206,0.7153775095939636,0.9177197813987732,0.11375635862350464,0.7236272692680359,0.06872177124023438,0.9413735866546631
463f345a99f1f3f2520966a2ba0fb433,1.0,0.0336349755525589,0.41598209738731384,9.356857299804688,0.7747415900230408,0.8003304600715637,0.9393966197967529,0.07770467549562454,0.8491231203079224,0.04192014038562775,0.9700441360473633
557304ea70fff117fa0d8a56d6746e8a,1.0,0.6214247941970825,0.43633195757865906,14.197608947753906,0.6983733773231506,0.7017242908477783,0.9225935339927673,0.11064247041940689,0.7659536004066467,0.07051529735326767,0.6782122850418091
ca6be31640a1c6c4f3e05be925171e33,1.0,0.026861201971769333,0.08430133014917374,1.3705546855926514,0.9558666348457336,0.9725759625434875,0.9871988892555237,0.009734631516039371,0.9554604291915894,0.008988895453512669,0.941216230392456
34a6215c8e22f61dde8ddcc2008e24e8,1.0,0.08079127967357635,0.036638420075178146,1.1630890369415283,0.959732174873352,0.963301420211792,0.9776496887207031,0.010345795191824436,0.9693666100502014,0.006272046361118555,0.9652085900306702
e3cb3f5f53d007da9f1a701dbd72c21b,1.0,0.2821623384952545,0.6884896755218506,8.63573932647705,0.7564870119094849,0.7688994407653809,0.9199725985527039,0.09893697500228882,0.9022775292396545,0.016572823747992516,0.7934574484825134
783d747f-a49e-49bb-a11f-95b40172d786,1.0,0.09676256030797958,0.6050981879234314,3.6870594024658203,0.7635276317596436,0.7720629572868347,0.9248496890068054,0.08964390307664871,0.8373531699180603,0.04679018631577492,0.9370753765106201
9addd840f7918e75028e3185ee429d99,1.0,0.19813013076782227,0.33226245641708374,2.6402227878570557,0.946439266204834,0.9643389582633972,0.9853633642196655,0.013439496047794819,0.9513969421386719,0.011417289264500141,0.9546366930007935
6abf39867031b35bf759a081908df082,1.0,0.1126287430524826,0.9577860832214355,6.5128912925720215,0.8207237720489502,0.8836056590080261,0.963403582572937,0.04866410791873932,0.8880554437637329,0.03386835381388664,0.9314019083976746
676c9774addd9c2e807393c7f3c832e5,1.0,0.04171919822692871,0.06086818873882294,1.18732750415802,0.9499010443687439,0.9591169357299805,0.9783554077148438,0.012223328463733196,0.9440728425979614,0.011647190898656845,0.9063610434532166
629c26f68ce524bb6ce0e18db7f0141e,1.0,0.07697609066963196,0.030281106010079384,1.1107494831085205,0.9390289187431335,0.9438783526420593,0.9685894846916199,0.014850078150629997,0.9594529271125793,0.008957353420555592,0.9431719183921814
35fae518197827249a4c3538b895ff40,1.0,0.045083485543727875,0.09000404924154282,1.2692832946777344,0.8598653674125671,0.9034290313720703,0.9597387909889221,0.03401613608002663,0.8534306287765503,0.029064949601888657,0.8361979722976685
5c9dea26d7952d759e00afcfe7c16ad8,1.0,0.055155787616968155,0.061223115772008896,1.2362594604492188,0.9534882307052612,0.9649905562400818,0.9811707139015198,0.010194513946771622,0.9718039035797119,0.006175050977617502,0.9663643836975098
43b7a6a4842c509f256847ce6237893f,1.0,0.05787225812673569,0.03347310051321983,1.1178388595581055,0.9419478178024292,0.948042094707489,0.9790040254592896,0.016344141215085983,0.9448506832122803,0.011603035032749176,0.8966442346572876
bd7a6c14280417b6ae1da098d2f57d91,1.0,0.1935296654701233,0.08013053238391876,1.3016290664672852,0.9527467489242554,0.9629527926445007,0.9807087182998657,0.010526595637202263,0.9401422739028931,0.012636235915124416,0.9053025245666504
8c811056e2951950bee397d6e0f5b635,1.0,0.05777449533343315,0.10788203030824661,1.3982452154159546,0.8619036078453064,0.9279958605766296,0.9733743667602539,0.03169911727309227,0.8820303678512573,0.02594739943742752,0.8778890371322632
5e9241a3c3eb359379591b30754d6369,1.0,0.11658290028572083,1.0308881998062134,8.357906341552734,0.6446711421012878,0.6696357131004333,0.8679614663124084,0.14839962124824524,0.7843544483184814,0.06464020907878876,0.9583519101142883
c7f84a96825b4cb0738a3d6a59881cc4,1.0,0.06844436377286911,0.06912147998809814,1.2085617780685425,0.9528972506523132,0.9661461710929871,0.9837992787361145,0.011352111585438251,0.9574863314628601,0.009094270877540112,0.9209272861480713
4dd4b51ebf99566530aded5f99f8b9e9,1.0,0.03790896758437157,0.05158426985144615,1.1953777074813843,0.9524703621864319,0.9650034308433533,0.9822500944137573,0.011031655594706535,0.9654728174209595,0.008259530179202557,0.9606245756149292
7112db5d3f466bf73be570f3d905a9f6,1.0,0.038638219237327576,0.029745543375611305,1.1357241868972778,0.9646187424659729,0.9707279205322266,0.9841469526290894,0.008546851575374603,0.9827811121940613,0.0034746413584798574,0.9819796085357666
c9317295aa7bc69d11804f1d08730725,1.0,0.06564397364854813,0.23519179224967957,9.755148887634277,0.7256277799606323,0.8874784111976624,0.9641100764274597,0.06421298533678055,0.7845333814620972,0.0483492836356163,0.7350908517837524
0f5d8e9c48a72c1f47515856dee01cb2,1.0,0.08999843895435333,0.03392959386110306,1.1307567358016968,0.9506286382675171,0.9561061263084412,0.9808775186538696,0.014172004535794258,0.9638171792030334,0.008845575153827667,0.9546693563461304
44789e7eb4941f6d973166162598becd,1.0,0.039954379200935364,0.0334518663585186,1.1368591785430908,0.959559440612793,0.9744085669517517,0.9896800518035889,0.009597765281796455,0.9562734961509705,0.010079480707645416,0.9323347210884094
b64b566ecd1adf90f395bb6cb8807881,1.0,0.04703196883201599,0.34385159611701965,2.432243585586548,0.5988917350769043,0.6114915013313293,0.9058990478515625,0.14781704545021057,0.7704366445541382,0.07719235122203827,0.6274391412734985
8cf916d2a30747353166bc7b9ed33adf,1.0,0.03950347751379013,0.16151580214500427,1.8682677745819092,0.9100475311279297,0.9535126090049744,0.9825707077980042,0.020538577809929848,0.8777450919151306,0.02743181213736534,0.8413134813308716
4de3bc2193cc8d88d12ceb588d8b7e0f,1.0,0.17485249042510986,0.09740239381790161,1.4489442110061646,0.9768097400665283,0.9833786487579346,0.9911887049674988,0.0048525077290833,0.9728139638900757,0.005786010064184666,0.9622942209243774
02e85eb23d7972c2e78b610a56993acc,1.0,0.09502783417701721,0.01930077001452446,1.0624282360076904,0.9646164178848267,0.966038167476654,0.9830585718154907,0.009568496607244015,0.9668962955474854,0.00846243929117918,0.9652267694473267
008ac3aaec076730ef03599250c0f9ae,1.0,0.04792707413434982,0.17140749096870422,1.9305280447006226,0.9366116523742676,0.950282871723175,0.971144437789917,0.01387133076786995,0.9345338940620422,0.015217085368931293,0.8965387344360352
02af1dd34990865eb3cb2ea6ee502992,1.0,0.0962473452091217,0.5360445976257324,6.758172035217285,0.7910035848617554,0.9037351608276367,0.9719367623329163,0.04991503059864044,0.8819905519485474,0.034627772867679596,0.7570323944091797
f885fb003684c8b8148577877333b6e0,1.0,0.2460460066795349,0.30905306339263916,8.31494426727295,0.5844537615776062,0.647697389125824,0.9072926640510559,0.14362317323684692,0.6695873737335205,0.08438589423894882,0.9135428667068481
ccfb17ea9c16e7e20f516c9453ba846f,1.0,0.08906208723783493,0.6535348892211914,4.806290626525879,0.7725876569747925,0.7756186127662659,0.9306018948554993,0.07990328967571259,0.9027832746505737,0.012856113724410534,0.75665283203125
590e7bae3478f3986578d937e3d5f871,1.0,0.14526352286338806,0.23487339913845062,9.641946792602539,0.6380835175514221,0.7146477103233337,0.9190223217010498,0.1179610937833786,0.7192641496658325,0.06831425428390503,0.8509010076522827
f92cfc41004d3e60a5bf5456cea2d497,1.0,0.07399125397205353,0.02629443258047104,1.1010774374008179,0.974301815032959,0.9776740074157715,0.9877033233642578,0.006113564595580101,0.9697068929672241,0.006057933904230595,0.9433348178863525
db9fc2e7819c4130b00a56bfa73820c8,1.0,0.11209537088871002,0.08303864300251007,1.4386252164840698,0.9588338136672974,0.9645389914512634,0.9799702763557434,0.009812030009925365,0.964360773563385,0.007395688910037279,0.9494136571884155
5d878f9496e0debc41356d86057e951e,1.0,0.21914196014404297,0.22201740741729736,2.693244457244873,0.9103473424911499,0.9349272847175598,0.9799335598945618,0.02707253210246563,0.9192177057266235,0.01983526162803173,0.9226394891738892
718f147dfd88dd935b559e76089c7d58,1.0,0.05248749256134033,0.03736945614218712,1.1749814748764038,0.9385271668434143,0.9545920491218567,0.9731850028038025,0.014185416512191296,0.9345928430557251,0.013129073195159435,0.8980820775032043
39077ffbabd60c44918172756921c2be,1.0,0.27481818199157715,0.5218039751052856,5.689458847045898,0.7890163660049438,0.7976140379905701,0.9363371133804321,0.07540812343358994,0.8904593586921692,0.03200559690594673,0.8199116587638855
7111897bdc6304194d409c1c9e4a224d,1.0,0.03050677664577961,0.6445993781089783,3.669503688812256,0.7617246508598328,0.8967139720916748,0.9637383222579956,0.055050671100616455,0.8140172958374023,0.05481388419866562,0.7304141521453857
58cfbc58310434f1c2341a3787df39c5,1.0,0.04120134562253952,0.10011538863182068,1.3389761447906494,0.9612754583358765,0.964627206325531,0.9801469445228577,0.01026533916592598,0.9619051814079285,0.008468776941299438,0.9599477052688599
2646d325b247053ebd9fcf9a82e08be5,1.0,0.2297799289226532,0.21161453425884247,5.933797359466553,0.7066413164138794,0.7965758442878723,0.9519613981246948,0.09571865200996399,0.7424402832984924,0.06068175658583641,0.9798378944396973
0f17c5e74368942c2aeeb74bba709dbf,1.0,0.07823105156421661,0.023280519992113113,1.0939607620239258,0.9543931484222412,0.9600939154624939,0.9753453135490417,0.010379628278315067,0.9710401892662048,0.00592381227761507,0.9578691720962524
b1d21452989efdc410ee685c59c17ba2,1.0,0.06908152997493744,0.1972672939300537,3.437732696533203,0.5536420941352844,0.8073182106018066,0.9319087266921997,0.1021120697259903,0.6210090517997742,0.08499123901128769,0.5593328475952148
fd36edaaf8173bc9ad8c6c0055760d26,1.0,0.11249209195375443,0.7108286619186401,12.221441268920898,0.6008094549179077,0.6266500353813171,0.8408402800559998,0.15915685892105103,0.7692187428474426,0.06278518587350845,0.634416937828064
c4000a13af6e62536bac8cf85208a473,1.0,0.07981152832508087,0.6769707202911377,13.474679946899414,0.755933940410614,0.7619250416755676,0.915222704410553,0.10201982408761978,0.8802558183670044,0.03278886899352074,0.7408568859100342
796c9a88bcf6b9ad49381dd2b58c3151,1.0,0.16745074093341827,0.4126597046852112,4.706226348876953,0.691426157951355,0.7012717723846436,0.9152028560638428,0.12326696515083313,0.8167926073074341,0.06337679177522659,0.9761558771133423
87ba567da4eb53b02ba17dd873ec5110,1.0,0.0443749763071537,0.11369926482439041,1.4653875827789307,0.9308544397354126,0.9596512317657471,0.9778267741203308,0.013770029880106449,0.9299578666687012,0.013954049907624722,0.8866016864776611
21db603a410e6a0f018955da12ecd884,1.0,0.10590828955173492,0.10902001708745956,1.615749478340149,0.9358633756637573,0.9607243537902832,0.9812072515487671,0.013559115119278431,0.9503688812255859,0.013507380150258541,0.9203871488571167
a382b5627f2d6e7a2e41401de17c0976,1.0,0.067330002784729,0.17034807801246643,1.864609956741333,0.9650924205780029,0.96929532289505,0.9820393323898315,0.009099388495087624,0.9608126878738403,0.0075123244896531105,0.9247100353240967
310bd0291399b5b265334944c9260bac,1.0,0.07774291187524796,0.15671610832214355,1.5787708759307861,0.936336874961853,0.9502059817314148,0.9699792265892029,0.013306800276041031,0.9490540623664856,0.009980237111449242,0.9658017754554749
c4962638e9a009b5c33b3bf43197f10a,1.0,0.05656833201646805,0.06305024027824402,1.2751104831695557,0.5002583265304565,0.5106339454650879,0.8555963039398193,0.2044687122106552,0.657869815826416,0.11868145316839218,0.9434421062469482
f507b61071074892ab1dce9815a06495,1.0,0.08933454751968384,0.03934423252940178,1.1430352926254272,0.9573378562927246,0.9607329368591309,0.9739173650741577,0.010152287781238556,0.9748784899711609,0.006213524844497442,0.965083122253418
22dd100a5e8bccb6a888ff211a11a698,1.0,0.14076024293899536,0.6569237112998962,5.34858512878418,0.703206479549408,0.7465746402740479,0.9076231718063354,0.09829412400722504,0.8382224440574646,0.041860152035951614,0.7123783826828003
39c321073b32f1b652c75f14caced2cb,1.0,0.05611798167228699,0.06205633655190468,1.2095744609832764,0.9717220664024353,0.9723787307739258,0.9849563837051392,0.007878122851252556,0.9800797700881958,0.004431072622537613,0.9692080616950989
8b15d4516d22ed4c3ac8a50d501518bd,1.0,0.010798303410410881,0.10824593901634216,1.4103673696517944,0.9604700803756714,0.9647176265716553,0.9765869975090027,0.008657265454530716,0.956475555896759,0.010767396539449692,0.9216886162757874
63d7c9061db9b8baec0bce737fc8215a,1.0,0.045374542474746704,0.3415358066558838,3.4388551712036133,0.9378601312637329,0.9612337946891785,0.9803520441055298,0.013140796683728695,0.9273145198822021,0.015164325013756752,0.8814263939857483
97f806f68b0fc97d9b1b44532229a432,1.0,0.07020779699087143,0.11755252629518509,1.44776451587677,0.9641497135162354,0.9685952067375183,0.9828809499740601,0.008552782237529755,0.9711813926696777,0.007024833466857672,0.9621286392211914
85edd2f318416e916a9c83408b58fb2b,1.0,0.07742993533611298,0.14390389621257782,1.6674329042434692,0.9533737301826477,0.9580367207527161,0.9731475114822388,0.011802012100815773,0.9388507008552551,0.011048694141209126,0.8855395317077637
7be9df921ff69e52ab55f16c55c11f35,1.0,0.07136760652065277,0.14521153271198273,1.6804288625717163,0.9559916257858276,0.9678266048431396,0.9813007116317749,0.008875605650246143,0.9601861834526062,0.008599693886935711,0.9250366687774658
e01ac345be20c684a5b8017099e03b9a,1.0,0.04560178518295288,0.02754344791173935,1.1007685661315918,0.9351128935813904,0.9571393132209778,0.9780976176261902,0.0137259466573596,0.9556865692138672,0.008857488632202148,0.9365406036376953
0c1396581da6e01893396edddba11521,1.0,0.0603930726647377,0.026353957131505013,1.1188335418701172,0.9319288730621338,0.9447984099388123,0.9666634798049927,0.015061743557453156,0.962094783782959,0.008141961880028248,0.9323495030403137
9ddd44a7e790d71150c03977b48890a6,1.0,0.04319591820240021,0.14528943598270416,1.684220552444458,0.6882991790771484,0.7017558217048645,0.8729409575462341,0.11858143657445908,0.8674358129501343,0.02033289335668087,0.8600896000862122
8f8c40690a7dab6a64718804ff7197d7,1.0,0.07965808361768723,0.011217563413083553,1.0366530418395996,0.978394627571106,0.9789972305297852,0.9875198602676392,0.0061387838795781136,0.9730361104011536,0.005452779121696949,0.97112637758255
5ca68c0336eb491e1d79c6ae9e9041fd,1.0,0.1374843269586563,0.04190937429666519,1.1595479249954224,0.9787149429321289,0.9813950657844543,0.9896318912506104,0.0055313934572041035,0.9762166142463684,0.005160162225365639,0.9535576701164246
8d9742bda0e8707be805fa83046e347f,1.0,0.28130561113357544,0.5551955103874207,7.427989482879639,0.7004590630531311,0.7059273719787598,0.8892418742179871,0.12527060508728027,0.8685828447341919,0.029925381764769554,0.8912930488586426
b013fad08f65c5faf33817411218f596,1.0,0.19431036710739136,0.030886709690093994,1.1006193161010742,0.9861412048339844,0.9870791435241699,0.9912128448486328,0.003183208405971527,0.9853861331939697,0.0032577011734247208,0.9785370826721191
849dee8901beaada1f2e6e8503ea4921,1.0,0.07460618019104004,0.09650857746601105,1.586672067642212,0.9255477786064148,0.9300362467765808,0.9704877138137817,0.023047711700201035,0.9295192956924438,0.01617085188627243,0.9424497485160828
43623f4ab2e5908217775c01ad23a7dd,1.0,0.028355475515127182,0.07791408896446228,1.274850606918335,0.960475742816925,0.9647502899169922,0.983444333076477,0.011509988456964493,0.9609689712524414,0.009780758060514927,0.9696425199508667
186f109b-0d05-4eef-be46-670bffba60b1,1.0,0.11517111212015152,0.04158412292599678,1.1536685228347778,0.9722390174865723,0.9758601784706116,0.9825166463851929,0.005180362146347761,0.9763896465301514,0.004694089759141207,0.969316840171814
e60d12e7ee3af15bccc54b212ddc16e9,1.0,0.056132711470127106,0.34370824694633484,11.469330787658691,0.8174670934677124,0.8660959601402283,0.9594748616218567,0.05529071390628815,0.8565923571586609,0.03959861397743225,0.9599356651306152
318682d6113051d4d9496741244ecb9a,1.0,0.06103704124689102,0.09521190077066422,1.4868003129959106,0.7021403312683105,0.7935554385185242,0.9499093294143677,0.0968158021569252,0.7850123047828674,0.07132650166749954,0.9138814210891724
b3ed86c0e2ee49a4ad3c991f320c691d,1.0,0.12712009251117706,0.11322451382875443,1.8843930959701538,0.9488484859466553,0.9639704823493958,0.9857246279716492,0.01327233575284481,0.965889573097229,0.007882894016802311,0.9723792672157288
ca2209f162a31a6f60843bd102ee6780,1.0,0.04696498066186905,0.05857732892036438,1.193317174911499,0.9536659717559814,0.9566743969917297,0.9753342866897583,0.012900715693831444,0.9568645358085632,0.01084292121231556,0.9179456233978271
c401c6c32ad21fc09841df480f671275,1.0,0.23985061049461365,0.02394738793373108,1.0818411111831665,0.9696069359779358,0.9751704335212708,0.990157961845398,0.008199794217944145,0.9696611166000366,0.007346488069742918,0.9372403621673584
2e6dfe701affe68739156397a9d86b92,1.0,0.05805967003107071,0.10055404901504517,1.461531400680542,0.9588338136672974,0.9637044072151184,0.9815034866333008,0.010706963017582893,0.9668923020362854,0.005821821745485067,0.962738037109375
15007304627397acda9bb9e6f57f83db,1.0,0.13445326685905457,0.5628683567047119,4.7430291175842285,0.7464107275009155,0.7600631713867188,0.8883612751960754,0.09151007235050201,0.7844207882881165,0.05017492547631264,0.6797246932983398
824566a106ade98ef8880a72577968dd,1.0,0.0695817619562149,0.03157176822423935,1.1062729358673096,0.9593551754951477,0.9645163416862488,0.9823038578033447,0.01067205611616373,0.9764795303344727,0.005276469513773918,0.9587786197662354
ee7a65cecdcaa5d110133ed3927b27cc,1.0,0.14655303955078125,0.010888680815696716,1.039495587348938,0.9859933257102966,0.9862971305847168,0.990866482257843,0.0034281949046999216,0.9879053235054016,0.0022273417562246323,0.9787029027938843
70e4cd1848f739626a898306493d593d,1.0,0.11753174662590027,0.004346758127212524,1.018947720527649,0.9791457653045654,0.9822044372558594,0.9910449385643005,0.005909366998821497,0.9838699102401733,0.002658196957781911,0.9701449871063232
dd86e666a2b12379071ed37dd8e8f498,1.0,0.027440860867500305,0.48849955201148987,5.048781394958496,0.777704119682312,0.824833333492279,0.9452595114707947,0.06762640923261642,0.7349426746368408,0.08048535883426666,0.6682045459747314
f480fe98f54545f0722a848cc05f8191,1.0,0.04964936152100563,0.0361795574426651,1.1439212560653687,0.9436814785003662,0.9512702822685242,0.9732227921485901,0.015180709771811962,0.9281569719314575,0.01759696751832962,0.9060769081115723
696845717e1387a1376c6363f0147077,1.0,0.036830365657806396,0.08949838578701019,1.3969335556030273,0.9749370217323303,0.9801034331321716,0.9894583821296692,0.006872269324958324,0.9833709001541138,0.0029041480738669634,0.9672056436538696
dfcbcc828e6b4964fd3e99874f30cd6a,1.0,0.09806111454963684,0.038461580872535706,1.1451956033706665,0.9257552027702332,0.9515876770019531,0.9779364466667175,0.016669828444719315,0.9502894878387451,0.010416301898658276,0.9281703233718872
cbe6f74f874d6cc45a94a50edd7791d5,1.0,0.09604810178279877,0.0394195094704628,1.129685878753662,0.9657469391822815,0.9675669074058533,0.9822463393211365,0.009476104751229286,0.9716733694076538,0.005759997293353081,0.9372682571411133
4b16c19596016e5987237e37125e6603,1.0,0.07127402722835541,0.48258233070373535,2.8553502559661865,0.6375955939292908,0.8600797653198242,0.9610649347305298,0.08683445304632187,0.6994009017944336,0.09949275851249695,0.5796338319778442
2ea08a78b34a26736f8670393a0b2cec,1.0,0.04954565316438675,0.2621475160121918,1.716508388519287,0.6359664797782898,0.6411533951759338,0.7845770716667175,0.16484810411930084,0.816733717918396,0.06325570493936539,0.6414985656738281
b932a76de4dabce0018e9610bb72673d,1.0,0.08046530187129974,0.03950389474630356,1.1564513444900513,0.9475054740905762,0.9582918286323547,0.9784618020057678,0.011556483805179596,0.9641739130020142,0.007309648208320141,0.966762363910675
39478d945c54e4f75e25ae44e7e71e89,1.0,0.06938411295413971,0.04223422706127167,1.1755229234695435,0.9518486261367798,0.9556944966316223,0.9778441190719604,0.012680672109127045,0.9647237062454224,0.007313822396099567,0.9318119883537292
0f32ab5469e70cd67e9c348f07d52f97,1.0,0.08723624795675278,0.4639345407485962,7.102657318115234,0.7904095649719238,0.8064219951629639,0.930448591709137,0.07831358909606934,0.8691205978393555,0.04298156127333641,0.8158920407295227
854f4ac58d8396e9cf4e5253ee7ce9c6,1.0,0.03893985599279404,0.3655468821525574,2.1529064178466797,0.69068443775177,0.714271068572998,0.9106043577194214,0.1129806712269783,0.85554039478302,0.043005120009183884,0.9126963019371033
14e73c50d85c1a6d4792489c665b1da0,1.0,0.08027522265911102,0.07107847183942795,1.3005421161651611,0.9666961431503296,0.971311628818512,0.9826540350914001,0.008156565949320793,0.9557144045829773,0.010087726637721062,0.9212754964828491
0a4641b5f2c0fc1ca058e0681e7afc97,1.0,0.10485996305942535,0.0035261446610093117,1.011633276939392,0.9771831035614014,0.9813438057899475,0.9901227355003357,0.005982080940157175,0.9793713688850403,0.005029751919209957,0.9542779922485352
1d5541b95311790b8fefe6a5d4d99505,1.0,0.13375641405582428,0.3066084086894989,6.3653483390808105,0.7039463520050049,0.7079429626464844,0.9123201370239258,0.1213240996003151,0.7695021629333496,0.07165136933326721,0.9722699522972107
237fc6af233063f1c68547569e05a682,1.0,0.06525841355323792,0.8168972730636597,4.897574424743652,0.6372700929641724,0.6620140075683594,0.8816454410552979,0.1483808010816574,0.8072386384010315,0.06720351427793503,0.6419550180435181
e3be62ea07068e73edbc481f4f261190,1.0,0.14192843437194824,0.08799471706151962,1.390992522239685,0.9489203095436096,0.9658529758453369,0.9842924475669861,0.01180846244096756,0.9237751960754395,0.016239553689956665,0.8897831439971924
968876dd3fc851948fc0e91c9726296a,1.0,0.2693270146846771,0.3264114558696747,3.400454521179199,0.8851575255393982,0.9192197918891907,0.9762629270553589,0.03470572829246521,0.9452011585235596,0.01331684086471796,0.9508353471755981
f31aac4dcd00601907619f790fb92b49,1.0,0.2188989222049713,0.006152926478534937,1.0174269676208496,0.9662261009216309,0.9691633582115173,0.9842358827590942,0.009379340335726738,0.9764840006828308,0.004796199034899473,0.9616825580596924
1595f5cf06d123a865131ae6acb7f869,1.0,0.11779344081878662,1.5526173114776611,13.163981437683105,0.7550211548805237,0.7847879528999329,0.9380968809127808,0.07838040590286255,0.8370791673660278,0.045260678976774216,0.7585293054580688
8434cc98a515ac97027399a1c05e585f,1.0,0.22164955735206604,0.0014106223825365305,1.004555344581604,0.9907678365707397,0.9917933344841003,0.9969347715377808,0.0028164340183138847,0.9881163239479065,0.0028267093002796173,0.982959508895874
f771c63c66c5e6d9c446e6b2937b0470,1.0,0.18371286988258362,0.7822801470756531,6.506032943725586,0.8573405742645264,0.8718093037605286,0.9583604335784912,0.045264340937137604,0.9246483445167542,0.011772616766393185,0.8056340217590332
f12e65577ed1f4bb491f6b214457ce38,1.0,0.17434367537498474,0.6198370456695557,3.790315866470337,0.5904140472412109,0.6073169112205505,0.8622548580169678,0.171568363904953,0.8341965675354004,0.04471304640173912,0.5790980458259583
0ecd8de9d3fcda488d338c9ab2287bc5,1.0,0.08669029921293259,0.3887674808502197,3.250716209411621,0.9617717862129211,0.9684250354766846,0.9802656769752502,0.007512247189879417,0.949621319770813,0.010972284711897373,0.8857760429382324
45364631a33416f185cf7f0cbb36f651,1.0,0.04611463472247124,0.1754876673221588,1.8502418994903564,0.9605653882026672,0.9681218266487122,0.9828180074691772,0.008733288384974003,0.9616209864616394,0.007887697778642178,0.9436144828796387
db91155ee318681c1a0f107111761824,1.0,0.06219160929322243,0.06206000968813896,1.2188951969146729,0.7292739748954773,0.8021036982536316,0.9483826160430908,0.08605476468801498,0.763285219669342,0.054884668439626694,0.9459621906280518
b2476d36236b2ae342d18aea24a1edf0,1.0,0.1259930282831192,0.18692199885845184,1.6806612014770508,0.9585253000259399,0.9667234420776367,0.9796090722084045,0.009511333890259266,0.9711408019065857,0.005596912000328302,0.9380050897598267
ce3bf093a60bfa14acffa8501499a169,1.0,0.04670136421918869,0.13165591657161713,1.5728965997695923,0.5975145101547241,0.7134479880332947,0.9203997850418091,0.1269928216934204,0.6497308611869812,0.08109484612941742,0.9377955198287964
6c26cf2656d41b21ef6a480a59f28a57,1.0,0.14724647998809814,0.3561633825302124,4.727253437042236,0.9343004822731018,0.9571687579154968,0.9854437708854675,0.016736358404159546,0.9558470845222473,0.01241658441722393,0.9430874586105347
0114987335fc56310f7a8213abd5e54d,1.0,0.07395339012145996,0.23625360429286957,11.420992851257324,0.7941548824310303,0.918311595916748,0.9789553880691528,0.04969647154211998,0.8331891894340515,0.038698893040418625,0.8140544891357422
5af9ea41bc2b181ae2f7b411c60d6140,1.0,0.26560667157173157,0.010911238379776478,1.037123680114746,0.9871789813041687,0.9883515238761902,0.9928785562515259,0.002893527504056692,0.9794362783432007,0.004330044146627188,0.9636180400848389
75a64281109f0444a8f1f9f5933c8287,1.0,0.09566883742809296,0.07046584784984589,1.238168478012085,0.9465715885162354,0.9561564922332764,0.976493239402771,0.012129205279052258,0.9721932411193848,0.005553425755351782,0.9582804441452026
266f7ea437b4aef39a2c98baba8941b0,1.0,0.08159474283456802,0.08361749351024628,1.3359767198562622,0.9606706500053406,0.9657509922981262,0.9789554476737976,0.008648383431136608,0.9644643664360046,0.00856239814311266,0.9441781044006348
415beadc43ae9c2597b6384ed21af457,1.0,0.07435399293899536,1.0929303169250488,62.85118103027344,0.6178139448165894,0.7167415618896484,0.9185696244239807,0.11276768893003464,0.6528867483139038,0.07393521070480347,0.8260785341262817
db7aec61970fc88c15ff5bb7bf04a3ac,1.0,0.054842498153448105,0.3905549645423889,2.5125365257263184,0.7137722969055176,0.7473317980766296,0.9218392968177795,0.10102055221796036,0.8438129425048828,0.0508248396217823,0.8946408033370972
2ea0942de4769187ccb7bdc68179b80b,1.0,0.04127153754234314,0.38530099391937256,3.247286796569824,0.6010992527008057,0.601603090763092,0.8804553747177124,0.1673378199338913,0.6509230732917786,0.10810491442680359,0.9319308996200562
4c77fc670f2bb4d2fa604741ff5c6d18,1.0,0.05526002123951912,0.02729799598455429,1.0850775241851807,0.9495927095413208,0.9538369178771973,0.9777752161026001,0.01633782498538494,0.9528712630271912,0.008846240118145943,0.9056220054626465
b4d2faba43bb662d22b0e566bd8cbb04,1.0,0.557630181312561,0.02499534748494625,1.0856740474700928,0.9748954176902771,0.9791483879089355,0.9897200465202332,0.006505798082798719,0.9724751710891724,0.0060409801080822945,0.9531151056289673
285a3f260c17add58873ee9c9ea09926,1.0,0.09556236863136292,0.16909849643707275,1.6937990188598633,0.9524783492088318,0.9557684063911438,0.9755987524986267,0.014671700075268745,0.9468656778335571,0.01054493896663189,0.9323291182518005
955ff5f8784cb972f46dd18812824378,1.0,0.024759195744991302,0.3795274496078491,2.4104764461517334,0.7676094770431519,0.7838085293769836,0.8573612570762634,0.08037716895341873,0.9024478793144226,0.011211072094738483,0.9571809768676758
76948bbb6b3706279ce4223fd0625713,1.0,0.11770593374967575,0.41095536947250366,2.5212337970733643,0.9487642645835876,0.9614747166633606,0.9823146462440491,0.011833329685032368,0.951092004776001,0.008099755272269249,0.8769324421882629
873e8452d96d9a83d9fae3861f4538e4,1.0,0.09061405062675476,0.05693667382001877,1.253470778465271,0.9561099410057068,0.9594888091087341,0.9744411706924438,0.01173150073736906,0.9723859429359436,0.005425960291177034,0.9635276198387146
b488afc753a9bf5c2c70040f83283c99,1.0,0.09236745536327362,0.02072695828974247,1.0756433010101318,0.913693904876709,0.9561378359794617,0.9793382883071899,0.018078388646245003,0.9295477271080017,0.014961614273488522,0.9193918704986572
15ff03f7ed8b2712d55cbdd71ef04c9d,1.0,0.06349407136440277,0.057187553495168686,1.2548879384994507,0.9018970131874084,0.9342083930969238,0.9665674567222595,0.02124270424246788,0.9216105341911316,0.014996033161878586,0.8628289699554443
954415f767c8c00ef5f8507762c89a44,1.0,0.08816923201084137,0.07969881594181061,1.2837061882019043,0.9612410068511963,0.965800940990448,0.9766665697097778,0.007635839749127626,0.9647767543792725,0.008014778606593609,0.9346336722373962
ad9691e90101592c81db765756a2b8aa,1.0,0.06174959987401962,0.09652777761220932,1.4385303258895874,0.9243602752685547,0.9429728388786316,0.9670659303665161,0.01780511438846588,0.9433196187019348,0.009062327444553375,0.8972055912017822
568cdfbd2ebdeb0c6ca1e4db0a9c97a9,1.0,0.04300303757190704,0.03506796061992645,1.1027582883834839,0.9661232233047485,0.9713038802146912,0.9832167029380798,0.008511259220540524,0.970389723777771,0.005396842025220394,0.9564158320426941
7dee48ce83fe8dd3443d27e618fbef8b,1.0,0.05151098221540451,0.05727482959628105,1.245497703552246,0.9521431922912598,0.9578672051429749,0.9777661561965942,0.013222732581198215,0.9500058889389038,0.010628513060510159,0.93052077293396
a5eaf4006cd5a80c3445a5bf83bf2d4c,1.0,0.04648268222808838,0.03156950697302818,1.106632113456726,0.967350959777832,0.9718732833862305,0.9837309122085571,0.007975266315042973,0.9693034887313843,0.006349689792841673,0.984705924987793
fb4915c1f76a6d5ac4746b0421f5165f,1.0,0.08856077492237091,0.9260062575340271,6.055359840393066,0.7031094431877136,0.729041576385498,0.9083905816078186,0.10631467401981354,0.7793248891830444,0.0627407506108284,0.8992761373519897
c938ed8bf3fffa338c72747dd7d45af1,1.0,0.0794881284236908,0.056166745722293854,1.1879081726074219,0.9411756992340088,0.94696444272995,0.9676233530044556,0.012642926536500454,0.9591642618179321,0.007929965853691101,0.9350188970565796
550833116482137309b5a257b446156c,1.0,0.08840034157037735,0.5177592635154724,3.1682825088500977,0.7419909238815308,0.8141579031944275,0.936681866645813,0.07033152133226395,0.8603782653808594,0.03437114506959915,0.9397826194763184
eff6861d0727c373e99bc2021547262d,1.0,0.13511884212493896,0.0521969236433506,1.1947394609451294,0.9841349720954895,0.9851047396659851,0.9895184636116028,0.0030748748686164618,0.9828395843505859,0.0031826337799429893,0.9745886325836182
cd2d2a365d9e759cd5069c90f54e7da8,1.0,0.1300799548625946,0.14373429119586945,1.4850401878356934,0.9698336720466614,0.9786162972450256,0.9888359904289246,0.006411171983927488,0.9696662425994873,0.006292308680713177,0.9514859318733215
b1e4de27affee2ee4e512cdcabe4d0c0,1.0,0.26083695888519287,0.02780221216380596,1.0912299156188965,0.9811148643493652,0.9825336933135986,0.9912806153297424,0.005098078865557909,0.9880683422088623,0.0024689664132893085,0.9791479110717773
00f03abc8aba983c05024537ac23c04c,1.0,0.05502600222826004,0.048673365265131,1.2031339406967163,0.9379416704177856,0.9594246745109558,0.982154905796051,0.014383231289684772,0.945917546749115,0.011347176507115364,0.9373921155929565
4a9514578009d4c728673df7faa54a2e,1.0,0.09261950105428696,0.0402795746922493,1.1412392854690552,0.963175356388092,0.966320276260376,0.9825336933135986,0.00937738362699747,0.9758724570274353,0.005485102999955416,0.9581025838851929
1686c5412d1972fe05786dc41923ade2,1.0,0.05788677930831909,0.03206127882003784,1.1500037908554077,0.8960688710212708,0.9416595101356506,0.9740877151489258,0.02230989933013916,0.9181169867515564,0.017633112147450447,0.9293758869171143
532d4457b49b6db5b32be84e0db6a78d,1.0,0.05467259883880615,0.08055710792541504,1.2755080461502075,0.8668368458747864,0.9402273297309875,0.9826911687850952,0.03169826790690422,0.9093990325927734,0.01836874894797802,0.900445282459259
3267c59dad1faf853c4e903fe43be3bd,1.0,0.061616457998752594,0.16130468249320984,1.6604467630386353,0.8993122577667236,0.9289431571960449,0.9672526717185974,0.023524336516857147,0.9021916389465332,0.024909328669309616,0.9338853359222412
be2b0ed27da5b596ed18169dfb93b726,1.0,0.5448221564292908,0.02556355856359005,1.069618582725525,0.9578675627708435,0.9681609272956848,0.9827097654342651,0.009762474335730076,0.9825881123542786,0.003697930136695504,0.9649912118911743
466e44e445cd731c0856ce400581c225,1.0,0.12920905649662018,1.5004665851593018,151.06260681152344,0.47996988892555237,0.540325403213501,0.7644092440605164,0.16181284189224243,0.7738280892372131,0.06345406174659729,0.7823097109794617
2afd4b5a81b031ec8b8a37271db88d0d,1.0,0.09830573201179504,0.23320253193378448,9.54537296295166,0.8244763612747192,0.8746679425239563,0.967065155506134,0.055939268320798874,0.8468478918075562,0.03445333614945412,0.9604790210723877
09294fdf484abcd32368c0c788c634e4,1.0,0.053550105541944504,0.2495892345905304,1.9456359148025513,0.9089701175689697,0.9259090423583984,0.9538376331329346,0.020695731043815613,0.9357424974441528,0.01489267498254776,0.8335080146789551
32130d7852cc67d5490b876c75106528,1.0,0.055004511028528214,0.3838168978691101,3.532489061355591,0.9446935653686523,0.9503723978996277,0.9688522815704346,0.01227137353271246,0.9529963731765747,0.010441625490784645,0.8766772747039795
b01693c23a85d17069228ab50f30f39a,1.0,0.04382072389125824,0.04658883810043335,1.155857801437378,0.9621051549911499,0.9686226844787598,0.9836587905883789,0.010150808840990067,0.9711124897003174,0.005779508501291275,0.9635919332504272
f4eb9867ee02614b02136fa852731239,1.0,0.06207151710987091,0.10462827980518341,1.3676373958587646,0.9616082906723022,0.9673001766204834,0.9790188074111938,0.008314257487654686,0.9540301561355591,0.009529544040560722,0.9090107679367065
d295f23f9050323e4b8d4066230cf011,1.0,0.06418958306312561,0.11364242434501648,1.4056551456451416,0.9715593457221985,0.9759140014648438,0.9849275946617126,0.0060743605718016624,0.9737344980239868,0.005360492505133152,0.9547854661941528
7cbe2d57f6c682798c29e0e7578fd756,1.0,0.058957699686288834,0.05276856943964958,1.2895885705947876,0.9187594652175903,0.9577006697654724,0.9841285943984985,0.018567761406302452,0.9102023839950562,0.019573893398046494,0.8864859342575073
6f1864d359eac060faf20c5b4099000f,1.0,0.0627918541431427,0.13373151421546936,1.7339859008789062,0.9198567867279053,0.9399784207344055,0.9707925319671631,0.018468786031007767,0.9424844980239868,0.01000244915485382,0.9104102849960327
e82228c6a13a849aea214e17fb1e68aa,1.0,0.02877074107527733,0.07058494538068771,1.2545671463012695,0.9332584142684937,0.9627566933631897,0.9828382730484009,0.013976970687508583,0.9419383406639099,0.012311957776546478,0.918715238571167
7e0dfa1d749c99373e82a96e1bde617c,1.0,0.044578149914741516,0.18966110050678253,1.9073814153671265,0.9376941919326782,0.9463302493095398,0.9755116105079651,0.017600467428565025,0.9513440132141113,0.011022540740668774,0.8890936374664307
2a8b57a1fb3de11b474c0bd8edb7cc84,1.0,0.06677140295505524,0.016868149861693382,1.0648128986358643,0.9441931247711182,0.9532492756843567,0.9782867431640625,0.01458346750587225,0.9572227001190186,0.009101767092943192,0.9352683424949646
842a630a25a5ab5fe8dbdb2b75a002d4,1.0,0.16124632954597473,0.07442876696586609,1.3602129220962524,0.974530816078186,0.9759280681610107,0.9870480895042419,0.007326213177293539,0.9703245162963867,0.005032733548432589,0.9313299059867859
103a8376251582ee8ccce12b44b13632,1.0,0.10465481877326965,0.3997476398944855,2.251861095428467,0.8333760499954224,0.9290037155151367,0.9811044335365295,0.040077559649944305,0.93752121925354,0.015590867027640343,0.8630914688110352
8df93da701b8e1cbaca58003437b6065,1.0,0.12430768460035324,0.8362076282501221,6.526975631713867,0.6656116247177124,0.6834931969642639,0.8474938869476318,0.13460400700569153,0.8726150393486023,0.028862688690423965,0.729049801826477
91085ae65d7270c812a5e59660cacb0d,1.0,0.09384200721979141,0.32401734590530396,3.0418450832366943,0.6714039444923401,0.6881341934204102,0.9075742363929749,0.11405884474515915,0.7920346260070801,0.0644407644867897,0.6960731744766235
64a9eddff11af2b21a852e2d0836a97f,1.0,0.055513717234134674,0.10170329362154007,1.3826123476028442,0.9562481045722961,0.9620674252510071,0.9796422123908997,0.010760726407170296,0.9565576910972595,0.008826830424368382,0.9346767663955688
b599dba80e97eb50b61e95dcb6fe3d0d,1.0,0.06034398078918457,0.11948654055595398,1.5014761686325073,0.6544828414916992,0.6614444255828857,0.9016193747520447,0.1425040066242218,0.7602531909942627,0.08436743915081024,0.9615238904953003
791a0d70-d220-45a6-af70-dc20140cdd72,1.0,0.15194237232208252,0.1123352125287056,1.417137861251831,0.979898989200592,0.9831892848014832,0.9910649657249451,0.004485888872295618,0.9700924158096313,0.005821020808070898,0.9515537619590759
4462be5cb2b006955b05e1fddb98a9d0,1.0,0.1755521446466446,0.4583786129951477,4.048525333404541,0.9605897068977356,0.9671604037284851,0.9823686480522156,0.008449919521808624,0.9532095789909363,0.009089751169085503,0.9004051685333252
02c7cad1349657156d509ffb307f3a6a,1.0,0.1045427918434143,0.025861497968435287,1.0937448740005493,0.9489079713821411,0.961064875125885,0.9775282144546509,0.011172699742019176,0.966926097869873,0.00760433916002512,0.9758353233337402
b94f500e734cb021b6b3fc9e47aa43f8,1.0,0.09983190894126892,1.0177772045135498,6.23088264465332,0.853692889213562,0.8702589869499207,0.9568170309066772,0.05096054449677467,0.8763156533241272,0.03495785966515541,0.9244579672813416
7817711d141521f3ea0ce48be45a83ec,1.0,0.04344779998064041,0.07076222449541092,1.2884464263916016,0.9743307828903198,0.9761731028556824,0.9861758351325989,0.0069639733992516994,0.9670981168746948,0.0061909048818051815,0.9605528116226196
9164d78d0b5e5be8576ccb4ef1d3fb3c,1.0,0.17016735672950745,0.28021901845932007,2.7487576007843018,0.5781224966049194,0.5935086607933044,0.9035147428512573,0.15528267621994019,0.7117444276809692,0.10027781128883362,0.5911297798156738
764a4f8b64baf7f53fd380968eaba2cb,1.0,0.09927832335233688,0.0309226643294096,1.111750602722168,0.9534643292427063,0.9584749341011047,0.9743565320968628,0.01158121321350336,0.9607105255126953,0.006636599078774452,0.9315583109855652
1d2c882f9e3037babff931eaf07dc2e0,1.0,0.06333525478839874,0.03932781517505646,1.111851692199707,0.9747917652130127,0.9758569598197937,0.9843241572380066,0.007129800505936146,0.9736195206642151,0.004174946807324886,0.9434038996696472
23910039fae19c3fb85b818abd8f1496,1.0,0.0346980020403862,0.11385354399681091,1.4772769212722778,0.9363487362861633,0.9525429606437683,0.9743120074272156,0.013711143285036087,0.9205644130706787,0.01595544070005417,0.9303107261657715
ac7b7935878fc763902f212a3f3fdbd6,1.0,0.13247616589069366,0.09182454645633698,1.3380725383758545,0.9753382205963135,0.9776360392570496,0.9857388734817505,0.005478182341903448,0.9410561919212341,0.011901019141077995,0.9098372459411621
fba5af597f8fb85d9c18c9a2ae3df9dc,1.0,0.0950373187661171,0.8406317830085754,6.1697797775268555,0.6601336002349854,0.7811612486839294,0.9307168126106262,0.08976566791534424,0.7988110780715942,0.0432400107383728,0.8938542604446411
082f686060e105821e2ab43cfe3725cc,1.0,0.12217997014522552,0.006528159603476524,1.0241950750350952,0.9634377956390381,0.9690539240837097,0.9829274415969849,0.008439799770712852,0.9795868396759033,0.004571810830384493,0.9737544655799866
7901e9304e9bc4a24265f704b672e691,1.0,0.2427368462085724,0.6696571707725525,8.263422966003418,0.8266146779060364,0.8338339924812317,0.9318004250526428,0.05721371993422508,0.921825647354126,0.014569994062185287,0.9156084060668945
d7ec6a2cfd0eff742835cf69a17bff9e,1.0,0.06314244121313095,0.03465406969189644,1.123828649520874,0.9664695262908936,0.9679506421089172,0.9807264804840088,0.008818412199616432,0.9557333588600159,0.010373557917773724,0.9231480360031128
55cb095ae5aa36b36e38aeecd633499f,1.0,0.07615938037633896,0.025226371362805367,1.0887608528137207,0.949214518070221,0.9620311856269836,0.9775139093399048,0.010369486175477505,0.9713915586471558,0.005378783214837313,0.9485687017440796
780d79656a55bdd38a13db9f87b4107d,1.0,0.08006064593791962,0.2746026813983917,2.3956313133239746,0.8454350829124451,0.8846467137336731,0.9614956378936768,0.044398628175258636,0.8496121764183044,0.03212061524391174,0.9034448862075806
d4197045a3ded3f8e719aa834b42f99f,1.0,0.10185504704713821,0.2799130976200104,4.47758674621582,0.8925831317901611,0.9228301048278809,0.9710426330566406,0.02882702648639679,0.9252827167510986,0.014989198185503483,0.9404644966125488
733f4a93041230063d03912e31ebe037,1.0,0.24415408074855804,0.03853888064622879,1.1318025588989258,0.9839029312133789,0.9852075576782227,0.9911949038505554,0.003790146205574274,0.9745129942893982,0.0058324020355939865,0.955726146697998
c546c6fbd7e63c202034495912a4de62,1.0,0.11270540952682495,1.1491901874542236,8.323301315307617,0.6681081652641296,0.8667996525764465,0.9664724469184875,0.08039963990449905,0.7765130400657654,0.07674690335988998,0.662105143070221
b35507ed7ea4d235047f15a50aef769b,1.0,0.06972828507423401,0.18924906849861145,1.7354967594146729,0.9167582392692566,0.9270694851875305,0.9604570269584656,0.02127312496304512,0.9578090310096741,0.007721775211393833,0.9296444654464722
decb0e66893487e23f6ad5cd979299e6,1.0,0.16443467140197754,0.6364889740943909,5.093870639801025,0.8053196668624878,0.8720154166221619,0.9646545052528381,0.05634615570306778,0.8408070802688599,0.03686609864234924,0.9557652473449707
03c2cf0db1a890cb9e1f56f11317afc1,1.0,0.1341615915298462,0.19563621282577515,1.7755566835403442,0.9470227956771851,0.9594239592552185,0.9770581722259521,0.010659431107342243,0.950281023979187,0.009309202432632446,0.8747110962867737
35397145414b39594d2c0915769e2bfe,1.0,0.08704907447099686,0.08887002617120743,1.3536659479141235,0.9542357325553894,0.9611569046974182,0.9824199676513672,0.011921028606593609,0.9435326457023621,0.013731223531067371,0.9416213035583496
1fd8ebea777451d00074265c03205fa7,1.0,0.09102724492549896,0.05785705894231796,1.2000280618667603,0.9624466300010681,0.9661702513694763,0.9767557978630066,0.006964843720197678,0.9657889604568481,0.00819750688970089,0.9405659437179565
9c5d21d00e73960f4f105cd42d4cca21,1.0,0.10086298733949661,0.5833430290222168,4.7969489097595215,0.8573623895645142,0.8628328442573547,0.9560078382492065,0.053128696978092194,0.9396342039108276,0.012316321022808552,0.956262469291687
065776cae29d50be1218c806d580af5e,1.0,0.04839610308408737,0.06197735294699669,1.243728518486023,0.9579689502716064,0.9701566696166992,0.9892167448997498,0.011271500028669834,0.9699249267578125,0.005249910056591034,0.958305835723877
1b9718d5336e8d1089852c3b1b2f02d3,1.0,0.21537208557128906,0.0017355014570057392,1.0053743124008179,0.933232307434082,0.958489179611206,0.9820544123649597,0.015190476551651955,0.935326337814331,0.01375239621847868,0.9081187844276428
08e4cff312e6d5b0b4c927b677fe347e,1.0,0.06548120081424713,0.2593819200992584,2.287261486053467,0.9603915214538574,0.9678766131401062,0.9809623956680298,0.008842251263558865,0.959391713142395,0.008002393878996372,0.9489489197731018
04f572c7a7b1d44dd5f953eb230dde37,1.0,0.3273032009601593,0.8100540637969971,10.788634300231934,0.8062991499900818,0.8899641633033752,0.9504348039627075,0.04075102135539055,0.8565407991409302,0.02517559565603733,0.623530924320221
ce3918308e8051e85279fdcbce1b4a81,1.0,0.1281420737504959,0.03481404483318329,1.1623551845550537,0.965931236743927,0.9660220146179199,0.9846830368041992,0.010439545847475529,0.9454056024551392,0.012904698960483074,0.9212245941162109
142bedff6ac8ee418e0b4a8642722cf5,1.0,0.12457486987113953,0.3229089379310608,2.2734367847442627,0.7745144963264465,0.9089512825012207,0.9717303514480591,0.05304998904466629,0.8238587379455566,0.053282178938388824,0.7818784713745117
8451e79c73544269a9d532bc83067156,1.0,0.19326916337013245,0.34567272663116455,3.3438546657562256,0.8503088355064392,0.8614809513092041,0.9545533657073975,0.055344726890325546,0.9107112884521484,0.026443878188729286,0.9233859777450562
64ee1e9a426d7d9a54ca560c608d0c6b,1.0,0.07997758686542511,0.02204102836549282,1.065894603729248,0.9649292230606079,0.9709792137145996,0.9873324036598206,0.009612984023988247,0.9658224582672119,0.008875085040926933,0.9500378966331482
f3f3f8784ad6793421523cbde362dd5d,1.0,0.041534267365932465,0.5735259652137756,10.87519645690918,0.818440318107605,0.8390166163444519,0.9511598944664001,0.05752834677696228,0.9024341106414795,0.028708122670650482,0.821687638759613
bdf8213420402168930b34ff8c9bc31d,1.0,0.05712105333805084,0.031005747616291046,1.1352627277374268,0.9625667929649353,0.9719093441963196,0.9858335852622986,0.008683587424457073,0.9655243158340454,0.007047283463180065,0.9376667141914368
25d244733e79bc3e453cd56a51488bdc,1.0,0.07468529045581818,0.24836638569831848,12.688657760620117,0.6602556109428406,0.7587213516235352,0.9405562281608582,0.10931292921304703,0.7003718614578247,0.06785526126623154,0.90850830078125
866fc5a176fc539a625570c5764a5378,1.0,0.08096466958522797,0.05300671607255936,1.209510087966919,0.9546670913696289,0.9576603770256042,0.9728477597236633,0.010245013982057571,0.9546539187431335,0.009139598347246647,0.9280881285667419
cfc06e5734fe32829eb7f07b3a8689c1,1.0,0.08976183831691742,0.017100846394896507,1.0637550354003906,0.9727628231048584,0.9745073318481445,0.9837325215339661,0.006442400626838207,0.9750248193740845,0.0046784658916294575,0.9610462784767151
012a56dedbb43a0a128e4098b0cc4f4e,1.0,0.15578944981098175,0.2512647807598114,3.3469250202178955,0.7626127600669861,0.7658492922782898,0.934307873249054,0.09922052919864655,0.7939805388450623,0.06372280418872833,0.9542567729949951
215984483c50f5156e1adada0acf84ef,1.0,0.03755532205104828,0.04912203177809715,1.1885730028152466,0.9051836133003235,0.947223961353302,0.9797596335411072,0.021947737783193588,0.8660749793052673,0.029812179505825043,0.9134212732315063
565b03772a6ba15fde9ca330d0433805,1.0,0.036067306995391846,0.07814371585845947,1.3179208040237427,0.8720457553863525,0.909275472164154,0.9615004062652588,0.030814966186881065,0.9448124170303345,0.01419041771441698,0.9434789419174194
19188dabb6ea50978a885b42e3043d0c,1.0,0.0862366259098053,0.7373262643814087,5.035600662231445,0.9030117392539978,0.9194284081459045,0.964978039264679,0.024947525933384895,0.9143511652946472,0.018028128892183304,0.9424788951873779
89c7ce2d6fc83429e96f2baf3fd02621,1.0,0.0758018046617508,0.05899471044540405,1.2977370023727417,0.9489772319793701,0.9598738551139832,0.9775339961051941,0.012461291626095772,0.9749032855033875,0.00480078486725688,0.9466860294342041
e3a76feb5f347c0f7c28f1be7ceba61f,1.0,0.34568342566490173,0.001391323283314705,1.0052887201309204,0.9923245906829834,0.9925227761268616,0.9946260452270508,0.0017025232082232833,0.9877755641937256,0.002636275254189968,0.9663110375404358
9bdbed9054560c5fb40a7659e2823994,1.0,0.0968211218714714,1.2088932991027832,10.083322525024414,0.7247501611709595,0.8070657849311829,0.9516928791999817,0.08608487248420715,0.8147783279418945,0.060831084847450256,0.9475075602531433
bd81212d40cc5f1bc53e83cfa008a25a,1.0,0.025268569588661194,0.043892744928598404,1.1581368446350098,0.9640615582466125,0.9674829840660095,0.9804084300994873,0.011865681037306786,0.9590368270874023,0.009862026199698448,0.9562844038009644
9c5122a687e8c7ffd7e38563d4185b8c,1.0,0.1747802495956421,0.06634808331727982,1.2205798625946045,0.9815326929092407,0.9855391383171082,0.9917570948600769,0.004354625474661589,0.977306604385376,0.004885493777692318,0.9669795632362366
fd48953383862063f8240bf24991d871,1.0,0.05052541196346283,1.3540046215057373,20.920223236083984,0.6467185616493225,0.6649617552757263,0.9142816662788391,0.1261107474565506,0.8091113567352295,0.06684692203998566,0.6644266247749329
46a0583c1c56588bd5235d23d2433f67,1.0,0.24798136949539185,0.2092379778623581,2.080167531967163,0.8663498759269714,0.9399622082710266,0.9834901094436646,0.032128311693668365,0.9130617380142212,0.029651468619704247,0.8566348552703857
6b613d1dc6d3b4c9a6f86ce1a489e721,1.0,0.03563942015171051,0.0750776156783104,1.3129603862762451,0.9429522156715393,0.9670163989067078,0.9841521978378296,0.012017757631838322,0.9085561633110046,0.020300470292568207,0.8692428469657898
76464abd0a36a68b5cd6095d9b4caf5b,1.0,0.11922527104616165,0.0551220141351223,1.229243516921997,0.9655441641807556,0.9719388484954834,0.9838312864303589,0.006978367920964956,0.9738264679908752,0.004910617135465145,0.9544018507003784
8e85cb380e7a6c3e0cea3b14c0154806,1.0,0.07281973958015442,0.0491582453250885,1.1681649684906006,0.9587870836257935,0.9678227305412292,0.9844493269920349,0.009741604328155518,0.9667405486106873,0.006569597404450178,0.9528951644897461
ecb4d3ee539e9b1a79614f180a156b46,1.0,0.03757258504629135,0.06508389115333557,1.242513656616211,0.9387579560279846,0.9582231640815735,0.9807533025741577,0.014644218608736992,0.9458705186843872,0.011472121812403202,0.9423200488090515
8dc4c961127969746118ee622fe3c8f9,1.0,0.06836457550525665,0.1635001003742218,2.25146484375,0.7019782066345215,0.7082118988037109,0.8790905475616455,0.13416968286037445,0.7913869023323059,0.07093605399131775,0.9189584255218506
2f1db9714c02e083630af3862ba05c70,1.0,0.044502608478069305,0.1903620809316635,2.030076742172241,0.9074448347091675,0.9321383833885193,0.9674355983734131,0.022129161283373833,0.9244095087051392,0.015865284949541092,0.9012566208839417
f0f85909cbb962f8eba315bd9423a72b,1.0,0.015813035890460014,0.9846587181091309,19.48377799987793,0.777494490146637,0.7825748324394226,0.9002752304077148,0.08363145589828491,0.9094659686088562,0.011091380380094051,0.7384626865386963
2bf2955a023640bbb776a134e6dfa250,1.0,0.037713076919317245,0.07893327623605728,1.3367902040481567,0.8562188148498535,0.9343447685241699,0.978643536567688,0.03342327103018761,0.8711186051368713,0.028972148895263672,0.8420177102088928
1242fa5a359f49da1350fb5ecde783df,1.0,0.5358399152755737,0.1956249624490738,1.8407090902328491,0.9617561101913452,0.9704516530036926,0.9815603494644165,0.007015751674771309,0.9765992164611816,0.0044409711845219135,0.9469100832939148
4c5f63f298c568a7e929f7e67845a883,1.0,0.05717445909976959,0.06896209716796875,1.3462063074111938,0.964872419834137,0.9658768773078918,0.9779331684112549,0.007698581088334322,0.9744206666946411,0.004376476630568504,0.9511783123016357
15bff8c04e282e7677a958e672557c5b,1.0,0.11699458211660385,0.9744095802307129,7.758419036865234,0.8035634756088257,0.857073962688446,0.9582647085189819,0.0600491464138031,0.8393428325653076,0.0353688970208168,0.8853147029876709
965829baaee23eec66c8a73103c1f8a4,1.0,0.030295226722955704,0.0765758603811264,1.3031055927276611,0.9130104780197144,0.9379894137382507,0.9716042280197144,0.020007960498332977,0.944328784942627,0.012394854798913002,0.9346475005149841
935357a1f87f2207ab2589863b63f2ca,1.0,0.9215622544288635,0.0015280559891834855,1.005434274673462,0.9540195465087891,0.9619496464729309,0.9798346757888794,0.010931910946965218,0.9633562564849854,0.007754445541650057,0.9553383588790894
bc08e4143bcbc29b23e5e81b594492b2,1.0,0.2999112010002136,0.6365643739700317,16.30460548400879,0.7415993809700012,0.7551813721656799,0.8940637111663818,0.10588891804218292,0.8351213932037354,0.054830197244882584,0.9354519248008728
556cd14d37e38cfec7136f0e906fae3d,1.0,0.1544157862663269,0.8368017077445984,5.808449745178223,0.630517840385437,0.6371840238571167,0.798846960067749,0.162472203373909,0.8028421401977539,0.05646500363945961,0.8874819874763489
cba01ca8b200cd4d625ff34ee9334d87,1.0,0.049417417496442795,0.09930960834026337,1.4658801555633545,0.9228460788726807,0.9302683472633362,0.9690101742744446,0.023969728499650955,0.9517818689346313,0.009977522306144238,0.8864366412162781
de52ae1b591ea2358c37648c14e45c86,1.0,0.05944939702749252,0.0018701686058193445,1.0069671869277954,0.9848380088806152,0.9850034117698669,0.9930932521820068,0.005097394809126854,0.9739887118339539,0.005262287333607674,0.9618088006973267
d3cc88220e2a30efdfb2a3bed78f2f6a,1.0,0.17684821784496307,0.61245197057724,5.530908107757568,0.7220257520675659,0.725485622882843,0.8804870843887329,0.12406828254461288,0.8814699053764343,0.025046125054359436,0.95826256275177
28efebd0aee841dbc4436c3755daa8a4,1.0,0.08075850456953049,0.7215611934661865,5.44455099105835,0.654778242111206,0.6581112742424011,0.862958550453186,0.15579582750797272,0.8481204509735107,0.04158652201294899,0.9702482223510742
dc47ed3c150d570d3d7439deff20d161,1.0,0.04259747266769409,0.058733996003866196,1.2996509075164795,0.9582447409629822,0.9589295983314514,0.9763802886009216,0.010818764567375183,0.9544578790664673,0.009097636677324772,0.9460830688476562
6db6563294467ae3bfd5034c32966a24,1.0,0.05742473155260086,0.09704501926898956,1.409999966621399,0.9495155811309814,0.9524259567260742,0.9696004390716553,0.013593888841569424,0.9185254573822021,0.01718970015645027,0.9187930822372437
bfbb03cea400d978fa4f0c7420e7ba38,1.0,0.01951681450009346,0.055066581815481186,1.2090858221054077,0.9511020183563232,0.9527767300605774,0.9666069746017456,0.010968474671244621,0.9591195583343506,0.0081535205245018,0.9435709714889526
a09b51ad5e4b7788818d572cf87e3d41,1.0,0.060613639652729034,0.03386081010103226,1.12163507938385,0.9311073422431946,0.9517906308174133,0.9790325164794922,0.01586415059864521,0.945995032787323,0.01168373879045248,0.9408861398696899
2d79c15c9e92243205581cdeb0230e20,1.0,0.11312975734472275,0.7627185583114624,4.655064105987549,0.6910278797149658,0.7574872970581055,0.9378038048744202,0.0989663153886795,0.8436934351921082,0.047283612191677094,0.9720602035522461
a306781690c21a233857c557694fe302,1.0,0.1393314003944397,0.013047672808170319,1.0479930639266968,0.9709304571151733,0.9767643809318542,0.9900214076042175,0.007333728484809399,0.9557196497917175,0.009454249404370785,0.9731190204620361
d4f1a9e90555ad103207b6b31ddd1881,1.0,0.062116529792547226,0.033096667379140854,1.1067026853561401,0.9467064142227173,0.959648609161377,0.9814977049827576,0.012463903054594994,0.9537510871887207,0.00948427990078926,0.928704559803009
d623b83d-812f-4f2e-bae6-77fe3ff00df4,1.0,0.07150692492723465,0.029533768072724342,1.1017283201217651,0.9751929640769958,0.9808493256568909,0.9896842241287231,0.005520574748516083,0.9713442921638489,0.006227173376828432,0.9499485492706299
de32eb117df014836c5e9bafb6b4c6b3,1.0,0.0470985472202301,0.2945668697357178,2.416285514831543,0.9367988109588623,0.9509146809577942,0.9708821773529053,0.013456891290843487,0.95195472240448,0.008932470344007015,0.9538993835449219
d7cd402244e72dc4fafc18ed3871e9a2,1.0,0.03676684573292732,0.08231329917907715,1.39298415184021,0.9517929553985596,0.9676286578178406,0.9832096099853516,0.010366516187787056,0.9268206357955933,0.01593257486820221,0.9177629351615906
c3023294b4f51df43e674c3c30755c91,1.0,0.07013063132762909,0.042383018881082535,1.1740190982818604,0.9458039999008179,0.9518992304801941,0.972896158695221,0.014110053889453411,0.9754493236541748,0.005332917906343937,0.9566411375999451
de64f16eb6809f60d5094e040b18a229,1.0,0.06442463397979736,0.06242883950471878,1.2623387575149536,0.9295821785926819,0.9469619393348694,0.9808448553085327,0.018592579290270805,0.9355031847953796,0.014356037601828575,0.9585375785827637
6f4cb2125196d403e51b3399bcd54ebf,1.0,0.14386874437332153,0.09930358082056046,1.4153406620025635,0.9519047737121582,0.9620187878608704,0.9808388352394104,0.011875185184180737,0.9686080813407898,0.006327149923890829,0.9345017671585083
981c33b35b908705e91986f59f3f54a1,1.0,0.07476164400577545,0.08709411323070526,1.3077218532562256,0.9472556114196777,0.9513096809387207,0.9698285460472107,0.012601110152900219,0.9474693536758423,0.009283008985221386,0.8999313116073608
da624326071b7dc8679379d0de501dc1,1.0,0.017902038991451263,0.658678412437439,10.831069946289062,0.8005343079566956,0.8141523003578186,0.938488245010376,0.06768642365932465,0.8911385536193848,0.021379897370934486,0.8315495848655701
61ae8aa170d3101273c12949a6ac7740,1.0,0.05378006771206856,0.04997080937027931,1.2536234855651855,0.9279201030731201,0.9541573524475098,0.9789897203445435,0.015789085999131203,0.9219836592674255,0.016147473827004433,0.9063073396682739
9060568a3e160792db5e3195782c0117,1.0,0.08831389248371124,0.06742347776889801,1.2507275342941284,0.9708136916160583,0.9763360023498535,0.9862591624259949,0.006469004321843386,0.9668505191802979,0.008013676851987839,0.9503856897354126
7bd007557d373b0412307ea25986e4d4,1.0,0.05904929339885712,0.018122702836990356,1.0698827505111694,0.8688254356384277,0.8988873362541199,0.9621452689170837,0.035887427628040314,0.8970049023628235,0.027626758441329002,0.9449247121810913
a81a1586c2d5fe03337f6ccfb7f85f3c,1.0,0.13267871737480164,0.1481952965259552,1.4797601699829102,0.959949791431427,0.9693970680236816,0.9876468777656555,0.010597755201160908,0.9500312805175781,0.012739874422550201,0.9295558929443359
3f85a592ca66e51f076793cb77f16907,1.0,0.10742372274398804,0.039099644869565964,1.1942280530929565,0.9585553407669067,0.966444730758667,0.9860051870346069,0.010446722619235516,0.9425337910652161,0.012572850100696087,0.9132026433944702
7a253b3224f6fb65618203d422d1c7f3,1.0,0.026877913624048233,0.07446806877851486,1.3222967386245728,0.9064228534698486,0.9274563789367676,0.9546247124671936,0.018034443259239197,0.9584182500839233,0.007466989569365978,0.8949514627456665
504ed09c1e93603c0469d625f7a04d5d,1.0,0.15668810904026031,0.28745922446250916,2.3235416412353516,0.6978573203086853,0.766164243221283,0.9417319893836975,0.09098146110773087,0.8779833316802979,0.03989019989967346,0.6303690671920776
f36a0176bc78fc7a261c6a81b6ce42b9,1.0,0.08913169056177139,0.06259661167860031,1.2595505714416504,0.9580658674240112,0.9589178562164307,0.9785083532333374,0.014875226654112339,0.9586025476455688,0.00839746929705143,0.9479489326477051
60dfede9e30e10b23fb486093512dedf,1.0,0.09107755124568939,0.039058148860931396,1.1866670846939087,0.9665634632110596,0.9714317321777344,0.9823826551437378,0.00728134298697114,0.9661957621574402,0.007097084540873766,0.9483622312545776
e3dadbde34ee54508ced5cdfaf96abf0,1.0,0.0595448836684227,1.0042060613632202,8.685243606567383,0.7125678658485413,0.7924310564994812,0.9342151284217834,0.08143924176692963,0.8048614263534546,0.04934896156191826,0.7846361398696899
5c7a2edf3da3ff2f4ca65d006f88ce8e,1.0,0.07335419952869415,0.026390301063656807,1.0894501209259033,0.9689334034919739,0.9720494747161865,0.9810584783554077,0.007348912768065929,0.9786887168884277,0.0049317157827317715,0.9624923467636108
1bda0bb384d82fd2be8b82a205dce0fe,1.0,0.0358315110206604,0.0760512501001358,1.303875207901001,0.9368789196014404,0.9565190672874451,0.9758566617965698,0.01385022047907114,0.9592764377593994,0.008502848446369171,0.9399853944778442
abb0b2dd4e7c3b9b4bc4c43df0f5ac86,1.0,0.06227331608533859,0.38677725195884705,4.356942176818848,0.840060293674469,0.9200244545936584,0.968312680721283,0.035331133753061295,0.9292453527450562,0.019839240238070488,0.8493536710739136
b937e7274b155475e2fff135f62ceea6,1.0,0.04355925694108009,0.07349009811878204,1.5050455331802368,0.6433805227279663,0.7545844912528992,0.9405096769332886,0.11641323566436768,0.6806874871253967,0.07529046386480331,0.9654361009597778
3691fc050138c2db6e0d467ba3a711a7,1.0,0.03074507601559162,0.2329910844564438,1.7496386766433716,0.9321349859237671,0.9414753317832947,0.966680645942688,0.016773918643593788,0.952065646648407,0.010881648398935795,0.9516726732254028
c392d219f3f52de255532a12a30ba4b1,1.0,0.04616435617208481,0.08494590222835541,1.364038348197937,0.965401828289032,0.9694180488586426,0.9855168461799622,0.010058986954391003,0.9592148661613464,0.009638838469982147,0.9475297927856445
f4ec90b9b97d2cb83a2c0629c994da51,1.0,0.09664375334978104,0.020993201062083244,1.0689373016357422,0.964638352394104,0.965419590473175,0.9814913868904114,0.009909513406455517,0.9783440828323364,0.0046816859394311905,0.9583323001861572
20aed7bb2de3bc3285e795637020fe1d,1.0,0.07894128561019897,0.057144857943058014,1.225966453552246,0.9359779357910156,0.949002206325531,0.9774011969566345,0.015865271911025047,0.9702373147010803,0.0070982580073177814,0.948657751083374
75f96ad6-5e88-46c7-9775-13808dcf7a12,1.0,0.06802759319543839,0.210005521774292,1.9597662687301636,0.9518159031867981,0.9607812762260437,0.9764298796653748,0.009826433844864368,0.9596520662307739,0.007294453680515289,0.93288654088974
5921b034fa3bd10d9970dbe70c633fc6,1.0,0.23000527918338776,0.014858807437121868,1.0566624402999878,0.9664937853813171,0.9845597743988037,0.9940911531448364,0.007484919857233763,0.9607303738594055,0.010528504848480225,0.942035436630249
c0255574a7b1627349a81b6111cb45bc,1.0,0.04394133761525154,0.021970907226204872,1.0789915323257446,0.96335369348526,0.9689726233482361,0.9850969910621643,0.010500408709049225,0.9700836539268494,0.005941359326243401,0.941204309463501
8df137bf222c6e33a80e980025e0f4d5,1.0,0.10151594877243042,0.01796640083193779,1.0610809326171875,0.9582863450050354,0.9595937132835388,0.9830015301704407,0.012568756937980652,0.9647154808044434,0.009123871102929115,0.9332973957061768
14502c2bb93667ee973bb1257cf07cd3,1.0,0.043145399540662766,0.18749678134918213,1.8849035501480103,0.8163459300994873,0.8747996687889099,0.9688363671302795,0.057011816650629044,0.865479588508606,0.03030754067003727,0.9627665877342224
2814d7590ca9390dc05ff5ee5f9ad8c1,1.0,0.304820716381073,0.04089446738362312,1.1573439836502075,0.9896823763847351,0.9919622540473938,0.995710551738739,0.002162439050152898,0.9821637868881226,0.003672664985060692,0.9709535837173462
ceedef4e229590c3582d104e7675c02e,1.0,0.029078409075737,1.252116084098816,10.403535842895508,0.7375546097755432,0.7939493060112,0.9276695251464844,0.07764793932437897,0.8644257187843323,0.03697182238101959,0.9164585471153259
511453a117f717aceeba1367dea50ef5,1.0,0.043390464037656784,0.1259431540966034,1.7274633646011353,0.8891427516937256,0.9386343955993652,0.973631739616394,0.024298449978232384,0.8953418135643005,0.022624701261520386,0.8808428049087524
b7291aaceb442c570ad993aa3a31605f,1.0,0.10293050110340118,0.02279186062514782,1.0760284662246704,0.9804896116256714,0.9823854565620422,0.9875079393386841,0.0035880706273019314,0.9830730557441711,0.0032936481293290854,0.9804382920265198
12af93b0e34b9a132768e0327b2d572f,1.0,0.043006379157304764,0.5722980499267578,6.452559947967529,0.8893415927886963,0.9267024397850037,0.9690520167350769,0.026094451546669006,0.9390302896499634,0.01332128420472145,0.8976206183433533
6cb60c327f2da4fde77d9032237987eb,1.0,0.12552021443843842,0.018628861755132675,1.0585895776748657,0.9570783376693726,0.9675167202949524,0.9832481145858765,0.010437809862196445,0.9712352156639099,0.00596583029255271,0.9626871943473816
e0c25f23d962fe23245a51cbc6c3df16,1.0,0.08664941042661667,0.053122628480196,1.2124543190002441,0.9485121965408325,0.9581379890441895,0.9739544987678528,0.012405898422002792,0.9648535251617432,0.008545780554413795,0.9489790201187134
f92923cde8640ca0c6739e20d60d8d3f,1.0,0.15447784960269928,1.3350718021392822,9.61099910736084,0.618293046951294,0.6684300899505615,0.8864424228668213,0.12818896770477295,0.8072141408920288,0.059765081852674484,0.9111201763153076
ea41cf35015e93c19ede2378fddc00b7,1.0,0.16858425736427307,0.019323814660310745,1.0580800771713257,0.9656974673271179,0.9762946963310242,0.9881101250648499,0.0074667129665613174,0.980940043926239,0.004154940601438284,0.9611772298812866
4ca609215081d5ffd97593d5d623b03f,1.0,0.053953126072883606,0.07264208793640137,1.2712537050247192,0.9439946413040161,0.9538895487785339,0.9764312505722046,0.01431281678378582,0.8963029384613037,0.02293062023818493,0.8622432947158813
57613b8d908c0437f3ff3351309e9cf4,1.0,0.06711697578430176,0.7849105000495911,10.493053436279297,0.9312844276428223,0.9402449131011963,0.9690309166908264,0.01727650687098503,0.9357734322547913,0.016037538647651672,0.8399291038513184
9ad45286793ed357e5a2549dbb5c74b1,1.0,0.046230390667915344,0.06599941849708557,1.246391773223877,0.9367592334747314,0.9570143818855286,0.978378415107727,0.013936813920736313,0.948824405670166,0.010022117756307125,0.9231631755828857
4e444e0fd6199b1a1f1fc4758592591b,1.0,0.021490126848220825,0.04255920276045799,1.1488864421844482,0.7080598473548889,0.7188670039176941,0.879509687423706,0.12550640106201172,0.8248568177223206,0.05985526368021965,0.9056845307350159
735329a24e22d56b08693621f2816293,1.0,0.07845360040664673,0.10845289379358292,1.3267542123794556,0.7812204360961914,0.8241331577301025,0.9500572681427002,0.06823664158582687,0.924710214138031,0.019422251731157303,0.8485561609268188
bcfc9d605b59d82d73d43b2dbb5c3170,1.0,0.31449881196022034,0.495516836643219,9.266350746154785,0.6493950486183167,0.6755730509757996,0.9100976586341858,0.13418793678283691,0.8169146776199341,0.06618553400039673,0.9579072594642639
0e29a742f5ee25a4bf64f78020c9ceac,1.0,0.04316233843564987,0.03430383652448654,1.117442011833191,0.9515515565872192,0.9542177319526672,0.970668375492096,0.011477981694042683,0.9726305603981018,0.00463003059849143,0.9790908694267273
6012ad9d9e4cca6af5e36c9bfef2f779,1.0,0.06813448667526245,0.04255811870098114,1.1668891906738281,0.9670248627662659,0.9702091217041016,0.9814199209213257,0.007261184044182301,0.9679142832756042,0.005901037249714136,0.9605454206466675
ff57a2f4db92b437903ff13e1963ebe9,1.0,0.0672021210193634,0.09300166368484497,1.387660026550293,0.9596309065818787,0.9669762253761292,0.9804158806800842,0.008638962171971798,0.963496744632721,0.0071816532872617245,0.9370841383934021
3b8181876df50fe06bdcb70dd6e411f9,1.0,0.05108674615621567,0.06290191411972046,1.260974407196045,0.8960465788841248,0.9422912001609802,0.977357804775238,0.023631572723388672,0.9057350754737854,0.019571512937545776,0.8895925283432007
89f9db09a0a9bb586e4bd77e60919286,1.0,0.06772322952747345,0.4107978045940399,4.920688629150391,0.5670715570449829,0.8241503834724426,0.9497041702270508,0.10308544337749481,0.7290810942649841,0.09365984797477722,0.5851355791091919
50c7626cb91d408e68b5537f936829f0,1.0,0.07220670580863953,0.018166471272706985,1.0562522411346436,0.9755659103393555,0.9801981449127197,0.990346372127533,0.006451208610087633,0.9857401847839355,0.003098629415035248,0.9826535582542419
