rel,style,group,c_multi_frac,c_multi_run,c_vanish_frac,g_ratio_med,g_asp_med,g_drift,g_asp_drift,r_so_p75,r_so_mean,r_so_max,r_ds_p75,r_ds_mean,r_ds_max,g_ratio_med_dev,g_asp_med_dev
冰晶款/6576.mp4,冰晶款,bank_good,0.0,0.0,0.0,1.2088234140217349,1.1771785882097805,0.04506756403480651,0.04512566576477914,0.14265833795070648,0.13545753061771393,0.1635645627975464,0.17262610793113708,0.16474446654319763,0.19927489757537842,0.03914949044843373,0.021860478470917873
冰晶款/5785.mp4,冰晶款,bank_good,0.0,0.0,0.125,0.9053398058252428,0.8608058608058609,0.016060791602405335,0.02614847774755204,0.1447213888168335,0.14151671528816223,0.15890401601791382,0.19686269760131836,0.19295866787433624,0.20174837112426758,0.24994294068682782,0.29114635103698155
冰晶款/6453.mp4,冰晶款,bank_good,0.0,0.0,0.0625,1.0452079566003616,1.03770197486535,0.06502545390677437,0.07248787283056266,0.14371821284294128,0.13440389931201935,0.1585497260093689,0.17917796969413757,0.17013736069202423,0.19908803701400757,0.10628214383107441,0.10425144125108744
冰晶款/6477.mp4,冰晶款,bank_good,0.0,0.0,0.0,1.2969965675057207,1.2758393251955484,0.11902843154289976,0.11748705340604199,0.14204071462154388,0.13041479885578156,0.16913777589797974,0.20807132124900818,0.18631842732429504,0.2493463158607483,0.1095532478621942,0.10234418630459745
冰晶款/6503.mp4,冰晶款,bank_good,0.0,0.0,0.875,,,,,0.11534248292446136,0.11508110165596008,0.11560386419296265,0.1561785638332367,0.15386539697647095,0.15849173069000244,,
冰晶款/7244.mp4,冰晶款,bank_good,0.0,0.0,0.0,1.3137300802857688,1.2813760542720938,0.014259868631217906,0.0002171430843263871,0.18617142736911774,0.17578265070915222,0.19749832153320312,0.30195969343185425,0.2777501940727234,0.3104175329208374,0.12237246962828825,0.10667447289115171
冰晶款/6050.mp4,冰晶款,bank_good,0.0,0.0,0.5,1.1624129930394431,1.1517241379310346,0.0016548872184118416,0.007300616103306007,0.13426512479782104,0.12982876598834991,0.1383908987045288,0.1816917061805725,0.1771828681230545,0.19164568185806274,0.0,0.0
冰晶款/7044.mp4,冰晶款,bank_good,0.0,0.0,0.125,0.8176691729323309,0.7640692640692641,0.10171813268584025,0.01944334849488694,0.13327980041503906,0.12656857073307037,0.1496046781539917,0.2354600578546524,0.2278411090373993,0.2446269989013672,0.35179546923407723,0.4103569041446228
冰晶款/6919.mp4,冰晶款,bank_good,0.0,0.0,0.0,1.1263790528496411,1.090239234449761,0.07958018531712734,0.10210729918818892,0.16243833303451538,0.1502171754837036,0.174788236618042,0.24635671079158783,0.23701299726963043,0.2562336325645447,0.0314899012792325,0.05486291669102193
冰晶款/6144.mp4,冰晶款,bank_good,0.0,0.0,0.375,,,,,0.16913719475269318,0.16101065278053284,0.17726373672485352,0.28438544273376465,0.28064289689064026,0.28812795877456665,,
冰晶款/6845.mp4,冰晶款,bank_good,0.0,0.0,0.0,1.2331799088390385,1.2111436950146628,0.056221236461004076,0.0565358458722552,0.1600075513124466,0.14564168453216553,0.1977916955947876,0.23660416901111603,0.21357756853103638,0.2775227427482605,0.0590981140242321,0.05030504568133522
冰晶款/7098.mp4,冰晶款,bank_good,0.0,0.0,0.0,,,,,,,,,,,,
冰晶款/6969.mp4,冰晶款,bank_good,0.0,0.0,0.0,1.1729338736982506,1.1556883246203635,0.31229191897566333,0.34584192920390283,0.15025991201400757,0.14450572431087494,0.16724485158920288,0.20144376158714294,0.19246816635131836,0.22719210386276245,0.009010183442386743,0.0034360485209356203
冰晶款/6900.mp4,冰晶款,bank_good,0.0,0.0,0.0,1.217930654047839,1.1796857463524129,0.05817367473076239,0.008620507874663936,0.1699070930480957,0.1556824892759323,0.1790170669555664,0.3480556607246399,0.320802241563797,0.38006895780563354,0.04665522240649224,0.02398801636231845
冰晶款/6502.mp4,冰晶款,bank_good,0.0,0.0,0.4375,1.1597807490019645,1.0212261804069853,0.04634613129637633,0.0038235639344263864,0.17365726828575134,0.1652916818857193,0.18353110551834106,0.22951795160770416,0.22419202327728271,0.25788915157318115,0.0022670332084518533,0.12025602703500123
冰晶款/7316.mp4,冰晶款,bank_good,0.0,0.0,0.5,1.2627600535826566,1.2398337022981236,0.020776627378045275,0.02539825405659228,0.14106015861034393,0.14753055572509766,0.19679707288742065,0.18999217450618744,0.18370787799358368,0.24130570888519287,0.08280183301043574,0.07371718957717353
冰晶款/6575.mp4,冰晶款,bank_good,0.0,0.0,0.0,1.1415349951514462,1.1269599780701753,0.005202566663803361,0.01146321627830678,0.12387579679489136,0.11893169581890106,0.13916051387786865,0.23005837202072144,0.2124737799167633,0.26504117250442505,0.018124167300428647,0.02173634748554169
冰晶款/6801.mp4,冰晶款,bank_good,0.0,0.0,0.0,1.3508720488260462,1.3140291207266823,0.018010121200836535,0.0037211005460853633,0.158085897564888,0.1489563137292862,0.16721677780151367,0.2636610269546509,0.23768673837184906,0.2762809991836548,0.15025233501887836,0.13183801171311926
冰晶款/6895.mp4,冰晶款,bank_good,0.0,0.0,0.0,1.1683087027914614,1.1593987013695641,0.006558851254588508,0.0006065053354513439,0.1520271897315979,0.13660892844200134,0.16852760314941406,0.2755121886730194,0.20896920561790466,0.3143361210823059,0.005059138838892984,0.006641439838334926
冰晶款/6307.mp4,冰晶款,bank_good,0.0,0.0,0.0,1.0867605085625325,1.0785596933187294,0.02394772191924057,0.032191792807808685,0.14314967393875122,0.13661763072013855,0.17781639099121094,0.2335670441389084,0.21891167759895325,0.25095629692077637,0.0672967504263283,0.06563353621649336
冰晶款/5865.mp4,冰晶款,bank_good,0.0,0.0,0.5,1.0402039100273281,1.0127344108093026,0.05451349887210049,0.05216960718844851,0.16800911724567413,0.16077753901481628,0.18119633197784424,0.20374391973018646,0.19375985860824585,0.22074782848358154,0.11108124971255401,0.12860605994481955
冰晶款/7366.mp4,冰晶款,bank_good,0.6875,5.0,0.1875,1.152542372881356,1.085173501577287,0.10140152826077044,0.1420759994856033,0.15975022315979004,0.15112116932868958,0.2011846899986267,0.20017313957214355,0.1952773630619049,0.20934176445007324,0.008527749710729678,0.059520186500063174
冰晶款/6600.mp4,冰晶款,bank_good,0.0,0.0,0.0625,1.5347432024169185,1.2334152334152335,0.24058525307258002,0.08981923455641735,0.15997368097305298,0.15734010934829712,0.1724267601966858,0.30679094791412354,0.2795025706291199,0.330112099647522,0.27786506122030197,0.06852686425295344
冰晶款/6850.mp4,冰晶款,bank_good,0.0,0.0,0.5,,,,,0.1484692096710205,0.1484692096710205,0.1484692096710205,0.2659423351287842,0.2659423351287842,0.2659423351287842,,
冰晶款/6870.mp4,冰晶款,bank_good,0.0,0.0,0.0,1.0834673097534835,1.076555218656519,0.06162425781928124,0.05399217151728756,0.16043861210346222,0.15463316440582275,0.18465346097946167,0.20059873163700104,0.18931910395622253,0.22747188806533813,0.0703316404124745,0.06749373887119922
冰晶款/7472.mp4,冰晶款,bank_good,0.0,0.0,0.4375,1.6715686274509804,1.607981220657277,0.06718378374326198,0.05552576041606334,0.1566539704799652,0.15115253627300262,0.1739293336868286,0.3635915219783783,0.3565048277378082,0.37453001737594604,0.36326447245818344,0.33371942199667415
冰晶款/6896.mp4,冰晶款,bank_good,0.0,0.0,0.0,1.1033138401559455,1.0788533834586467,0.05620682695185921,0.04726082883009066,0.14396733045578003,0.13571324944496155,0.17474621534347534,0.20122216641902924,0.19341230392456055,0.21781682968139648,0.05217977794870358,0.0653612748263193
冰晶款/7143.mp4,冰晶款,bank_good,0.0,0.0,0.1875,1.3195795128276373,1.3141457440293938,0.07300190933116031,0.07552346156336805,0.15516695380210876,0.1404072791337967,0.1771218180656433,0.2002948522567749,0.19336609542369843,0.21204125881195068,0.1268151239808973,0.13192676022399796
冰晶款/7496.mp4,冰晶款,bank_good,0.0,0.0,0.0,1.1083306255853516,1.0476111189381423,0.06725722533157935,0.09634184474908562,0.18167175352573395,0.1641036570072174,0.22072583436965942,0.24341696500778198,0.23594169318675995,0.2550048828125,0.047643068625279304,0.09474762267624624
冰晶款/6994.mp4,冰晶款,bank_good,0.0,0.0,0.25,1.2364433811802233,1.213740274709442,0.022371847645187685,0.02203678319751143,0.17208503186702728,0.15017762780189514,0.17743408679962158,0.22767457365989685,0.22583159804344177,0.24623626470565796,0.061741006366520614,0.052446657997333744
冰晶款/6968.mp4,冰晶款,bank_good,0.0,0.0,0.25,1.0459330564163425,1.0311375262994886,0.029052625140060934,0.03686870647822474,0.1440848857164383,0.13529931008815765,0.15403777360916138,0.2826233506202698,0.26309022307395935,0.29207032918930054,0.10558864698841476,0.11059748268404751
基础款/5878.mp4,基础款,bank_good,0.0,0.0,0.0,1.1679316888045541,1.1602263440287106,0.000801663510233611,0.003576045468332668,0.1245926171541214,0.11502368748188019,0.12998300790786743,0.12827150523662567,0.12683594226837158,0.19803810119628906,0.00811056218072255,0.02600379012944548
基础款/6534.mp4,基础款,bank_good,0.0,0.0,0.0,0.9991071428571429,0.9858906525573192,0.1748362855239095,0.177062226988083,0.09993718564510345,0.09824782609939575,0.11404424905776978,0.1553821712732315,0.15344570577144623,0.17338299751281738,0.14801709087963844,0.13682115068991887
基础款/7402.mp4,基础款,bank_good,0.0,0.0,0.0,1.0222841225626742,0.8398159052872993,0.11466953840042343,0.22511862521270087,0.12038038671016693,0.11562934517860413,0.15686148405075073,0.2195911556482315,0.2148825228214264,0.24223345518112183,0.12508437533613195,0.2971838916534502
基础款/7108.mp4,基础款,bank_good,0.0,0.0,0.0,1.1142857142857143,1.0951664719626168,0.04963389041833636,0.05748829444994655,0.10905672609806061,0.10295189917087555,0.12955188751220703,0.1613793969154358,0.15614193677902222,0.23864012956619263,0.03891025026219067,0.03170493921446349
基础款/6482.mp4,基础款,bank_good,0.0,0.0,0.0,1.3175545699373545,1.264501195309832,0.12829997580211797,0.07522546244094178,0.12549598515033722,0.10625171661376953,0.1548401117324829,0.2461850643157959,0.24290582537651062,0.3164861798286438,0.1286535849804911,0.11206641229275752
基础款/6993.mp4,基础款,bank_good,0.0,0.0,0.0,1.1489378354203934,1.1112373737373737,0.028759081917127078,0.01752512055739474,0.10936543345451355,0.10582354664802551,0.12509965896606445,0.19535088539123535,0.16942769289016724,0.20797014236450195,0.008285940701878484,0.017137174551925836
基础款/7344.mp4,基础款,bank_good,1.0,16.0,0.0,1.4208640458640458,1.3673058067327597,0.07319561408211989,0.033024272633667195,0.1153365969657898,0.1002892330288887,0.12709581851959229,0.2735048234462738,0.23018315434455872,0.291248083114624,0.2041413346628757,0.19023091906740616
基础款/7379.mp4,基础款,bank_good,0.0,0.0,0.0,1.0599390879310047,1.0464037122969838,0.002947292347154675,0.002996538940277376,0.11235745251178741,0.10407061874866486,0.12631207704544067,0.1407206952571869,0.1646956205368042,0.30450141429901123,0.08891239264561232,0.07725207071833533
基础款/7413.mp4,基础款,bank_good,0.0625,1.0,0.0,1.124167608996105,1.0066389785669447,0.00821436755396874,0.09050437770933652,0.15459197759628296,0.150358647108078,0.17996108531951904,0.3182542622089386,0.29462742805480957,0.3509228229522705,0.03008097622401935,0.1159942825116827
基础款/6914.mp4,基础款,bank_good,0.0,0.0,0.0,1.3727464974887655,1.3176354679802955,0.039878573001867465,0.06994786117097415,0.12064346671104431,0.12154588103294373,0.18909484148025513,0.24453425407409668,0.25128188729286194,0.4476364254951477,0.16968964081515892,0.1532274980267244
基础款/7486.mp4,基础款,bank_good,0.0,0.0,0.0,1.1366948269122181,1.125823888218265,0.03806581639022465,0.03639962683556261,0.11906066536903381,0.10682216286659241,0.14208734035491943,0.15256084501743317,0.14544034004211426,0.21799331903457642,0.01899905817241225,0.004096207411786408
基础款/7432.mp4,基础款,bank_good,0.125,1.0,0.0,1.2324159021406729,1.1796338193397018,0.014073577392883,0.041395719635528704,0.09889306128025055,0.09282810986042023,0.10775923728942871,0.2118847817182541,0.19736307859420776,0.25502437353134155,0.061852556147006243,0.042592747606814724
基础款/7008.mp4,基础款,bank_good,0.0,0.0,0.0,1.2452631578947368,1.2308587407541043,0.03924352334439657,0.0332057283986661,0.12332344055175781,0.1183290034532547,0.13007807731628418,0.2692304253578186,0.24969197809696198,0.3053475022315979,0.07222304448137683,0.08510076887921815
基础款/7212.mp4,基础款,bank_good,0.0,0.0,0.0,1.1358862566443313,1.1280554278024768,0.01035365760100614,0.01669302612111287,0.11037997901439667,0.10556694120168686,0.13503104448318481,0.170134037733078,0.15632998943328857,0.18975567817687988,0.019710645809796094,0.0021160301258737607
基础款/6276.mp4,基础款,bank_good,0.0625,1.0,0.0,1.3020565552699228,1.2655103196886852,0.008357273521077433,0.015144340782068744,0.11589315533638,0.10971327126026154,0.12294900417327881,0.3121423125267029,0.3025255799293518,0.3304205536842346,0.11682114516786822,0.11286413548601965
基础款/6778.mp4,基础款,bank_good,0.0,0.0,0.0,1.081500993153345,1.0772701149425288,0.03020435620682651,0.03510528985223631,0.11327111721038818,0.10303184390068054,0.12301766872406006,0.17337335646152496,0.1660119891166687,0.1929343342781067,0.06877395018087006,0.048181150285300095
基础款/7224.mp4,基础款,bank_good,0.0,0.0,0.0,1.2561311927509111,1.2313369630973987,0.025304400381164976,0.00804342449504746,0.12010225653648376,0.112943634390831,0.1293625831604004,0.22909195721149445,0.21260540187358856,0.28995317220687866,0.08091268051592536,0.085489220819541
基础款/6627.mp4,基础款,bank_good,0.625,6.0,0.0,1.066093371687931,1.0581717451523547,0.00999543396357635,0.008697104656558543,0.13562516868114471,0.12684284150600433,0.1455252766609192,0.1975160539150238,0.18598438799381256,0.2595663070678711,0.08312292229298829,0.06606866984357156
基础款/6764.mp4,基础款,bank_good,0.0,0.0,0.0,1.1110213716108452,1.1039672561533287,0.0012298477579233788,0.003519588438874626,0.0947256088256836,0.09239599108695984,0.09834849834442139,0.14676932990550995,0.14100193977355957,0.15853744745254517,0.04184408805654903,0.023701031983612727
基础款/7270.mp4,基础款,bank_good,1.0,16.0,0.0,1.3329317269076304,1.2906033147903884,0.010895222008487944,0.02506803740471614,0.10189265012741089,0.09348412603139877,0.11034399271011353,0.22628700733184814,0.1874605268239975,0.24209153652191162,0.14025698735879774,0.13249847480938062
基础款/7338.mp4,基础款,bank_good,0.0,0.0,0.0,1.0354595172987755,1.0174242424242426,0.02249993854226588,0.03191226847857735,0.0937117487192154,0.090089812874794,0.09574705362319946,0.17669272422790527,0.16708087921142578,0.18162912130355835,0.11227852864774089,0.10533713917444484
基础款/6413.mp4,基础款,bank_good,0.0,0.0,0.0,1.251773089283219,1.130444954334818,0.004198811416742305,0.00421578279111076,0.10373057425022125,0.10272646695375443,0.13349872827529907,0.27976590394973755,0.2721119523048401,0.29759758710861206,0.0774371827581071,0.0
基础款/6094.mp4,基础款,bank_good,0.0,0.0,0.0,1.0787717797487733,1.0785928143712575,0.0013385673065711163,0.002834243076201006,0.08677993714809418,0.08401486277580261,0.09934848546981812,0.10911265015602112,0.10874420404434204,0.1179545521736145,0.07130068188885855,0.04695407821433492
基础款/5760.mp4,基础款,bank_good,0.0,0.0,0.0,1.096572635331499,1.0654416426864362,0.08680209492528479,0.06472843105018385,0.10000060498714447,0.09512165933847427,0.10524094104766846,0.23385459184646606,0.20217816531658173,0.25998300313949585,0.05493430532819708,0.05922191894668518
基础款/6013.mp4,基础款,bank_good,0.0,0.0,0.0,1.1016300203355365,1.0813319412380666,0.07236942869460337,0.07846116386122497,0.10664112865924835,0.1008363664150238,0.11721926927566528,0.18450167775154114,0.17533668875694275,0.1967782974243164,0.050332915265963916,0.044417759920769115
基础款/7373.mp4,基础款,bank_good,0.0,0.0,0.0,1.249340178213548,1.1818936877076411,0.14962548860481711,0.10493696838498899,0.16839423775672913,0.14604118466377258,0.1806970238685608,0.3273977041244507,0.2652452290058136,0.34654808044433594,0.0754917196168463,0.04450665210382006
基础款/6693.mp4,基础款,bank_good,0.0,0.0,0.0,1.702734771573604,1.702734771573604,0.17483422310076135,0.20030929900161062,0.11565439403057098,0.10293741524219513,0.14045602083206177,0.25212472677230835,0.23720748722553253,0.30980247259140015,0.38511181276630874,0.40962432755146616
基础款/6309.mp4,基础款,bank_good,0.0,0.0,0.0,1.11451360205099,1.1089536138079827,0.05745478272378296,0.05272154538707601,0.13868489861488342,0.12423252314329147,0.1511150598526001,0.17211295664310455,0.16465850174427032,0.18728137016296387,0.03870575651131818,0.019194439668010765
基础款/6864.mp4,基础款,bank_good,0.0,0.0,0.0,1.303405572755418,1.2911582167832167,0.02143855720255256,0.0028882097214953713,0.11005443334579468,0.10500283539295197,0.12599653005599976,0.24932825565338135,0.2344869077205658,0.31249284744262695,0.11785667555730144,0.13292833790447053
基础款/6795.mp4,基础款,bank_good,0.0,0.0,0.0,1.2613074919151994,1.2372761888152541,0.05119375838087174,0.011776550553979108,0.12510843575000763,0.1044178158044815,0.13099223375320435,0.21389523148536682,0.19579380750656128,0.2877274751663208,0.08502504002698809,0.09030102146372133
基础款/6882.mp4,基础款,bank_good,0.0,0.0,0.0,1.2415035733919737,1.1993689395105434,0.09209727402934788,0.10156530620515564,0.10548348724842072,0.10199545323848724,0.1183428168296814,0.22566567361354828,0.2058541625738144,0.23572391271591187,0.06919936934544178,0.0591842146101226
基础款/6385.mp4,基础款,bank_good,0.0,0.0,0.0,1.0931037250407998,1.0773145421156578,0.1420160403151482,0.14292148257087356,0.09268243610858917,0.09225417673587799,0.11180305480957031,0.13258272409439087,0.14226354658603668,0.22832906246185303,0.05810273081379574,0.048139910621785575
基础款/6709.mp4,基础款,bank_good,0.0,0.0,0.0,1.30261476426799,1.1368161015186187,0.1271795190553086,0.09446251345199881,0.15499262511730194,0.14823028445243835,0.2268906831741333,0.3175405263900757,0.27939796447753906,0.3603166937828064,0.11724976662380869,0.005620141480628696
基础款/7033.mp4,基础款,bank_good,0.0,0.0,0.0,1.476546264546966,1.4614523291471033,0.09699755368514779,0.10321275794744601,0.09341442584991455,0.08955751359462738,0.10459399223327637,0.23851311206817627,0.20905469357967377,0.2580326795578003,0.24258192073805973,0.25681936716221465
基础款/7066.mp4,基础款,bank_good,0.0,0.0,0.0,1.1017131011877717,1.0983935742971886,0.014601805377008278,0.016719504661627742,0.0912422239780426,0.08871322125196457,0.11810910701751709,0.11078497767448425,0.10721929371356964,0.12664711475372314,0.05025750181677125,0.028762594719937848
基础款/7109.mp4,基础款,bank_good,0.1875,2.0,0.0,1.4681843091884934,1.3351882936797548,0.1991227112992548,0.2261346246928613,0.23141621053218842,0.15676023066043854,0.24525803327560425,0.4342162609100342,0.347312867641449,0.4437180757522583,0.23690263862732552,0.16646100574405592
基础款/5642.mp4,基础款,bank_good,0.0,0.0,0.0,1.2544767164144326,1.2130609087838944,0.0700592447132428,0.07563015586421425,0.14073124527931213,0.12799032032489777,0.1433652639389038,0.1914265900850296,0.18539297580718994,0.19401472806930542,0.07959469169741093,0.07053552192603936
基础款/5608.mp4,基础款,bank_good,0.0,0.0,0.0,1.0949447614728594,1.0805668016194332,0.10357598691855342,0.12027897857905406,0.09534735977649689,0.0938076376914978,0.11476606130599976,0.18522909283638,0.1801144778728485,0.18829500675201416,0.05641991904991624,0.04512560033476477
基础款/7035.mp4,基础款,bank_good,0.0,0.0,0.0,1.086881038647343,1.0802409028646298,0.0026569713232266383,0.0013296709776028073,0.09302563965320587,0.09122781455516815,0.13290846347808838,0.1432032734155655,0.14677339792251587,0.3157461881637573,0.06381167281919375,0.045427245646930424
基础款/7131.mp4,基础款,bank_good,0.0,0.0,0.0,1.11779744593177,1.1073690773067333,0.1525097893927664,0.030060306330135064,0.14232508838176727,0.13014951348304749,0.1735031008720398,0.2630666494369507,0.21854212880134583,0.3051631450653076,0.03576365195784421,0.02062431878947117
基础款/7307.mp4,基础款,bank_good,0.0,0.0,0.0,1.2201740087639452,1.2052845528455285,0.18260396375296245,0.1746545947414402,0.10960474610328674,0.09679520130157471,0.11881935596466064,0.1892055720090866,0.15411454439163208,0.21372944116592407,0.05186964380641264,0.06410436238815144
基础款/7089.mp4,基础款,bank_good,0.0,0.0,0.0,1.1824341236972649,1.1716635023453206,0.1873412707587641,0.19961686522607913,0.10209649801254272,0.09542140364646912,0.1197061538696289,0.15918344259262085,0.1562352329492569,0.21635490655899048,0.020451295582782445,0.03581321577259895
基础款/6977.mp4,基础款,bank_good,0.0,0.0,0.0,1.1609959037378392,1.1609959037378392,0.010722047176172356,0.009868490890351952,0.12862242758274078,0.12182605266571045,0.1653517484664917,0.2533038854598999,0.20642569661140442,0.26995158195495605,0.0021543395881914117,0.026666854373348835
基础款/6918.mp4,基础款,bank_good,0.0,0.0,0.0,0.9844191270860077,0.9401897018970189,0.05313005520299959,0.06374197512046531,0.13048981130123138,0.12094269692897797,0.15982961654663086,0.22301658987998962,0.19199489057064056,0.33609455823898315,0.16282736535934136,0.18428493366761534
基础款/7474.mp4,基础款,bank_good,0.0,0.0,0.0,1.2157622739018088,1.1866237946212759,0.006813082822006193,0.010461649482334369,0.12994158267974854,0.12642289698123932,0.13163894414901733,0.1861468404531479,0.18170204758644104,0.2521122694015503,0.04824743109322915,0.048500807297788565
基础款/6761.mp4,基础款,bank_good,0.0,0.0,0.0,1.108285999003488,1.0924117732487777,0.014272613580255382,0.014333285970252735,0.10773324966430664,0.10235336422920227,0.12424296140670776,0.2537400722503662,0.24559462070465088,0.27284228801727295,0.04430915804073988,0.03422343214235075
基础款/6812.mp4,基础款,bank_good,0.0625,1.0,0.0625,1.295045045045045,1.2312633832976445,0.45511301798368503,0.4682646736139751,0.14586839079856873,0.13440479338169098,0.30646395683288574,0.2838287651538849,0.24760712683200836,0.5748051404953003,0.1114216434627023,0.08542946301118705
基础款/6087.mp4,基础款,bank_good,0.0,0.0,0.0,1.1932334596403504,1.132666820773617,0.03313682361505351,0.026394393239374172,0.13076743483543396,0.12869587540626526,0.19402557611465454,0.43144017457962036,0.42203065752983093,0.4890955090522766,0.0295429803008055,0.00196355052110969
基础款/7116.mp4,基础款,bank_good,0.0,0.0,0.0,1.2714185619195377,1.2142201685594352,0.017387633927498234,0.053686038776496726,0.10632732510566711,0.10440570116043091,0.14642798900604248,0.2450036257505417,0.22652369737625122,0.27278441190719604,0.09300942010181336,0.07149071403337551
基础款/7061.mp4,基础款,bank_good,0.0,0.0,0.0,1.3039832285115305,1.28099173553719,0.12569023265267604,0.11617991738890726,0.1533210575580597,0.14665859937667847,0.1960795521736145,0.3960464298725128,0.3797794580459595,0.4179571866989136,0.11829976694841492,0.12502325120523952
基础款/7121.mp4,基础款,bank_good,0.0,0.0,0.0,0.916948123620309,0.8894321717242781,0.0196989847049336,0.01405191662416084,0.10478593409061432,0.10013886541128159,0.12616878747940063,0.15969356894493103,0.14850983023643494,0.17636704444885254,0.23382821507097193,0.23978334928632386
基础款/6986.mp4,基础款,bank_good,0.0,0.0,0.0,1.1231360911802049,1.1213770604395603,0.008876709458637909,0.0036562780172503646,0.09519408643245697,0.09082373231649399,0.10506117343902588,0.1371614933013916,0.13147470355033875,0.14135229587554932,0.030998981109839098,0.008053871799228706
基础款/6181.mp4,基础款,bank_good,0.0,0.0,0.0,1.3382393359718558,1.0592201080573174,0.18478292198925503,0.18899443622354248,0.2588658332824707,0.20315507054328918,0.29986029863357544,0.398717999458313,0.2987026274204254,0.425478994846344,0.14423098672042048,0.06507842990377015
基础款/7223.mp4,基础款,bank_good,0.0,0.0,0.0,1.5216223567008909,1.3505237965276176,0.00932727698556629,0.014837085463078974,0.10290443897247314,0.09737545251846313,0.11415600776672363,0.2720775604248047,0.24438868463039398,0.28060078620910645,0.27265327068827566,0.17788119450939932
基础款/7385.mp4,基础款,bank_good,0.0,0.0,0.0,1.1066536203522506,1.1028929002177918,0.017113124350311433,0.015016552924312828,0.1550145447254181,0.141229048371315,0.17732709646224976,0.2378436028957367,0.2138775885105133,0.3533276915550232,0.045783129549952645,0.024674683184219278
基础款/6813.mp4,基础款,bank_good,0.0,0.0,0.0,1.3146371567224886,1.1155978870180896,0.042173712560523484,0.03805751616523828,0.15553657710552216,0.14441606402397156,0.1634502410888672,0.3620794713497162,0.3464629054069519,0.39112114906311035,0.12643686620582179,0.01322083737969356
基础款/7537.mp4,基础款,bank_good,0.0,0.0,0.0,0.9842049458945332,0.9347696177551714,0.038093103769811835,0.029282941661320595,0.12335377931594849,0.11765620112419128,0.162034273147583,0.2091786116361618,0.18340586125850677,0.24181902408599854,0.16304496017112804,0.1900664982945322
基础款/6218.mp4,基础款,bank_good,0.0,0.0,0.0,1.1381042038838696,1.0956141937667399,0.07927541225350156,0.10198894703309523,0.1161174476146698,0.10652710497379303,0.13786351680755615,0.18952637910842896,0.17538860440254211,0.24103206396102905,0.0177599358298193,0.031296206549108266
基础款/7301.mp4,基础款,bank_good,0.0,0.0,0.0,1.2573071950874641,1.230516194331984,0.04465943749719612,0.05848286786886875,0.16538149118423462,0.14445504546165466,0.20043998956680298,0.412710964679718,0.3204187750816345,0.44898903369903564,0.08184845234789781,0.08482243141876147
基础款/7149.mp4,基础款,bank_good,0.0,0.0,0.0,1.1084850415387684,1.093535379974822,0.10533328146816408,0.09916785031761431,0.12432354688644409,0.11769495904445648,0.14170509576797485,0.23306193947792053,0.21763165295124054,0.2802976369857788,0.04412957924601995,0.03319540470505116
基础款/7359.mp4,基础款,bank_good,0.0,0.0,0.0,1.1137122002085507,1.1100743345577355,0.03413366506620773,0.0353911109662487,0.08856123685836792,0.08008219301700592,0.09101104736328125,0.11398543417453766,0.11040209978818893,0.13747507333755493,0.03942507488217779,0.018184338965252345
基础款/7079.mp4,基础款,bank_good,0.0,0.0,0.0,1.1572491065391675,1.1074766355140186,0.01732713899098611,0.010730122329748952,0.13697239756584167,0.13140076398849487,0.15954667329788208,0.32826346158981323,0.3105103373527527,0.3480387330055237,0.001078106028637417,0.020527194003986334
基础款/6753.mp4,基础款,bank_good,0.0,0.0,0.0,1.2946799481842142,1.261968085106383,0.07364822149723656,0.016203766066518625,0.08905847370624542,0.08487594872713089,0.1006738543510437,0.1713845282793045,0.16783449053764343,0.18638986349105835,0.1111396854446083,0.11006115454282203
基础款/6843.mp4,基础款,bank_good,0.0,0.0,0.0,1.17169373549884,1.1670488802756243,0.04425883002429032,0.03815723749387504,0.12458673119544983,0.1222420185804367,0.14501696825027466,0.16424144804477692,0.1568741798400879,0.16793203353881836,0.011326504269188544,0.03186691772182949
基础款/7246.mp4,基础款,bank_good,0.0,0.0,0.0,1.1176950947603121,1.115660509451236,0.044771287776887686,0.06008727636105193,0.16808435320854187,0.15420660376548767,0.1891224980354309,0.4032362997531891,0.32711195945739746,0.5102661848068237,0.03585522119340763,0.013164705437949944
基础款/6775.mp4,基础款,bank_good,0.0,0.0,0.0,1.1102598892492335,1.0922030418690722,0.006397004262149028,0.010392461577435433,0.10664308071136475,0.10368629544973373,0.135170578956604,0.15755806863307953,0.15232814848423004,0.16216784715652466,0.04252971252460659,0.03441452430092821
基础款/6293.mp4,基础款,bank_good,0.0,0.0,0.0,0.9485218728639782,0.8996215946888593,0.044794630284394975,0.06217617813708766,0.0829213559627533,0.07809314876794815,0.08886748552322388,0.12876318395137787,0.1250331699848175,0.13327842950820923,0.19997426429675283,0.2283923745348342
基础款/7082.mp4,基础款,bank_good,0.0,0.0,0.0,1.268,1.2012874665584432,0.039312966493984566,0.08519185620008135,0.14819937944412231,0.13519811630249023,0.16546303033828735,0.19727599620819092,0.1761666089296341,0.21932768821716309,0.09031702111261079,0.06078255034153716
基础款/5734.mp4,基础款,bank_good,0.0,0.0,0.0,2.0220613119437427,2.0220613119437427,0.013670270167170318,0.018274755539980595,0.11673875153064728,0.11558922380208969,0.15004855394363403,0.22043927013874054,0.2173469066619873,0.25924956798553467,0.5569936076613351,0.5815061224464925
基础款/7280.mp4,基础款,bank_good,0.0625,1.0,0.0,1.151081400671346,1.1262293963851313,0.01562464790713666,0.02269854413677023,0.15421684086322784,0.15078133344650269,0.16851919889450073,0.21517381072044373,0.1949956715106964,0.23475468158721924,0.006421985967990721,0.0037360843418562033
基础款/6917.mp4,基础款,bank_good,0.0,0.0,0.0,1.0914972273567467,1.079493103689701,0.04230520352312101,0.017672856615467095,0.0904015302658081,0.08744253218173981,0.11614376306533813,0.14404752850532532,0.13764235377311707,0.2807106375694275,0.059573478111487985,0.04611973759505258
基础款/7041.mp4,基础款,bank_good,0.0,0.0,0.0,1.0553751803751803,1.0269489652401045,0.10428038362231597,0.13891889437888422,0.1009228378534317,0.09723309427499771,0.10903632640838623,0.1666228175163269,0.14917778968811035,0.17097079753875732,0.09322750998392654,0.09601908345319526
基础款/6941.mp4,基础款,bank_good,0.0,0.0,0.0,1.2962822706574286,1.2962822706574286,0.1741320609145985,0.1789531930304914,0.13265860080718994,0.11498934030532837,0.13667196035385132,0.24241743981838226,0.20342481136322021,0.31312429904937744,0.11237654074557192,0.1368890555307293
基础款/6342.mp4,基础款,bank_good,0.0,0.0,0.0,1.1584974165619326,1.1528392964123315,0.006723189780240718,0.010749515040468817,0.12066274881362915,0.11715331673622131,0.15725135803222656,0.21124111115932465,0.19257166981697083,0.24840974807739258,0.0,0.01961653280189007
基础款/6712.mp4,基础款,bank_good,0.0,0.0,0.0,1.3199233716475094,1.3092200808572438,0.11042948250848604,0.1293007659779863,0.11293835937976837,0.10261529684066772,0.13338720798492432,0.2684209942817688,0.22314298152923584,0.33955562114715576,0.1304498482285964,0.1468202816755316
基础款/6828.mp4,基础款,bank_good,0.0,0.0,0.0,1.3011860794514383,1.2027841016884842,0.05096775237963853,0.035798756774193,0.18263432383537292,0.14560750126838684,0.20913445949554443,0.3536818325519562,0.284138560295105,0.42029649019241333,0.11615238241842872,0.06202763417610611
基础款/6825.mp4,基础款,bank_good,0.125,2.0,0.0,1.269665042860919,1.243564486472288,0.21349905457177062,0.19729163856265125,0.12525248527526855,0.11090600490570068,0.14206427335739136,0.3750053644180298,0.2608542740345001,0.42268919944763184,0.09162928500223788,0.0953705216432512
基础款/7152.mp4,基础款,bank_good,0.0,0.0,0.0,1.0784353232398827,1.0358284066490753,0.13107097265932563,0.045286870628310494,0.17419205605983734,0.1525610387325287,0.19049018621444702,0.38012778759002686,0.33565521240234375,0.41658341884613037,0.0716126190330972,0.08740982064585597
基础款/6934.mp4,基础款,bank_good,0.0,0.0,0.0625,1.0919811320754718,1.074245939675174,0.22317301061918451,0.22245159042982451,0.12102892994880676,0.11185269802808762,0.15200942754745483,0.20764309167861938,0.18672165274620056,0.2718576192855835,0.05913023604814702,0.0509923561347797
基础款/7262.mp4,基础款,bank_good,0.0,0.0,0.0,1.0266341991341992,1.022786835943374,0.03150849417649105,0.03113778119314043,0.10483169555664062,0.09983713924884796,0.18073606491088867,0.15603813529014587,0.1507417857646942,0.26210564374923706,0.120838151305042,0.10008022637198963
基础款/6922.mp4,基础款,bank_good,0.0,0.0,0.0,1.103819884118031,1.1006853137230919,0.029568127201185276,0.027114790842589845,0.10334686934947968,0.0951821431517601,0.13296127319335938,0.16475316882133484,0.1354239583015442,0.2265915870666504,0.04834704880148749,0.026678321829106795
基础款/7010.mp4,基础款,bank_good,0.0,0.0,0.0,1.091633466135458,1.091633466135458,0.010698159046178494,0.015807244181365494,0.09041756391525269,0.08196926862001419,0.09744668006896973,0.12267918884754181,0.11354474723339081,0.13834083080291748,0.05944866764613715,0.034936152860979675
基础款/7434.mp4,基础款,bank_good,0.0,0.0,0.0,1.330232558139535,1.2710706150341686,0.03576404482691089,0.0845196335548227,0.1300167739391327,0.12186960875988007,0.14227348566055298,0.3050243854522705,0.2660605311393738,0.3542131185531616,0.13822994778976633,0.1172482291888737
基础款/5974.mp4,基础款,bank_good,0.0,0.0,0.0,1.1200781864556268,1.106794060143376,0.005436015552903441,0.010916775163702465,0.10602590441703796,0.10332302004098892,0.11040997505187988,0.1512213945388794,0.14354822039604187,0.170474112033844,0.03372534269659739,0.02114371789476629
基础款/7254.mp4,基础款,bank_good,0.0,0.0,0.0,1.0632683786541466,1.0533194686609386,0.01353166465119009,0.013721819106264098,0.09146939218044281,0.0879874899983406,0.10189104080200195,0.1658683568239212,0.15718728303909302,0.1784878373146057,0.08577629454479102,0.07066474393684942
基础款/7054.mp4,基础款,bank_good,0.0,0.0,0.0,1.0768636918714822,1.0450602968460112,0.040620342786498946,0.043404790367613404,0.11043791472911835,0.1060509979724884,0.11535567045211792,0.17735251784324646,0.1640014946460724,0.19760775566101074,0.07307100753134219,0.07853673603398055
基础款/7449.mp4,基础款,bank_good,0.25,2.0,0.0,1.4227171664707543,1.3526938775510204,0.015223768094060671,0.07598368195479493,0.20721223950386047,0.1994093954563141,0.24156886339187622,0.4341652989387512,0.39062178134918213,0.4410838484764099,0.20544470582105234,0.17948674889030047
基础款/6840.mp4,基础款,bank_good,0.0,0.0,0.0,1.138877229023353,1.1288546255506606,0.035755948078323635,0.04501594775952211,0.10104787349700928,0.09870564937591553,0.1269822120666504,0.1517915278673172,0.1618998944759369,0.2592126131057739,0.017080944637347883,0.001407807146050848
基础款/7337.mp4,基础款,bank_good,0.0,0.0,0.0,1.2260307998012916,1.1763577629719362,0.02690361961596708,0.019901087955054693,0.1145477294921875,0.10980775207281113,0.14151543378829956,0.23367147147655487,0.20268014073371887,0.26770538091659546,0.056658124483063545,0.03981170330781426
基础款/6290.mp4,基础款,bank_good,0.0,0.0,0.0,1.400370091819564,1.400370091819564,0.1883589232204807,0.2067388173211392,0.134719580411911,0.12628668546676636,0.25182729959487915,0.28238439559936523,0.24823616445064545,0.4095615744590759,0.18961271808382985,0.21412523286898735
基础款/6981.mp4,基础款,bank_good,0.0,0.0,0.0,1.2746527665882506,1.1705673758865247,0.009543709698852475,0.004049052249742645,0.18231900036334991,0.17805014550685883,0.20004379749298096,0.3334465026855469,0.3130774199962616,0.3395577669143677,0.09554996668592877,0.034877247803767684
基础款/7274.mp4,基础款,bank_good,0.0,0.0,0.0,1.1633363623792496,1.1533123689727462,0.010441996154140489,0.0067313027503288405,0.09420886635780334,0.09144213795661926,0.10764360427856445,0.14714562892913818,0.1456979513168335,0.19369763135910034,0.004168216404810874,0.02002680292778949
基础款/7045.mp4,基础款,bank_good,0.0,0.0,0.0,1.1358794250360515,1.12248815044358,0.06297961245163212,0.04792439766318895,0.12568987905979156,0.11776291579008102,0.18128913640975952,0.27894967794418335,0.21753501892089844,0.33227163553237915,0.019716660169758305,0.0070635359364144635
基础款/7107.mp4,基础款,bank_good,0.0,0.0,0.0,1.1324724302096731,1.055490825731526,0.07285023771388721,0.06049728958463204,0.12632830440998077,0.1196417361497879,0.1409236192703247,0.26191580295562744,0.23917174339294434,0.2710416316986084,0.022720601009415003,0.06860542371850754
基础款/7509.mp4,基础款,bank_good,0.0,0.0,0.0,1.1902058798610522,1.176742333731581,0.04120665544298099,0.03160822950153015,0.13835269212722778,0.11552627384662628,0.15341615676879883,0.19705143570899963,0.1647191345691681,0.29522520303726196,0.02700246554340549,0.040138566379731705
基础款/5855.mp4,基础款,bank_good,0.0,0.0,0.0,1.1812384351044145,1.0665129867936636,0.023758002169083983,0.01122173217586533,0.09835657477378845,0.09609485417604446,0.14660465717315674,0.20227843523025513,0.19276179373264313,0.255432665348053,0.0194395744876686,0.05821688424041787
基础款/6142.mp4,基础款,bank_good,0.0,0.0,0.0,1.1068169618894257,1.0966313808515644,0.1431487869473572,0.14602609656967847,0.12354342639446259,0.1202281266450882,0.15064376592636108,0.19720768928527832,0.173007994890213,0.2759081721305847,0.04563554092710658,0.030368220041028904
基础款/5709.mp4,基础款,bank_good,0.0,0.0,0.0,1.1783843448327471,1.1551271015364928,0.0087892515389744,0.016649521755406536,0.12097509205341339,0.11220529675483704,0.1330106258392334,0.17394472658634186,0.16638360917568207,0.18006330728530884,0.017020466071018904,0.021599062422365815
基础款/6780.mp4,基础款,bank_good,0.0,0.0,0.0,1.1435006435006434,1.115167980256349,0.10628741790672974,0.1089913297653782,0.12732626497745514,0.1118430495262146,0.1513887643814087,0.19221195578575134,0.17384405434131622,0.23367798328399658,0.013029537675364966,0.013606271614069883
基础款/7457.mp4,基础款,bank_good,0.0,0.0,0.0,1.2129497518610421,1.1852356745410517,0.02743785975130265,0.023863453806024462,0.08154517412185669,0.07760004699230194,0.08940410614013672,0.15990841388702393,0.15244856476783752,0.17009663581848145,0.04593136951971798,0.04733031616477278
基础款/7137.mp4,基础款,bank_good,0.0,0.0,0.0,1.2559256077222418,1.1961693610787276,0.05431220892706085,0.06317716121385539,0.13977564871311188,0.11326627433300018,0.1510552167892456,0.32273373007774353,0.3024944067001343,0.37391602993011475,0.08074900186893819,0.05651293163907175
基础款/6790.mp4,基础款,bank_good,0.0,0.0,0.0,1.3163711890809286,1.2965111642743221,0.02938555743254332,0.004751883861095181,0.09797048568725586,0.09749554842710495,0.1253071427345276,0.15566517412662506,0.1560000777244568,0.2175268530845642,0.12775501680179557,0.13706561692926134
基础款/7276.mp4,基础款,bank_good,0.0,0.0,0.0,1.1550170533496147,1.145857796073989,0.028578408611461468,0.031081792200446726,0.12675106525421143,0.12014713883399963,0.15609800815582275,0.14794659614562988,0.1398792713880539,0.17172884941101074,0.0030087262328039985,0.01354220328035688
基础款/7285.mp4,基础款,bank_good,0.0,0.0,0.0,1.377304186647621,1.347,0.019496837493271097,0.019884776853262984,0.08475394546985626,0.08358622342348099,0.09449565410614014,0.24333147704601288,0.23930875957012177,0.26971864700317383,0.1730042657840664,0.17526857731096093
基础款/6931.mp4,基础款,bank_good,0.0,0.0,0.0,1.3061713836477988,1.2730232480333896,0.023962410388974308,0.02777889046346268,0.10843728482723236,0.10047098994255066,0.1272982358932495,0.17528864741325378,0.16618578135967255,0.20577800273895264,0.11997641525014957,0.11878326168982584
基础款/6593.mp4,基础款,bank_good,0.0,0.0,0.0,1.2751989783796627,1.2335269123699668,0.06967778988556496,0.0012436192479738251,0.10148422420024872,0.09442424029111862,0.1162407398223877,0.16635142266750336,0.15560439229011536,0.22024738788604736,0.09597839300588633,0.08726615452415133
基础款/6433.mp4,基础款,bank_good,0.0,0.0,0.0,1.267060832742417,1.2192746960691005,0.06227635722200793,0.052500974108048666,0.11405834555625916,0.10982780158519745,0.1564069390296936,0.18906141817569733,0.17582908272743225,0.1999528408050537,0.08957607849820141,0.07564485041714226
基础款/7182.mp4,基础款,bank_good,0.0,0.0,0.0,1.0827844639184554,1.0819423368740515,0.016852900756077187,0.017636338356228708,0.0995863527059555,0.09861625730991364,0.1607326865196228,0.16105134785175323,0.1605633646249771,0.2449069619178772,0.06758790430935899,0.043853434205477305
基础款/6138.mp4,基础款,bank_good,0.0,0.0,0.0,1.4868228756033306,1.2791666666666668,0.28517556152070606,0.06772838917240749,0.15415245294570923,0.14047542214393616,0.17604881525039673,0.3263077139854431,0.29047009348869324,0.3736564517021179,0.24951771021741254,0.12359750412793988
基础款/7102.mp4,基础款,bank_good,0.0,0.0,0.0,1.332943013270882,1.227378712928772,0.05358405227699556,0.09100136180792343,0.1197730004787445,0.11416520923376083,0.13455772399902344,0.2383546382188797,0.23566699028015137,0.24400395154953003,0.14026545464578738,0.08226944748275404
基础款/6992.mp4,基础款,bank_good,0.0,0.0,0.0,1.4095753205128205,1.4095753205128205,0.15387156112044367,0.2010689629527305,0.09452317655086517,0.09396697580814362,0.12457031011581421,0.2122827172279358,0.20174381136894226,0.26073378324508667,0.1961646329948375,0.22067714777999503
基础款/6123.mp4,基础款,bank_good,1.0,16.0,0.0,1.180632926395638,1.146111533937591,0.026250133968891625,0.02611940501983433,0.1044279932975769,0.10192936658859253,0.10914748907089233,0.16013100743293762,0.15551328659057617,0.21208155155181885,0.018926838077115486,0.013763617992426359
基础款/6294.mp4,基础款,bank_good,0.0,0.0,0.0,1.1228326851451735,1.1132417615519008,0.023084002876116536,0.018511349141558844,0.09060969948768616,0.08761760592460632,0.10161715745925903,0.12759843468666077,0.12333405762910843,0.14224481582641602,0.03126915943117211,0.015335055282575007
基础款/5685.mp4,基础款,bank_good,0.0,0.0,0.0,1.0495952109818858,1.0324269842557086,0.028011836138188397,0.03498803549796289,0.1348625272512436,0.11662091314792633,0.16802465915679932,0.21502619981765747,0.17637476325035095,0.2626804709434509,0.09871925841295208,0.09069899419269564
基础款/7259.mp4,基础款,bank_good,0.0,0.0,0.0,1.2389839572192514,1.2146596858638743,0.008979770562174614,0.006263330901021424,0.0914694219827652,0.08798325061798096,0.10570842027664185,0.17498145997524261,0.16608019173145294,0.19049197435379028,0.06716781949227212,0.071852623502414
基础款/6910.mp4,基础款,bank_good,0.0,0.0,0.0,1.1291723516624124,1.1157989228007181,0.3272574009172317,0.09428265395606833,0.1915982961654663,0.16138729453086853,0.2156810164451599,0.385949969291687,0.3428650498390198,0.4312615394592285,0.02563890269480851,0.01304064909378421
基础款/6982.mp4,基础款,bank_good,0.0,0.0,0.0,1.0742863667503997,1.0332225913621262,0.00025792044000634866,0.005541666843863026,0.10020940005779266,0.0957966297864914,0.10587769746780396,0.17139822244644165,0.15852110087871552,0.18618541955947876,0.07546723864872623,0.08992867268690755
基础款/6751.mp4,基础款,bank_good,0.0,0.0,0.0,1.417432884157535,1.2941176470588236,0.20564511341567088,0.12352856953213995,0.08979842066764832,0.08701450377702713,0.09387308359146118,0.19995540380477905,0.17017441987991333,0.20910018682479858,0.2017235725593806,0.13521778918483385
基础款/7241.mp4,基础款,bank_good,0.0,0.0,0.0,1.141741628192948,1.1222096775627406,0.04271884975855744,0.00637444706710762,0.09977002441883087,0.09715630114078522,0.11437302827835083,0.13926073908805847,0.13384872674942017,0.1435721516609192,0.014568994280800922,0.007311652078189605
基础款/7341.mp4,基础款,bank_good,0.0,0.0,0.0,1.7936524683482187,1.5885345208909682,0.09402832663840646,0.06539097821332074,0.2248382717370987,0.18812045454978943,0.23375028371810913,0.46239450573921204,0.40624019503593445,0.47951817512512207,0.4371301910988139,0.3402005861278725
基础款/6118.mp4,基础款,bank_good,0.0,0.0,0.0,0.9692671394799054,0.9490740740740741,0.11741693073675451,0.13258786416496163,0.11233225464820862,0.10392943024635315,0.12489187717437744,0.17007708549499512,0.16050058603286743,0.17294573783874512,0.17833885425034793,0.1748797486630228
基础款/6327.mp4,基础款,bank_good,0.0,0.0,0.0,1.3486978508217446,1.2863860881221587,0.16249462708094523,0.12876383359639768,0.11183759570121765,0.10623736679553986,0.12065225839614868,0.21361806988716125,0.19300588965415955,0.2433931827545166,0.15201573711858984,0.1292254846851656
基础款/6962.mp4,基础款,bank_good,0.0,0.0,0.0,1.3722391349989502,1.277366690157388,0.05942432107054152,0.05082723207138029,0.11848421394824982,0.11521017551422119,0.12595170736312866,0.258573055267334,0.232031911611557,0.2814987301826477,0.16931997585983952,0.12218936540610502
基础款/7031.mp4,基础款,bank_good,0.0,0.0,0.0,1.3564286937168295,1.3250914952945276,0.1149209372567941,0.025665199206607685,0.12486784160137177,0.11870472133159637,0.14470666646957397,0.2520803213119507,0.21343058347702026,0.2692941427230835,0.1577314504610957,0.15887018998934085
基础款/6174.mp4,基础款,bank_good,0.0,0.0,0.0,1.2138434446716655,1.184525443996634,0.03559072815483095,0.023560232416195342,0.2691153883934021,0.2600128650665283,0.28654056787490845,0.43114805221557617,0.41284090280532837,0.4484547972679138,0.04666789115847966,0.046730905059470175
基础款/6887.mp4,基础款,bank_good,0.0,0.0,0.0,1.085204692688769,1.0748970735506842,0.010964981259093256,0.007079962115188481,0.12203182280063629,0.10908430814743042,0.1458083987236023,0.16963966190814972,0.15227296948432922,0.22077667713165283,0.0653552088474589,0.05038640865578333
基础款/6756.mp4,基础款,bank_good,0.125,2.0,0.0,1.3146825396825397,1.1280660565061678,0.22727431402549111,0.17388330343132408,0.11201557517051697,0.11876697093248367,0.27155518531799316,0.22897663712501526,0.19691786170005798,0.39381104707717896,0.12647138689200343,0.00210660802359332
基础款/6321.mp4,基础款,bank_good,0.0,0.0,0.0,1.2761247875163568,1.2264866339334424,0.02086983517911929,0.04503410961918149,0.13975732028484344,0.13124413788318634,0.1432816982269287,0.17807117104530334,0.17311561107635498,0.19383078813552856,0.09670414109768521,0.08154236680917933
基础款/6861.mp4,基础款,bank_good,0.0,0.0,0.0,1.008693531122415,0.9820675105485233,0.1159677381390886,0.10542906275673378,0.10537070035934448,0.0904759019613266,0.12713831663131714,0.1783001720905304,0.15877863764762878,0.20848721265792847,0.13846787492809104,0.14070654509522063
基础款/6338.mp4,基础款,bank_good,0.0,0.0,0.0,1.2932551319648093,1.1766324284666179,0.039775333653125876,0.06437218112092244,0.10219046473503113,0.09738193452358246,0.1120101809501648,0.24536781013011932,0.23371413350105286,0.24959325790405273,0.1100385632609058,0.04004516411604778
基础款/6357.mp4,基础款,bank_good,0.0,0.0,0.0,1.0640656565656565,1.050863581786275,0.031225918808410524,0.03221117296477465,0.09692861139774323,0.09434184432029724,0.10189497470855713,0.14395399391651154,0.14046889543533325,0.15209317207336426,0.08502673858823846,0.07299903513770432
基础款/7356.mp4,基础款,bank_good,0.0,0.0,0.0,1.1189048458889728,1.1177429493357918,0.018339972851341355,0.02441400176412847,0.17148898541927338,0.15109413862228394,0.19273436069488525,0.24788573384284973,0.2295963019132614,0.29369044303894043,0.0347734441400787,0.011299891913244852
基础款/6944.mp4,基础款,bank_good,0.0,0.0,0.0,1.1365591397849464,1.0965743911802004,0.15176714868368865,0.13840962860826098,0.13047011196613312,0.11258374154567719,0.15386784076690674,0.2636945843696594,0.22455494105815887,0.27698445320129395,0.019118435179487213,0.03042018932918566
基础款/6384.mp4,基础款,bank_good,0.0,0.0,0.0,1.0440575067736952,1.0346199485793395,0.1759729582896339,0.19443859110397693,0.10737504065036774,0.10118978470563889,0.13296228647232056,0.16231785714626312,0.15711709856987,0.26003497838974,0.10400926384242927,0.08857716027440812
基础款/6018.mp4,基础款,bank_good,0.0,0.0,0.0,1.0856320964574775,1.0815771877224392,0.003758257869896813,0.00546023384808074,0.09073716402053833,0.08147011697292328,0.09467071294784546,0.11367946863174438,0.11040399968624115,0.11930108070373535,0.06496144016215945,0.044190985266078564
基础款/6241.mp4,基础款,bank_good,0.0,0.0,0.0,1.1191879941042475,1.0983266418983701,0.0072264853308192795,0.004414184323724648,0.10247011482715607,0.0999666079878807,0.1633927822113037,0.1608467549085617,0.15410450100898743,0.24088287353515625,0.03452041780289927,0.028823533202996143
基础款/6800.mp4,基础款,bank_good,0.0,0.0,0.0,1.153914590747331,1.1347379794705565,0.017065403725507734,0.002830367593672676,0.12657050788402557,0.11594066023826599,0.1767328977584839,0.29020342230796814,0.2721063792705536,0.42896944284439087,0.00396368103961589,0.0037904490729407255
基础款/6863.mp4,基础款,bank_good,0.0,0.0,0.0,1.2842261904761907,1.254360465116279,0.03143336652417361,0.020003021398909505,0.10315363109111786,0.0988883376121521,0.1079743504524231,0.18564093112945557,0.18131345510482788,0.22580891847610474,0.10303251565785514,0.1040145330328183
基础款/6035.mp4,基础款,bank_good,0.0,0.0,0.0625,0.7051282051282052,0.6875,0.4703894054443795,0.6297486753558634,0.24500524997711182,0.18181592226028442,0.39033210277557373,0.3080821931362152,0.307325541973114,0.6295301914215088,0.4964994763595441,0.49730476955867675
基础款/6163.mp4,基础款,bank_good,0.0,0.0,0.0,1.2181821387432707,1.1763404392764858,0.06988473580867777,0.0465886746223449,0.15899254381656647,0.14341002702713013,0.17073166370391846,0.25980865955352783,0.24057650566101074,0.27016109228134155,0.05023586240349817,0.03979697664594663
基础款/7088.mp4,基础款,bank_good,0.0,0.0,0.0,1.090200948295326,1.0859876179025116,0.026920786838284593,0.018635073739980877,0.12064583599567413,0.1111101284623146,0.12790346145629883,0.17688752710819244,0.17002633213996887,0.20424991846084595,0.06076179941864918,0.04012150023358545
基础款/5834.mp4,基础款,bank_good,0.0,0.0,0.0,1.0999552913397928,1.0954851752021564,0.09519418983216271,0.09295716864780729,0.10450194776058197,0.09855502843856812,0.10735392570495605,0.12725573778152466,0.12214207649230957,0.15860825777053833,0.05185430016064999,0.031413972604413455
基础款/6971.mp4,基础款,bank_good,0.0,0.0,0.0,0.8340362399113783,0.7885658709106985,0.13371076002408944,0.16703008361700752,0.14630582928657532,0.13265255093574524,0.1948952078819275,0.20395441353321075,0.20162731409072876,0.28798961639404297,0.3286022593387246,0.3601506566665831
基础款/7395.mp4,基础款,bank_good,0.0,0.0,0.0,1.1790326809849585,1.1550808990409254,0.010678209734170914,0.017045936945370738,0.11410582065582275,0.11085382103919983,0.14048761129379272,0.15653583407402039,0.1499183177947998,0.16750240325927734,0.017570505509486377,0.021559063863308
基础款/5837.mp4,基础款,bank_good,0.0,0.0,0.0,0.9498605969194205,0.8898001242165885,0.009802895424365547,0.00961776974074019,0.12517911195755005,0.11720730364322662,0.15546375513076782,0.2734779119491577,0.2628498375415802,0.318983793258667,0.19856388014217408,0.23936974112689996
基础款/6966.mp4,基础款,bank_good,0.0,0.0,0.0,1.1516631684184784,1.134525060418199,0.026956240188813974,0.06350961038173825,0.12957295775413513,0.11777563393115997,0.1351500153541565,0.17705290019512177,0.1669219732284546,0.19797420501708984,0.005916703908209298,0.003602794271148555
基础款/6832.mp4,基础款,bank_good,0.0,0.0,0.0,1.1022730599527404,1.0940375414059624,0.0008168295888139929,0.009275972434444904,0.10681581497192383,0.10077136754989624,0.11933022737503052,0.19460342824459076,0.15976521372795105,0.2065945267677307,0.049749369064497166,0.0327363009786769
基础款/6988.mp4,基础款,bank_good,0.0,0.0,0.0,1.1903361344537815,1.1900980392156861,0.027103978208267585,0.03215192561510826,0.10327388346195221,0.09807954728603363,0.11859357357025146,0.14682038128376007,0.14729265868663788,0.19562536478042603,0.02711189826257278,0.051424369508174986
基础款/6841.mp4,基础款,bank_good,0.0,0.0,0.0,1.539698055827088,1.3434175531914894,0.020882200602397507,0.005803679106823101,0.13082100450992584,0.12203435599803925,0.14779913425445557,0.2548014521598816,0.22785183787345886,0.2631068825721741,0.2844624946545929,0.17260545989147733
基础款/6140.mp4,基础款,bank_good,0.0,0.0,0.0,1.33631998253847,1.3237532574161996,0.06110574435296583,0.026072136254818537,0.13240008056163788,0.12810683250427246,0.15211433172225952,0.4054085910320282,0.3888848125934601,0.43858081102371216,0.14279571942267147,0.15785975856196713
基础款/5725.mp4,基础款,bank_good,0.0,0.0,0.0,1.0268857307370185,1.0088716623600344,0.014523455427168047,0.010452140510586913,0.12551341950893402,0.11988602578639984,0.13378876447677612,0.15701478719711304,0.14916202425956726,0.16847646236419678,0.12059317525156586,0.11377877973932847
基础款/7231.mp4,基础款,bank_good,0.0,0.0,0.0,1.3196973020399212,1.2289564000090314,0.007260577072314698,0.04436060873115354,0.10229116678237915,0.09703604876995087,0.12484461069107056,0.20381011068820953,0.18467998504638672,0.23176783323287964,0.1302785587623525,0.08355403384794723
基础款/5934.mp4,基础款,bank_good,0.0,0.0,0.0,1.242069036367372,1.1933025040312866,0.1590930407829582,0.15578672277350525,0.11635087430477142,0.1155659630894661,0.17288744449615479,0.2367476522922516,0.20126070082187653,0.24631363153457642,0.06965473190093736,0.05411335668286021
基础款/6679.mp4,基础款,bank_good,0.0,0.0,0.0,0.9937106296292634,0.988274964910479,0.023959616214204046,0.025112059798213737,0.13122470676898956,0.12486022710800171,0.13990068435668945,0.15454895794391632,0.15070581436157227,0.16532236337661743,0.15343306668396303,0.13440563550580498
基础款/7463.mp4,基础款,bank_good,0.0,0.0,0.0,1.112941176470588,1.1069538646972683,0.014342275977541747,0.01366501069516587,0.0999266505241394,0.09216040372848511,0.10987025499343872,0.1485186666250229,0.14199046790599823,0.1859995722770691,0.04011761533490737,0.02099934323279435
基础款/7358.mp4,基础款,bank_good,0.0,0.0,0.0,1.099752067463748,1.0915061822007086,0.02313656263253346,0.02123970722116946,0.11721523106098175,0.10713072121143341,0.12801200151443481,0.15419049561023712,0.15499255061149597,0.24454784393310547,0.05203907371774125,0.0350527591761009
基础款/7426.mp4,基础款,bank_good,0.0,0.0,0.0,1.2032110763374146,1.1904786433511305,0.009643366860769475,0.006179234813039101,0.12288181483745575,0.1173541247844696,0.1292705535888672,0.2948229908943176,0.28297075629234314,0.30419450998306274,0.037870045001201225,0.0517441274403388
基础款/5800.mp4,基础款,bank_good,0.0,0.0,0.0,1.0907580997451767,1.0092182966028556,0.12083534367914234,0.11197041651500761,0.09190474450588226,0.08763131499290466,0.09850680828094482,0.17576123774051666,0.1445005089044571,0.18163633346557617,0.060250876059064686,0.11343525268822711
基础款/7237.mp4,基础款,bank_good,0.1875,2.0,0.0,1.3473664441940425,1.2987141363309587,0.10297247972916289,0.08427884428620783,0.26791855692863464,0.202371284365654,0.371579110622406,0.4386886954307556,0.35709795355796814,0.4792584776878357,0.1510280702158425,0.13876332894312368
基础款/7005.mp4,基础款,bank_good,0.5625,4.0,0.0,1.4250250450811461,1.4044444444444444,0.04218970561961762,0.04834854463742393,0.10287632048130035,0.1011684387922287,0.10825437307357788,0.22240270674228668,0.1992819458246231,0.22456610202789307,0.20706555415928438,0.21703049126522586
基础款/7091.mp4,基础款,bank_good,0.0,0.0,0.0,1.4348377687205307,1.1591157423446954,0.07162360730370909,0.03434761410925989,0.13759489357471466,0.12943923473358154,0.15679532289505005,0.29395779967308044,0.28348326683044434,0.3942919373512268,0.21392795476174664,0.025046103227264156
基础款/7534.mp4,基础款,bank_good,0.0625,1.0,0.0,1.2040816326530612,1.1402321083172147,0.051496821963414846,0.05271632708719335,0.13860201835632324,0.13118788599967957,0.15222090482711792,0.2875435948371887,0.29653364419937134,0.4415165185928345,0.03859331089266947,0.008620525351730501
基础款/7394.mp4,基础款,bank_good,0.0625,1.0,0.0,1.0071913840320201,0.9698492094475893,0.4670760494723476,0.480823192922675,0.10530908405780792,0.1022828072309494,0.14363276958465576,0.23452125489711761,0.20959672331809998,0.4038883447647095,0.13995818556748116,0.1532259938639705
基础款/6162.mp4,基础款,bank_good,0.0,0.0,0.0,1.1411865342163354,1.135527742943711,0.01159761442284274,0.011086737042318058,0.12964509427547455,0.11555686593055725,0.1389789581298828,0.1912076473236084,0.16704246401786804,0.22155457735061646,0.015055294285060547,0.004486194506803427
基础款/6584.mp4,基础款,bank_good,0.0,0.0,0.0,1.0780193236714974,1.0747574912433915,0.003230406345057853,0.0009905514866970734,0.0869477391242981,0.08364731073379517,0.09263843297958374,0.1756906509399414,0.17175808548927307,0.18447542190551758,0.0719984370925137,0.050516273527819
基础款/6621.mp4,基础款,bank_good,0.0,0.0,0.0,1.1175711615668251,1.096714465162564,0.10543467388480526,0.08439400350179152,0.08707031607627869,0.08374558389186859,0.0974341630935669,0.1526384800672531,0.14317187666893005,0.1996288299560547,0.03596611016984458,0.03029245970328715
基础款/6262.mp4,基础款,bank_good,0.0625,1.0,0.0,1.215523037373937,1.2134937782894633,0.2881174692313336,0.2515521883449275,0.10901163518428802,0.10633137822151184,0.1322994828224182,0.3474721312522888,0.3327316641807556,0.35949456691741943,0.0480506326940166,0.07089229897496918
基础款/7446.mp4,基础款,bank_good,0.0,0.0,0.0,1.0940159282852757,1.0904535430560354,0.014705970220865804,0.017406178806736766,0.10646815598011017,0.09883059561252594,0.1211671233177185,0.15519504249095917,0.15436382591724396,0.1952252984046936,0.05726857133287027,0.03601761587272223
基础款/7052.mp4,基础款,bank_good,1.0,16.0,0.0,1.176814230846978,1.149932384570803,0.15148353813029256,0.1503062209807409,0.10795259475708008,0.1026991456747055,0.11562615633010864,0.2672240138053894,0.24398411810398102,0.27159959077835083,0.015687148163487385,0.01709182450394982
星月款/6265.mp4,星月款,bank_good,0.0,0.0,0.0,1.6231907352456314,1.5658004158004157,0.14327099315787856,0.1221848655101394,0.12136594951152802,0.11586569249629974,0.1398303508758545,0.30370235443115234,0.26728588342666626,0.3092992305755615,0.26118931743759966,0.3009847496497555
星月款/7007.mp4,星月款,bank_good,0.0,0.0,0.0,0.9417995839112344,0.8974001175088131,0.04305550240129183,0.055703578006016226,0.15843752026557922,0.14443087577819824,0.17041015625,0.1932912915945053,0.1914556473493576,0.20807796716690063,0.2831672673402896,0.25566584588994073
星月款/6564.mp4,星月款,bank_good,0.0,0.0,0.0,1.2054337282427439,1.1952834467120181,0.025320912497442605,0.029466511107019915,0.1321622133255005,0.12252640724182129,0.1370457410812378,0.18635381758213043,0.17714130878448486,0.2139822244644165,0.036365041735884965,0.030970959765410984
星月款/6166.mp4,星月款,bank_good,0.0,0.0,0.0,1.2711111111111113,1.1681819301746865,0.07214400392722457,0.08127367180305775,0.15710440278053284,0.14531949162483215,0.18174153566360474,0.21928860247135162,0.2128463238477707,0.24870926141738892,0.016686924249543243,0.0080362430189276
星月款/7006.mp4,星月款,bank_good,0.0,0.0,0.0625,1.3369098712446352,1.1866666666666668,0.30910083587755827,0.20872910456841193,0.14633971452713013,0.14936161041259766,0.3195764422416687,0.28509998321533203,0.2656896412372589,0.44047802686691284,0.06715640029591796,0.02373586480252199
星月款/6803.mp4,星月款,bank_good,0.0,0.0,0.0,1.1135931590091181,1.0559034919804535,0.03532219574389321,0.027956352260677404,0.17184288799762726,0.16445106267929077,0.19607114791870117,0.19368019700050354,0.19608953595161438,0.2909916639328003,0.11561261691792009,0.0930156004555988
星月款/7305.mp4,星月款,bank_good,0.0,0.0,0.1875,1.281767955801105,1.2214411247803163,0.04831349910192912,0.06224465025748801,0.13302451372146606,0.13028742372989655,0.22552120685577393,0.2734531760215759,0.25106102228164673,0.4022032618522644,0.025035856034595027,0.05261902004515371
星月款/7508.mp4,星月款,bank_good,0.0,0.0,0.125,1.1828804404934536,0.9676314363143631,0.033543129517651676,0.05546900560417851,0.12324340641498566,0.11368546634912491,0.13673532009124756,0.20547503232955933,0.18623678386211395,0.21788179874420166,0.055251969148654476,0.1803164032107715
星月款/7055.mp4,星月款,bank_good,0.0,0.0,0.0,1.2080451536409447,0.944087130179736,0.00660693966175788,0.003611847705086968,0.09318113327026367,0.08748370409011841,0.1029779314994812,0.13593704998493195,0.13011091947555542,0.13930219411849976,0.03420100670999602,0.2049492095700152
星月款/6558.mp4,星月款,bank_good,0.0,0.0,0.0,1.223178008404727,1.0390717935829774,0.05819956629519065,0.08168536923774626,0.11726176738739014,0.11033034324645996,0.1231488585472107,0.19698455929756165,0.18338410556316376,0.2036726474761963,0.021752087635206106,0.10908458293101134
星月款/6760.mp4,星月款,bank_good,0.0,0.0,0.3125,1.3971830985915492,1.1951807228915663,0.17436696767731935,0.0026637872490969435,0.1378026008605957,0.13500729203224182,0.16293489933013916,0.23255696892738342,0.23427559435367584,0.27724689245224,0.11125365288362236,0.030885015100921714
星月款/7050.mp4,星月款,bank_good,0.0,0.0,0.0,1.0109223300970873,0.9444444444444444,0.04702693751836328,0.051722399272689894,0.12988369166851044,0.11893092095851898,0.14578449726104736,0.16903752088546753,0.1622513234615326,0.19276976585388184,0.2123413721085183,0.2045708052332561
星月款/6902.mp4,星月款,bank_good,0.0,0.0,0.0,1.2997762765204626,1.2497564414310947,0.005647113508948638,0.004277785070755323,0.12960615754127502,0.1118587851524353,0.1349853277206421,0.19384843111038208,0.18644289672374725,0.23159492015838623,0.03898767030730126,0.07553629408066344
星月款/6004.mp4,星月款,bank_good,0.0,0.0,0.0,1.2045385525640624,1.0748523075556347,0.09209550621266996,0.12561341424743672,0.10519352555274963,0.10029363632202148,0.11526507139205933,0.13964131474494934,0.1380116045475006,0.16279566287994385,0.037107934695261025,0.07522912757266105
星月款/6416.mp4,星月款,bank_good,0.0,0.0,0.0625,1.278169014084507,1.146153846153846,0.1835685923151473,0.2848472188131503,0.18905717134475708,0.16205832362174988,0.21330368518829346,0.22199714183807373,0.20659449696540833,0.25753235816955566,0.02222411173775537,0.011000535903430832
星月款/6929.mp4,星月款,bank_good,0.6875,9.0,0.3125,1.645985401459854,1.560553633217993,0.24625169834443106,0.24341908782371569,0.12289726734161377,0.1173119768500328,0.1387537121772766,0.16524076461791992,0.16244253516197205,0.24980568885803223,0.27513474874871885,0.2976282599969387
星月款/6858.mp4,星月款,bank_good,0.0,0.0,0.0,1.4386992811738848,1.3394742990654205,0.16850321411325558,0.14940463758080996,0.11413407325744629,0.10674206912517548,0.166617751121521,0.299028217792511,0.2408655881881714,0.3444622755050659,0.14053494405897382,0.14486483146390783
星月款/6682.mp4,星月款,bank_good,0.0,0.0,0.375,1.2729520442732993,1.2078585163924331,0.12492109694208497,0.14043749009599124,0.13247987627983093,0.12405415624380112,0.19139587879180908,0.20322170853614807,0.18542200326919556,0.2336680293083191,0.01813416307269235,0.041436579068281715
星月款/6366.mp4,星月款,bank_good,0.0,0.0,0.5,1.0336766800251715,1.0255318158543965,0.0038192357867265826,0.008548645626624279,0.12061832845211029,0.117008276283741,0.12643808126449585,0.1675121933221817,0.16409096121788025,0.19276189804077148,0.19008244574057806,0.12220106862032991
星月款/7001.mp4,星月款,bank_good,0.0,0.0,0.0,1.2290412261592278,0.9595648907790679,0.024809250086363446,0.013701894971072994,0.10513812303543091,0.09647355228662491,0.12241560220718384,0.17251503467559814,0.1646750271320343,0.20252501964569092,0.016970109870040002,0.18868772742910514
星月款/6732.mp4,星月款,bank_good,0.0,0.0,0.0,1.228141304412491,1.046875,0.03649089516579155,0.01946440387721476,0.1413109451532364,0.12426458299160004,0.16717875003814697,0.19771820306777954,0.18478313088417053,0.22714686393737793,0.01770259252102475,0.10160285536201327
星月款/7105.mp4,星月款,bank_good,0.0,0.0,0.25,1.1888454011741683,1.1494815833190124,0.02074768793593068,0.027751905475174598,0.1353093981742859,0.13227799534797668,0.13940149545669556,0.2465163916349411,0.20671018958091736,0.2697160243988037,0.05022189935489023,0.008101347771617052
星月款/6388.mp4,星月款,bank_good,0.0,0.0,0.0,1.5455930171259558,1.4266787328583468,0.01768917038911549,0.103360477923598,0.11178918182849884,0.1068817675113678,0.18488812446594238,0.248723104596138,0.2418888360261917,0.35069912672042847,0.2122031821949721,0.20793678710751354
星月款/6958.mp4,星月款,bank_good,0.0,0.0,0.1875,1.3460177432216907,1.2002673796791443,0.052640178191232546,0.0150108868714954,0.15438319742679596,0.14309152960777283,0.15609872341156006,0.2769393026828766,0.2694492042064667,0.32303810119628906,0.07394592895526816,0.03513195698004688
森林款/6657.mp4,森林款,bank_good,0.0,0.0,0.0,1.2701597918989223,1.2625158737911497,0.12449086246153399,0.15592304787322273,0.16079136729240417,0.1475408673286438,0.18227684497833252,0.2196759283542633,0.18965260684490204,0.2516118884086609,0.0,0.07560605660555221
森林款/7022.mp4,森林款,bank_good,0.0,0.0,0.0,1.2652936819037626,1.2277826213310084,0.011855547890361693,0.008270456856324358,0.10411463677883148,0.09814521670341492,0.1254359483718872,0.2354321926832199,0.21766670048236847,0.23946493864059448,0.0038384581063007875,0.047709396812539995
森林款/7101.mp4,森林款,bank_good,0.0,0.0,0.0,1.283116883116883,1.1896018957345973,0.041406890783422266,0.06335856055684148,0.14398011565208435,0.13273265957832336,0.1552608609199524,0.2446286529302597,0.23413865268230438,0.25431257486343384,0.01014946995150801,0.016118310969779608
森林款/6037.mp4,森林款,bank_good,0.0,0.0,0.0625,1.289655172413793,1.1522248243559718,0.010346050683579975,0.22390752857796536,0.21814045310020447,0.189002126455307,0.28362274169921875,0.5017976760864258,0.4599229097366333,0.5574513673782349,0.015232161485381838,0.01580569551901938
森林款/6530.mp4,森林款,bank_good,0.0,0.0,0.0,1.320235638114895,1.1902562677963746,0.032387825098199145,0.04655847217805078,0.12111338973045349,0.11291233450174332,0.13028132915496826,0.3204355835914612,0.3041301965713501,0.33691006898880005,0.03866752144137565,0.016668236245408266
森林款/6677.mp4,森林款,bank_good,0.0,0.0,0.0,1.173561602570539,1.1668625914315571,0.6444016369121679,0.6367481885928513,0.1286354511976242,0.12833455204963684,0.2716982960700989,0.24310842156410217,0.24360644817352295,0.473214328289032,0.07909948328332747,0.0031817975422710238
森林款/6217.mp4,森林款,bank_good,0.0,0.0,0.0,0.9791454442558007,0.9183467741935484,0.035723862551206936,0.06160858216932685,0.21235457062721252,0.17876175045967102,0.30359983444213867,0.33426928520202637,0.27634769678115845,0.36176997423171997,0.2602177963328688,0.24268060880761738
森林款/7122.mp4,森林款,bank_good,0.0,0.0,0.0,1.2496320720006793,1.1705812247891454,0.05269348798134022,0.06142701547942336,0.1180436760187149,0.10903003811836243,0.12897223234176636,0.1936485916376114,0.1856408715248108,0.22540247440338135,0.016293547361103444,0.0
森林款/6152.mp4,森林款,bank_good,0.0,0.0,0.0,1.4692307692307693,1.0962671905697445,0.06641774968616193,0.0212452140291951,0.22467923164367676,0.19440601766109467,0.30347293615341187,0.5413039922714233,0.4402596652507782,0.5985735654830933,0.1455962646424173,0.0655894529519147
潜水款/7075.mp4,潜水款,bank_good,0.0,0.0,0.0625,1.125673249551167,1.1061946902654867,0.0022583948177384823,0.0013814259939143297,0.1243857741355896,0.1194932758808136,0.14512860774993896,0.17848241329193115,0.17407630383968353,0.23536419868469238,0.04271970216117566,0.034841490482094464
潜水款/6779.mp4,潜水款,bank_good,0.0,0.0,0.0,,,,,,,,,,,,
潜水款/6687.mp4,潜水款,bank_good,0.0,0.0,0.4375,1.1778290993071594,1.1755196304849884,0.01537715907338874,0.013030681918237176,0.11559981107711792,0.11464761197566986,0.1277071237564087,0.16776996850967407,0.16334989666938782,0.1797845959663391,0.002571994849069283,0.02594287947597796
潜水款/6160.mp4,潜水款,bank_good,0.0,0.0,0.125,1.2063291139240506,1.1488528275782557,0.035661024149099975,0.022118795264681232,0.14730168879032135,0.1396917849779129,0.1566576361656189,0.2848643660545349,0.2612873613834381,0.32231760025024414,0.026480955326322678,0.0029964941914168174
潜水款/7025.mp4,潜水款,bank_good,0.0,0.0,0.1875,1.325,1.3151750972762646,0.21660258173920346,0.20149683090476628,0.14905589818954468,0.14581109583377838,0.1620159149169922,0.23055070638656616,0.2118571549654007,0.3511231541633606,0.12031145657137328,0.13820240151574395
潜水款/6784.mp4,潜水款,bank_good,0.0,0.0,0.0,,,,,,,,,,,,
潜水款/6983.mp4,潜水款,bank_good,0.0,0.0,0.0,1.110976304397357,1.0982302917581679,0.001998903958595588,0.002988291744714863,0.11541171371936798,0.11254534125328064,0.11924117803573608,0.2316925823688507,0.16288547217845917,0.25663650035858154,0.055861820611964236,0.042067350491877174
潜水款/6866.mp4,潜水款,bank_good,0.0,0.0,0.0,1.102981029810298,1.0637755102040816,0.04590667565808937,0.14933740810305537,0.13828280568122864,0.1281592696905136,0.15748316049575806,0.212325781583786,0.20177748799324036,0.25024837255477905,0.06308446146474454,0.07394302706371617
潜水款/6905.mp4,潜水款,bank_good,0.0,0.0,0.25,1.1000526237190749,1.0856251428413128,0.020631318798986355,0.02569439669218478,0.1618064045906067,0.15424053370952606,0.1741674542427063,0.35118740797042847,0.3475468158721924,0.3531317114830017,0.06574298446215802,0.053611419483643855
潜水款/7253.mp4,潜水款,bank_good,0.0,0.0,0.25,1.1897861356932153,1.1568110572812769,0.20938790761410891,0.21124880660221637,0.14910611510276794,0.14223508536815643,0.16471916437149048,0.26761341094970703,0.23518197238445282,0.31226474046707153,0.012672570200566911,0.009899721811953711
潜水款/7136.mp4,潜水款,bank_good,0.0,0.0,0.0,1.0592233009708738,1.049040492013654,0.0035547034850869175,0.004927898344924113,0.13393908739089966,0.12838971614837646,0.15878653526306152,0.18741446733474731,0.18268851935863495,0.1960504651069641,0.10356509825742295,0.0878914798178887
潜水款/7032.mp4,潜水款,bank_good,0.0,0.0,0.0,,,,,,,,,,,,
潜水款/7083.mp4,潜水款,bank_good,0.0,0.0,0.0,,,,,,,,,,,,
潜水款/6561.mp4,潜水款,bank_good,0.0,0.0,0.0,1.1452599388379205,1.1419780711568583,0.05033478379601036,0.03211401578943478,0.15248647332191467,0.14430269598960876,0.16623347997665405,0.18178071081638336,0.15868109464645386,0.20209157466888428,0.02546937080679145,0.003005500161953475
潜水款/6877.mp4,潜水款,bank_good,0.0,0.0,0.0,,,,,,,,,,,,
潜水款/6594.mp4,潜水款,bank_good,0.0,0.0,0.625,,,,,0.17609837651252747,0.17037732899188995,0.18565154075622559,0.4259420931339264,0.3678534924983978,0.5028787851333618,,
潜水款/6976.mp4,潜水款,bank_good,0.0,0.0,0.0625,1.1758620689655173,1.1604095563139931,0.010581994271694335,0.00916923374784417,0.21276342868804932,0.2094646841287613,0.23708486557006836,0.26336586475372314,0.25865641236305237,0.27200907468795776,0.0009005514361848283,0.013005599521084737
潜水款/7483.mp4,潜水款,bank_good,0.0,0.0,0.0625,1.1737451737451738,1.1515151515151516,0.03041103602271787,0.07280325507749895,0.15713423490524292,0.15119966864585876,0.16889852285385132,0.3403865694999695,0.31198862195014954,0.34419912099838257,0.0009013631601282249,0.0053111891878506986
潜水款/6757.mp4,潜水款,bank_good,0.0,0.0,0.25,1.1837844089752487,1.1694702982044454,0.0629080609397272,0.05737170352675425,0.17272210121154785,0.1663263738155365,0.18740594387054443,0.29632139205932617,0.2794892489910126,0.3326031565666199,0.007615430001000664,0.020783500644065353
潜水款/7398.mp4,潜水款,bank_good,0.0,0.0,0.4375,,,,,0.1449720859527588,0.1449720859527588,0.1449720859527588,0.18572962284088135,0.18572962284088135,0.18572962284088135,,
潜水款/7114.mp4,潜水款,bank_good,0.0,0.0,0.1875,,,,,0.19889616966247559,0.19889616966247559,0.19889616966247559,0.25250720977783203,0.25250720977783203,0.25250720977783203,,
潜水款/6225.mp4,潜水款,bank_good,0.0,0.0,0.0,0.8550398654085289,0.8245751012741305,0.4176150931114796,0.4238213169012085,0.15827126801013947,0.15079453587532043,0.1633794903755188,0.22548505663871765,0.21220481395721436,0.2976938486099243,0.3177081877903512,0.3286544631510074
潜水款/6337.mp4,潜水款,bank_good,0.0,0.0,0.5,1.1817019297837712,1.1265855237435987,0.045669202203176266,0.030466922269965918,0.12349499762058258,0.11530592292547226,0.13248753547668457,0.18261785805225372,0.1772955060005188,0.1939106583595276,0.005854709851953064,0.016576011184745266
潜水款/7175.mp4,潜水款,bank_good,0.0,0.0,0.0,,,,,,,,,,,,
潜水款/7399.mp4,潜水款,bank_good,0.0,0.0,0.375,1.1254237288135593,1.0957095709570956,0.02083302933292978,0.0066413964105752205,0.15676438808441162,0.1529119461774826,0.1571372151374817,0.18483418226242065,0.18140757083892822,0.1985812783241272,0.04294139029014355,0.04436524566493568
潜水款/6326.mp4,潜水款,bank_good,0.0,0.0,0.0625,1.4,1.3686534216335542,0.0014780732762680303,0.029370646726881104,0.13103464245796204,0.12888385355472565,0.13268452882766724,0.26405176520347595,0.2574033737182617,0.2693076729774475,0.17537123375440059,0.17805994348404824
潜水款/6741.mp4,潜水款,bank_good,0.0,0.0,0.0,1.2006302521008403,1.1783576505798727,0.018592775567390446,0.020512941578127296,0.11868041753768921,0.11578963696956635,0.1228337287902832,0.17243117094039917,0.17147088050842285,0.17332684993743896,0.021745626136633063,0.028354238379765122
甜品款/6052.mp4,甜品款,bank_good,0.0,0.0,0.0,1.2328320055592783,1.2034457478005867,0.07993546626850948,0.07785289875202506,0.12940268218517303,0.11690326035022736,0.1508716344833374,0.21769225597381592,0.20172250270843506,0.2729378938674927,0.06629923233731319,0.04749391126585381
甜品款/7606.mp4,甜品款,bank_good,0.0,0.0,0.0,1.332378223495702,1.2175965370344923,0.015236028323279553,0.02050063301526317,0.1828736811876297,0.1728634387254715,0.19034016132354736,0.29864299297332764,0.2884052097797394,0.30317360162734985,0.011352284680704114,0.03580394577410536
甜品款/6536.mp4,甜品款,bank_good,0.0,0.0,0.0,1.3173382173382173,1.2824733420975751,0.13487891291918505,0.0864995082556168,0.13437126576900482,0.12985864281654358,0.1695857048034668,0.2480269819498062,0.2246631234884262,0.285068154335022,0.0,0.016107702153833656
甜品款/6249.mp4,甜品款,bank_good,0.0,0.0,0.0,1.750162190216686,1.750162190216686,0.010435101254614266,0.009626272468149392,0.1382226049900055,0.13459423184394836,0.17644882202148438,0.2878718078136444,0.273175984621048,0.30951130390167236,0.2840952650604809,0.327025653960612
甜品款/6836.mp4,甜品款,bank_good,0.0,0.0,0.0,1.5008157706673138,1.4803021253297497,0.13980535376062952,0.1564366562758011,0.19425486028194427,0.18614694476127625,0.1997464895248413,0.38913533091545105,0.3863578736782074,0.46350759267807007,0.13039560868423744,0.15956339587477064
甜品款/7128.mp4,甜品款,bank_good,0.0,0.0,0.0,1.1430635011441648,1.112753971064678,0.018430852068182613,0.008183210870536086,0.11726492643356323,0.11371254920959473,0.1515602469444275,0.17575986683368683,0.1611136496067047,0.1952531337738037,0.1419012588781851,0.12584481220224897
甜品款/6345.mp4,甜品款,bank_good,0.0,0.0,0.0,1.1022052079594848,1.0521809003608542,0.10846297027448176,0.10616640206243605,0.13078229129314423,0.11966736614704132,0.16426688432693481,0.19629280269145966,0.1882680058479309,0.21841228008270264,0.17830029118988458,0.18181775175382478
甜品款/7034.mp4,甜品款,bank_good,0.0,0.0,0.0,1.1242977528089888,1.114344561168378,0.016681415558482834,0.027285697493770925,0.12999235093593597,0.11500586569309235,0.14689767360687256,0.19737668335437775,0.17834395170211792,0.2252466082572937,0.15845457767943139,0.12441641525337442
甜品款/7184.mp4,甜品款,bank_good,0.0,0.0,0.0,1.3328716528162512,1.3035230352303524,0.029202880974676684,0.030907365830313314,0.13681577146053314,0.13139209151268005,0.14568740129470825,0.21883836388587952,0.21207228302955627,0.25698935985565186,0.011722553397774248,0.03238781626114008
甜品款/6936.mp4,甜品款,bank_good,0.0,0.0,0.0,1.3253623188405796,1.2997026851249651,0.017521624253682325,0.015663846328434476,0.12926159799098969,0.12558439373970032,0.21023625135421753,0.24691089987754822,0.21580590307712555,0.46323227882385254,0.006072671535390267,0.029452724756679573
甜品款/6005.mp4,甜品款,bank_good,0.0,0.0,0.0,1.5823542076771653,1.5642023346303502,0.43503948282288435,0.41866915735353466,0.15364015102386475,0.15731868147850037,0.2615400552749634,0.2251543253660202,0.2242584228515625,0.3661676049232483,0.18330054423780562,0.2146931939197074
甜品款/7084.mp4,甜品款,bank_good,0.1875,3.0,0.0,1.5890606547538382,1.5393897097310352,0.04696191402051198,0.06250840831807554,0.183660626411438,0.155664324760437,0.34259653091430664,0.3652094006538391,0.3394837975502014,0.4797736406326294,0.18752985977308628,0.19870323569442117
甜品款/6786.mp4,甜品款,bank_good,0.0,0.0,0.0,1.291437728937729,1.1982097186700766,0.006290348433753192,0.04708502951930756,0.1025814563035965,0.1002655029296875,0.10693967342376709,0.23818732798099518,0.22374579310417175,0.24209898710250854,0.01985708238898984,0.051854268110982885
甜品款/6395.mp4,甜品款,bank_good,0.375,5.0,0.0,0.874223457059907,0.7773142678015963,0.1950801360927919,0.23810671224880267,0.1542530655860901,0.14161652326583862,0.16008871793746948,0.23763404786586761,0.22191178798675537,0.2656014561653137,0.41003246301600665,0.48459335712660273
甜品款/6830.mp4,甜品款,bank_good,0.0,0.0,0.0,1.375285883280757,1.3365079664728536,0.10959261976932887,0.10053810865730266,0.12296263873577118,0.11709365993738174,0.14193522930145264,0.2326628863811493,0.22704379260540009,0.27406227588653564,0.04304842591623593,0.05737740747296043
甜品款/7234.mp4,甜品款,bank_good,0.0,0.0,0.0,1.101324722636198,1.019959097106499,0.02374864109632725,0.018145116257512185,0.13551659882068634,0.1341196745634079,0.2188231348991394,0.21418397128582,0.20814260840415955,0.3129478693008423,0.17909945017376944,0.21292028418795736
甜品款/7178.mp4,甜品款,bank_good,0.0,0.0,0.0,1.266025641025641,1.2619811277956723,0.0009636058038237303,0.00010884069825311057,0.16007469594478607,0.1423109471797943,0.19734936952590942,0.3570137619972229,0.3003363013267517,0.456773042678833,0.03973062161258548,0.0
花花款/6548.mp4,花花款,bank_good,0.0,0.0,0.125,1.2838345864661656,1.2572491669233568,0.05563323893456956,0.07769840869024577,0.16691210865974426,0.1334240436553955,0.20003455877304077,0.2820262312889099,0.2258177101612091,0.4129284620285034,0.046096346485954794,0.027558862925706234
花花款/6190.mp4,花花款,bank_good,0.0,0.0,0.0,1.4107142857142856,1.3476367263552618,0.054865850447932484,0.0072511753247765124,0.11850067973136902,0.10827261209487915,0.12349456548690796,0.24683676660060883,0.21241383254528046,0.30713117122650146,0.0481484450167715,0.04186748895926521
花花款/6871.mp4,花花款,bank_good,0.0,0.0,0.0,1.3477198089267055,1.3187581415544942,0.035970024004013265,0.03250890953947231,0.13617786765098572,0.12817664444446564,0.1497725248336792,0.27722764015197754,0.2422282099723816,0.3085247874259949,0.0024664172904809265,0.020205495536499737
花花款/6668.mp4,花花款,bank_good,0.0,0.0,0.0,1.4230318901719636,1.3777227639824403,0.03443127600431657,0.026940594750959695,0.11837722361087799,0.10840588808059692,0.14720618724822998,0.18155747652053833,0.1714160144329071,0.23614972829818726,0.05684201266291073,0.06394696873269538
花花款/5949.mp4,花花款,bank_good,0.0,0.0,0.0,1.3473363160725638,1.3162855130034279,0.0010906085805279183,0.003724839463725866,0.09507112205028534,0.09089678525924683,0.0989236831665039,0.1957787722349167,0.19255311787128448,0.21738749742507935,0.0021818274051923115,0.018328768164239662
花花款/6821.mp4,花花款,bank_good,0.0,0.0,0.0,1.1910279429918078,1.0777942163382344,0.05469306698147108,0.09609259497498082,0.10316474735736847,0.10001583397388458,0.11743372678756714,0.19147083163261414,0.1733597218990326,0.22237420082092285,0.12113096482723007,0.1815684360479028
花花款/7069.mp4,花花款,bank_good,0.0,0.0,0.0,1.2126273907580623,1.1974338726115508,0.136200722709567,0.13928563187773257,0.13597935438156128,0.12350248545408249,0.16182953119277954,0.245267853140831,0.22151261568069458,0.3233039975166321,0.10315831386176018,0.07630416880031805
花花款/6374.mp4,花花款,bank_good,0.0,0.0,0.0,1.3111111111111111,1.2439759036144578,0.2171710745631799,0.1521983970315657,0.12421482801437378,0.1139388382434845,0.19077402353286743,0.20990148186683655,0.18234100937843323,0.24632591009140015,0.02507276257970089,0.038172372332750164
花花款/6352.mp4,花花款,bank_good,0.0,0.0,0.0,1.178435864678279,1.0943942436412315,0.0027630802600110255,0.01367102116314486,0.12603408098220825,0.10991721600294113,0.1357961893081665,0.17478574812412262,0.16037672758102417,0.18715518712997437,0.13175969594892042,0.16628398833572444
花花款/6991.mp4,花花款,bank_good,0.0,0.0,0.0,1.2524797524797524,1.229289630845528,0.0035182618612661903,0.02152085652271106,0.09902727603912354,0.09616883099079132,0.1305677890777588,0.18792089819908142,0.18316899240016937,0.21127456426620483,0.07082232855371232,0.05004852972900946
花花款/6865.mp4,花花款,bank_good,0.0,0.0,0.0,1.397493564737415,1.3465200788371519,0.04330272628946202,0.0520739073715208,0.1041109710931778,0.10204443335533142,0.11856895685195923,0.16598805785179138,0.16209492087364197,0.1724686622619629,0.03873260448235515,0.041038548654158194
花花款/6815.mp4,花花款,bank_good,0.0,0.0,0.0,1.3414634146341464,1.3088023088023089,0.01151342768507991,0.00911391586533438,0.1323605179786682,0.12146742641925812,0.14466261863708496,0.24960923194885254,0.24455246329307556,0.27908921241760254,0.0021865981869374105,0.012627454547939081
花花款/6767.mp4,花花款,bank_good,0.0625,1.0,0.0,1.5301971326164874,1.4471359019053915,0.056702133903984764,0.03901813966476454,0.16488023102283478,0.15082991123199463,0.1847575306892395,0.38188648223876953,0.3495095670223236,0.4557604193687439,0.1294488552368364,0.11310136663062419
花花款/7013.mp4,花花款,bank_good,0.0,0.0,0.0,1.182320493994503,1.1708624127617149,0.007246909302144169,0.008007262749484222,0.12105081975460052,0.10562721639871597,0.1240883469581604,0.22594934701919556,0.21439392864704132,0.26022595167160034,0.12846868897307112,0.0987444141715001
花花款/7269.mp4,花花款,bank_good,1.0,16.0,0.0,1.5529882047351389,1.4961155937385113,0.018884918958322585,0.007102193191160773,0.16145829856395721,0.14668382704257965,0.18261325359344482,0.292044460773468,0.24563242495059967,0.35362035036087036,0.14423323227459517,0.14638714873171685
花花款/6646.mp4,花花款,bank_good,0.0,0.0,0.0,1.4919774242501749,1.275956441761045,0.07025545684078931,0.12079463368857936,0.1696682721376419,0.1493087112903595,0.19177508354187012,0.26966214179992676,0.25158169865608215,0.3301028609275818,0.104154653752376,0.012788948588266751
花花款/7040.mp4,花花款,bank_good,0.0,0.0,0.0,1.2914300855477325,1.2137130431879268,0.11525849087871176,0.1460965706699986,0.13698412477970123,0.11365970969200134,0.1692267656326294,0.2036820650100708,0.19288775324821472,0.2615033984184265,0.040197518929612625,0.06280070467230948
花花款/6423.mp4,花花款,bank_good,0.0,0.0,0.0,1.3907430677724721,1.3328716528162512,0.18238170310123658,0.1393813549118288,0.162080779671669,0.14742332696914673,0.19417506456375122,0.24813184142112732,0.21598923206329346,0.37361079454421997,0.03389046872118491,0.030850755724704845
花花款/6003.mp4,花花款,bank_good,0.0,0.0,0.0,1.2832693128467776,1.2385549891523675,0.012380381052184935,0.0009155771281123596,0.0829315036535263,0.07766155153512955,0.0916854739189148,0.1660185307264328,0.15235519409179688,0.19390618801116943,0.046536744421290036,0.042539627615604605
花花款/6970.mp4,花花款,bank_good,0.0,0.0,0.0,1.3224498807736467,1.2660137596114933,0.012200541370154585,0.01948573602029595,0.15854331851005554,0.13607250154018402,0.1759541630744934,0.23990796506404877,0.22409293055534363,0.26614081859588623,0.016461730018522306,0.02061180414289266
花花款/5603.mp4,花花款,bank_good,0.0,0.0,0.0,1.4152439545415705,1.371354381247696,0.011557235631282364,0.024855229980244243,0.11436355113983154,0.11175035685300827,0.12974143028259277,0.21726693212985992,0.2087186574935913,0.22754651308059692,0.05135420555633308,0.059313854570998636
花花款/7090.mp4,花花款,bank_good,0.125,1.0,0.0625,1.9439252336448598,1.9439252336448598,0.238822263967564,0.238822263967564,0.2656082808971405,0.21066823601722717,0.3266276717185974,0.3279999792575836,0.305698037147522,0.3522777557373047,0.3687615285243111,0.4082242488621174
冰晶款/6920.mp4,冰晶款,eval_good,0.0,0.0,0.0625,1.4987951807228916,1.4292237442922375,0.03117780778645303,0.07647752908684523,0.18731632828712463,0.17603181302547455,0.2481498122215271,0.3254234790802002,0.3161748945713043,0.42032474279403687,0.25416356152736425,0.2158713907274716
冰晶款/6796.mp4,冰晶款,eval_good,0.0,0.0,0.1875,1.0590163934426229,1.0385852090032155,0.07214043978385683,0.09783910871291551,0.14681321382522583,0.14231784641742706,0.20833230018615723,0.19535541534423828,0.19757016003131866,0.27929985523223877,0.09315746436587215,0.10340065895275834
冰晶款/6945.mp4,冰晶款,eval_good,0.0,0.0,0.0,1.0651695979899496,1.0366193531661159,0.011902943773231532,0.023213636763560825,0.13285014033317566,0.12621518969535828,0.1363099217414856,0.15465636551380157,0.14815303683280945,0.16427260637283325,0.0873639775592565,0.10529527354737137
冰晶款/6869.mp4,冰晶款,eval_good,0.0,0.0,0.0,1.0159661953388848,0.9855137238405721,0.17204904916812372,0.19881770707835644,0.15680061280727386,0.14700815081596375,0.17246609926223755,0.2966534495353699,0.27777570486068726,0.32970768213272095,0.13465793468260953,0.15585229671835316
冰晶款/5697.mp4,冰晶款,eval_good,0.0,0.0,0.5,1.136111111111111,1.111413043478261,0.05076979170863885,0.046091693117968964,0.14632758498191833,0.13955844938755035,0.15308356285095215,0.17616009712219238,0.17129535973072052,0.18350189924240112,0.02288688638847095,0.03562785212230982
冰晶款/7067.mp4,冰晶款,eval_good,0.0,0.0,0.0,1.3837101004381127,1.2597709923664122,0.01810788837937864,0.009563895351805369,0.174336239695549,0.16871607303619385,0.20270931720733643,0.3175976574420929,0.314170241355896,0.3311315178871155,0.17427035927213982,0.08966988235814412
冰晶款/7093.mp4,冰晶款,eval_good,0.0,0.0,0.0,1.278834541062802,1.251038115219862,0.01198382986605116,0.01618540920608596,0.1462898552417755,0.1381053626537323,0.15682899951934814,0.2289036512374878,0.22490058839321136,0.2523236870765686,0.09545113738533835,0.08271362882610746
冰晶款/6143.mp4,冰晶款,eval_good,0.0,0.0,0.0625,1.2866817155756207,1.2837837837837838,0.09242880257954085,0.08922504268140871,0.2608128488063812,0.2531146705150604,0.29953402280807495,0.38986077904701233,0.3917636275291443,0.4504179358482361,0.10156857980234325,0.1085517284001904
冰晶款/7248.mp4,冰晶款,eval_good,0.0,0.0,0.0625,1.3518518518518519,1.224669603524229,0.2304827805866792,0.1827218893634217,0.18371939659118652,0.15756669640541077,0.19493138790130615,0.2738850712776184,0.24274195730686188,0.35528886318206787,0.15097738360299975,0.061411026213053506
冰晶款/7343.mp4,冰晶款,eval_good,0.0,0.0,0.1875,1.2164179104477613,1.1840193704600483,0.009915726768828261,0.008911751870728865,0.13798195123672485,0.13616997003555298,0.16373813152313232,0.16790735721588135,0.1609007716178894,0.18375957012176514,0.045412389874734,0.027654826517658354
冰晶款/6846.mp4,冰晶款,eval_good,0.8125,10.0,0.0,6.288888888888889,6.288888888888889,0.013630978195786124,0.013630978195786124,0.22085247933864594,0.2180507928133011,0.2315477728843689,0.5998297929763794,0.59894198179245,0.6042454242706299,1.688286396891801,1.697524337876737
冰晶款/7217.mp4,冰晶款,eval_good,0.0,0.0,0.0,,,,,,,,,,,,
冰晶款/6457.mp4,冰晶款,eval_good,0.0,0.0,0.0,1.205457337968506,1.1771381914676464,0.07084569582408086,0.05316812583248505,0.14744949340820312,0.13707280158996582,0.16886740922927856,0.2387140393257141,0.19870886206626892,0.24693381786346436,0.036361017540671316,0.021826161302993096
冰晶款/6797.mp4,冰晶款,eval_good,0.0,0.0,0.0,1.0398886145888437,1.0235898811947148,0.02909828937799921,0.03690412096331422,0.1392797976732254,0.1321486532688141,0.15075427293777466,0.21036909520626068,0.19998249411582947,0.23300838470458984,0.11138440492047655,0.11794413024885866
冰晶款/6722.mp4,冰晶款,eval_good,0.0,0.0,0.125,1.2072539327464282,1.1953768975420536,0.06777957527227194,0.08454425465715422,0.1799280345439911,0.16562087833881378,0.18926137685775757,0.26203709840774536,0.2529889941215515,0.31221139430999756,0.03785029239240389,0.03720146109328991
冰晶款/7043.mp4,冰晶款,eval_good,0.0,0.0,0.1875,1.1194379391100702,1.116591928251121,0.02852695709713419,0.030418364558584366,0.13605648279190063,0.12779034674167633,0.14611583948135376,0.16705405712127686,0.15124468505382538,0.1843785047531128,0.037671291718285614,0.030978944991591977
基础款/6867.mp4,基础款,eval_good,0.0,0.0,0.0,1.1768222356716262,1.1588271768978653,0.008771882038679115,0.0014681427553557692,0.10041338205337524,0.09408427774906158,0.11827647686004639,0.14384706318378448,0.14235429465770721,0.2032545804977417,0.01569395025443239,0.024797119142345135
基础款/6186.mp4,基础款,eval_good,0.0,0.0,0.0,1.03483036184458,0.997032537355118,0.046872122884654525,0.06174793024760714,0.1131242960691452,0.1051042228937149,0.13522684574127197,0.21184831857681274,0.15964637696743011,0.26102960109710693,0.11288632321786561,0.1255831944091826
基础款/6219.mp4,基础款,eval_good,0.0,0.0,0.0,1.1336575484846336,1.1221558638256859,0.04196066447425338,0.0365143625092902,0.13502955436706543,0.13320857286453247,0.175487220287323,0.26523494720458984,0.25141358375549316,0.2925640940666199,0.02167466066694107,0.0073596065990309285
基础款/6937.mp4,基础款,eval_good,0.0,0.0,0.0,1.114773907936938,1.1065427840213644,0.04507576770370562,0.05689472708191832,0.10996431112289429,0.11271081864833832,0.18318599462509155,0.17773492634296417,0.17963382601737976,0.3262332081794739,0.0384722237023244,0.021370774272338026
基础款/6740.mp4,基础款,eval_good,0.0,0.0,0.0,1.0406816242533754,1.0235765729039272,0.36684017494865834,0.45659949473153355,0.1203041821718216,0.1073518842458725,0.17130523920059204,0.16614100337028503,0.16680966317653656,0.28756850957870483,0.10724792849918598,0.09930838203940857
基础款/7360.mp4,基础款,eval_good,0.0,0.0,0.0,1.0119397073898053,0.9950915132426319,0.048482807426871784,0.05034532308032385,0.1531146615743637,0.13295744359493256,0.20114821195602417,0.2919497787952423,0.2173566222190857,0.42053836584091187,0.135254843490028,0.1275318930619045
基础款/6261.mp4,基础款,eval_good,0.0,0.0,0.0,1.3514651188123434,1.3374833565448951,0.015676628981407686,0.014132431234480313,0.10199560225009918,0.1008792519569397,0.1164359450340271,0.2491966038942337,0.23549723625183105,0.259130597114563,0.15406544225902816,0.1681784358885838
基础款/6175.mp4,基础款,eval_good,0.0,0.0,0.0,1.1396212802045491,1.13,0.03816792924234279,0.02611580409723119,0.11264844238758087,0.10792596638202667,0.1481115221977234,0.1703711450099945,0.17128026485443115,0.2865065336227417,0.016427838036987708,0.00039368739301685207
基础款/6954.mp4,基础款,eval_good,0.0,0.0,0.0,1.0659341130470572,1.063707138842046,0.00235398459872079,0.0044525688644094395,0.12494796514511108,0.11777450144290924,0.1290225386619568,0.1555711328983307,0.15022340416908264,0.15756452083587646,0.08327231871710596,0.060851212533999166
基础款/6182.mp4,基础款,eval_good,0.375,5.0,0.0,1.336345011739791,1.3010547265799612,0.09242249775305225,0.12294443373942351,0.2286045402288437,0.20796623826026917,0.24956345558166504,0.31750836968421936,0.2894613742828369,0.36225461959838867,0.14281444919342498,0.14056394353989424
基础款/6893.mp4,基础款,eval_good,0.0,0.0,0.0,1.1917989417989419,1.1821412948381451,0.03803766337992192,0.024578789460228248,0.12127335369586945,0.10608306527137756,0.13711762428283691,0.173420712351799,0.15976771712303162,0.1881811022758484,0.028340046526381595,0.044716130502606435
基础款/7020.mp4,基础款,eval_good,0.0,0.0,0.0,1.055023923444976,1.055023923444976,0.0009733374271853897,0.00024987882259285113,0.09313292801380157,0.0889323502779007,0.10138487815856934,0.11016711592674255,0.10817383974790573,0.11447346210479736,0.09356039198033371,0.06904787719517626
基础款/6247.mp4,基础款,eval_good,0.0625,1.0,0.0,1.5677045177045177,1.2500327499793795,0.0446108918978711,0.02161932354632176,0.12726779282093048,0.1176149994134903,0.13356906175613403,0.29145151376724243,0.2536122500896454,0.3624410629272461,0.3024886239262317,0.1005584308372339
基础款/6791.mp4,基础款,eval_good,0.0,0.0,0.0,1.0837719298245614,1.0720798405936511,0.017515422930381885,0.01683209247006657,0.10655376315116882,0.10439099371433258,0.11617076396942139,0.20230743288993835,0.1829541027545929,0.2091081142425537,0.06667635086229975,0.053010782076297294
基础款/6180.mp4,基础款,eval_good,0.0,0.0,0.0,1.160348078029807,1.1531230101528593,0.013446277789577033,0.022567791271163398,0.1481853574514389,0.13480311632156372,0.17965686321258545,0.3300514221191406,0.245774045586586,0.3545445203781128,0.0015961924717465587,0.019862602515303588
基础款/6989.mp4,基础款,eval_good,1.0,16.0,0.0,1.3423515764047802,1.287521835607384,0.01415561673806611,0.021113071078032508,0.10000671446323395,0.09762877970933914,0.10241055488586426,0.23178301751613617,0.21743902564048767,0.23328763246536255,0.14729914877368927,0.1301079929897298
基础款/7541.mp4,基础款,eval_good,0.0625,1.0,0.0,1.0307526836807153,0.983065953654189,0.2813202684574954,0.2783576672033834,0.12686137855052948,0.1207728385925293,0.2337251901626587,0.20499201118946075,0.21512266993522644,0.5032444596290588,0.11683453868152233,0.13969038694640512
基础款/6911.mp4,基础款,eval_good,1.0,16.0,0.0,1.2583234301020505,1.2414101860031996,0.20316400886792388,0.1882595468863391,0.08881038427352905,0.0887458547949791,0.1213235855102539,0.13172626495361328,0.11881612241268158,0.14932233095169067,0.08265638898190966,0.09363666010119845
基础款/6798.mp4,基础款,eval_good,0.0,0.0,0.0,1.2618453865336658,1.1352204398809405,0.03540447561689871,0.07238483120110092,0.11607576906681061,0.11374412477016449,0.18699193000793457,0.2132045328617096,0.21882364153862,0.4503263235092163,0.08545140707847301,0.004215532117225592
基础款/6381.mp4,基础款,eval_good,0.0,0.0,0.0,1.1652977412731005,1.1556471776530393,0.0800346947780491,0.08449532008805268,0.10846705734729767,0.10086725652217865,0.11732900142669678,0.15235692262649536,0.15213625133037567,0.20547032356262207,0.005852791370544441,0.022049193904277863
基础款/6817.mp4,基础款,eval_good,0.0,0.0,0.0,1.1382826690885777,1.108560794044665,0.2110145324660853,0.0037350547841648553,0.11824935674667358,0.10189925879240036,0.13084197044372559,0.22059792280197144,0.17027752101421356,0.279877245426178,0.017603138927506565,0.019548728024411606
基础款/6451.mp4,基础款,eval_good,0.375,6.0,0.0,1.2313807019689373,1.148338735295257,0.05727527044347236,0.03188476977694994,0.17303070425987244,0.15991513431072235,0.3216003179550171,0.4161030948162079,0.3261948525905609,0.46887290477752686,0.0610122268512143,0.01570499984502215
基础款/6742.mp4,基础款,eval_good,0.0,0.0,0.0,1.1920778954050673,1.1876726519337018,0.009592423756183018,0.007376700555953982,0.09229744970798492,0.09012556076049805,0.10581600666046143,0.14353427290916443,0.1386612057685852,0.1660969853401184,0.028574080099798622,0.04938431734319593
基础款/6033.mp4,基础款,eval_good,0.0,0.0,0.0,1.0414572864321607,1.0109756097560976,0.10560069890407653,0.13105396100995556,0.1037268191576004,0.09974892437458038,0.10991591215133667,0.14988210797309875,0.13483132421970367,0.16846758127212524,0.10650286561151147,0.11169550524026978
基础款/6415.mp4,基础款,eval_good,0.0,0.0,0.0,1.4872153501868977,1.2875931972350527,0.0349739222504692,0.00311306288871007,0.1434786021709442,0.13434073328971863,0.16711664199829102,0.31522029638290405,0.30595678091049194,0.3567960858345032,0.24978164400443786,0.13016341702071613
基础款/5669.mp4,基础款,eval_good,0.0,0.0,0.0,1.2644110275689222,1.2549797961671505,0.06358015203234543,0.07351139035921168,0.09728233516216278,0.0949530377984047,0.10172069072723389,0.18647632002830505,0.17614172399044037,0.19441068172454834,0.08748258800137676,0.10450815366530292
基础款/6653.mp4,基础款,eval_good,0.0,0.0,0.0,1.0983087303691916,1.0887589212687527,0.07149926462247602,0.08894934616488058,0.12206315994262695,0.11355416476726532,0.12687718868255615,0.18711289763450623,0.17404058575630188,0.2230578064918518,0.05335235613779455,0.03757287691918663
基础款/6250.mp4,基础款,eval_good,0.125,2.0,0.0,1.1698088795238624,1.0401498610559745,0.020116803467734604,0.07487829160819708,0.10697782039642334,0.10516677796840668,0.11859160661697388,0.16232629120349884,0.1548893302679062,0.16922783851623535,0.009716549729735001,0.08324652017577823
基础款/6562.mp4,基础款,eval_good,0.0,0.0,0.0,1.3112278983782992,1.1051175102269992,0.0209824676414941,0.02058643587280184,0.14046739041805267,0.12813162803649902,0.15690404176712036,0.3739340901374817,0.3530448377132416,0.3824973702430725,0.12384019030032709,0.022659646704850597
基础款/7558.mp4,基础款,eval_good,0.0,0.0,0.0,1.0753963043687578,1.0597667638483965,0.06445840188453317,0.08879605111114813,0.10593213140964508,0.10159915685653687,0.1247599720954895,0.166053906083107,0.16009415686130524,0.23632067441940308,0.07443458603268767,0.06456247030963184
基础款/6274.mp4,基础款,eval_good,0.375,4.0,0.0,1.3928468535210108,1.355595667870036,0.10146450119427444,0.06876991144380494,0.11210848391056061,0.10770878195762634,0.1358746886253357,0.2517929673194885,0.20700743794441223,0.2850651741027832,0.18422591380904887,0.18162964489958483
基础款/6747.mp4,基础款,eval_good,0.0,0.0,0.0,1.1198395044010714,1.112972676046355,0.021450727465792987,0.02393918173651166,0.11160227656364441,0.10649093985557556,0.12234771251678467,0.16273009777069092,0.1408991813659668,0.2221660017967224,0.03393845950569543,0.015576797948790482
基础款/6909.mp4,基础款,eval_good,0.0,0.0,0.0,1.3254603837821108,1.2365485564304461,0.13774993544293207,0.06107901728648038,0.11949294805526733,0.11547542363405228,0.16652363538742065,0.18159043788909912,0.17062875628471375,0.20589029788970947,0.1346360236439005,0.08971275634333249
基础款/6485.mp4,基础款,eval_good,0.0,0.0,0.0,1.1806090178006685,1.1532656205779692,0.028468785525114844,0.017882484470335178,0.10891655087471008,0.10710789263248444,0.15935081243515015,0.1756419539451599,0.16695159673690796,0.1893107295036316,0.018906587212921492,0.019986268079199777
基础款/6704.mp4,基础款,eval_good,0.0,0.0,0.0,1.0832998649092702,1.0832998649092702,0.014211734088508305,0.013583940502680865,0.13859498500823975,0.13139204680919647,0.1529216170310974,0.18422053754329681,0.17541207373142242,0.19238150119781494,0.06711202163601868,0.04259950685086124
基础款/6876.mp4,基础款,eval_good,0.0,0.0,0.0,1.3460317460317461,1.2878811496095721,0.05096437872246434,0.0786745282220413,0.12410618364810944,0.11393413692712784,0.1550847887992859,0.2542361617088318,0.2133268117904663,0.3012484312057495,0.15003698150390143,0.13038702815943468
基础款/6940.mp4,基础款,eval_good,0.0,0.0,0.0,1.2425714534681074,1.1721634615384615,0.070844206189872,0.09962331434845165,0.17837265133857727,0.1697130799293518,0.19626158475875854,0.3118100166320801,0.3058876097202301,0.4717891216278076,0.07005915025412641,0.03623983361463922
基础款/6734.mp4,基础款,eval_good,0.0,0.0,0.0,1.059737241780955,1.0579794714391584,0.00028227104336019955,0.003295145190244929,0.09754396975040436,0.09269922226667404,0.10094726085662842,0.15300413966178894,0.14440880715847015,0.23758691549301147,0.08910284261934695,0.06625039004600126
基础款/6788.mp4,基础款,eval_good,0.0,0.0,0.0,1.0875408082854892,1.0445876824012048,0.14196509015839032,0.14561356012656834,0.12442895770072937,0.12167242169380188,0.18238121271133423,0.23842962086200714,0.20810888707637787,0.33625996112823486,0.0632048267655414,0.07898907485617315
基础款/7202.mp4,基础款,eval_good,0.0,0.0,0.0,1.4886649874055415,1.481203007518797,0.003552122174808738,0.0035226211876498072,0.09753073751926422,0.094262033700943,0.10234963893890381,0.223371684551239,0.2196095734834671,0.24201691150665283,0.25075590181648444,0.2702432803989687
基础款/7159.mp4,基础款,eval_good,0.0,0.0,0.0,1.1818183803425897,1.1756785961272476,0.015555434323004705,0.015611934414875185,0.0985146164894104,0.09316611289978027,0.10233044624328613,0.13649091124534607,0.13507428765296936,0.16799020767211914,0.019930417742920054,0.03923418939231928
基础款/5686.mp4,基础款,eval_good,0.0,0.0,0.0,0.9431951867164129,0.9233448443317326,0.0005973562029977108,0.0017438528546708763,0.12226472795009613,0.11146433651447296,0.12402290105819702,0.13270767033100128,0.1315164864063263,0.14890891313552856,0.20560586781647625,0.20236382187856836
基础款/6783.mp4,基础款,eval_good,0.0,0.0,0.0,1.1128262707117615,1.111624291201756,0.01769814293183222,0.022107206213995284,0.131719172000885,0.1274643987417221,0.15796536207199097,0.2063511461019516,0.1712118238210678,0.24814295768737793,0.04022086579719097,0.016789049003320927
基础款/5714.mp4,基础款,eval_good,0.0,0.0,0.0,1.0759137436877304,1.0705163159695492,0.06859367068324278,0.07633361832792653,0.10177583992481232,0.09712082147598267,0.12969744205474854,0.16006402671337128,0.14661245048046112,0.172724187374115,0.07395354023511116,0.05447024973831479
基础款/6792.mp4,基础款,eval_good,0.0,0.0,0.0,1.2873490734562987,1.231317865791735,0.2717727201190522,0.005721737465168176,0.1321915239095688,0.12065877765417099,0.16579937934875488,0.3036538362503052,0.2569080591201782,0.4393380284309387,0.10546128728203996,0.08547371129263534
基础款/6240.mp4,基础款,eval_good,0.0,0.0,0.0,1.078566666347666,1.0607952392488649,0.017566652567141725,0.025903761124937877,0.1016400158405304,0.09698206931352615,0.1258080005645752,0.14440196752548218,0.13558164238929749,0.15473008155822754,0.07149083601335056,0.06359246756544643
基础款/6933.mp4,基础款,eval_good,0.0,0.0,0.0,1.206456611570248,1.189168618266979,0.0004867240767871961,0.01977128025291021,0.09855569899082184,0.09350185096263885,0.1072579026222229,0.1375083178281784,0.13507269322872162,0.1541612148284912,0.04056380830448532,0.05064310273165893
基础款/7085.mp4,基础款,eval_good,0.0,0.0,0.0,1.1300252719481376,1.101183619639071,0.06357132127418083,0.07605515608427568,0.10156790912151337,0.09492038190364838,0.12418264150619507,0.16377046704292297,0.15393121540546417,0.17301034927368164,0.024883837872383206,0.02622570095150956
基础款/6873.mp4,基础款,eval_good,0.0,0.0,0.0,1.4055542600035666,1.3639140546357043,0.023411417925447996,0.027634439218474922,0.10691313445568085,0.1036374568939209,0.12713956832885742,0.19992731511592865,0.18289996683597565,0.21135592460632324,0.19330788119786876,0.18774722752093295
基础款/7171.mp4,基础款,eval_good,0.0,0.0,0.0,1.0380497685185186,1.024804177545692,0.0018187074852604025,0.0034834957443126884,0.15031656622886658,0.1390293538570404,0.16432315111160278,0.16341352462768555,0.16070592403411865,0.16726738214492798,0.10978010475849305,0.09810977207544876
基础款/7230.mp4,基础款,eval_good,0.0625,1.0,0.0,1.6823579304495335,1.3615849781517606,0.41027790241852197,0.11455125434974905,0.25725257396698,0.1523076742887497,0.282124400138855,0.46486806869506836,0.2974626421928406,0.47684425115585327,0.3730725045145905,0.18603812616161008
基础款/6980.mp4,基础款,eval_good,0.0,0.0,0.0,1.3342880796912764,1.331469489249099,0.10749693570960137,0.1090800668680957,0.10816220939159393,0.09926887601613998,0.11358237266540527,0.21545206010341644,0.1854739785194397,0.223682701587677,0.14127404106933772,0.16367189132133061
基础款/7038.mp4,基础款,eval_good,0.0,0.0,0.0,1.164994630925867,1.1420766724317506,0.05812992518520404,0.05714178380067344,0.11242565512657166,0.09987536072731018,0.13247185945510864,0.1711507886648178,0.15945091843605042,0.23544186353683472,0.005592643457296156,0.010236927594679274
基础款/6737.mp4,基础款,eval_good,0.0,0.0,0.0,1.2455988455988456,1.2208036549751418,0.04046642636292518,0.1010188860348063,0.13966509699821472,0.13525058329105377,0.14792346954345703,0.2989635765552521,0.2955065965652466,0.3166728615760803,0.07249257985159831,0.07689805534434657
基础款/6743.mp4,基础款,eval_good,0.0,0.0,0.0,1.2575613993524442,1.2513639778382948,0.10594357289050138,0.10407896789859994,0.11690814793109894,0.10661813616752625,0.14233249425888062,0.17438212037086487,0.1658683866262436,0.1965746283531189,0.08205061342017632,0.10162281856093415
基础款/6157.mp4,基础款,eval_good,0.0,0.0,0.0,1.3205771240253998,1.213021778584392,0.05331096043762226,0.11660549739246118,0.09352916479110718,0.08975856006145477,0.10512155294418335,0.15967325866222382,0.15582826733589172,0.1744990348815918,0.1309450213159105,0.07050326399871515
基础款/6996.mp4,基础款,eval_good,0.0,0.0,0.0,1.0526325120445348,1.0090664957486857,0.005107302868430019,0.0004472267166286474,0.10842695832252502,0.0989789366722107,0.11616605520248413,0.14703500270843506,0.14028885960578918,0.1529676914215088,0.09582965407295767,0.1135856782922165
基础款/6346.mp4,基础款,eval_good,0.0,0.0,0.0,1.2076995592244388,1.1762114537444934,0.02295538874993535,0.03968602191217401,0.20946422219276428,0.2049921751022339,0.21634531021118164,0.35028642416000366,0.33403652906417847,0.3569270968437195,0.04159352442563263,0.039687320801580904
基础款/5680.mp4,基础款,eval_good,0.0,0.0,0.0,1.134503196177,1.1305947290582476,0.08645180793754674,0.09293541717476651,0.12004366517066956,0.10362392663955688,0.12652736902236938,0.1526140570640564,0.14431504905223846,0.17454004287719727,0.020928992412572504,0.00013248305613451354
基础款/6116.mp4,基础款,eval_good,0.0,0.0,0.0,1.1116166001041847,1.1006200758681062,0.03594574384661847,0.04117619626749162,0.12951290607452393,0.11608755588531494,0.13267403841018677,0.15244866907596588,0.14408433437347412,0.16299337148666382,0.04130848260469967,0.026737593800468192
基础款/6328.mp4,基础款,eval_good,0.0625,1.0,0.0,1.1922364390870468,1.1161848262032086,0.42960101038360565,0.22951010917495981,0.1288459300994873,0.11953383684158325,0.19066131114959717,0.28223830461502075,0.22223499417304993,0.3429988622665405,0.028707069009792488,0.012694854993349611
基础款/6891.mp4,基础款,eval_good,0.0,0.0,0.0,1.2079499756275895,1.1590414796517758,0.048671528226364454,0.028552829019567346,0.20875214040279388,0.13648709654808044,0.2423737645149231,0.3707975745201111,0.21545271575450897,0.38763338327407837,0.041800852848431415,0.024982032773163413
基础款/6421.mp4,基础款,eval_good,0.0,0.0,0.0,1.3264059555992462,1.3003218514832144,0.07144960951137651,0.038049248518123295,0.1781107783317566,0.1630896031856537,0.18557953834533691,0.3260524272918701,0.30297547578811646,0.33918535709381104,0.13534916053407248,0.14000049177184484
基础款/5766.mp4,基础款,eval_good,0.125,1.0,0.0,1.0498938428874736,1.0306553911205074,0.030282288251185226,0.0353943512999111,0.11415034532546997,0.1083514615893364,0.12328416109085083,0.18532750010490417,0.17656904458999634,0.24215072393417358,0.09843477785607425,0.09241641817129707
基础款/6897.mp4,基础款,eval_good,0.0,0.0,0.0,1.2350002069793433,1.1766400862899187,0.01643004055258419,0.029195730982890696,0.10129491984844208,0.09724900871515274,0.11598104238510132,0.21850904822349548,0.1964709460735321,0.2579883933067322,0.06394730277211295,0.04005167234937187
基础款/6279.mp4,基础款,eval_good,0.0,0.0,0.0,1.1682252174055452,1.1628050363447562,0.037791932400609525,0.051100858035450863,0.13626275956630707,0.10477381944656372,0.14624661207199097,0.1578986793756485,0.14597703516483307,0.31930840015411377,0.008361854036809148,0.028223900797778582
基础款/6844.mp4,基础款,eval_good,0.0,0.0,0.0,1.3415572070515036,1.2841415830546266,0.046425269670589416,0.0147181011784721,0.1431075632572174,0.13375112414360046,0.1768028736114502,0.2980729043483734,0.2783532738685608,0.36565494537353516,0.14670719916543945,0.12747914624802562
基础款/7296.mp4,基础款,eval_good,0.0,0.0,0.0,1.1513131313131315,1.0995695592286503,0.06423262745290825,0.0891255084846468,0.14778167009353638,0.13673719763755798,0.17226684093475342,0.27499866485595703,0.2557298541069031,0.285064697265625,0.006220690630159626,0.027692526686732725
基础款/7095.mp4,基础款,eval_good,0.0,0.0,0.0,1.1914136520241172,1.1633797370456302,0.002001852906090711,0.0008246718035508645,0.12253254652023315,0.11644396185874939,0.1333255171775818,0.19801661372184753,0.1856118142604828,0.2143532633781433,0.028016710052598304,0.02871801521133762
基础款/6104.mp4,基础款,eval_good,0.0,0.0,0.0,1.003683241252302,1.0027573529411766,0.03374363581233735,0.029310260041495773,0.11541199684143066,0.11202236264944077,0.12024915218353271,0.24793507158756256,0.2207045555114746,0.2881564497947693,0.1434473601731148,0.11985776170008296
基础款/7437.mp4,基础款,eval_good,0.0,0.0,0.0,1.2132575757575759,1.2098288419043137,0.004816532205170002,0.0035749620394812955,0.14522354304790497,0.13326284289360046,0.18085265159606934,0.20167070627212524,0.21899989247322083,0.4211485981941223,0.04618511856637302,0.06786757651432698
基础款/7000.mp4,基础款,eval_good,0.0,0.0,0.0,1.1501572508845364,1.1343251088534108,0.005325250705370078,0.004467188150359652,0.10544340312480927,0.10227255523204803,0.21107125282287598,0.17138671875,0.15652716159820557,0.2683752179145813,0.007225161975715796,0.0034265362105555465
基础款/6640.mp4,基础款,eval_good,0.0,0.0,0.0,1.374804273740444,1.3626848113787664,0.026077102705547327,0.005200863946911896,0.10253480076789856,0.09738363325595856,0.10966455936431885,0.19978678226470947,0.19036774337291718,0.22928738594055176,0.17118753971331882,0.1868455596184472
基础款/6002.mp4,基础款,eval_good,0.0,0.0,0.0,1.0127568115015002,0.9758886205531989,0.2521607341841503,0.3621364286382231,0.1665743738412857,0.1474650353193283,0.21831762790679932,0.30900833010673523,0.2492569237947464,0.35105735063552856,0.1344477060761677,0.1470181374839544
基础款/6715.mp4,基础款,eval_good,0.0,0.0,0.125,1.356205595638046,1.1824588215316694,0.07248114310305635,0.08470954834312462,0.17743735015392303,0.14360345900058746,0.23776030540466309,0.28504854440689087,0.2599290609359741,0.472515344619751,0.1575669623248497,0.04498469743130996
基础款/6141.mp4,基础款,eval_good,0.6875,5.0,0.0,1.1736971805464957,0.911245576477784,0.008006881360251556,0.08082012873614224,0.13602671027183533,0.12714989483356476,0.1925729513168335,0.2472393661737442,0.2228054702281952,0.33185243606567383,0.013034915025990135,0.21555417013368477
基础款/6854.mp4,基础款,eval_good,0.0,0.0,0.0,1.1136886720828327,1.102245475113122,0.019236198762739295,0.027487829670429002,0.10179449617862701,0.09805222600698471,0.10694456100463867,0.15281100571155548,0.15118718147277832,0.15926939249038696,0.03944620096326318,0.025261880006437108
基础款/7162.mp4,基础款,eval_good,0.0,0.0,0.0,1.07395392009999,1.066305660791742,0.0059675479205444195,0.012151841077593255,0.10069742798805237,0.08991151303052902,0.11125510931015015,0.13693642616271973,0.12144021689891815,0.14704960584640503,0.07577674467102596,0.0584112992721968
基础款/6794.mp4,基础款,eval_good,0.0,0.0,0.0,1.2210826210826211,1.2008081921293108,0.029662911791212894,0.022977831820600023,0.11041916906833649,0.10558956861495972,0.15277427434921265,0.21099218726158142,0.19830554723739624,0.31413036584854126,0.05261402467118747,0.06038350342285277
基础款/5988.mp4,基础款,eval_good,0.0,0.0,0.0,1.1269928497435509,1.0836954490234558,0.005835915663391415,0.006024696694648929,0.10125304758548737,0.10134376585483551,0.12878119945526123,0.17128364741802216,0.1634950190782547,0.17670977115631104,0.02757094436930204,0.0422344076593343
基础款/6839.mp4,基础款,eval_good,0.0,0.0,0.0,1.667819330820611,1.6229322869562681,0.016105084801979596,0.04184493946584503,0.10903100669384003,0.10724793374538422,0.13541018962860107,0.299923837184906,0.2919880747795105,0.31057655811309814,0.36439314831190517,0.3616232466306557
基础款/7092.mp4,基础款,eval_good,0.0,0.0,0.0,1.1657334720514518,1.1592410714285712,0.07653264294894113,0.08118386984288538,0.11405424773693085,0.10693998634815216,0.15391689538955688,0.23538720607757568,0.19313283264636993,0.26223164796829224,0.0062266437505003195,0.02515422211841431
基础款/7384.mp4,基础款,eval_good,0.1875,1.0,0.0,1.2473875533632466,1.182483037578288,0.2617524971517819,0.14013475354638227,0.21443912386894226,0.19452440738677979,0.27795958518981934,0.4003886580467224,0.3691771626472473,0.44718003273010254,0.07392757209390528,0.045005176621127095
基础款/6923.mp4,基础款,eval_good,0.0625,1.0,0.0,1.0995495495495495,1.096774193548387,0.6680324192041209,0.6380675762522757,0.1089753657579422,0.11584824323654175,0.2434569001197815,0.16451586782932281,0.1879241168498993,0.5776461362838745,0.0522232393757885,0.030237999986250878
基础款/7070.mp4,基础款,eval_good,0.0,0.0,0.0,1.0786488999070345,1.0195452909672094,0.10117722779532161,0.07847161125112757,0.12674200534820557,0.12313631922006607,0.14129620790481567,0.19773349165916443,0.19470089673995972,0.22251611948013306,0.07141459554791475,0.10325458538580472
基础款/7287.mp4,基础款,eval_good,0.0,0.0,0.0,1.3674911660777385,1.306086997019374,0.036696519974661224,0.057517007201444356,0.14612972736358643,0.13447952270507812,0.15537649393081665,0.2619478702545166,0.24283242225646973,0.30335813760757446,0.16585396048412068,0.1444243218563621
基础款/6023.mp4,基础款,eval_good,0.0,0.0,0.0,1.3323442136498516,1.2379626125785212,0.018395748197931872,0.07430342871587521,0.15252871811389923,0.14079150557518005,0.16116487979888916,0.34424471855163574,0.3145928382873535,0.4520139694213867,0.13981612248746916,0.09085565383331494
星月款/7250.mp4,星月款,eval_good,0.0,0.0,0.1875,1.2046413502109705,1.1275303643724697,0.05530247183186961,0.005562274067460118,0.10073471069335938,0.098940409719944,0.12990641593933105,0.19351619482040405,0.1682838499546051,0.2765592336654663,0.03702259640495551,0.027382668653945914
星月款/6857.mp4,星月款,eval_good,0.0,0.0,0.1875,1.2745995423340961,1.197452229299363,0.11604154034442843,0.10310533928301743,0.1483432650566101,0.13828428089618683,0.15197348594665527,0.2975834608078003,0.2916922867298126,0.30881673097610474,0.019427560465804565,0.032783766088333624
星月款/6807.mp4,星月款,eval_good,0.0,0.0,0.0,1.3783396946564885,1.2940476190476191,0.14297529169836987,0.14475898086145475,0.13666824996471405,0.1291067749261856,0.16005432605743408,0.2209588587284088,0.19139496982097626,0.22517645359039307,0.09767517065941317,0.11036260389054263
星月款/7604.mp4,星月款,eval_good,1.0,16.0,0.0,1.462169312169312,1.3764460154241647,0.07366812007292428,0.0831202422401689,0.15749512612819672,0.15240080654621124,0.2656460404396057,0.3082936406135559,0.29045116901397705,0.5756832957267761,0.1567166788537402,0.17209243471250915
星月款/6232.mp4,星月款,eval_good,0.0,0.0,0.0,1.2619264902326441,1.1973816175943837,0.4658474613806753,0.6477935984024299,0.14105720818042755,0.13065701723098755,0.17065048217773438,0.19105719029903412,0.1819658875465393,0.2206464409828186,0.00943502942955008,0.03272479606409464
星月款/6957.mp4,星月款,eval_good,0.0,0.0,0.625,1.3127876707160642,1.259945403730745,0.040777571740486684,0.017316866019632185,0.11836114525794983,0.11613669991493225,0.12153786420822144,0.1995421051979065,0.19211283326148987,0.2182244062423706,0.04894838479026181,0.08365599825886687
星月款/6271.mp4,星月款,eval_good,0.0,0.0,0.0,1.2394525233977016,1.068749028144923,0.0636031375385019,0.16383033267992128,0.11661842465400696,0.1091550886631012,0.14224892854690552,0.18289586901664734,0.17538905143737793,0.20113396644592285,0.008534715633628643,0.08092355946297172
星月款/7529.mp4,星月款,eval_good,0.5,5.0,0.0,1.1950614862214044,1.0667455928468512,0.08627325527168976,0.07111766428013944,0.13642330467700958,0.12224629521369934,0.15039241313934326,0.2505526840686798,0.23640146851539612,0.2787665128707886,0.04500684740112967,0.082799879699182
星月款/6149.mp4,星月款,eval_good,0.0625,1.0,0.0,1.4405144694533762,1.359638942617666,0.05949485921603882,0.04084444920862502,0.10604478418827057,0.09764402359724045,0.11801385879516602,0.25389736890792847,0.24669314920902252,0.2696766257286072,0.1417958358698618,0.15980678973834178
星月款/7206.mp4,星月款,eval_good,0.0,0.0,0.0,1.0296159029649594,0.919661733615222,0.16908646284375536,0.10566909401068808,0.11163119971752167,0.09647645056247711,0.11931365728378296,0.18961653113365173,0.16075268387794495,0.20043712854385376,0.19401866141523152,0.23116174879655632
星月款/7227.mp4,星月款,eval_good,0.0,0.0,0.0,1.3804573804573805,1.2958984375,0.04927769108591708,0.037105072616248916,0.11942681670188904,0.11467783153057098,0.12656259536743164,0.19824852049350739,0.1835152506828308,0.2407311201095581,0.09921039500478335,0.11179183733944688
星月款/6486.mp4,星月款,eval_good,0.0,0.0,0.375,1.1943301049233253,1.129677159997526,0.07485008387991936,0.0860671409417866,0.15004225075244904,0.13903331756591797,0.15787088871002197,0.28783711791038513,0.2552468478679657,0.31623387336730957,0.04561903782117784,0.02548049860605971
星月款/7256.mp4,星月款,eval_good,0.0,0.0,0.0,1.2929517645869146,1.2492353440951571,0.0025344323899300055,0.005008799670054795,0.11212435364723206,0.10691925883293152,0.1268773078918457,0.22820989787578583,0.21551427245140076,0.2414306402206421,0.0337233096907919,0.07511924801712012
森林款/6824.mp4,森林款,eval_good,0.0,0.0,0.0,1.273799455559373,1.243506072874494,0.008596991191469483,0.008573124318315051,0.10367986559867859,0.09858565777540207,0.11149036884307861,0.2730536162853241,0.23783603310585022,0.28256720304489136,0.0028614185918776442,0.060434469161502434
森林款/5606.mp4,森林款,eval_good,0.0,0.0,0.0,1.1779594212294455,1.1421193989256817,0.0006425411941069931,0.038596157729334,0.12024939060211182,0.11596580594778061,0.1312606930732727,0.19316962361335754,0.1835850179195404,0.22880274057388306,0.07535907548619843,0.02461474053978619
森林款/5691.mp4,森林款,eval_good,0.0,0.0,0.0,1.3644288265900442,1.2527823389892356,0.07928988270629692,0.012396186435949226,0.10708664357662201,0.10196652263402939,0.12558305263519287,0.2648525834083557,0.2410603016614914,0.278586745262146,0.07159318605840893,0.06786655014151727
森林款/6412.mp4,森林款,eval_good,1.0,16.0,0.0,1.2261580248361033,1.1837307152875176,0.5722360383306742,0.5335715804623685,0.11775514483451843,0.11546000838279724,0.17613208293914795,0.27847152948379517,0.2566661238670349,0.5532276630401611,0.03525698909472439,0.011170675398958352
森林款/6755.mp4,森林款,eval_good,1.0,16.0,0.0,1.1733524355300862,1.1652421652421652,0.014367267423540657,0.0021416982653253095,0.11847157776355743,0.1168513372540474,0.13335055112838745,0.2703937590122223,0.26574552059173584,0.3039886951446533,0.07927773185793326,0.004571466205766987
潜水款/6193.mp4,潜水款,eval_good,0.0,0.0,0.3125,1.1072124756335282,1.0986460348162477,0.0056496658190768705,0.007836593978403722,0.1502426266670227,0.14595310389995575,0.15564507246017456,0.19591984152793884,0.1826457977294922,0.20583230257034302,0.059255429316430505,0.04168886485933265
潜水款/6935.mp4,潜水款,eval_good,0.0,0.0,0.0,,,,,,,,,,,,
潜水款/6938.mp4,潜水款,eval_good,0.0,0.0,0.3125,1.0774410774410774,1.0486322188449848,0.1442233865091201,0.10286977314935747,0.1494196355342865,0.1386238932609558,0.15460056066513062,0.24523907899856567,0.24516917765140533,0.3798253536224365,0.08651214587573967,0.08828074280606713
潜水款/6789.mp4,潜水款,eval_good,0.0,0.0,0.375,1.0215071741245136,1.0000653063593883,0.013933180508804781,0.029609197966529784,0.1499374955892563,0.14865636825561523,0.17876958847045898,0.2170134037733078,0.19924020767211914,0.2449762225151062,0.13982184448865745,0.13570210484503412
潜水款/6916.mp4,潜水款,eval_good,0.125,1.0,0.6875,,,,,0.15074867010116577,0.13918612897396088,0.1746315360069275,0.21407222747802734,0.20589973032474518,0.21613538265228271,,
潜水款/6226.mp4,潜水款,eval_good,0.0,0.0,0.0,,,,,,,,,,,,
潜水款/6109.mp4,潜水款,eval_good,0.0,0.0,0.5,1.2459300242805398,1.1387428192664604,0.058926194049365166,0.01519385480065403,0.14503641426563263,0.14325429499149323,0.15754246711730957,0.2274310290813446,0.22205770015716553,0.23012059926986694,0.0587812556329097,0.005842545303233553
潜水款/6838.mp4,潜水款,eval_good,0.0,0.0,0.75,1.2044089244089244,1.1956809977026583,0.0033155401425503284,0.00395749167117079,0.12904506921768188,0.12782327830791473,0.13103187084197998,0.22433383762836456,0.219324991106987,0.22903257608413696,0.024887924569207714,0.04294848655024384
潜水款/6955.mp4,潜水款,eval_good,0.0,0.0,0.25,1.2637609145737692,1.2098083471925238,0.13682510154201233,0.11430293035663536,0.13334199786186218,0.12532472610473633,0.14871937036514282,0.200851172208786,0.1903022974729538,0.279419481754303,0.07299112510423761,0.054694547241474885
潜水款/7036.mp4,潜水款,eval_good,0.0,0.0,0.0,1.108974358974359,1.094941924344687,0.30353280516621617,0.28431654218399016,0.14344418048858643,0.13420100510120392,0.2716464400291443,0.22807878255844116,0.22441980242729187,0.4923298954963684,0.0576654156185703,0.04506608433824883
潜水款/6719.mp4,潜水款,eval_good,0.0,0.0,0.3125,1.3597359735973598,1.32475884244373,0.06867210477287829,0.0706930866901612,0.14231443405151367,0.1379660964012146,0.152929425239563,0.22219222784042358,0.21074531972408295,0.23328566551208496,0.14618954097334488,0.1454630280982373
潜水款/6296.mp4,潜水款,eval_good,0.0,0.0,0.1875,1.1420289855072463,1.1067415730337078,0.297739094099716,0.31405811017058305,0.16541355848312378,0.14225374162197113,0.16999179124832153,0.2228991985321045,0.21866688132286072,0.236308753490448,0.02829451060023832,0.034347230626151755
潜水款/7427.mp4,潜水款,eval_good,0.0,0.0,0.25,1.2286374133949192,1.2004555808656037,0.12210983123452544,0.03639009339439401,0.1946553885936737,0.17684808373451233,0.19751566648483276,0.2534322440624237,0.2256678193807602,0.2680473327636719,0.044804758472342214,0.046933726394135976
潜水款/6512.mp4,潜水款,eval_good,0.0,0.0,0.8125,,,,,0.168133944272995,0.15555591881275177,0.17171096801757812,0.19830814003944397,0.19418196380138397,0.20455694198608398,,
甜品款/6985.mp4,甜品款,eval_good,0.0,0.0,0.0,1.1578277050730605,1.1199433926362858,0.01258012524680216,0.0203957938436665,0.11204884946346283,0.10787859559059143,0.11729449033737183,0.22068899869918823,0.20890316367149353,0.22493493556976318,0.1290676172613683,0.11940466806342578
甜品款/6592.mp4,甜品款,eval_good,0.0,0.0,0.0,1.4663461538461537,1.3987628384687207,0.005253635992418914,0.03519468545012506,0.11794471740722656,0.11278370767831802,0.12954086065292358,0.24308012425899506,0.226608544588089,0.2581983208656311,0.10716049820186861,0.1029053493276982
甜品款/7418.mp4,甜品款,eval_good,0.0,0.0,0.0,1.2475260919984539,1.209352552902349,0.11659038225618744,0.04923144537018799,0.13286136090755463,0.12627586722373962,0.16031289100646973,0.26876765489578247,0.2037535458803177,0.3294842839241028,0.05445073484979048,0.04259767364795855
甜品款/7078.mp4,甜品款,eval_good,0.0,0.0,0.0,1.233322190917339,1.1687986868678992,0.041750734957748545,0.04276067186203804,0.1406985968351364,0.1372992843389511,0.14680218696594238,0.17678608000278473,0.1682613492012024,0.1852242350578308,0.06590170215431299,0.07670635183779605
甜品款/6739.mp4,甜品款,eval_good,0.0,0.0,0.0,1.4074743248383417,1.3827235772357724,0.007831615423030366,0.009821769843154457,0.14035752415657043,0.12957297265529633,0.1484907865524292,0.3362932801246643,0.30828115344047546,0.3546264171600342,0.06618364048319193,0.09137235105461317
甜品款/6683.mp4,甜品款,eval_good,0.0,0.0,0.0,1.2651627277791042,1.2472241298158164,0.08959633757380406,0.03003452824427133,0.12762486934661865,0.12637200951576233,0.2069348692893982,0.17105457186698914,0.17320126295089722,0.3342887759208679,0.04041244623741487,0.011762424039459068
甜品款/5761.mp4,甜品款,eval_good,1.0,16.0,0.0,1.1121078037007242,1.0736567553468963,0.03113010976180031,0.006399425838177749,0.1473696529865265,0.14346715807914734,0.15741199254989624,0.28216272592544556,0.26138389110565186,0.3313627243041992,0.16935606180073975,0.16161245944774705
甜品款/5631.mp4,甜品款,eval_good,0.0,0.0,0.0,1.1547278374274093,1.141510580932152,0.01953940948514899,0.00917900379522087,0.10827036201953888,0.10300472378730774,0.11340367794036865,0.1495855748653412,0.14422863721847534,0.16056495904922485,0.13174852108859064,0.10033035353638663
甜品款/6493.mp4,甜品款,eval_good,0.0,0.0,0.0,1.169363063138137,1.1566688409510941,0.03684025270995866,0.04611607209856227,0.13347838819026947,0.12340221554040909,0.13895189762115479,0.2185284048318863,0.20384278893470764,0.33461081981658936,0.11915398860908309,0.08713862473039491
花花款/6083.mp4,花花款,eval_good,0.0,0.0,0.0,1.3126731377467553,1.2608499022822346,0.023401880097844427,0.03161072874463431,0.10493350028991699,0.09395968914031982,0.11147409677505493,0.15914581716060638,0.15300150215625763,0.1650223731994629,0.023882095457689642,0.02469897718324534
花花款/6121.mp4,花花款,eval_good,0.0,0.0,0.1875,1.0738255033557047,0.9090909090909091,0.5474688005529514,0.6475394854013472,0.14349210262298584,0.13766983151435852,0.1685362458229065,0.24320650100708008,0.2363286316394806,0.2835162878036499,0.22472020742673285,0.35179517618161926
花花款/6478.mp4,花花款,eval_good,0.0,0.0,0.0,1.092535705888153,1.078846153846154,0.01072806520626257,0.04001943204887096,0.12373152375221252,0.09878258407115936,0.1373978853225708,0.19105903804302216,0.16564390063285828,0.20741021633148193,0.20744638652640993,0.18059290243007092
花花款/6059.mp4,花花款,eval_good,0.0,0.0,0.0,1.325726200747771,1.279867132430915,0.025179905287761414,0.04514260099564283,0.12014897167682648,0.11299650371074677,0.17526620626449585,0.20902417600154877,0.1763439178466797,0.23320496082305908,0.013987331379676315,0.009728726621998475
花花款/7063.mp4,花花款,eval_good,0.0,0.0,0.0,1.210406723750702,1.114737497283092,0.1089495192354684,0.13186995367478804,0.1142256110906601,0.1064043790102005,0.14781349897384644,0.21024776995182037,0.18373531103134155,0.22921937704086304,0.10499127825611634,0.14786604762849667
花花款/6942.mp4,花花款,eval_good,0.0,0.0,0.0,1.088457340367473,0.9460161187997838,0.040073783774493735,0.029700766878863583,0.13628724217414856,0.1240813285112381,0.1636173129081726,0.2629503011703491,0.2572088837623596,0.26624518632888794,0.21118630700103705,0.31198066755230797
花花款/5824.mp4,花花款,eval_good,0.0,0.0,0.0,1.3387519372336305,1.2836372136512388,0.006651319249364183,0.012566500881578999,0.14227405190467834,0.13143128156661987,0.1938258409500122,0.29553771018981934,0.25647854804992676,0.34546154737472534,0.004209926889730055,0.0067873749178966915
花花款/5975.mp4,花花款,eval_good,0.1875,1.0,0.0,1.1958693456055673,0.9797817240103588,0.453218518693355,0.33866498295393516,0.1326753944158554,0.1384177953004837,0.276961088180542,0.33440864086151123,0.3236037492752075,0.6373984217643738,0.11707430995880003,0.2769104591046327
花花款/6921.mp4,花花款,eval_good,0.0,0.0,0.0,1.254325259515571,1.1906328320802007,0.008992834130803429,0.009439937978379312,0.09497098624706268,0.09339258074760437,0.12119156122207642,0.1766473352909088,0.17311309278011322,0.20075786113739014,0.06934993053280329,0.0820000389408985
花花款/6745.mp4,花花款,eval_good,0.0,0.0,0.0,1.2272727272727273,1.2185273159144894,0.02724703608429523,0.025566296359750565,0.1066802442073822,0.10274714231491089,0.117808997631073,0.1761511117219925,0.1643650382757187,0.18670451641082764,0.09115330406908743,0.058841984888906164
花花款/6842.mp4,花花款,eval_good,0.125,2.0,0.25,1.5458490642088434,1.2725186460126219,0.047619477749545475,0.17426721653111618,0.12319684028625488,0.11056750267744064,0.12907743453979492,0.2347758561372757,0.21145133674144745,0.31716668605804443,0.13962559880617256,0.015486873987003017
花花款/7219.mp4,花花款,eval_good,0.0,0.0,0.0,1.32232552944954,1.2393115140793158,0.0039310574882618805,0.021775632359848807,0.13779106736183167,0.1225200891494751,0.1515219807624817,0.16933943331241608,0.1652834117412567,0.19841629266738892,0.016555765469485423,0.04192900153912436
甜品款/5605.mp4,甜品款,bad,0.0,0.0,0.0,1.425860252978635,1.3789650491245025,0.002928133654753248,0.0027964120924651808,0.11775623261928558,0.11415724456310272,0.11987781524658203,0.20181377232074738,0.19877630472183228,0.20879346132278442,0.07916211917191252,0.08865044359849837
森林款/5610.mp4,森林款,bad,0.0,0.0,0.0,1.3691647229827941,1.3134321560675786,0.03887347262200995,0.003020742705884319,0.11264856159687042,0.10547339916229248,0.13715922832489014,0.2790221571922302,0.2621225416660309,0.2966794967651367,0.07505814970067595,0.11514327876494641
基础款/5612.mp4,基础款,bad,0.0,0.0,0.0,1.1312766168168764,1.1207325763694236,0.022810392258044522,0.010964747689356806,0.11545108258724213,0.11020589619874954,0.1213521957397461,0.2531416416168213,0.24255500733852386,0.2820073366165161,0.0237770904693178,0.008628762587178006
基础款/5625.mp4,基础款,bad,0.0,0.0,0.0,1.1803378200052785,1.1551567239635996,0.056502052879443966,0.04391796169898205,0.10284236073493958,0.10056354850530624,0.11579710245132446,0.15458330512046814,0.15303821861743927,0.17043840885162354,0.01867685074258679,0.021624706394575276
基础款/5634.mp4,基础款,bad,0.0,0.0,0.0,1.0825558818598262,1.0750646718404138,0.01329700368350383,0.009146938818120032,0.09291860461235046,0.08775343000888824,0.09947395324707031,0.13739760220050812,0.13336800038814545,0.147544264793396,0.06779903237513749,0.050230500495623415
基础款/5636.mp4,基础款,bad,0.0,0.0,0.0,1.506892646836781,1.2779726047808597,0.013435167216883167,0.015316870167022746,0.09858368337154388,0.09390881657600403,0.10167503356933594,0.19539090991020203,0.18970699608325958,0.2022395133972168,0.2629258458652769,0.12266359959960557
甜品款/5638.mp4,甜品款,bad,0.0,0.0,0.0,1.0932638990758399,1.0232048403260467,0.03555725730489277,0.08268434702375935,0.15030939877033234,0.1435876190662384,0.1663975715637207,0.3013406991958618,0.28047651052474976,0.3151625990867615,0.18644557393576303,0.20974310795611914
基础款/5641.mp4,基础款,bad,0.0,0.0,0.0,1.1778297631118813,1.1225054112554114,0.07738206130570482,0.060227270945438505,0.125880166888237,0.11655747890472412,0.13743054866790771,0.2714579403400421,0.26211225986480713,0.2825649380683899,0.016549726396523967,0.007048158777097611
星月款/5645.mp4,星月款,bad,0.0,0.0,0.0,1.357463209760061,1.231903866884104,0.008685663132290059,0.0027530706542659524,0.09412713348865509,0.08875391632318497,0.10237491130828857,0.18208004534244537,0.18265682458877563,0.21512627601623535,0.0824131866269276,0.06114844054697298
基础款/5650.mp4,基础款,bad,0.0,0.0,0.0,0.994321748456685,0.9794601757567304,0.030244418761825622,0.03958741595459706,0.08545777201652527,0.08353276550769806,0.09857863187789917,0.11617136001586914,0.11239862442016602,0.1195671558380127,0.15281826900419984,0.14336502026802164
基础款/5652.mp4,基础款,bad,0.0,0.0,0.0,1.3518784786641929,1.2772398897743353,0.0023072733128652943,0.0027822501014109348,0.08759817481040955,0.08627822250127792,0.09255391359329224,0.17313362658023834,0.16691747307777405,0.1787547469139099,0.15437125603383425,0.12209009346016016
基础款/5670.mp4,基础款,bad,0.0,0.0,0.0,1.2948570176221823,1.090035097571248,0.01781216818585548,0.0007982042995379605,0.11712212860584259,0.11090119928121567,0.12595152854919434,0.21935927867889404,0.21372728049755096,0.24916726350784302,0.11127644305076126,0.036401424787960275
冰晶款/5692.mp4,冰晶款,bad,0.0,0.0,0.1875,1.4765625,1.2197309417040358,0.02610716361325349,0.027985143419905257,0.16347026824951172,0.1619912087917328,0.17850500345230103,0.3005370497703552,0.28685760498046875,0.30468177795410156,0.23921874015890832,0.05737022483969766
基础款/5698.mp4,基础款,bad,0.0,0.0,0.0,1.383588498879761,1.3809433470966783,0.06823578184486769,0.07098506510178282,0.10316447913646698,0.09890102595090866,0.11853277683258057,0.24655240774154663,0.22777067124843597,0.25445932149887085,0.17755665068348322,0.20015553036680986
森林款/5699.mp4,森林款,bad,0.0,0.0,0.0,1.2707541705282668,1.2054753105403897,0.02633137585243973,0.03993430168124038,0.10325859487056732,0.10051006078720093,0.15560650825500488,0.2349090576171875,0.2204030603170395,0.30172592401504517,0.00046784633322913337,0.0293735389667615
基础款/5704.mp4,基础款,bad,0.0,0.0,0.0,1.0273477812177503,1.0053716701593198,0.16740758484299673,0.17647759859391068,0.11378675699234009,0.10872337222099304,0.1257648468017578,0.17952598631381989,0.17390699684619904,0.19484984874725342,0.12014332328893862,0.11725402591912822
基础款/5707.mp4,基础款,bad,0.0,0.0,0.0,1.3210589419629224,1.3070822329629443,0.1490246839170257,0.13004788059402117,0.13536083698272705,0.1315658688545227,0.145557701587677,0.20812904834747314,0.2050691545009613,0.21744602918624878,0.13130980884214774,0.1451860298852727
基础款/5719.mp4,基础款,bad,0.0,0.0,0.0,1.038545456942467,1.0209007921263011,0.0005582787035808512,0.006245814532189028,0.10575619339942932,0.09421487152576447,0.1122363805770874,0.14600764214992523,0.13786545395851135,0.15879571437835693,0.10930269979551767,0.10192595301494775
基础款/5739.mp4,基础款,bad,0.0,0.0,0.0,0.9516671071176885,0.8980719663036132,0.18979877532651004,0.2377349919106808,0.11291590332984924,0.10822437703609467,0.12778997421264648,0.20575164258480072,0.17846804857254028,0.22043490409851074,0.19666381764197818,0.23011639335839046
甜品款/5741.mp4,甜品款,bad,0.0,0.0,0.0,1.670832517341964,1.5995670995670996,0.009528186608887042,0.009708603347176796,0.2179233878850937,0.14611630141735077,0.26416289806365967,0.46960747241973877,0.33193379640579224,0.4898207187652588,0.23770881688634674,0.23705022006236898
森林款/5743.mp4,森林款,bad,0.0,0.0,0.0,1.171721628482095,1.1193063352044907,0.07098616586346719,0.09550205600079455,0.12617692351341248,0.11774058640003204,0.13446837663650513,0.2036682367324829,0.19521458446979523,0.22657346725463867,0.08066856836574955,0.04479124891557331
基础款/5746.mp4,基础款,bad,0.0,0.0,0.0,1.2076242579443603,1.1830153694933427,0.11428720184110656,0.10282800923264782,0.11197590827941895,0.1074967086315155,0.12619233131408691,0.19117657840251923,0.18680182099342346,0.21958935260772705,0.0415311714777026,0.04545525675853033
基础款/5753.mp4,基础款,bad,0.0,0.0,0.0,1.2138773176509026,1.1881006093988047,0.014688074662449358,0.02612970280371804,0.12454503774642944,0.10836541652679443,0.1332266926765442,0.1849360316991806,0.1697472333908081,0.1940186619758606,0.04669579632761196,0.049744585283488865
基础款/5759.mp4,基础款,bad,0.0,0.0,0.0,1.3251084908655983,1.3251084908655983,0.1725080294741125,0.18433285688973747,0.11336074769496918,0.10595104843378067,0.11835122108459473,0.1779497116804123,0.16040436923503876,0.17944252490997314,0.13437050108235105,0.15888301586750836
冰晶款/5762.mp4,冰晶款,bad,0.0,0.0,0.0,1.3817890623164457,1.3468379446640317,0.06342867322561595,0.09183686832998057,0.12260042130947113,0.11869028210639954,0.12650787830352783,0.27034080028533936,0.2659497857093811,0.28290867805480957,0.1728810705270727,0.15649951185294114
基础款/5763.mp4,基础款,bad,0.0,0.0,0.0625,1.0408163265306123,1.039301310043668,0.3080996292280483,0.3153554649821586,0.1161201000213623,0.10697795450687408,0.16676229238510132,0.18195247650146484,0.18725703656673431,0.33180058002471924,0.10711850028872416,0.08406265000003092
基础款/5782.mp4,基础款,bad,0.0,0.0,0.0,1.1855902444137738,1.165512263685057,0.1108411336001567,0.13358322530588776,0.11478102207183838,0.10941191762685776,0.11918562650680542,0.19152940809726715,0.18637552857398987,0.20933091640472412,0.02311691222746881,0.030549381573351506
基础款/5787.mp4,基础款,bad,0.0,0.0,0.0,0.9069090734194262,0.8483194927617551,0.1249968831333967,0.1567500198978246,0.1102428138256073,0.10505889356136322,0.12219363451004028,0.22134943306446075,0.2184734344482422,0.22688812017440796,0.24483691860797377,0.28710927393159374
基础款/5789.mp4,基础款,bad,0.0,0.0,0.0,1.081482692514423,1.0746594427244582,0.040205873171409695,0.04375775650583694,0.11382974684238434,0.10472968220710754,0.13025349378585815,0.15744122862815857,0.14002065360546112,0.16312986612319946,0.06879087184240978,0.050607506194177775
基础款/5798.mp4,基础款,bad,0.0,0.0,0.0,1.1995975855130785,1.1995975855130785,0.015272548517445446,0.015272548517445446,0.10134932398796082,0.09575922042131424,0.10566294193267822,0.1615142971277237,0.15850712358951569,0.1653139591217041,0.03486232024491895,0.0593748350300764
基础款/5802.mp4,基础款,bad,0.0,0.0,0.0,1.2700163640306776,1.2435728411338167,0.10387657412192346,0.137557181790648,0.13126249611377716,0.12082131206989288,0.13582414388656616,0.2529812455177307,0.23898550868034363,0.28377920389175415,0.09190595054859049,0.09537723993856698
基础款/5822.mp4,基础款,bad,0.0,0.0,0.0,1.125477255730349,1.1028304817039725,0.011729931165165245,0.028035708005810567,0.13585449755191803,0.1306309700012207,0.14902281761169434,0.20163235068321228,0.19320359826087952,0.20935046672821045,0.028916661889140844,0.024731280048855667
冰晶款/5825.mp4,冰晶款,bad,0.0,0.0,0.75,1.4730383428300096,1.390795363856899,0.05099565246367158,0.007830098518112519,0.12066332995891571,0.1171356737613678,0.12764328718185425,0.23340478539466858,0.23184102773666382,0.23663926124572754,0.23682915659508427,0.18861571771360824
基础款/5843.mp4,基础款,bad,0.0,0.0,0.0,1.2993493346830587,1.187285986049461,0.019796285246809427,0.022775709679444714,0.11837156116962433,0.11305873095989227,0.1257670521736145,0.23852331936359406,0.21707706153392792,0.2686842083930969,0.11473979248497249,0.0490586982932696
花花款/5857.mp4,花花款,bad,0.0,0.0,0.0,2.0294552393238194,1.687604899806196,0.5073894827654122,0.581239634570787,0.16464000940322876,0.13338562846183777,0.17009294033050537,0.219991073012352,0.21570058166980743,0.2587287425994873,0.4118196853120489,0.26682530830333984
基础款/5867.mp4,基础款,bad,0.0,0.0,0.0,1.1749771738546646,1.153769401330377,0.049279936615143446,0.035132522613640985,0.11637113988399506,0.1107262372970581,0.12934482097625732,0.21257661283016205,0.19547981023788452,0.2397173047065735,0.014124885998333541,0.020423002463924166
基础款/5887.mp4,基础款,bad,0.0,0.0,0.0,1.4365726227795192,1.2356558172767023,0.04259810048935708,0.1822488865267235,0.12781204283237457,0.12740565836429596,0.16410070657730103,0.23435643315315247,0.22665420174598694,0.3840222954750061,0.21513631862030114,0.08899053515317269
基础款/5894.mp4,基础款,bad,0.0,0.0,0.0,1.1844596694814278,1.132944760816657,0.07854292464686768,0.05387178456068248,0.10662658512592316,0.09843164682388306,0.12244099378585815,0.18729056417942047,0.1760977953672409,0.25209248065948486,0.02216286057524567,0.0022089059445128583
基础款/5903.mp4,基础款,bad,0.0,0.0,0.0,1.0647103451399582,1.0575485799701045,0.00909780531401557,0.012071876834055065,0.10151049494743347,0.0997108668088913,0.12307476997375488,0.14878900349140167,0.14543300867080688,0.154920756816864,0.08442104912772747,0.06665775072810186
花花款/5912.mp4,花花款,bad,0.0,0.0,0.0,1.3201778469235226,1.2844737338489107,0.007891465007444124,0.006415542616091863,0.13436032831668854,0.1303720325231552,0.15873205661773682,0.26646363735198975,0.26297351717948914,0.34936773777008057,0.018181256674611554,0.006135907559703442
基础款/5916.mp4,基础款,bad,0.0,0.0,0.0,1.0571620903053547,1.0508879609599036,0.011454194632150708,0.0036318626224768817,0.11306469142436981,0.11709935963153839,0.1784185767173767,0.18845364451408386,0.19748644530773163,0.36514538526535034,0.09153579038102065,0.0729758362265735
冰晶款/5924.mp4,冰晶款,bad,0.0,0.0,0.0625,1.151394422310757,1.0751445086705202,0.012997265319459671,0.0392705100333921,0.15900063514709473,0.14733193814754486,0.16877484321594238,0.21849286556243896,0.20541442930698395,0.23625749349594116,0.009524262000468681,0.06880499078075847
基础款/5927.mp4,基础款,bad,0.0,0.0,0.0,1.2211952157558852,1.1954172876304026,0.07129599080299182,0.06887324332288842,0.10186724364757538,0.09687652438879013,0.10429143905639648,0.25384968519210815,0.24583327770233154,0.2648282051086426,0.05270622931035294,0.05588399898173183
基础款/5943.mp4,基础款,bad,0.0,0.0,0.0,1.0347255574614065,1.0114672046408204,0.018162420324028795,0.03930999438681333,0.11128944158554077,0.10252951085567474,0.12336176633834839,0.17445027828216553,0.165298193693161,0.2511274218559265,0.11298760521975344,0.11120936551764825
潜水款/5960.mp4,潜水款,bad,0.0,0.0,0.0,1.0935403569469644,1.0734934894182189,0.1392886910027769,0.13374938781268267,0.14655745029449463,0.14151531457901,0.165258526802063,0.2335098385810852,0.21116472780704498,0.2705000042915344,0.07168053619735622,0.06484913557142896
冰晶款/5963.mp4,冰晶款,bad,0.0,0.0,0.0,1.2384136094006364,1.2211153448721261,0.1033764720153705,0.10748653942129231,0.14910945296287537,0.1462412029504776,0.16289430856704712,0.21918389201164246,0.21175450086593628,0.22202283143997192,0.06333320231492238,0.05850458821534818
基础款/5964.mp4,基础款,bad,0.0,0.0,0.0,1.3200124971597365,1.3019756838905776,0.08895379667585096,0.08480454951399644,0.10377337038516998,0.10021872818470001,0.11565399169921875,0.17344772815704346,0.16377407312393188,0.180830717086792,0.13051736919629411,0.14127154752741516
基础款/5972.mp4,基础款,bad,0.375,3.0,0.0,0.8867947770386795,0.7893106809168515,0.04028724272662697,0.0898123785037291,0.18930447101593018,0.145577073097229,0.2155361771583557,0.31999778747558594,0.27008235454559326,0.3672056198120117,0.2672655258319635,0.35920659033818925
基础款/5977.mp4,基础款,bad,0.0,0.0,0.0,1.7469160807461206,1.703934937977491,0.03736598514015926,0.004348946538028326,0.09329257905483246,0.09222728759050369,0.10327720642089844,0.275917112827301,0.25652700662612915,0.2851887345314026,0.4107281588885772,0.4103289256228172
基础款/5986.mp4,基础款,bad,0.0,0.0,0.0,1.068230277185501,1.0442186048569027,0.005107498675698237,0.010262132019955308,0.1324489861726761,0.11869704723358154,0.1510523557662964,0.1892002671957016,0.17889700829982758,0.20973044633865356,0.08112050226383798,0.07934246095079994
花花款/5996.mp4,花花款,bad,0.0625,1.0,0.0,1.2720058019063405,1.204642674478077,0.05452963462338813,0.0745354730497587,0.10844643414020538,0.10094928741455078,0.1150701642036438,0.18814624845981598,0.17999836802482605,0.2182462215423584,0.05535269056044971,0.07030200911292198
花花款/6011.mp4,花花款,bad,0.25,2.0,0.0625,1.0137404580152671,0.9910044977511244,0.04930175998091813,0.044575227939687385,0.12395146489143372,0.11891689151525497,0.1329176425933838,0.24528470635414124,0.243386909365654,0.2480161190032959,0.2823008028739187,0.26552120244123184
花花款/6012.mp4,花花款,bad,0.0,0.0,0.0,1.2437507547397657,1.2352304227304227,0.016202936301675044,0.0464147894970501,0.1022396981716156,0.09630882740020752,0.10781735181808472,0.17067208886146545,0.1603318452835083,0.18255746364593506,0.077816100398677,0.045227466591044076
基础款/6022.mp4,基础款,bad,0.0,0.0,0.0,1.222015136711836,1.222015136711836,0.005993779369434242,0.005993779369434242,0.10759130120277405,0.10367929935455322,0.11019468307495117,0.17514297366142273,0.17377594113349915,0.17876607179641724,0.053377412604826965,0.0778899273899843
基础款/6031.mp4,基础款,bad,0.0,0.0,0.0,1.1106327010937282,1.056832298136646,0.08388691306250749,0.0382832656844819,0.13096751272678375,0.12491722404956818,0.13348150253295898,0.25969165563583374,0.25541627407073975,0.2682971954345703,0.04219398098169654,0.06733528415481413
基础款/6040.mp4,基础款,bad,0.0,0.0,0.0,1.2077726985222241,1.1745523812148226,0.05046828800503995,0.05201566663144664,0.10542845726013184,0.10174781084060669,0.12225645780563354,0.21555186808109283,0.19040563702583313,0.22779780626296997,0.04165408343025209,0.03827580274055166
花花款/6043.mp4,花花款,bad,0.0,0.0,0.0,1.8402539988746884,1.8341123026186472,0.04227970407457786,0.035880482298458555,0.09277001023292542,0.08907027542591095,0.09848898649215698,0.18804186582565308,0.18013596534729004,0.19407719373703003,0.3139558882454324,0.3500756092892769
基础款/6045.mp4,基础款,bad,0.0,0.0,0.0,1.140708156837189,1.119082462253194,0.09196834268700693,0.06327310282578542,0.13494457304477692,0.11823009699583054,0.1444430947303772,0.30276185274124146,0.22677269577980042,0.32605576515197754,0.015474575146732164,0.010102200693728153
森林款/6060.mp4,森林款,bad,0.0,0.0,0.0,1.670441406515677,1.5492420744844568,0.09421395248234742,0.10122624595463738,0.11404600739479065,0.10967200994491577,0.1163712739944458,0.22356630861759186,0.2174142748117447,0.24377787113189697,0.27394519383375254,0.28026542835311324
潜水款/6066.mp4,潜水款,bad,0.0,0.0,0.25,,,,,0.15044334530830383,0.14969997107982635,0.1508094072341919,0.32124772667884827,0.31963157653808594,0.3217228055000305,,
基础款/6072.mp4,基础款,bad,0.0,0.0,0.0,1.5620501474926254,1.5620501474926254,0.02548955284589511,0.02548955284589511,0.09672325849533081,0.09511484205722809,0.10052824020385742,0.3224754333496094,0.30935847759246826,0.34026068449020386,0.2988753206685012,0.3233878354536586
潜水款/6098.mp4,潜水款,bad,0.0,0.0,0.0,,,,,,,,,,,,
潜水款/6108.mp4,潜水款,bad,0.0,0.0,0.0625,1.3258655804480652,1.3252032520325203,0.03951736516379545,0.03899053080270757,0.15685003995895386,0.15318647027015686,0.17075008153915405,0.34474512934684753,0.33830177783966064,0.360406756401062,0.12096451154723643,0.14579843636228978
基础款/6114.mp4,基础款,bad,0.0,0.0,0.0,1.119427127052543,1.1107493162312552,0.015927744510953645,0.005351728752388048,0.1266639083623886,0.10971730947494507,0.13826346397399902,0.19168232381343842,0.1766064316034317,0.2075812816619873,0.034306774156034676,0.01757647287551235
基础款/6124.mp4,基础款,bad,0.0,0.0,0.0,1.14356295878035,1.1413029468627336,0.02648421079944976,0.017419367954744774,0.09505677223205566,0.09454037994146347,0.11705666780471802,0.13061650097370148,0.12716144323349,0.1331668496131897,0.012975043974656441,0.009559225479715978
冰晶款/6131.mp4,冰晶款,bad,0.0,0.0,0.0,1.1536473919248653,1.1266953920465461,0.04025674462753259,0.04895552107810194,0.19165129959583282,0.1912100911140442,0.22027277946472168,0.2903172969818115,0.28222692012786865,0.29690951108932495,0.00756944251074213,0.02197115359507663
冰晶款/6145.mp4,冰晶款,bad,0.0,0.0,0.0,1.1067114015318698,1.0971532031280096,0.0061516131055358095,0.00022844028228729676,0.145366370677948,0.13734447956085205,0.1547287106513977,0.2156512439250946,0.2062721997499466,0.2234025001525879,0.049105094466853204,0.04854124200199106
基础款/6147.mp4,基础款,bad,0.0,0.0,0.0,1.274673101745328,1.2434236793476148,0.008257835484900292,0.014609481703385802,0.12001419067382812,0.11577907204627991,0.1784690022468567,0.18851013481616974,0.1878150999546051,0.4235265254974365,0.09556592004625093,0.09525728658507215
基础款/6156.mp4,基础款,bad,0.0,0.0,0.0,1.4872340425531916,1.3823529411764706,0.0080708579289988,0.0023177662106473973,0.12623290717601776,0.12181897461414337,0.18397873640060425,0.3668788969516754,0.3547092080116272,0.37500423192977905,0.24979421262728266,0.20117575697663126
星月款/6167.mp4,星月款,bad,0.0,0.0,0.0,1.2467121669510435,1.1566849816849816,0.029330500298747172,0.02027780476843749,0.12105880677700043,0.10981568694114685,0.1303134560585022,0.1880987286567688,0.18362756073474884,0.2026774287223816,0.0026946647192649916,0.0018542519182284032
基础款/6172.mp4,基础款,bad,0.0,0.0,0.0,1.112005063555451,1.100522799512565,0.04463536477746933,0.05537790461443981,0.12936538457870483,0.11376455426216125,0.15862059593200684,0.14977191388607025,0.14025074243545532,0.1895802617073059,0.040959085527339865,0.026825980934890442
基础款/6176.mp4,基础款,bad,0.0,0.0,0.0,1.1269651038762696,1.1125023625023625,0.03913658299450192,0.052071720808433405,0.14020371437072754,0.13203619420528412,0.15678930282592773,0.24898983538150787,0.24163861572742462,0.28876662254333496,0.02759556405418845,0.015999461463633433
基础款/6178.mp4,基础款,bad,0.0,0.0,0.0,1.4931480429309385,1.3961379904894233,0.12188339733236923,0.04732974408591101,0.13327547907829285,0.11950415372848511,0.25053107738494873,0.3518298268318176,0.24875524640083313,0.3933981657028198,0.25376283676353906,0.21109852639332735
基础款/6187.mp4,基础款,bad,0.0,0.0,0.0,1.2025917926565874,1.2,0.14559336531328812,0.10315677440855661,0.1317267119884491,0.1272554099559784,0.18075776100158691,0.2093820869922638,0.21541261672973633,0.38572704792022705,0.03735522003155233,0.05971023667668858
花花款/6188.mp4,花花款,bad,0.0,0.0,0.0,1.2038066351261139,1.0206752523494604,0.005325578946308831,0.24463506599565657,0.1747729629278183,0.1531619131565094,0.17976605892181396,0.3023844361305237,0.30401772260665894,0.39027857780456543,0.11045898478108494,0.23602057600715243
基础款/6196.mp4,基础款,bad,0.0,0.0,0.0,1.1596894409937888,1.1548295454545454,0.0074297304512415,0.0031984556513103488,0.11687001585960388,0.1122434139251709,0.1272341012954712,0.1573798656463623,0.15029115974903107,0.16538500785827637,0.0010284110903580356,0.021341433272502118
基础款/6198.mp4,基础款,bad,0.0,0.0,0.0,1.2222256721578604,1.2141858839972048,0.0327600102223654,0.015937699627931547,0.12796789407730103,0.11372976750135422,0.13375049829483032,0.14739808440208435,0.14887621998786926,0.20869320631027222,0.053549683230357144,0.07146247776523044
基础款/6199.mp4,基础款,bad,0.0,0.0,0.0,1.2461873638344225,1.2327875705427436,0.05187234665197474,0.051926401640428506,0.08381877839565277,0.08293143659830093,0.09404975175857544,0.19917826354503632,0.17536836862564087,0.2080743908882141,0.07296494641682923,0.08666660255744757
花花款/6207.mp4,花花款,bad,0.0,0.0,0.0,1.36680119281444,1.3483446078706562,0.026919535032527156,0.027439945528317803,0.11609610915184021,0.10801109671592712,0.12925857305526733,0.20475177466869354,0.18716946244239807,0.2223731279373169,0.01652539724942987,0.04239262726246905
基础款/6210.mp4,基础款,bad,0.0,0.0,0.0,1.0216751709140526,1.0075336246524034,0.018939860674319117,0.024636208362076344,0.09199008345603943,0.08720718324184418,0.0953570008277893,0.1294417679309845,0.1251717209815979,0.13648903369903564,0.12568023032070233,0.11510593149065881
基础款/6211.mp4,基础款,bad,0.0,0.0,0.0,1.0666751787538304,1.0606920652876535,0.014896595204110458,0.020398969838655443,0.13352960348129272,0.1226041167974472,0.15147483348846436,0.1620451956987381,0.15583643317222595,0.17183858156204224,0.08257733371497683,0.0636897332536003
基础款/6221.mp4,基础款,bad,0.0,0.0,0.0,1.229236220472441,1.2195032163062853,0.021758600306821453,0.011722298434627446,0.1384326070547104,0.13482286036014557,0.1909598708152771,0.24198460578918457,0.24187804758548737,0.2780066132545471,0.05926918264154009,0.0758322559506219
基础款/6222.mp4,基础款,bad,0.125,2.0,0.0,0.9736882716049383,0.9213826393000462,0.0374860603449903,0.030287123325357813,0.19554714858531952,0.1734144240617752,0.21266674995422363,0.33293354511260986,0.32855021953582764,0.3681100010871887,0.17378791115577838,0.20449118842904734
基础款/6227.mp4,基础款,bad,0.0,0.0,0.0,,,,,,,,,,,,
星月款/6230.mp4,星月款,bad,0.0,0.0,0.0,1.166451215758695,1.1211229946524064,0.053211678252219084,0.041243954145391074,0.14897820353507996,0.13431134819984436,0.16279494762420654,0.29593291878700256,0.2856494188308716,0.30810248851776123,0.06923849379947548,0.03308153463112251
基础款/6237.mp4,基础款,bad,0.0625,1.0,0.0,1.146150704512967,1.1270868949485717,0.028652288587270057,0.033818535235755,0.13234274089336395,0.11656894534826279,0.1455429196357727,0.29646041989326477,0.2620660066604614,0.33535945415496826,0.010714720445258199,0.0029749851494063288
基础款/6244.mp4,基础款,bad,0.0,0.0,0.0,1.0804663021441296,1.0530311429588437,0.11194349275147217,0.11058336364717952,0.11407648026943207,0.11062322556972504,0.12889355421066284,0.2393915057182312,0.21922893822193146,0.32806676626205444,0.06973112570379611,0.0709385119432821
基础款/6246.mp4,基础款,bad,0.0,0.0,0.0,1.1767160086267516,1.167390645371098,0.041889964789100675,0.012123268731867275,0.10905812680721283,0.10115216672420502,0.11808067560195923,0.2292444109916687,0.21480371057987213,0.2374163269996643,0.015603680172606185,0.03215972042171602
潜水款/6248.mp4,潜水款,bad,0.1875,1.0,0.0,1.5741935483870968,1.2905027932960893,0.19368897450489073,0.0009640533230895015,0.20006662607192993,0.19108735024929047,0.21706467866897583,0.4397476315498352,0.4318273961544037,0.4490004777908325,0.292642105507143,0.11926449560898346
潜水款/6251.mp4,潜水款,bad,0.0,0.0,0.0,,,,,,,,,,,,
花花款/6255.mp4,花花款,bad,0.0,0.0,0.0,1.4086752313855504,1.3853085165035903,0.005356131494142103,0.01820131765508725,0.1323833465576172,0.1178717240691185,0.1413511037826538,0.18404152989387512,0.17837560176849365,0.20922130346298218,0.0467019938103094,0.06943787405392308
基础款/6256.mp4,基础款,bad,0.375,3.0,0.0,1.2117076381535643,1.1570045558086561,0.041253269450493575,0.03188406739253407,0.1802539974451065,0.1706182360649109,0.18434327840805054,0.4020364284515381,0.366141140460968,0.4245336055755615,0.044906801000263265,0.023223065691236985
基础款/6272.mp4,基础款,bad,0.0,0.0,0.0,1.476731896257104,1.425379527774922,0.0016039557139217865,0.015762725583930045,0.11691288650035858,0.11573179066181183,0.12028336524963379,0.17177365720272064,0.16170938313007355,0.17712926864624023,0.24270763304843143,0.2318267934230502
基础款/6275.mp4,基础款,bad,0.0,0.0,0.0,1.1225430091300082,1.05557461406518,0.04376845046595573,0.04253938620525087,0.14091888070106506,0.13325205445289612,0.1654687523841858,0.20113791525363922,0.19629840552806854,0.20916014909744263,0.03152717951886695,0.06852604357981697
花花款/6277.mp4,花花款,bad,0.0,0.0,0.0,1.3657430373467507,1.3624203671924588,0.009540056574521288,0.031461522848397275,0.10796578228473663,0.10298438370227814,0.1353359818458557,0.15280026197433472,0.1415131390094757,0.16628384590148926,0.015750913521846058,0.052777803372650076
基础款/6285.mp4,基础款,bad,0.0,0.0,0.0,1.3044783173815433,1.1286375413204681,0.04735300993478991,0.049899433658554024,0.1192731112241745,0.1105528473854065,0.1354709267616272,0.2664405107498169,0.2583390772342682,0.28464001417160034,0.11867936915243227,0.0016001304985279157
森林款/6286.mp4,森林款,bad,0.0,0.0,0.0,1.2424242424242424,1.2259136212624584,0.006758865860733084,0.010668483329046258,0.14381001889705658,0.14079570770263672,0.16242361068725586,0.29865139722824097,0.29494744539260864,0.3164920210838318,0.022078207710802763,0.04618598050894857
基础款/6288.mp4,基础款,bad,0.0,0.0,0.0,1.1778791889839726,1.160707523667165,0.08424562285776278,0.07207222282906156,0.13467621803283691,0.11457982659339905,0.1586645245552063,0.16549579799175262,0.15707038342952728,0.1846122145652771,0.016591689026970828,0.026418433262578644
潜水款/6300.mp4,潜水款,bad,0.0,0.0,0.0625,1.0095969289827256,0.9887218045112782,0.0010987236170323848,0.0005543021457098987,0.1489066481590271,0.13955427706241608,0.15721940994262695,0.24307259917259216,0.24351181089878082,0.2779842019081116,0.15154983188246932,0.1471096856759895
基础款/6301.mp4,基础款,bad,0.0,0.0,0.0,1.4580977950363931,1.4449194203394178,0.045593011906288596,0.009677809496631135,0.11806833744049072,0.11594338715076447,0.13406890630722046,0.3392070531845093,0.3306088447570801,0.46482133865356445,0.23000887121953625,0.24544223542124238
花花款/6304.mp4,花花款,bad,0.0,0.0,0.0,1.3745173745173744,1.2882562277580072,0.023908478610634186,0.007172831096456882,0.1340928077697754,0.11638053506612778,0.16577887535095215,0.19539448618888855,0.1813374161720276,0.20802432298660278,0.022154952437392003,0.003195453885269006
基础款/6306.mp4,基础款,bad,0.0,0.0,0.0,1.1297894623771416,1.1004545269251151,0.031105900196530558,0.029593185499848355,0.10278013348579407,0.0961945503950119,0.11542278528213501,0.1381514072418213,0.1326407939195633,0.1483282446861267,0.02509253601765148,0.026888019363593692
基础款/6310.mp4,基础款,bad,0.0,0.0,0.0,1.0415727067723868,1.0316687184427913,0.016464622561748153,0.02088874832026416,0.21259307861328125,0.19330629706382751,0.22966039180755615,0.2448209524154663,0.23485751450061798,0.27100223302841187,0.10639204594907685,0.09143371385325794
潜水款/6316.mp4,潜水款,bad,0.0,0.0,0.0,,,,,,,,,,,,
星月款/6318.mp4,星月款,bad,0.625,8.0,0.0,1.3829405239745216,1.2696969696969695,0.06537134656518298,0.0535091120565015,0.10898491740226746,0.10292470455169678,0.12382251024246216,0.15405802428722382,0.1374742090702057,0.168687105178833,0.10100756231210381,0.09136587406830413
基础款/6322.mp4,基础款,bad,0.0,0.0,0.0,1.1116866920881598,1.0988085472088753,0.07245986133866189,0.08452500689014575,0.1108529269695282,0.10463941097259521,0.14598298072814941,0.17956949770450592,0.15864676237106323,0.21607810258865356,0.041245430492786256,0.02838486623282326
花花款/6325.mp4,花花款,bad,0.0,0.0,0.0,1.3831714495952907,1.3358523359288097,0.012192043038408705,0.020640389940623408,0.11524789035320282,0.10502254962921143,0.13401758670806885,0.15172404050827026,0.1430840790271759,0.16841715574264526,0.028431297622562173,0.03308454562920685
冰晶款/6330.mp4,冰晶款,bad,0.0,0.0,0.0625,1.0771428571428572,1.0589887640449438,0.31631924017855967,0.39954376782059364,0.1731301248073578,0.16364869475364685,0.21279746294021606,0.23727265000343323,0.21610087156295776,0.3368179202079773,0.07618597801656556,0.0839456134002005
基础款/6332.mp4,基础款,bad,1.0,16.0,0.0,2.908596778100775,2.8861359570661893,0.2923273813836322,0.32639158563995607,0.13504934310913086,0.13010607659816742,0.15416491031646729,0.36341214179992676,0.34512558579444885,0.37952637672424316,0.9205469231436505,0.9373072482953547
基础款/6344.mp4,基础款,bad,0.0,0.0,0.0,1.231205894562059,1.1149897330595482,0.10471012161795167,0.053715914251500435,0.13868474960327148,0.1347748339176178,0.1618395447731018,0.2148185521364212,0.20170876383781433,0.22031033039093018,0.06087025628464145,0.013766123265920449
基础款/6349.mp4,基础款,bad,0.0,0.0,0.0,1.6812227074235808,1.6645021645021645,0.003764882034595709,0.02578078567393626,0.14728498458862305,0.1452070027589798,0.15761280059814453,0.26044994592666626,0.24662357568740845,0.29705309867858887,0.37239749583112114,0.3869147583066391
基础款/6351.mp4,基础款,bad,0.0,0.0,0.0,1.681439537365323,1.681439537365323,0.13830525725389456,0.15606569864832276,0.11414097249507904,0.11171622574329376,0.13394242525100708,0.24807921051979065,0.2134857177734375,0.2618553042411804,0.37252645909074017,0.39703897387589754
基础款/6354.mp4,基础款,bad,0.0,0.0,0.0,1.1987242930251725,1.1274926045448432,0.13805102821254,0.09890849293776768,0.17792536318302155,0.16988886892795563,0.18491339683532715,0.381102591753006,0.35741928219795227,0.40236228704452515,0.034134067265769785,0.0026150869060826004
基础款/6370.mp4,基础款,bad,0.0,0.0,0.0,1.2186029677886356,1.1930098643032396,0.103115451979429,0.1021862126068528,0.1087518185377121,0.10798926651477814,0.15953105688095093,0.2352965921163559,0.2169117033481598,0.30753660202026367,0.05058125933523467,0.053868091449861315
基础款/6373.mp4,基础款,bad,0.0,0.0,0.0,1.269406392694064,1.2547917556382568,0.03228478736554876,0.06121012149748247,0.09957824647426605,0.09735902398824692,0.11346107721328735,0.16439644992351532,0.16248995065689087,0.18579310178756714,0.09142554897171284,0.10435830693593816
基础款/6382.mp4,基础款,bad,0.125,1.0,0.0,2.291227152398519,2.291227152398519,0.02889457792729968,0.019321022945007867,0.12562809884548187,0.11272339522838593,0.14182418584823608,0.3111145794391632,0.2917492389678955,0.35790425539016724,0.6819637135441404,0.7064762283292978
森林款/6383.mp4,森林款,bad,0.0,0.0,0.0,1.321562598158343,1.2726218097447797,0.04835957522110679,0.08501607720085656,0.13283762335777283,0.11856938898563385,0.17277365922927856,0.3917415738105774,0.35173743963241577,0.49186837673187256,0.03967211001049903,0.0835787908288344
基础款/6390.mp4,基础款,bad,0.0,0.0,0.0,1.2488938714499254,1.2268969954957185,0.011731013391478367,0.00907018479058004,0.1450207382440567,0.13909290730953217,0.15723413228988647,0.19358114898204803,0.1862688809633255,0.1996833086013794,0.07513442181407973,0.0818768938364086
基础款/6402.mp4,基础款,bad,0.0,0.0,0.0,1.7149725132247693,1.1538439868157873,0.003311273004705349,0.0011404336246255836,0.1671273112297058,0.16184264421463013,0.16982704401016235,0.3913487195968628,0.36269015073776245,0.3953298330307007,0.3922732183128548,0.020487645428659277
冰晶款/6405.mp4,冰晶款,bad,0.0,0.0,0.0,,,,,,,,,,,,
基础款/6406.mp4,基础款,bad,0.0,0.0,0.0,1.3017150395778363,1.2847876082251082,0.021220280110373965,0.02500144912047084,0.2155863642692566,0.2107006311416626,0.2285214066505432,0.38417521119117737,0.36125996708869934,0.40825825929641724,0.11655882131832578,0.12798209914084405
基础款/6418.mp4,基础款,bad,0.0,0.0,0.0,1.107337920272379,1.099624060150376,0.008307907614058783,0.01936833366859654,0.13812504708766937,0.12731482088565826,0.147946298122406,0.33148884773254395,0.2754542827606201,0.4098471999168396,0.0451649700589495,0.027642962227053883
基础款/6419.mp4,基础款,bad,0.0,0.0,0.0,1.0674689459891442,1.0553301917346807,0.07595023763100732,0.09881723751272076,0.180155411362648,0.1587727963924408,0.30281978845596313,0.37379270792007446,0.2626331150531769,0.43945425748825073,0.08183345961321077,0.06875762420905254
基础款/6422.mp4,基础款,bad,0.0,0.0,0.0,1.3599552572706934,1.3599552572706934,0.039616691582905816,0.039616691582905816,0.10674028098583221,0.09927289187908173,0.11992734670639038,0.19275817275047302,0.1848086267709732,0.19875454902648926,0.1603279652386846,0.1848404800238419
潜水款/6424.mp4,潜水款,bad,0.0,0.0,0.0,,,,,,,,,,,,
基础款/6426.mp4,基础款,bad,0.0,0.0,0.0,1.0271189556903844,1.0271189556903844,0.005854372570481218,0.0058296575722110895,0.10196840763092041,0.09248670935630798,0.11832857131958008,0.13346755504608154,0.12574546039104462,0.1478571891784668,0.12036608233799145,0.095853567552834
花花款/6429.mp4,花花款,bad,0.0,0.0,0.0,1.2053158386059537,1.1537749147652767,0.013130680728294495,0.026674046570319264,0.12118488550186157,0.11860479414463043,0.12715667486190796,0.22757793962955475,0.20562399923801422,0.24399864673614502,0.10920607738951688,0.11344589517940658
基础款/6434.mp4,基础款,bad,0.0,0.0,0.0,1.3814437984496124,1.3465098039215686,0.011082776580952277,0.013885198522323361,0.10542793571949005,0.10106144845485687,0.13381236791610718,0.20565523207187653,0.20294716954231262,0.24151313304901123,0.1760053481093115,0.17490459416664145
星月款/6437.mp4,星月款,bad,0.125,1.0,0.75,1.7623464912280702,1.412172003968673,0.1884197988616314,0.12491468790795361,0.26550742983818054,0.2565211355686188,0.2743437886238098,0.4855339527130127,0.44861000776290894,0.4858769178390503,0.34344167036965506,0.19771655610063213
潜水款/6462.mp4,潜水款,bad,0.0,0.0,0.0,,,,,,,,,,,,
基础款/6463.mp4,基础款,bad,0.0,0.0,0.0,1.0460545609367435,1.0108991915525491,0.00878709603526615,0.03923417186339539,0.13832516968250275,0.1261511892080307,0.15865778923034668,0.21038471162319183,0.19698119163513184,0.24589216709136963,0.10209830911265337,0.11177109667010052
基础款/6467.mp4,基础款,bad,0.0,0.0,0.0,1.2845036907536906,1.262719321401545,0.03160540971255345,0.006409777589184345,0.18219944834709167,0.16957077383995056,0.22871136665344238,0.28122997283935547,0.2779008150100708,0.32809609174728394,0.10324857596112577,0.11065626688456949
基础款/6470.mp4,基础款,bad,0.0,0.0,0.0,1.0880921545511038,1.0814982270520868,0.035831976478566376,0.04917955482119256,0.14828670024871826,0.134721577167511,0.16413092613220215,0.26195964217185974,0.24970073997974396,0.26934754848480225,0.06269798918141282,0.044263993049208215
潜水款/6473.mp4,潜水款,bad,0.0,0.0,0.0,1.1917098445595855,1.1794871794871795,0.012408676177051315,0.011150642427106651,0.11756019294261932,0.1158982664346695,0.1188122034072876,0.23074200749397278,0.22912395000457764,0.23117053508758545,0.014288117151497578,0.029312341287393587
基础款/6474.mp4,基础款,bad,0.0,0.0,0.0,1.1443113189168128,1.1240513820232543,0.030661803055384015,0.03646062439119937,0.0836910605430603,0.0792393907904625,0.0919983983039856,0.16185912489891052,0.14900733530521393,0.17377513647079468,0.01232084704570111,0.005671856146778283
基础款/6475.mp4,基础款,bad,0.0,0.0,0.0,1.2502893124574541,1.2174473252440232,0.05621022541623203,0.02615305085321163,0.14375914633274078,0.1294824481010437,0.14976555109024048,0.2432989776134491,0.21853822469711304,0.2807672619819641,0.07625113959733833,0.0741449902347643
基础款/6483.mp4,基础款,bad,0.0,0.0,0.0,0.8891454308403461,0.8852332916532026,0.07205003151108509,0.07187534873589117,0.1531657874584198,0.14706864953041077,0.1870579719543457,0.36277925968170166,0.3407498598098755,0.3685164451599121,0.264618302503184,0.24451538244173318
甜品款/6487.mp4,甜品款,bad,0.0,0.0,0.0,1.3226950354609928,1.3215130023640662,0.0031973498004592097,0.002112736420118126,0.12632615864276886,0.1291862428188324,0.19483155012130737,0.26426368951797485,0.2606862187385559,0.3558990955352783,0.004058150001476941,0.046094484304727186
潜水款/6495.mp4,潜水款,bad,0.0,0.0,0.0,,,,,,,,,,,,
基础款/6496.mp4,基础款,bad,0.0,0.0,0.0,1.1773571889675076,1.1523341523341524,0.015118547554836045,0.017788061487118142,0.11992108821868896,0.11605044454336166,0.12307846546173096,0.19801576435565948,0.18202881515026093,0.21889913082122803,0.016148421395833064,0.019178262886418516
基础款/6497.mp4,基础款,bad,0.0,0.0,0.0,1.2200098923949692,1.1909979335804035,0.07304463230894354,0.0535795175744324,0.1573733389377594,0.14398543536663055,0.1763032078742981,0.21725325286388397,0.20198461413383484,0.21986138820648193,0.05173513233033441,0.05218023522534363
基础款/6505.mp4,基础款,bad,0.0,0.0,0.0,,,,,,,,,,,,
冰晶款/6507.mp4,冰晶款,bad,0.0,0.0,0.0,1.0245371446277791,0.9766619967193033,0.007070377488295147,0.03477398163286669,0.16549986600875854,0.15247483551502228,0.18427419662475586,0.21680216491222382,0.2024458944797516,0.24544757604599,0.12625706659427408,0.16487471716281768
基础款/6508.mp4,基础款,bad,0.0,0.0,0.0,1.0429186525753495,1.038702928870293,0.007161102652689458,0.01198972163337937,0.12756501138210297,0.11167468130588531,0.13576573133468628,0.21246486902236938,0.18819719552993774,0.2233758568763733,0.10510065562118832,0.08463856912349466
星月款/6509.mp4,星月款,bad,0.0,0.0,0.0625,1.317391304347826,1.1766990291262136,0.05954748573350307,0.037048415001097575,0.09030893445014954,0.08488192409276962,0.1152147650718689,0.15624096989631653,0.14749161899089813,0.1764068603515625,0.05244901222028432,0.015300694012270874
基础款/6513.mp4,基础款,bad,0.0,0.0,0.0,1.2361111111111112,1.2361111111111112,0.01568125157814186,0.01568125157814186,0.1175025999546051,0.11419174075126648,0.188055157661438,0.22448314726352692,0.20106658339500427,0.2734125852584839,0.06484641581366114,0.08935893059881858
星月款/6515.mp4,星月款,bad,0.0,0.0,0.0,1.2599384959463236,1.1447731277606135,0.035833242696687924,0.07315082000502822,0.11110804975032806,0.10246765613555908,0.11904603242874146,0.21304166316986084,0.2023899257183075,0.23956191539764404,0.007858422665103754,0.012205915713550735
基础款/6516.mp4,基础款,bad,0.0,0.0,0.0,0.9211822660098522,0.8677494199535963,0.029226463357401977,0.04966024615680987,0.13240714371204376,0.11560426652431488,0.1507604718208313,0.2599506974220276,0.255485475063324,0.26966387033462524,0.22922119708962418,0.2644636128064818
基础款/6517.mp4,基础款,bad,0.0,0.0,0.0,1.1169001531470464,1.109549267213568,0.012025527996214449,0.014273267597926931,0.10486459732055664,0.09703707695007324,0.11833840608596802,0.14545319974422455,0.13942140340805054,0.16584807634353638,0.0365667072198318,0.018657452833335714
基础款/6521.mp4,基础款,bad,0.1875,3.0,0.0,1.733260602446649,1.6251425489289568,0.04971083299288274,0.0180699091905837,0.12366782128810883,0.1134025976061821,0.13814246654510498,0.32961711287498474,0.31331169605255127,0.3470727205276489,0.4028805410095646,0.3629842142348681
潜水款/6523.mp4,潜水款,bad,0.0,0.0,0.1875,,,,,0.1275964379310608,0.1275964379310608,0.1275964379310608,0.26947838068008423,0.26947838068008423,0.26947838068008423,,
基础款/6524.mp4,基础款,bad,0.0,0.0,0.0,,,,,,,,,,,,
基础款/6528.mp4,基础款,bad,0.0,0.0,0.0,1.169648407148407,0.9457208822738277,0.24216239210527868,0.13910545091038504,0.22547049820423126,0.17364898324012756,0.25776147842407227,0.5532422065734863,0.36510348320007324,0.5680146217346191,0.009579362035288835,0.17841912403397192
基础款/6529.mp4,基础款,bad,0.0,0.0,0.0,1.2592967443213499,1.1531318014398124,0.08001860154916429,0.09319016437357314,0.10098610818386078,0.09583324939012527,0.10551786422729492,0.1962411254644394,0.18948319554328918,0.22331368923187256,0.08342959081567143,0.019870226379682186
基础款/6538.mp4,基础款,bad,0.0,0.0,0.0,1.0783582392428386,1.0597222222222222,0.025768608229961715,0.037266467429540664,0.10380639135837555,0.09811942279338837,0.11090987920761108,0.14527301490306854,0.13577398657798767,0.17312079668045044,0.07168409921406378,0.06460450084291001
基础款/6539.mp4,基础款,bad,0.0,0.0,0.0,1.1473580912908568,1.1379314063848145,0.02069393685554127,0.0181138678446403,0.10334073007106781,0.10178974270820618,0.1096380352973938,0.11774438619613647,0.11733794212341309,0.13557922840118408,0.009661847317729495,0.006600738185705523
甜品款/6542.mp4,甜品款,bad,0.0,0.0,0.0,1.1971600272353191,1.1696593435580511,0.10003296691957365,0.0898280801098153,0.13303963840007782,0.11971606314182281,0.1393182873725891,0.23267097771167755,0.2201002836227417,0.24626916646957397,0.09566109080906439,0.07597026274163574
基础款/6545.mp4,基础款,bad,0.0,0.0,0.0,1.262613221714107,1.1736453201970443,0.09602452916825163,0.012608911782254973,0.13061843812465668,0.1176164299249649,0.14420384168624878,0.29277968406677246,0.26232534646987915,0.31120824813842773,0.0860597238095222,0.0375032433752581
基础款/6546.mp4,基础款,bad,0.8125,13.0,0.0,0.9140337786190078,0.8507890068162719,0.02347127971110823,0.07249090172773491,0.24040018022060394,0.2155720591545105,0.24663013219833374,0.3985902667045593,0.3520110249519348,0.4044056534767151,0.2370115861997251,0.2842024368531871
基础款/6549.mp4,基础款,bad,0.0,0.0,0.0,1.0380530973451327,1.0105279503105589,0.048354414750531524,0.04818407634503442,0.10603383183479309,0.09666642546653748,0.1270817518234253,0.15033505856990814,0.15091343224048615,0.23318266868591309,0.1097768979553342,0.1121384027564549
基础款/6550.mp4,基础款,bad,0.0,0.0,0.0,1.1588445852405242,0.9708510591879922,0.2030689692094303,0.2800605386283712,0.13090448081493378,0.11939193308353424,0.13597208261489868,0.33319365978240967,0.3234501779079437,0.3607397675514221,0.0002996266247440338,0.1521935316691742
冰晶款/6551.mp4,冰晶款,bad,0.0,0.0,0.0,1.1494598765432098,1.1324836205472666,0.11781554664565615,0.11771677525881333,0.19924624264240265,0.1775919795036316,0.2226983904838562,0.2876017093658447,0.28391575813293457,0.30108803510665894,0.01120585150778975,0.01684695481864159
冰晶款/6556.mp4,冰晶款,bad,0.0,0.0,0.0,1.331129973474801,1.291616718612643,0.15189952910836022,0.11833427103189678,0.16784973442554474,0.1609412133693695,0.17578649520874023,0.27993321418762207,0.27522873878479004,0.31431078910827637,0.13553017465965206,0.11463463393215735
星月款/6563.mp4,星月款,bad,0.0,0.0,0.0,1.153778917111191,1.1445054945054944,0.0779576938749843,0.07168425403904054,0.1831754744052887,0.16640357673168182,0.1982285976409912,0.24814996123313904,0.22988465428352356,0.26897287368774414,0.08016191426005322,0.012439730203176617
基础款/6568.mp4,基础款,bad,0.0,0.0,0.0,1.1814601425072366,1.17926369168357,0.01997386438784149,0.0608320337012055,0.1428382843732834,0.13272777199745178,0.16328811645507812,0.29111942648887634,0.2799447476863861,0.3584696650505066,0.01962724752016939,0.042278933498791936
基础款/6570.mp4,基础款,bad,0.0,0.0,0.0,1.1578269135504946,1.1540438995451847,0.04201854639571965,0.03936082429259609,0.10685184597969055,0.09948056936264038,0.11687493324279785,0.3129273056983948,0.2847404479980469,0.32639116048812866,0.0005789370870469583,0.0206608884454272
基础款/6578.mp4,基础款,bad,0.0,0.0,0.0,1.137330754352031,1.1307692307692307,0.014644442644233903,0.014580576554902934,0.08474332094192505,0.0825357586145401,0.08747559785842896,0.11951743066310883,0.11593617498874664,0.12238222360610962,0.018439761512225546,0.0002868162058879388
基础款/6579.mp4,基础款,bad,0.0,0.0,0.0,1.2283236994219653,1.2201074711128872,0.03137436267590358,0.010429519879845082,0.1178705096244812,0.10587729513645172,0.12535852193832397,0.19015255570411682,0.1853020042181015,0.21158725023269653,0.05852655896426923,0.07632762582424517
基础款/6581.mp4,基础款,bad,0.0,0.0,0.0,1.180821917808219,1.1136950904392764,0.082317934421338,0.09924737331179909,0.13273607194423676,0.12437014281749725,0.13473016023635864,0.18329189717769623,0.1812569499015808,0.2653995752334595,0.019086901618832818,0.014927923043300102
基础款/6590.mp4,基础款,bad,0.0,0.0,0.0,1.1330052286205565,1.129224889874267,0.12330845706451353,0.06927179305905887,0.11976903676986694,0.11594852805137634,0.13638979196548462,0.29540833830833435,0.2696722745895386,0.3665772080421448,0.02225023802116851,0.0010798609206009236
基础款/6597.mp4,基础款,bad,0.0,0.0,0.0,1.1907401464538903,1.173913043478261,0.01080376408112364,0.0034337787002156634,0.1354178935289383,0.12468179315328598,0.1404949426651001,0.21067538857460022,0.19780826568603516,0.22363442182540894,0.027451250686705904,0.03773132995791338
花花款/6598.mp4,花花款,bad,0.0,0.0,0.0,1.4277566539923954,1.3779816513761467,0.004748437818503084,0.009596231132659245,0.10205793380737305,0.09807530045509338,0.11060851812362671,0.13132241368293762,0.13363884389400482,0.16960662603378296,0.060156722311324205,0.06413486072359618
基础款/6602.mp4,基础款,bad,0.0,0.0,0.0,1.3353658536585367,1.2507082152974505,0.0909138021804873,0.10485973269093861,0.11390608549118042,0.10808886587619781,0.1285855770111084,0.24070897698402405,0.20524078607559204,0.25481945276260376,0.14208146708987898,0.10109864299345206
基础款/6608.mp4,基础款,bad,0.0,0.0,0.0,1.240567735474078,1.151049472720491,0.12122549407434816,0.0169654058630114,0.21049806475639343,0.19866718351840973,0.22485965490341187,0.38779956102371216,0.36985766887664795,0.4199928045272827,0.06844529112142092,0.018062791079728847
潜水款/6609.mp4,潜水款,bad,0.0,0.0,0.0,,,,,,,,,,,,
基础款/6610.mp4,基础款,bad,0.0,0.0,0.0,1.1581277258086886,1.134185268267569,0.11592327757487493,0.12700921980536653,0.10173611342906952,0.09628447890281677,0.10499715805053711,0.1858222782611847,0.15676909685134888,0.20019102096557617,0.0003191632082555166,0.0033032477412330906
基础款/6614.mp4,基础款,bad,0.0,0.0,0.0,1.2332469771494161,1.1956482593037214,0.07275784574145427,0.022719967776583364,0.15124726295471191,0.12703566253185272,0.20050746202468872,0.37844526767730713,0.2872323989868164,0.4813031554222107,0.0625266751007337,0.05607719458386276
基础款/6616.mp4,基础款,bad,0.0,0.0,0.0,0.9157284825740992,0.8717253590399371,0.2638341181852275,0.3112496742517059,0.16202062368392944,0.14643435180187225,0.2782289981842041,0.30613988637924194,0.23310430347919464,0.3815019726753235,0.23515920955427744,0.25989218002866826
基础款/6617.mp4,基础款,bad,0.0,0.0,0.0,1.0483926627910063,1.032929116977087,0.07721071913690133,0.0836792323934953,0.10752236843109131,0.10003437101840973,0.12116527557373047,0.18404635787010193,0.16179943084716797,0.18895971775054932,0.09986564094224214,0.0902127509429509
潜水款/6620.mp4,潜水款,bad,0.0,0.0,0.0,,,,,,,,,,,,
基础款/6629.mp4,基础款,bad,0.0,0.0,0.0,1.3031165311653117,1.2304019846392729,0.06231781218471996,0.13621305432061256,0.1086835265159607,0.09753178060054779,0.12107038497924805,0.2039576768875122,0.1880122572183609,0.22063058614730835,0.11763489221554012,0.0847296126539858
基础款/6630.mp4,基础款,bad,0.0,0.0,0.0,1.488712915078933,1.1201777674047708,0.12505162486084498,0.01230819077220722,0.17389526963233948,0.16382499039173126,0.19195109605789185,0.4282929301261902,0.40169835090637207,0.45720696449279785,0.2507880963681774,0.00912392650797487
基础款/6636.mp4,基础款,bad,0.0,0.0,0.0,1.1809867215106817,1.1709668835094398,0.06792805872530724,0.06424886051957635,0.11743056774139404,0.11280687153339386,0.1263645887374878,0.3174634575843811,0.27877354621887207,0.331562340259552,0.019226458820874093,0.03521848357701217
基础款/6638.mp4,基础款,bad,1.0,16.0,0.0,1.5512885344743752,1.2824497257769654,0.1545978176561083,0.2259576449213128,0.10400056838989258,0.09670545160770416,0.1275879144668579,0.23172597587108612,0.24564704298973083,0.43673187494277954,0.2919620632439372,0.1261607770032685
甜品款/6639.mp4,甜品款,bad,0.0,0.0,0.0,1.1702524942868289,1.0648330058939095,0.02407216359726228,0.05429569361983252,0.1484493762254715,0.13950523734092712,0.17252904176712036,0.16586202383041382,0.16616278886795044,0.22013211250305176,0.11839366609479925,0.16986482491497057
基础款/6641.mp4,基础款,bad,0.0,0.0,0.0,1.1027894049121874,1.1027894049121874,0.015448745958492422,0.013524565761957085,0.10200674831867218,0.10066463053226471,0.1119953989982605,0.19668032228946686,0.18510669469833374,0.2025541067123413,0.04928104222377332,0.024768527438615965
冰晶款/6650.mp4,冰晶款,bad,1.0,16.0,0.0,1.160919540229885,1.1477272727272727,0.004423155716396944,0.001671310104890261,0.2507014572620392,0.23611800372600555,0.261496365070343,0.4974694848060608,0.4550623297691345,0.5020567178726196,0.0012856127944411975,0.0034763676331278012
基础款/6652.mp4,基础款,bad,0.1875,2.0,0.0,1.1949215927386128,1.1581475630448774,0.020629462952342786,0.01417872402397296,0.10616782307624817,0.10329901427030563,0.11963176727294922,0.16964395344257355,0.1632615625858307,0.18034595251083374,0.03095673555740314,0.024210480142133017
冰晶款/6654.mp4,冰晶款,bad,0.6875,4.0,0.0625,4.206896551724138,1.3863636363636365,0.7153576634224824,0.025016825088677364,0.3711176812648773,0.30687952041625977,0.3742724657058716,0.6354185938835144,0.5325915217399597,0.6373128890991211,1.2862272037656655,0.18542416025886943
星月款/6661.mp4,星月款,bad,0.0,0.0,0.0,1.2024432809773125,1.188793103448276,0.06792520154747994,0.01918388320673176,0.09021534025669098,0.09132152795791626,0.13361859321594238,0.2498837113380432,0.22457580268383026,0.30250227451324463,0.038848930066970204,0.025526202299584033
基础款/6664.mp4,基础款,bad,0.0,0.0,0.0,1.1468977041557689,1.1434285714285712,0.02497214608120318,0.025508059534751635,0.11434996128082275,0.11154353618621826,0.1389991044998169,0.1713322252035141,0.16572792828083038,0.18270069360733032,0.010063186298484201,0.011419947548907615
基础款/6667.mp4,基础款,bad,0.0,0.0,0.0,0.9477791243750947,0.9272411295332931,0.05754640128656526,0.07218250966913899,0.0981452614068985,0.09483221918344498,0.1071966290473938,0.1385217308998108,0.12697991728782654,0.14621847867965698,0.20075762994170884,0.19815294919951845
潜水款/6669.mp4,潜水款,bad,0.0,0.0,0.125,1.1465767997559904,1.1420289476239198,0.005725409874812168,0.005249572330504075,0.11111977696418762,0.1074138954281807,0.11452043056488037,0.14689300954341888,0.1573859006166458,0.2522132992744446,0.02432019552670696,0.0029609499774298133
基础款/6678.mp4,基础款,bad,0.0,0.0,0.0,1.075966799419362,0.9921448701804881,0.03881433233462894,0.028584370790947652,0.1159713864326477,0.10703215003013611,0.12821155786514282,0.24833756685256958,0.21951216459274292,0.25465232133865356,0.07390422919708696,0.13049746398871695
基础款/6681.mp4,基础款,bad,0.0,0.0,0.0,1.346911391191834,1.3269581056466302,0.08457345808227022,0.06893288857953184,0.09278126060962677,0.08882710337638855,0.10698401927947998,0.19546014070510864,0.18384315073490143,0.2216988205909729,0.15069027802488225,0.1602778640084629
甜品款/6689.mp4,甜品款,bad,0.0,0.0,0.0,1.4578133634926551,1.4270073891625616,0.12385182479731907,0.12525090033355057,0.1232643723487854,0.1212119460105896,0.15270686149597168,0.21383142471313477,0.20902380347251892,0.28361374139785767,0.10132441811001827,0.12289670678691296
基础款/6690.mp4,基础款,bad,0.0,0.0,0.0,1.299375976282317,1.2766211812627293,0.013620030510008268,0.017471519780087243,0.10009890794754028,0.09431757032871246,0.10690426826477051,0.20210859179496765,0.17837774753570557,0.2225911021232605,0.11476029607505712,0.12160556551874079
基础款/6694.mp4,基础款,bad,0.0,0.0,0.0,1.0982986767485823,1.0910807741680655,0.2244768389073907,0.23901971915511513,0.0915968120098114,0.09006057679653168,0.1054498553276062,0.1596720814704895,0.1601867377758026,0.20796090364456177,0.053361509908811555,0.0354425791892636
冰晶款/6699.mp4,冰晶款,bad,0.1875,2.0,0.0625,1.2232558139534884,1.2203791469194314,0.003307136939096401,0.0012902254616622244,0.20773053169250488,0.19467028975486755,0.21846860647201538,0.3450096547603607,0.3027225434780121,0.35550403594970703,0.05101799306898487,0.057901516631543685
基础款/6702.mp4,基础款,bad,0.0,0.0,0.0,1.0156572078898622,0.9976525821596244,0.0018326502055448066,0.005985677434437768,0.11239689588546753,0.10699757933616638,0.1770365834236145,0.1665230691432953,0.1735537201166153,0.29475629329681396,0.13158793648542075,0.12496149746221966
冰晶款/6703.mp4,冰晶款,bad,0.0,0.0,0.0,1.2699017309772809,1.2112013985561203,0.0670499480227263,0.02886463622529122,0.24246282875537872,0.23149731755256653,0.2804234027862549,0.3585423529148102,0.35104361176490784,0.38605600595474243,0.08844150931237094,0.05035268839056068
基础款/6707.mp4,基础款,bad,0.0,0.0,0.0,1.3482142857142856,1.3044163438900283,0.002066403561699054,0.02351359620945727,0.1489158570766449,0.13818144798278809,0.17922097444534302,0.2442217320203781,0.22815626859664917,0.27139395475387573,0.15165713061740627,0.1431443745517594
潜水款/6708.mp4,潜水款,bad,0.0,0.0,0.9375,,,,,0.14613968133926392,0.14613968133926392,0.14613968133926392,0.32517868280410767,0.32517868280410767,0.32517868280410767,,
星月款/6711.mp4,星月款,bad,0.0,0.0,0.0,1.4427673796791445,1.3070539419087137,0.030124534436363593,0.009181860340155936,0.12588247656822205,0.12021304666996002,0.1306329369544983,0.20512336492538452,0.19764403998851776,0.20926809310913086,0.14335857638719468,0.12036331394167056
基础款/6721.mp4,基础款,bad,0.0,0.0,0.0,1.1461701829256077,1.0978638527859994,0.04813087301094582,0.059636829267605086,0.11519955098628998,0.10722646117210388,0.13014137744903564,0.20210842788219452,0.19600319862365723,0.2117111086845398,0.010697725954872684,0.029244980359188398
花花款/6724.mp4,花花款,bad,0.0,0.0,0.0,1.2336418767954038,1.2201019374902025,0.1657323131721116,0.15324288968530697,0.18322964012622833,0.1581348478794098,0.29352569580078125,0.28695234656333923,0.2467269003391266,0.3730480670928955,0.08597704664576991,0.05755058580284237
基础款/6725.mp4,基础款,bad,0.0,0.0,0.0,1.0846952785897777,1.0785431555799891,0.025801735030134134,0.025801345917151323,0.09164023399353027,0.0919751524925232,0.1495090126991272,0.12985318899154663,0.13389259576797485,0.22342056035995483,0.06582473658154143,0.0470001196247688
森林款/6727.mp4,森林款,bad,0.0,0.0,0.0,1.47429718875502,1.3403186156367493,0.03428338637564772,0.006546446883672318,0.13416694104671478,0.1288163661956787,0.14449822902679443,0.3133646249771118,0.30307847261428833,0.3524700999259949,0.14903868108945062,0.13540695977987563
潜水款/6730.mp4,潜水款,bad,0.0,0.0,0.0,,,,,,,,,,,,
基础款/6731.mp4,基础款,bad,0.0,0.0,0.0,1.0235475051264524,0.9754721756040385,0.15929298828154795,0.033710889926540054,0.15290310978889465,0.13491249084472656,0.1579735279083252,0.23947791755199432,0.21581929922103882,0.25004416704177856,0.12384929547200388,0.1474449626577539
基础款/6735.mp4,基础款,bad,0.0,0.0,0.0,1.288520438718067,1.2740286298568506,0.001878701412734042,0.0007155810317067632,0.11606165766716003,0.1143200621008873,0.13966971635818481,0.16285739839076996,0.1554388701915741,0.2076382040977478,0.10637077849421175,0.11957270919531496
基础款/6736.mp4,基础款,bad,0.0,0.0,0.0,1.11732168355205,1.104164129625871,0.013409722460206969,0.014958099192556116,0.12233707308769226,0.11572083830833435,0.17010408639907837,0.16020892560482025,0.1455972045660019,0.16764181852340698,0.03618936742028153,0.02352271517299911
潜水款/6738.mp4,潜水款,bad,0.0,0.0,0.0,,,,,,,,,,,,
冰晶款/6752.mp4,冰晶款,bad,0.0,0.0,0.0,1.318206441445878,1.291025035427492,0.22213373001171227,0.21561167405662313,0.17482386529445648,0.1663280427455902,0.18721431493759155,0.30338430404663086,0.29671376943588257,0.34347444772720337,0.12577404519014015,0.11417643395565852
星月款/6754.mp4,星月款,bad,0.0,0.0,0.0,1.2216370071703504,1.0527003621476934,0.05749776790947952,0.0010977892253652654,0.13862697780132294,0.12530440092086792,0.15430426597595215,0.2189929187297821,0.19923990964889526,0.32308053970336914,0.023012715886126776,0.09605375510027711
基础款/6758.mp4,基础款,bad,0.5,8.0,0.0,1.1268252128785208,1.1205357142857142,0.007180984128337193,0.0019137478543452802,0.11014936864376068,0.10122134536504745,0.11855959892272949,0.1595419943332672,0.15775495767593384,0.24099212884902954,0.0277197024861344,0.008804432840522082
基础款/6762.mp4,基础款,bad,0.0,0.0,0.0,1.2772052622701975,1.2621951219512195,0.0008866128280166785,0.00931359892357698,0.17838957905769348,0.17623400688171387,0.19250857830047607,0.345342218875885,0.3396350145339966,0.3588799834251404,0.0975504671090236,0.11024104532390462
基础款/6763.mp4,基础款,bad,0.0,0.0,0.0,1.5892514874416004,1.3902777777777777,0.0032949993439751984,0.00927579883474313,0.1511949747800827,0.14028410613536835,0.17012393474578857,0.2761724889278412,0.25237715244293213,0.2880631685256958,0.3161393078708624,0.20689224718785365
基础款/6765.mp4,基础款,bad,0.0,0.0,0.0,1.4341389877421906,1.2442657342657342,0.008877059313297119,0.05197222121026995,0.12876567244529724,0.12132591009140015,0.14397203922271729,0.234988272190094,0.21994027495384216,0.24693387746810913,0.21344082568997283,0.09593426414157154
基础款/6766.mp4,基础款,bad,0.0,0.0,0.0,1.1914225941422594,1.1447237642723813,0.2698001110608505,0.29878173645563993,0.10562679171562195,0.1004609689116478,0.12780457735061646,0.2751520872116089,0.2669259309768677,0.2918197512626648,0.028024215493357395,0.012552033871946894
基础款/6769.mp4,基础款,bad,0.0,0.0,0.0,1.2914723517654898,1.1943269581823799,0.07060065116329955,0.05493115482015162,0.100020632147789,0.0982908308506012,0.1242644190788269,0.17041677236557007,0.17500273883342743,0.3836449384689331,0.10865909057509854,0.054971491690970375
基础款/6770.mp4,基础款,bad,0.0,0.0,0.0,1.1579778830963665,1.1442488262910797,0.027166244887537837,0.0196653114119834,0.10109399259090424,0.09457401931285858,0.10733705759048462,0.1708485186100006,0.1543622761964798,0.1795392632484436,0.0004485551599481133,0.012137054688643992
冰晶款/6771.mp4,冰晶款,bad,0.0,0.0,0.0,1.0194766179453774,0.9823943661971831,0.08782862973906562,0.11959087485403375,0.18477895855903625,0.1692568063735962,0.2007150650024414,0.2824409008026123,0.2458149790763855,0.3061564564704895,0.13120863503727614,0.15902252633602118
冰晶款/6772.mp4,冰晶款,bad,0.0,0.0,0.0,,,,,,,,,,,,
森林款/6776.mp4,森林款,bad,1.0,16.0,0.0,1.292150994260537,1.191486258295793,0.1629199008604253,0.30434764051842106,0.15213491022586823,0.1266954243183136,0.18463844060897827,0.23641598224639893,0.2222527265548706,0.29122644662857056,0.017165554205880937,0.017701085594393363
基础款/6777.mp4,基础款,bad,0.0,0.0,0.0,1.1424860441512306,1.1061465573204214,0.012832698617128427,0.032142344089063274,0.1345837414264679,0.13148856163024902,0.14155268669128418,0.22058948874473572,0.20482631027698517,0.23812681436538696,0.013917206375725254,0.02172891465632686
基础款/6802.mp4,基础款,bad,0.0,0.0,0.0,1.3165977961432507,1.2650876017011834,0.014167377662269911,0.019548331611419972,0.1527368128299713,0.14717137813568115,0.1726880669593811,0.2836061716079712,0.26986491680145264,0.31878936290740967,0.1279271472478079,0.11253005002118899
基础款/6804.mp4,基础款,bad,0.0,0.0,0.0,1.1914704439538877,1.0817041612755123,0.12445041893198674,0.07242794249793863,0.1313490867614746,0.11809574067592621,0.15257364511489868,0.2071177214384079,0.1656416803598404,0.22248172760009766,0.028064376600775803,0.04407359549310444
潜水款/6805.mp4,潜水款,bad,0.0,0.0,0.0,1.1057148561438346,1.1044321344552293,0.03419405931139818,0.03301235902360146,0.1401715874671936,0.131672203540802,0.1586359143257141,0.17625471949577332,0.1710144430398941,0.2215735912322998,0.060608948428266106,0.03643611166739396
星月款/6808.mp4,星月款,bad,1.0,16.0,0.0,1.190721649484536,1.190721649484536,0.055690049794336505,0.055690049794336505,0.22654184699058533,0.22358237206935883,0.22928214073181152,0.4492710828781128,0.44821077585220337,0.46649354696273804,0.04864493290742392,0.027147160065157876
基础款/6809.mp4,基础款,bad,0.0,0.0,0.0,1.207545500505561,1.1744025953473651,0.021667256692422577,0.015824356482072657,0.19568324089050293,0.18812228739261627,0.20369207859039307,0.3067116141319275,0.28979063034057617,0.3205298185348511,0.04146595251033897,0.038148268693151716
基础款/6810.mp4,基础款,bad,0.1875,3.0,0.0,1.3404967980241733,1.2313139260424864,0.20361247395523463,0.09448353375162165,0.2171839475631714,0.15517506003379822,0.2441759705543518,0.39843863248825073,0.2702346444129944,0.42853015661239624,0.1459164551456863,0.08547051166753367
基础款/6811.mp4,基础款,bad,0.0,0.0,0.0,1.1747366392600207,1.1743413847651496,0.0038753036244375677,0.004301612079092315,0.11007286608219147,0.10582008957862854,0.1321926712989807,0.15247872471809387,0.1479342132806778,0.2153913378715515,0.013920150771309878,0.03809614672264526
潜水款/6816.mp4,潜水款,bad,0.0,0.0,0.125,1.0968570438599023,1.0938300292678464,0.01630669232623744,0.025079854849861163,0.16550812125205994,0.15265272557735443,0.1835547685623169,0.20982478559017181,0.2052886188030243,0.21956807374954224,0.06865214559888756,0.0460820834428169
基础款/6818.mp4,基础款,bad,0.0,0.0,0.0,1.1408094856914148,1.109448315086023,0.026131220307007545,0.02761785213763419,0.19971100986003876,0.19488325715065002,0.2115442156791687,0.40079063177108765,0.3779727816581726,0.4265187978744507,0.015385749312205606,0.01874844178115605
冰晶款/6819.mp4,冰晶款,bad,0.0,0.0,0.125,1.190738384422595,1.1701540527171224,0.1306736242489265,0.14523263355525154,0.14722225069999695,0.14217130839824677,0.17517763376235962,0.26062607765197754,0.2560259699821472,0.2886318564414978,0.024075594828730344,0.015875339134876966
冰晶款/6820.mp4,冰晶款,bad,0.0,0.0,0.6875,1.153386454183267,1.122093023255814,0.1276652626476824,0.11480314431027067,0.17250293493270874,0.1669054925441742,0.1831405758857727,0.3275499939918518,0.31189650297164917,0.34395819902420044,0.00779565309985084,0.02606435790474832
基础款/6823.mp4,基础款,bad,0.0,0.0,0.0,1.2322905047330934,1.2305833333333334,0.026994453554324876,0.02731688119168331,0.14069536328315735,0.1332108974456787,0.14628326892852783,0.21928392350673676,0.18540535867214203,0.24132150411605835,0.06175080170896218,0.08487699158637062
星月款/6829.mp4,星月款,bad,0.0,0.0,0.5625,1.2647058823529411,1.2273809523809525,0.004494619303309965,0.0014101257047069954,0.16421198844909668,0.16604642570018768,0.22844982147216797,0.248896986246109,0.2452714890241623,0.2653311491012573,0.01163510671151175,0.05747020078629316
基础款/6831.mp4,基础款,bad,0.125,2.0,0.0,1.0946422442038255,1.0933940774487472,0.025481393914218668,0.02855162652813303,0.12300492823123932,0.12914374470710754,0.21928220987319946,0.21094031631946564,0.21516598761081696,0.39110827445983887,0.056696242639866626,0.03332462929050072
基础款/6835.mp4,基础款,bad,0.125,2.0,0.0,1.1870967741935483,1.1870967741935483,0.040023816446425,0.03471217211185903,0.09853537380695343,0.09234576672315598,0.11490952968597412,0.13507413864135742,0.12964874505996704,0.1877681016921997,0.024386805787315623,0.048899320572472905
基础款/6847.mp4,基础款,bad,0.0,0.0,0.0,1.3758004544515594,1.2738853503184713,0.11397275699267033,0.15761902721933763,0.1205071359872818,0.11336936801671982,0.14755022525787354,0.2485615462064743,0.21385110914707184,0.28865134716033936,0.17191187552533863,0.1194602410824625
基础款/6848.mp4,基础款,bad,0.0,0.0,0.0,1.4719947592531937,1.428246013667426,0.006823024404314061,0.03725207629914412,0.1357729583978653,0.12462541460990906,0.1572437286376953,0.22369910776615143,0.2153879851102829,0.3392377495765686,0.23949462510797337,0.23383580744048338
基础款/6851.mp4,基础款,bad,0.125,1.0,0.0,1.0932850095640791,1.075708491697064,0.18439340402961818,0.15212996296436623,0.11280544102191925,0.10429252684116364,0.1350814700126648,0.19013045728206635,0.18857675790786743,0.28968048095703125,0.05793690072070611,0.04963181357987125
潜水款/6855.mp4,潜水款,bad,0.0,0.0,0.125,1.1484294718999948,1.128929224059827,0.1975985033296385,0.19788676082845938,0.13111311197280884,0.12207942456007004,0.13801848888397217,0.16846176981925964,0.15147952735424042,0.17195558547973633,0.022705670486552847,0.014497814921982707
基础款/6859.mp4,基础款,bad,0.0,0.0,0.0,1.2063294637921502,1.1886539287247746,0.04803755182066685,0.04381169847815985,0.12077336013317108,0.11332565546035767,0.15752571821212769,0.16839680075645447,0.1514270007610321,0.17449873685836792,0.040458413317740576,0.05021019443840246
基础款/6860.mp4,基础款,bad,0.0,0.0,0.0,1.1692871048484286,1.1481094127111826,0.10714996891500123,0.090353951734572,0.11413468420505524,0.10772787034511566,0.1355012059211731,0.1953180730342865,0.17674191296100616,0.23943305015563965,0.009270416105827281,0.015505280478368369
基础款/6862.mp4,基础款,bad,0.0,0.0,0.0,1.2548984034833093,1.20461569416499,0.0225882440507592,0.01797892692938538,0.14445342123508453,0.14094828069210052,0.1708064079284668,0.3446701169013977,0.33035358786582947,0.36463624238967896,0.0799307810046669,0.06354926995348081
基础款/6872.mp4,基础款,bad,0.0,0.0,0.0,1.776102565557952,1.5488945733601316,0.09221186306646449,0.05100252555070386,0.1414177566766739,0.13583001494407654,0.15932011604309082,0.2869427800178528,0.2764813303947449,0.33929526805877686,0.42729755887726256,0.3149301779038067
森林款/6874.mp4,森林款,bad,0.0,0.0,0.0,1.2672176308539944,1.2585522868478178,0.0009417716967469566,0.006507368334318117,0.1402241438627243,0.13389885425567627,0.16951751708984375,0.27649229764938354,0.272291362285614,0.2820552587509155,0.0023190577303404394,0.0724616829064131
基础款/6878.mp4,基础款,bad,0.0,0.0,0.0,1.1009576726747075,1.0929251300166813,0.0008845920276411098,0.004416562554595791,0.10683967173099518,0.1058468371629715,0.14526301622390747,0.16542810201644897,0.16127029061317444,0.18456673622131348,0.050943422338028045,0.033753612796345776
星月款/6879.mp4,星月款,bad,0.0,0.0,0.0,1.3167457858069054,1.1885307278425594,0.010531238320883806,0.023513953212922416,0.11062008142471313,0.10550606995820999,0.11880385875701904,0.2263321727514267,0.22461265325546265,0.23706769943237305,0.051958894559927735,0.025305470396484977
基础款/6883.mp4,基础款,bad,0.0,0.0,0.0,1.1354953814517335,1.1281008895591547,0.022887909958449207,0.023193351279008918,0.09632463753223419,0.0938381776213646,0.1176113486289978,0.204172745347023,0.19941137731075287,0.28523004055023193,0.02005481976092822,0.002075729942474025
基础款/6884.mp4,基础款,bad,1.0,16.0,0.0,1.444555412371134,1.3794820717131475,0.053124768179175524,0.029664219575580058,0.10953867435455322,0.10355605185031891,0.12307673692703247,0.24754451215267181,0.22615370154380798,0.2554662227630615,0.2206777662213321,0.19909679825249837
甜品款/6886.mp4,甜品款,bad,0.0,0.0,0.0,0.9827327554855134,0.9670710571923744,0.03863828681791163,0.057907228791230454,0.1177457720041275,0.10881709307432175,0.14036959409713745,0.19559918344020844,0.1859833151102066,0.2300693392753601,0.2930312607420975,0.2661661139308825
潜水款/6888.mp4,潜水款,bad,0.0,0.0,0.3125,1.1573033707865168,1.1495535714285714,0.04130806814320997,0.05106342342768187,0.14364957809448242,0.1369103342294693,0.1711631417274475,0.19861268997192383,0.18637022376060486,0.23083168268203735,0.015008384369316449,0.0036062591766959865
基础款/6899.mp4,基础款,bad,0.0625,1.0,0.0,0.8824219587660448,0.7611060140678394,0.09698028147058835,0.05407128495489469,0.3895210027694702,0.34756743907928467,0.4063066244125366,0.48239630460739136,0.4657882750034332,0.49124664068222046,0.2722087609805982,0.39559394204695
基础款/6901.mp4,基础款,bad,0.0,0.0,0.0,1.1399650457619037,1.135783340562544,0.06810164315364757,0.06168944092963805,0.10762515664100647,0.08928519487380981,0.10899126529693604,0.29657524824142456,0.2830955982208252,0.31219327449798584,0.016126234578461265,0.0047112606562780875
森林款/6903.mp4,森林款,bad,0.0,0.0,0.0,1.2805385556915545,1.2421926910299004,0.00026046929714695303,0.023672992172999528,0.1292584240436554,0.119447723031044,0.135265052318573,0.3296493887901306,0.3048853874206543,0.34339457750320435,0.008138023127877479,0.05937771845148943
基础款/6904.mp4,基础款,bad,0.0,0.0,0.0,1.085686600221484,1.0804058802035024,0.024936919988302875,0.031080661598627133,0.13442151248455048,0.1373695433139801,0.2604154348373413,0.20894283056259155,0.2273411899805069,0.43700259923934937,0.06491123678657826,0.04527453457866505
星月款/6908.mp4,星月款,bad,0.0,0.0,0.0,1.086233660130719,0.9411572243884669,0.1495432901854022,0.09532138009317596,0.10409362614154816,0.08378785848617554,0.1550043225288391,0.13967430591583252,0.13041329383850098,0.16554296016693115,0.14048812933889931,0.2080574625060816
基础款/6912.mp4,基础款,bad,0.0,0.0,0.0,0.9457789665970773,0.9150753912737566,0.046681109951879934,0.029602369793227785,0.10992027819156647,0.10621377825737,0.1422896385192871,0.1995067447423935,0.18922372162342072,0.23491257429122925,0.20287022266485102,0.211360142383443
花花款/6915.mp4,花花款,bad,0.0,0.0,0.0,1.505650949856697,1.5005567592079407,0.00021151629859633526,0.0073838934282775825,0.1705956757068634,0.15891291201114655,0.1899421215057373,0.3399397134780884,0.3169368505477905,0.37339335680007935,0.1132776127955665,0.14935121566857873
森林款/6924.mp4,森林款,bad,0.0,0.0,0.0,1.5389221556886228,1.4238227146814404,0.07280363698405251,0.07520663688001404,0.11026966571807861,0.10772519558668137,0.11672258377075195,0.3165890574455261,0.3053657114505768,0.32131367921829224,0.19193955952983444,0.19584490833958124
基础款/6926.mp4,基础款,bad,0.0,0.0,0.0,1.1163434733327207,1.0946666431016303,0.009535891013950274,0.007540617714662943,0.1006302535533905,0.09477496147155762,0.10603171586990356,0.15165798366069794,0.15116305649280548,0.18313616514205933,0.03706524649181708,0.03216143872232839
潜水款/6927.mp4,潜水款,bad,0.0,0.0,0.75,1.097694432639184,1.0873684132160033,0.09503896296094398,0.10747278194884217,0.13124573230743408,0.12246865034103394,0.13604867458343506,0.20605327188968658,0.2032664269208908,0.21512526273727417,0.0678889930104061,0.05200693175396996
基础款/6928.mp4,基础款,bad,0.1875,3.0,0.0,1.306429341679598,1.2674635922330098,5.767888581062829e-05,0.0032862536245375175,0.16070061922073364,0.15476910769939423,0.17976868152618408,0.2740812301635742,0.25876283645629883,0.2979329824447632,0.12017388747017672,0.11440641187687
基础款/6939.mp4,基础款,bad,0.0,0.0,0.0,1.3577769478280857,1.1245454545454545,0.06571268681846072,0.16638325225044276,0.16984981298446655,0.15067681670188904,0.174346923828125,0.3459893763065338,0.3080202341079712,0.36173033714294434,0.15872493024870887,0.005232406511240037
基础款/6943.mp4,基础款,bad,0.0,0.0,0.0,,,,,,,,,,,,
冰晶款/6946.mp4,冰晶款,bad,0.0,0.0,0.0625,1.19,1.169291338582677,0.03668137618844816,0.041161945506595854,0.17256686091423035,0.16201244294643402,0.18956732749938965,0.22139683365821838,0.20971116423606873,0.2672969698905945,0.02345529614232089,0.01513780178798218
基础款/6947.mp4,基础款,bad,0.0,0.0,0.0,0.9794369733080892,0.9628653130623916,0.020582341682292126,0.0032619385314862762,0.10063523054122925,0.09482643753290176,0.11869031190872192,0.1694570630788803,0.1556580662727356,0.18292319774627686,0.16790122435065274,0.16045305890799302
基础款/6949.mp4,基础款,bad,0.0,0.0,0.0,1.0880361173814899,1.0524017467248907,0.03687154438738551,0.0566558047730986,0.08349776268005371,0.08289211988449097,0.10746687650680542,0.17122989892959595,0.16575956344604492,0.17448854446411133,0.0627494908969587,0.07153639018085076
冰晶款/6950.mp4,冰晶款,bad,0.0,0.0,0.0,0.9643166198770389,0.9443584451324389,0.01699409513214315,0.017261842587949747,0.14049875736236572,0.13400708138942719,0.15096670389175415,0.2228921800851822,0.21569614112377167,0.23475664854049683,0.1868336054227347,0.19850954607723406
基础款/6951.mp4,基础款,bad,0.0,0.0,0.0,1.084472860125261,1.0799682542421132,0.00971894728183615,0.009776504486948487,0.11962482333183289,0.11252246797084808,0.13079309463500977,0.16464729607105255,0.16016119718551636,0.1699792742729187,0.06602980917257449,0.04567967363342176
星月款/6952.mp4,星月款,bad,0.0,0.0,0.0,1.14994952346731,1.1346938775510205,0.047425988276959444,0.05960945435319564,0.1397331804037094,0.13194790482521057,0.15201187133789062,0.21980611979961395,0.20279821753501892,0.2538362741470337,0.08348643559116226,0.02104948824739739
基础款/6961.mp4,基础款,bad,0.0,0.0,0.0,1.1387149030461132,1.129192999513855,0.00635160414955246,0.0002652067843338585,0.09464865922927856,0.0907219648361206,0.10811275243759155,0.12586821615695953,0.1216721311211586,0.14976298809051514,0.017223486381525144,0.0011081022488014598
基础款/6963.mp4,基础款,bad,0.0,0.0,0.0,1.1419413919413919,1.1234084111579077,0.11221709772006587,0.128064393063952,0.10140764713287354,0.09075729548931122,0.11691582202911377,0.19604548811912537,0.19153960049152374,0.21692883968353271,0.014394045527237356,0.006244031795783495
花花款/6964.mp4,花花款,bad,0.0,0.0,0.0,1.2567860878661088,1.2161616161616162,0.03240512923247345,0.023822991576721603,0.14645081758499146,0.13034529983997345,0.17877215147018433,0.24087023735046387,0.21726864576339722,0.27899646759033203,0.06738997830618579,0.06078531363716358
基础款/6974.mp4,基础款,bad,1.0,16.0,0.0,1.6833732499951322,1.5789523182544907,0.013590012255427188,0.03284861579041568,0.11622823774814606,0.10683602094650269,0.12295037508010864,0.3207881450653076,0.2677006423473358,0.3474305272102356,0.3736758323039851,0.33415021726804595
基础款/6975.mp4,基础款,bad,0.0,0.0,0.0,1.1444789848749273,1.1423830579894925,0.016780844405962787,0.02018953777042877,0.09284910559654236,0.08964307606220245,0.10107296705245972,0.13720868527889252,0.1369875967502594,0.19051814079284668,0.012174336499814371,0.010505162184677955
潜水款/6987.mp4,潜水款,bad,0.0,0.0,0.0,,,,,,,,,,,,
基础款/6990.mp4,基础款,bad,0.0,0.0,0.0,1.1074353475305392,1.1008096910434744,0.03958215679670729,0.00522307948423578,0.1130286455154419,0.10799169540405273,0.12945133447647095,0.22171592712402344,0.20698289573192596,0.2747528553009033,0.04507699061686455,0.026565328322198448
基础款/6998.mp4,基础款,bad,0.9375,13.0,0.0,1.1805981321736652,0.9242360600651055,0.10510422291721308,0.03514068313418791,0.182072252035141,0.16220377385616302,0.20213842391967773,0.3163697123527527,0.3075982332229614,0.3471441864967346,0.01889736682156057,0.20139908382528504
森林款/7002.mp4,森林款,bad,0.0,0.0,0.0,1.458570397856112,1.419744189328119,0.023120865743873408,0.010213323802312031,0.16014279425144196,0.15254727005958557,0.1664617657661438,0.3063224256038666,0.29746124148368835,0.32364898920059204,0.13831406351153688,0.1929763082413221
基础款/7003.mp4,基础款,bad,0.0,0.0,0.0,1.2531308508425214,1.0269500385222652,0.02437421984992851,0.18258942499855155,0.16253964602947235,0.1458372175693512,0.19594252109527588,0.3743719160556793,0.3268815577030182,0.38766467571258545,0.07852126560098704,0.09601803833641125
潜水款/7004.mp4,潜水款,bad,0.0,0.0,0.0,,,,,,,,,,,,
基础款/7009.mp4,基础款,bad,0.0,0.0,0.0,1.6379690949227372,1.6357615894039734,0.0022087293935791697,0.0027598454174483284,0.10417532920837402,0.09613344073295593,0.1086689829826355,0.41683876514434814,0.38663268089294434,0.42491716146469116,0.34633328278192294,0.3694971796957869
潜水款/7014.mp4,潜水款,bad,0.0,0.0,0.0,1.078358208955224,1.066420664206642,0.011966362688142208,0.009393624924496049,0.12602852284908295,0.11869509518146515,0.1372947096824646,0.2133987545967102,0.1934453248977661,0.24004024267196655,0.08566129526523679,0.07145954183932368
基础款/7015.mp4,基础款,bad,0.0,0.0,0.25,1.6919831223628692,1.4581818181818182,0.019114595309538525,0.07283342216494902,0.21604201197624207,0.21233797073364258,0.23747879266738892,0.43625178933143616,0.4338265657424927,0.45545512437820435,0.3787774512690146,0.25457900952273194
基础款/7016.mp4,基础款,bad,0.0,0.0,0.0,1.1646088260835241,1.1453003199034946,0.020041615770079926,0.019118729396629085,0.10313497483730316,0.09574112296104431,0.12218672037124634,0.18831254541873932,0.15862199664115906,0.1979362964630127,0.005261424129209206,0.013055570622742934
冰晶款/7018.mp4,冰晶款,bad,0.0625,1.0,0.0,1.2798012619488421,1.245454422787594,0.0022054614910630337,0.043135428592542685,0.17193569242954254,0.1508718729019165,0.18414747714996338,0.2095375657081604,0.18899421393871307,0.23399996757507324,0.09620679079322314,0.07824039154781035
基础款/7026.mp4,基础款,bad,0.0625,1.0,0.0,1.1278297872340426,1.1235079575596818,0.07346335237026579,0.08386789645587384,0.12410219013690948,0.1209019348025322,0.1468944549560547,0.21253804862499237,0.20006787776947021,0.22505897283554077,0.026828591054941914,0.006155424668944896
星月款/7027.mp4,星月款,bad,0.0,0.0,0.0,1.2827410800603547,1.1147235380452551,0.11054679590745597,0.0074842068149707786,0.10981303453445435,0.10121462494134903,0.1196473240852356,0.1759849488735199,0.1627773642539978,0.18209409713745117,0.025794772686747902,0.038805965166873506
基础款/7029.mp4,基础款,bad,0.0,0.0,0.0,0.9348982140070012,0.8788274970657712,0.09346619856034262,0.13070173083188977,0.08866500854492188,0.08469011634588242,0.09966909885406494,0.15443740785121918,0.15065838396549225,0.16241568326950073,0.21444145254637134,0.2517779697455276
基础款/7030.mp4,基础款,bad,1.0,16.0,0.0,1.1061449002043062,1.051320683648006,0.46373196766731156,0.5667675034494901,0.11895376443862915,0.1106940433382988,0.12861531972885132,0.23190246522426605,0.18543115258216858,0.2509865164756775,0.04624292754076017,0.07256415235749225
基础款/7042.mp4,基础款,bad,0.0,0.0,0.0,1.0799968033245424,1.0786082474226804,0.014110437601790595,0.013222747155693387,0.10625708103179932,0.09935421496629715,0.13355571031570435,0.1507442742586136,0.14612141251564026,0.1541483998298645,0.07016575365535849,0.046939769811009495
基础款/7046.mp4,基础款,bad,0.0,0.0,0.0,1.4483394833948338,1.4430147058823528,0.005770407942649877,0.008453986658695746,0.12130175530910492,0.11841632425785065,0.14765673875808716,0.19962258636951447,0.19173350930213928,0.2256295084953308,0.2232938814403387,0.24412315080919975
基础款/7047.mp4,基础款,bad,0.0,0.0,0.0,1.425706956956957,1.417536717752235,0.05124075679778985,0.05419171755448976,0.118074432015419,0.1069062352180481,0.13856327533721924,0.2640502452850342,0.23830951750278473,0.2724839448928833,0.20754396594147198,0.22630933934320252
基础款/7049.mp4,基础款,bad,0.0,0.0,0.0,1.1151082924774465,1.0990803578533348,0.09921277389021381,0.09642572818412581,0.10678376257419586,0.09998328983783722,0.12145477533340454,0.18394741415977478,0.1673368662595749,0.21502161026000977,0.038172311408345164,0.02813752830303157
基础款/7057.mp4,基础款,bad,0.0,0.0,0.0,1.2983751363140676,1.2514110113152253,0.0884203675382471,0.1427439650444618,0.11367619037628174,0.10304972529411316,0.13717687129974365,0.17616680264472961,0.17389249801635742,0.23939096927642822,0.11398975265161979,0.10166040362322681
基础款/7058.mp4,基础款,bad,0.0,0.0,0.0,1.180384807596202,1.1711803011803013,0.0473369898531656,0.04044862783606259,0.13750657439231873,0.12546876072883606,0.14393556118011475,0.22101125121116638,0.19951292872428894,0.2888728380203247,0.018716658545824875,0.03540072461877693
基础款/7062.mp4,基础款,bad,0.0,0.0,0.0,1.1643325428930116,1.127035608539816,0.05236397062554404,0.008805930876301743,0.15137003362178802,0.14319419860839844,0.1915757656097412,0.3914912939071655,0.40061578154563904,0.5210918188095093,0.005024163375899623,0.003020489693800092
潜水款/7064.mp4,潜水款,bad,0.0,0.0,0.0,,,,,,,,,,,,
冰晶款/7068.mp4,冰晶款,bad,0.0,0.0,0.0,1.27229473438503,1.2647530363438537,0.07731105062097475,0.05540777830958464,0.19336095452308655,0.18656262755393982,0.20369529724121094,0.27973318099975586,0.2668860852718353,0.30301159620285034,0.09032413651852463,0.09361680493712268
基础款/7074.mp4,基础款,bad,0.0,0.0,0.0,1.2624257657524458,1.2087005227781926,0.0014406875224217822,0.006226577888039679,0.13109087944030762,0.1249433159828186,0.1413852572441101,0.2346281111240387,0.22400034964084625,0.24646085500717163,0.08591124613219848,0.066934514278691
基础款/7076.mp4,基础款,bad,0.0,0.0,0.0,1.074074124252146,1.0658436660019075,0.007367735992493014,0.0035337224125612243,0.10637916624546051,0.09856966137886047,0.1240772008895874,0.13492603600025177,0.13093674182891846,0.14846491813659668,0.07566482420276427,0.05884465991092811
星月款/7077.mp4,星月款,bad,0.0,0.0,0.125,1.2278069471512094,1.1862530647565022,0.02629179033754484,0.0365222071491457,0.14572535455226898,0.1390412151813507,0.19076377153396606,0.2652221620082855,0.20802271366119385,0.293196439743042,0.017974876159846834,0.023387263112480693
基础款/7081.mp4,基础款,bad,0.0,0.0,0.0,1.0606617647058822,1.0452048344059017,0.0225466108974397,0.027082193074997936,0.12227922677993774,0.1141655296087265,0.13861989974975586,0.16107754409313202,0.1489945948123932,0.17122453451156616,0.08823081525026658,0.07839844012313182
潜水款/7086.mp4,潜水款,bad,0.0,0.0,0.5625,,,,,0.1530519723892212,0.1530519723892212,0.1530519723892212,0.27880847454071045,0.27880847454071045,0.27880847454071045,,
基础款/7087.mp4,基础款,bad,0.0,0.0,0.0,1.1711627267729523,1.1404109589041096,0.07771551043321832,0.02439490328299388,0.13159547746181488,0.12303799390792847,0.1376470923423767,0.14486002922058105,0.1301785707473755,0.15771067142486572,0.010873203997890471,0.008777367594896116
基础款/7097.mp4,基础款,bad,0.0,0.0,0.0,1.1310769523025535,1.111890081687584,0.011871214505101249,0.004722531510946374,0.24138586223125458,0.22413226962089539,0.24969589710235596,0.3116253614425659,0.2956784665584564,0.3315093517303467,0.023953600911864638,0.016549976577853658
基础款/7099.mp4,基础款,bad,0.0,0.0,0.0,1.430144152522669,1.3683309155383623,0.009139575374128453,0.020819351866997484,0.11403509974479675,0.10765154659748077,0.11952239274978638,0.2311817705631256,0.22338567674160004,0.31675219535827637,0.21065141024872164,0.19098036715401673
星月款/7106.mp4,星月款,bad,0.0,0.0,0.3125,1.210826210826211,1.187150837988827,0.0074022599231671204,0.006410955009644327,0.10709814727306366,0.10215995460748672,0.10886937379837036,0.1470900923013687,0.1447380930185318,0.14879024028778076,0.0319015389073382,0.024143791130409105
基础款/7112.mp4,基础款,bad,0.0,0.0,0.0,1.568872153487538,1.339021720495338,0.005344874779597268,0.05941487131014018,0.10368610918521881,0.10106594860553741,0.11143320798873901,0.21412357687950134,0.2100478857755661,0.23286986351013184,0.30323315272903895,0.16932796789062773
花花款/7113.mp4,花花款,bad,0.0,0.0,0.0,1.3071448783248445,1.269971955128205,0.01680679041394153,0.026693066001456323,0.13714472949504852,0.11481727659702301,0.16137880086898804,0.2060820758342743,0.19225381314754486,0.22192639112472534,0.02810244022473554,0.017490178726834726
甜品款/7134.mp4,甜品款,bad,0.0,0.0,0.0,1.0559019443537048,1.0479237083534523,0.022328172791731174,0.05842698247479386,0.18466775119304657,0.1803038865327835,0.2066383957862854,0.33763760328292847,0.31963998079299927,0.39939939975738525,0.2212178734571734,0.1858720239277608
基础款/7141.mp4,基础款,bad,0.0,0.0,0.0,1.3453263687806354,1.162260435809924,0.001253355966543507,0.0048754497233508285,0.11896100640296936,0.1166839748620987,0.11995398998260498,0.3794727921485901,0.3632729649543762,0.39094841480255127,0.14951280208431425,0.027755440402736906
基础款/7146.mp4,基础款,bad,0.0,0.0,0.0,1.2396121883656508,1.2327823691460056,0.024102522581996997,0.017693518834439956,0.17200599610805511,0.15922945737838745,0.18276017904281616,0.24053697288036346,0.23014572262763977,0.2574617862701416,0.06767474447960564,0.0866623833327934
冰晶款/7148.mp4,冰晶款,bad,0.0,0.0,0.0,,,,,,,,,,,,
星月款/7150.mp4,星月款,bad,0.0,0.0,0.0,1.1932692307692307,1.0724778154963968,0.034327369026994396,0.11459981997453507,0.1386791467666626,0.12193961441516876,0.16473913192749023,0.177071675658226,0.16473141312599182,0.19057440757751465,0.04650769129670049,0.0774407046390515
花花款/7163.mp4,花花款,bad,0.0,0.0,0.0,1.0367648301147212,1.0281005458012757,0.001995840326882754,0.0019488523728079458,0.14501766860485077,0.13680580258369446,0.16931986808776855,0.23475125432014465,0.22885936498641968,0.24611729383468628,0.25984259224602635,0.2287720269274487
基础款/7176.mp4,基础款,bad,0.0,0.0,0.0,1.1748293391430646,1.1502018306896356,0.022111323403632362,0.0020413412520577136,0.14220452308654785,0.12030237913131714,0.1484871506690979,0.24340687692165375,0.2293430119752884,0.24712663888931274,0.01399905886237368,0.017326111806210413
星月款/7177.mp4,星月款,bad,0.0,0.0,0.125,1.1938156718086295,1.1275415375950435,0.048454606878128366,0.037169745450027686,0.11595819890499115,0.11058597266674042,0.1656469702720642,0.21795806288719177,0.20267675817012787,0.22744536399841309,0.04604986003284087,0.02737275923814043
潜水款/7183.mp4,潜水款,bad,0.0,0.0,0.125,1.1745254465713373,1.1528173682466027,0.08506541484386805,0.0908132649383854,0.1561066210269928,0.14292405545711517,0.18284910917282104,0.19773131608963013,0.19626906514167786,0.2077046036720276,0.00023681210870456082,0.00644142265798354
基础款/7189.mp4,基础款,bad,0.0,0.0,0.0,1.0770042194092828,1.0668058455114822,0.008646512555058071,0.014932026056437987,0.17042645812034607,0.15609362721443176,0.1764289140701294,0.1682123988866806,0.1602303385734558,0.17762607336044312,0.07294051899277952,0.05794232732447685
花花款/7190.mp4,花花款,bad,0.0,0.0,0.0,1.3130434782608695,1.3064952354680277,0.029341999359917895,0.03365861052127071,0.11593721807003021,0.11352907866239548,0.13062047958374023,0.24675491452217102,0.24058681726455688,0.25586533546447754,0.023600008263426436,0.01086316280394524
基础款/7207.mp4,基础款,bad,0.25,1.0,0.0,1.3116198430777017,1.1140797940797942,0.020919034902408866,0.04217502498384291,0.22481873631477356,0.2071889489889145,0.2502347230911255,0.39077749848365784,0.3775467276573181,0.40531378984451294,0.12413905988099308,0.014582552739491439
花花款/7213.mp4,花花款,bad,0.0,0.0,0.0,1.5480694909639663,1.2619657593299667,0.47078783402222585,0.1877741912662635,0.138233482837677,0.12808868288993835,0.14740151166915894,0.21185390651226044,0.20340768992900848,0.2352970838546753,0.14106094824846857,0.02381436469452635
基础款/7226.mp4,基础款,bad,0.0,0.0,0.0,1.1561040831019231,1.1550086639456676,0.017434503291101165,0.022363357392107045,0.14332738518714905,0.13406966626644135,0.1562935709953308,0.2937442660331726,0.26613759994506836,0.31083595752716064,0.0020680314199501776,0.02149652508001692
潜水款/7233.mp4,潜水款,bad,0.0,0.0,0.5625,1.1919191919191918,1.1504424778761062,0.01771025755185429,0.0008076175597470202,0.1410098671913147,0.13170300424098969,0.1521317958831787,0.1898348033428192,0.184004545211792,0.22551709413528442,0.01446377146426239,0.004379222671186885
森林款/7251.mp4,森林款,bad,0.0,0.0,0.0,1.1842670041822583,1.1569152661064426,0.07137464011695485,0.07083491472670071,0.12075825035572052,0.1169305145740509,0.12847697734832764,0.3078650236129761,0.26807379722595215,0.34716683626174927,0.07001869162137007,0.011743189116097568
基础款/7252.mp4,基础款,bad,0.0,0.0,0.0,1.1475855730115232,1.144961121342337,0.003421066882542752,0.0019039346148715301,0.08672206103801727,0.08375492691993713,0.09490478038787842,0.18593117594718933,0.1818881332874298,0.19514626264572144,0.009463601299799002,0.012759361152916555
基础款/7258.mp4,基础款,bad,0.0,0.0,0.0,1.0044722854973425,0.9341102604860813,0.10761356717393776,0.22024044290893138,0.1225774735212326,0.1127333790063858,0.14190596342086792,0.24493397772312164,0.21228983998298645,0.28477221727371216,0.142661520356292,0.19077211592584653
基础款/7261.mp4,基础款,bad,0.0,0.0,0.0,1.0789173679693604,1.0204178213923343,0.034013829078988825,0.05124161627716741,0.13869941234588623,0.11976821720600128,0.16923344135284424,0.2300223559141159,0.20689795911312103,0.2705765962600708,0.07116573360776612,0.10239914788005143
基础款/7271.mp4,基础款,bad,0.0,0.0,0.0,1.03798207611281,1.0067114093959733,0.044205833848857984,0.06825474840882637,0.16807125508785248,0.15943863987922668,0.18754422664642334,0.22770832479000092,0.21984131634235382,0.23869186639785767,0.10984531802187106,0.11592233196646924
基础款/7282.mp4,基础款,bad,0.0,0.0,0.0,1.6888324873096447,1.6537572109825687,0.02825384888287502,0.02825384888287502,0.1302531212568283,0.12414075434207916,0.13447362184524536,0.41582006216049194,0.3938156068325043,0.4474503993988037,0.3769136193840192,0.3804384767027616
基础款/7289.mp4,基础款,bad,0.0,0.0,0.0,1.939426651415499,1.5468484539585456,0.044325509351009734,0.03434347821443215,0.24854040145874023,0.24532285332679749,0.2772325277328491,0.5821272134780884,0.5615725517272949,0.5884795188903809,0.5152685539846363,0.31360828543309527
花花款/7290.mp4,花花款,bad,0.0,0.0,0.0,1.428071113304274,1.362660382299031,0.015444331281473565,0.011442397473968696,0.12319089472293854,0.11455807834863663,0.16413062810897827,0.21219129860401154,0.1906662881374359,0.24351364374160767,0.06037694519503639,0.05295395602958517
基础款/7294.mp4,基础款,bad,0.0,0.0,0.0,1.1209053859432294,1.1059099586382437,0.1482287148587744,0.14462965857273039,0.15520794689655304,0.13879472017288208,0.1587522029876709,0.1983874887228012,0.18917348980903625,0.24417847394943237,0.03298709585234562,0.021942832050727105
森林款/7300.mp4,森林款,bad,0.25,2.0,0.0,1.2802197802197801,1.2190355744125325,0.08719526112640116,0.03166030949939577,0.13045883178710938,0.11952590942382812,0.23106902837753296,0.28352057933807373,0.260308176279068,0.4726240634918213,0.007889053540274875,0.04055963456586047
基础款/7320.mp4,基础款,bad,0.0,0.0,0.0,1.1162488320518738,1.1154796795900204,0.13694478860704967,0.16127998795051784,0.11831197142601013,0.10567604750394821,0.12923365831375122,0.16081133484840393,0.15354737639427185,0.165899395942688,0.03715002800850991,0.013326801806882524
潜水款/7335.mp4,潜水款,bad,0.0,0.0,0.0625,1.1369863013698631,1.1026315789473684,0.12100444847767756,0.08448661283882573,0.12734344601631165,0.11894664913415909,0.1317533254623413,0.24294233322143555,0.23417896032333374,0.30822837352752686,0.0327198362186054,0.03806774187034875
基础款/7348.mp4,基础款,bad,0.0,0.0,0.0,1.539770215559689,1.483870705494041,0.04377092598837219,0.05066190494896226,0.14389321208000183,0.13597235083580017,0.18431055545806885,0.25384706258773804,0.23510102927684784,0.2727254033088684,0.2845093597145675,0.2720426951543905
潜水款/7352.mp4,潜水款,bad,0.0,0.0,0.0,1.0877490942028984,0.999198717948718,0.004828870067883056,0.02816555287064631,0.14021384716033936,0.13712412118911743,0.15509074926376343,0.36860302090644836,0.3667678236961365,0.3976225256919861,0.07699049297395043,0.13656901232139146
基础款/7372.mp4,基础款,bad,0.0,0.0,0.0,1.2444828778969215,1.2438613094725974,0.002855299963161256,0.0028550778144785616,0.18886806070804596,0.17629146575927734,0.20734721422195435,0.29027047753334045,0.27463215589523315,0.3133622407913208,0.07159624960981635,0.0956091804223008
基础款/7381.mp4,基础款,bad,0.0625,1.0,0.0,1.5230758365531822,1.367211471461927,0.2203743736143531,0.19916625393810597,0.1535603404045105,0.14151453971862793,0.19963997602462769,0.3000549077987671,0.2780912220478058,0.3532952070236206,0.2736080319621016,0.1901619231450748
花花款/7405.mp4,花花款,bad,0.0,0.0,0.0,1.2348710214270855,1.1876933977269442,0.006167375498842752,0.013536472960580687,0.10551908612251282,0.09985522925853729,0.1253495216369629,0.20293974876403809,0.19264276325702667,0.2210189700126648,0.08498118818041714,0.08447189146734531
潜水款/7414.mp4,潜水款,bad,0.0,0.0,0.0,,,,,,,,,,,,
基础款/7415.mp4,基础款,bad,0.0,0.0,0.3125,1.610588331980728,1.468612006205991,0.008765533731057073,0.024294716715635382,0.19421611726284027,0.19294819235801697,0.21281641721725464,0.4448927044868469,0.4398114085197449,0.45187532901763916,0.32947570093352324,0.26170642115773274
星月款/7416.mp4,星月款,bad,0.0,0.0,0.0,1.5812489979156645,1.5025029622030839,0.03782406724114981,0.00814934899997785,0.08814066648483276,0.08406557142734528,0.09995138645172119,0.23400874435901642,0.21783524751663208,0.2864176034927368,0.23501055539837915,0.2597199675481702
基础款/7423.mp4,基础款,bad,0.0,0.0,0.0,1.1721990566462681,1.152307226177852,0.5823714856645087,0.5991995371669908,0.14034748077392578,0.1260567307472229,0.17603230476379395,0.2604178190231323,0.24429142475128174,0.32356834411621094,0.011757685385450078,0.01915489599163585
森林款/7444.mp4,森林款,bad,0.0,0.0,0.0,1.0831686580882351,1.0709393346379648,0.004127408915082386,0.006987052224597641,0.1431855857372284,0.12914809584617615,0.14888155460357666,0.2924097776412964,0.2316564917564392,0.32659709453582764,0.1592520247480206,0.08896425258343506
潜水款/7460.mp4,潜水款,bad,0.0,0.0,0.125,1.2070350535540408,1.2070350535540408,0.11375983760123859,0.12890755307936771,0.14200729131698608,0.13888442516326904,0.178564190864563,0.16212724149227142,0.16795991361141205,0.28210270404815674,0.027065980710918494,0.05239957450567591
星月款/7462.mp4,星月款,bad,0.0,0.0,0.0,1.2683031001055762,1.1433562877731287,0.001668157215593057,0.013200222304113074,0.11911153793334961,0.11131647229194641,0.12283271551132202,0.1895643174648285,0.18207353353500366,0.2158995270729065,0.014475381022280454,0.013444342315603961
花花款/7468.mp4,花花款,bad,0.0,0.0,0.0,1.3423547569176497,1.1558025161655823,0.13547048871180067,0.009340747723449313,0.17603059113025665,0.1673998236656189,0.24679690599441528,0.3251032829284668,0.311939537525177,0.42732030153274536,0.0015223636827347022,0.11169007448765604
基础款/7469.mp4,基础款,bad,0.0,0.0,0.0,1.31751932376857,1.294671534127806,0.010342625002077353,0.009659586732339277,0.20010194182395935,0.15382885932922363,0.2363264560699463,0.27117541432380676,0.24573278427124023,0.29620999097824097,0.12862683342041478,0.13564570126161432
冰晶款/7471.mp4,冰晶款,bad,0.0,0.0,0.0,1.3778280542986425,1.3067449457049527,0.003093475899024693,0.006980316715081623,0.15279851853847504,0.14759138226509094,0.15592843294143677,0.34466734528541565,0.336187481880188,0.3874485492706299,0.17001037465108193,0.1262792007709622
花花款/7473.mp4,花花款,bad,0.0,0.0,0.0,1.1751651747655583,0.9968847951079746,0.09554489469971614,0.17524182784423145,0.1359766572713852,0.12586955726146698,0.1642501950263977,0.17897005379199982,0.16740980744361877,0.2286520004272461,0.13453900473005476,0.2596050636208528
花花款/7494.mp4,花花款,bad,0.0,0.0,0.0,1.2290172200551803,1.2203034034930587,0.007825161202645549,0.008585475308044734,0.14407458901405334,0.13877210021018982,0.14654654264450073,0.2435009628534317,0.22819307446479797,0.2620158791542053,0.08973287479308849,0.057385477162953384
基础款/7495.mp4,基础款,bad,0.0,0.0,0.0,0.9907255876358261,0.9627714183050151,0.06263804436994265,0.07695065539372292,0.117208331823349,0.10996589064598083,0.14422470331192017,0.177721306681633,0.16700002551078796,0.27922379970550537,0.15644152240442005,0.16055057964585753
基础款/7499.mp4,基础款,bad,0.0,0.0,0.0,1.1232843137254902,1.0182657548755496,0.1910062575665509,0.10226882841991623,0.1510620415210724,0.12896184623241425,0.17043685913085938,0.33371594548225403,0.2793327569961548,0.3751515746116638,0.030867017791506756,0.10451038018819787
冰晶款/7500.mp4,冰晶款,bad,0.0,0.0,0.0625,1.1531322505800463,1.1465116279069767,0.018603728942148564,0.023236626970977534,0.1426023244857788,0.13594789803028107,0.15627729892730713,0.16256973147392273,0.1512315273284912,0.18320709466934204,0.008016074988236173,0.0045361046410987765
星月款/7502.mp4,星月款,bad,0.0,0.0,0.125,1.3773153869276245,1.350015664160401,0.004585082138678359,0.023118985576411618,0.13132116198539734,0.12474395334720612,0.1852598786354065,0.28411397337913513,0.2768447697162628,0.3220846652984619,0.09693174831828967,0.1527038040714939
基础款/7518.mp4,基础款,bad,0.0,0.0,0.0,1.3228438228438228,1.3151800292171523,0.00408189174555367,0.007775842779696583,0.11077253520488739,0.10741870105266571,0.13059085607528687,0.20345690846443176,0.18078157305717468,0.2363126277923584,0.13265999552511734,0.15136224048956118
基础款/7566.mp4,基础款,bad,0.0,0.0,0.0,1.1735537190082646,1.1544715447154472,0.03075241974726738,0.03014152674145424,0.1159122884273529,0.10201992094516754,0.11846756935119629,0.14350979030132294,0.13904467225074768,0.1467267870903015,0.012912677102096369,0.021031382111577252
花花款/7569.mp4,花花款,bad,0.0,0.0,0.0,1.4415906788247215,1.4095255705832628,0.1203889667638217,0.10985594309603396,0.12795010209083557,0.11994504928588867,0.13339239358901978,0.2579554319381714,0.2468290477991104,0.27610790729522705,0.06979942528182645,0.08676817662880454
基础款/7580.mp4,基础款,bad,0.0,0.0,0.0,1.221227621483376,1.0804090867116076,0.02567259311303727,0.027787333635954422,0.1859365999698639,0.1831704080104828,0.19835680723190308,0.3925873041152954,0.3895544409751892,0.4247153401374817,0.05273276503299569,0.045271566709454314
基础款/7586.mp4,基础款,bad,0.8125,8.0,0.0,1.0761658144311874,1.0582078971870326,0.3865246854236295,0.38279944441037217,0.24892564117908478,0.21865420043468475,0.2815638780593872,0.36226707696914673,0.3271298110485077,0.3840172290802002,0.07371928240420644,0.06603450580801001
星月款/7588.mp4,星月款,bad,0.0,0.0,0.0,1.1875235373607143,1.1438686229640598,0.008757064023233882,0.03453838175450691,0.1603223979473114,0.15398207306861877,0.1903126835823059,0.28957074880599976,0.2796333432197571,0.3015096187591553,0.051334406700323916,0.012996345096707981
基础款/7591.mp4,基础款,bad,0.875,14.0,0.0,1.176050707134647,1.1693014524256495,0.041765353655337616,0.08846120010136373,0.2715107798576355,0.259090393781662,0.2806187868118286,0.3628935217857361,0.3529648780822754,0.371626079082489,0.01503813195621889,0.03379520117869864
基础款/7592.mp4,基础款,bad,0.0,0.0,0.0,1.49102971073938,1.49102971073938,0.04244436535455843,0.04281447524654405,0.09561184048652649,0.09814353287220001,0.20295172929763794,0.22468070685863495,0.21749667823314667,0.32360905408859253,0.2523431274015496,0.276855642186707
基础款/7595.mp4,基础款,bad,0.0,0.0,0.0,1.272388259195894,1.2573746954403062,0.003324183647228698,0.0033375018240534666,0.1904875487089157,0.18687525391578674,0.1999281644821167,0.40301811695098877,0.37146392464637756,0.4112094044685364,0.0937718186576132,0.10641465213640508
潜水款/7605.mp4,潜水款,bad,0.0,0.0,0.0,,,,,,,,,,,,
基础款/5629.mp4,基础款,bad,0.0,0.0,0.0,1.0901483556225857,1.0454545454545454,0.1897602988848183,0.24958706432273323,0.1426386833190918,0.12989434599876404,0.14974623918533325,0.25514060258865356,0.2420988380908966,0.3175373673439026,0.060810041847195934,0.07815955754643222
甜品款/5643.mp4,甜品款,bad,0.0,0.0,0.0,1.2739672292299766,1.249553684134598,0.035095911103540385,0.032942153492431056,0.11811763048171997,0.11383230984210968,0.1307956576347351,0.19533400237560272,0.18404436111450195,0.19973677396774292,0.033477364624510515,0.009896374940695507
基础款/5675.mp4,基础款,bad,0.0,0.0,0.0,1.059649225550227,1.0535027108840547,0.1171481233451487,0.1221959869458276,0.10265965759754181,0.0983804315328598,0.11875700950622559,0.1588647961616516,0.14990730583667755,0.17158859968185425,0.0891859008365577,0.0704907926415221
基础款/5726.mp4,基础款,bad,0.0,0.0,0.0,1.1194265151082425,1.111415154893416,0.0731650810759007,0.0451988523880415,0.11162109673023224,0.10247758030891418,0.12467396259307861,0.25938141345977783,0.24822695553302765,0.334211528301239,0.03430732081463628,0.01697720248779864
基础款/5764.mp4,基础款,bad,0.0,0.0,0.0,1.2676344003267876,1.256964574674909,0.016493324634889416,0.024294702163484116,0.09707088768482208,0.09423090517520905,0.10345375537872314,0.12899081408977509,0.12407830357551575,0.14124071598052979,0.0900286517201631,0.10608842665529436
花花款/5784.mp4,花花款,bad,0.0,0.0,0.0,1.3244063021102868,1.2769984887821133,0.004060966288381248,0.02625514627090655,0.12495680153369904,0.11485303193330765,0.13214951753616333,0.21780268847942352,0.20417633652687073,0.2412380576133728,0.014983431571041149,0.011972602740189627
甜品款/5856.mp4,甜品款,bad,0.0,0.0,0.0,1.2971148516584496,1.287782940743467,0.0431363701123215,0.03937782225305967,0.11098675429821014,0.10571750998497009,0.11276590824127197,0.19966340065002441,0.1930496245622635,0.20642167329788208,0.015470745510557701,0.02023927940876344
甜品款/5883.mp4,甜品款,bad,0.0,0.0,0.0,1.3000843170320406,1.27149033197779,0.05132076738796882,0.055687968878492984,0.13253474235534668,0.12242743372917175,0.14865916967391968,0.1910623162984848,0.18609878420829773,0.21567124128341675,0.013184077084588639,0.0075068924117936186
基础款/5896.mp4,基础款,bad,0.0,0.0,0.0,1.1343086318475981,1.1093955014058108,0.08470783862238299,0.06416847235000034,0.09977459907531738,0.0980120301246643,0.1363506317138672,0.2071520984172821,0.18514448404312134,0.3079293370246887,0.02110050450315278,0.018796046465928903
甜品款/5913.mp4,甜品款,bad,0.0,0.0,0.0,1.3391006698187549,1.2579894060633383,0.04554979513137406,0.019829430832408866,0.12205559015274048,0.11661465466022491,0.14964425563812256,0.20222650468349457,0.1863524615764618,0.2277013063430786,0.01638504801573143,0.003168072814612276
基础款/5930.mp4,基础款,bad,0.0,0.0,0.0,1.639720942140297,1.5519350215002388,0.03481596525919041,0.02708483210738099,0.10662871599197388,0.10455726087093353,0.11609441041946411,0.20648449659347534,0.18433207273483276,0.20973587036132812,0.3474022352237733,0.31689123317723666
森林款/5954.mp4,森林款,bad,0.0,0.0,0.0,1.5780123339658445,1.4020369778913375,0.016264026393874028,0.03810232310236143,0.13238400220870972,0.12607267498970032,0.14466869831085205,0.3189500868320465,0.31451258063316345,0.3276922106742859,0.21702332564592816,0.18042576458269005
甜品款/5966.mp4,甜品款,bad,0.0,0.0,0.0,1.3487454485269779,1.3264519433950182,0.17857189117876857,0.17021184353228633,0.13288775086402893,0.13032442331314087,0.15773242712020874,0.2635626196861267,0.2490958720445633,0.3284267783164978,0.02356166429417376,0.049824856012442964
森林款/5989.mp4,森林款,bad,0.0,0.0,0.0,1.2171717171717171,1.1975142895942126,0.032633199472559375,0.015979440242520845,0.11124429106712341,0.10500061511993408,0.12081176042556763,0.26473069190979004,0.23550952970981598,0.30051523447036743,0.04261281015251065,0.02274758430432683
基础款/6009.mp4,基础款,bad,0.0,0.0,0.0,1.1234839841230122,1.1142859727197076,0.011228254578710066,0.018737378608126038,0.09461081027984619,0.09063559770584106,0.1022215485572815,0.14618729054927826,0.14124177396297455,0.14832532405853271,0.030689277703008163,0.01439750354911735
基础款/6039.mp4,基础款,bad,0.0,0.0,0.0,1.1316496555703828,1.1292617717478053,0.09431480870735089,0.09749294565838004,0.09485480189323425,0.09373946487903595,0.11634862422943115,0.17047053575515747,0.1623936891555786,0.17513877153396606,0.023447394569422766,0.0010472002242431968
基础款/6051.mp4,基础款,bad,0.0,0.0,0.0,1.2699735882148435,1.0611111111111111,0.011610167522539372,0.05826890315166826,0.12738877534866333,0.11878407001495361,0.13774025440216064,0.20765523612499237,0.20120695233345032,0.2177971601486206,0.09187226867059693,0.06329474296084645
基础款/6106.mp4,基础款,bad,0.0,0.0,0.0,1.2507062146892656,1.237172384074365,0.04023185496939375,0.040031996774526964,0.10435834527015686,0.09522515535354614,0.10691732168197632,0.14448165893554688,0.13190707564353943,0.17440402507781982,0.07658452862674517,0.09021712015165742
冰晶款/6133.mp4,冰晶款,bad,0.0,0.0,0.0625,1.0556701030927835,1.0444444444444445,0.06031385084607595,0.06146077998387437,0.1377938985824585,0.13102129101753235,0.15399402379989624,0.20862430334091187,0.20032358169555664,0.24313318729400635,0.09632227687909241,0.0977749580564419
星月款/6164.mp4,星月款,bad,0.0,0.0,0.0,1.2258438729026964,1.0846230930043712,0.08776790282390394,0.02583098447282961,0.18659354746341705,0.17721569538116455,0.26451343297958374,0.3959127366542816,0.3708611726760864,0.4309278726577759,0.019575001696311562,0.06617984447066957
基础款/6173.mp4,基础款,bad,0.0,0.0,0.0,1.075990746065771,1.0738956300031481,0.0033425103535455543,0.00777133684677832,0.1730363368988037,0.15992200374603271,0.1858009696006775,0.2058790624141693,0.183307945728302,0.22485917806625366,0.07388197351043536,0.05131850752077397
基础款/6194.mp4,基础款,bad,0.875,8.0,0.0,1.1899543670606814,1.1472573086123106,0.03720364569955566,0.03567680950910064,0.1734057366847992,0.1666896492242813,0.2388291358947754,0.3830566108226776,0.36093831062316895,0.44769877195358276,0.02679112447791851,0.014762824704222017
基础款/6228.mp4,基础款,bad,0.0,0.0,0.0,0.921635508233255,0.8308434738519485,0.12316708814359445,0.22411271424022086,0.15378184616565704,0.13902118802070618,0.18377351760864258,0.3179472088813782,0.2611231803894043,0.3570839762687683,0.22872929578622142,0.30792518076795033
基础款/6243.mp4,基础款,bad,0.0,0.0,0.0,1.092172772556455,1.0792501658925016,0.05084019202315376,0.05651825086262819,0.1253560334444046,0.10343405604362488,0.1463843584060669,0.21421942114830017,0.19666403532028198,0.22284817695617676,0.058954753467850354,0.046344810952916135
基础款/6252.mp4,基础款,bad,0.0,0.0,0.0,1.2451155975252362,1.1913693729504125,0.12055739166909195,0.07554293036171969,0.12414972484111786,0.11587262153625488,0.14655381441116333,0.20542025566101074,0.1976788192987442,0.29413509368896484,0.07210454012186748,0.052492058991561716
基础款/6287.mp4,基础款,bad,0.0,0.0,0.0,1.1321742725538737,1.1296031651849852,0.052720954232231394,0.0596291585241356,0.10036410391330719,0.09689163416624069,0.12245666980743408,0.15775102376937866,0.1510384976863861,0.19551599025726318,0.02298391595135119,0.0007449303238189117
基础款/6297.mp4,基础款,bad,0.0,0.0,0.0,1.2961697860962567,1.1507483550902862,0.040661261020011566,0.032233243177385955,0.12045611441135406,0.11809174716472626,0.14120793342590332,0.22054441273212433,0.2085942029953003,0.24331676959991455,0.11228976223720984,0.01780115417288636
基础款/6305.mp4,基础款,bad,0.0,0.0,0.0,1.2306120206570705,1.2216411122661124,0.010442330621794551,0.002019366843402762,0.09313198924064636,0.09043984115123749,0.1011819839477539,0.19470003247261047,0.18288996815681458,0.19583219289779663,0.06038778850110884,0.07758380868052939
星月款/6313.mp4,星月款,bad,0.0,0.0,0.0,1.3967710007343472,1.2666678241544551,0.0028882574789432652,0.001256434894093066,0.09340283274650574,0.0883195772767067,0.11267292499542236,0.15116015076637268,0.1471691131591797,0.16528230905532837,0.11095866030640722,0.0889773004766541
基础款/6335.mp4,基础款,bad,0.0625,1.0,0.0,1.3104906201041766,1.2904548287413333,0.42375697670661444,0.4369003902433638,0.1642199456691742,0.14965508878231049,0.21998673677444458,0.32869672775268555,0.28867918252944946,0.494903564453125,0.12327775135933412,0.13238341653408311
基础款/6353.mp4,基础款,bad,0.0,0.0,0.0,1.1335499316005473,1.1275171309777334,0.0005756007702024143,0.0026221692181935727,0.08622291684150696,0.08382068574428558,0.0964134931564331,0.11714793741703033,0.11995410919189453,0.22178560495376587,0.02176959409064616,0.0025933340661681644
基础款/6376.mp4,基础款,bad,0.0,0.0,0.0,1.2661596958174905,1.2661596958174905,0.13957807967808078,0.1447243343239124,0.08529038727283478,0.0837021991610527,0.0960547924041748,0.17490333318710327,0.16463042795658112,0.1868724822998047,0.08886462290025587,0.1133771376854133
基础款/6398.mp4,基础款,bad,0.0,0.0,0.0,1.1534763545255244,1.1315048312318559,0.030084302679399995,0.005326695622682297,0.1343105286359787,0.12119956314563751,0.15467506647109985,0.1796266883611679,0.16676847636699677,0.27463334798812866,0.004343535375071033,0.0009371357236735705
冰晶款/6409.mp4,冰晶款,bad,0.0,0.0,0.0,1.1736955067888082,1.148846739257698,0.016616296159396565,0.01786875519248859,0.154468834400177,0.14230802655220032,0.17308437824249268,0.19091425836086273,0.18871748447418213,0.24320989847183228,0.009659312890466402,0.0025014662249885833
基础款/6430.mp4,基础款,bad,0.125,2.0,0.0,1.4797456671110654,1.333710407239819,0.026595553320114953,0.11465006822125275,0.1211976557970047,0.10475341975688934,0.1303572654724121,0.3554433584213257,0.3434283137321472,0.3627907633781433,0.24474639155971328,0.16535351778246143
基础款/6440.mp4,基础款,bad,0.0,0.0,0.0,1.255969669989637,1.255969669989637,0.013231575038894527,0.013231575038894527,0.10616655647754669,0.10152187943458557,0.10787630081176758,0.20533345639705658,0.19868285953998566,0.23043692111968994,0.08078408475459069,0.10529659953974807
基础款/6468.mp4,基础款,bad,0.0,0.0,0.0,1.2142086101488672,1.2099106472955459,0.1426163281750655,0.08011920932886822,0.12503120303153992,0.1155051440000534,0.17398053407669067,0.22536878287792206,0.18186312913894653,0.24023520946502686,0.04696867999801862,0.0679351915543993
基础款/6480.mp4,基础款,bad,0.0,0.0,0.0,1.8070652173913044,1.8070652173913044,0.043073568594357244,0.043073568594357244,0.08871115744113922,0.08691946417093277,0.09475487470626831,0.20896773040294647,0.20232902467250824,0.21426928043365479,0.4445802675844999,0.4690927823696573
基础款/6504.mp4,基础款,bad,0.0,0.0,0.0,1.208977318346046,1.1751161370815746,0.1647851332063532,0.24959672833191227,0.13879162073135376,0.15410271286964417,0.3416435122489929,0.2587267756462097,0.27090024948120117,0.4421766996383667,0.04265097588100285,0.03875566266392361
基础款/6518.mp4,基础款,bad,0.0,0.0,0.0,1.1430780473164304,1.1321329726031657,0.006795292088923159,0.032385022689932305,0.12853196263313293,0.11590772122144699,0.14601069688796997,0.15810607373714447,0.1486307978630066,0.1881237030029297,0.013399169554400363,0.0014921197289488586
基础款/6541.mp4,基础款,bad,0.0625,1.0,0.0,1.3746102583233162,1.3382589573052992,0.17984632660475905,0.1056179831589064,0.12261128425598145,0.11997409909963608,0.18946528434753418,0.3379734456539154,0.29409265518188477,0.4820103645324707,0.17104640754486106,0.16875816344912778
基础款/6553.mp4,基础款,bad,0.0,0.0,0.0,1.164211254121902,1.1630516542281248,0.005177980993934876,0.00766382078367429,0.19629858434200287,0.1810637265443802,0.20608896017074585,0.2833027243614197,0.2725699543952942,0.30222612619400024,0.004919987734990623,0.02843596707451223
基础款/6565.mp4,基础款,bad,0.0,0.0,0.0,1.2632311267286331,1.2363871871741399,0.175601596554548,0.18000777737994306,0.09632708132266998,0.09258916974067688,0.10577422380447388,0.1880270391702652,0.16480931639671326,0.21551764011383057,0.08654898992541193,0.08958224809462229
基础款/6582.mp4,基础款,bad,0.0,0.0,0.0,1.1186131386861313,1.1040066382171645,0.015264496677692111,0.004759561101729957,0.10616365075111389,0.10106563568115234,0.13518500328063965,0.18434828519821167,0.18143866956233978,0.19888627529144287,0.035034185914227564,0.02366535940257335
基础款/6595.mp4,基础款,bad,1.0,16.0,0.0,1.1428668570651435,1.135280121133463,0.0028188359886245633,0.005860638134091016,0.1374778002500534,0.13166505098342896,0.15491056442260742,0.25854283571243286,0.25074589252471924,0.2969558835029602,0.013583942382024445,0.004268103126069294
基础款/6605.mp4,基础款,bad,0.0,0.0,0.0,1.188163992869875,1.1849502295115788,0.037278743642930545,0.03761936026042277,0.09949398040771484,0.09611231088638306,0.10896444320678711,0.16092020273208618,0.1552707552909851,0.16823691129684448,0.025285417647487346,0.04708945317561672
星月款/6612.mp4,星月款,bad,0.0,0.0,0.0,1.3261494252873562,1.2314082710876297,0.03486515539514366,0.009432027811193556,0.1339813619852066,0.1253248155117035,0.15251308679580688,0.18862687051296234,0.17639286816120148,0.19249224662780762,0.05907508980254318,0.06074605889543823
基础款/6622.mp4,基础款,bad,0.0,0.0,0.0,1.1446779268090743,1.1391908212560387,0.14449747907590102,0.06176939710210766,0.08842907845973969,0.08658288419246674,0.10071182250976562,0.1528066098690033,0.13763710856437683,0.15900558233261108,0.012000524094354075,0.00770688434189423
基础款/6655.mp4,基础款,bad,0.125,1.0,0.0,1.4734069039768523,1.4668682441116387,0.0248102201959615,0.024205425099630272,0.17826873064041138,0.1635705679655075,0.18992996215820312,0.3837091326713562,0.3635416030883789,0.40134918689727783,0.2404535060982895,0.26051836186196925
基础款/6670.mp4,基础款,bad,0.0,0.0,0.0,1.488324731482773,1.488324731482773,0.02731202260545632,0.027315201033508877,0.08759942650794983,0.08636631071567535,0.09439420700073242,0.23805153369903564,0.2337072789669037,0.2714729905128479,0.25052731122237426,0.2750398260075317
基础款/6686.mp4,基础款,bad,0.0,0.0,0.0,0.9010505093378608,0.8442284919585812,0.12779002611747775,0.14391539434325176,0.14180517196655273,0.12668007612228394,0.23897743225097656,0.2506873607635498,0.2404058277606964,0.43116188049316406,0.2513177986489671,0.2919434160734559
森林款/6706.mp4,森林款,bad,0.0,0.0,0.0,1.2520712345103573,1.142405654825779,0.0059592459465881405,0.05017838721382593,0.14061331748962402,0.13248158991336823,0.15491461753845215,0.3129091262817383,0.2922084927558899,0.3411591053009033,0.014343545315504393,0.0243641362392333
基础款/6726.mp4,基础款,bad,0.0,0.0,0.0,1.1264267875312182,1.122807395529072,0.002272093159407043,0.004035555122154901,0.14489886164665222,0.14072555303573608,0.1514701247215271,0.19980308413505554,0.1983422487974167,0.24113136529922485,0.028073347219508778,0.0067791679491211185
甜品款/6733.mp4,甜品款,bad,0.0,0.0,0.625,1.130430814165754,1.050451851132057,0.16458985646580648,0.25139641395188866,0.1373363584280014,0.12907572090625763,0.1708815097808838,0.21336504817008972,0.1963951587677002,0.2578579783439636,0.15301438716373375,0.18346240379047618
冰晶款/6749.mp4,冰晶款,bad,0.0,0.0,0.0,1.1107565889432942,1.1048889054208204,0.1340154565778449,0.1288844931577304,0.13024550676345825,0.12581734359264374,0.13835030794143677,0.21671496331691742,0.20577678084373474,0.2551851272583008,0.04545661618797297,0.041515278161461756
星月款/6759.mp4,星月款,bad,0.0,0.0,0.0,1.788821027644528,1.5205047454331122,0.021476826115527026,0.002629517381129976,0.11157965660095215,0.10143972933292389,0.1159171462059021,0.23366571962833405,0.19854342937469482,0.24064958095550537,0.3583522747116676,0.2716299577059386
潜水款/6768.mp4,潜水款,bad,0.0,0.0,0.4375,1.1120689655172413,1.1057142857142856,0.025421397239017048,0.03214520657838681,0.13938426971435547,0.13672564923763275,0.14496076107025146,0.14844834804534912,0.14484180510044098,0.17148149013519287,0.05487878961150491,0.03527587052573257
基础款/6774.mp4,基础款,bad,0.0,0.0,0.0,1.1274352251261666,1.1254432624113475,0.028793873781347366,0.030131497406462808,0.157988041639328,0.13053260743618011,0.18687427043914795,0.3522387742996216,0.22756104171276093,0.39295274019241333,0.02717849415700675,0.004434351030537037
基础款/6787.mp4,基础款,bad,0.0,0.0,0.0,1.441930032110867,1.4260962633525915,0.01408510492799162,0.018163808970131208,0.10840806365013123,0.1052679568529129,0.11849260330200195,0.2974374294281006,0.2888118624687195,0.30480480194091797,0.21885868136209635,0.2323295054537777
基础款/6806.mp4,基础款,bad,0.0,0.0,0.0,1.2999029283913184,1.29325177114961,0.0025729043247720964,0.03242779480429999,0.10554641485214233,0.10035134851932526,0.10918700695037842,0.2353276163339615,0.21565718948841095,0.23822200298309326,0.1151657563088729,0.13454847931710154
基础款/6814.mp4,基础款,bad,0.0,0.0,0.0,1.08462892256294,1.0826161790017212,0.001681612524969539,0.0009057946691497069,0.10818317532539368,0.10348130762577057,0.12431752681732178,0.1530875265598297,0.14628402888774872,0.15840768814086914,0.0658859132621161,0.04323082026873661
基础款/6833.mp4,基础款,bad,0.0,0.0,0.0,1.3574558096674205,1.3477126341866226,0.06455327182317734,0.0636540928188534,0.10250376164913177,0.09788976609706879,0.18039894104003906,0.18016934394836426,0.18781419098377228,0.37507563829421997,0.15848838466249637,0.17579749026011554
森林款/6853.mp4,森林款,bad,1.0,16.0,0.0,1.455426624104909,1.3271159029649597,0.061820619484189786,0.14564497721144204,0.12323293089866638,0.11910311877727509,0.15118932723999023,0.31086570024490356,0.2573794722557068,0.41705089807510376,0.13615635713969446,0.1255076948519572
基础款/6868.mp4,基础款,bad,0.0,0.0,0.0,1.1825321275583056,1.1456393931572455,0.002995712746105362,0.0012267005843075592,0.23918947577476501,0.172694593667984,0.25413286685943604,0.4230608642101288,0.312334805727005,0.43265092372894287,0.020534175294951534,0.01335158300080228
基础款/6898.mp4,基础款,bad,0.0625,1.0,0.0,1.4817528515165463,1.3525280898876404,0.04502504256244436,0.2093839586259766,0.1530819535255432,0.1478668749332428,0.16719156503677368,0.330661416053772,0.3115350604057312,0.37427300214767456,0.24610191120640215,0.1793641802688837
基础款/6906.mp4,基础款,bad,0.0,0.0,0.0,1.0864677601809953,1.0684711042513286,0.07670099416850713,0.07328753688147664,0.08908487856388092,0.08669649064540863,0.1090552806854248,0.17615318298339844,0.1532752364873886,0.2490183711051941,0.06419198772451581,0.05638256798961242
基础款/6925.mp4,基础款,bad,0.0,0.0,0.0,1.3010033444816054,1.280588022396798,0.008771748580683811,0.03688783164740075,0.21593472361564636,0.20735140144824982,0.24379652738571167,0.364107608795166,0.342960387468338,0.387090802192688,0.11601193532533653,0.1247080448233308
基础款/6932.mp4,基础款,bad,0.0,0.0,0.0,1.3449745477184503,1.3171325969761356,0.048123359810610764,0.046050442676418016,0.11686871945858002,0.11022347211837769,0.12249559164047241,0.18469782173633575,0.17413091659545898,0.20589745044708252,0.14925125434291991,0.15284577865115256
基础款/6948.mp4,基础款,bad,0.0,0.0,0.0,1.1865835013890624,1.1853658536585365,0.03419603748410211,0.029098861480854082,0.11912396550178528,0.10971367359161377,0.13972198963165283,0.18092457950115204,0.17053574323654175,0.20079952478408813,0.023954335738366136,0.04744014408487429
基础款/6967.mp4,基础款,bad,0.0,0.0,0.0,0.9449323772216967,0.9057347213627926,0.1318621769496623,0.1855915677024516,0.138015478849411,0.12778905034065247,0.16182279586791992,0.2184029370546341,0.2042611837387085,0.2254009246826172,0.20376574744680806,0.2216201379591296
冰晶款/6999.mp4,冰晶款,bad,0.0,0.0,0.4375,,,,,0.1727178692817688,0.1727178692817688,0.1727178692817688,0.30692267417907715,0.30692267417907715,0.30692267417907715,,
基础款/7011.mp4,基础款,bad,0.0,0.0,0.0,1.1297975708502024,1.1228437571032892,0.03271762515010931,0.031893246691084086,0.12416248023509979,0.10953627526760101,0.13780748844146729,0.2224038690328598,0.1940387785434723,0.22698986530303955,0.025085359066339984,0.00674678395735316
花花款/7019.mp4,花花款,bad,0.0,0.0,0.0,1.4814386317907444,1.359096964638117,0.008789574139401107,0.003300193061460407,0.12514926493167877,0.12303079664707184,0.14822918176651,0.3120947778224945,0.31012022495269775,0.4138202667236328,0.09706594743496544,0.050335486237678896
基础款/7037.mp4,基础款,bad,0.0,0.0,0.0,1.360151663405088,1.3423561859732072,0.02022968440820953,0.005557873333882124,0.13513724505901337,0.13128508627414703,0.15774118900299072,0.24859146773815155,0.2410234659910202,0.25884437561035156,0.16047237583757898,0.17181509750312282
基础款/7080.mp4,基础款,bad,0.0,0.0,0.0,1.6721862695411485,1.6721862695411485,0.021443729584396616,0.029536335901482868,0.11331650614738464,0.10602743923664093,0.1422455906867981,0.17508774995803833,0.16584888100624084,0.21572405099868774,0.3670080787829445,0.39152059356810204
基础款/7104.mp4,基础款,bad,0.0625,1.0,0.0,1.4250826294528094,1.3572730529663546,0.021666909575168244,0.1080986271439322,0.17117977142333984,0.15557536482810974,0.19053375720977783,0.3039247691631317,0.28298473358154297,0.3912304639816284,0.20710596271801057,0.1828662585972489
潜水款/7153.mp4,潜水款,bad,0.0,0.0,0.0,0.909830007390983,0.9085995085995087,0.05644957145761842,0.05191673592537039,0.2063087671995163,0.1999605894088745,0.2618449926376343,0.3478708267211914,0.3113776445388794,0.4286174178123474,0.2555985048531469,0.23161827556162545
基础款/7245.mp4,基础款,bad,0.0,0.0,0.0,1.314809785683572,1.2540943261141937,0.02688850298642454,0.03673445488821814,0.10148140788078308,0.09735965728759766,0.11158454418182373,0.2392311543226242,0.2208985984325409,0.2557111978530884,0.12656817059424458,0.103802339451324
冰晶款/7317.mp4,冰晶款,bad,0.0,0.0,0.25,1.0979363667713304,0.9699340949187498,0.0071827965169867095,0.05264316170594797,0.19728294014930725,0.1883590966463089,0.2123929262161255,0.41530582308769226,0.41078874468803406,0.4686845541000366,0.05706562333333474,0.1717872231718776
潜水款/7324.mp4,潜水款,bad,0.0,0.0,0.3125,1.1350827111696677,1.1284495183612595,0.008646874301642961,0.012053615695768218,0.13452878594398499,0.13049465417861938,0.14918142557144165,0.1959361582994461,0.17658929526805878,0.2445666790008545,0.03439548131133431,0.014922826194370183
潜水款/7331.mp4,潜水款,bad,0.0,0.0,0.0,,,,,,,,,,,,
星月款/7355.mp4,星月款,bad,0.0,0.0,0.0,1.3019693654266957,1.2127201557586718,0.14125391454278194,0.09779832901971212,0.09006603062152863,0.08689749240875244,0.09834134578704834,0.15462303161621094,0.14774344861507416,0.1710646152496338,0.040673530285535574,0.04545350771376625
基础款/7365.mp4,基础款,bad,0.0,0.0,0.0,1.120127688172043,1.112759643916914,0.010634673303954784,0.003872924951618426,0.14896588027477264,0.14003413915634155,0.15445327758789062,0.23276768624782562,0.2135193943977356,0.25810110569000244,0.03368114879729119,0.01576822449921676
潜水款/7374.mp4,潜水款,bad,0.0,0.0,0.0625,1.2190669371196754,1.2190669371196754,0.034752578504849155,0.032677800070189,0.15427938103675842,0.153030127286911,0.18906742334365845,0.2404223382472992,0.22422213852405548,0.258952796459198,0.03698475762570521,0.06231835142046236
甜品款/7382.mp4,甜品款,bad,0.0,0.0,0.0,1.2587655793772579,1.2328412884530646,0.07677362286153475,0.08329060194549591,0.10127341747283936,0.0986955463886261,0.11111146211624146,0.1780855357646942,0.17221428453922272,0.19675040245056152,0.045481656866422804,0.023361313734192802
花花款/7430.mp4,花花款,bad,0.0,0.0,0.0625,1.4958217270194987,1.4068241469816274,0.09500539930699478,0.11401679518800488,0.13827484846115112,0.13030925393104553,0.15248602628707886,0.25342312455177307,0.24970485270023346,0.26928120851516724,0.10672798930548531,0.08484978956680682
基础款/7458.mp4,基础款,bad,0.0,0.0,0.0,1.315217391304348,1.2494569841613776,0.16727496733489558,0.24804268110136082,0.1610884666442871,0.14839127659797668,0.1814172863960266,0.31572282314300537,0.30367812514305115,0.3256736397743225,0.12687813364527736,0.10009772414152604
基础款/7465.mp4,基础款,bad,0.0,0.0,0.0,1.3741452991452991,1.3468568331855355,0.054599793586681065,0.05934947760051441,0.12407803535461426,0.11679019033908844,0.14172160625457764,0.1893274039030075,0.18099382519721985,0.20596015453338623,0.17070810232074737,0.17516228597963582
潜水款/7489.mp4,潜水款,bad,0.0,0.0,0.0,,,,,,,,,,,,
甜品款/7535.mp4,甜品款,bad,0.0,0.0,0.0,1.2115716753022454,1.2053050304708492,0.009088623896636176,0.01061708589117682,0.09996742010116577,0.09370391070842743,0.10800933837890625,0.20822125673294067,0.19782254099845886,0.2372928261756897,0.08369477673470442,0.045950137575114285
基础款/7552.mp4,基础款,bad,0.0,0.0,0.0,1.3089618271959922,1.1914490414710486,0.027735346804976545,0.04679946368748912,0.19596457481384277,0.17028091847896576,0.24741023778915405,0.43719086050987244,0.38614943623542786,0.45779645442962646,0.12211048979416098,0.05255892814129103
