rel,group,n_frames,rs_max,rs_p75,rs_mean,rs_last4,rs_slope,rs_jump_max,rs_jump_p90
甜品款/5605.mp4,bad,16,0.016141653060913086,0.012842923402786255,0.00940482219060262,0.012495771050453186,0.00023937587227140127,0.013290882110595703,0.01220099925994873
森林款/5610.mp4,bad,16,0.05553281307220459,0.0535028874874115,0.039673459529876706,0.03966362774372101,0.0005366008196558253,0.047384023666381836,0.03887559175491333
基础款/5612.mp4,bad,16,0.031013548374176025,0.02620905637741089,0.021672805150349934,0.018870294094085693,0.000287486825670514,0.025096893310546875,0.019097304344177245
基础款/5625.mp4,bad,16,0.04645991325378418,0.03536146879196167,0.029738171895345052,0.0312061607837677,0.0011008213673319128,0.023902058601379395,0.017485809326171872
基础款/5634.mp4,bad,16,0.054861247539520264,0.03083014488220215,0.024983934561411538,0.04329480230808258,0.0024159239871161323,0.039174556732177734,0.020245540142059325
基础款/5636.mp4,bad,16,0.02597975730895996,0.024121880531311035,0.017092331250508627,0.02482125163078308,0.0016981552754129676,0.018213510513305664,0.014595556259155273
甜品款/5638.mp4,bad,16,0.05230671167373657,0.041613638401031494,0.0384818156560262,0.04851086437702179,0.0016503944993019092,0.04446595907211304,0.025947535037994383
基础款/5641.mp4,bad,16,0.0373988151550293,0.028390318155288696,0.022744965553283692,0.028198331594467163,0.0013606558953012731,0.03307086229324341,0.024717557430267333
星月款/5645.mp4,bad,16,0.03755176067352295,0.014626622200012207,0.014185810089111328,0.011068955063819885,0.00026752224990299713,0.03796744346618652,0.013811540603637694
基础款/5650.mp4,bad,16,0.021129071712493896,0.018882453441619873,0.017228547732035318,0.016895443201065063,0.00019220645938600715,0.024811983108520508,0.008514869213104247
基础款/5652.mp4,bad,16,0.019187569618225098,0.01161414384841919,0.00962594747543335,0.014685660600662231,0.000916460369314466,0.012049674987792969,0.00604705810546875
基础款/5670.mp4,bad,16,0.04330325126647949,0.028539597988128662,0.024016765753428142,0.029389142990112305,0.0011940140809331616,0.02273350954055786,0.02173492908477783
冰晶款/5692.mp4,bad,13,0.03509843349456787,0.016162022948265076,0.013090302546819052,0.021518588066101074,0.0019613981482539734,0.021055936813354492,0.011131364107131959
基础款/5698.mp4,bad,16,0.03438210487365723,0.023641139268875122,0.01752947966257731,0.030954018235206604,0.0015825537698609482,0.03439068794250488,0.019846534729003905
森林款/5699.mp4,bad,16,0.13856589794158936,0.04630380868911743,0.04233561754226685,0.02723623812198639,0.0005628513438361017,0.09355771541595459,0.06319012641906738
基础款/5704.mp4,bad,16,0.043229520320892334,0.01695162057876587,0.017572951316833497,0.030419111251831055,0.001686948750700269,0.02667820453643799,0.016144311428070067
基础款/5707.mp4,bad,16,0.04644274711608887,0.03340178728103638,0.02794203758239746,0.028282806277275085,-0.00030206931488854636,0.039632976055145264,0.033503675460815424
基础款/5719.mp4,bad,16,0.02873098850250244,0.022394180297851562,0.01693828503290812,0.02332964539527893,0.001132771798542567,0.030924081802368164,0.028186047077178953
基础款/5739.mp4,bad,16,0.06853806972503662,0.061635226011276245,0.04727406501770019,0.05684022605419159,0.003078522639615193,0.03687816858291626,0.019236886501312254
甜品款/5741.mp4,bad,16,0.20894098281860352,0.12343347072601318,0.07717976967493693,0.04071812331676483,0.001778143005711687,0.20883792638778687,0.13493469953536985
森林款/5743.mp4,bad,16,0.06758427619934082,0.04011338949203491,0.03281697432200114,0.020296812057495117,0.00013741893427712348,0.03913944959640503,0.029460048675537108
基础款/5746.mp4,bad,16,0.04650610685348511,0.027374356985092163,0.024253555138905845,0.025232404470443726,0.001015375554561614,0.04996126890182495,0.029781436920166014
基础款/5753.mp4,bad,16,0.0654110312461853,0.05939176678657532,0.04008165200551351,0.015589326620101929,-0.0027280658483505274,0.05027848482131958,0.024173474311828612
基础款/5759.mp4,bad,16,0.04114365577697754,0.03696736693382263,0.030703282356262206,0.03776572644710541,0.0016768127679824816,0.023434340953826904,0.014350759983062742
冰晶款/5762.mp4,bad,16,0.011654019355773926,0.01062685251235962,0.008578642209370931,0.010524988174438477,0.00019799449614116103,0.013514876365661621,0.009719109535217284
基础款/5763.mp4,bad,15,0.1137460470199585,0.04604576528072357,0.04159312163080488,0.055892422795295715,0.0030466065301999958,0.08399540185928345,0.03120708465576173
基础款/5782.mp4,bad,16,0.04573708772659302,0.025363683700561523,0.023992403348286947,0.018277600407600403,-5.859051431928429e-05,0.033386826515197754,0.02646403312683105
基础款/5787.mp4,bad,16,0.04958552122116089,0.03317573666572571,0.030385311444600424,0.03990180790424347,0.0018676095775195527,0.019226789474487305,0.012087583541870117
基础款/5789.mp4,bad,16,0.061053574085235596,0.042765289545059204,0.03245590925216675,0.01972310245037079,-0.00046656174319131187,0.045609354972839355,0.03756114244461059
基础款/5798.mp4,bad,16,0.018994450569152832,0.016311973333358765,0.012081146240234375,0.014556512236595154,0.0009240220699991494,0.01453334093093872,0.009263277053833008
基础款/5802.mp4,bad,16,0.07026869058609009,0.04567486047744751,0.03744499286015828,0.03515970706939697,3.406831196376107e-05,0.043941378593444824,0.03610265254974365
基础款/5822.mp4,bad,16,0.03686928749084473,0.029177874326705933,0.02342435916264852,0.028737351298332214,0.0016314738563128874,0.014535784721374512,0.010864567756652831
冰晶款/5825.mp4,bad,4,,,,,,,
基础款/5843.mp4,bad,16,0.0473102331161499,0.03984355926513672,0.03477814594904582,0.028843820095062256,-0.0003672921231814812,0.0348658561706543,0.02810331583023071
花花款/5857.mp4,bad,16,0.09103965759277344,0.08220520615577698,0.05207302967707316,0.08413901925086975,0.006591642328671045,0.03132820129394531,0.029226028919219972
基础款/5867.mp4,bad,16,0.06656360626220703,0.04826352000236511,0.042866583665211996,0.04076014459133148,0.0010926020996911171,0.0305020809173584,0.026387643814086915
基础款/5887.mp4,bad,16,0.06898987293243408,0.02973240613937378,0.02343453566233317,0.03603062033653259,0.0022598490118980403,0.03640037775039673,0.02457824945449829
基础款/5894.mp4,bad,16,0.04308450222015381,0.033109962940216064,0.029863234361012778,0.035633787512779236,0.0007544939007077892,0.06746077537536621,0.017573428153991696
基础款/5903.mp4,bad,16,0.04460805654525757,0.035635411739349365,0.029579289754231772,0.028866007924079895,0.0010277833257402685,0.0277254581451416,0.01960029602050781
花花款/5912.mp4,bad,16,0.026103734970092773,0.018000632524490356,0.015862496693929036,0.02171514928340912,0.0005356207489967342,0.04848015308380127,0.030734324455261225
基础款/5916.mp4,bad,16,0.17074280977249146,0.05860653519630432,0.05637037754058838,0.13481687009334564,0.00939353150980813,0.11047065258026123,0.05562388896942137
冰晶款/5924.mp4,bad,15,0.11539077758789062,0.08749277889728546,0.06763118079730443,0.07822538912296295,-0.0011212597949212292,0.09488111734390259,0.05869948267936709
基础款/5927.mp4,bad,16,0.03385835886001587,0.023845762014389038,0.01735242207845052,0.007626205682754517,-0.00022073068789073527,0.01848578453063965,0.016184830665588377
基础款/5943.mp4,bad,16,0.08580434322357178,0.05264037847518921,0.04633804559707642,0.06795412302017212,0.001951811994825089,0.061786651611328125,0.03179576396942138
潜水款/5960.mp4,bad,16,0.08995115756988525,0.06499475240707397,0.04574696620305379,0.07091502845287323,0.005287847348621912,0.028121471405029297,0.01794755458831787
冰晶款/5963.mp4,bad,16,0.02719414234161377,0.022463202476501465,0.018844187259674072,0.02458067238330841,0.0011757220540727885,0.029665350914001465,0.02483224868774414
基础款/5964.mp4,bad,16,0.02754056453704834,0.021387308835983276,0.017354238033294677,0.02313026785850525,0.0012112894228526521,0.01531982421875,0.014830708503723145
基础款/5972.mp4,bad,16,0.15146160125732422,0.12997955083847046,0.0812316377957662,0.0565820187330246,-0.004289785666125164,0.1593858003616333,0.1499563217163086
基础款/5977.mp4,bad,16,0.015041649341583252,0.007389932870864868,0.006582152843475342,0.007302090525627136,0.00022049610103879618,0.005322396755218506,0.004012191295623778
基础款/5986.mp4,bad,16,0.07879763841629028,0.05142343044281006,0.03317542870839437,0.019078031182289124,-0.000953270920685361,0.07268416881561279,0.04845733642578124
花花款/5996.mp4,bad,16,0.03628182411193848,0.020547866821289062,0.01782231330871582,0.017994657158851624,0.000609285916600908,0.021947622299194336,0.01622391939163208
花花款/6011.mp4,bad,15,0.020761072635650635,0.010237127542495728,0.007855266332626343,0.00801759958267212,0.000444511185840211,0.019362926483154297,0.014275121688842774
花花款/6012.mp4,bad,16,0.061736106872558594,0.04710772633552551,0.03222769101460775,0.05421760678291321,0.0031453187976564676,0.020592093467712402,0.018204689025878906
基础款/6022.mp4,bad,16,0.009752094745635986,0.007267504930496216,0.005886312325795492,0.00483471155166626,-0.00012499264308384506,0.005587756633758545,0.00518331527709961
基础款/6031.mp4,bad,16,0.0184209942817688,0.01694786548614502,0.014870476722717286,0.01471051573753357,2.217250210898198e-05,0.014289379119873047,0.01005634069442749
基础款/6040.mp4,bad,16,0.06045055389404297,0.04396778345108032,0.03249841531117757,0.037576332688331604,0.002593715063163211,0.07842421531677246,0.026100957393646238
花花款/6043.mp4,bad,16,0.015171349048614502,0.012059569358825684,0.010615988572438558,0.012964382767677307,0.00035174233572823617,0.01178056001663208,0.008631289005279541
基础款/6045.mp4,bad,16,0.06984156370162964,0.06474578380584717,0.04421349366505941,0.06760907173156738,0.004822245665958949,0.03895366191864014,0.021049308776855468
森林款/6060.mp4,bad,16,0.031192302703857422,0.026447713375091553,0.01954834461212158,0.023571059107780457,0.0011096884097371777,0.017503023147583008,0.014244985580444335
潜水款/6066.mp4,bad,3,,,,,,,
基础款/6072.mp4,bad,16,0.008150815963745117,0.007377117872238159,0.005781718095143636,0.007708460092544556,0.00041308488164629235,0.008420288562774658,0.005553269386291503
潜水款/6098.mp4,bad,0,,,,,,,
潜水款/6108.mp4,bad,15,0.01595020294189453,0.006731137633323669,0.007143778460366386,0.0064352452754974365,2.967445192122998e-06,0.017050862312316895,0.007840734720230105
基础款/6114.mp4,bad,16,0.04680931568145752,0.04203769564628601,0.032110687096913657,0.0265490859746933,-0.0015186054365975523,0.052124738693237305,0.03985885381698608
基础款/6124.mp4,bad,16,0.05543798208236694,0.030708909034729004,0.024867570400238036,0.0247422456741333,0.001345184658254895,0.02797180414199829,0.022286915779113767
冰晶款/6131.mp4,bad,16,0.029836654663085938,0.022047489881515503,0.01838711102803548,0.024115905165672302,0.0003957852721214287,0.0329398512840271,0.022738838195800783
冰晶款/6145.mp4,bad,16,0.03343653678894043,0.018756449222564697,0.014706552028656006,0.009961053729057312,0.000145486210073743,0.02944272756576538,0.020388698577880858
基础款/6147.mp4,bad,16,0.14805126190185547,0.025214463472366333,0.028012561798095702,0.017500996589660645,0.0008059167436191003,0.16143882274627686,0.10253736972808833
基础款/6156.mp4,bad,16,0.09000831842422485,0.03037402033805847,0.025598859786987303,0.017122983932495117,-0.0012286282011440843,0.05224132537841797,0.03925871849060058
星月款/6167.mp4,bad,16,0.023903846740722656,0.01900726556777954,0.014426187674204508,0.012091591954231262,0.00036144980362483396,0.023832738399505615,0.018267166614532468
基础款/6172.mp4,bad,16,0.07199668884277344,0.03942272067070007,0.034728717803955075,0.020785197615623474,-0.002271591552666258,0.10519945621490479,0.04264390468597412
基础款/6176.mp4,bad,16,0.03760403394699097,0.03081616759300232,0.02544956604639689,0.02673017978668213,0.00022697384868349262,0.03686445951461792,0.02761585712432861
基础款/6178.mp4,bad,16,0.21336078643798828,0.09282910823822021,0.06222218672434489,0.12085035443305969,0.004888911332402908,0.20512568950653076,0.1503675103187561
基础款/6187.mp4,bad,16,0.14795374870300293,0.10248655080795288,0.06928149064381918,0.09374977648258209,0.004287405099187577,0.12328261137008667,0.10126245021820067
花花款/6188.mp4,bad,16,0.08009707927703857,0.06406056880950928,0.04562819798787435,0.04771497845649719,0.002150078969342367,0.051317811012268066,0.03715767860412598
基础款/6196.mp4,bad,16,0.04218369722366333,0.032958656549453735,0.01913610299428304,0.030140593647956848,0.0024418173091752186,0.024010658264160156,0.0143190860748291
基础款/6198.mp4,bad,16,0.03105705976486206,0.020002752542495728,0.01732469399770101,0.02143046259880066,0.000290553271770477,0.05139625072479248,0.0354424238204956
基础款/6199.mp4,bad,16,0.03185248374938965,0.0185014009475708,0.015092567602793375,0.017953619360923767,0.0009073661906378609,0.02258223295211792,0.014665746688842771
花花款/6207.mp4,bad,16,0.05345308780670166,0.04066258668899536,0.029618831475575765,0.030759111046791077,0.0016609506947653624,0.04064720869064331,0.02955068349838257
基础款/6210.mp4,bad,16,0.052798688411712646,0.026848286390304565,0.024546035130818687,0.02396172285079956,2.7381948062341566e-06,0.04456108808517456,0.035420894622802734
基础款/6211.mp4,bad,16,0.05468189716339111,0.03422275185585022,0.02959280014038086,0.037107184529304504,0.0006250628403254906,0.03624081611633301,0.03143600225448608
基础款/6221.mp4,bad,16,0.0410768985748291,0.012447953224182129,0.011536673704783122,0.009163767099380493,-0.000261150513376509,0.02145165205001831,0.020061564445495606
基础款/6222.mp4,bad,16,0.10052144527435303,0.07580310106277466,0.06123895247777303,0.07482422888278961,0.004295190317290168,0.07702994346618652,0.039667010307312005
基础款/6227.mp4,bad,0,,,,,,,
星月款/6230.mp4,bad,16,0.0670243501663208,0.04935568571090698,0.04121044874191284,0.048162177205085754,0.001722415004457745,0.03783547878265381,0.02261446714401245
基础款/6237.mp4,bad,16,0.06765109300613403,0.06096184253692627,0.050403130054473874,0.0422239750623703,-0.0008084635649408633,0.046116769313812256,0.03667793273925781
基础款/6244.mp4,bad,16,0.05168259143829346,0.041210830211639404,0.024712467193603517,0.02463892102241516,0.0006599241069384973,0.048976898193359375,0.04408094882965088
基础款/6246.mp4,bad,16,0.05213725566864014,0.04297319054603577,0.03551672697067261,0.03280055522918701,-1.1668673583441388e-05,0.04691803455352783,0.025608146190643312
潜水款/6248.mp4,bad,13,,,,,,,
潜水款/6251.mp4,bad,0,,,,,,,
花花款/6255.mp4,bad,16,0.07462728023529053,0.05516591668128967,0.042504298686981204,0.04994778335094452,0.003337726848466054,0.029508471488952637,0.019534063339233396
基础款/6256.mp4,bad,16,0.03064703941345215,0.01996716856956482,0.017215275764465333,0.02038395404815674,0.0007777416280337734,0.03341865539550781,0.03146369457244873
基础款/6272.mp4,bad,16,0.01723039150238037,0.005849391222000122,0.006376254558563233,0.0045490264892578125,0.00024355586086000688,0.013794779777526855,0.009439706802368162
基础款/6275.mp4,bad,16,0.05869650840759277,0.03936266899108887,0.034322349230448405,0.031411826610565186,0.0005037252392087658,0.02603781223297119,0.02444065809249878
花花款/6277.mp4,bad,16,0.07014584541320801,0.05938619375228882,0.05334742863972982,0.05889475345611572,0.0018786138721874767,0.05019265413284302,0.0352668285369873
基础款/6285.mp4,bad,16,0.029950857162475586,0.02210858464241028,0.020607992013295492,0.017986983060836792,-4.989100354058558e-05,0.023265302181243896,0.017105162143707275
森林款/6286.mp4,bad,16,0.047768235206604004,0.025124669075012207,0.022509249051411946,0.03216138482093811,0.0009378833430153977,0.028107285499572754,0.021840155124664307
基础款/6288.mp4,bad,16,0.12188506126403809,0.07317698001861572,0.06560599009195964,0.06999893486499786,0.0021026713507516018,0.061800479888916016,0.043556261062622066
潜水款/6300.mp4,bad,14,,,,,,,
基础款/6301.mp4,bad,16,0.06542760133743286,0.06070512533187866,0.056748616695404056,0.061759427189826965,0.0015493226902825476,0.06092566251754761,0.01707193851470947
花花款/6304.mp4,bad,15,,,,,,,
基础款/6306.mp4,bad,16,0.05371904373168945,0.04332536458969116,0.035531850655873616,0.0434439480304718,0.0021788488541330596,0.04270124435424805,0.025639200210571284
基础款/6310.mp4,bad,16,0.05672037601470947,0.031030327081680298,0.023998045921325685,0.029247120022773743,-0.00030749929802758344,0.05672037601470947,0.039757275581359865
潜水款/6316.mp4,bad,0,,,,,,,
星月款/6318.mp4,bad,16,0.03945517539978027,0.03361380100250244,0.028616603215535483,0.030662238597869873,0.0002677323562758299,0.027938365936279297,0.02350938320159912
基础款/6322.mp4,bad,16,0.04403281211853027,0.03921341896057129,0.03178069988886515,0.030023321509361267,0.0007183094109807682,0.04901248216629028,0.031715226173400876
花花款/6325.mp4,bad,16,0.03995484113693237,0.025924861431121826,0.017178002993265787,0.028025195002555847,0.0016077105488095963,0.04685896635055542,0.02989405393600463
冰晶款/6330.mp4,bad,15,0.162339448928833,0.12979164719581604,0.09553344760622297,0.1366262286901474,0.008210488764109038,0.1386818289756775,0.0731084704399109
基础款/6332.mp4,bad,16,0.08461523056030273,0.07108485698699951,0.045686229070027666,0.02747081220149994,-0.001153292187622619,0.08871257305145264,0.07126331329345702
基础款/6344.mp4,bad,16,0.05159008502960205,0.02244555950164795,0.01832136313120524,0.04091738164424896,0.0028971946665218894,0.0246962308883667,0.016636788845062256
基础款/6349.mp4,bad,16,0.037362754344940186,0.03252473473548889,0.01839338938395182,0.028733953833580017,0.0025646118181092397,0.023996829986572266,0.019917058944702148
基础款/6351.mp4,bad,16,0.09229207038879395,0.06521448493003845,0.040554336706797284,0.06723369657993317,0.005364158749580383,0.07803845405578613,0.0221285343170166
基础款/6354.mp4,bad,16,0.06631278991699219,0.03605493903160095,0.032802549997965495,0.0520806610584259,0.003065122663974761,0.024464547634124756,0.02048203945159912
基础款/6370.mp4,bad,16,0.09009367227554321,0.0416429340839386,0.034007648626963295,0.029612019658088684,-0.0004337579011917128,0.09566259384155273,0.07833005189895628
基础款/6373.mp4,bad,16,0.046115100383758545,0.041989147663116455,0.03412375450134277,0.04121825098991394,0.001875363503183636,0.020110785961151123,0.01740899085998535
基础款/6382.mp4,bad,16,0.07133346796035767,0.03198409080505371,0.02964204947153727,0.027207568287849426,-0.0013990285141127468,0.03438735008239746,0.0286007285118103
森林款/6383.mp4,bad,16,0.08407026529312134,0.04214900732040405,0.03006385564804077,0.010730236768722534,-0.004124911980969569,0.08407026529312134,0.03489452600479125
基础款/6390.mp4,bad,16,0.04419130086898804,0.036165207624435425,0.027339609464009602,0.03845834732055664,0.0019920802542141495,0.030607640743255615,0.01995234489440918
基础款/6402.mp4,bad,16,0.059659600257873535,0.05517926812171936,0.04871799151102702,0.05683326721191406,0.0012371388929230814,0.03989994525909424,0.015212821960449216
冰晶款/6405.mp4,bad,0,,,,,,,
基础款/6406.mp4,bad,16,0.03122168779373169,0.023021280765533447,0.019984861214955647,0.024486839771270752,0.0006441484604563027,0.021876931190490723,0.017149484157562254
基础款/6418.mp4,bad,16,0.06556951999664307,0.05006808042526245,0.03985165357589722,0.0313323438167572,-0.0012964770197868374,0.05071932077407837,0.04590120315551757
基础款/6419.mp4,bad,16,0.24403953552246094,0.20979297161102295,0.1794432004292806,0.2063426673412323,0.00965465413672583,0.2777522802352905,0.14448683261871337
基础款/6422.mp4,bad,16,0.03950542211532593,0.029856353998184204,0.021746607621510823,0.013276949524879456,-0.000455425466809955,0.03584396839141846,0.022564435005187986
潜水款/6424.mp4,bad,0,,,,,,,
基础款/6426.mp4,bad,16,0.04666554927825928,0.029147863388061523,0.024505257606506348,0.031804159283638,0.001549577287265232,0.0653720498085022,0.02321674823760986
花花款/6429.mp4,bad,16,0.03316855430603027,0.01950564980506897,0.013843019803365072,0.015213832259178162,8.115172386168567e-06,0.032436370849609375,0.013094961643218992
基础款/6434.mp4,bad,16,0.07089018821716309,0.02007758617401123,0.019866212209065755,0.03176628053188324,0.002768546342849731,0.054386258125305176,0.040081918239593506
星月款/6437.mp4,bad,4,,,,,,,
潜水款/6462.mp4,bad,0,,,,,,,
基础款/6463.mp4,bad,16,0.1042783260345459,0.10102018713951111,0.07050403753916422,0.09725402295589447,0.006392748015267506,0.0723562240600586,0.04472568035125732
基础款/6467.mp4,bad,16,0.12330198287963867,0.06050652265548706,0.04700496196746826,0.10059669613838196,0.006745507248810359,0.04636138677597046,0.028909969329833984
基础款/6470.mp4,bad,16,0.05485254526138306,0.047257035970687866,0.03949981927871704,0.037756145000457764,0.0009336337447166423,0.036850571632385254,0.021599841117858884
潜水款/6473.mp4,bad,4,,,,,,,
基础款/6474.mp4,bad,16,0.029204130172729492,0.02093416452407837,0.014551349480946859,0.009048402309417725,-0.0001551977225712376,0.01863253116607666,0.015602588653564453
基础款/6475.mp4,bad,16,0.06780755519866943,0.05692937970161438,0.041916974385579425,0.04700097441673279,0.002061361500195093,0.057851552963256836,0.04707964658737183
基础款/6483.mp4,bad,16,0.08516311645507812,0.04984766244888306,0.046789920330047606,0.0399242639541626,-0.00040966570377350294,0.03174096345901489,0.020529150962829586
甜品款/6487.mp4,bad,16,0.13166499137878418,0.021354377269744873,0.031349186102549234,0.059317395091056824,0.004957288716520581,0.14527952671051025,0.11135154962539673
潜水款/6495.mp4,bad,0,,,,,,,
基础款/6496.mp4,bad,16,0.053227245807647705,0.036807358264923096,0.022088249524434406,0.04441545903682709,0.003390961459704807,0.02435833215713501,0.01560159921646118
基础款/6497.mp4,bad,16,0.05078798532485962,0.02941688895225525,0.026508148511250815,0.024915605783462524,-0.0003098711371421834,0.049899280071258545,0.0480033278465271
基础款/6505.mp4,bad,0,,,,,,,
冰晶款/6507.mp4,bad,16,0.03807765245437622,0.03144654631614685,0.02668635845184326,0.02563135325908661,-0.0006636323673384539,0.03741568326950073,0.03158338069915771
基础款/6508.mp4,bad,16,0.08051145076751709,0.06835713982582092,0.042331910133361815,0.031471818685531616,0.0009716144629887158,0.06741595268249512,0.05740878582000732
星月款/6509.mp4,bad,15,0.04045206308364868,0.026503190398216248,0.02283986977168492,0.03273369371891022,0.001529307896731097,0.0396728515625,0.015866518020629883
基础款/6513.mp4,bad,16,0.12924623489379883,0.05117902159690857,0.04718103408813477,0.0267021507024765,-0.0028752629246030564,0.12880468368530273,0.09521701335906979
星月款/6515.mp4,bad,16,0.08357822895050049,0.042194485664367676,0.02966771920522054,0.05710573494434357,0.004366719084126609,0.02463078498840332,0.021517074108123778
基础款/6516.mp4,bad,16,0.03503817319869995,0.02905365824699402,0.02113121747970581,0.03161868453025818,0.0014028346964291157,0.029417693614959717,0.025996851921081542
基础款/6517.mp4,bad,16,0.05645191669464111,0.0419347882270813,0.036935635407765705,0.03812362253665924,0.0005943675126348205,0.04552870988845825,0.03928145170211792
基础款/6521.mp4,bad,16,0.06760764122009277,0.05984887480735779,0.052189743518829344,0.06286406517028809,0.0019644330654825463,0.04283106327056885,0.02674143314361572
潜水款/6523.mp4,bad,1,,,,,,,
基础款/6524.mp4,bad,0,,,,,,,
基础款/6528.mp4,bad,16,0.20960164070129395,0.19847112894058228,0.13498109976450604,0.19760140776634216,0.01668171882629394,0.10862481594085693,0.035048377513885495
基础款/6529.mp4,bad,16,0.03786623477935791,0.034542351961135864,0.023029319445292153,0.03054089844226837,0.002132199491773332,0.031154870986938477,0.028866505622863768
基础款/6538.mp4,bad,16,0.028572440147399902,0.02103966474533081,0.018764992554982502,0.017612680792808533,8.650294372013563e-05,0.02871108055114746,0.028302097320556642
基础款/6539.mp4,bad,16,0.020935118198394775,0.010675221681594849,0.008908267815907795,0.007094979286193848,7.728061505726371e-05,0.01778125762939453,0.014873170852661132
甜品款/6542.mp4,bad,16,0.08311986923217773,0.06780272722244263,0.05200355450312297,0.07029181718826294,0.0029082317437444396,0.04547327756881714,0.03335675001144409
基础款/6545.mp4,bad,16,0.07448011636734009,0.07107365131378174,0.05539843241373698,0.07241132855415344,0.003884348699024743,0.03332120180130005,0.0233083963394165
基础款/6546.mp4,bad,16,0.09515380859375,0.059674859046936035,0.03548734585444133,0.06354740262031555,0.005890181660652161,0.10029292106628418,0.08862667083740233
基础款/6549.mp4,bad,16,0.08938491344451904,0.06870201230049133,0.06532797813415528,0.06437833607196808,0.00027929991483687964,0.0798833966255188,0.06842180490493774
基础款/6550.mp4,bad,16,0.08028262853622437,0.07373887300491333,0.05091469685236613,0.07340581715106964,0.004608498087951114,0.035351336002349854,0.03138356208801269
冰晶款/6551.mp4,bad,16,0.044233083724975586,0.029210567474365234,0.024111692110697427,0.037084370851516724,0.001975767314434051,0.0383334755897522,0.024324154853820796
冰晶款/6556.mp4,bad,16,0.05421018600463867,0.04012003540992737,0.03268687725067139,0.033845484256744385,0.000841265703950608,0.03704965114593506,0.03213026523590088
星月款/6563.mp4,bad,16,0.12280428409576416,0.08887588977813721,0.06877959966659546,0.07808466255664825,0.0037867635488510105,0.06751859188079834,0.046534454822540275
基础款/6568.mp4,bad,16,0.036878347396850586,0.029403626918792725,0.023373691240946452,0.03524123132228851,0.0017258748412132259,0.05401676893234253,0.01740652322769165
基础款/6570.mp4,bad,16,0.06734049320220947,0.055305808782577515,0.0478019118309021,0.04991014301776886,0.0017092962350164123,0.02826821804046631,0.02389397621154785
基础款/6578.mp4,bad,16,0.02061218023300171,0.018780648708343506,0.014785329500834147,0.01899932324886322,0.0006219580769538875,0.022552490234375,0.009693741798400879
基础款/6579.mp4,bad,16,0.05362623929977417,0.04418891668319702,0.031194146474202475,0.04181092977523804,0.0028279051184654227,0.05614346265792847,0.02459421157836914
基础款/6581.mp4,bad,16,0.07921802997589111,0.04558378458023071,0.02867997487386068,0.01051419973373413,-0.0032535791397094753,0.07200002670288086,0.028246188163757322
基础款/6590.mp4,bad,16,0.04525625705718994,0.03528118133544922,0.02284119129180908,0.0407351553440094,0.002497358194419315,0.036061882972717285,0.02668817043304443
基础款/6597.mp4,bad,16,0.052451372146606445,0.03298559784889221,0.022597646713256835,0.018402352929115295,-0.0003462025097438281,0.04442489147186279,0.031038153171539306
花花款/6598.mp4,bad,11,,,,,,,
基础款/6602.mp4,bad,16,0.07897287607192993,0.044587939977645874,0.03921211957931518,0.038640618324279785,-0.00019251150744302125,0.0588223934173584,0.033914148807525635
基础款/6608.mp4,bad,16,0.04809373617172241,0.03637343645095825,0.028027514616648357,0.03557199239730835,0.0013194718531199855,0.043734848499298096,0.03244612216949463
潜水款/6609.mp4,bad,0,,,,,,,
基础款/6610.mp4,bad,16,0.06062328815460205,0.04630857706069946,0.033850789070129395,0.03911571204662323,0.001897735893726348,0.05565160512924194,0.03916313648223877
基础款/6614.mp4,bad,16,0.13287901878356934,0.12141436338424683,0.07279709974924724,0.12526986002922058,0.009074720740318298,0.14727067947387695,0.09100208282470701
基础款/6616.mp4,bad,16,0.31961214542388916,0.2950219511985779,0.26852793296178185,0.3100670576095581,0.007436791488102498,0.20952153205871582,0.1161494255065918
基础款/6617.mp4,bad,16,0.04735827445983887,0.03961259126663208,0.032692853609720865,0.03539755940437317,0.00017774701118469192,0.03875446319580078,0.03662796020507812
潜水款/6620.mp4,bad,0,,,,,,,
基础款/6629.mp4,bad,16,0.058675527572631836,0.053828418254852295,0.040890514850616455,0.05585402250289917,0.0021547445229121607,0.04112124443054199,0.03450568914413452
基础款/6630.mp4,bad,16,0.10385900735855103,0.05429559946060181,0.046174744764963783,0.04374535381793976,0.00042931501354489767,0.08254420757293701,0.05277929306030273
基础款/6636.mp4,bad,16,0.04539567232131958,0.026870548725128174,0.025090746084849038,0.023621559143066406,-0.00019011646509170614,0.05090206861495972,0.03320996761322021
基础款/6638.mp4,bad,16,0.10622471570968628,0.04231563210487366,0.04267987012863159,0.07939793169498444,0.005651668778487614,0.06907200813293457,0.027532124519348142
甜品款/6639.mp4,bad,16,0.07973223924636841,0.049041539430618286,0.03805416027704875,0.04722151160240173,0.002790591759341103,0.11147916316986084,0.0739922523498535
基础款/6641.mp4,bad,16,0.030374646186828613,0.027068912982940674,0.024225874741872152,0.028676629066467285,0.0008512384125164569,0.02349066734313965,0.010999917984008789
冰晶款/6650.mp4,bad,16,0.4217766523361206,0.19567376375198364,0.11126381556193034,0.10283169150352478,-0.0023945433752877395,0.41948413848876953,0.4145452380180359
基础款/6652.mp4,bad,16,0.06372302770614624,0.05154526233673096,0.03652827342351277,0.05800943076610565,0.0035000577569007864,0.03520423173904419,0.023345375061035154
冰晶款/6654.mp4,bad,15,0.39115697145462036,0.38353684544563293,0.3059594120298113,0.3812369704246521,0.01942999746118274,0.3873254060745239,0.37344855666160587
星月款/6661.mp4,bad,16,0.08544886112213135,0.04205191135406494,0.04342904090881348,0.02997143566608429,-0.0016492230551583443,0.049990832805633545,0.03422081470489502
基础款/6664.mp4,bad,16,0.03955185413360596,0.02197510004043579,0.02010759909947713,0.021571055054664612,-0.0003269325409616753,0.05033111572265625,0.0225827693939209
基础款/6667.mp4,bad,16,0.05551046133041382,0.03683042526245117,0.02870055039723714,0.03696739673614502,0.0012289709278515395,0.04927170276641846,0.024822211265563963
潜水款/6669.mp4,bad,14,0.0772828459739685,0.04350847005844116,0.03396164453946627,0.03262053430080414,0.0005920040663949666,0.07200503349304199,0.04349399805068972
基础款/6678.mp4,bad,16,0.06179964542388916,0.05478936433792114,0.033088548978169756,0.054121434688568115,0.0048750260046550205,0.05177915096282959,0.04055361747741699
基础款/6681.mp4,bad,16,0.05055356025695801,0.034155309200286865,0.02708804210027059,0.04404512047767639,0.002357656402247292,0.04663968086242676,0.027543592453002926
甜品款/6689.mp4,bad,16,0.09047532081604004,0.02757200598716736,0.02582629919052124,0.034400343894958496,0.002026934070246559,0.07111227512359619,0.06588097810745239
基础款/6690.mp4,bad,16,0.04431527853012085,0.03578159213066101,0.0212749441464742,0.018090277910232544,0.0009297605071748997,0.038625478744506836,0.02824158668518066
基础款/6694.mp4,bad,16,0.03616052865982056,0.029546618461608887,0.02219185431798299,0.02855868637561798,0.0009560089026178623,0.0424807071685791,0.0336302399635315
冰晶款/6699.mp4,bad,15,0.033563852310180664,0.025433242321014404,0.02013953242983137,0.01551172137260437,-0.0004054896930265702,0.06374448537826538,0.03972677588462833
基础款/6702.mp4,bad,16,0.18379151821136475,0.07573363184928894,0.0494124968846639,0.10413499176502228,0.00809028446674347,0.1394760012626648,0.05204527378082275
冰晶款/6703.mp4,bad,16,0.05799269676208496,0.048440754413604736,0.03458955685297648,0.04169553518295288,0.0029961145349911276,0.05307197570800781,0.04465724229812622
基础款/6707.mp4,bad,16,0.08328264951705933,0.05055859684944153,0.04451923767725627,0.04536813497543335,0.0018949581044060825,0.03167915344238281,0.027964735031127928
潜水款/6708.mp4,bad,1,,,,,,,
星月款/6711.mp4,bad,16,0.0464475154876709,0.03938087821006775,0.03691465854644775,0.03778785467147827,0.0006092652678489666,0.02517688274383545,0.011449813842773436
基础款/6721.mp4,bad,16,0.03054976463317871,0.026250183582305908,0.018827986717224122,0.01514706015586853,-6.451691899980886e-05,0.04439234733581543,0.02518517971038818
花花款/6724.mp4,bad,16,0.15915030241012573,0.08724841475486755,0.06924560070037841,0.1310536116361618,0.007348130856241497,0.1398237943649292,0.08377236127853392
基础款/6725.mp4,bad,16,0.09478986263275146,0.039111167192459106,0.034130926926930746,0.03176090121269226,0.0019379358206476468,0.09624558687210083,0.0567345380783081
森林款/6727.mp4,bad,16,0.04663270711898804,0.03722745180130005,0.028498494625091554,0.02215878665447235,0.00018117960010255934,0.050488412380218506,0.03926718235015869
潜水款/6730.mp4,bad,0,,,,,,,
基础款/6731.mp4,bad,16,0.05126672983169556,0.04085427522659302,0.028035712242126466,0.035990044474601746,0.002823173361165182,0.016242623329162598,0.013229799270629882
基础款/6735.mp4,bad,16,0.04787254333496094,0.025507211685180664,0.022891902923583986,0.03962588310241699,0.0024623777185167578,0.03645724058151245,0.030240869522094725
基础款/6736.mp4,bad,16,0.1064600944519043,0.058550894260406494,0.04941513538360596,0.044208139181137085,0.0006526602166039583,0.07874345779418945,0.04288281202316284
潜水款/6738.mp4,bad,0,,,,,,,
冰晶款/6752.mp4,bad,16,0.06192648410797119,0.043865203857421875,0.03879850308100383,0.05089510977268219,0.00148577434676034,0.04232048988342285,0.03610525131225586
星月款/6754.mp4,bad,16,0.10340356826782227,0.08385977149009705,0.07110140721003215,0.0772877037525177,0.0015172194157327898,0.15609979629516602,0.10016009807586669
基础款/6758.mp4,bad,16,0.059825122356414795,0.049186527729034424,0.035442849000295006,0.03369075059890747,-0.0005362063646316539,0.06567353010177612,0.04792654514312744
基础款/6762.mp4,bad,16,0.020709753036499023,0.008959084749221802,0.008048566182454427,0.005587741732597351,-6.71961477824625e-05,0.02405393123626709,0.012598490715026854
基础款/6763.mp4,bad,16,0.09209674596786499,0.04555627703666687,0.036060452461242676,0.026919350028038025,0.0011336062635694212,0.07909321784973145,0.061364257335662836
基础款/6765.mp4,bad,16,0.02657020092010498,0.021799921989440918,0.019452051321665446,0.018358707427978516,-0.0002200288431985048,0.01894378662109375,0.016079688072204588
基础款/6766.mp4,bad,16,0.043410420417785645,0.025650352239608765,0.02106642723083496,0.03468641638755798,0.002125088019030434,0.02460557222366333,0.012408280372619629
基础款/6769.mp4,bad,16,0.07605248689651489,0.061274826526641846,0.05805495977401733,0.05930125713348389,0.0011419377156666323,0.039270877838134766,0.01688476800918579
基础款/6770.mp4,bad,16,0.052060484886169434,0.03713709115982056,0.02865112622578939,0.01941084861755371,-0.00016519938196454852,0.048295676708221436,0.026830673217773438
冰晶款/6771.mp4,bad,16,0.0643991231918335,0.05195820331573486,0.03922296365102132,0.02895475924015045,-0.0005311037812914181,0.05103021860122681,0.03232952356338501
冰晶款/6772.mp4,bad,0,,,,,,,
森林款/6776.mp4,bad,16,0.12495589256286621,0.11787194013595581,0.08070473273595175,0.12092678248882294,0.008718129140990119,0.06652259826660156,0.054618048667907704
基础款/6777.mp4,bad,16,0.08586394786834717,0.07441538572311401,0.04304728905359904,0.06907111406326294,0.002282814042908803,0.08424723148345947,0.06046853065490722
基础款/6802.mp4,bad,16,0.05658257007598877,0.036453038454055786,0.031278630097707115,0.0200321227312088,-0.0005392606769289309,0.038111746311187744,0.031483352184295654
基础款/6804.mp4,bad,16,0.08465737104415894,0.07331910729408264,0.042250323295593264,0.07758300006389618,0.005990698720727648,0.054087162017822266,0.026296639442443842
潜水款/6805.mp4,bad,16,0.0652914047241211,0.04343700408935547,0.03746744791666667,0.03273431956768036,0.0002590745687484725,0.03531002998352051,0.02476400136947632
星月款/6808.mp4,bad,16,0.0460246205329895,0.004188179969787598,0.006208992004394532,0.01453794538974762,0.0010127212320055281,0.042176127433776855,0.02633937597274779
基础款/6809.mp4,bad,16,0.035657405853271484,0.026743948459625244,0.023269848028818766,0.028851866722106934,0.0012421439800943638,0.032688677310943604,0.02596199512481689
基础款/6810.mp4,bad,16,0.1766263246536255,0.14083382487297058,0.07998581329981486,0.14705176651477814,0.012025905294077736,0.17435979843139648,0.0603866696357727
基础款/6811.mp4,bad,16,0.058184027671813965,0.050191521644592285,0.03892354567845662,0.03449004888534546,0.000597154668399264,0.052200913429260254,0.0453258752822876
潜水款/6816.mp4,bad,14,0.048826396465301514,0.03432059288024902,0.022909100239093486,0.03891861438751221,0.002899634773501381,0.06665122509002686,0.031022596359252946
基础款/6818.mp4,bad,16,0.0606037974357605,0.04347658157348633,0.036715932687123615,0.03836546838283539,0.0006819854889597197,0.025057673454284668,0.024684786796569824
冰晶款/6819.mp4,bad,10,,,,,,,
冰晶款/6820.mp4,bad,5,0.029230713844299316,0.018541842699050903,0.014777451753616333,0.014777451753616333,0.006678426265716552,0.031584858894348145,0.029668921232223512
基础款/6823.mp4,bad,16,0.032257080078125,0.023136377334594727,0.01829539934794108,0.022315070033073425,0.0012995683721133636,0.02436661720275879,0.016498804092407227
星月款/6829.mp4,bad,6,,,,,,,
基础款/6831.mp4,bad,16,0.2665451765060425,0.13073387742042542,0.10949500401814778,0.15235692262649536,0.007966113303388863,0.23030900955200195,0.15970796346664426
基础款/6835.mp4,bad,16,0.07406353950500488,0.042977333068847656,0.03624162673950195,0.05115002393722534,0.001815603034836904,0.02749180793762207,0.026074934005737304
基础款/6847.mp4,bad,16,0.08415651321411133,0.053892940282821655,0.040701651573181154,0.029149159789085388,-0.0020761491996901396,0.09108662605285645,0.060407638549804674
基础款/6848.mp4,bad,16,0.09948992729187012,0.08979988098144531,0.07983216444651285,0.07169924676418304,-0.0004186164055551836,0.07125276327133179,0.04385020732879639
基础款/6851.mp4,bad,16,0.06767803430557251,0.05126670002937317,0.038201741377512616,0.05356413125991821,0.0010742621762411923,0.07749539613723755,0.06084427833557128
潜水款/6855.mp4,bad,6,,,,,,,
基础款/6859.mp4,bad,16,0.05931997299194336,0.05295240879058838,0.04437865813573202,0.047974586486816406,0.0005220496228763019,0.07542765140533447,0.06245507001876831
基础款/6860.mp4,bad,16,0.07198864221572876,0.04595804214477539,0.02821676731109619,0.03996826708316803,0.0029516115784645074,0.05835914611816406,0.032784771919250486
基础款/6862.mp4,bad,16,0.035057783126831055,0.021908193826675415,0.01581737200419108,0.021021947264671326,0.0004568840776171,0.03382539749145508,0.02864930629730224
基础款/6872.mp4,bad,16,0.04433763027191162,0.03318977355957031,0.025308903058369955,0.026667743921279907,0.0005453878215381066,0.038806021213531494,0.024486660957336422
森林款/6874.mp4,bad,16,0.036714136600494385,0.02292540669441223,0.016559251149495444,0.01050586998462677,-0.00023450532129832766,0.04240691661834717,0.02984876632690429
基础款/6878.mp4,bad,16,0.0581972599029541,0.018115192651748657,0.017060176531473795,0.008555501699447632,-0.0003946551254817423,0.04180377721786499,0.03829259872436523
星月款/6879.mp4,bad,16,0.03375649452209473,0.026556551456451416,0.018736016750335694,0.027372926473617554,0.0020510452134268617,0.015315532684326172,0.010030937194824218
基础款/6883.mp4,bad,16,0.045098721981048584,0.017422527074813843,0.015377390384674072,0.017835363745689392,0.0005329051188060212,0.04517042636871338,0.03193696737289428
基础款/6884.mp4,bad,16,0.026579439640045166,0.021264314651489258,0.014756401379903158,0.0228310227394104,0.0013098559209278647,0.025751352310180664,0.023356628417968747
甜品款/6886.mp4,bad,16,0.06980407238006592,0.04300519824028015,0.036384403705596924,0.026276499032974243,-0.003032085725239347,0.06651914119720459,0.05178909301757812
潜水款/6888.mp4,bad,9,,,,,,,
基础款/6899.mp4,bad,16,0.13672542572021484,0.10852944850921631,0.059343910217285155,0.017668351531028748,-0.004347173869609837,0.056412577629089355,0.036962795257568355
基础款/6901.mp4,bad,16,0.035792648792266846,0.02933242917060852,0.016937363147735595,0.023565039038658142,0.0022628971508571074,0.013388454914093018,0.010716080665588377
森林款/6903.mp4,bad,16,0.042940378189086914,0.028323113918304443,0.021579837799072264,0.020487278699874878,0.0003123328089714037,0.04222315549850464,0.03188459873199462
基础款/6904.mp4,bad,16,0.2559182643890381,0.03718361258506775,0.0507473627726237,0.022888213396072388,-9.613143546240938e-05,0.28356558084487915,0.1936211585998535
星月款/6908.mp4,bad,16,0.11675554513931274,0.04371440410614014,0.03277890682220459,0.011693060398101807,-0.0005037871854645881,0.10330438613891602,0.05584622621536253
基础款/6912.mp4,bad,16,0.07916927337646484,0.059602826833724976,0.047739203770955405,0.06592650711536407,0.0030189162918499526,0.03888213634490967,0.0332832932472229
花花款/6915.mp4,bad,16,0.08930099010467529,0.03093990683555603,0.031756591796875,0.02239087224006653,-0.0013623908162117028,0.11751139163970947,0.07637791633605957
森林款/6924.mp4,bad,16,0.022668302059173584,0.020650237798690796,0.016222405433654784,0.017922326922416687,0.0005068368145397723,0.014531731605529785,0.013373959064483642
基础款/6926.mp4,bad,16,0.04243636131286621,0.03509983420372009,0.02680049737294515,0.029202282428741455,0.0013911694288253772,0.017756760120391846,0.015463042259216308
潜水款/6927.mp4,bad,4,,,,,,,
基础款/6928.mp4,bad,16,0.036269962787628174,0.025623589754104614,0.018948054313659667,0.0209323912858963,0.0008969475116048535,0.026634693145751953,0.02232251167297363
基础款/6939.mp4,bad,16,0.09730911254882812,0.08988714218139648,0.07118225892384847,0.09024065732955933,0.0048140368291309885,0.05026519298553467,0.03397860527038574
基础款/6943.mp4,bad,0,,,,,,,
冰晶款/6946.mp4,bad,15,0.16655832529067993,0.06720060110092163,0.052008215870176046,0.05532371997833252,0.004305953497713712,0.17764818668365479,0.1297770977020264
基础款/6947.mp4,bad,16,0.05665302276611328,0.040416210889816284,0.029688596725463867,0.034503743052482605,-0.0011429982525961748,0.05128979682922363,0.04843394756317139
基础款/6949.mp4,bad,16,0.019634366035461426,0.016401588916778564,0.014932429790496827,0.013532474637031555,-0.00014769009181431395,0.013583242893218994,0.011967289447784423
冰晶款/6950.mp4,bad,16,0.024003922939300537,0.019386380910873413,0.016131929556528726,0.01761282980442047,0.0003574880106108522,0.021004676818847656,0.01343231201171875
基础款/6951.mp4,bad,16,0.05147135257720947,0.04642677307128906,0.03336089054743449,0.04385395348072052,0.0027062765189579544,0.04645943641662598,0.017641007900238037
星月款/6952.mp4,bad,16,0.05771660804748535,0.04117083549499512,0.03329630295435588,0.03731265664100647,0.0026326694658824366,0.06047618389129639,0.020532822608947753
基础款/6961.mp4,bad,16,0.051937222480773926,0.03203558921813965,0.031042412916819254,0.025630176067352295,0.0002610159771782997,0.05073106288909912,0.0234330415725708
基础款/6963.mp4,bad,16,0.04316151142120361,0.025192350149154663,0.019769299030303954,0.018232479691505432,0.0003336631825992033,0.03339028358459473,0.025451016426086423
花花款/6964.mp4,bad,16,0.13134080171585083,0.08681070804595947,0.06783215602238973,0.08586418628692627,0.004535412362643649,0.0730217695236206,0.052605164051055905
基础款/6974.mp4,bad,16,0.05351865291595459,0.048455774784088135,0.037614838282267256,0.045050621032714844,0.0006728930132729651,0.047638893127441406,0.03579072952270508
基础款/6975.mp4,bad,16,0.04981642961502075,0.02237534523010254,0.02045575777689616,0.022657394409179688,0.000578974613121577,0.05984294414520264,0.03361740112304687
潜水款/6987.mp4,bad,0,,,,,,,
基础款/6990.mp4,bad,16,0.06582129001617432,0.049661487340927124,0.046145737171173096,0.04655158519744873,-0.00046052102531705827,0.06582129001617432,0.0422884464263916
基础款/6998.mp4,bad,16,0.13997983932495117,0.07797378301620483,0.05792461633682251,0.08749888837337494,0.004823805604662212,0.1317981481552124,0.08380355834960936
森林款/7002.mp4,bad,16,0.0452190637588501,0.03367391228675842,0.029017961025238036,0.03729982674121857,0.0009180520262036996,0.042473554611206055,0.029919636249542234
基础款/7003.mp4,bad,16,0.044832468032836914,0.03705376386642456,0.02443325122197469,0.04017525911331177,0.002846246106284005,0.055925726890563965,0.035943746566772454
潜水款/7004.mp4,bad,0,,,,,,,
基础款/7009.mp4,bad,16,0.031489670276641846,0.026661157608032227,0.015093636512756348,0.029748961329460144,0.0022982759135110036,0.01088094711303711,0.008347487449645996
潜水款/7014.mp4,bad,16,0.07347440719604492,0.06104964017868042,0.04435619115829468,0.06455188989639282,0.0043724185654095225,0.038384854793548584,0.035800814628601074
基础款/7015.mp4,bad,12,0.027136266231536865,0.004307955503463745,0.005423881790854714,0.003439083695411682,-0.00046833391347642756,0.041242778301239014,0.023406147956848145
基础款/7016.mp4,bad,16,0.04088997840881348,0.0368494987487793,0.027292386690775553,0.0360042005777359,0.002387038937636783,0.04171478748321533,0.02607786655426025
冰晶款/7018.mp4,bad,16,0.09503281116485596,0.058995842933654785,0.04674729903539022,0.049491047859191895,0.0033718341163226527,0.06339573860168457,0.0416273832321167
基础款/7026.mp4,bad,16,0.09035700559616089,0.07835537195205688,0.06443151632944742,0.075483039021492,0.003242707252502439,0.041912198066711426,0.03700122833251953
星月款/7027.mp4,bad,16,0.07214969396591187,0.043289631605148315,0.025553782780965168,0.06667722761631012,0.0049112999013492045,0.04397392272949219,0.02027386426925659
基础款/7029.mp4,bad,16,0.03007340431213379,0.022467881441116333,0.018169283866882324,0.020798131823539734,0.0009037456342152177,0.01952725648880005,0.015349912643432616
基础款/7030.mp4,bad,16,0.08403229713439941,0.04796874523162842,0.03867305517196655,0.05840057134628296,0.0029931985906192222,0.07472431659698486,0.06295995712280274
基础款/7042.mp4,bad,16,0.06873947381973267,0.031091153621673584,0.023775196075439452,0.015248537063598633,-0.0014495230146816822,0.06866246461868286,0.043541193008422845
基础款/7046.mp4,bad,16,0.056804776191711426,0.03028222918510437,0.023116862773895262,0.01881939172744751,-0.0003086209297180185,0.03697919845581055,0.0309442400932312
基础款/7047.mp4,bad,16,0.04396331310272217,0.03764650225639343,0.026656103134155274,0.024015560746192932,0.0008143320679664602,0.06472736597061157,0.03981471061706543
基础款/7049.mp4,bad,16,0.06925058364868164,0.05947160720825195,0.042870628833770755,0.032791316509246826,0.0004346336637224457,0.045086801052093506,0.03407518863677979
基础款/7057.mp4,bad,16,0.08389711380004883,0.08028528094291687,0.06253529787063598,0.08091279864311218,0.004816542565822599,0.03786170482635498,0.014121532440185547
基础款/7058.mp4,bad,16,0.0780872106552124,0.04943034052848816,0.04314520359039307,0.0321972519159317,-0.00016604534217289736,0.06230759620666504,0.05080446004867554
基础款/7062.mp4,bad,16,0.06698107719421387,0.041087836027145386,0.030510290463765462,0.020795568823814392,-0.00012557911021369056,0.03841811418533325,0.029526686668395995
潜水款/7064.mp4,bad,0,,,,,,,
冰晶款/7068.mp4,bad,16,0.07142353057861328,0.06615525484085083,0.06229246457417806,0.061812132596969604,1.7169969422474862e-05,0.06822764873504639,0.05145716667175292
基础款/7074.mp4,bad,16,0.043388962745666504,0.03673914074897766,0.028951521714528403,0.022443190217018127,0.00033808031252452166,0.03999358415603638,0.03375363349914551
基础款/7076.mp4,bad,16,0.05943441390991211,0.055198848247528076,0.04333925644556681,0.056945085525512695,0.0022620854633195048,0.049647510051727295,0.03746683597564697
星月款/7077.mp4,bad,14,0.1976226568222046,0.05727893114089966,0.05086637918765728,0.06058049201965332,0.005318414339753586,0.22487926483154297,0.15763831138610848
基础款/7081.mp4,bad,16,0.0732494592666626,0.034871309995651245,0.030438268184661867,0.05503802001476288,0.003226423689297267,0.021013915538787842,0.0168942928314209
潜水款/7086.mp4,bad,1,,,,,,,
基础款/7087.mp4,bad,16,0.08596289157867432,0.03748801350593567,0.033239316940307614,0.050466448068618774,0.001961280618395123,0.07929348945617676,0.041098225116729725
基础款/7097.mp4,bad,16,0.028770148754119873,0.02465873956680298,0.01778635581334432,0.015210017561912537,0.0005669046725545603,0.018505454063415527,0.016440439224243163
基础款/7099.mp4,bad,16,0.06743824481964111,0.060919731855392456,0.04850985606511434,0.06388035416603088,0.0010305560060909808,0.06009799242019653,0.035891270637512206
星月款/7106.mp4,bad,6,,,,,,,
基础款/7112.mp4,bad,16,0.02867281436920166,0.023536205291748047,0.019759873549143474,0.02281332015991211,0.0011153157268251684,0.00856238603591919,0.007141172885894775
花花款/7113.mp4,bad,16,0.060008108615875244,0.043997734785079956,0.03308150370915731,0.04049906134605408,0.0005484453269413527,0.04667019844055176,0.03906370401382446
甜品款/7134.mp4,bad,16,0.04259383678436279,0.022511184215545654,0.017667996883392333,0.02285650372505188,0.0007857454674584518,0.048571884632110596,0.023085856437683103
基础款/7141.mp4,bad,16,0.014654755592346191,0.010434359312057495,0.009135890007019042,0.007740497589111328,0.00017238536051341412,0.007912278175354004,0.007726752758026123
基础款/7146.mp4,bad,16,0.03221535682678223,0.025757521390914917,0.019461015860239666,0.018095389008522034,-0.00014542383807046187,0.03615915775299072,0.03309589624404907
冰晶款/7148.mp4,bad,0,,,,,,,
星月款/7150.mp4,bad,16,0.048186540603637695,0.028528988361358643,0.024819878737131755,0.019172251224517822,3.856505666460164e-05,0.03792542219161987,0.033137714862823485
花花款/7163.mp4,bad,16,0.06695258617401123,0.01979774236679077,0.017471897602081298,0.005810663104057312,-0.0019678188221795225,0.05736517906188965,0.03750377893447875
基础款/7176.mp4,bad,16,0.031027376651763916,0.021248847246170044,0.01882750988006592,0.01807636022567749,-0.00011879801750183181,0.01871669292449951,0.018424618244171142
星月款/7177.mp4,bad,14,0.08925104141235352,0.036805033683776855,0.03028218562786396,0.03494194149971008,0.0031572563962622008,0.062006473541259766,0.03348816633224487
潜水款/7183.mp4,bad,14,0.05402016639709473,0.047844886779785156,0.042047674839313216,0.034452155232429504,-0.0006278445432474318,0.04059398174285889,0.023572015762329104
基础款/7189.mp4,bad,16,0.12847721576690674,0.1259920299053192,0.1043564240137736,0.12101449072360992,0.005211503590856275,0.052726149559020996,0.04159772396087646
花花款/7190.mp4,bad,16,0.014167547225952148,0.009033441543579102,0.0077025055885314945,0.007582560181617737,0.00018907019070216562,0.022216320037841797,0.010227298736572264
基础款/7207.mp4,bad,16,0.056043386459350586,0.02767843008041382,0.024306639035542806,0.03177452087402344,0.001075243949890136,0.044364213943481445,0.03886268138885498
花花款/7213.mp4,bad,16,0.07770669460296631,0.06929722428321838,0.05664083957672119,0.0710119754076004,0.0035380484802382314,0.05937165021896362,0.0369049072265625
基础款/7226.mp4,bad,16,0.03425484895706177,0.026514887809753418,0.01945707400639852,0.017898619174957275,0.0008481643029621662,0.04724538326263428,0.027152800559997557
潜水款/7233.mp4,bad,7,0.0435447096824646,0.04109448194503784,0.03388810157775879,0.03538261353969574,0.0017360777690492804,0.03893810510635376,0.0365881621837616
森林款/7251.mp4,bad,16,0.042211711406707764,0.03695189952850342,0.02643881638844808,0.03795266151428223,0.002171932586601802,0.050390779972076416,0.03616864681243896
基础款/7252.mp4,bad,16,0.02962779998779297,0.02503684163093567,0.018234368165334067,0.017912104725837708,-0.0009380202208246517,0.02954685688018799,0.020664215087890618
基础款/7258.mp4,bad,16,0.09281188249588013,0.05746033787727356,0.049589908123016356,0.04717935621738434,0.001110897958278653,0.10139822959899902,0.05293362140655517
基础款/7261.mp4,bad,16,0.09002625942230225,0.06170406937599182,0.04472892284393311,0.02443777024745941,-0.0011447542480060057,0.07431340217590332,0.05251578092575073
基础款/7271.mp4,bad,16,0.06333255767822266,0.05093669891357422,0.04326412280400594,0.040937408804893494,0.0005621103303773036,0.033135175704956055,0.028930020332336426
基础款/7282.mp4,bad,16,0.03895694017410278,0.027677267789840698,0.0201944629351298,0.03226901590824127,0.0019557982683181757,0.020191073417663574,0.01587095260620117
基础款/7289.mp4,bad,16,0.03772401809692383,0.03353691101074219,0.02848371664683024,0.03191345930099487,0.0008876913360186974,0.03598153591156006,0.03302165269851684
花花款/7290.mp4,bad,16,0.10005003213882446,0.05583789944648743,0.04498143990834554,0.0437936931848526,0.0021455058029719747,0.06968724727630615,0.056022453308105465
基础款/7294.mp4,bad,16,0.052637696266174316,0.04295313358306885,0.03671487172444662,0.031417056918144226,0.0005797762955938048,0.06460452079772949,0.029732704162597653
森林款/7300.mp4,bad,16,0.16937154531478882,0.050505608320236206,0.038355672359466554,0.01013365387916565,0.0009497012410845067,0.16563057899475098,0.1133825063705444
基础款/7320.mp4,bad,16,0.06546199321746826,0.05006593465805054,0.03550318876902262,0.04680626094341278,0.0032578717385019565,0.03948098421096802,0.016833567619323732
潜水款/7335.mp4,bad,15,0.048431217670440674,0.024861663579940796,0.022613670144762312,0.029505029320716858,0.001674914884043265,0.02707141637802124,0.013573127985000615
基础款/7348.mp4,bad,16,0.10981065034866333,0.07825073599815369,0.06807742913564047,0.07485717535018921,0.004023475306374683,0.04894554615020752,0.04369363784790039
潜水款/7352.mp4,bad,16,0.012766838073730469,0.010229706764221191,0.007524871826171875,0.009530410170555115,0.0006408906408718653,0.023018956184387207,0.01339120864868164
基础款/7372.mp4,bad,16,0.05684483051300049,0.03462803363800049,0.018460635344187418,0.0035304278135299683,-0.0028327677931104414,0.0586203932762146,0.047337532043457024
基础款/7381.mp4,bad,16,0.14366507530212402,0.0953013002872467,0.07469862699508667,0.08162875473499298,0.0038039863109588594,0.09850788116455078,0.06562433242797852
花花款/7405.mp4,bad,16,0.06510639190673828,0.05296561121940613,0.04678980906804402,0.053871333599090576,0.0012640810438564838,0.05499762296676636,0.038646101951599114
潜水款/7414.mp4,bad,0,,,,,,,
基础款/7415.mp4,bad,10,,,,,,,
星月款/7416.mp4,bad,16,0.026245713233947754,0.017538368701934814,0.013799615701039632,0.012584462761878967,0.0002115709441048752,0.021914958953857422,0.014415407180786132
基础款/7423.mp4,bad,16,0.09673869609832764,0.08963397145271301,0.06910548607508342,0.07602134346961975,0.0033272811344691663,0.04371809959411621,0.03070054054260253
森林款/7444.mp4,bad,16,0.06839662790298462,0.05598023533821106,0.04366089900334676,0.0368608683347702,-7.640506540026197e-05,0.07965719699859619,0.038429641723632814
潜水款/7460.mp4,bad,14,0.09845530986785889,0.03635936975479126,0.026168236365685098,0.05825221538543701,0.004107296879078537,0.08254891633987427,0.045545458793640144
星月款/7462.mp4,bad,16,0.0518496036529541,0.028137892484664917,0.022952242692311605,0.01614464819431305,0.00020955226251057125,0.032231807708740234,0.023655784130096433
花花款/7468.mp4,bad,16,0.14677226543426514,0.06308013200759888,0.052790629863739016,0.08948409557342529,0.005523381701537539,0.06959104537963867,0.048189854621887206
基础款/7469.mp4,bad,16,0.16688144207000732,0.12142816185951233,0.07068322102228801,0.14365269243717194,0.012075854412146977,0.04700189828872681,0.03246951103210449
冰晶款/7471.mp4,bad,16,0.026885628700256348,0.01982051134109497,0.016659724712371825,0.01828901469707489,0.0005926479186330518,0.022434115409851074,0.019604253768920898
花花款/7473.mp4,bad,16,0.0759667158126831,0.04506596922874451,0.039566401640574136,0.03769947588443756,0.0008369328720228987,0.06616044044494629,0.054422259330749505
花花款/7494.mp4,bad,16,0.05357903242111206,0.04730111360549927,0.04231452544530233,0.04923941195011139,0.001967951016766683,0.02623569965362549,0.012530887126922607
基础款/7495.mp4,bad,16,0.06605255603790283,0.025933116674423218,0.023130889733632407,0.01956954598426819,0.0009070690189089087,0.07672643661499023,0.03594383001327514
基础款/7499.mp4,bad,16,0.0872354507446289,0.06433713436126709,0.05148112376530965,0.07321369647979736,0.002903971501759118,0.10657984018325806,0.06920158863067627
冰晶款/7500.mp4,bad,15,0.04232966899871826,0.03109423816204071,0.022912825856889998,0.017024844884872437,0.0004987355424989326,0.05396980047225952,0.048666083812713624
星月款/7502.mp4,bad,14,0.0767778754234314,0.04701918363571167,0.031179606914520264,0.04824787378311157,0.003426997963508317,0.07223224639892578,0.059492301940917994
基础款/7518.mp4,bad,16,0.06003367900848389,0.043554484844207764,0.03155171076456706,0.019502907991409302,-0.0007157962237085637,0.03859412670135498,0.030859112739562985
基础款/7566.mp4,bad,16,0.04452824592590332,0.03432103991508484,0.0218171755472819,0.032549336552619934,0.0028801351785659787,0.03294932842254639,0.02079396247863769
花花款/7569.mp4,bad,16,0.0397031307220459,0.023884952068328857,0.019909254709879556,0.026514992117881775,0.0009017431310244965,0.03709244728088379,0.0329917311668396
基础款/7580.mp4,bad,16,0.024162888526916504,0.011148959398269653,0.011145544052124024,0.010661795735359192,-0.00021675803831645442,0.018336892127990723,0.015458440780639647
基础款/7586.mp4,bad,16,0.3345854878425598,0.3033857047557831,0.17951875527699787,0.05049318075180054,-0.011878015313829692,0.3444864749908447,0.32187620401382444
星月款/7588.mp4,bad,16,0.08548343181610107,0.062257230281829834,0.04726055065790812,0.055116355419158936,0.0030078083276748645,0.058173537254333496,0.05187211036682129
基础款/7591.mp4,bad,16,0.03065013885498047,0.019265472888946533,0.014325968424479167,0.019028902053833008,0.0013211239661489213,0.019676148891448975,0.01302124261856079
基础款/7592.mp4,bad,16,0.1471649408340454,0.016254454851150513,0.020053688685099283,0.048256248235702515,0.0034697006855692186,0.1336207389831543,0.08732624053955075
基础款/7595.mp4,bad,16,0.05674242973327637,0.043611884117126465,0.03049437204996745,0.021047070622444153,-0.0009043602006776012,0.030507802963256836,0.027451610565185545
潜水款/7605.mp4,bad,0,,,,,,,
基础款/5629.mp4,bad,16,0.08067095279693604,0.07038837671279907,0.05674650271733602,0.05711117386817932,0.0022493243217468245,0.06218123435974121,0.05310806035995483
甜品款/5643.mp4,bad,16,0.03034365177154541,0.020169198513031006,0.01549517313639323,0.016452208161354065,0.0001289840255464819,0.02932417392730713,0.023209953308105467
基础款/5675.mp4,bad,16,0.06826359033584595,0.03472942113876343,0.03238520622253418,0.027058660984039307,-0.0003817766904830949,0.03466266393661499,0.026065194606781004
基础款/5726.mp4,bad,16,0.04967033863067627,0.026440680027008057,0.021991968154907227,0.026768982410430908,0.0016334142003740575,0.03386270999908447,0.019360816478729247
基础款/5764.mp4,bad,16,0.020401835441589355,0.015408068895339966,0.013354293505350749,0.013959050178527832,0.0003943654043333868,0.012474894523620605,0.01002664566040039
花花款/5784.mp4,bad,16,0.06390249729156494,0.04954195022583008,0.039605740706125894,0.04703882336616516,0.0023583695292472835,0.03408241271972656,0.0275256872177124
甜品款/5856.mp4,bad,16,0.013671934604644775,0.012224048376083374,0.008272059758504232,0.011864766478538513,0.000835562603814261,0.010311901569366455,0.005124890804290771
甜品款/5883.mp4,bad,16,0.020802974700927734,0.012547433376312256,0.010041014353434245,0.014078974723815918,0.0009169401867049078,0.018091201782226562,0.011964368820190429
基础款/5896.mp4,bad,16,0.06438082456588745,0.025313079357147217,0.026043466726938882,0.02245098352432251,-0.0004266875130789642,0.060935139656066895,0.030745363235473628
甜品款/5913.mp4,bad,16,0.06171286106109619,0.04192167520523071,0.029985431830088297,0.04920664429664612,0.0034816207630293705,0.05064433813095093,0.03262003660202025
基础款/5930.mp4,bad,16,0.02658909559249878,0.01914253830909729,0.015510475635528565,0.015324413776397705,0.0003636262246540606,0.016407787799835205,0.010566115379333496
森林款/5954.mp4,bad,16,0.024198412895202637,0.020750105381011963,0.01709691286087036,0.01850287616252899,0.0006306067109107964,0.015060484409332275,0.013987016677856444
甜品款/5966.mp4,bad,16,0.09203559160232544,0.04700109362602234,0.03402307828267415,0.07002420723438263,0.0037141893591199583,0.058150291442871094,0.038372349739074704
森林款/5989.mp4,bad,16,0.017252624034881592,0.010199368000030518,0.008164664109547934,0.009545519948005676,0.0003685766032763888,0.009436726570129395,0.007870137691497803
基础款/6009.mp4,bad,16,0.05698752403259277,0.04382258653640747,0.026276683807373045,0.05011299252510071,0.003781403601169586,0.026019632816314697,0.017541289329528805
基础款/6039.mp4,bad,16,0.06306064128875732,0.03153654932975769,0.031281610329945884,0.04251772165298462,0.0016796433499881192,0.05724895000457764,0.01641900539398193
基础款/6051.mp4,bad,16,0.06488007307052612,0.05111399292945862,0.03874779144922892,0.05241745710372925,0.00370140437568937,0.02752232551574707,0.02530088424682617
基础款/6106.mp4,bad,16,0.054197847843170166,0.04707637429237366,0.03565545082092285,0.026064082980155945,-0.00010360883814948123,0.03876090049743652,0.02730401754379272
冰晶款/6133.mp4,bad,15,0.03893148899078369,0.03390750288963318,0.022220505135399953,0.02365875244140625,0.00034012147268499377,0.0464094877243042,0.035820370912551885
星月款/6164.mp4,bad,16,0.09604966640472412,0.06521087884902954,0.0536467711130778,0.061296120285987854,-0.0005129420331546264,0.06731927394866943,0.053961825370788565
基础款/6173.mp4,bad,16,0.028606772422790527,0.027451813220977783,0.022020188967386882,0.01622466742992401,-0.00020676893847329332,0.022460222244262695,0.018811047077178955
基础款/6194.mp4,bad,16,0.26666969060897827,0.02243325114250183,0.0404112974802653,0.03077886998653412,8.494279214313769e-05,0.2766086459159851,0.19758595228195186
基础款/6228.mp4,bad,16,0.13623720407485962,0.10178157687187195,0.07206605672836304,0.07252064347267151,0.0021944395133427184,0.10837054252624512,0.09990757703781128
基础款/6243.mp4,bad,16,0.054097115993499756,0.04229474067687988,0.032004936536153154,0.028537705540657043,-0.0005838223866054011,0.05605405569076538,0.0402271270751953
基础款/6252.mp4,bad,16,0.08849024772644043,0.0720052719116211,0.045441842079162596,0.062257468700408936,0.005012896656990051,0.07977026700973511,0.03615480661392212
基础款/6287.mp4,bad,16,0.05456113815307617,0.04473835229873657,0.03228521744410197,0.04073488712310791,0.0022831840174538736,0.06364870071411133,0.0469712495803833
基础款/6297.mp4,bad,16,0.06443357467651367,0.024452179670333862,0.022540446122487387,0.0128660649061203,-0.00033563737358365865,0.04699409008026123,0.042178082466125484
基础款/6305.mp4,bad,16,0.032000601291656494,0.00967097282409668,0.008910703659057616,0.007208123803138733,0.0003759367125374926,0.019289851188659668,0.012970399856567384
星月款/6313.mp4,bad,16,0.026102066040039062,0.012696117162704468,0.01000146468480428,0.01789534091949463,0.0013329725180353433,0.018352091312408447,0.013565695285797118
基础款/6335.mp4,bad,16,0.23855173587799072,0.18409311771392822,0.17513976097106934,0.1696910858154297,0.0013149557369095855,0.16248178482055664,0.12393177747726439
基础款/6353.mp4,bad,16,0.048040926456451416,0.02870047092437744,0.02441869576772054,0.024339348077774048,0.0005844839981624053,0.037380337715148926,0.031452929973602294
基础款/6376.mp4,bad,16,0.03310561180114746,0.020631253719329834,0.01886055072148641,0.019621089100837708,0.0003724596330097736,0.028457045555114746,0.026551866531372068
基础款/6398.mp4,bad,16,0.09607064723968506,0.08553895354270935,0.07187547286351521,0.07219734787940979,0.0006743937730789168,0.08465248346328735,0.06358568668365477
冰晶款/6409.mp4,bad,16,0.07753121852874756,0.05627936124801636,0.04532330830891927,0.044687941670417786,0.000599712559155054,0.0334775447845459,0.03001856803894043
基础款/6430.mp4,bad,16,0.05751752853393555,0.050301551818847656,0.03479297558466594,0.03596198558807373,0.0007190299885613572,0.033524155616760254,0.03033884763717651
基础款/6440.mp4,bad,16,0.03729808330535889,0.03308948874473572,0.02459478775660197,0.031249240040779114,0.002099648543766566,0.018883585929870605,0.015894627571105956
基础款/6468.mp4,bad,16,0.16062092781066895,0.061041831970214844,0.05248098373413086,0.059575796127319336,0.004196492050375256,0.12263882160186768,0.0802407383918762
基础款/6480.mp4,bad,16,0.01277458667755127,0.01177629828453064,0.008747879664103191,0.012196347117424011,0.0008538122688020976,0.0051451921463012695,0.004018914699554443
基础款/6504.mp4,bad,16,0.35243821144104004,0.03810673952102661,0.07126833995183308,0.20208625495433807,0.01718600754226957,0.32274502515792847,0.055792427062988266
基础款/6518.mp4,bad,16,0.07239300012588501,0.05162099003791809,0.043054346243540445,0.032736584544181824,-0.0007758892008236495,0.06392651796340942,0.04552879333496094
基础款/6541.mp4,bad,16,0.1100836992263794,0.03919968008995056,0.030168453852335613,0.05799420177936554,0.003888357962880816,0.11375069618225098,0.0690232753753662
基础款/6553.mp4,bad,16,0.05869615077972412,0.0490020215511322,0.03857919375101725,0.03283141553401947,-0.0012837771858487826,0.08649981021881104,0.04299938678741455
基础款/6565.mp4,bad,16,0.036368489265441895,0.02160629630088806,0.01649535894393921,0.019845932722091675,0.0014444960015160691,0.02560657262802124,0.020000755786895752
基础款/6582.mp4,bad,16,0.030738234519958496,0.02502000331878662,0.015087405840555826,0.007319137454032898,-0.0004163454685892385,0.04350101947784424,0.02490962743759155
基础款/6595.mp4,bad,16,0.04909271001815796,0.043326884508132935,0.03563284873962402,0.03984351456165314,0.000983935594558715,0.04799306392669678,0.04253506660461426
基础款/6605.mp4,bad,16,0.03591269254684448,0.013799548149108887,0.012012016773223878,0.010222986340522766,9.316248553139744e-05,0.02979123592376709,0.02455017566680908
星月款/6612.mp4,bad,16,0.0321996808052063,0.024363338947296143,0.018886741002400717,0.015456482768058777,-4.433734076364403e-06,0.02813708782196045,0.01693410873413086
基础款/6622.mp4,bad,16,0.04370903968811035,0.03714510798454285,0.022526625792185465,0.01808953285217285,0.0009807297161647244,0.03563797473907471,0.029289436340332032
基础款/6655.mp4,bad,16,0.04547107219696045,0.028412044048309326,0.02584367593129476,0.03193773329257965,0.0010525035006659358,0.0375293493270874,0.03313776254653931
基础款/6670.mp4,bad,16,0.020406365394592285,0.016616463661193848,0.013057402769724528,0.015469297766685486,0.0009530199425561083,0.010643959045410156,0.008129072189331054
基础款/6686.mp4,bad,16,0.1382659673690796,0.07818695902824402,0.05663571755091349,0.07002303004264832,0.0047640789832387636,0.14827442169189453,0.1033560276031494
森林款/6706.mp4,bad,16,0.03850436210632324,0.02408081293106079,0.020170140266418456,0.01648610830307007,0.0004248367888586856,0.03851902484893799,0.030583369731903075
基础款/6726.mp4,bad,16,0.023280084133148193,0.016728878021240234,0.015051150321960449,0.015466168522834778,0.00023473905665533795,0.01757502555847168,0.011565566062927244
甜品款/6733.mp4,bad,6,0.12702453136444092,0.05379986763000488,0.059165668487548825,0.07122865319252014,0.0034582094142311497,0.1567462682723999,0.12920374870300294
冰晶款/6749.mp4,bad,16,0.051568806171417236,0.0316888689994812,0.02712862491607666,0.041520729660987854,0.0022237458399363918,0.04341059923171997,0.028775060176849363
星月款/6759.mp4,bad,16,0.04186064004898071,0.038814008235931396,0.03207792043685913,0.029871195554733276,0.0004079529217311296,0.020660996437072754,0.01633059978485107
潜水款/6768.mp4,bad,9,0.04961615800857544,0.02930004894733429,0.022887572646141052,0.034781888127326965,0.002333402571286412,0.05491769313812256,0.032396566867828366
基础款/6774.mp4,bad,16,0.12816458940505981,0.09173351526260376,0.07049839893976848,0.07982322573661804,0.004714652044432502,0.11600661277770996,0.05670782327651978
基础款/6787.mp4,bad,16,0.0192413330078125,0.014030367136001587,0.011360061168670655,0.009049564599990845,-0.0003140340958322803,0.01589810848236084,0.0138877272605896
基础款/6806.mp4,bad,16,0.028875231742858887,0.019561588764190674,0.016620330015818276,0.018712982535362244,0.0007694131561688006,0.016111135482788086,0.01419677734375
基础款/6814.mp4,bad,16,0.0731508731842041,0.05481076240539551,0.03749364614486694,0.05482158064842224,0.0039357994283948615,0.04813259840011597,0.02917509078979492
基础款/6833.mp4,bad,16,0.1458185315132141,0.03254547715187073,0.03130009174346924,0.02452506124973297,0.0005786272031920282,0.1564704179763794,0.09509556293487545
森林款/6853.mp4,bad,16,0.07800376415252686,0.03334185481071472,0.030152912934621176,0.01943705976009369,-0.002961569811616627,0.05375093221664429,0.04276224374771118
基础款/6868.mp4,bad,16,0.25168341398239136,0.23829102516174316,0.11681965192159018,0.005042940378189087,-0.005961964385850095,0.22799623012542725,0.1632611513137817
基础款/6898.mp4,bad,16,0.07323014736175537,0.04354146122932434,0.03282248576482137,0.03743739426136017,0.0027438312768936148,0.06727850437164307,0.0538347840309143
基础款/6906.mp4,bad,16,0.05676710605621338,0.044476836919784546,0.041774459679921466,0.042737990617752075,0.00041581541299819726,0.05314236879348755,0.03682584762573242
基础款/6925.mp4,bad,16,0.03070533275604248,0.017402708530426025,0.012361383438110352,0.007087409496307373,-0.000762881764343808,0.02468407154083252,0.020957088470458983
基础款/6932.mp4,bad,16,0.05340564250946045,0.04532673954963684,0.03372999827067057,0.019298866391181946,-0.001078184161867416,0.020914077758789062,0.019484400749206543
基础款/6948.mp4,bad,16,0.037134766578674316,0.025359630584716797,0.02081750233968099,0.02693241834640503,0.0016125202178955073,0.03223264217376709,0.026525068283081054
基础款/6967.mp4,bad,16,0.0478053092956543,0.03874412178993225,0.026341180006663006,0.04221507906913757,0.002958899523530687,0.03652465343475342,0.024616694450378417
冰晶款/6999.mp4,bad,1,,,,,,,
基础款/7011.mp4,bad,16,0.08158600330352783,0.07351145148277283,0.046582384904225664,0.06961208581924438,0.005794212647846766,0.04037034511566162,0.024822902679443357
花花款/7019.mp4,bad,16,0.0835997462272644,0.02322337031364441,0.02316137154897054,0.016274407505989075,-0.00011282392910548759,0.08741152286529541,0.06801744699478147
基础款/7037.mp4,bad,16,0.04234349727630615,0.01985076069831848,0.017765140533447264,0.019759401679039,0.00024444801466805467,0.028332233428955078,0.024067544937133787
基础款/7080.mp4,bad,16,0.06817042827606201,0.01704046130180359,0.015738670031229654,0.02743832767009735,0.0014658768262181961,0.05219769477844238,0.03865458965301513
基础款/7104.mp4,bad,16,0.08757185935974121,0.0765632688999176,0.051604950428009035,0.07815158367156982,0.005177372906889233,0.08631289005279541,0.05955240726470946
潜水款/7153.mp4,bad,16,0.08900928497314453,0.043945133686065674,0.035096983114878334,0.02585633099079132,-0.002183096536568235,0.0851895809173584,0.03926587104797363
基础款/7245.mp4,bad,16,0.024370849132537842,0.022109568119049072,0.015418450037638346,0.010040715336799622,2.8268780027115966e-05,0.02531421184539795,0.018471789360046387
冰晶款/7317.mp4,bad,12,0.13008296489715576,0.03858989477157593,0.03566797754981301,0.015370309352874756,-0.0016448732299083738,0.18430209159851074,0.11301630735397339
潜水款/7324.mp4,bad,8,,,,,,,
潜水款/7331.mp4,bad,0,,,,,,,
星月款/7355.mp4,bad,16,0.02771937847137451,0.020876646041870117,0.015114315350850423,0.021304279565811157,0.0015848085284233088,0.01918208599090576,0.012163639068603514
基础款/7365.mp4,bad,16,0.030291199684143066,0.02522912621498108,0.019932456811269126,0.020408615469932556,-0.00032839647361210445,0.026667237281799316,0.023533439636230467
潜水款/7374.mp4,bad,15,0.06555640697479248,0.03599989414215088,0.026330126183373586,0.030107766389846802,0.0013256193751498204,0.0703890323638916,0.05539237260818485
甜品款/7382.mp4,bad,16,0.026153564453125,0.021839052438735962,0.01854013999303182,0.024660617113113403,0.0010457730719021382,0.01720452308654785,0.010597062110900878
花花款/7430.mp4,bad,15,0.05273616313934326,0.0463528037071228,0.033508505140032084,0.04835404455661774,0.0034527838582823255,0.0170438289642334,0.015676414966583254
基础款/7458.mp4,bad,16,0.062392234802246094,0.04773837327957153,0.03842499653498332,0.04029113054275513,0.0017468099083219242,0.03582090139389038,0.028747045993804926
基础款/7465.mp4,bad,16,0.06646764278411865,0.05732929706573486,0.04777613083521525,0.04359319806098938,0.0005524758781705562,0.0375065803527832,0.03532196283340454
潜水款/7489.mp4,bad,0,,,,,,,
甜品款/7535.mp4,bad,16,0.05012023448944092,0.03181791305541992,0.022403450806935628,0.025924503803253174,0.0012348775352750497,0.04788088798522949,0.022654080390930177
基础款/7552.mp4,bad,16,0.22181886434555054,0.14781123399734497,0.10678260326385498,0.0412469357252121,-0.006255733753953666,0.17601346969604492,0.14916985034942626
花花款/5603.mp4,bank_good,16,0.03907686471939087,0.02731958031654358,0.023326210180918374,0.027559012174606323,0.0003568721669060834,0.026518523693084717,0.020045387744903564
森林款/5606.mp4,eval_good,16,0.0570337176322937,0.04134106636047363,0.027732566992441813,0.04429228603839874,0.002368795445987156,0.05173009634017944,0.03590281009674072
基础款/5608.mp4,bank_good,16,0.03345179557800293,0.01640462875366211,0.013114666938781739,0.023774906992912292,0.001725777983665466,0.030370712280273438,0.010680484771728515
基础款/5642.mp4,bank_good,16,0.027555644512176514,0.02450740337371826,0.021870386600494385,0.02230764925479889,1.3116002082823684e-05,0.013959407806396484,0.013727712631225585
基础款/5669.mp4,eval_good,16,0.02499455213546753,0.01379770040512085,0.011650327841440837,0.01664230227470398,0.0009333212460790361,0.013434529304504395,0.01102750301361084
基础款/5680.mp4,eval_good,16,0.03738248348236084,0.03178447484970093,0.023706777890523275,0.027524754405021667,0.0011275099856512883,0.028419554233551025,0.02680389881134033
基础款/5685.mp4,bank_good,16,0.06705951690673828,0.0513266921043396,0.04066822528839111,0.030688107013702393,0.00033256028379712624,0.10410630702972412,0.04588979482650757
森林款/5691.mp4,eval_good,16,0.08134055137634277,0.04455283284187317,0.035215095678965254,0.046769872307777405,0.0018523659024919765,0.060745954513549805,0.04262980222702026
冰晶款/5697.mp4,eval_good,7,,,,,,,
基础款/5709.mp4,bank_good,16,0.04214942455291748,0.028054654598236084,0.024539240201314292,0.03377935290336609,0.0009581904326166414,0.04387378692626953,0.01969727277755737
基础款/5714.mp4,eval_good,16,0.047663211822509766,0.03071647882461548,0.022180938720703126,0.03601643443107605,0.001899874636105128,0.041901469230651855,0.03708705902099609
基础款/5734.mp4,bank_good,16,0.04443484544754028,0.03924533724784851,0.03467427492141724,0.03432750701904297,0.0007557811481612057,0.05640852451324463,0.02435488700866699
基础款/5760.mp4,bank_good,16,0.042072176933288574,0.033255934715270996,0.02702489693959554,0.03520555794239044,0.0019954085350036613,0.017886757850646973,0.014563262462615967
甜品款/5761.mp4,eval_good,16,0.054456353187561035,0.040696918964385986,0.03286924759546916,0.03824421763420105,0.001751549754823956,0.061548709869384766,0.05091090202331543
基础款/5766.mp4,eval_good,16,0.038785457611083984,0.02913457155227661,0.024867725372314454,0.02039244771003723,-8.486168725150082e-05,0.041311800479888916,0.028814935684204103
基础款/5800.mp4,bank_good,16,0.05713605880737305,0.04154670238494873,0.028921417395273843,0.038769036531448364,0.0025158243519919255,0.025198042392730713,0.013963580131530762
花花款/5824.mp4,eval_good,16,0.09007179737091064,0.06779494881629944,0.05271917978922526,0.04158221185207367,-0.0021134534052440136,0.13501209020614624,0.12588422298431395
基础款/5834.mp4,bank_good,16,0.034896254539489746,0.020856767892837524,0.0199045459429423,0.017070546746253967,0.0005051889589854643,0.03315705060958862,0.015618872642517089
基础款/5837.mp4,bank_good,16,0.0502505898475647,0.04126825928688049,0.031407360235850015,0.03705701231956482,0.001903415577752248,0.03715163469314575,0.027795290946960448
冰晶款/5865.mp4,bank_good,8,0.06864374876022339,0.047620534896850586,0.03244862386158535,0.029237836599349976,-0.001014896435663102,0.06236690282821655,0.06041858196258545
基础款/5878.mp4,bank_good,16,0.04833579063415527,0.036876410245895386,0.02539136012395223,0.0103587806224823,-0.0008359004344258999,0.04059875011444092,0.028596878051757806
基础款/5934.mp4,bank_good,16,0.11162227392196655,0.047705262899398804,0.04426154692967733,0.05033937096595764,5.806471620286967e-05,0.09682953357696533,0.04486416578292846
花花款/5949.mp4,bank_good,16,0.025899052619934082,0.021771728992462158,0.017958664894104005,0.015855535864830017,0.00020538696220942816,0.026307106018066406,0.02177767753601074
花花款/5975.mp4,eval_good,16,0.261820912361145,0.12283417582511902,0.12039436896642049,0.10669003427028656,-0.0019478280629430542,0.2443995475769043,0.15447623729705806
基础款/5988.mp4,eval_good,16,0.05125737190246582,0.01946079730987549,0.015853285789489746,0.01936766505241394,0.0013607035790170938,0.0429149866104126,0.02965831756591797
基础款/6002.mp4,eval_good,16,0.16004610061645508,0.07880336046218872,0.062167195479075114,0.08408516645431519,0.00618175651345934,0.18566542863845825,0.10655745267868039
花花款/6003.mp4,bank_good,16,0.046715497970581055,0.036002933979034424,0.022972007592519123,0.015330731868743896,0.000907149698053087,0.0195084810256958,0.01785008907318115
甜品款/6005.mp4,bank_good,16,0.19000190496444702,0.08186623454093933,0.07845551570256551,0.143449068069458,0.009909730936799728,0.09032237529754639,0.04647588729858398
基础款/6013.mp4,bank_good,16,0.052966952323913574,0.034331440925598145,0.029271515210469563,0.03003513813018799,0.0006160518952778393,0.024321317672729492,0.01810786724090576
基础款/6018.mp4,bank_good,16,0.03168988227844238,0.017293781042099,0.013963818550109863,0.014405250549316406,0.0006091539348874767,0.03122735023498535,0.01709216833114624
基础款/6023.mp4,eval_good,16,0.08778738975524902,0.07772698998451233,0.0540811022122701,0.07918879389762878,0.0044231859701020365,0.06457817554473877,0.0451030969619751
基础款/6035.mp4,bank_good,15,0.313340425491333,0.29497256875038147,0.25064765555518015,0.15804581344127655,-0.0098678615430127,0.2723681926727295,0.239676058292389
森林款/6037.mp4,bank_good,15,0.12620902061462402,0.08515261113643646,0.07081312792641777,0.08551710844039917,0.004616630733097225,0.11959332227706909,0.07743844389915468
冰晶款/6050.mp4,bank_good,5,,,,,,,
甜品款/6052.mp4,bank_good,16,0.04631245136260986,0.0328710675239563,0.026112711429595946,0.0283401757478714,0.0013629885656493042,0.04444020986557007,0.041472554206848145
花花款/6083.mp4,eval_good,16,0.055566489696502686,0.05154299736022949,0.03453013102213542,0.03901052474975586,0.00045881569385528383,0.03900861740112305,0.02774432897567749
基础款/6087.mp4,bank_good,16,0.11556893587112427,0.0378781259059906,0.03266788323720296,0.01568441092967987,-0.0014336488076618767,0.09328234195709229,0.06458151340484618
基础款/6094.mp4,bank_good,16,0.021345853805541992,0.007373720407485962,0.006862239042917887,0.006861180067062378,0.00020625208105359738,0.02390819787979126,0.015588855743408198
基础款/6104.mp4,eval_good,16,0.06240499019622803,0.04855242371559143,0.03305043776830038,0.055970415472984314,0.0037619560956954944,0.03967761993408203,0.02342720031738281
基础款/6116.mp4,eval_good,16,0.05569159984588623,0.048287004232406616,0.04062847296396891,0.04701131582260132,0.0016480230859347742,0.03715479373931885,0.02822856903076171
基础款/6118.mp4,bank_good,16,0.06615829467773438,0.05526232719421387,0.044882980982462566,0.06025213003158569,0.00266140933547701,0.04915130138397217,0.025110948085784908
花花款/6121.mp4,eval_good,13,0.13685691356658936,0.09548917412757874,0.07416706283887227,0.09641635417938232,0.006039701819022351,0.11772650480270386,0.09400127530097963
基础款/6123.mp4,bank_good,16,0.048567235469818115,0.011999934911727905,0.013574727376302083,0.006582349538803101,0.00041685530117579805,0.050509095191955566,0.02451527118682861
基础款/6140.mp4,bank_good,16,0.0495455265045166,0.02552109956741333,0.022548635800679524,0.014947265386581421,0.0002647766045161648,0.04335552453994751,0.02071772813796997
基础款/6141.mp4,eval_good,16,0.08864724636077881,0.059167563915252686,0.04707473119099935,0.039430707693099976,2.1097915513145568e-06,0.06905066967010498,0.0672987937927246
基础款/6142.mp4,bank_good,16,0.1023181676864624,0.056058675050735474,0.054532734553019206,0.05282001197338104,-0.0002864875963756036,0.06888902187347412,0.05845756530761718
冰晶款/6143.mp4,eval_good,15,0.05642390251159668,0.03790488839149475,0.029056830065590993,0.023089095950126648,-0.00037387668329838547,0.062389254570007324,0.0264411211013794
星月款/6149.mp4,eval_good,16,0.0358695387840271,0.027895480394363403,0.022724775473276775,0.028041720390319824,0.0013730012944766449,0.017522692680358887,0.013261151313781737
森林款/6152.mp4,bank_good,15,,,,,,,
基础款/6157.mp4,eval_good,16,0.03275507688522339,0.023598521947860718,0.01745637655258179,0.02786935865879059,0.001351318401949746,0.027514755725860596,0.018949925899505615
潜水款/6160.mp4,bank_good,14,0.06754565238952637,0.04686683416366577,0.0362549194922814,0.035321012139320374,0.0010130172323409086,0.10107219219207764,0.04010390043258667
基础款/6163.mp4,bank_good,16,0.07373440265655518,0.06779074668884277,0.0519145131111145,0.06319405138492584,0.003048903601510182,0.059472739696502686,0.041223096847534176
星月款/6166.mp4,bank_good,16,0.09016978740692139,0.08075663447380066,0.05965863466262818,0.05452457070350647,0.0025218886988503573,0.06945985555648804,0.06453404426574708
基础款/6174.mp4,bank_good,16,0.055735886096954346,0.053570955991744995,0.04146078030268351,0.05477115511894226,0.0033221919621740058,0.03752768039703369,0.030490612983703612
基础款/6175.mp4,eval_good,16,0.05186504125595093,0.02537676692008972,0.019658219814300538,0.0279121994972229,0.000126857204096658,0.05303317308425903,0.038814449310302736
基础款/6181.mp4,bank_good,16,0.2690739631652832,0.2337430715560913,0.14627315600713095,0.0810488760471344,-0.005439375340938575,0.2427295446395874,0.2241534948348999
基础款/6182.mp4,eval_good,16,0.34675729274749756,0.11454874277114868,0.11623427867889405,0.05069345235824585,-0.01102987549134664,0.36357051134109497,0.35716981887817384
基础款/6186.mp4,eval_good,16,0.06696927547454834,0.061901092529296875,0.050936599572499595,0.053852081298828125,0.0008915954402514846,0.09510910511016846,0.04361704587936401
花花款/6190.mp4,bank_good,16,0.08477401733398438,0.05194255709648132,0.03850702842076619,0.034571945667266846,0.0011853846056120716,0.07690221071243286,0.05481727123260498
森林款/6217.mp4,bank_good,16,0.272285521030426,0.10725215077400208,0.08397453625996908,0.07707229256629944,-0.0006019130349159291,0.19760221242904663,0.13677361011505124
基础款/6218.mp4,bank_good,16,0.06250280141830444,0.052896201610565186,0.043134979406992596,0.04947960376739502,0.0012739826525960635,0.05431550741195679,0.047026872634887695
基础款/6219.mp4,eval_good,16,0.05472695827484131,0.04403221607208252,0.029660526911417642,0.028920620679855347,0.002036017818110329,0.04559248685836792,0.04012322425842285
潜水款/6225.mp4,bank_good,16,0.06918859481811523,0.04135426878929138,0.03613102436065674,0.03388449549674988,0.0011003538966178877,0.05972987413406372,0.04676151275634764
星月款/6232.mp4,eval_good,16,0.11494827270507812,0.10070464015007019,0.06902427673339843,0.09243816137313843,0.007169339273657116,0.12363958358764648,0.08800249099731446
基础款/6240.mp4,eval_good,16,0.05285978317260742,0.032439231872558594,0.02895419200261434,0.03544464707374573,0.0017326706222125453,0.054795265197753906,0.041140699386596674
基础款/6241.mp4,bank_good,16,0.06460416316986084,0.038092613220214844,0.03641237815221151,0.030118733644485474,-0.0012878426483699265,0.10547852516174316,0.0810447573661804
基础款/6247.mp4,eval_good,16,0.04026913642883301,0.03553411364555359,0.02692157824834188,0.02309425175189972,-0.00016318687370845322,0.03911733627319336,0.020665431022644044
基础款/6250.mp4,eval_good,16,0.07309222221374512,0.053282082080841064,0.03474777936935425,0.06187745928764343,0.004149532318115234,0.05273592472076416,0.04566512107849121
基础款/6261.mp4,eval_good,16,0.03970015048980713,0.03197884559631348,0.019467318058013917,0.010811403393745422,0.0006512850522994989,0.07512879371643066,0.03256187438964843
基础款/6262.mp4,bank_good,16,0.05694246292114258,0.049408674240112305,0.03820724089940389,0.047201499342918396,0.0030345667685781194,0.04151511192321777,0.024431896209716794
星月款/6265.mp4,bank_good,16,0.062170326709747314,0.031710684299468994,0.02491364081700643,0.019754499197006226,0.000876940361091068,0.0326993465423584,0.027827179431915282
基础款/6274.mp4,eval_good,16,0.04445540904998779,0.03727877140045166,0.028577327728271484,0.0343351811170578,0.0014278541718210486,0.04409193992614746,0.03861575126647949
基础款/6276.mp4,bank_good,16,0.03043985366821289,0.021486133337020874,0.0187579870223999,0.021954402327537537,0.00024857648781367636,0.027757585048675537,0.018455219268798825
基础款/6279.mp4,eval_good,16,0.06458079814910889,0.061007559299468994,0.04534358978271484,0.060633882880210876,0.004163092800549098,0.06285715103149414,0.027944397926330564
基础款/6290.mp4,bank_good,16,0.21156758069992065,0.07068005204200745,0.062072543303171794,0.08685295283794403,0.008887791633605957,0.22397714853286743,0.18847612142562864
基础款/6294.mp4,bank_good,16,0.03608351945877075,0.012120246887207031,0.009460047880808512,0.009201467037200928,0.0009270301886967249,0.03431963920593262,0.021692442893981926
潜水款/6296.mp4,eval_good,13,0.1020999550819397,0.0797313004732132,0.05850146214167277,0.04905173182487488,-0.0008439854821445719,0.10270798206329346,0.07337238192558289
冰晶款/6307.mp4,bank_good,16,0.027526497840881348,0.024461090564727783,0.019360947608947753,0.023389503359794617,0.00047420369727270824,0.04110431671142578,0.031199812889099118
基础款/6309.mp4,bank_good,16,0.06701433658599854,0.05167126655578613,0.04144523938496907,0.034761786460876465,-0.0009308868220874254,0.06104719638824463,0.047656536102294915
潜水款/6326.mp4,bank_good,15,0.016310811042785645,0.011629030108451843,0.011196042810167586,0.009811758995056152,-0.00022675807659442636,0.016018390655517578,0.014609092473983766
基础款/6327.mp4,bank_good,16,0.04422837495803833,0.040122032165527344,0.03261509339014689,0.03932832181453705,0.0017434975930622635,0.039384424686431885,0.03269667625427246
基础款/6328.mp4,eval_good,16,0.16439014673233032,0.10485190153121948,0.08191027641296386,0.11446695029735565,0.005701766269547597,0.12871742248535156,0.10325925350189208
潜水款/6337.mp4,bank_good,8,0.030300259590148926,0.028676837682724,0.02446427515574864,0.02860178053379059,0.0015717215778291696,0.020259857177734375,0.015959382057189945
基础款/6342.mp4,bank_good,16,0.06646907329559326,0.039979398250579834,0.031226332982381186,0.02980804443359375,0.002190025789397102,0.06084644794464111,0.033553326129913325
甜品款/6345.mp4,bank_good,16,0.042656540870666504,0.02867370843887329,0.02099422613779704,0.007797509431838989,-0.001637768532548634,0.054760873317718506,0.027132153511047363
基础款/6346.mp4,eval_good,16,0.024757206439971924,0.0220412015914917,0.01682299772898356,0.02378128468990326,0.0016280768173081532,0.018235206604003906,0.008053255081176759
花花款/6352.mp4,bank_good,16,0.07015913724899292,0.042782217264175415,0.0346059242884318,0.03408434987068176,0.0005034180624144407,0.06507754325866699,0.04439413547515869
星月款/6366.mp4,bank_good,8,0.011947810649871826,0.011042237281799316,0.009545172963823591,0.00920867919921875,0.00012020412966501832,0.014233112335205078,0.013211655616760255
花花款/6374.mp4,bank_good,16,0.1548510193824768,0.04728901386260986,0.04985649585723877,0.046136096119880676,3.6709436348502826e-05,0.16780519485473633,0.11489722728729243
基础款/6381.mp4,eval_good,16,0.05449175834655762,0.041877150535583496,0.033929332097371416,0.036350831389427185,0.0016300852809633516,0.03474169969558716,0.030951476097106932
基础款/6384.mp4,bank_good,16,0.06584972143173218,0.03778412938117981,0.028393884499867756,0.031139805912971497,0.00033026060887745374,0.070107102394104,0.04493108987808227
星月款/6388.mp4,bank_good,16,0.05469834804534912,0.048122406005859375,0.03828587134679159,0.04133090376853943,0.0007846681135041351,0.06730842590332031,0.0670790433883667
甜品款/6395.mp4,bank_good,16,0.038945555686950684,0.026486486196517944,0.021183661619822183,0.014652490615844727,-0.0006403490900993356,0.0435335636138916,0.028481864929199217
森林款/6412.mp4,eval_good,16,0.15006184577941895,0.14002001285552979,0.13361411889394123,0.1352057009935379,-0.0009654711399759602,0.14657986164093018,0.04741457700729369
基础款/6413.mp4,bank_good,16,0.03632277250289917,0.029626309871673584,0.023496003945668538,0.02152217924594879,0.0006571343966892779,0.041269898414611816,0.027467811107635492
星月款/6416.mp4,bank_good,15,0.10679423809051514,0.09898573160171509,0.08528432250022888,0.10030496120452881,0.004111024950231827,0.09520959854125977,0.07311836481094361
基础款/6421.mp4,eval_good,16,0.04208779335021973,0.034022003412246704,0.027823988596598306,0.03532807528972626,0.0014062272650854919,0.024365484714508057,0.021597206592559814
花花款/6423.mp4,bank_good,16,0.12593185901641846,0.10888746380805969,0.09001895189285278,0.1079261302947998,0.004292800596782136,0.11621123552322388,0.08930591344833373
基础款/6433.mp4,bank_good,16,0.08821392059326172,0.04591637849807739,0.039516329765319824,0.031679362058639526,-0.0030158008847917836,0.06445145606994629,0.027878487110137937
冰晶款/6453.mp4,bank_good,15,0.03980112075805664,0.023990124464035034,0.022157813821520125,0.03468795120716095,0.0014737916276193516,0.019777894020080566,0.013672673702239992
冰晶款/6457.mp4,eval_good,16,0.07721084356307983,0.051642268896102905,0.03573548396428426,0.05383007228374481,0.0034425122397286545,0.036512136459350586,0.02576618194580078
冰晶款/6477.mp4,bank_good,16,0.062021613121032715,0.04308173060417175,0.03130719264348348,0.04156692326068878,0.002178997227123804,0.039659321308135986,0.03325257301330566
花花款/6478.mp4,eval_good,16,0.059511661529541016,0.0462164580821991,0.025016915798187257,0.013064518570899963,-0.0026398899299757837,0.04982513189315796,0.03393331766128539
基础款/6485.mp4,eval_good,16,0.09250825643539429,0.03876227140426636,0.03457539478937785,0.07441648840904236,0.005141681858471461,0.05538076162338257,0.029573154449462888
星月款/6486.mp4,eval_good,8,,,,,,,
甜品款/6493.mp4,eval_good,16,0.08991694450378418,0.08010038733482361,0.051658411820729576,0.03321123123168945,-7.953643798828454e-05,0.0832638144493103,0.06591386795043944
冰晶款/6502.mp4,bank_good,4,,,,,,,
潜水款/6512.mp4,eval_good,3,,,,,,,
森林款/6530.mp4,bank_good,16,0.047783732414245605,0.038730889558792114,0.032144594192504886,0.038384243845939636,0.0014512134449822546,0.059139132499694824,0.036115169525146484
基础款/6534.mp4,bank_good,16,0.047792673110961914,0.03145945072174072,0.02329811652501424,0.030798688530921936,0.0015854971749441958,0.031707704067230225,0.028573596477508543
甜品款/6536.mp4,bank_good,16,0.11525487899780273,0.09440967440605164,0.06456688245137533,0.07888378202915192,0.005833053375993454,0.1251366138458252,0.09318730831146238
星月款/6558.mp4,bank_good,16,0.04618394374847412,0.033377498388290405,0.029206697146097818,0.03415903449058533,0.0008471244147845667,0.02946341037750244,0.02239892482757568
潜水款/6561.mp4,bank_good,16,0.0765606164932251,0.06878218054771423,0.047902703285217285,0.06619378924369812,0.004198336601257323,0.06116843223571777,0.05455811023712158
基础款/6562.mp4,eval_good,16,0.09613299369812012,0.07858401536941528,0.07439302603403727,0.07864457368850708,0.001489738268511634,0.07036066055297852,0.04278564453124999
星月款/6564.mp4,bank_good,16,0.10764819383621216,0.09752362966537476,0.07609620491663614,0.06596077978610992,-0.00228394163506372,0.10729354619979858,0.08059850931167602
冰晶款/6576.mp4,bank_good,16,0.03271216154098511,0.018168777227401733,0.016112867991129556,0.012308359146118164,-0.00042389226811272873,0.045540809631347656,0.021344542503356934
基础款/6584.mp4,bank_good,16,0.02424442768096924,0.01953577995300293,0.014777382214864096,0.014439567923545837,0.00020593042884554114,0.02751779556274414,0.018421387672424315
甜品款/6592.mp4,eval_good,16,0.058191120624542236,0.0429532527923584,0.03245477279027303,0.046954602003097534,0.0008555531501770016,0.04276686906814575,0.037960934638977054
基础款/6593.mp4,bank_good,16,0.05770266056060791,0.044719159603118896,0.03628705342610677,0.04084612429141998,0.0018710181117057786,0.06720036268234253,0.04757683277130126
冰晶款/6600.mp4,bank_good,15,0.10188603401184082,0.07798483967781067,0.0715570833001818,0.08270324766635895,0.0029374159441680242,0.04381263256072998,0.03072344660758973
基础款/6621.mp4,bank_good,16,0.024156272411346436,0.02029430866241455,0.016186503569285075,0.02000492811203003,0.001010970558438982,0.028862476348876953,0.02450827360153198
基础款/6627.mp4,bank_good,16,0.04156297445297241,0.03551924228668213,0.021553091208140054,0.031714677810668945,0.0010328148092542365,0.03742647171020508,0.03362276554107666
基础款/6640.mp4,eval_good,16,0.034301578998565674,0.02215123176574707,0.018324434757232666,0.016013875603675842,0.0002973364932196474,0.03213590383529663,0.028599071502685546
基础款/6653.mp4,eval_good,16,0.08684170246124268,0.059693366289138794,0.040293530623118086,0.05826430022716522,0.002930210956505366,0.07519370317459106,0.036938917636871335
森林款/6657.mp4,bank_good,16,0.17772918939590454,0.15513265132904053,0.08685591220855712,0.17046324908733368,0.013107040524482725,0.09427893161773682,0.048993551731109614
花花款/6668.mp4,bank_good,16,0.049610793590545654,0.038077980279922485,0.026303350925445557,0.017275705933570862,-0.0005426255720002328,0.03784298896789551,0.03063106536865234
森林款/6677.mp4,bank_good,16,0.18798238039016724,0.027754902839660645,0.03416602214177449,0.07161183655261993,0.0050429207938058026,0.14365482330322266,0.040890502929687496
星月款/6682.mp4,bank_good,10,0.18272340297698975,0.08268731832504272,0.08721834421157837,0.11464501917362213,0.007955785862792882,0.08968853950500488,0.05256423950195313
甜品款/6683.mp4,eval_good,16,0.17881429195404053,0.12723833322525024,0.0876426895459493,0.038353949785232544,-0.00020679512194225188,0.13221096992492676,0.10662419795989989
潜水款/6687.mp4,bank_good,9,0.030976057052612305,0.021543532609939575,0.018424391746520996,0.022527873516082764,0.0021577021023174666,0.015888214111328125,0.011852073669433593
基础款/6693.mp4,bank_good,16,0.12038123607635498,0.09786313772201538,0.0672657330830892,0.10389986634254456,0.006433433720043727,0.06105387210845947,0.031473612785339354
基础款/6709.mp4,bank_good,16,0.15629708766937256,0.10246333479881287,0.0942102313041687,0.09857475757598877,0.0005972649369920973,0.1032094955444336,0.07915160655975341
基础款/6712.mp4,bank_good,16,0.05064070224761963,0.03925824165344238,0.0333742340405782,0.03790724277496338,0.00030659266880580263,0.04251360893249512,0.036527597904205324
基础款/6715.mp4,eval_good,14,0.2432730793952942,0.12149399518966675,0.082984419969412,0.058379411697387695,0.0021742111635020883,0.16942548751831055,0.09495244026184084
潜水款/6719.mp4,eval_good,11,0.04028940200805664,0.035818472504615784,0.02750663161277771,0.035767942667007446,0.0017958648502826686,0.021449565887451172,0.01517062187194824
星月款/6732.mp4,bank_good,16,0.10273224115371704,0.06795385479927063,0.04755789041519165,0.04512187838554382,0.0008488246372767838,0.058329105377197266,0.04464840888977051
基础款/6734.mp4,eval_good,16,0.056489765644073486,0.038288235664367676,0.022912812232971192,0.00911007821559906,0.0006906886185918526,0.02997720241546631,0.025527691841125487
基础款/6737.mp4,eval_good,16,0.027042686939239502,0.024346470832824707,0.019833064079284667,0.026836439967155457,0.0012336449963705873,0.027591586112976074,0.011948704719543455
甜品款/6739.mp4,eval_good,16,0.05391949415206909,0.04934972524642944,0.030951106548309328,0.051890239119529724,0.004222781317574637,0.04434990882873535,0.030921387672424316
潜水款/6741.mp4,bank_good,4,,,,,,,
基础款/6742.mp4,eval_good,16,0.055185675621032715,0.04865443706512451,0.03847932815551758,0.05116385221481323,0.0029720182929720185,0.02795463800430298,0.019912016391754148
基础款/6743.mp4,eval_good,16,0.05708456039428711,0.0391373336315155,0.031755614280700686,0.03137083351612091,-0.00015852323600224155,0.06243026256561279,0.05901588201522827
花花款/6745.mp4,eval_good,16,0.03419625759124756,0.0217340886592865,0.020634305477142335,0.02905234694480896,0.0013575096215520577,0.024345755577087402,0.012375390529632567
基础款/6751.mp4,bank_good,16,0.0495566725730896,0.03988274931907654,0.024812455972035727,0.047683313488960266,0.003772124860967908,0.03836888074874878,0.021363580226898195
基础款/6753.mp4,bank_good,16,0.031357526779174805,0.02250346541404724,0.019257191816965738,0.01878654956817627,0.00011324797357831569,0.02545565366744995,0.021750783920288085
森林款/6755.mp4,eval_good,16,0.019214630126953125,0.0143604576587677,0.012678845723470052,0.01448066532611847,0.0005053926791463578,0.014004051685333252,0.01236264705657959
基础款/6756.mp4,bank_good,16,0.19924867153167725,0.03321993350982666,0.03748318354288737,0.0255928635597229,0.0005705748285566046,0.21679061651229858,0.13146710395812983
星月款/6760.mp4,bank_good,11,0.10082006454467773,0.014209643006324768,0.02761818766593933,0.03045646846294403,0.0012547587114283688,0.10546082258224487,0.092313814163208
基础款/6761.mp4,bank_good,16,0.020749032497406006,0.014857769012451172,0.011230655511220296,0.015725240111351013,0.0008595775280679972,0.024161219596862793,0.013882923126220702
基础款/6764.mp4,bank_good,16,0.0306970477104187,0.02478170394897461,0.014603432019551594,0.01962466537952423,0.0016159583415303908,0.02356135845184326,0.014547634124755857
花花款/6767.mp4,bank_good,16,0.13331890106201172,0.09875562787055969,0.08883382081985473,0.11186543107032776,0.003487992499555856,0.07365989685058594,0.06321519613265991
基础款/6778.mp4,bank_good,16,0.05675786733627319,0.04193559288978577,0.037433870633443195,0.03731667995452881,0.0009285686271531231,0.07280945777893066,0.04234211444854736
潜水款/6779.mp4,bank_good,0,,,,,,,
基础款/6780.mp4,bank_good,16,0.0899190902709961,0.042986929416656494,0.033035099506378174,0.0643584281206131,0.0031364734683717995,0.07600295543670654,0.04650702476501465
基础款/6783.mp4,eval_good,16,0.05802559852600098,0.049222469329833984,0.035154457887013754,0.053026050329208374,0.003289201429912021,0.03070056438446045,0.021696305274963378
甜品款/6786.mp4,bank_good,16,0.014726519584655762,0.012452483177185059,0.010168774922688802,0.012017697095870972,6.036311388015724e-05,0.008948266506195068,0.008027625083923339
基础款/6788.mp4,eval_good,16,0.15659421682357788,0.05650922656059265,0.04332805474599202,0.05592803657054901,0.004465191066265105,0.15369558334350586,0.08931176662445064
潜水款/6789.mp4,eval_good,10,0.04994606971740723,0.043154001235961914,0.030453085899353027,0.044106319546699524,0.004284337621939499,0.0717916488647461,0.06426029205322266
基础款/6790.mp4,bank_good,16,0.042482614517211914,0.037852972745895386,0.031674261887868246,0.038625508546829224,0.001503589110715048,0.02782273292541504,0.025324881076812744
基础款/6792.mp4,eval_good,16,0.09326183795928955,0.03923982381820679,0.03095627228418986,0.05283422768115997,0.002740644131387982,0.0683479905128479,0.04206430912017822
基础款/6794.mp4,eval_good,16,0.08102935552597046,0.03362619876861572,0.028431097666422527,0.03144374489784241,0.00047428650515419997,0.08901965618133545,0.06555614471435545
基础款/6795.mp4,bank_good,16,0.06740665435791016,0.06263750791549683,0.040261471271514894,0.060972586274147034,0.004276664555072783,0.07488739490509033,0.04253937005996704
冰晶款/6796.mp4,eval_good,13,0.143291175365448,0.07831728458404541,0.06532835463682811,0.0675053596496582,0.0008173598608839356,0.17722803354263306,0.1325648367404938
基础款/6798.mp4,eval_good,16,0.1320638656616211,0.0421450138092041,0.0412407636642456,0.03566485643386841,0.0019694068602153225,0.1289294958114624,0.0635258436203003
基础款/6800.mp4,bank_good,16,0.10727107524871826,0.0533851683139801,0.045194796721140545,0.08396917581558228,0.005236213334969111,0.07753199338912964,0.04007445573806762
冰晶款/6801.mp4,bank_good,16,0.06894975900650024,0.0585731565952301,0.0502992312113444,0.05321793258190155,0.002079957936491283,0.03744089603424072,0.02045297622680664
星月款/6803.mp4,bank_good,16,0.04067850112915039,0.02498456835746765,0.019348657131195067,0.027503907680511475,0.0014520219394138876,0.03339642286300659,0.01869688034057617
基础款/6812.mp4,bank_good,15,0.28196942806243896,0.2597692012786865,0.2440831959247589,0.21526549756526947,-0.0034323793191176175,0.2006160020828247,0.11894351840019227
基础款/6813.mp4,bank_good,16,0.04801666736602783,0.0337163507938385,0.028847304979960124,0.027279719710350037,0.0005314869540078292,0.04140925407409668,0.023618674278259276
花花款/6815.mp4,bank_good,16,0.06916558742523193,0.04244351387023926,0.03451005220413208,0.035733744502067566,0.0015288695693016043,0.04045999050140381,0.02903600931167602
基础款/6817.mp4,eval_good,16,0.08435088396072388,0.045307040214538574,0.04012629191080729,0.049861133098602295,0.002714236506393976,0.056334853172302246,0.04910171031951904
森林款/6824.mp4,eval_good,16,0.0314030647277832,0.017481058835983276,0.012865789731343587,0.006346270442008972,-0.0003718271851539615,0.034041404724121094,0.02051262855529785
基础款/6825.mp4,bank_good,16,0.11169010400772095,0.07749703526496887,0.04726935625076294,0.09660440683364868,0.008036801431860243,0.03814852237701416,0.03595840930938721
基础款/6828.mp4,bank_good,16,0.2505300045013428,0.16134867072105408,0.1024376114209493,0.1143229603767395,0.0061604536005428825,0.23082739114761353,0.13943542242050166
甜品款/6830.mp4,bank_good,16,0.06899666786193848,0.03761547803878784,0.030371793111165366,0.04105639457702637,0.0018569814307349058,0.0393221378326416,0.03516300916671753
甜品款/6836.mp4,bank_good,16,0.05665433406829834,0.04989767074584961,0.03296740452448527,0.048916399478912354,0.0038360710654939912,0.060141563415527344,0.03484630584716796
潜水款/6838.mp4,eval_good,4,,,,,,,
基础款/6839.mp4,eval_good,16,0.029178857803344727,0.022441238164901733,0.019018872578938802,0.022902578115463257,0.0004118472337722771,0.034342169761657715,0.015557956695556638
基础款/6840.mp4,bank_good,16,0.11489284038543701,0.04776942729949951,0.04346717596054077,0.0666414201259613,0.0027749557580266674,0.07460039854049683,0.054712820053100575
花花款/6842.mp4,eval_good,12,0.0739101767539978,0.06801322102546692,0.05211631276390769,0.06452111899852753,0.0033824307712044302,0.03590822219848633,0.03553903102874756
基础款/6843.mp4,bank_good,16,0.04670882225036621,0.04352721571922302,0.035844107468922935,0.043460994958877563,0.0017814391425677698,0.0569000244140625,0.04359959363937377
基础款/6844.mp4,eval_good,16,0.09655267000198364,0.0755605399608612,0.06260560750961304,0.0830984115600586,0.004395655861922671,0.07431161403656006,0.03961619138717651
冰晶款/6845.mp4,bank_good,16,0.09192502498626709,0.053846001625061035,0.03968633413314819,0.04433180391788483,0.0024912025247301366,0.06102907657623291,0.050368523597717284
冰晶款/6850.mp4,bank_good,1,,,,,,,
基础款/6854.mp4,eval_good,16,0.06399321556091309,0.054941534996032715,0.045944412549336754,0.040474072098731995,-0.00016400579895292164,0.05064737796783447,0.02576673030853271
星月款/6857.mp4,eval_good,13,0.07578694820404053,0.040696799755096436,0.033160159985224404,0.025511890649795532,0.0017455275100040353,0.0731818675994873,0.04195169806480408
星月款/6858.mp4,bank_good,16,0.06772541999816895,0.03836798667907715,0.03159293333689372,0.031252339482307434,0.0019388890692165909,0.07517039775848389,0.03493036031723022
基础款/6863.mp4,bank_good,16,0.04505419731140137,0.0361422598361969,0.024121979872385662,0.03897930681705475,0.0022251058902059274,0.023290038108825684,0.02054187059402466
基础款/6864.mp4,bank_good,16,0.058454930782318115,0.043462663888931274,0.026032563050587973,0.02804332971572876,0.0017427272030285418,0.06273150444030762,0.04786334037780761
花花款/6865.mp4,bank_good,16,0.02274996042251587,0.017809391021728516,0.014896221955617269,0.01896633207798004,0.0008023913417543676,0.031391143798828125,0.01963362693786621
潜水款/6866.mp4,bank_good,15,,,,,,,
冰晶款/6869.mp4,eval_good,16,0.039146602153778076,0.02894192934036255,0.02124207019805908,0.036927178502082825,0.0017418769853455673,0.02966231107711792,0.02142200469970703
冰晶款/6870.mp4,bank_good,16,0.051036953926086426,0.030491173267364502,0.023512597878774008,0.02007010579109192,0.0006072919283594392,0.032376110553741455,0.0221920371055603
花花款/6871.mp4,bank_good,16,0.04487872123718262,0.0344884991645813,0.023999778429667155,0.016717568039894104,-0.0011768453887530752,0.03962588310241699,0.023873543739318846
基础款/6873.mp4,eval_good,16,0.02327406406402588,0.018530935049057007,0.015445685386657715,0.018145263195037842,0.000790849328041076,0.04928243160247803,0.021349763870239256
潜水款/6877.mp4,bank_good,0,,,,,,,
基础款/6882.mp4,bank_good,16,0.03485536575317383,0.01867365837097168,0.016208585103352866,0.015960603952407837,0.00016469359397888107,0.030757129192352295,0.01973099708557129
基础款/6887.mp4,bank_good,16,0.05370509624481201,0.039097219705581665,0.03185078303019206,0.029023796319961548,0.0007681161165237422,0.05155670642852783,0.03727729320526122
基础款/6891.mp4,eval_good,16,0.1998341679573059,0.16062772274017334,0.08272831837336223,0.03877410292625427,-0.006192012344087879,0.1981021761894226,0.17931127548217773
冰晶款/6895.mp4,bank_good,16,0.1234864592552185,0.0641775131225586,0.054919346173604326,0.054355040192604065,0.0012125087635857688,0.11104559898376465,0.07773542404174805
冰晶款/6896.mp4,bank_good,16,0.05137830972671509,0.027829140424728394,0.02403892676035563,0.02618655562400818,0.0010257069553647714,0.03663980960845947,0.022800898551940917
基础款/6897.mp4,eval_good,16,0.026793241500854492,0.021343767642974854,0.017027151584625245,0.009689301252365112,-0.0007495818393571044,0.04251444339752197,0.034105753898620604
冰晶款/6900.mp4,bank_good,16,0.07030415534973145,0.04999682307243347,0.042300681273142494,0.03971956670284271,0.0007630246026175351,0.0604398250579834,0.05210440158843994
潜水款/6905.mp4,bank_good,4,,,,,,,
基础款/6909.mp4,eval_good,16,0.04303324222564697,0.034917473793029785,0.024920527140299478,0.037813618779182434,0.0021030611225536884,0.04012632369995117,0.03808714151382446
基础款/6910.mp4,bank_good,16,0.09798353910446167,0.07375138998031616,0.06875295639038086,0.06966018676757812,0.0008632930261748145,0.08459222316741943,0.05492706298828125
基础款/6911.mp4,eval_good,16,0.05349552631378174,0.024924516677856445,0.021207924683888754,0.04186868667602539,0.003083900255816323,0.026851654052734375,0.02384214401245117
潜水款/6916.mp4,eval_good,3,,,,,,,
基础款/6917.mp4,bank_good,16,0.0681273341178894,0.03537839651107788,0.03157581488291423,0.03257802128791809,0.00036593058279582255,0.06886321306228638,0.05249371528625488
基础款/6918.mp4,bank_good,16,0.0825304388999939,0.04798045754432678,0.03908178011576335,0.033882156014442444,9.003132581710651e-05,0.06571364402770996,0.06060378551483154
冰晶款/6919.mp4,bank_good,16,0.03584861755371094,0.02642640471458435,0.019101615746816,0.03326103091239929,0.0018600649067333761,0.0272483229637146,0.023264789581298826
花花款/6921.mp4,eval_good,16,0.02622044086456299,0.017496109008789062,0.01247313419977824,0.011053651571273804,0.0005151220730372833,0.03542149066925049,0.01818808317184448
基础款/6922.mp4,bank_good,16,0.07619971036911011,0.047398924827575684,0.04621415932973226,0.04482463002204895,-0.0009613567164966069,0.05283987522125244,0.04010072946548461
基础款/6923.mp4,eval_good,16,0.18285536766052246,0.036259353160858154,0.045525066057840985,0.09865379333496094,0.006777306326798029,0.17962872982025146,0.1089429378509521
星月款/6929.mp4,bank_good,11,0.08599889278411865,0.07949364185333252,0.0681658148765564,0.07976411283016205,0.004763686738046659,0.06899440288543701,0.0414263367652893
基础款/6933.mp4,eval_good,16,0.019602417945861816,0.016578078269958496,0.013306351502736409,0.012848660349845886,3.241258008139423e-05,0.01710379123687744,0.01436249017715454
基础款/6934.mp4,bank_good,15,0.08430993556976318,0.041665226221084595,0.02916053363255092,0.041696757078170776,0.0039296627044677745,0.08245742321014404,0.05775225758552556
潜水款/6935.mp4,eval_good,0,,,,,,,
甜品款/6936.mp4,bank_good,16,0.1321757435798645,0.040985167026519775,0.03388973077138265,0.041107043623924255,0.00378707264150892,0.12968474626541138,0.07096133232116698
潜水款/6938.mp4,eval_good,11,0.07845056056976318,0.0323195606470108,0.03019857406616211,0.04214070737361908,0.002920313255630269,0.06680071353912354,0.0592058777809143
基础款/6940.mp4,eval_good,16,0.09721291065216064,0.03443336486816406,0.037037173906962075,0.02177610993385315,0.0008825970547539841,0.08417963981628418,0.06071232557296752
基础款/6941.mp4,bank_good,16,0.05454462766647339,0.024358689785003662,0.02181878884633382,0.04464982450008392,0.00325382479599544,0.07289481163024902,0.019008755683898922
花花款/6942.mp4,eval_good,16,0.038602352142333984,0.027065366506576538,0.018736461798350017,0.02634221315383911,0.0017824500799179075,0.026704907417297363,0.02302204370498657
冰晶款/6945.mp4,eval_good,16,0.04509937763214111,0.028940975666046143,0.021154383818308514,0.019459739327430725,-0.000626839271613531,0.04328441619873047,0.020662224292755126
基础款/6954.mp4,eval_good,16,0.03639346361160278,0.024583756923675537,0.013653182983398437,0.010874971747398376,0.0010113028543336047,0.02994704246520996,0.02129195928573608
潜水款/6955.mp4,eval_good,12,0.05073118209838867,0.03978621959686279,0.03008074110204523,0.04076874256134033,0.001958113289115452,0.058309316635131836,0.02813476324081421
星月款/6957.mp4,eval_good,4,,,,,,,
基础款/6962.mp4,bank_good,16,0.060333847999572754,0.02479812502861023,0.022994824250539145,0.04558384418487549,0.00266286198581968,0.046343982219696045,0.03776988983154296
基础款/6966.mp4,bank_good,16,0.07742947340011597,0.047173261642456055,0.031716624895731606,0.03540097177028656,0.0026027587907654893,0.07831454277038574,0.0421412944793701
冰晶款/6968.mp4,bank_good,12,0.031908273696899414,0.024639278650283813,0.02228199893778021,0.02323506772518158,0.00023455950299639076,0.019752919673919678,0.017204880714416504
冰晶款/6969.mp4,bank_good,16,0.09450137615203857,0.06548336148262024,0.042416469256083174,0.07845360040664673,0.005875777772494724,0.05601036548614502,0.041546869277954104
基础款/6971.mp4,bank_good,16,0.0767371654510498,0.03892895579338074,0.027731382846832277,0.05459560453891754,0.004128124458449227,0.10383641719818115,0.05721772909164427
潜水款/6976.mp4,bank_good,15,0.061105310916900635,0.040659427642822266,0.035926763500486104,0.039290159940719604,0.001284650292421253,0.025931239128112793,0.022477769851684575
基础款/6977.mp4,bank_good,16,0.10388845205307007,0.05238926410675049,0.03414512475331624,0.014671340584754944,0.0006985826151711587,0.08134990930557251,0.0654252529144287
基础款/6980.mp4,eval_good,16,0.04225033521652222,0.03291019797325134,0.0206164280573527,0.025235667824745178,0.0023263122354234963,0.03169882297515869,0.02400346994400024
基础款/6982.mp4,bank_good,16,0.028630375862121582,0.02548849582672119,0.019308650493621828,0.014393985271453857,-4.1040139538902385e-05,0.02085810899734497,0.01632394790649414
潜水款/6983.mp4,bank_good,16,0.06484687328338623,0.05471491813659668,0.028327218691507974,0.05881194770336151,0.004481552328382219,0.0671200156211853,0.009328556060791016
甜品款/6985.mp4,eval_good,16,0.046966731548309326,0.029030680656433105,0.02417446772257487,0.018854662775993347,0.000479085530553544,0.01823556423187256,0.016526365280151365
基础款/6986.mp4,bank_good,16,0.04969501495361328,0.0317988395690918,0.02510809898376465,0.016106992959976196,-0.0010687921728406648,0.053481876850128174,0.04796323776245117
基础款/6989.mp4,eval_good,16,0.026400268077850342,0.008275508880615234,0.009294486045837403,0.005924254655838013,-0.00047924582447324537,0.023463726043701172,0.013225114345550532
花花款/6991.mp4,bank_good,16,0.05245250463485718,0.032011985778808594,0.02830830415089925,0.0329677015542984,0.0013590342232159193,0.0463862419128418,0.03402696847915649
基础款/6992.mp4,bank_good,16,0.05350375175476074,0.039284706115722656,0.027784542242685954,0.03829745948314667,0.0026746400765010284,0.035813331604003906,0.028196263313293456
基础款/6993.mp4,bank_good,16,0.04939466714859009,0.044505298137664795,0.029362992445627848,0.019656434655189514,0.0007345580628940028,0.03866422176361084,0.023527145385742188
基础款/6996.mp4,eval_good,16,0.07543826103210449,0.030164599418640137,0.025086172421773276,0.016518741846084595,0.0006422634635652805,0.04253232479095459,0.02164839506149292
基础款/7000.mp4,eval_good,16,0.1717691421508789,0.03769904375076294,0.033580402533213295,0.023479625582695007,0.0012695265667779093,0.1272159218788147,0.08841966390609737
星月款/7001.mp4,bank_good,16,0.0758671760559082,0.041620880365371704,0.031043648719787598,0.048051536083221436,0.0037312069109507965,0.038839876651763916,0.02916569709777832
基础款/7005.mp4,bank_good,16,0.04140603542327881,0.02280449867248535,0.015626490116119385,0.00996619462966919,0.00029755894626889843,0.037560462951660156,0.024486827850341796
星月款/7007.mp4,bank_good,16,0.08947348594665527,0.05244356393814087,0.044375471274058026,0.04294376075267792,0.00025708036763327265,0.07505345344543457,0.05848482847213745
基础款/7008.mp4,bank_good,16,0.02389979362487793,0.016483187675476074,0.013243059317270914,0.007079944014549255,-0.00029663379703249293,0.017653703689575195,0.016724181175231934
基础款/7010.mp4,bank_good,16,0.05375516414642334,0.035953372716903687,0.027157354354858398,0.02336476743221283,0.00047920048236846873,0.052204430103302,0.04981852769851684
花花款/7013.mp4,bank_good,16,0.05420029163360596,0.04101589322090149,0.028190000851949056,0.024931088089942932,0.0006720749395234232,0.043112218379974365,0.02174725532531738
森林款/7022.mp4,bank_good,16,0.05011802911758423,0.04594099521636963,0.03505166371663412,0.028307154774665833,-0.0006864081536020565,0.06770384311676025,0.03314917087554931
潜水款/7025.mp4,bank_good,9,,,,,,,
基础款/7031.mp4,bank_good,16,0.06064730882644653,0.053859561681747437,0.038300307591756184,0.028011754155158997,-0.001060934577669418,0.04886966943740845,0.03300937414169311
潜水款/7032.mp4,bank_good,0,,,,,,,
甜品款/7034.mp4,bank_good,16,0.09325331449508667,0.060838907957077026,0.045847328503926595,0.031228989362716675,-0.0009203527654920324,0.08568048477172852,0.06034656763076781
基础款/7035.mp4,bank_good,16,0.059726834297180176,0.01924002170562744,0.01426925261815389,0.00377693772315979,-0.0009042186396462585,0.06514954566955566,0.03623827695846558
潜水款/7036.mp4,eval_good,16,0.2735919952392578,0.045164912939071655,0.04683597485224406,0.0971057116985321,0.006926851613180977,0.24972820281982422,0.05035507678985596
基础款/7038.mp4,eval_good,16,0.06027096509933472,0.04294764995574951,0.030088774363199868,0.013527140021324158,-0.0010313274604933616,0.06302976608276367,0.03194638490676879
基础款/7041.mp4,bank_good,16,0.04664337635040283,0.024607747793197632,0.01713786522547404,0.03071543574333191,0.002110722235270909,0.046684861183166504,0.023232924938201904
冰晶款/7043.mp4,eval_good,13,0.03586864471435547,0.029141679406166077,0.022364094853401184,0.031373292207717896,0.0009362796186947552,0.03362935781478882,0.030021750926971437
冰晶款/7044.mp4,bank_good,14,0.06833124160766602,0.04451650381088257,0.03292160767775316,0.048102185130119324,0.003080168411360314,0.048921167850494385,0.033737814426422125
基础款/7045.mp4,bank_good,16,0.1416388750076294,0.08163174986839294,0.06317744255065919,0.06170740723609924,0.0015322957720075312,0.13584840297698975,0.07998578548431397
基础款/7052.mp4,bank_good,16,0.041740477085113525,0.03327944874763489,0.02703478733698527,0.032481849193573,0.0011311443788664668,0.03589177131652832,0.02654733657836914
基础款/7054.mp4,bank_good,16,0.02767235040664673,0.01835891604423523,0.01407032012939453,0.020024031400680542,0.0009408186588968545,0.01720571517944336,0.01650245189666748
星月款/7055.mp4,bank_good,16,0.037518858909606934,0.028168976306915283,0.024658934275309245,0.021573930978775024,0.00016616476433617625,0.017814278602600098,0.014608442783355713
基础款/7061.mp4,bank_good,11,,,,,,,
基础款/7066.mp4,bank_good,16,0.04855072498321533,0.023590892553329468,0.02106393575668335,0.022945836186408997,0.0012218537075178958,0.02967900037765503,0.026843011379241943
冰晶款/7067.mp4,eval_good,16,0.041143178939819336,0.034823060035705566,0.026322662830352783,0.0323302298784256,0.00018374707017625942,0.032860517501831055,0.019283294677734375
花花款/7069.mp4,bank_good,16,0.06248486042022705,0.041167765855789185,0.031998817125956217,0.03471913933753967,0.0016664636986596236,0.061294496059417725,0.044538116455078124
基础款/7070.mp4,eval_good,16,0.03108680248260498,0.01807504892349243,0.01493508815765381,0.01974239945411682,0.0004999577999114984,0.029664814472198486,0.025141596794128418
甜品款/7078.mp4,eval_good,16,0.01954472064971924,0.015411287546157837,0.01317210594813029,0.010542690753936768,8.011949913842277e-05,0.017709970474243164,0.015972423553466796
基础款/7079.mp4,bank_good,16,0.09021806716918945,0.04800772666931152,0.043645962079366045,0.07920263707637787,0.004791476258209772,0.028773903846740723,0.014807045459747313
基础款/7082.mp4,bank_good,16,0.08105099201202393,0.07368090748786926,0.054875465234120686,0.04788084328174591,-0.0027542510202952807,0.07583534717559814,0.05849118232727049
潜水款/7083.mp4,bank_good,0,,,,,,,
基础款/7085.mp4,eval_good,16,0.06789207458496094,0.05960676074028015,0.04713616371154785,0.05837416648864746,0.003489443446908677,0.027040421962738037,0.024654293060302732
基础款/7088.mp4,bank_good,16,0.06324219703674316,0.05483683943748474,0.04339331785837809,0.038682371377944946,5.2338412829806275e-05,0.028118908405303955,0.02489304542541504
基础款/7089.mp4,bank_good,16,0.09575128555297852,0.04410704970359802,0.03957921266555786,0.03162209689617157,-0.00029756746121815513,0.08463811874389648,0.05411635637283325
花花款/7090.mp4,bank_good,15,0.309429407119751,0.197463721036911,0.14311454551560537,0.1976763755083084,0.007433593273162847,0.2759549617767334,0.18476541042327882
基础款/7092.mp4,eval_good,16,0.11893898248672485,0.07962292432785034,0.0670567234357198,0.07801195979118347,0.003502807446888513,0.09361153841018677,0.06881029605865477
冰晶款/7093.mp4,eval_good,16,0.03076547384262085,0.01899588108062744,0.01617382764816284,0.015687286853790283,0.00022781980889184075,0.020216941833496094,0.019081807136535643
基础款/7095.mp4,eval_good,16,0.03994345664978027,0.02965405583381653,0.02409118413925171,0.028314143419265747,0.0014858990907669059,0.0652005672454834,0.033311772346496585
冰晶款/7098.mp4,bank_good,0,,,,,,,
基础款/7102.mp4,bank_good,16,0.034081220626831055,0.015295743942260742,0.01347044308980306,0.026880592107772827,0.001801466941833496,0.027154147624969482,0.01331709623336792
星月款/7105.mp4,bank_good,10,,,,,,,
基础款/7107.mp4,bank_good,16,0.0520937442779541,0.04330262541770935,0.0323990265528361,0.045399412512779236,0.0027892244713647015,0.03192746639251709,0.027690863609313963
基础款/7108.mp4,bank_good,16,0.04649895429611206,0.034576237201690674,0.024566884835561117,0.028034895658493042,0.0015065048422132211,0.03666269779205322,0.033110487461090084
潜水款/7114.mp4,bank_good,1,,,,,,,
基础款/7116.mp4,bank_good,16,0.1021425724029541,0.022475361824035645,0.02943493922551473,0.01408262550830841,-0.0011138036847114588,0.08917737007141113,0.071334171295166
基础款/7121.mp4,bank_good,16,0.06471145153045654,0.04357677698135376,0.034384552637736,0.038113608956336975,0.0011288632239614199,0.054959893226623535,0.040724062919616694
森林款/7122.mp4,bank_good,16,0.05170255899429321,0.033643752336502075,0.028560423851013185,0.02787640690803528,0.0002868988684245507,0.050098955631256104,0.03903659582138062
基础款/7131.mp4,bank_good,16,0.11884605884552002,0.07671999931335449,0.06323822736740112,0.06753085553646088,0.0024458506277629296,0.09261643886566162,0.0869746446609497
潜水款/7136.mp4,bank_good,16,0.046004414558410645,0.025889992713928223,0.02060301701227824,0.01434105634689331,-0.0006346502474376145,0.017910361289978027,0.014723587036132812
基础款/7137.mp4,bank_good,16,0.08434456586837769,0.07744419574737549,0.04418926239013672,0.02377912402153015,-0.0008527881332806192,0.08172440528869629,0.07325592041015624
冰晶款/7143.mp4,bank_good,6,,,,,,,
基础款/7152.mp4,bank_good,16,0.09717440605163574,0.0694805383682251,0.06101828416188558,0.06413820385932922,0.002326951282364979,0.040636658668518066,0.024326014518737792
基础款/7159.mp4,eval_good,16,0.030452370643615723,0.01555246114730835,0.013964307308197022,0.008694708347320557,-0.00047682459865297646,0.03602921962738037,0.011459994316101074
基础款/7162.mp4,eval_good,16,0.06662362813949585,0.05552220344543457,0.032159419854482015,0.01924160122871399,0.0010269469448498307,0.047796010971069336,0.03212218284606934
基础款/7171.mp4,eval_good,16,0.04783940315246582,0.033811330795288086,0.027615058422088622,0.04284784197807312,0.002038028623376573,0.04548531770706177,0.017691493034362793
甜品款/7178.mp4,bank_good,16,0.10300791263580322,0.08306443691253662,0.04264667828877767,0.01738685369491577,-0.0013701664549963842,0.08143675327301025,0.07816842794418334
基础款/7182.mp4,bank_good,16,0.092426598072052,0.041168659925460815,0.038718601067860924,0.04038466513156891,5.109437874385096e-05,0.09051322937011719,0.04672273397445677
甜品款/7184.mp4,bank_good,16,0.04261046648025513,0.02147352695465088,0.015261356035868328,0.00868178904056549,-0.0006274783185550155,0.03342235088348389,0.027653527259826657
基础款/7202.mp4,eval_good,16,0.026927530765533447,0.01578998565673828,0.01376871665318807,0.01219126582145691,0.00021046293633324696,0.014004647731781006,0.00718083381652832
基础款/7212.mp4,bank_good,16,0.0612521767616272,0.030492424964904785,0.025420145193735758,0.012484654784202576,-0.0013736807874270862,0.043198466300964355,0.029388439655303952
冰晶款/7217.mp4,eval_good,0,,,,,,,
花花款/7219.mp4,eval_good,16,0.0628325343132019,0.0385553240776062,0.030922957261403403,0.023166567087173462,0.00011752247810363592,0.04958760738372803,0.042683410644531246
基础款/7223.mp4,bank_good,16,0.0179445743560791,0.015242308378219604,0.010592174530029298,0.007692307233810425,-0.00031261976276125274,0.016176164150238037,0.014382886886596679
星月款/7227.mp4,eval_good,16,0.053841471672058105,0.05027645826339722,0.04381333986918132,0.050116315484046936,0.0007859029940196427,0.019507765769958496,0.01808972358703613
基础款/7230.mp4,eval_good,16,0.22444385290145874,0.2158590853214264,0.09975237449010213,0.05880257487297058,0.006424752942153382,0.2071768045425415,0.13709288835525507
基础款/7231.mp4,bank_good,16,0.04723930358886719,0.03840842843055725,0.03614410161972046,0.036111846566200256,-9.633856160300303e-05,0.032213687896728516,0.02213085889816284
甜品款/7234.mp4,bank_good,16,0.20607995986938477,0.17754757404327393,0.154293954372406,0.17610928416252136,0.003315252917153493,0.20073950290679932,0.1693738341331482
基础款/7241.mp4,bank_good,16,0.05000758171081543,0.047245413064956665,0.03469547430674235,0.04440401494503021,0.0028762647083827417,0.052056193351745605,0.035073137283325194
冰晶款/7244.mp4,bank_good,16,0.04010426998138428,0.030612528324127197,0.025701955954233805,0.01703876256942749,-0.0006504950778824951,0.039011240005493164,0.025102806091308594
基础款/7246.mp4,bank_good,16,0.1948012113571167,0.08043086528778076,0.06714009443918864,0.129201278090477,0.007233908346721104,0.13043856620788574,0.10036351680755615
冰晶款/7248.mp4,eval_good,15,0.15919512510299683,0.06559222936630249,0.06026508126940046,0.05222892761230469,0.00022637210979363202,0.1660289764404297,0.10528562068939212
潜水款/7253.mp4,bank_good,12,0.10091322660446167,0.07159796357154846,0.054950936274095016,0.06982795894145966,0.004807267005422285,0.08652281761169434,0.07026982307434082
基础款/7254.mp4,bank_good,16,0.029543757438659668,0.02016371488571167,0.016036538283030193,0.011909380555152893,-0.00011476831776755285,0.0279923677444458,0.02279926538467407
星月款/7256.mp4,eval_good,16,0.055074334144592285,0.028989017009735107,0.02473705212275187,0.02943214774131775,0.0010354025023324148,0.047646164894104004,0.03888869285583496
基础款/7259.mp4,bank_good,16,0.03864622116088867,0.03355759382247925,0.022466099262237547,0.03279322385787964,0.002865319379738398,0.039463579654693604,0.011276996135711669
花花款/7269.mp4,bank_good,16,0.09650605916976929,0.08801794052124023,0.07153910795847575,0.06709863245487213,0.00081406555005482,0.09148240089416504,0.07207932472229003
基础款/7270.mp4,bank_good,16,0.03954362869262695,0.02709624171257019,0.020709065596262614,0.026136696338653564,0.0017815364258629933,0.0219079852104187,0.013196682929992674
基础款/7274.mp4,bank_good,16,0.03678631782531738,0.030315011739730835,0.026592564582824708,0.02677576243877411,0.0002455707107271458,0.037025272846221924,0.03155229091644287
基础款/7276.mp4,bank_good,16,0.06575226783752441,0.04879215359687805,0.03989932537078857,0.052658066153526306,0.0015425880040441221,0.037892162799835205,0.03519299030303955
基础款/7285.mp4,bank_good,16,0.026851296424865723,0.01702892780303955,0.015538469950358073,0.012691155076026917,2.2287666797637188e-05,0.03316032886505127,0.025474727153778076
基础款/7287.mp4,eval_good,16,0.07515209913253784,0.055864185094833374,0.04539382060368856,0.046602100133895874,0.0001528839979852934,0.07255285978317261,0.046074867248535156
基础款/7296.mp4,eval_good,16,0.07531887292861938,0.04522964358329773,0.034392174084981283,0.06267541646957397,0.003697435770715985,0.037267327308654785,0.0347751259803772
基础款/7301.mp4,bank_good,16,0.16521382331848145,0.08541250228881836,0.0575277845064799,0.034599632024765015,-0.00167024454900197,0.16017496585845947,0.07845010757446289
基础款/7307.mp4,bank_good,16,0.05843186378479004,0.04951959848403931,0.03473861614863078,0.05449596047401428,0.003465166049344198,0.0206526517868042,0.016417622566223145
冰晶款/7316.mp4,bank_good,6,,,,,,,
基础款/7337.mp4,bank_good,16,0.05902087688446045,0.049984633922576904,0.04537434577941894,0.043893277645111084,0.0005515524319240008,0.03858768939971924,0.02561298608779907
基础款/7338.mp4,bank_good,16,0.047056376934051514,0.026010453701019287,0.020866048336029053,0.01673664152622223,0.0006713837385177603,0.04167020320892334,0.026630711555480954
冰晶款/7343.mp4,eval_good,13,0.041841208934783936,0.027489513158798218,0.01691522200902303,0.011317044496536255,0.00016601604589737922,0.04135465621948242,0.033633756637573245
基础款/7344.mp4,bank_good,16,0.056584954261779785,0.04557201266288757,0.028983986377716063,0.0434793084859848,0.002573845216206141,0.06194174289703369,0.05691560506820678
基础款/7356.mp4,bank_good,16,0.15124410390853882,0.09312701225280762,0.07519889275232951,0.07305559515953064,0.0012136544500078448,0.1395094394683838,0.09990713596343993
基础款/7358.mp4,bank_good,16,0.06067103147506714,0.03707513213157654,0.025929776827494304,0.04466387629508972,0.0022049033216067714,0.04698234796524048,0.031611514091491696
基础款/7360.mp4,eval_good,16,0.1682986617088318,0.10706561803817749,0.07084983189900716,0.04168000817298889,0.0002675284232412022,0.09510910511016846,0.08813909292221069
冰晶款/7366.mp4,bank_good,13,0.0940558910369873,0.03659339249134064,0.033575410644213356,0.024356365203857422,0.0008311727935638264,0.08501279354095459,0.07038049697875977
基础款/7373.mp4,bank_good,16,0.11025452613830566,0.08960619568824768,0.05167198181152344,0.008176624774932861,-0.00559038647583553,0.07768166065216064,0.058085012435913075
基础款/7379.mp4,bank_good,16,0.060124874114990234,0.02903953194618225,0.021400022506713866,0.018115893006324768,0.00032017486436026354,0.07798337936401367,0.05944613218307495
基础款/7385.mp4,bank_good,16,0.11463391780853271,0.10075315833091736,0.0899091124534607,0.08714529871940613,0.0006514119250433748,0.1524585485458374,0.041090309619903564
基础款/7394.mp4,bank_good,16,0.0905616283416748,0.05990821123123169,0.04807386795679728,0.053391262888908386,0.002754504978656767,0.09056437015533447,0.07883603572845459
基础款/7395.mp4,bank_good,16,0.03923910856246948,0.03462797403335571,0.0177909255027771,0.015128925442695618,0.0009019074695450911,0.0496482253074646,0.034798145294189446
潜水款/7398.mp4,bank_good,1,,,,,,,
基础款/7402.mp4,bank_good,16,0.03438007831573486,0.027290761470794678,0.02322953144709269,0.016406208276748657,-0.0008347717779023317,0.041975557804107666,0.03299024105072021
基础款/7413.mp4,bank_good,16,0.06911361217498779,0.053572118282318115,0.03945216735204061,0.04283861815929413,0.0003448073353086175,0.09386426210403442,0.0712034463882446
甜品款/7418.mp4,eval_good,16,0.09593367576599121,0.08811557292938232,0.06623024940490722,0.08286216855049133,0.004874824626105171,0.03892642259597778,0.032952404022216795
基础款/7426.mp4,bank_good,16,0.03673100471496582,0.02877861261367798,0.02150623401006063,0.015491724014282227,-0.0006319043891770509,0.02873837947845459,0.020277178287506102
基础款/7432.mp4,bank_good,16,0.06214034557342529,0.049092233180999756,0.040020422140757246,0.03332975506782532,-0.00027053845780236526,0.04117053747177124,0.03413385152816772
基础款/7434.mp4,bank_good,16,0.0650179386138916,0.05397948622703552,0.030412817001342775,0.05420416593551636,0.004013003196035112,0.056005001068115234,0.018230664730072017
基础款/7437.mp4,eval_good,16,0.11266380548477173,0.024601012468338013,0.03226304451624552,0.014230594038963318,0.0007396004029682687,0.0934075117111206,0.04600347280502319
基础款/7446.mp4,bank_good,16,0.050334632396698,0.030726641416549683,0.024482738971710206,0.04370945692062378,0.0022747293114662166,0.0338212251663208,0.03187826871871948
基础款/7457.mp4,bank_good,16,0.019999444484710693,0.014407902956008911,0.012064611911773682,0.013295099139213562,0.00027474377836499836,0.021560072898864746,0.015050482749938962
基础款/7463.mp4,bank_good,16,0.02971518039703369,0.022614330053329468,0.016302069028218586,0.02279302477836609,0.0015127695032528465,0.03307747840881348,0.030057740211486817
冰晶款/7472.mp4,bank_good,7,,,,,,,
基础款/7474.mp4,bank_good,16,0.043683767318725586,0.03647962212562561,0.03363435665766398,0.03365218639373779,0.0002630734017917072,0.027739346027374268,0.016611588001251218
基础款/7486.mp4,bank_good,16,0.06692838668823242,0.04310637712478638,0.02887759606043498,0.04305952787399292,0.0029498983706746787,0.051142215728759766,0.04024720191955566
冰晶款/7496.mp4,bank_good,16,0.07728999853134155,0.054612040519714355,0.038848034540812176,0.037566572427749634,-0.0005770108529499617,0.06264626979827881,0.039304029941558835
星月款/7508.mp4,bank_good,14,0.04857844114303589,0.038385748863220215,0.025352565141824577,0.01962469518184662,0.00046728009134271555,0.061315298080444336,0.04131195545196533
基础款/7509.mp4,bank_good,16,0.09594506025314331,0.0836532711982727,0.04068824052810669,0.03929698467254639,-0.0031091888036046747,0.10232371091842651,0.07899051904678345
基础款/7534.mp4,bank_good,16,0.05210983753204346,0.0349544882774353,0.02813378572463989,0.020652368664741516,-0.0008978581854275305,0.07226169109344482,0.047023403644561756
基础款/7537.mp4,bank_good,16,0.07847452163696289,0.041338562965393066,0.03288404941558838,0.045634835958480835,0.002289055713585444,0.0640110969543457,0.04475183486938476
基础款/7541.mp4,eval_good,16,0.19802439212799072,0.08407235145568848,0.07807917594909668,0.0837622582912445,0.004281548942838394,0.19808900356292725,0.1047434091567993
基础款/7558.mp4,eval_good,16,0.04940938949584961,0.026061147451400757,0.02245413859685262,0.021786853671073914,-0.00018499621323176882,0.04839140176773071,0.03397380113601684
甜品款/7606.mp4,bank_good,16,0.0516819953918457,0.046320050954818726,0.03450695276260376,0.032096147537231445,0.0008626488702637789,0.05472099781036377,0.018969416618347168
甜品款/5631.mp4,eval_good,16,0.028374195098876953,0.021814078092575073,0.018755420049031576,0.016721025109291077,-0.00016151879514966793,0.028441667556762695,0.01758286952972412
基础款/5686.mp4,eval_good,16,0.03818559646606445,0.0199587345123291,0.016861303647359212,0.026248961687088013,0.0013572284153529574,0.023779749870300293,0.012322700023651123
基础款/5725.mp4,bank_good,16,0.04549968242645264,0.0330464243888855,0.0262970765431722,0.04095117747783661,0.0022586626665932787,0.021761834621429443,0.0186021089553833
冰晶款/5785.mp4,bank_good,9,,,,,,,
基础款/5855.mp4,bank_good,16,0.10769599676132202,0.10115915536880493,0.08938321669896444,0.0974835455417633,0.0008472308516502348,0.09246224164962769,0.038383662700653076
基础款/5974.mp4,bank_good,16,0.029135584831237793,0.021554172039031982,0.013718863328297934,0.024795666337013245,0.0015370952231543403,0.027517616748809814,0.01881463527679443
星月款/6004.mp4,bank_good,16,0.02815955877304077,0.025205552577972412,0.022229540348052978,0.02426731586456299,0.00045298593384878876,0.024910926818847656,0.019910216331481934
基础款/6033.mp4,eval_good,16,0.03825479745864868,0.02528885006904602,0.020479186375935873,0.03030255436897278,0.0016565244112695958,0.02573370933532715,0.020804524421691895
花花款/6059.mp4,eval_good,16,0.09705430269241333,0.04862552881240845,0.035916837056477864,0.01557566225528717,-0.0006293222308158891,0.10481703281402588,0.08030698299407957
潜水款/6109.mp4,eval_good,6,,,,,,,
基础款/6138.mp4,bank_good,16,0.11657291650772095,0.10964855551719666,0.0736975113550822,0.02791649103164673,-0.003342365367071972,0.07122230529785156,0.04323127269744873
冰晶款/6144.mp4,bank_good,2,,,,,,,
基础款/6162.mp4,bank_good,16,0.08504664897918701,0.04558071494102478,0.03768504460652669,0.07483161985874176,0.005483089813164302,0.037901997566223145,0.033159172534942626
基础款/6180.mp4,eval_good,16,0.06554728746414185,0.04199790954589844,0.02948364019393921,0.029787108302116394,-0.001183413820607324,0.04974710941314697,0.0423704981803894
潜水款/6193.mp4,eval_good,7,,,,,,,
潜水款/6226.mp4,eval_good,0,,,,,,,
甜品款/6249.mp4,bank_good,16,0.07679015398025513,0.030651837587356567,0.029636295636494954,0.025485023856163025,0.0005900949239730824,0.0852285623550415,0.042987442016601554
星月款/6271.mp4,eval_good,16,0.061453044414520264,0.04526728391647339,0.038588289419809976,0.05147452652454376,0.00271978804043361,0.050803422927856445,0.02418587207794189
基础款/6293.mp4,bank_good,16,0.04731428623199463,0.028987616300582886,0.02106020450592041,0.029244184494018555,0.0019487753510475153,0.035143256187438965,0.023165893554687497
基础款/6321.mp4,bank_good,16,0.06495428085327148,0.013415753841400146,0.012843680381774903,0.0057631731033325195,-0.00023810011999947774,0.06351035833358765,0.04197697639465331
基础款/6338.mp4,bank_good,16,0.042325496673583984,0.034305691719055176,0.02675734758377075,0.035101041197776794,0.0017076151711600156,0.021072983741760254,0.017068243026733397
基础款/6357.mp4,bank_good,16,0.03008878231048584,0.020334839820861816,0.018807268142700194,0.020306259393692017,0.00032091566494532933,0.02058875560760498,0.014175343513488769
基础款/6385.mp4,bank_good,16,0.06317353248596191,0.046485722064971924,0.033676854769388836,0.03901940584182739,0.00130401530436107,0.04499024152755737,0.03886158466339111
基础款/6415.mp4,eval_good,16,0.0951797366142273,0.08959835767745972,0.05105996529261271,0.024182677268981934,0.0005752457039696803,0.06860029697418213,0.04534270763397216
基础款/6451.mp4,eval_good,16,0.19940590858459473,0.10355865955352783,0.09341793060302735,0.06444108486175537,0.0006281373756272406,0.24362194538116455,0.16342394351959222
基础款/6482.mp4,bank_good,16,0.07051467895507812,0.06495398283004761,0.048420703411102294,0.0676255077123642,0.0027552398187773554,0.09257560968399048,0.07480814456939697
冰晶款/6503.mp4,bank_good,2,,,,,,,
花花款/6548.mp4,bank_good,14,0.11567032337188721,0.10210853815078735,0.05715481593058659,0.05175568163394928,-0.0014161404101018826,0.11073178052902222,0.09133038520812993
冰晶款/6575.mp4,bank_good,16,0.036256372928619385,0.026431888341903687,0.020809443791707356,0.029260888695716858,0.001024055693830762,0.03773903846740723,0.02766041755676269
潜水款/6594.mp4,bank_good,3,,,,,,,
花花款/6646.mp4,bank_good,16,0.06209707260131836,0.04649066925048828,0.03290984233220418,0.025111809372901917,0.0007840550371578745,0.061327576637268066,0.0580093502998352
基础款/6679.mp4,bank_good,16,0.056636154651641846,0.023445188999176025,0.018991219997406005,0.013403728604316711,0.0002335923058646059,0.05621975660324097,0.025501215457916258
基础款/6704.mp4,eval_good,16,0.03741961717605591,0.02389228343963623,0.021801837285359702,0.03012688457965851,0.0014379797237259993,0.04120934009552002,0.02662975788116455
冰晶款/6722.mp4,eval_good,14,0.11583173274993896,0.045862793922424316,0.036153353177584134,0.059923604130744934,0.003222205963006286,0.08471262454986572,0.06548842191696169
基础款/6740.mp4,eval_good,16,0.14535397291183472,0.07603999972343445,0.05272370974222819,0.06922788918018341,0.004526080616882869,0.13079845905303955,0.07132660150527954
基础款/6747.mp4,eval_good,16,0.06429630517959595,0.037786275148391724,0.02992004950841268,0.038050293922424316,0.002268263271876743,0.05544698238372803,0.037621772289276115
潜水款/6757.mp4,bank_good,10,,,,,,,
基础款/6775.mp4,bank_good,16,0.025126934051513672,0.01687389612197876,0.01504909594853719,0.014865726232528687,0.0003734935607228955,0.04576992988586426,0.030222368240356436
潜水款/6784.mp4,bank_good,0,,,,,,,
基础款/6791.mp4,eval_good,16,0.04082798957824707,0.03598397970199585,0.02117711305618286,0.03591102361679077,0.0029156750866344994,0.03811401128768921,0.01374983787536621
冰晶款/6797.mp4,eval_good,16,0.08195030689239502,0.06565973162651062,0.05488149722417195,0.04450353980064392,0.00014909527131489134,0.08797836303710938,0.036039638519287105
星月款/6807.mp4,eval_good,16,0.08724784851074219,0.07668334245681763,0.05247486432393392,0.04283398389816284,0.0021721192768641867,0.06905937194824219,0.0557071566581726
花花款/6821.mp4,bank_good,16,0.07861751317977905,0.050146520137786865,0.0450540820757548,0.049045905470848083,-0.0002696335315704363,0.099753737449646,0.07046911716461181
基础款/6832.mp4,bank_good,16,0.05658680200576782,0.03868022561073303,0.030179941654205324,0.04853294789791107,0.0015023450766290922,0.03231513500213623,0.026879262924194337
基础款/6841.mp4,bank_good,16,0.05199456214904785,0.0400010347366333,0.024741037686665853,0.01677553355693817,0.0007259366767747053,0.06047368049621582,0.05439040660858154
冰晶款/6846.mp4,eval_good,16,0.016773104667663574,0.012682855129241943,0.010405647754669189,0.011731639504432678,0.0004461177757808137,0.008859634399414062,0.006608808040618896
基础款/6861.mp4,bank_good,16,0.0752328634262085,0.06832551956176758,0.04120185375213623,0.06908874213695526,0.005548265150615146,0.07677644491195679,0.019360113143920894
基础款/6867.mp4,eval_good,16,0.06131565570831299,0.04951295256614685,0.04013946851094564,0.053925588726997375,0.0007643706032208022,0.05706596374511719,0.03733565807342529
基础款/6876.mp4,eval_good,16,0.06696498394012451,0.045622438192367554,0.03346412181854248,0.020859569311141968,-0.0023267467107091653,0.04937386512756348,0.04260139465332031
基础款/6893.mp4,eval_good,16,0.05897277593612671,0.03975370526313782,0.031828407446543375,0.04577144980430603,0.0028858208230563565,0.08746516704559326,0.053127026557922355
星月款/6902.mp4,bank_good,16,0.15664315223693848,0.06319326162338257,0.05830518007278442,0.061897486448287964,0.003200978679316382,0.10395979881286621,0.06453813314437866
基础款/6914.mp4,bank_good,16,0.11480915546417236,0.035639405250549316,0.03998461961746216,0.037481650710105896,-0.0017248790178980178,0.11424440145492554,0.07838838100433347
冰晶款/6920.mp4,eval_good,15,0.20840001106262207,0.052474260330200195,0.05471197622162955,0.08920133113861084,0.0039055875785972754,0.19954955577850342,0.14634619951248182
基础款/6931.mp4,bank_good,16,0.08139896392822266,0.04363417625427246,0.03594928582509359,0.029911860823631287,0.0005841827818325577,0.09610271453857422,0.06501452922821044
基础款/6937.mp4,eval_good,16,0.13935822248458862,0.038927286863327026,0.04086308876673381,0.03536684811115265,0.004629584295409065,0.10017919540405273,0.06905006170272825
基础款/6944.mp4,bank_good,16,0.07714372873306274,0.06055837869644165,0.03716950416564942,0.07308569550514221,0.005854812903063638,0.03900265693664551,0.024804949760437005
星月款/6958.mp4,bank_good,8,,,,,,,
花花款/6970.mp4,bank_good,16,0.09431123733520508,0.07522013783454895,0.05369023482004801,0.04575164616107941,0.0015670953052384494,0.10568904876708984,0.07684260606765747
基础款/6981.mp4,bank_good,16,0.030903339385986328,0.022293955087661743,0.01797299782435099,0.012812554836273193,0.00023344904184341333,0.01409977674484253,0.013440179824829101
基础款/6988.mp4,bank_good,16,0.03190624713897705,0.022353291511535645,0.0172299861907959,0.020271167159080505,0.00048109378133501224,0.032186150550842285,0.027230930328369138
冰晶款/6994.mp4,bank_good,10,,,,,,,
星月款/7006.mp4,bank_good,15,0.22977709770202637,0.12075617909431458,0.10933178663253784,0.1111515611410141,0.003732943243306615,0.25430965423583984,0.2083776175975801
基础款/7020.mp4,eval_good,16,0.02457129955291748,0.014464229345321655,0.010905365149180094,0.015815213322639465,0.000866026537758963,0.023600280284881592,0.014836001396179197
基础款/7033.mp4,bank_good,16,0.055008649826049805,0.03823041915893555,0.02991484006245931,0.03642161190509796,0.001298301560538155,0.03463029861450195,0.025248992443084716
花花款/7040.mp4,bank_good,16,0.10340213775634766,0.0776168704032898,0.05058321158091227,0.048974066972732544,0.0033578076532908827,0.09353482723236084,0.058430254459381104
星月款/7050.mp4,bank_good,16,0.08172035217285156,0.070580393075943,0.053210739294687906,0.04041221737861633,0.0014451284493718802,0.06842857599258423,0.05589585304260253
花花款/7063.mp4,eval_good,16,0.07552504539489746,0.04058891534805298,0.03440513610839844,0.040010690689086914,0.001556140184402465,0.06823211908340454,0.04301118850708007
潜水款/7075.mp4,bank_good,15,0.06398177146911621,0.046457111835479736,0.04091783932277134,0.03776638209819794,-0.00015735861281273886,0.026770293712615967,0.023016750812530518
甜品款/7084.mp4,bank_good,16,0.27000653743743896,0.1295377016067505,0.07810096740722657,0.011066809296607971,-0.007905101988996785,0.25858986377716064,0.16613426208496093
基础款/7091.mp4,bank_good,16,0.04713559150695801,0.03341454267501831,0.024850694338480632,0.016471058130264282,-6.532732929502355e-05,0.037104904651641846,0.019753479957580564
森林款/7101.mp4,bank_good,16,0.0767437219619751,0.06893742084503174,0.04526200294494629,0.039820581674575806,0.0013085510049547445,0.05569583177566528,0.04651224613189697
基础款/7109.mp4,bank_good,16,0.19460248947143555,0.18034562468528748,0.09445043802261352,0.18346424400806427,0.013957542606762477,0.21660375595092773,0.2015972137451172
甜品款/7128.mp4,bank_good,16,0.07460284233093262,0.05929484963417053,0.051467092831929524,0.06888777017593384,0.0028334217412131157,0.05008453130722046,0.03185137510299682
基础款/7149.mp4,bank_good,16,0.07154315710067749,0.05361214280128479,0.04518442551294963,0.05706855654716492,0.0017252890127045747,0.07793200016021729,0.03381321430206299
潜水款/7175.mp4,bank_good,0,,,,,,,
星月款/7206.mp4,eval_good,16,0.07567775249481201,0.05058315396308899,0.038670436541239424,0.04503847658634186,0.002113790810108183,0.0370410680770874,0.029984784126281736
基础款/7224.mp4,bank_good,16,0.0540391206741333,0.03833961486816406,0.02672528028488159,0.02277068793773651,0.0014716923236846914,0.03728926181793213,0.024373531341552734
基础款/7237.mp4,bank_good,16,0.33391058444976807,0.19113650918006897,0.12810463507970174,0.16329441964626312,0.012166565230914519,0.3190906047821045,0.24398276805877683
星月款/7250.mp4,eval_good,13,0.05772805213928223,0.020748361945152283,0.020890414714813232,0.014216795563697815,-0.0005557573077887932,0.06086069345474243,0.04588975906372071
基础款/7262.mp4,bank_good,16,0.13372361660003662,0.0348283052444458,0.03246991237004598,0.015045136213302612,0.00039416615452085097,0.13523906469345093,0.08809108734130856
基础款/7280.mp4,bank_good,16,0.057173073291778564,0.04607310891151428,0.030817127227783202,0.017551466822624207,-0.00032716819218226985,0.04640311002731323,0.04079521894454956
星月款/7305.mp4,bank_good,13,0.11687707901000977,0.03233824670314789,0.035676176349322,0.029244720935821533,-0.002779677955463191,0.11223351955413818,0.09362094402313234
基础款/7341.mp4,bank_good,16,0.1449826955795288,0.13668787479400635,0.10712172587712605,0.09556406736373901,-0.0005936724799019995,0.05814099311828613,0.047811770439147944
基础款/7359.mp4,bank_good,16,0.03982579708099365,0.0263633131980896,0.021524445215861002,0.01640915870666504,-0.0008335139070238393,0.03094637393951416,0.025236618518829343
基础款/7384.mp4,eval_good,16,0.2675358057022095,0.20367929339408875,0.17227663199106852,0.14614039659500122,-0.006311542860099254,0.25237351655960083,0.22279872894287106
潜水款/7399.mp4,bank_good,5,,,,,,,
潜水款/7427.mp4,eval_good,11,,,,,,,
基础款/7449.mp4,bank_good,16,0.20058584213256836,0.16064220666885376,0.12398167451222737,0.10679420828819275,0.000331912509032654,0.276347279548645,0.24272871017456055
潜水款/7483.mp4,bank_good,13,,,,,,,
星月款/7529.mp4,eval_good,16,0.06086075305938721,0.04987242817878723,0.04141596555709839,0.03299824893474579,0.0003655046224594104,0.08809524774551392,0.03978848457336426
星月款/7604.mp4,eval_good,16,0.27141666412353516,0.14623159170150757,0.08022533655166626,0.011274710297584534,-0.003391802736691071,0.2726885676383972,0.2521640777587891
