rel,label,c_multi_frac,c_multi_run,c_vanish_frac,g_ratio_med,g_asp_med,g_drift,g_asp_drift,r_so_p75,r_so_mean,r_so_max,r_ds_p75,r_ds_mean,r_ds_max
d65146967bd5d8b3d6a20372a090f892.mp4,good,0.0,0.0,0.125,1.1851285189718483,1.1595268272074355,0.035934701954775834,0.028078973869716688,0.1454157680273056,0.13741347193717957,0.16642725467681885,0.3402934670448303,0.32627853751182556,0.35942649841308594
623283031144918701ff00756bbff9e5.mp4,good,0.0,0.0,0.0,1.2920666290231506,1.2767766864076266,0.09886991459931808,0.11560171990494937,0.12679828703403473,0.1197236031293869,0.13632607460021973,0.22059732675552368,0.2071181684732437,0.2556138038635254
4f95a8bc31851629a3a3d20087ed3083.mp4,bad,0.0,0.0,0.0,1.094871794871795,1.0723496835443038,0.04969302175391901,0.05820229001875583,0.11763152480125427,0.11007902026176453,0.12057185173034668,0.22510436177253723,0.21802352368831635,0.280106782913208
1dde93293abd56023af8238960979b3b.mp4,good,0.0,0.0,0.0,1.2530762657551806,1.2094418982997044,0.16922078813942162,0.03267027528623589,0.12496796250343323,0.12175512313842773,0.15143835544586182,0.19179309904575348,0.19311198592185974,0.31939196586608887
f9a84abe86a77763fb64a7407043d881.mp4,good,0.0,0.0,0.1875,1.2044198895027625,1.1939393939393939,0.02579969010295312,0.08942069335501382,0.14547765254974365,0.14101499319076538,0.1631525754928589,0.2804858088493347,0.26273033022880554,0.2955999970436096
a400e3f6d8a03acf45c1ebe779aaa5f6.mp4,bad,0.0,0.0,0.0,1.1527196652719665,1.1149130936702274,0.05960399189770634,0.033229547164598625,0.13498778641223907,0.1315397173166275,0.14135819673538208,0.21230348944664001,0.20564061403274536,0.26526939868927
dcc37d479ecbd69ee0dcfd7e6c993c43.mp4,good,0.0,0.0,0.0,1.1698944302875864,1.15848028366769,0.14615327239465034,0.1371822748765962,0.10549046099185944,0.10290072858333588,0.14357894659042358,0.14204752445220947,0.13562005758285522,0.18487900495529175
34f61dc6f45300466b2c4b9161f7bfde.mp4,good,0.0,0.0,0.0,1.272615864527629,1.2313829787234043,0.07924826304547303,0.08165531412237384,0.11802740395069122,0.10788987576961517,0.1391095519065857,0.19831031560897827,0.18789754807949066,0.21938109397888184
8fa1bc8fc96667f6bb7fe02c24bc229e.mp4,good,0.0,0.0,0.0,1.120968286099865,1.1182744214032085,0.19221362621748833,0.0823055232718563,0.1320478916168213,0.12551040947437286,0.1382947564125061,0.18175993859767914,0.17753289639949799,0.2311040163040161
4b2a46fa5e2cbcd9030620ae6b6d7ca8.mp4,good,0.0,0.0,0.0,1.1786962683042042,1.1403998685877879,0.0035057494810519507,0.010576914132577574,0.15908941626548767,0.15395891666412354,0.16688942909240723,0.3086828589439392,0.29721346497535706,0.32638251781463623
0180643b8a4cbea0dacee2ec07c30abc.mp4,good,0.0,0.0,0.0625,1.180861581920904,1.1611338797814208,0.03816024278694995,0.004823822519358213,0.1299838125705719,0.1272721290588379,0.1311572790145874,0.298994779586792,0.2968827188014984,0.3038301467895508
dca64229e6f2cd19c3998f97df1663f7.mp4,good,0.0,0.0,0.375,1.0284090909090908,1.0196629213483146,0.023064617632334476,0.022481523710202397,0.1419578641653061,0.13621485233306885,0.15570032596588135,0.2080284059047699,0.1938539743423462,0.21443814039230347
ffc1bfa0600c3f0b3fd74c020188a0f4.mp4,good,0.0,0.0,0.0,1.094177752072489,1.0892394599063104,0.02116740150900217,0.01862529845042863,0.11895270645618439,0.10820336639881134,0.1492120623588562,0.1742430329322815,0.1523093283176422,0.22278368473052979
df54912f8a3235fc03d35bb3e1db48a1.mp4,good,0.0,0.0,0.0,1.399215911264104,1.311409416060579,0.06407536183405686,0.03469210467397462,0.14272037148475647,0.13382495939731598,0.14758098125457764,0.23973599076271057,0.20956546068191528,0.2913874387741089
6bfb66da4da9e4e4edc452b7b1e81a40.mp4,good,0.0,0.0,0.0,,,,,,,,,,
aa980fb1688b7d6e88524e3ce3234ed4.mp4,good,0.0,0.0,0.0,1.171947373607963,1.1304697986577181,0.03488325069072025,0.02201301514749026,0.11754761636257172,0.11201081424951553,0.1376071572303772,0.20144400000572205,0.1927482783794403,0.2225160002708435
a8678b183370e015a1d39e69fc4bc2d7.mp4,good,0.0,0.0,0.1875,0.9111969111969112,0.8843283582089553,0.04291965119374643,0.05516651415428857,0.16988158226013184,0.1609085649251938,0.19078868627548218,0.29729920625686646,0.2792581021785736,0.3048098087310791
adf18ffe3824df02b6f1db0037fcf60d.mp4,good,0.0,0.0,0.0,1.0513241153034918,1.0482281400712936,0.04518382860807858,0.039685197345367774,0.1126379519701004,0.11020272970199585,0.12643414735794067,0.14984700083732605,0.147216796875,0.1657814383506775
066e39f4afb2254d3085e4e8a1172493.mp4,good,0.0,0.0,0.0,1.1203977798334877,1.1171504404788797,0.008526566523630758,0.006332710186098948,0.12938052415847778,0.1089799553155899,0.14008957147598267,0.12488678097724915,0.1210956946015358,0.12860941886901855
ed384e646526c8e9444462ff18d20306.mp4,good,0.0,0.0,0.0,1.2159381898454746,1.203262179376829,0.12571521931732832,0.09565834844302509,0.12412966787815094,0.11046278476715088,0.15000808238983154,0.2565874457359314,0.23784838616847992,0.27623218297958374
93fe14ec32db9d9088988f2237dc5e9d.mp4,good,0.0,0.0,0.0,1.2139098604438345,1.1989333558482496,0.02252681371099447,0.01844632182888507,0.13143862783908844,0.12074794620275497,0.1484113335609436,0.17553284764289856,0.1681365966796875,0.20214778184890747
41cc014dc3ef427a70e03e8da72c2ad0.mp4,good,0.0,0.0,0.0,1.0862758366141732,1.0856044089147288,0.003943933195960603,0.00588406877651635,0.10810214281082153,0.10531258583068848,0.12200462818145752,0.1828724890947342,0.17097187042236328,0.20311295986175537
4035b700ddc3d6f9445416904a20a9bc.mp4,good,0.0,0.0,0.0,1.1754107490949597,1.1754107490949597,0.16443420201825212,0.1671833915149165,0.16079874336719513,0.14645858108997345,0.21453005075454712,0.3417092561721802,0.3021477162837982,0.375654935836792
784ca61b706317b3fd3a35a82341f09f.mp4,good,0.0,0.0,0.0,1.1324517833843184,1.1239781867459344,0.06464601537821281,0.05547841977286538,0.11000141501426697,0.10628010332584381,0.12843191623687744,0.2145562320947647,0.1881345808506012,0.26656413078308105
d46b1f8dde6151afc082eaed3dbc0602.mp4,good,0.0,0.0,0.0,1.066777860143316,1.066777860143316,0.1747825988001468,0.11141590530990961,0.11310210824012756,0.11177749186754227,0.13533151149749756,0.2005612552165985,0.17452377080917358,0.23116815090179443
affe01b145a1520805cb9af501dd8475.mp4,good,0.0,0.0,0.0,1.1521045918367347,1.1287784098155753,0.029839213916465546,0.03238529847184084,0.12201085686683655,0.11661001294851303,0.13511329889297485,0.20214620232582092,0.19078119099140167,0.22640281915664673
921e9f4257d8847617c0e423f1499813.mp4,good,0.0,0.0,0.0,1.0698529411764706,1.062043795620438,0.0071468565348927855,0.012742309824349662,0.12203507125377655,0.11468961834907532,0.13855767250061035,0.17542748153209686,0.17035424709320068,0.18880164623260498
3214e88e0de91722f09a76c892a10a4d.mp4,good,0.0,0.0,0.4375,1.2737226277372262,1.21875,0.01586481660216996,0.0019988011568620786,0.1312791109085083,0.1236388087272644,0.1342843770980835,0.28277158737182617,0.26034191250801086,0.28566598892211914
acb7776d2f71a3283a8633ecab9fdab3.mp4,good,0.0,0.0,0.0,1.1230775175825025,1.1179039301310043,0.006575284314081832,0.002105132676448144,0.12681256234645844,0.12222100794315338,0.13376963138580322,0.18119478225708008,0.17643432319164276,0.19186949729919434
3ce4280eef9f1f905b951efccc1c0db7.mp4,good,0.0,0.0,0.0,,,,,,,,,,
7612093cc5f5586b0cb993ae670e94fc.mp4,good,0.0,0.0,0.0,0.8938775510204082,0.8795180722891567,0.0030032658782943498,0.01317402425595574,0.11703597009181976,0.1094205304980278,0.1376122236251831,0.1594705730676651,0.1599617898464203,0.20993590354919434
25a22289e8f1abf807ccbb78fbbdd670.mp4,bad,0.0,0.0,0.0,1.3987133862578702,1.2655144174384276,0.13430662443397776,0.09541745342972408,0.12092411518096924,0.11432778090238571,0.13047021627426147,0.2585122585296631,0.2151051163673401,0.2798519730567932
9d967f66a02727cddfb8faef03e2c8a0.mp4,good,0.0,0.0,0.0,1.0851502004503266,1.0813646233942915,0.030751944780720658,0.027555283526077234,0.107009157538414,0.10260981321334839,0.11310398578643799,0.13053011894226074,0.12704744935035706,0.1388222575187683
e3584577fed68da28f382dc5c500592a.mp4,good,1.0,16.0,0.0,1.278050275904353,1.253830537041293,0.04578048814930385,0.04035460353850693,0.16169580817222595,0.15685120224952698,0.17221921682357788,0.3571896553039551,0.3141694962978363,0.4322841167449951
9dfd08e4d9e3f58c189359a5aab7517a.mp4,good,0.0,0.0,0.0,1.2042773866303278,1.2003845687984496,0.014711065636269616,0.020605287611131055,0.144510418176651,0.14033767580986023,0.15167033672332764,0.16776730120182037,0.16333302855491638,0.18498587608337402
8c4f4457d8edcc69d90ff5c87c913822.mp4,good,0.0,0.0,0.5625,1.163768647201326,1.1614124482118195,0.018815404036874435,0.020722285898328564,0.1477283537387848,0.14381656050682068,0.14870083332061768,0.27017757296562195,0.2577051520347595,0.2885044813156128
44bf00670d664b44362cf902e7a16f75.mp4,good,0.0,0.0,0.3125,1.2358490566037736,1.2242990654205608,0.13177847748352783,0.11939814946751767,0.13534823060035706,0.12657040357589722,0.14221471548080444,0.2947581112384796,0.24360500276088715,0.31154143810272217
9220df86-4ab7-4510-9b4d-aa0b1a660578.mp4,good,0.0,0.0,0.0,1.149895822203227,1.132666874934916,0.015112029460201211,0.024595515195527162,0.1185925155878067,0.11459013819694519,0.15536552667617798,0.1692364364862442,0.1587306261062622,0.1789732575416565
4aa88f5dd71d2391966dbf3053b4c889.mp4,good,0.0,0.0,0.6875,,,,,0.17972135543823242,0.17972135543823242,0.17972135543823242,0.31767553091049194,0.31767553091049194,0.31767553091049194
d9a0a72b4d5a54583cac5f8a0fe0e3c7.mp4,good,0.0,0.0,0.0,0.9421470041361515,0.8906490855309752,0.0002948935184897996,0.005670420131292187,0.1604079306125641,0.15558166801929474,0.17360126972198486,0.2536979019641876,0.24006840586662292,0.30257129669189453
d9333173af83d0b0613ff5c4a23ad060.mp4,good,0.0,0.0,0.8125,,,,,0.1613423228263855,0.1554199904203415,0.16328775882720947,0.3232821524143219,0.31478413939476013,0.3263716697692871
e175ee3f7440cf33d69370c6d976609d.mp4,bad,0.0,0.0,0.0,1.1294034421008026,1.0759522332506204,0.132004445604669,0.09411756834509766,0.14030241966247559,0.13078539073467255,0.14520233869552612,0.2308981865644455,0.21079188585281372,0.2408784031867981
1f658fbc701b339d7a9b25366d0d9462.mp4,bad,0.0,0.0,0.0,1.1510201866724548,1.1376024590163936,0.037006142622291155,0.014112175148582894,0.14178957045078278,0.13687467575073242,0.14696329832077026,0.18719306588172913,0.18465101718902588,0.23146051168441772
201b73d9e429ce92222303d9b76d9c85.mp4,good,0.0,0.0,0.3125,1.1102941176470589,1.1074074074074074,0.014832275031074378,0.006370518003285693,0.14001202583312988,0.13883821666240692,0.18728792667388916,0.2979011833667755,0.2784281075000763,0.32741719484329224
cbd0a512bdcfc54fe5e8889611db7590.mp4,good,0.0,0.0,0.0,1.096824408468244,1.093073593073593,0.022159452155016156,0.01807460128606372,0.11684054136276245,0.11178194731473923,0.12203902006149292,0.23012952506542206,0.22121742367744446,0.24001026153564453
2b5e0a54d4fe29eae471a10c82b87be2.mp4,good,0.0,0.0,0.0,0.9331460464421713,0.8954335341084185,0.14491114563409713,0.17309439748306346,0.1667485237121582,0.15056701004505157,0.23565667867660522,0.20880165696144104,0.20220643281936646,0.3405412435531616
6bbdfb8359b2a00653c0af12fff70c0c.mp4,good,0.0,0.0,0.0,1.0909090909090908,1.0789495553893458,0.11621671939182872,0.14375939920686867,0.11765743792057037,0.11784334480762482,0.16677331924438477,0.18843331933021545,0.18056076765060425,0.28489571809768677
766884c0e809981ccc6b3e3bb1d299d1.mp4,good,0.0,0.0,0.5,1.096345514950166,1.0623783971982714,0.08654636653451676,0.11332127747677753,0.17658507823944092,0.17105640470981598,0.19493603706359863,0.3068578243255615,0.28403913974761963,0.3094565272331238
845c1e928130b4d066e99b2f053f3b95.mp4,good,0.0,0.0,0.0,1.247587142059504,1.2414119876806444,0.058609479791559956,0.05603362974360227,0.14005516469478607,0.12999925017356873,0.1489635705947876,0.3021509349346161,0.2797141671180725,0.31331080198287964
e8b92f26def8f49e93e06a60ff430b62.mp4,good,0.0,0.0,0.0,1.0450833333333334,1.0241696678671468,0.19678352542340674,0.23255951209276024,0.12585602700710297,0.12253043800592422,0.15249162912368774,0.17942093312740326,0.17238985002040863,0.24252092838287354
3f25e9ca98c3aa5e6fc32db828719993.mp4,good,0.0,0.0,0.0,1.337962962962963,1.3136363636363637,0.024623553291346766,0.029734390003343738,0.12940439581871033,0.12277017533779144,0.14031916856765747,0.31272512674331665,0.2673029899597168,0.3237016201019287
130def6a779c05c38e0e3b5eadee7c17.mp4,bad,0.0,0.0,0.0,1.3037866743749098,1.2522063913244117,0.015854082291050207,0.03081217598290628,0.1277948021888733,0.117047980427742,0.1418837308883667,0.20182493329048157,0.1950090527534485,0.21980994939804077
7db2d6511e29a46a252cafcabf090001.mp4,good,0.0,0.0,0.0,0.9225320104926888,0.9030072662121137,0.15064061243063612,0.17112295748234208,0.12638428807258606,0.11699964106082916,0.13626015186309814,0.12840691208839417,0.13040199875831604,0.1774357557296753
9e5738dac667168b236a438572a58b43.mp4,good,0.0,0.0,0.0,1.271750367807865,1.2388418622547133,0.054942166732064555,0.03685343075486705,0.13537128269672394,0.12421253323554993,0.14448291063308716,0.19099131226539612,0.17838697135448456,0.20709651708602905
dd6c31335e97c68c0dd8252b84da9352.mp4,good,0.0,0.0,0.0,1.062223549186129,0.9290365277860092,0.3513344900541721,0.3167895353143298,0.14042450487613678,0.13008588552474976,0.15880358219146729,0.2831626534461975,0.25678500533103943,0.300151526927948
2a2cc87d6709bfbd6d48e103b08e06a1.mp4,good,0.0,0.0,0.0,1.077221228384019,1.0692307692307692,0.007315867786693862,0.003464384223362113,0.11949171125888824,0.1146090105175972,0.12907660007476807,0.1860838234424591,0.1762479841709137,0.19750255346298218
939c3e8635009a822f48fa7597d87571.mp4,bad,0.0,0.0,0.0,1.4243948943382236,1.421389894870082,0.029194755548406802,0.018739627654134568,0.14037533104419708,0.1319769024848938,0.14892423152923584,0.27085626125335693,0.2495352327823639,0.27965009212493896
1df69787eec4647f2ef8596b03c5ba77.mp4,good,0.0,0.0,0.0,0.9685654008438819,0.9196613745262103,0.0022417201132596026,0.0072743327251523805,0.1767057478427887,0.1461903154850006,0.2083601951599121,0.3341748118400574,0.26270368695259094,0.35489439964294434
0ce36f6af09d12cdf033b7df7f1c944d.mp4,good,0.0,0.0,0.0,1.133399910962448,1.1307878127792672,0.031518036838599696,0.022173734791623677,0.12733113765716553,0.12108677625656128,0.14097708463668823,0.14213520288467407,0.13747239112854004,0.14921510219573975
28441bf22c31a05db9f581637f49283f.mp4,good,0.0,0.0,0.0625,1.225130890052356,1.2,0.0601244301068846,0.043647678690089675,0.13965648412704468,0.1316584050655365,0.16717612743377686,0.26757749915122986,0.2441440224647522,0.30188363790512085
0569edf094510badc3f16c11d0b09925.mp4,good,0.0,0.0,0.0,1.132323561102631,1.126473063973064,0.006871502934946244,0.007720902493506321,0.12289158999919891,0.10997474938631058,0.13898181915283203,0.20519378781318665,0.16907259821891785,0.2156243920326233
01609fa316c492f52da8ab90afd4495c.mp4,good,0.0,0.0,0.0,1.1961538461538461,1.1951637471439451,0.026582956913090726,0.026582956913090726,0.15964888036251068,0.15532523393630981,0.17212015390396118,0.27454206347465515,0.2525009512901306,0.29231399297714233
a21a0e89f4d6db0cccfd5a7cbf0e2cc4.mp4,good,0.0,0.0,0.0,1.1341991341991342,1.1336231722497816,0.04217046273111925,0.042090024312895706,0.14606718719005585,0.1442459672689438,0.16630899906158447,0.1874743103981018,0.18309776484966278,0.1972867250442505
e06f0735635571a365fd4c7e1fe04739.mp4,good,0.0,0.0,0.0,1.0685682326621924,1.0597194719471945,0.0012441993165095866,0.003850652750012498,0.10141809284687042,0.09521961212158203,0.10543656349182129,0.1360996514558792,0.13247722387313843,0.14408349990844727
25a2d4ecc1405c2bcc5c15a4b05fe2dd.mp4,good,0.0,0.0,0.0,,,,,,,,,,
e3c49959cb3396be679c49fe22337f72.mp4,good,0.0,0.0,0.0,1.130003250081252,1.130003250081252,0.06680019767362672,0.0639439555390289,0.11495277285575867,0.10859870165586472,0.12784916162490845,0.19701312482357025,0.18605084717273712,0.2420535683631897
527456dc732a70f56929773bb6a0c1c8.mp4,good,0.0,0.0,0.375,1.2802688609711557,1.2682017543859647,0.006996464398227402,0.022163733396198773,0.12934406101703644,0.12626788020133972,0.1342737078666687,0.2584156394004822,0.24820980429649353,0.263343870639801
d46428a431b1c13d32e161e7bc0960be.mp4,good,0.125,1.0,0.0,1.1685833155536591,1.1451747453459782,0.05187340767854661,0.006383154866632451,0.12373004853725433,0.11683924496173859,0.1325281858444214,0.18219071626663208,0.17247545719146729,0.1921902894973755
5dcd54ee2c33289cb14e76736b993add.mp4,good,0.0,0.0,0.0,1.245795647258338,1.1955758255694844,0.026571420070199053,0.017460341567011192,0.14604493975639343,0.13616439700126648,0.1617608666419983,0.19930323958396912,0.18369489908218384,0.22068113088607788
4c02e27dd8c6d36492548e3af6c7f747.mp4,good,0.0,0.0,0.75,1.1374724259990767,1.1344544248239257,0.0899637864838116,0.07401219611284415,0.12970049679279327,0.12114591896533966,0.13239866495132446,0.22073334455490112,0.21934360265731812,0.26578980684280396
a17c0a0cd2e6a81dbc934e3958aede27.mp4,good,0.0,0.0,0.5,1.3684954751131222,1.3198173515981737,0.04136179354857156,0.09870663658995996,0.1654781550168991,0.15757867693901062,0.19350969791412354,0.3284901976585388,0.3056652545928955,0.3591899871826172
96fe54878560f0feb8600423637358be.mp4,good,0.0,0.0,0.0,1.119987569633074,1.1147837639728788,0.03639294202373791,0.03151347801703606,0.1585099995136261,0.14881420135498047,0.1613578200340271,0.26535364985466003,0.2629905045032501,0.2776833176612854
983124d4095250930bc3a33470fb8757.mp4,good,0.0,0.0,0.0,1.076678399586657,1.0726256983240223,0.16901835000328083,0.20954970255757177,0.12322962284088135,0.116266630589962,0.14457786083221436,0.18748682737350464,0.17515230178833008,0.2218812108039856
e9c65f6c4e235c3101732ec5b62fca45.mp4,good,0.0,0.0,0.0,1.0821293429652563,1.079188166494668,0.08468068792256618,0.07256836337802353,0.11389917135238647,0.10933113098144531,0.11965250968933105,0.24595198035240173,0.22506317496299744,0.2680113911628723
a8a4f68aada0b3d0a6ec250d6273a519.mp4,good,0.0,0.0,0.1875,1.072192513368984,1.071808510638298,0.00443064574002551,0.0037887144122416977,0.17339199781417847,0.16420340538024902,0.18995064496994019,0.27639633417129517,0.26019737124443054,0.3103266954421997
fbe05e31951ffd55086cba7f824cb701.mp4,good,0.0,0.0,0.0,1.2619318181818182,1.227037553772817,0.2552736383181894,0.2467196478438645,0.13173919916152954,0.12500156462192535,0.1552668809890747,0.25260382890701294,0.22040145099163055,0.29450011253356934
c7109628fdb45e56a1a8d2da66f75981.mp4,good,0.0,0.0,0.5625,,,,,0.159419447183609,0.1430424600839615,0.17129194736480713,0.36088237166404724,0.35212358832359314,0.3659035563468933
e58604ddbfcf329f6c5a654b95d23347.mp4,good,0.0,0.0,0.0,1.0442962292189097,1.0298932775882936,0.05537399822788932,0.054917370073857115,0.11617912352085114,0.1117943823337555,0.13247591257095337,0.1529841423034668,0.14499181509017944,0.17306309938430786
119a2a6bc29c0ee69102f71bbfa70808.mp4,good,0.0,0.0,0.0,1.0051416939832927,0.9872448979591837,0.05342582656391068,0.08163961155519692,0.14942780137062073,0.14277952909469604,0.15853452682495117,0.2331598401069641,0.2184106707572937,0.28086721897125244
e13afd31650cb8d2df79816bfde1d6ec.mp4,good,0.0,0.0,0.0,1.2197763801537387,1.1777812895069533,0.0161714185596647,0.004292406818422319,0.14682435989379883,0.13537046313285828,0.1642606258392334,0.32135009765625,0.2894305884838104,0.34279918670654297
7ee63ad38026c5959f7f4e46cf9ca80a.mp4,good,0.0,0.0,0.0,1.1658087394188974,1.0973470386686246,0.031084010073180693,0.12312811272814136,0.17926225066184998,0.1556323766708374,0.20506620407104492,0.3908649682998657,0.29199063777923584,0.4083080291748047
f44af20c8ad4cfc8b5741616a2974887.mp4,good,0.0625,1.0,0.0,1.5916193181818183,1.2881545828473202,0.3638330134655594,0.10189170186970778,0.27738678455352783,0.21393504738807678,0.2919447422027588,0.44963568449020386,0.3765413761138916,0.45400118827819824
4139dda521b6a611c491b363d8667b08.mp4,good,0.0,0.0,0.0,1.0628845680531627,1.0407333665173386,0.04446693060962701,0.07032949641315307,0.18315812945365906,0.1494768261909485,0.19263774156570435,0.2730308175086975,0.22884809970855713,0.2942163944244385
783f47f686ffddd8463123579f1439c8.mp4,good,0.0,0.0,0.0,1.315173636458442,1.2945479529563917,0.0756969431635354,0.05628877159788579,0.12329976260662079,0.1202317401766777,0.13416337966918945,0.1948341280221939,0.1887296736240387,0.23195594549179077
92ea83f16b9ff11179316888cfcf2e3c.mp4,good,0.0,0.0,0.0,1.1264824329954173,1.1263157894736842,0.004609002606517807,0.003876800577259094,0.13612547516822815,0.12409871816635132,0.14885956048965454,0.16085577011108398,0.15932106971740723,0.17698556184768677
cd840a25cb823f077345bc654558ba79.mp4,good,0.0,0.0,0.0,1.0899453431642272,1.0715881289224551,0.018548027223982213,0.009359519802886605,0.11797675490379333,0.110177181661129,0.1280122995376587,0.19266024231910706,0.19049352407455444,0.26946359872817993
b3948582411dbe9a2a65ddd76f1c1323.mp4,good,0.0,0.0,0.0,1.2677595628415301,1.262867215041128,0.0245183724411321,0.01755505618078227,0.14143484830856323,0.1359621286392212,0.15972483158111572,0.18011434376239777,0.17186444997787476,0.19280564785003662
05ed65a4e70a08dcec64290091e8eeed.mp4,good,0.0,0.0,0.0,1.273124167529969,1.268254494547598,0.015484222244566637,0.014375321800612741,0.08935491740703583,0.08652372658252716,0.09523332118988037,0.11926676332950592,0.10973884165287018,0.1224513053894043
54b96f25a451b83de9a02e9d3d958c28.mp4,good,0.0,0.0,0.0,1.1524983437358345,1.1500546884494522,0.021685268732327696,0.019731016312855006,0.1476213037967682,0.1415024995803833,0.16944468021392822,0.3169272541999817,0.28841283917427063,0.3318808674812317
a3d19fe7488507fd342d7a8443e3be1c.mp4,good,0.0,0.0,0.0,1.0669004400440043,1.0222842561682208,0.37104286922942264,0.3978932769796801,0.13952060043811798,0.1271078735589981,0.16430002450942993,0.18294429779052734,0.17795363068580627,0.2202674150466919
137d8a7c0dc7b6999e9bb8284e03f0eb.mp4,good,0.0,0.0,0.0,1.1039033457249072,1.0959147889351235,0.005520057144045284,0.00247089868547023,0.15833625197410583,0.15575477480888367,0.16521120071411133,0.1962219476699829,0.18807965517044067,0.2099674940109253
8e7b377f8ecae7e59fd9b3521820a093.mp4,good,0.0,0.0,0.0,,,,,,,,,,
631ae42f3bba5a14f66122009e896a0e.mp4,good,0.0,0.0,0.0,1.1015640497444115,1.0972777374031009,0.03221678670992701,0.0369449793131491,0.11436104774475098,0.10928165167570114,0.15183109045028687,0.17571017146110535,0.16925214231014252,0.20103389024734497
71620e287d0a0863e0676536fccc73fa.mp4,good,0.0,0.0,0.0,1.2149139889646219,1.2149139889646219,0.05843588544633313,0.06218940340578828,0.1464303582906723,0.13856475055217743,0.1487208604812622,0.2627561092376709,0.23082979023456573,0.27155935764312744
2a7b9265becbfb18214217582436729f.mp4,good,0.0,0.0,0.0,0.8146341463414635,0.7921136834180312,0.06651854290700518,0.07628344269570814,0.133968785405159,0.1279871016740799,0.14049488306045532,0.23716141283512115,0.23226767778396606,0.25962746143341064
b2c8538be2a53dcbacac0e086148f7c8.mp4,good,0.0,0.0,0.0,1.131615696131825,1.086780866192631,0.07461705630844008,0.18516051481990278,0.1296665221452713,0.12221583724021912,0.14557474851608276,0.23079876601696014,0.22558966279029846,0.26895517110824585
935883494d7922c3f7fb3d3aa1a976cd.mp4,good,0.0,0.0,0.0,1.075,1.029344637546905,0.1658592071081949,0.22496246015659987,0.15611569583415985,0.14829273521900177,0.2881775498390198,0.24092470109462738,0.2255178987979889,0.4380645155906677
03b3ee6e81950da86c455e6736139cc0.mp4,good,0.0,0.0,0.0,1.157790771175727,1.140044434229679,0.08688626198623897,0.07614360607321,0.14703397452831268,0.13574303686618805,0.16212743520736694,0.29221904277801514,0.2694777250289917,0.3078070878982544
79a7dbf04c21d0b32d0f5dc81b6f7bf2.mp4,good,0.0,0.0,0.0,,,,,,,,,,
25a1581dd2b21dadf9cfce62fe865ff6.mp4,good,0.0,0.0,0.625,0.914500112841345,0.8804485688918953,0.02946532607134115,0.03255852014083441,0.13921985030174255,0.1309385448694229,0.1581186056137085,0.25420793890953064,0.23818600177764893,0.26592016220092773
92565a4b9f01cc1d653983d32283c5aa.mp4,good,0.0,0.0,0.0,1.127489399974303,1.1214860720674675,0.03976975167788533,0.039093919051424134,0.12169133126735687,0.11758735775947571,0.13884484767913818,0.19984813034534454,0.1937437653541565,0.22177046537399292
7f8a4c152eb0dde567fcc2fcc90c60a0.mp4,good,0.0,0.0,0.0,1.1661852463179279,1.1551258440761203,0.002089756840560645,0.014524528836483171,0.1095723956823349,0.1030539870262146,0.12246543169021606,0.17578186094760895,0.16561664640903473,0.18273675441741943
aad901b910ff4fe4f04636f9be4f6372.mp4,good,0.0,0.0,0.0,1.0391035326282467,1.0230263157894737,0.12896801831568735,0.14351065533442697,0.14473187923431396,0.12962254881858826,0.2242957353591919,0.21508164703845978,0.18558216094970703,0.2512028217315674
ff91f5eb0336eaf9a75c9a6f5c93ea41.mp4,good,0.0,0.0,0.0,1.2352135360591021,1.2215926975133775,0.043376635450512485,0.02707150125865369,0.11213749647140503,0.10449455678462982,0.11784082651138306,0.1560385823249817,0.1339244246482849,0.18954020738601685
179793aaeade414668482909f0296872.mp4,good,0.3125,3.0,0.0,1.2108170761078998,1.1483004385964912,0.10269043054917934,0.04649878310239487,0.1471516191959381,0.13301655650138855,0.22116827964782715,0.3018372058868408,0.2646059989929199,0.38477641344070435
a0acf9b009b13a2ecb3abd762787c569.mp4,good,0.0,0.0,0.0,1.1130952380952381,1.1064209082842624,0.00244777785980707,0.00403890031598479,0.11863452196121216,0.10852275788784027,0.13004672527313232,0.12299783527851105,0.11893728375434875,0.134232759475708
4e327e46cd4abd7e2bfad16e10a99d48.mp4,good,0.0,0.0,0.0,1.4246848739495799,1.3392285925196852,0.15151355831050883,0.10026615022057975,0.14341284334659576,0.13571475446224213,0.16323131322860718,0.24781456589698792,0.2199242115020752,0.2550960183143616
78d473d0d4d7db114e300eef12bc9733.mp4,bad,0.0,0.0,0.0,1.440496894409938,1.3952199589181786,0.023016158152935343,0.01637700377564305,0.13397428393363953,0.1290494054555893,0.139137864112854,0.2906861901283264,0.2753317952156067,0.30640119314193726
9cb40f60787d1f0cc12def89424ecc54.mp4,good,0.0,0.0,0.0,1.0021186440677967,0.9872610890732059,0.07870544509023106,0.08497881413634167,0.12366276979446411,0.11932557821273804,0.14594721794128418,0.28276026248931885,0.24452899396419525,0.30384278297424316
1db06f44605e298583d31a3cc514e137.mp4,good,0.0,0.0,0.0,1.2693417582964326,1.239715264096069,0.09645395738305389,0.09073634510438112,0.11019638180732727,0.10291276127099991,0.12379169464111328,0.16016612946987152,0.15070785582065582,0.17841601371765137
b356a0297a22d75b03758feb21632fce.mp4,good,0.0,0.0,0.0,1.2377358490566037,1.2018355419090714,0.02843434857109985,0.03487827470359777,0.14551714062690735,0.13591118156909943,0.1562800407409668,0.2192533165216446,0.20464196801185608,0.25023025274276733
e8fcd8b55e048ecc4cf352c3fc1b12cb.mp4,good,0.0,0.0,0.0,1.1811561277293954,1.17078373015873,0.019645162559720684,0.017802791157914204,0.15710872411727905,0.14803840219974518,0.16231757402420044,0.18556904792785645,0.18101680278778076,0.19996023178100586
fb080a1830ccdc05574083aa743be41f.mp4,good,0.0,0.0,0.0,1.2739408473221423,1.2554347826086958,0.04112028329866737,0.007446224114760551,0.10935203731060028,0.10413151979446411,0.13271743059158325,0.1981368064880371,0.1875048726797104,0.21204745769500732
65dde24b368432a5ce9032e2d9db7d13.mp4,good,0.0,0.0,0.0,1.1533410138248847,1.1471334348046676,0.00879603326571431,0.004259679374775518,0.11949937045574188,0.11097142845392227,0.13087385892868042,0.1618359535932541,0.1569892168045044,0.17444586753845215
92eacd50c726621fc393adbbf886ed8d.mp4,good,0.0,0.0,0.0,,,,,,,,,,
8543884467414b931915e05d92c125b3.mp4,good,0.0,0.0,0.0,1.1851851851851851,1.1544117647058822,0.029857659728607516,0.08905707243966911,0.14153161644935608,0.1299351304769516,0.1614050269126892,0.2544698715209961,0.21508052945137024,0.2803943157196045
a2036acc90d4545d6e9b71591a4ef1b9.mp4,good,0.0,0.0,0.0,1.2541108526509985,1.2386987913985246,0.19284919623711438,0.20543135526333717,0.1269071251153946,0.11951053142547607,0.15439647436141968,0.27445900440216064,0.21701763570308685,0.3065413236618042
06f607c71536687011921fba49accef1.mp4,good,0.0,0.0,0.0,1.2168636218460556,1.1839755639097744,0.0065951738749083074,0.017969769473777337,0.15641193091869354,0.1456596851348877,0.18512612581253052,0.264138787984848,0.24576789140701294,0.32638049125671387
c4271add6326f9293de3ccf676d7751a.mp4,good,0.0,0.0,0.75,0.9594229904260104,0.9265480895915679,0.13915376799164628,0.13140842807300232,0.17285755276679993,0.1630105823278427,0.192352294921875,0.2945197820663452,0.2890525162220001,0.3162185549736023
f8e7c9d2c9ebbcf3ac39df28d057fc92.mp4,good,0.0,0.0,0.0,0.9370386015730292,0.9137931034482758,0.24931980019236738,0.28134457694569437,0.12586665153503418,0.12137196958065033,0.1639796495437622,0.3030877709388733,0.27215829491615295,0.34489840269088745
9b2ca2fb2988934db59d28c414afbbb6.mp4,good,0.0,0.0,0.0,0.9396984924623115,0.9038834951456312,0.048592317452210224,0.05456046723108774,0.0985172688961029,0.09598074853420258,0.12471389770507812,0.16486340761184692,0.1570587456226349,0.17948371171951294
4a879de3b1c8bc9e58046f74fe680ca5.mp4,good,0.0,0.0,0.0,1.1308178576390495,1.0849358974358974,0.0858788319082988,0.12000243523809571,0.11182434856891632,0.09417525678873062,0.12179058790206909,0.141366645693779,0.13517551124095917,0.15312761068344116
32da5882e4999336b61382d28fdc2eeb.mp4,bad,0.0,0.0,0.0,1.210537891165012,1.202739726027397,0.09642457643319326,0.12663985843934658,0.12195245921611786,0.1176108568906784,0.14365988969802856,0.2279175966978073,0.20333565771579742,0.23300236463546753
4ea9b07a5ec076290709ff281a6c2aa0.mp4,bad,0.0,0.0,0.0,1.2,1.1903708813504301,0.03518099568006647,0.02591114899066491,0.153798907995224,0.14394426345825195,0.1685084104537964,0.26283353567123413,0.25612300634384155,0.27909010648727417
9b09b5474307dcbc7a4531e9c0ca434c.mp4,good,0.0,0.0,0.0,1.0992563154166994,1.0869639794168096,0.06762721640302366,0.06707291589154596,0.12682579457759857,0.12503905594348907,0.16597825288772583,0.19960735738277435,0.18434619903564453,0.2265099287033081
152bf818817ef68455fe75a19377f4c2.mp4,good,0.0,0.0,0.0,,,,,,,,,,
12f0f8b5c1277c2554519f65c51ec1a5.mp4,good,0.8125,9.0,0.0,1.199982692973347,1.1972091821353201,0.029424392319966276,0.02797306843397162,0.11264921724796295,0.10737212002277374,0.12637221813201904,0.1539735347032547,0.14931951463222504,0.22623056173324585
159a1f914d28512d40330e5943b1580a.mp4,bad,0.0,0.0,0.0,0.993854663938774,0.8564640524205857,0.1119318448860121,0.20334301421053405,0.14699281752109528,0.13683322072029114,0.17337578535079956,0.17278708517551422,0.156345397233963,0.1771884560585022
0272da585a049c226fac20a35520e005.mp4,good,0.0,0.0,0.4375,1.1868852459016392,1.1740506329113924,0.16313742481697333,0.1490615332001468,0.14187091588974,0.13302113115787506,0.1553446650505066,0.2589486241340637,0.2405063807964325,0.2783259153366089
72cf524707bcbb765b221bce653be8a2.mp4,good,0.0,0.0,0.0,1.1340569292696951,1.1300675675675675,0.06965986402649148,0.0709438009103342,0.1319267898797989,0.12456116080284119,0.1370798945426941,0.2025281935930252,0.1963144689798355,0.22137826681137085
a288896ca9b87a1a61338eeac0724081.mp4,good,0.0,0.0,0.0,1.1038384306456597,1.08670260557053,0.16718915454496014,0.15450650685276746,0.13050693273544312,0.12428171932697296,0.14733177423477173,0.2846205234527588,0.25138047337532043,0.31306296586990356
128ccd427aa058af409b9c9a3b130a40.mp4,good,0.0,0.0,0.0,1.04510758986374,0.9232799518898813,0.10889314183644701,0.14216946972269923,0.12419240176677704,0.11993174999952316,0.13439303636550903,0.14958791434764862,0.14113152027130127,0.16051220893859863
e01a426b6799b3e79cf91642c90ffa6b.mp4,good,0.0,0.0,0.0,1.0002546473134708,0.975288787438611,0.06891575663981883,0.08565490239618609,0.14521722495555878,0.13062629103660583,0.20036101341247559,0.2403484582901001,0.1958225667476654,0.2966170907020569
49e8a192d63a32ec800ca5d9755f41e0.mp4,good,0.0,0.0,0.0,1.0354904982023627,1.0320446686695766,0.18676470843975607,0.1950707039557481,0.13530173897743225,0.12628254294395447,0.14476191997528076,0.22764074802398682,0.20949506759643555,0.2843627333641052
8b2f05b7a7fd2942e07d97898d7849ce.mp4,good,0.0,0.0,0.0,1.2778467432950191,1.1169890026545317,0.022096956284432177,0.130977131633161,0.11639751493930817,0.10973756015300751,0.12121284008026123,0.22994549572467804,0.20224536955356598,0.24598097801208496
a0cfee6c2607476b6c263b79bbfe5c95.mp4,good,0.0,0.0,0.0,1.2971025357497612,1.2885255682364942,0.3058004453431278,0.21009991826610872,0.12485326826572418,0.11288182437419891,0.16322439908981323,0.2342395931482315,0.19801920652389526,0.2432640790939331
d4761c49951dd92105ee8c32116af943.mp4,good,0.0,0.0,0.0,1.1242673992673993,1.1194944288403963,0.007588882581233758,0.01035184753679531,0.10772217810153961,0.10384790599346161,0.12515592575073242,0.13861878216266632,0.13419130444526672,0.15308070182800293
a07a1ebf789d469386d136528e936d3e.mp4,good,0.0,0.0,0.3125,1.4658119658119657,1.4533898305084745,0.2541335540890448,0.27050297844259796,0.1489163339138031,0.1392010748386383,0.16915744543075562,0.2799975275993347,0.26751890778541565,0.3008269667625427
0a26bbeb9989d78df52a9e35aa63ea89.mp4,good,0.0,0.0,0.0,1.0866948366484592,1.083200212992545,0.012767801013126056,0.009431316923921268,0.17355622351169586,0.16640639305114746,0.19851422309875488,0.37636420130729675,0.3053157329559326,0.4248417615890503
2aff94aaf78b052a5d3f4e85bcad3aa0.mp4,good,0.0,0.0,0.0,1.0502883922134103,1.0395688571631845,0.004790240902551757,0.0012611717586118057,0.11786092817783356,0.11573421955108643,0.1408768892288208,0.15330485999584198,0.1485304832458496,0.16405999660491943
8d4ef01a412d8102af2beb85c48b0221.mp4,good,0.0,0.0,0.125,0.9895833333333334,0.9794871794871794,0.05569873164777451,0.08800507681519038,0.14099103212356567,0.13138936460018158,0.1611136794090271,0.2468714714050293,0.23974865674972534,0.33493465185165405
c5043a50f76a905b567a88298735b3b7.mp4,good,0.0,0.0,0.0,1.1118469462840324,1.1118469462840324,0.00025912073606821224,0.002492284905014288,0.10928088426589966,0.10480977594852448,0.11398649215698242,0.16793394088745117,0.16197849810123444,0.17537015676498413
1a01396b6abd7ed3532f37039ec801de.mp4,good,0.9375,9.0,0.0,1.131659231913039,1.131659231913039,0.19233496563385544,0.08319795885459311,0.12506134808063507,0.1199035495519638,0.14392924308776855,0.19609802961349487,0.19133223593235016,0.2784075140953064
c714495f8ca45cbea70dadaf0bf3e63d.mp4,good,0.0,0.0,0.0,0.9918837048500214,0.9780208350002401,0.03067350306778186,0.035480407553338485,0.11150018870830536,0.10905872285366058,0.122966468334198,0.14304830133914948,0.13834260404109955,0.15105098485946655
bd0a4c4b4e6805ac99c87defc39648bb.mp4,good,0.0,0.0,0.0,1.1066099729416312,1.0982233502538072,0.02984542919237932,0.03387449836251115,0.12376976013183594,0.11655540764331818,0.15824735164642334,0.17572537064552307,0.1646546721458435,0.18705999851226807
36b8bd4b6786111c8efd762a3ecc63ff.mp4,good,0.0,0.0,0.0625,1.202970297029703,1.202970297029703,0.16853470377811705,0.1877498463906531,0.14365053176879883,0.14037349820137024,0.19185209274291992,0.18452078104019165,0.18853363394737244,0.26198869943618774
26912a2d7c25c805600dbe0a8eaaf565.mp4,good,0.0,0.0,0.0,1.1818983250073465,1.1713203463203463,0.12577998901228044,0.12139801700506284,0.10589052736759186,0.10022285580635071,0.12289488315582275,0.2030094861984253,0.17071890830993652,0.2203913927078247
0c37ab9ca5f54bc5d73dc03582e724ae.mp4,good,0.0,0.0,0.0,1.2197403124365995,1.2076800587947085,0.03253451715238649,0.033269306200765285,0.11432211101055145,0.10539118200540543,0.1176796555519104,0.18790481984615326,0.17182257771492004,0.21314376592636108
9da54a5231118605b791a7dcfe7d4a55.mp4,good,0.0,0.0,0.0,1.1218653648509762,1.117858646156201,0.012914587787105317,0.013082569145091425,0.10116754472255707,0.09766662120819092,0.11990493535995483,0.14760254323482513,0.14365649223327637,0.1698993444442749
5697277c0a4f1a7d1e52acb7cb356816.mp4,good,0.0,0.0,0.0,1.0866766788242868,1.0866766788242868,0.20027192012515138,0.22347446140725666,0.13076789677143097,0.12628845870494843,0.14575010538101196,0.1842556595802307,0.17677712440490723,0.20719140768051147
6d371ae512784db5bd02ead0f72a8c7b.mp4,good,0.0,0.0,0.0,1.3313253012048192,1.2737707641196012,0.08398476658467752,0.04135205363672304,0.1233518123626709,0.12336491048336029,0.17756128311157227,0.28740590810775757,0.27689099311828613,0.3007442355155945
8498d088551eb2c422404070d1c2a993.mp4,good,0.0,0.0,0.0,1.0887722220210725,1.0859361319109293,0.006107987119160646,0.00627358002466064,0.14039099216461182,0.133215993642807,0.1560732126235962,0.16724328696727753,0.16128329932689667,0.17316687107086182
329215b9e12f7c8263586ca178f0fd50.mp4,good,0.0,0.0,0.0,1.2527766351295764,1.2494343891402715,0.04045661218029261,0.0494379266142369,0.12562143802642822,0.12192146480083466,0.13204056024551392,0.2535981833934784,0.23611393570899963,0.3004918098449707
3602b4d78dba24e5fec9856176cbc51c.mp4,good,0.0,0.0,0.9375,,,,,0.14369606971740723,0.14369606971740723,0.14369606971740723,0.2900005578994751,0.2900005578994751,0.2900005578994751
74b97dbb3e6c58017a59c9f19a89a519.mp4,bad,0.0,0.0,0.0,1.0578794537749177,0.9837397944075468,0.0012452046595035342,0.024993929921163175,0.12030072510242462,0.1128358542919159,0.13181912899017334,0.15683384239673615,0.1530476212501526,0.1896182894706726
b356dd9155264f29e443081db6c291d8.mp4,good,0.0,0.0,0.0,1.1258278145695364,1.1217948717948718,0.06317822937800731,0.07102455776520065,0.17976903915405273,0.1650090217590332,0.19043821096420288,0.32982364296913147,0.3192918598651886,0.38699501752853394
5155afed6c5e37f4bb7d198d74209c58.mp4,bad,0.0,0.0,0.0,1.1467203339296361,1.1434130072262367,0.012904214632349769,0.014879215848468689,0.15341243147850037,0.14537560939788818,0.16198515892028809,0.17219574749469757,0.16540363430976868,0.18707585334777832
10d1b254e9d379c30ac2ad2e41759b90.mp4,good,0.0,0.0,0.0,1.1709269089424255,1.1682407846062355,0.0010020577045137956,0.0006461354763348531,0.10556749999523163,0.10416699945926666,0.11755949258804321,0.16931049525737762,0.1656317412853241,0.19372808933258057
108317bf8c6f90603afac31602e4fad0.mp4,good,0.0,0.0,0.0,1.0223360655737705,1.0080450439199033,0.0016250209758775667,0.027019184617692794,0.13119029998779297,0.12611527740955353,0.14851415157318115,0.22032420337200165,0.20533156394958496,0.23363447189331055
69ba1bd40cf177bb1c6d1638cd851123.mp4,good,0.0,0.0,0.0,1.1685714285714286,1.156873822975518,0.01642159286603706,0.02492112276024925,0.11061075329780579,0.1036110520362854,0.12657511234283447,0.12958863377571106,0.12610076367855072,0.1421547532081604
7ecde7d62e83e451d1ebe6ada2f8246e.mp4,good,0.0,0.0,0.0,1.132665013090809,1.1221146686522712,0.021695291098873488,0.0276179585346717,0.12541624903678894,0.12388461083173752,0.16466790437698364,0.21822726726531982,0.1929454505443573,0.2684285044670105
97fcc8c295203fd7fd679626f9796afe.mp4,good,0.0,0.0,0.0,1.1157424744346824,1.1078066914498141,0.07296241188471059,0.07781594799613424,0.13870999217033386,0.12180554121732712,0.16481077671051025,0.1625431478023529,0.143447607755661,0.181332528591156
69c5e98c1661d2b63f5c69286014560c.mp4,good,0.0,0.0,0.0,1.138952911141054,1.1377876569037657,0.02365139899843594,0.01717400516316368,0.15166056156158447,0.14897741377353668,0.16667324304580688,0.18329018354415894,0.1782929003238678,0.21016091108322144
a02ea0b73346f9d9c3d75f728c650000.mp4,good,0.0,0.0,0.0,1.0958125280071698,1.0910598127875615,0.04756674182464481,0.042265110603203475,0.10886648297309875,0.10556715726852417,0.12416362762451172,0.18488465249538422,0.17663247883319855,0.2012844681739807
5a26453f1f09257db736412ad6843dd2.mp4,good,0.0,0.0,0.0,1.2841614906832297,1.2732322025800287,0.05014971011165572,0.047423471721251734,0.13453590869903564,0.12138146907091141,0.14537906646728516,0.21884216368198395,0.20777550339698792,0.26065391302108765
1005ac09a0c2b8af3bc343309e10d196.mp4,good,0.0,0.0,0.0,0.7772755878482751,0.6377897681854516,0.007557358365802431,0.02982585267478648,0.14459228515625,0.1358834207057953,0.16425031423568726,0.16012221574783325,0.15496034920215607,0.16331607103347778
da1239e84e42b2fa80d800ded39ca990.mp4,good,0.0,0.0,0.0,,,,,,,,,,
e9cbf0317d9871dc7d9a2646ae3c0552.mp4,good,0.0,0.0,0.0,1.3347611630321912,1.2016129032258065,0.10075377922835893,0.044539260400650114,0.12490382790565491,0.11943811178207397,0.13575035333633423,0.27708619832992554,0.23361842334270477,0.30692774057388306
57183097556c9f7d1398401514f3445e.mp4,good,0.0,0.0,0.0,1.2019809493902758,1.1949443675331999,0.02084023735229525,0.018407951734942227,0.1042783111333847,0.09939339756965637,0.12093931436538696,0.14255017042160034,0.1348455399274826,0.16138458251953125
91252488379e431e4e546b8b4ef39e5d.mp4,good,0.0,0.0,0.0,1.5139866979655712,1.4490627169636658,0.10706092035289445,0.08444247007909049,0.12940087914466858,0.1228107213973999,0.1555824875831604,0.3215789496898651,0.3011086583137512,0.36843013763427734
d941b7eaf96255308edd7d910b2370fc.mp4,good,0.0,0.0,0.0,1.1343316831683168,1.1174988495167972,0.05206690065081513,0.07863311947969166,0.15015803277492523,0.14569145441055298,0.20802462100982666,0.3059914708137512,0.2752695083618164,0.31327444314956665
5dfb08edaaa0d8f32b53ebd05d9bc04b.mp4,good,0.0,0.0,0.0,0.8647795937479097,0.8445214726555803,0.04238977641498622,0.06167061908460611,0.1333829015493393,0.13041779398918152,0.14288920164108276,0.21855370700359344,0.2189326286315918,0.282525897026062
be745b4585aa81060cc021397509686b.mp4,good,0.0,0.0,0.0,1.26327666933817,1.2139126305792973,0.040331016357619084,0.015763108423698057,0.1564788967370987,0.13750305771827698,0.16903281211853027,0.2451789528131485,0.23388098180294037,0.258237361907959
23f0faf53041328a3544df9531d91124.mp4,good,0.0,0.0,0.0,1.160342717258262,1.1595203488372094,0.045468098322606065,0.04894291614327119,0.16868530213832855,0.15398040413856506,0.18170809745788574,0.3019033372402191,0.28970593214035034,0.3503820300102234
09d03099262b2e28fd1ec7a5d0bda6cf.mp4,good,0.0,0.0,0.0,1.259004467958127,1.247545159796202,0.03318532572315234,0.0396835905132139,0.12697651982307434,0.11913621425628662,0.14007920026779175,0.15754581987857819,0.15351620316505432,0.16309595108032227
8fdc8f08450d64d73e4257202723b9ea.mp4,bad,0.0,0.0,0.0,1.1766073871409028,1.0959901800327332,0.11174063830269393,0.1660977323571483,0.12703746557235718,0.12128027528524399,0.14368581771850586,0.21387097239494324,0.20715859532356262,0.26828426122665405
5d967d66c4b38987b03efdbfd13c5b90.mp4,good,0.0,0.0,0.0,1.359673790776153,1.3346354166666665,0.03342677123465506,0.02867952849553573,0.1178939938545227,0.11034317314624786,0.1223980188369751,0.2695668041706085,0.22582978010177612,0.30092012882232666
27ff8ae62190c296bf2f960ee50c7aa0.mp4,good,0.0,0.0,0.5625,1.102112676056338,1.102112676056338,0.006188229827193836,0.005064649406023335,0.15051507949829102,0.14792373776435852,0.16243427991867065,0.2906069755554199,0.2857871353626251,0.29330116510391235
7596f2905408be6305a59546b2604a2c.mp4,good,0.0,0.0,0.0,0.9954331948347139,0.9740430475724593,0.10233041768487026,0.12545307500332545,0.13450463116168976,0.12903544306755066,0.15183234214782715,0.2230536937713623,0.22161588072776794,0.25620895624160767
96d74ea73166d008be4f6d8fd4edbae9.mp4,good,0.0,0.0,0.4375,1.1210762331838564,1.1097560975609757,0.03592379548065054,0.07415888318350156,0.1305903196334839,0.12459538877010345,0.13825279474258423,0.29533809423446655,0.2562829256057739,0.30848228931427
a0df33e1dc9b6e82c5ce979596574f24.mp4,bad,0.0,0.0,0.0,1.1806167400881058,1.1728721366735617,0.0007287776466111627,0.0024714152605716235,0.1234348714351654,0.11525648832321167,0.13445526361465454,0.1499864012002945,0.148411825299263,0.21654033660888672
ee3eee3ddbdcac9928a2b875cecfea81.mp4,good,0.0,0.0,0.0,1.175486914888672,1.1631378935939196,0.03192909458611324,0.030288682461950652,0.1036626398563385,0.10048896074295044,0.11224555969238281,0.13961924612522125,0.13300302624702454,0.1453566551208496
aac4357d7a1298e52467b988482f4c2b.mp4,good,0.0,0.0,0.125,1.1928779990149863,1.1536861732644863,0.01589592096603124,0.0019676793385829464,0.11808337271213531,0.1145535558462143,0.12365245819091797,0.2588515281677246,0.25064772367477417,0.296725869178772
bdc80307-9278-46e3-b79a-e36a0cc90134.mp4,good,0.0,0.0,0.0,1.2056761646313885,1.1901652242328873,0.04952011354209941,0.04857337134843454,0.12627547979354858,0.11613110452890396,0.14077335596084595,0.21283382177352905,0.19572463631629944,0.21739065647125244
560356aee549541219c7fa0fe51b0632.mp4,good,0.0,0.0,0.0,1.1027859237536657,1.0970588235294119,0.04356897871385082,0.03866767030838178,0.1460321843624115,0.12863406538963318,0.15677964687347412,0.18550340831279755,0.1610945463180542,0.20327693223953247
f4ccd95acad3163010d52d055e6c2729.mp4,good,0.0625,1.0,0.0,1.1275845410628018,1.1144853709508882,0.04189239745099559,0.027843246913861704,0.11184370517730713,0.10102996230125427,0.1318119764328003,0.17265057563781738,0.1451837718486786,0.21578973531723022
ff4b61e71513d60951806081045b0f79.mp4,good,0.0,0.0,0.0,1.2262894288150044,1.0759493670886076,0.031806456741668335,0.005289579410322368,0.1294853687286377,0.12369492650032043,0.14978891611099243,0.3209364712238312,0.29830968379974365,0.32730650901794434
a976578ec80fc76c833b39cf69ce41ad.mp4,good,0.0,0.0,0.0,1.1937269372693726,1.182822651800754,0.06841576996448503,0.06279352448187124,0.15117493271827698,0.1369870901107788,0.17012208700180054,0.17785847187042236,0.1660136580467224,0.19784331321716309
9ef6e9c7ddf8e9c5c4718f46d84e8ce1.mp4,good,0.625,6.0,0.0,1.2853354978354978,1.2633403361344537,0.0038482878076946964,0.004905252238461649,0.11570961773395538,0.10889463871717453,0.14608311653137207,0.17369329929351807,0.16069740056991577,0.20417720079421997
ab4e5b266a496a385dae62d628dc363a.mp4,good,0.0625,1.0,0.0,1.2923557278208442,1.280461252272439,0.018348899450878534,0.01984702481954526,0.1059720516204834,0.11000408977270126,0.2753865718841553,0.1598069965839386,0.1563623547554016,0.4305969476699829
548f9d746a693744e15a623aa4900eb9.mp4,good,0.0,0.0,0.375,1.1601004174441645,1.1475061170713343,0.09269618022105507,0.08621779509018414,0.12730883061885834,0.12368279695510864,0.1307312250137329,0.20276670157909393,0.195558100938797,0.23203188180923462
713763029e78e73d35995d3a607bd4fd.mp4,good,0.0,0.0,0.0,1.1213592233009708,1.0786245532695835,0.0191218680764091,0.03907399048279394,0.14654220640659332,0.13872849941253662,0.1528204083442688,0.25079599022865295,0.22728639841079712,0.3179054856300354
3934a7f8e8e3168e1a8393f5603a88ef.mp4,good,0.0,0.0,0.125,1.085613802256138,1.0687724014336917,0.015722116528124955,0.01082853040904022,0.13748282194137573,0.13476358354091644,0.14463138580322266,0.2334897369146347,0.2217918187379837,0.23831069469451904
1173770bbd92e30692e78b794ace2fc8.mp4,good,0.0,0.0,0.25,1.311822361002689,1.215022150624245,0.06062285429635186,0.002036509674374233,0.13126015663146973,0.12396504729986191,0.1459904909133911,0.2768293023109436,0.2680245637893677,0.3080887198448181
9b8dc874aa67d757226f24b4aa1166e1.mp4,good,0.0,0.0,0.0,1.228688524590164,1.1623355263157895,0.0526301828981627,0.027809515718734648,0.11277554929256439,0.1085190549492836,0.11961507797241211,0.23699676990509033,0.21558576822280884,0.25385838747024536
bb35cbb0ba721d73b03cc360b5de7e7e.mp4,good,0.0,0.0,0.0,1.3072018548036517,1.2280586236193713,0.14504455584518808,0.04013513087621969,0.1471237689256668,0.12976843118667603,0.1689583659172058,0.2619680166244507,0.2480505406856537,0.27458369731903076
db0208c36cc9d13e1035480a7f038939.mp4,good,0.0,0.0,0.0,1.1235859728506787,1.1135714285714287,0.007823172547545124,0.009238173565636632,0.11406505107879639,0.1108003556728363,0.13290870189666748,0.1835670918226242,0.17509891092777252,0.19495779275894165
6a4ffbf9e091b930b7d2c2451f178f94.mp4,good,0.0,0.0,0.5,1.2253792231670881,1.212582345191041,0.012334435091669182,0.008848904920366918,0.13049286603927612,0.12795789539813995,0.1438148021697998,0.26614847779273987,0.24972236156463623,0.27590328454971313
f167e6d366170220e97c0c084ba2b0b6.mp4,good,0.0,0.0,0.0,1.0,0.9850401715926855,0.011012347247872476,0.002758239755054549,0.125778928399086,0.12192805856466293,0.13606858253479004,0.2563285827636719,0.23793336749076843,0.2825327515602112
09a16d8404631c07ab56e44aae4247e3.mp4,good,0.0,0.0,0.375,1.348314606741573,1.3186813186813187,0.007934941286738157,0.04061330286286604,0.12712261080741882,0.12481778860092163,0.13656729459762573,0.33408886194229126,0.32211869955062866,0.34866082668304443
107fd0c1-9521-4c8a-b2ed-d19b66823e0a.mp4,good,0.0,0.0,0.0,1.1091387498395584,1.1076830828269908,0.0194960055181143,0.01989169432286417,0.13224884867668152,0.1268819272518158,0.1596021056175232,0.16541853547096252,0.1602436900138855,0.17245125770568848
a41414c70b147feffd54efa0642d3783.mp4,good,0.0,0.0,0.0,1.073146005509642,1.06308303415661,0.017116346172745205,0.011439461637382638,0.14316554367542267,0.1367085874080658,0.16490674018859863,0.2532402276992798,0.2457096129655838,0.27436065673828125
546c50df44ec958bc531f795d330900c.mp4,good,0.0,0.0,0.0,1.0997237569060774,1.0927224736048264,0.00838650294463399,0.0060833082374152645,0.12224312126636505,0.11876706779003143,0.134596586227417,0.1658547967672348,0.15827859938144684,0.17897355556488037
b1cd135e2112a8db3aa86bd0d1fc68c0.mp4,good,0.0,0.0,0.0,1.0209302325581395,1.0183080808080809,0.10826291881124084,0.1139889166971512,0.1167016327381134,0.1142491027712822,0.1258401870727539,0.27858561277389526,0.25653544068336487,0.2909839153289795
2309d91b4a58566414a1402d43ed0016.mp4,good,0.0,0.0,0.0,1.0090173571670553,1.00383631713555,0.09002130244346392,0.07043933479306964,0.12636470794677734,0.12213565409183502,0.13302844762802124,0.18176418542861938,0.1752239167690277,0.2137240767478943
f30507070be4db6c61f32677d9736b93.mp4,good,0.0,0.0,0.0,1.0785426433094827,1.0708912037037037,0.03533736336669968,0.03518018922012775,0.10601939260959625,0.10276429355144501,0.1218995451927185,0.14152991771697998,0.13907445967197418,0.15300923585891724
417b6772a0a6f5a046653516cefc4538.mp4,good,0.0,0.0,0.0,0.9199857752489331,0.8932370820668694,0.036869918824306736,0.03999908644981882,0.1301233470439911,0.1274283528327942,0.13914942741394043,0.20855286717414856,0.1942419409751892,0.23121482133865356
6bad751ce8b3518bcc2e386002e81a0e.mp4,good,0.0,0.0,0.0,1.2221926678015564,1.2045261415984614,0.10889488140725599,0.092253808503954,0.11461633443832397,0.10156998783349991,0.1356370449066162,0.1470383107662201,0.14331680536270142,0.15728455781936646
acf9a02b17a3a488e8cfb870be5cecca.mp4,good,1.0,16.0,0.0,1.0028901734104045,0.9961759082217974,0.0024028146785143073,0.002878167601686234,0.30078190565109253,0.2987902760505676,0.30311810970306396,0.45555949211120605,0.45396551489830017,0.45730751752853394
404db31aa4f8fbb008c00dd0cd91aac1.mp4,good,0.0,0.0,0.0,1.1957344019174594,1.1723727693324522,0.04320431603124978,0.0362672398782868,0.12187249958515167,0.1159450113773346,0.1363222599029541,0.2107635885477066,0.2001357227563858,0.22119998931884766
78a41a88a20496a85a8ba08795a85f32.mp4,good,0.0,0.0,0.0,,,,,,,,,,
7627652d74bca2f5eee792183f782ade.mp4,good,0.0,0.0,0.0,0.9491941958603403,0.92873746367982,0.09227994794776201,0.12144663291327606,0.11090119183063507,0.11351558566093445,0.1727313995361328,0.20809221267700195,0.1871829628944397,0.28150951862335205
03cd8d4c0f49b0a522b8790a39a4540c.mp4,good,0.0,0.0,0.0,1.251546615534894,1.2329107036866056,0.02212437011339491,0.01319952777148416,0.1027880311012268,0.10058856755495071,0.12197566032409668,0.14619527757167816,0.14045649766921997,0.15561914443969727
db175ecc2edfe41fd4ca01a292eaaef8.mp4,good,0.0,0.0,0.0,1.2341361170475094,1.1807112068965517,0.07507347029380267,0.023698499914813115,0.15023280680179596,0.14102934300899506,0.1840803027153015,0.3031159043312073,0.25699174404144287,0.35951119661331177
2c59ea46c460990b56da779b2c0b0201.mp4,good,0.0,0.0,0.0,1.1757514568220977,1.1757514568220977,0.0515736058866422,0.04835583318248653,0.1513138860464096,0.1315634697675705,0.17252886295318604,0.1591685563325882,0.15278112888336182,0.18111389875411987
1b2a5c69c0ecf7a9a8d1d3284efa5165.mp4,good,0.0,0.0,0.0,1.2190789473684212,1.1965473550839403,0.16922392990357904,0.15142897022917096,0.10788209736347198,0.0998363047838211,0.12969565391540527,0.22305962443351746,0.17245031893253326,0.23786920309066772
65f5000ee57700826a877a21f4cce2db.mp4,good,0.0,0.0,0.0,1.1297389979043628,1.1236103259845487,0.1944575626546874,0.21192885949858378,0.1069941520690918,0.10034190118312836,0.11526256799697876,0.17644774913787842,0.16639448702335358,0.1816827654838562
681437952bec7369923599d55a148be6.mp4,good,0.0,0.0,0.0,0.964625850340136,0.9471266494018991,0.01862949233882036,0.02785919083125091,0.12083886563777924,0.10999412834644318,0.1360849142074585,0.14665250480175018,0.14426355063915253,0.21485495567321777
463f345a99f1f3f2520966a2ba0fb433.mp4,good,0.0,0.0,0.5,1.1415767490428124,1.1378052975576196,0.0026142648552334607,0.0025519349120655716,0.15234291553497314,0.14997953176498413,0.16621315479278564,0.4216691255569458,0.36214983463287354,0.43939703702926636
557304ea70fff117fa0d8a56d6746e8a.mp4,good,0.0,0.0,0.0,1.2110576923076923,1.1835305588795815,0.0648546436638295,0.053242952507959844,0.1913682222366333,0.15037326514720917,0.2300129532814026,0.296674907207489,0.2267611026763916,0.31863248348236084
ca6be31640a1c6c4f3e05be925171e33.mp4,good,0.0,0.0,0.0,1.1970425649530128,1.1882080610021788,0.0030901334424123994,0.0028772912618795585,0.11126501858234406,0.10865537077188492,0.1352860927581787,0.23567111790180206,0.2344106137752533,0.2589457035064697
34a6215c8e22f61dde8ddcc2008e24e8.mp4,good,0.0,0.0,0.0,1.1524797666102014,1.150197628458498,0.03692792776542183,0.022852747474246125,0.10493582487106323,0.10015161335468292,0.1200324296951294,0.12119844555854797,0.11533328890800476,0.1408787965774536
e3cb3f5f53d007da9f1a701dbd72c21b.mp4,good,0.0,0.0,0.0,1.1815698137986024,1.158615221987315,0.10007338372771665,0.037502968460448344,0.15961487591266632,0.15149101614952087,0.16779428720474243,0.24194097518920898,0.23029999434947968,0.3139280676841736
783d747f-a49e-49bb-a11f-95b40172d786.mp4,good,0.0,0.0,0.125,1.4095238095238096,1.3509615384615385,0.013459450607771966,0.0364981534874702,0.12954407930374146,0.12566623091697693,0.1457754373550415,0.33045798540115356,0.30372828245162964,0.3662598133087158
9addd840f7918e75028e3185ee429d99.mp4,good,0.375,5.0,0.0625,1.1077620744916004,0.9042708333333334,0.517825813705711,0.15608375758512,0.14962084591388702,0.1390937864780426,0.15453773736953735,0.4033976197242737,0.3495924472808838,0.41860508918762207
6abf39867031b35bf759a081908df082.mp4,good,0.0,0.0,0.0,1.0431874160322434,1.037008547008547,0.11291597549702789,0.10205659156084672,0.15838201344013214,0.14642056822776794,0.17234188318252563,0.2531042695045471,0.2390255182981491,0.2747012972831726
676c9774addd9c2e807393c7f3c832e5.mp4,good,0.0,0.0,0.0,0.978779691545649,0.9584795163814973,0.04952729292589887,0.04960745829565529,0.14582529664039612,0.13720901310443878,0.150182843208313,0.20820532739162445,0.18825004994869232,0.23434072732925415
629c26f68ce524bb6ce0e18db7f0141e.mp4,good,0.0,0.0,0.0,1.1525779682345338,1.1364488617508464,0.009832131492177114,0.008877202572439569,0.1482425481081009,0.1356385499238968,0.15668880939483643,0.23854373395442963,0.2372639775276184,0.3038332462310791
35fae518197827249a4c3538b895ff40.mp4,good,0.0,0.0,0.0,,,,,,,,,,
5c9dea26d7952d759e00afcfe7c16ad8.mp4,good,0.0,0.0,0.0,1.1654388447089818,1.1459488272921108,0.047758049029783554,0.04441272380056999,0.11674875020980835,0.1129302978515625,0.12671905755996704,0.15574048459529877,0.15136024355888367,0.17498445510864258
43b7a6a4842c509f256847ce6237893f.mp4,good,0.0,0.0,0.0,1.1267633574325515,1.1267633574325515,0.06513479238859533,0.07449000842487939,0.154820516705513,0.13447916507720947,0.16613852977752686,0.2308463752269745,0.20160771906375885,0.2676335573196411
bd7a6c14280417b6ae1da098d2f57d91.mp4,bad,0.0,0.0,0.25,1.4349548553528653,1.3336956521739132,0.16773898226712358,0.04636934787844515,0.11408135294914246,0.11164257675409317,0.14386332035064697,0.25929051637649536,0.21698705852031708,0.3442804217338562
8c811056e2951950bee397d6e0f5b635.mp4,good,0.0,0.0,0.0,0.9956709956709957,0.9824355053712852,0.0812935859171844,0.07950609499165646,0.1435522586107254,0.13002091646194458,0.16438060998916626,0.2914242148399353,0.26371389627456665,0.35949045419692993
5e9241a3c3eb359379591b30754d6369.mp4,good,0.0,0.0,0.0,1.3238636363636365,1.3117977528089888,0.10432204472794589,0.10851647688586526,0.10869695246219635,0.10218483209609985,0.13990801572799683,0.17901775240898132,0.1630348563194275,0.1998450756072998
c7f84a96825b4cb0738a3d6a59881cc4.mp4,good,0.0,0.0,0.0,1.088124632569077,1.083683193389311,0.03568688467745333,0.04154967974152567,0.12054614722728729,0.1160929799079895,0.12605172395706177,0.27647143602371216,0.2557331919670105,0.29609549045562744
4dd4b51ebf99566530aded5f99f8b9e9.mp4,good,0.0,0.0,0.0,1.2276242217551652,1.186137970847164,0.05115978193198095,0.03280783369970519,0.1167818009853363,0.11371496319770813,0.1585446000099182,0.2598806619644165,0.20817133784294128,0.30321377515792847
7112db5d3f466bf73be570f3d905a9f6.mp4,good,0.0,0.0,0.0,1.1290333677330582,1.1188243597499494,0.011663686698776713,0.007298168353606502,0.11322754621505737,0.10846763849258423,0.12819141149520874,0.16300128400325775,0.1551714837551117,0.16811954975128174
c9317295aa7bc69d11804f1d08730725.mp4,good,0.0,0.0,0.0,1.3078824859945821,1.2605867149705097,0.08120396753964834,0.06234505013813861,0.12211437523365021,0.11383892595767975,0.14564359188079834,0.20564207434654236,0.1919926553964615,0.21189963817596436
0f5d8e9c48a72c1f47515856dee01cb2.mp4,good,0.0,0.0,0.0,1.145469387755102,1.0478687323637943,0.04431557472217866,0.06335601178718932,0.1447196900844574,0.13329572975635529,0.14968770742416382,0.24430425465106964,0.23241564631462097,0.2803304195404053
44789e7eb4941f6d973166162598becd.mp4,good,0.0,0.0,0.0,1.1916167664670658,1.1637426900584795,0.12210492069351807,0.11839344754038605,0.1126021146774292,0.10988462716341019,0.13835209608078003,0.25000137090682983,0.2215348780155182,0.25953686237335205
b64b566ecd1adf90f395bb6cb8807881.mp4,good,0.0,0.0,0.0,0.9362056213017751,0.9047252747252748,0.04418971743214777,0.056723599332102546,0.1313447803258896,0.1227809265255928,0.1395862102508545,0.20757144689559937,0.19554850459098816,0.2769067883491516
8cf916d2a30747353166bc7b9ed33adf.mp4,good,0.0,0.0,0.0,1.2929936305732483,1.2750429754649164,0.23813089275216281,0.21178612112876125,0.12542936205863953,0.1142706498503685,0.1491105556488037,0.18862204253673553,0.1738763153553009,0.21210336685180664
4de3bc2193cc8d88d12ceb588d8b7e0f.mp4,good,0.0,0.0,0.0,1.1422821355472919,1.1381396360581466,0.004038167188938191,0.005188262101120747,0.10310930013656616,0.09747150540351868,0.10703033208847046,0.11787670850753784,0.11237916350364685,0.12411177158355713
02e85eb23d7972c2e78b610a56993acc.mp4,good,0.0,0.0,0.5625,1.2163195644659521,1.2163195644659521,0.03580437535133484,0.03760669385644121,0.12060604989528656,0.11776237189769745,0.13312047719955444,0.2516558766365051,0.24680642783641815,0.25848305225372314
008ac3aaec076730ef03599250c0f9ae.mp4,good,0.0,0.0,0.0,,,,,,,,,,
02af1dd34990865eb3cb2ea6ee502992.mp4,good,0.0,0.0,0.0,1.1524320441740925,1.14566591663988,0.012635694033823352,0.004176586048214131,0.12314826250076294,0.11672411113977432,0.1341536045074463,0.15570737421512604,0.1463838368654251,0.18164575099945068
f885fb003684c8b8148577877333b6e0.mp4,good,0.0,0.0,0.0,1.110394265232975,1.1074702886247878,0.057844975957224244,0.04757428991092328,0.12060235440731049,0.1115255057811737,0.15016919374465942,0.19271253049373627,0.16859683394432068,0.21813946962356567
ccfb17ea9c16e7e20f516c9453ba846f.mp4,good,0.0,0.0,0.1875,0.8666666666666667,0.8253968253968254,0.06981482773862574,0.06155692375023555,0.1442204713821411,0.14333613216876984,0.21636879444122314,0.276891827583313,0.25712600350379944,0.320762038230896
590e7bae3478f3986578d937e3d5f871.mp4,good,1.0,16.0,0.0,1.1810025938371855,1.1567013571178135,0.00818928234583124,0.004035838449089062,0.10883279144763947,0.11258973181247711,0.17002511024475098,0.22157691419124603,0.2016158103942871,0.2623260021209717
f92cfc41004d3e60a5bf5456cea2d497.mp4,good,0.0,0.0,0.0,1.0886644219977553,1.0862426634284557,0.0046461811807814125,0.009995596414774308,0.12280082702636719,0.11756845563650131,0.1352146863937378,0.23479145765304565,0.2296021580696106,0.24999767541885376
db9fc2e7819c4130b00a56bfa73820c8.mp4,good,0.0,0.0,0.0,1.2260234066268112,1.221675155631013,0.04770009368425912,0.05033661979833824,0.1468963474035263,0.13960663974285126,0.158047616481781,0.18208327889442444,0.17750899493694305,0.1850900650024414
5d878f9496e0debc41356d86057e951e.mp4,good,0.0,0.0,0.0,1.1307588995007598,1.1270688626003906,0.03608638724999072,0.01820679506248723,0.1146552562713623,0.11429533362388611,0.148482084274292,0.18878307938575745,0.18388307094573975,0.2382909655570984
718f147dfd88dd935b559e76089c7d58.mp4,good,0.0,0.0,0.0,0.9856048053024027,0.9719601677148847,0.06454664156137319,0.04504226395024296,0.1215849369764328,0.11330936849117279,0.1453227996826172,0.1883123517036438,0.17518240213394165,0.2559342384338379
39077ffbabd60c44918172756921c2be.mp4,good,0.0,0.0,0.0,0.919568159448819,0.9001694665487769,0.168756567420256,0.1875620074769053,0.12508408725261688,0.11497236043214798,0.13522469997406006,0.2577482759952545,0.2535518705844879,0.2936963438987732
7111897bdc6304194d409c1c9e4a224d.mp4,good,0.0,0.0,0.0,1.188976377952756,1.1705426356589148,0.012163955705696932,0.010213195781771307,0.10813602805137634,0.10349507629871368,0.1187666654586792,0.2244257777929306,0.21481841802597046,0.2395678162574768
58cfbc58310434f1c2341a3787df39c5.mp4,good,0.0,0.0,0.0,1.2463511187607574,1.223470661672909,0.06170334005566544,0.04339987370579645,0.12517783045768738,0.12012737989425659,0.1539313793182373,0.21933764219284058,0.2117454707622528,0.2395087480545044
2646d325b247053ebd9fcf9a82e08be5.mp4,good,0.0,0.0,0.4375,1.1830985915492958,1.1666666666666667,0.064833116295862,0.05819386460991276,0.11522722244262695,0.11503389477729797,0.13546067476272583,0.25538158416748047,0.24554933607578278,0.26881349086761475
0f17c5e74368942c2aeeb74bba709dbf.mp4,good,0.0,0.0,0.0,1.1153846153846154,1.1108870967741935,0.0064984049179549405,0.0033336680493721333,0.10097701847553253,0.0972680002450943,0.11442530155181885,0.12595249712467194,0.1226799339056015,0.12972354888916016
b1d21452989efdc410ee685c59c17ba2.mp4,good,0.0,0.0,0.625,1.0401606425702812,1.0318725099601593,0.007624294815767217,0.016833011907126782,0.1807725429534912,0.16126500070095062,0.1843854784965515,0.2904295325279236,0.2565378248691559,0.2909257411956787
fd36edaaf8173bc9ad8c6c0055760d26.mp4,good,0.0,0.0,0.25,1.1506935687263555,1.1386058189336876,0.05742424131113331,0.057178566962784436,0.14162412285804749,0.14081472158432007,0.16671103239059448,0.30790776014328003,0.2964044213294983,0.3622644543647766
c4000a13af6e62536bac8cf85208a473.mp4,good,0.0,0.0,0.125,1.0331328307159122,1.0238808098089534,0.008380294363853612,0.009052722737499642,0.190184086561203,0.1776019185781479,0.19993197917938232,0.31296902894973755,0.30569663643836975,0.3262021541595459
796c9a88bcf6b9ad49381dd2b58c3151.mp4,good,0.0,0.0,0.0,1.169819251786465,1.163444404846757,0.03990723646661387,0.03295441516277722,0.14333583414554596,0.13113415241241455,0.16524934768676758,0.34280329942703247,0.30381232500076294,0.35712355375289917
87ba567da4eb53b02ba17dd873ec5110.mp4,good,0.0,0.0,0.0,1.119004045463302,1.119004045463302,0.006826890818920805,0.026955517587289084,0.10325026512145996,0.09905422478914261,0.12097221612930298,0.13876405358314514,0.13236412405967712,0.14409160614013672
21db603a410e6a0f018955da12ecd884.mp4,good,0.0,0.0,0.0,1.2205545307172005,1.2205545307172005,0.16118612181190445,0.16703004519241071,0.11968986690044403,0.1181759387254715,0.14601486921310425,0.1737501323223114,0.1729029417037964,0.20793652534484863
a382b5627f2d6e7a2e41401de17c0976.mp4,good,0.0,0.0,0.0,0.960075863827617,0.9470682409445668,0.061012889828206116,0.08547912240448083,0.1352376490831375,0.12769323587417603,0.14712363481521606,0.16660402715206146,0.15478990972042084,0.17269766330718994
310bd0291399b5b265334944c9260bac.mp4,good,0.0,0.0,0.0,1.1948852157943066,1.0758574680166393,0.051114069026262664,0.04503816045176279,0.11572094261646271,0.11018478870391846,0.12473011016845703,0.2601448893547058,0.24001453816890717,0.2719254493713379
c4962638e9a009b5c33b3bf43197f10a.mp4,good,0.0,0.0,0.0,1.1631485429992892,1.1492402692014154,0.14565870412329354,0.12670715051549752,0.12655597925186157,0.11568830907344818,0.137944757938385,0.2589167356491089,0.23832863569259644,0.2776228189468384
f507b61071074892ab1dce9815a06495.mp4,good,0.0,0.0,0.0,1.0294934640522877,1.016416721964167,0.006132419904134981,0.0020958338913057892,0.11017444729804993,0.106569305062294,0.12024438381195068,0.13720722496509552,0.13317665457725525,0.14288115501403809
22dd100a5e8bccb6a888ff211a11a698.mp4,good,0.0,0.0,0.0,1.1585597826086955,1.071908692722372,0.18291011333924553,0.12140386735851387,0.12036773562431335,0.11141041666269302,0.13003134727478027,0.19307199120521545,0.179208442568779,0.22194868326187134
39c321073b32f1b652c75f14caced2cb.mp4,good,0.9375,15.0,0.0,1.2614061664587417,1.210626674912389,0.1321852562023989,0.05123658430005297,0.12340614199638367,0.11839904636144638,0.14036303758621216,0.27518337965011597,0.26098889112472534,0.28105640411376953
8b15d4516d22ed4c3ac8a50d501518bd.mp4,good,0.0,0.0,0.0,1.1971524669347293,1.192906465787822,0.027226257907276376,0.027536612597146883,0.1431122124195099,0.13461314141750336,0.159307599067688,0.15397042036056519,0.14810730516910553,0.16529875993728638
63d7c9061db9b8baec0bce737fc8215a.mp4,good,0.0,0.0,0.0,1.304799943695675,1.3012178903898648,0.057379277396703364,0.057379277396703364,0.17671136558055878,0.16357506811618805,0.2050642967224121,0.329841673374176,0.3238052725791931,0.40253448486328125
97f806f68b0fc97d9b1b44532229a432.mp4,good,0.0,0.0,0.0,1.1743506493506493,1.1734693877551021,0.003190417097491424,0.0045926628427979815,0.1108594536781311,0.10737470537424088,0.11266124248504639,0.14724792540073395,0.14184710383415222,0.1560991406440735
85edd2f318416e916a9c83408b58fb2b.mp4,good,0.0,0.0,0.0,1.3199473337722185,1.2865283793024846,0.04794462194814675,0.0257518145221375,0.12407520413398743,0.11402271687984467,0.14248329401016235,0.18315237760543823,0.174848735332489,0.23264741897583008
7be9df921ff69e52ab55f16c55c11f35.mp4,good,0.0,0.0,0.0,1.0249069863579992,0.9659357305153822,0.07226286753684255,0.025151621612218397,0.12663012742996216,0.11979275941848755,0.14439386129379272,0.16499942541122437,0.15164634585380554,0.18866831064224243
e01ac345be20c684a5b8017099e03b9a.mp4,good,0.0,0.0,0.0,1.2457549634273772,1.2028044210125135,0.08622826381641777,0.029089315409013973,0.14120237529277802,0.12850600481033325,0.15681827068328857,0.1886330097913742,0.17894837260246277,0.2193182110786438
0c1396581da6e01893396edddba11521.mp4,good,0.0,0.0,0.0,1.1831769405862405,1.179862900257637,0.0770278988723603,0.0694822429045079,0.10718154907226562,0.10219905525445938,0.11611366271972656,0.17831508815288544,0.1670217365026474,0.20179682970046997
9ddd44a7e790d71150c03977b48890a6.mp4,good,0.0,0.0,0.0,1.25,1.2255896958410926,0.15358534482173977,0.12692787633307015,0.15329544246196747,0.1355454921722412,0.1880817413330078,0.2785024046897888,0.23541831970214844,0.30961066484451294
8f8c40690a7dab6a64718804ff7197d7.mp4,good,0.0,0.0,0.875,,,,,0.16461487114429474,0.15826085209846497,0.1709688901901245,0.271730899810791,0.27067020535469055,0.27279162406921387
5ca68c0336eb491e1d79c6ae9e9041fd.mp4,good,0.0,0.0,0.0,1.2118686868686868,1.1938858610536867,0.03802306527575596,0.03784689995167467,0.13445141911506653,0.12724588811397552,0.15050607919692993,0.27019840478897095,0.24509242177009583,0.29941868782043457
8d9742bda0e8707be805fa83046e347f.mp4,good,0.0,0.0,0.0,1.1532229344729346,1.111228200677742,0.0918574504140725,0.08109612566361823,0.1330631524324417,0.12779593467712402,0.14585548639297485,0.2617359161376953,0.2458467185497284,0.27409827709198
b013fad08f65c5faf33817411218f596.mp4,good,0.0,0.0,0.0,1.213374984062221,1.1896181896181897,0.07977849938507614,0.08195378962795775,0.11401323974132538,0.10892941057682037,0.12814074754714966,0.17215514183044434,0.16328087449073792,0.19073939323425293
849dee8901beaada1f2e6e8503ea4921.mp4,good,0.0,0.0,0.0,1.1274166786899438,1.1162017906336088,0.061533635357167445,0.04191202906888044,0.13236671686172485,0.13075485825538635,0.19492888450622559,0.31472697854042053,0.2713506817817688,0.36151427030563354
43623f4ab2e5908217775c01ad23a7dd.mp4,good,0.0,0.0,0.5,,,,,0.15988396108150482,0.15642961859703064,0.163338303565979,0.26798534393310547,0.26250404119491577,0.27346664667129517
186f109b-0d05-4eef-be46-670bffba60b1.mp4,good,0.0,0.0,0.0,,,,,,,,,,
e60d12e7ee3af15bccc54b212ddc16e9.mp4,good,0.0,0.0,0.0,1.3212789948453607,1.301753008895866,0.18075369446670628,0.15190064359702266,0.14838558435440063,0.12898799777030945,0.17082935571670532,0.226388618350029,0.19939079880714417,0.23997968435287476
318682d6113051d4d9496741244ecb9a.mp4,good,0.0,0.0,0.0,,,,,,,,,,
b3ed86c0e2ee49a4ad3c991f320c691d.mp4,good,0.0,0.0,0.0,1.311239543198306,1.29401795315349,0.007250901019425873,0.010782743012589408,0.11881011724472046,0.11076374351978302,0.13143134117126465,0.18186631798744202,0.1714135706424713,0.20426207780838013
ca2209f162a31a6f60843bd102ee6780.mp4,good,0.0,0.0,0.0625,1.2592592592592593,1.2032085561497325,0.07039985563683705,0.02219044334664196,0.13975751399993896,0.13218151032924652,0.18341869115829468,0.2726333439350128,0.2377660572528839,0.3136967420578003
c401c6c32ad21fc09841df480f671275.mp4,good,0.0,0.0,0.0,1.0340273761326393,1.02950942639007,0.08156863915838179,0.09709822698819287,0.13479886949062347,0.129024475812912,0.14058977365493774,0.23146787285804749,0.21836857497692108,0.29825758934020996
2e6dfe701affe68739156397a9d86b92.mp4,good,0.0,0.0,0.0,1.454018737672584,1.3414812602657906,0.08703018300818816,0.061057313593962,0.12190499901771545,0.11684897541999817,0.13558834791183472,0.224838525056839,0.20797061920166016,0.24963068962097168
15007304627397acda9bb9e6f57f83db.mp4,good,0.0,0.0,0.0,1.1672939511850018,1.1615217391304347,0.01695990561998505,0.020929635097690438,0.12982024252414703,0.1251593977212906,0.2374851107597351,0.21012932062149048,0.18474553525447845,0.3278610110282898
824566a106ade98ef8880a72577968dd.mp4,good,0.0,0.0,0.5625,1.201793721973094,1.1666666666666667,0.023898382142840437,0.04630202629552462,0.12455427646636963,0.11981659382581711,0.1292232871055603,0.2669210135936737,0.2652122676372528,0.28859055042266846
ee7a65cecdcaa5d110133ed3927b27cc.mp4,good,0.0,0.0,0.0,1.0818713450292399,1.0802900107411386,0.009312759212099382,0.009287481095877143,0.14412406086921692,0.13650017976760864,0.15920239686965942,0.2208295464515686,0.2168678641319275,0.22975730895996094
70e4cd1848f739626a898306493d593d.mp4,good,0.0,0.0,0.0,1.085910253429435,1.0543496621621622,0.2621466056554379,0.1896369594046654,0.13155755400657654,0.12176331132650375,0.14603161811828613,0.1912478804588318,0.16491752862930298,0.24578529596328735
dd86e666a2b12379071ed37dd8e8f498.mp4,good,0.0,0.0,0.1875,1.1481481481481481,1.1428571428571428,0.021854193780538506,0.021083672129257238,0.1738317608833313,0.1554155945777893,0.20408177375793457,0.3164263367652893,0.2834002375602722,0.332159161567688
f480fe98f54545f0722a848cc05f8191.mp4,good,0.0,0.0,0.0625,1.1128205128205129,1.1071428571428572,0.14400695483160944,0.1356190600757911,0.13297930359840393,0.12382442504167557,0.14967048168182373,0.2597179114818573,0.21537408232688904,0.28498172760009766
696845717e1387a1376c6363f0147077.mp4,good,0.0,0.0,0.0,1.109014675052411,1.104414533509594,0.037647939568798645,0.04201184978348543,0.12001946568489075,0.11392484605312347,0.127871572971344,0.2285585254430771,0.22425362467765808,0.29380786418914795
dfcbcc828e6b4964fd3e99874f30cd6a.mp4,good,0.0,0.0,0.0,1.1003790555734019,1.0939697354683706,0.00962928239804651,0.008484127742619415,0.10235729813575745,0.09817595034837723,0.1482437252998352,0.1381979137659073,0.1361810863018036,0.1508960723876953
cbe6f74f874d6cc45a94a50edd7791d5.mp4,good,0.0,0.0,0.0,1.2723961998592541,1.1893097396899677,0.09494920017901395,0.01707401393944818,0.10556285083293915,0.10257875919342041,0.10839259624481201,0.16578952968120575,0.14776742458343506,0.17168277502059937
4b16c19596016e5987237e37125e6603.mp4,good,0.0,0.0,0.0,0.9683251433251433,0.9531411942916368,0.12891194361608121,0.1701270103059639,0.11828367412090302,0.11329222470521927,0.12749922275543213,0.11776174604892731,0.11421613395214081,0.1314929723739624
2ea08a78b34a26736f8670393a0b2cec.mp4,good,0.0,0.0,0.0,1.1342737722048066,1.1331535695942476,0.013527977244460417,0.013575236143629267,0.10468722879886627,0.09716258943080902,0.11946254968643188,0.1458292305469513,0.1389409601688385,0.15059471130371094
b932a76de4dabce0018e9610bb72673d.mp4,good,0.0,0.0,0.0,1.1080017280276484,1.097041847041847,0.06139339145547198,0.05228413764606532,0.11217343807220459,0.10790201276540756,0.12751924991607666,0.24451564252376556,0.223310187458992,0.26683008670806885
39478d945c54e4f75e25ae44e7e71e89.mp4,good,0.0,0.0,0.0,0.9752565505026827,0.8894822872925063,0.14726375542508294,0.16049718138046126,0.15430176258087158,0.1474621444940567,0.17477232217788696,0.3122981786727905,0.2987857460975647,0.3370404839515686
0f32ab5469e70cd67e9c348f07d52f97.mp4,good,0.0,0.0,0.0,1.0813953488372094,1.0813953488372094,0.007760906934124293,0.005270908800873579,0.14312970638275146,0.13576409220695496,0.156474769115448,0.2216569483280182,0.1930178701877594,0.2767045497894287
854f4ac58d8396e9cf4e5253ee7ce9c6.mp4,good,0.0,0.0,0.0,1.1170966609626607,1.1134176401243168,0.004986380789857231,0.02176870637934816,0.11081020534038544,0.10145815461874008,0.13679474592208862,0.13575613498687744,0.14349913597106934,0.26011550426483154
14e73c50d85c1a6d4792489c665b1da0.mp4,good,0.0,0.0,0.0,1.1110847658565501,1.10386108714409,0.11543682333210765,0.11292785156868333,0.1257612258195877,0.11414548754692078,0.13479197025299072,0.16472695767879486,0.15825000405311584,0.1797540783882141
0a4641b5f2c0fc1ca058e0681e7afc97.mp4,good,0.0,0.0,0.0,1.2907807045382418,1.2594605787648185,0.11433884128753605,0.06216239653304272,0.13242046535015106,0.12615874409675598,0.1475425362586975,0.27068471908569336,0.25474780797958374,0.30098283290863037
1d5541b95311790b8fefe6a5d4d99505.mp4,good,0.0,0.0,0.0,1.1729714447271697,1.1453177257525082,0.03412917138948161,0.03186036092518164,0.11537043750286102,0.10608582198619843,0.12086701393127441,0.22921332716941833,0.21918034553527832,0.2429894208908081
237fc6af233063f1c68547569e05a682.mp4,good,0.0,0.0,0.0,1.1191234276729558,1.1132120253164557,0.02424822868519722,0.004838958087282685,0.13110221922397614,0.12453512847423553,0.1420367956161499,0.18219375610351562,0.17002560198307037,0.20085173845291138
e3be62ea07068e73edbc481f4f261190.mp4,good,0.0,0.0,0.0,1.1693910948065027,1.1592182046124846,0.023369251273311492,0.02942308876887528,0.12757904827594757,0.12309999763965607,0.14407968521118164,0.4247535467147827,0.40838831663131714,0.45170068740844727
968876dd3fc851948fc0e91c9726296a.mp4,good,0.0,0.0,0.0,1.11848138188779,1.066447401582741,0.025043107868784217,0.07423216190146377,0.10787355899810791,0.09826425462961197,0.11012572050094604,0.15787194669246674,0.15191878378391266,0.17820531129837036
f31aac4dcd00601907619f790fb92b49.mp4,good,0.0,0.0,0.0,1.153936124966168,1.1330186823992134,0.032277703665455,0.0176131379456449,0.13557934761047363,0.1304159015417099,0.14208030700683594,0.25836098194122314,0.23310093581676483,0.26797550916671753
1595f5cf06d123a865131ae6acb7f869.mp4,good,0.0,0.0,0.0,,,,,,,,,,
8434cc98a515ac97027399a1c05e585f.mp4,good,0.0,0.0,0.0,1.1594541303445414,1.139930697105585,0.004389415342054289,0.006548011514634249,0.11243891716003418,0.10805100947618484,0.13087737560272217,0.16593903303146362,0.16682025790214539,0.21362429857254028
f771c63c66c5e6d9c446e6b2937b0470.mp4,good,0.0,0.0,0.0,0.9752252252252253,0.9404144572676232,0.004936223812463419,0.05822555018437093,0.15688714385032654,0.12703721225261688,0.17442405223846436,0.2409791797399521,0.18894332647323608,0.283830463886261
f12e65577ed1f4bb491f6b214457ce38.mp4,good,0.0,0.0,0.0,1.1927278401997503,1.1837256027554535,0.02602137109804458,0.06488680352612543,0.10214060544967651,0.09683093428611755,0.10698240995407104,0.14263609051704407,0.12999479472637177,0.15667909383773804
0ecd8de9d3fcda488d338c9ab2287bc5.mp4,good,0.0,0.0,0.0,1.1331642001409443,1.1226669881842297,0.001100991146594424,0.0074198634226147345,0.11395473778247833,0.11124786734580994,0.14760613441467285,0.15136918425559998,0.14047344028949738,0.1870751976966858
45364631a33416f185cf7f0cbb36f651.mp4,good,0.0,0.0,0.0,1.0228311094958724,1.007177033492823,0.0913642358186498,0.10065154974525878,0.11801476776599884,0.10920476913452148,0.12500113248825073,0.17456333339214325,0.17161612212657928,0.19308751821517944
db91155ee318681c1a0f107111761824.mp4,good,0.0,0.0,0.0,1.1392812773202041,1.1310343362230155,0.032359829491081724,0.028524004801091622,0.11552682518959045,0.11067049205303192,0.13432443141937256,0.18247519433498383,0.16795392334461212,0.20761346817016602
b2476d36236b2ae342d18aea24a1edf0.mp4,good,0.0,0.0,0.0,1.011263544769026,0.9934101962827862,0.010218249806456813,0.007662869623041071,0.17589080333709717,0.16803142428398132,0.1865476369857788,0.2246299833059311,0.2014835774898529,0.2448597550392151
ce3bf093a60bfa14acffa8501499a169.mp4,good,0.0,0.0,0.3125,0.9809523809523809,0.9574468085106383,0.04804648520218959,0.06594359058339573,0.15053695440292358,0.14138787984848022,0.18069636821746826,0.23292315006256104,0.2252488136291504,0.314802348613739
6c26cf2656d41b21ef6a480a59f28a57.mp4,good,0.0,0.0,0.0,1.0541220382992535,0.8712121212121212,0.06835170973864493,0.15849545956792332,0.11924007534980774,0.11511094868183136,0.12421518564224243,0.23955324292182922,0.20807865262031555,0.2701243758201599
0114987335fc56310f7a8213abd5e54d.mp4,good,0.0,0.0,0.8125,,,,,0.14216463267803192,0.13607046008110046,0.14825880527496338,0.317941814661026,0.30749988555908203,0.32838374376296997
5af9ea41bc2b181ae2f7b411c60d6140.mp4,good,0.0,0.0,0.0,1.1978037333895803,1.1695475113122171,0.05896074248261017,0.052844419053738725,0.10245789587497711,0.0969485491514206,0.11128824949264526,0.17965596914291382,0.1651110053062439,0.18672871589660645
75a64281109f0444a8f1f9f5933c8287.mp4,good,0.0,0.0,0.6875,1.0742049469964665,1.0742049469964665,0.024269175335521066,0.020760437208432746,0.12610024213790894,0.12562108039855957,0.13642805814743042,0.1892756223678589,0.18356777727603912,0.19432157278060913
266f7ea437b4aef39a2c98baba8941b0.mp4,good,0.0,0.0,0.0,1.2148738795080258,1.2094241813977773,0.03606760806943901,0.037778713894607595,0.13196855783462524,0.12852025032043457,0.1584540605545044,0.1828487366437912,0.180339053273201,0.2363961935043335
415beadc43ae9c2597b6384ed21af457.mp4,good,0.0,0.0,0.0,1.2481967213114755,1.231417402923755,0.0021847893912190102,0.00771714259096363,0.13487596809864044,0.1320272982120514,0.13602763414382935,0.3031436800956726,0.27849656343460083,0.35333263874053955
db7aec61970fc88c15ff5bb7bf04a3ac.mp4,bad,0.0,0.0,0.0,0.9597491909385114,0.9129551820728291,0.024627050674833565,0.02171665990691704,0.11957702040672302,0.11870932579040527,0.16726577281951904,0.2118663340806961,0.20050941407680511,0.30559736490249634
2ea0942de4769187ccb7bdc68179b80b.mp4,good,0.0,0.0,0.0,1.0083486801718846,0.994535519125683,0.07154178663033951,0.08369270161126757,0.12379585206508636,0.11876960098743439,0.18699580430984497,0.20621974766254425,0.2035166323184967,0.3152855634689331
4c77fc670f2bb4d2fa604741ff5c6d18.mp4,good,0.0,0.0,0.0,1.1705437743710272,1.139383070301291,0.051591047190141986,0.024860361768796038,0.10916593670845032,0.10241387784481049,0.1270725131034851,0.21167820692062378,0.17170435190200806,0.22123587131500244
b4d2faba43bb662d22b0e566bd8cbb04.mp4,good,0.0,0.0,0.3125,1.2452830188679245,1.2272727272727273,0.06152652417728127,0.05601021391958866,0.13484987616539001,0.12918664515018463,0.15399861335754395,0.28213948011398315,0.28101664781570435,0.28998249769210815
285a3f260c17add58873ee9c9ea09926.mp4,good,0.0,0.0,0.0,0.9839160839160839,0.9598911070780398,0.11637348871390511,0.15995827563392517,0.1431645005941391,0.13931027054786682,0.15369093418121338,0.2287440001964569,0.19918537139892578,0.23661762475967407
955ff5f8784cb972f46dd18812824378.mp4,good,0.0,0.0,0.0,,,,,,,,,,
76948bbb6b3706279ce4223fd0625713.mp4,good,0.0,0.0,0.125,1.1945736180246267,1.1916426512968301,0.06070695720613555,0.055502350169825285,0.12922774255275726,0.12279461324214935,0.13370877504348755,0.2288452386856079,0.21938751637935638,0.27129417657852173
873e8452d96d9a83d9fae3861f4538e4.mp4,good,0.0,0.0,0.0,0.8888888888888888,0.8888888888888888,0.0004226229316608142,0.0007436675242138855,0.18760477006435394,0.18131834268569946,0.192840576171875,0.3275386095046997,0.32613563537597656,0.3320274353027344
b488afc753a9bf5c2c70040f83283c99.mp4,good,0.0,0.0,0.0,1.1528089551345366,1.1483664983664983,0.00980908825661168,0.004998257177326424,0.12852270901203156,0.12156993895769119,0.1327570676803589,0.1651901751756668,0.15225890278816223,0.1844015121459961
15ff03f7ed8b2712d55cbdd71ef04c9d.mp4,good,0.0,0.0,0.0,1.346364306008629,1.3223877870033902,0.09535969675822775,0.0837437303872149,0.1266826093196869,0.12083354592323303,0.1441032886505127,0.3339917063713074,0.26859283447265625,0.34382736682891846
954415f767c8c00ef5f8507762c89a44.mp4,good,0.0,0.0,0.0,1.1988593155893534,1.175686567164179,0.08149706419251344,0.05955291642375505,0.1254301220178604,0.12094507366418839,0.14457058906555176,0.16813988983631134,0.16223210096359253,0.17756932973861694
ad9691e90101592c81db765756a2b8aa.mp4,good,0.0,0.0,0.0,1.182006170079585,1.1455078932143152,0.08474340627278411,0.0012300324071126004,0.15101522207260132,0.14296311140060425,0.1802842617034912,0.2731044292449951,0.23700495064258575,0.30632054805755615
568cdfbd2ebdeb0c6ca1e4db0a9c97a9.mp4,good,0.0,0.0,0.75,,,,,0.12592872977256775,0.12499777227640152,0.12871456146240234,0.29711782932281494,0.29441991448402405,0.2992463707923889
7dee48ce83fe8dd3443d27e618fbef8b.mp4,good,0.0,0.0,0.0,1.016815754802025,0.9724030778336786,0.18290471597844918,0.19763799277589336,0.14564411342144012,0.12480149418115616,0.19630783796310425,0.21525786817073822,0.17760352790355682,0.25066250562667847
a5eaf4006cd5a80c3445a5bf83bf2d4c.mp4,good,0.0,0.0,0.0,1.060593754376138,1.0573220616307608,0.042642650680453406,0.04131814933073086,0.13063260912895203,0.12670770287513733,0.1457497477531433,0.3220781087875366,0.278917133808136,0.33292537927627563
fb4915c1f76a6d5ac4746b0421f5165f.mp4,good,0.0,0.0,0.4375,,,,,0.3428311347961426,0.28761953115463257,0.3980427384376526,0.539857029914856,0.4549933671951294,0.6247206926345825
c938ed8bf3fffa338c72747dd7d45af1.mp4,good,0.0,0.0,0.0,1.20547869802943,1.2037424663466743,0.004420283216679517,0.003529895438035355,0.14424234628677368,0.13810405135154724,0.154107928276062,0.20441335439682007,0.18893183767795563,0.2150452733039856
550833116482137309b5a257b446156c.mp4,good,0.0625,1.0,0.6875,1.0848214285714286,1.0675105485232068,0.11179511621980978,0.12288331618416411,0.15383899211883545,0.14517810940742493,0.17003387212753296,0.28483331203460693,0.2634614109992981,0.2863948941230774
eff6861d0727c373e99bc2021547262d.mp4,good,0.0,0.0,0.0,1.2288368232890705,1.204987722529159,0.016263949885979567,0.005113318613987798,0.11626045405864716,0.10979130864143372,0.14091140031814575,0.15606600046157837,0.15176890790462494,0.16895020008087158
cd2d2a365d9e759cd5069c90f54e7da8.mp4,good,0.0,0.0,0.0,1.1309198052227871,1.1050919293218722,0.002833334460587232,0.008624018529612068,0.105960413813591,0.10133093595504761,0.11331766843795776,0.14616911113262177,0.1434420645236969,0.14999204874038696
b1e4de27affee2ee4e512cdcabe4d0c0.mp4,good,0.0,0.0,0.0,1.0551724137931036,1.0335570469798658,0.003267976764616013,0.0015747948037626344,0.18645109236240387,0.18372192978858948,0.2064194679260254,0.332175076007843,0.3299177587032318,0.3394237756729126
00f03abc8aba983c05024537ac23c04c.mp4,good,0.0,0.0,0.0625,0.9907834101382489,0.9688888888888889,0.049802974446574784,0.06472879716309553,0.1421755850315094,0.1358121931552887,0.16293221712112427,0.24196907877922058,0.23361824452877045,0.2675548195838928
4a9514578009d4c728673df7faa54a2e.mp4,good,0.0,0.0,0.0,1.2710336335728503,1.260146747752512,0.08308749430168076,0.07491692569203862,0.12086157500743866,0.11428318917751312,0.13357126712799072,0.1817367523908615,0.17354635894298553,0.19603359699249268
1686c5412d1972fe05786dc41923ade2.mp4,good,0.0,0.0,0.0,1.1050125313283208,1.102394612122724,0.017578514858924806,0.017619550047109477,0.12578779458999634,0.12294793128967285,0.15646815299987793,0.20242546498775482,0.19889846444129944,0.21321189403533936
532d4457b49b6db5b32be84e0db6a78d.mp4,good,0.0,0.0,0.0,1.2994791666666667,1.287179487179487,0.08577056649445411,0.0889198350933308,0.12421786785125732,0.11898241937160492,0.14687258005142212,0.24957481026649475,0.23058468103408813,0.2646668553352356
3267c59dad1faf853c4e903fe43be3bd.mp4,good,0.0,0.0,0.0,1.2895463170605486,1.2625521267723103,0.10851172126332181,0.10107130930083719,0.11577065289020538,0.11044469475746155,0.13109874725341797,0.18821120262145996,0.1636015921831131,0.21460497379302979
be2b0ed27da5b596ed18169dfb93b726.mp4,good,0.0,0.0,0.0,1.1624426366291196,1.1106800766283524,0.08803416805673478,0.11044730708679451,0.10504303872585297,0.1006956547498703,0.12133324146270752,0.2033797800540924,0.18926724791526794,0.23138892650604248
466e44e445cd731c0856ce400581c225.mp4,good,0.0,0.0,0.0,1.1739976731698585,1.1683978953098069,0.07727170691429838,0.06828855887180005,0.14259932935237885,0.13304638862609863,0.15571963787078857,0.20139680802822113,0.18341416120529175,0.23887687921524048
2afd4b5a81b031ec8b8a37271db88d0d.mp4,good,0.0,0.0,0.8125,,,,,0.15809401869773865,0.15151053667068481,0.16467750072479248,0.28595972061157227,0.28344476222991943,0.2884746789932251
09294fdf484abcd32368c0c788c634e4.mp4,good,0.0,0.0,0.0,,,,,,,,,,
32130d7852cc67d5490b876c75106528.mp4,good,0.0,0.0,0.0,1.2621369863013698,1.2246912363684141,0.04549188002976761,0.053485152119945444,0.11940760910511017,0.11076100170612335,0.14250779151916504,0.1917908638715744,0.1739492118358612,0.2555820941925049
b01693c23a85d17069228ab50f30f39a.mp4,good,0.0,0.0,0.0,1.2589200297629592,1.2589200297629592,0.07542268433006706,0.08053811106758074,0.15365755558013916,0.14436686038970947,0.18069976568222046,0.26692143082618713,0.25070589780807495,0.29515641927719116
f4eb9867ee02614b02136fa852731239.mp4,good,0.0,0.0,0.0,1.291428101799852,1.1956101708014528,0.11763402392490596,0.31027852745841433,0.14373861253261566,0.12124131619930267,0.14810383319854736,0.22797594964504242,0.1916193664073944,0.2728382349014282
d295f23f9050323e4b8d4066230cf011.mp4,good,0.0,0.0,0.0,1.1019112874143526,1.0838607594936709,0.18535204364018149,0.20854518952521825,0.10870806872844696,0.10592024028301239,0.1253616213798523,0.16217775642871857,0.15382170677185059,0.17221581935882568
7cbe2d57f6c682798c29e0e7578fd756.mp4,good,0.0,0.0,0.1875,1.022301943198804,1.013157894736842,0.05091656154171324,0.04928576494725999,0.14017559587955475,0.13325591385364532,0.1488526463508606,0.21863506734371185,0.21515309810638428,0.252990186214447
6f1864d359eac060faf20c5b4099000f.mp4,good,0.0,0.0,0.375,1.6107203492602475,1.6034607065609228,0.22541129104738017,0.26664978516510784,0.16348066926002502,0.15481063723564148,0.1904013752937317,0.24977201223373413,0.24360771477222443,0.2803921103477478
e82228c6a13a849aea214e17fb1e68aa.mp4,good,0.0,0.0,0.0,1.1821052631578945,1.180909090909091,0.020720395279472108,0.02277774795020858,0.1208786815404892,0.11246851086616516,0.12641984224319458,0.15112338960170746,0.14842544496059418,0.15824198722839355
7e0dfa1d749c99373e82a96e1bde617c.mp4,good,0.0,0.0,0.0,1.160919540229885,1.1514285714285715,0.005476249884298231,0.0016542600960266875,0.1149955689907074,0.11296675354242325,0.11639058589935303,0.23148863017559052,0.22945576906204224,0.2358628511428833
2a8b57a1fb3de11b474c0bd8edb7cc84.mp4,bad,0.0,0.0,0.0,1.226442382573482,1.2093023255813953,0.10912353241577046,0.08996406573082003,0.13078036904335022,0.12499798834323883,0.1415630578994751,0.2513725757598877,0.21641117334365845,0.26745539903640747
842a630a25a5ab5fe8dbdb2b75a002d4.mp4,good,0.0,0.0,0.0,1.2237210379981462,1.2144643639550168,0.04282177866051771,0.03821141953670287,0.1205352395772934,0.11450539529323578,0.127314031124115,0.25674688816070557,0.22841677069664001,0.33533555269241333
103a8376251582ee8ccce12b44b13632.mp4,good,0.0,0.0,0.0,,,,,,,,,,
8df93da701b8e1cbaca58003437b6065.mp4,good,0.0,0.0,0.0,1.178916060806345,1.1589116341455625,0.10443026993509302,0.09002080819042521,0.1423533707857132,0.12919585406780243,0.16520178318023682,0.2564546465873718,0.21605075895786285,0.2945348024368286
91085ae65d7270c812a5e59660cacb0d.mp4,good,0.0,0.0,0.0,0.8304813681972472,0.809198748587816,0.10367779414805706,0.07466156835986808,0.1270948052406311,0.12280882894992828,0.14843881130218506,0.15428811311721802,0.1468326598405838,0.19125711917877197
64a9eddff11af2b21a852e2d0836a97f.mp4,good,0.0,0.0,0.0,1.1249249764211608,1.1249249764211608,0.1152826476109652,0.1736884850149234,0.11828984320163727,0.11010295897722244,0.14173555374145508,0.20384334027767181,0.16768279671669006,0.26273292303085327
b599dba80e97eb50b61e95dcb6fe3d0d.mp4,good,0.0,0.0,0.0,1.0496305418719212,1.0268689912469506,0.053190648251267736,0.06475692557425317,0.11298868060112,0.11199227720499039,0.17741036415100098,0.2016601711511612,0.17200946807861328,0.2836040258407593
791a0d70-d220-45a6-af70-dc20140cdd72.mp4,good,0.0,0.0,0.0,1.277848350119469,1.2593684991844984,0.0919682872961583,0.07915881284478057,0.11997847259044647,0.11903977394104004,0.13848692178726196,0.18256112933158875,0.17822733521461487,0.19341343641281128
4462be5cb2b006955b05e1fddb98a9d0.mp4,good,0.0,0.0,0.0,1.1057725374600835,1.0070000000000001,0.22099622911907105,0.33763851704628944,0.11996352672576904,0.11159222573041916,0.13126546144485474,0.1489267200231552,0.14274638891220093,0.1564943790435791
02c7cad1349657156d509ffb307f3a6a.mp4,good,0.0,0.0,0.0,,,,,,,,,,
b94f500e734cb021b6b3fc9e47aa43f8.mp4,good,0.0,0.0,0.0,1.1419145370758275,1.1392827356130109,0.05497867390765268,0.056163314180061055,0.12027803063392639,0.11635532975196838,0.12997710704803467,0.20011915266513824,0.19626913964748383,0.2507174015045166
7817711d141521f3ea0ce48be45a83ec.mp4,good,0.0,0.0,0.0,,,,,,,,,,
9164d78d0b5e5be8576ccb4ef1d3fb3c.mp4,good,0.0,0.0,0.8125,,,,,0.15123581886291504,0.15123581886291504,0.15123581886291504,0.2536475658416748,0.2536475658416748,0.2536475658416748
764a4f8b64baf7f53fd380968eaba2cb.mp4,good,0.0,0.0,0.0,1.2863141380583243,1.2424094587614074,0.14821400740394106,0.11058440463269593,0.1481422334909439,0.1259773224592209,0.18145787715911865,0.2468538135290146,0.17423772811889648,0.25339704751968384
1d2c882f9e3037babff931eaf07dc2e0.mp4,good,0.0,0.0,0.1875,1.3664921465968587,1.273170731707317,0.24951942165808552,0.16520496161301523,0.1418551206588745,0.12620769441127777,0.14902502298355103,0.2834293842315674,0.23429466784000397,0.30819272994995117
23910039fae19c3fb85b818abd8f1496.mp4,good,0.0,0.0,0.0,1.1718613775065387,1.1572539520652727,0.08812985095709926,0.1057522064550249,0.11268822848796844,0.1078091412782669,0.1338394284248352,0.29933589696884155,0.26461711525917053,0.30345356464385986
ac7b7935878fc763902f212a3f3fdbd6.mp4,good,0.0,0.0,0.0,,,,,,,,,,
fba5af597f8fb85d9c18c9a2ae3df9dc.mp4,good,0.0,0.0,0.0,1.2323504983388704,1.1863822452057746,0.2312567240226171,0.3306727659634702,0.13073018193244934,0.12104979157447815,0.1562519073486328,0.23968951404094696,0.2276233434677124,0.27287018299102783
082f686060e105821e2ab43cfe3725cc.mp4,good,0.0625,1.0,0.5625,0.9899665551839465,0.9866666666666667,0.048758297340167775,0.07766544806595396,0.1486571729183197,0.1439485251903534,0.1621183156967163,0.2378803789615631,0.21634985506534576,0.25300681591033936
7901e9304e9bc4a24265f704b672e691.mp4,good,0.0625,1.0,0.0,1.317477318548387,1.3036577967963536,0.17893046225746245,0.29412695100040315,0.13814716041088104,0.13051187992095947,0.15240883827209473,0.18500393629074097,0.17900517582893372,0.21692615747451782
d7ec6a2cfd0eff742835cf69a17bff9e.mp4,good,0.0,0.0,0.0,1.1616394450298562,1.1605538370894095,0.044800804101819386,0.04359912853459555,0.09819447994232178,0.09426116943359375,0.13482022285461426,0.14027227461338043,0.13549943268299103,0.1469668745994568
55cb095ae5aa36b36e38aeecd633499f.mp4,good,0.0,0.0,0.0,1.2010793905067034,1.131865526293505,0.16018344229659495,0.11324084211788896,0.11620965600013733,0.11397407203912735,0.13577067852020264,0.2338336706161499,0.19771844148635864,0.24078583717346191
780d79656a55bdd38a13db9f87b4107d.mp4,good,0.0,0.0,0.0,1.1337446906210538,1.1337446906210538,0.01829369664995665,0.01783803458797511,0.14178027212619781,0.1344122290611267,0.15687721967697144,0.13917416334152222,0.13490745425224304,0.15530401468276978
d4197045a3ded3f8e719aa834b42f99f.mp4,good,0.0,0.0,0.0,1.0224726173989676,1.0027777777777778,0.028852472833632202,0.03208599748477703,0.11887514591217041,0.10947304964065552,0.13205069303512573,0.1852051168680191,0.1788468360900879,0.18932580947875977
733f4a93041230063d03912e31ebe037.mp4,good,0.0,0.0,0.0,1.0876595830639948,1.068434005019371,0.17781826319974545,0.10589500721940381,0.11930064857006073,0.11364717781543732,0.13680320978164673,0.16369156539440155,0.15835896134376526,0.19970673322677612
c546c6fbd7e63c202034495912a4de62.mp4,good,0.0,0.0,0.0,0.9904076186970924,0.9809059423988333,0.15366951707593796,0.17963438321229458,0.14513635635375977,0.14225508272647858,0.16586732864379883,0.28091147541999817,0.2635990381240845,0.3081636428833008
b35507ed7ea4d235047f15a50aef769b.mp4,good,0.0,0.0,0.0,1.35229620212935,1.2389214169620302,0.12118097411791315,0.009588143809380958,0.1460706740617752,0.133209228515625,0.15246129035949707,0.30142492055892944,0.27512654662132263,0.3084048628807068
decb0e66893487e23f6ad5cd979299e6.mp4,good,0.0,0.0,0.0,1.0891996473354233,1.081055900621118,0.013536098905765967,0.015358491589360245,0.14894571900367737,0.13758276402950287,0.16865742206573486,0.1606265902519226,0.15453609824180603,0.17932552099227905
03c2cf0db1a890cb9e1f56f11317afc1.mp4,good,0.0,0.0,0.0,1.2593144488488952,1.2347001223990208,0.04416500782664693,0.08227083678559324,0.14616917073726654,0.13345688581466675,0.16303443908691406,0.279655396938324,0.23813553154468536,0.29017704725265503
35397145414b39594d2c0915769e2bfe.mp4,good,0.0,0.0,0.0,,,,,,,,,,
1fd8ebea777451d00074265c03205fa7.mp4,good,0.0,0.0,0.0,1.2869332918352527,1.2668248490077652,0.11666682360728553,0.09754006008111146,0.1256588101387024,0.12073695659637451,0.131192147731781,0.17147287726402283,0.1654137521982193,0.18932867050170898
9c5d21d00e73960f4f105cd42d4cca21.mp4,good,1.0,16.0,0.0,1.2810489510489511,1.2369536247334754,0.032331216077225035,0.01608284210252293,0.14181388914585114,0.12830525636672974,0.1560484766960144,0.3154776990413666,0.2805793285369873,0.36301302909851074
065776cae29d50be1218c806d580af5e.mp4,good,0.0,0.0,0.0,1.1113303799167675,1.1084784699220003,0.02070254090780687,0.015050827599520535,0.1610509604215622,0.15545889735221863,0.17206239700317383,0.3440125584602356,0.3042382597923279,0.36012333631515503
1b9718d5336e8d1089852c3b1b2f02d3.mp4,bad,0.0,0.0,0.0,1.0608622620380739,1.057591623036649,0.0002372402888977338,0.00109687663911566,0.18604370951652527,0.17569652199745178,0.20556670427322388,0.1782200187444687,0.16171561181545258,0.18915027379989624
08e4cff312e6d5b0b4c927b677fe347e.mp4,good,0.0,0.0,0.0,,,,,,,,,,
04f572c7a7b1d44dd5f953eb230dde37.mp4,bad,0.0,0.0,0.375,0.9899854711498547,0.9407894736842105,0.07114697038421824,0.15310759861658424,0.13383834064006805,0.13851439952850342,0.23281103372573853,0.24891114234924316,0.24242611229419708,0.34093916416168213
ce3918308e8051e85279fdcbce1b4a81.mp4,good,0.0,0.0,0.0,1.250067576699554,1.2060991813467061,0.05168460073053819,0.045201002787825774,0.14066676795482635,0.13222064077854156,0.16663944721221924,0.23036794364452362,0.2156812697649002,0.25205498933792114
142bedff6ac8ee418e0b4a8642722cf5.mp4,good,0.0,0.0,0.0,1.212369239468476,1.1371841155234657,0.09159706616542374,0.08606523598618891,0.11698910593986511,0.11199183762073517,0.15584570169448853,0.22323931753635406,0.204917311668396,0.3129790425300598
8451e79c73544269a9d532bc83067156.mp4,good,0.0,0.0,0.0,1.0801315466699375,1.074020737327189,0.0031134169843852586,0.007202010742024419,0.15693312883377075,0.14635667204856873,0.22103601694107056,0.28614598512649536,0.2652241587638855,0.3037627339363098
64ee1e9a426d7d9a54ca560c608d0c6b.mp4,bad,0.0,0.0,0.0,1.113314358001265,1.1115537848605577,0.07496644742287867,0.08055434228904411,0.12562209367752075,0.11553916335105896,0.14731597900390625,0.15620958805084229,0.15241530537605286,0.17476791143417358
f3f3f8784ad6793421523cbde362dd5d.mp4,good,0.0,0.0,0.0,1.1985221674876847,1.1583159812597605,0.023298433085874506,0.02051070095100978,0.13383051753044128,0.12973427772521973,0.15790045261383057,0.232346311211586,0.21957266330718994,0.24644267559051514
bdf8213420402168930b34ff8c9bc31d.mp4,good,0.0,0.0,0.0,1.1254181767493727,1.1146702219791238,0.047772290168437336,0.04727959801344117,0.11462311446666718,0.11009348928928375,0.13039898872375488,0.15343543887138367,0.1494443714618683,0.16643112897872925
25d244733e79bc3e453cd56a51488bdc.mp4,good,0.0,0.0,0.5625,1.1019607843137256,1.1019607843137256,0.03358481768825499,0.03605188409254639,0.13429102301597595,0.1274174153804779,0.15811508893966675,0.21504166722297668,0.22210080921649933,0.2856263518333435
866fc5a176fc539a625570c5764a5378.mp4,good,0.0,0.0,0.0,1.2164168564518123,1.2062499999999998,0.11822797348640492,0.07737527654081156,0.1157233715057373,0.11129751801490784,0.1498280167579651,0.17653824388980865,0.16294147074222565,0.1947646141052246
cfc06e5734fe32829eb7f07b3a8689c1.mp4,good,0.0,0.0,0.0,1.1324417919245504,1.1259541984732824,0.05402854790376751,0.048907801331275466,0.10905741155147552,0.10552103072404861,0.11849325895309448,0.16592925786972046,0.16303488612174988,0.1865198016166687
012a56dedbb43a0a128e4098b0cc4f4e.mp4,good,0.0,0.0,0.0,1.0333089120309802,1.0254071325499896,0.15166932187265098,0.15959953920114345,0.13395772874355316,0.13110826909542084,0.15497338771820068,0.24946501851081848,0.2316053807735443,0.3023577928543091
215984483c50f5156e1adada0acf84ef.mp4,good,0.0,0.0,0.0,1.226027397260274,1.1860884700288674,0.07313820400635844,0.04853690920085866,0.13154928386211395,0.12311924248933792,0.1458301544189453,0.22343719005584717,0.20567446947097778,0.25034576654434204
565b03772a6ba15fde9ca330d0433805.mp4,good,0.0,0.0,0.0,1.0027322404371586,0.9631238859180036,0.09694140711216401,0.13556486741838902,0.17079633474349976,0.1430220603942871,0.20622366666793823,0.2791884243488312,0.2404545247554779,0.29727011919021606
19188dabb6ea50978a885b42e3043d0c.mp4,good,0.0,0.0,0.4375,1.4698469387755102,1.379177897574124,0.006013078934397566,5.137096653137568e-05,0.1433785855770111,0.14265885949134827,0.15175879001617432,0.2718745172023773,0.2617543339729309,0.2883716821670532
89c7ce2d6fc83429e96f2baf3fd02621.mp4,good,0.0,0.0,0.0,1.2,1.1747498912570682,0.016470539881476443,0.03592163087889785,0.1553819626569748,0.1453235000371933,0.16550612449645996,0.26753443479537964,0.2566527724266052,0.28434300422668457
e3a76feb5f347c0f7c28f1be7ceba61f.mp4,good,0.0,0.0,0.0,1.211267605633803,1.1869199694289772,0.11194841400983874,0.03729708160157019,0.12710057199001312,0.1196979433298111,0.13896965980529785,0.18268872797489166,0.17679117619991302,0.20095402002334595
9bdbed9054560c5fb40a7659e2823994.mp4,good,0.0,0.0,0.0,1.2145434803436272,1.2070765458048696,0.08290723720101005,0.05823344308343727,0.14994876086711884,0.14540454745292664,0.15859127044677734,0.2136964648962021,0.20528031885623932,0.28527647256851196
bd81212d40cc5f1bc53e83cfa008a25a.mp4,good,0.0,0.0,0.0,1.2476923076923077,1.228406108327368,0.17900747589735042,0.13963159547740156,0.13733792304992676,0.12030662596225739,0.15519815683364868,0.283956378698349,0.21337243914604187,0.30521178245544434
9c5122a687e8c7ffd7e38563d4185b8c.mp4,bad,0.0,0.0,0.0,1.2673255441741358,1.228686770998183,0.09761657753350274,0.0909004780978171,0.10744848847389221,0.10380399972200394,0.11557114124298096,0.18113312125205994,0.1747989058494568,0.1839192509651184
fd48953383862063f8240bf24991d871.mp4,good,0.0,0.0,0.0,1.1159957058507783,1.1137470232700588,0.00024831711141947316,0.0007770488870622878,0.13074541091918945,0.12460890412330627,0.14545637369155884,0.17207574844360352,0.16803988814353943,0.18266594409942627
46a0583c1c56588bd5235d23d2433f67.mp4,good,0.0,0.0,0.0,0.9711227523539379,0.9622714773636789,0.03621014492293402,0.03856498983348209,0.10792820155620575,0.10208799690008163,0.1234254240989685,0.1562410295009613,0.15388090908527374,0.16331374645233154
6b613d1dc6d3b4c9a6f86ce1a489e721.mp4,good,0.0,0.0,0.0,1.2376857749469214,1.2025012025012025,0.09920306581405476,0.07936422260168222,0.11516976356506348,0.11066137254238129,0.12316715717315674,0.20419976115226746,0.19666989147663116,0.21062999963760376
76464abd0a36a68b5cd6095d9b4caf5b.mp4,good,0.0,0.0,0.0,1.0466817709808365,1.0465995357299707,0.030608010170219153,0.032347999360778576,0.1422467827796936,0.13292525708675385,0.14734363555908203,0.17614607512950897,0.15193215012550354,0.1899152398109436
8e85cb380e7a6c3e0cea3b14c0154806.mp4,good,1.0,16.0,0.0,1.00200796812749,0.9921413624738433,0.019480700136482888,0.015301688187441306,0.12269105017185211,0.1119973286986351,0.13482528924942017,0.1644916832447052,0.15106172859668732,0.1807442307472229
ecb4d3ee539e9b1a79614f180a156b46.mp4,good,0.0,0.0,0.0,1.2025316455696202,1.1568961599636447,0.07473467586745969,0.041053895600849565,0.1253775805234909,0.12007981538772583,0.13595867156982422,0.20859438180923462,0.19492053985595703,0.2343074083328247
8dc4c961127969746118ee622fe3c8f9.mp4,good,0.0,0.0,0.0,1.1705882352941177,1.1705882352941177,0.010717572833183999,0.005204887816649197,0.14261193573474884,0.12657657265663147,0.1545248031616211,0.20117396116256714,0.18035557866096497,0.21336060762405396
2f1db9714c02e083630af3862ba05c70.mp4,good,0.0,0.0,0.0,,,,,,,,,,
f0f85909cbb962f8eba315bd9423a72b.mp4,good,0.0,0.0,0.0,1.2891065830721002,1.2657023220403503,0.021864789131478612,0.009274111586460038,0.13992679119110107,0.13436754047870636,0.1654260754585266,0.2740851640701294,0.2605186402797699,0.30906516313552856
2bf2955a023640bbb776a134e6dfa250.mp4,good,0.0,0.0,0.0,1.0148987738808097,1.0000343997248022,0.018030304350895268,0.015171475243216952,0.11633522808551788,0.11197997629642487,0.12639117240905762,0.16886889934539795,0.16427332162857056,0.1799323558807373
1242fa5a359f49da1350fb5ecde783df.mp4,good,0.0,0.0,0.0,1.0149814835596453,1.0037037037037035,0.0037737552139806966,0.008307788620789942,0.13283134996891022,0.12352698296308517,0.1503888964653015,0.1828479915857315,0.1773962378501892,0.18980520963668823
4c5f63f298c568a7e929f7e67845a883.mp4,bad,0.0,0.0,0.0,1.3825136612021858,1.334261336879138,0.1356664790920465,0.22321067877487957,0.13994765281677246,0.13309136033058167,0.15362334251403809,0.2320868819952011,0.21531644463539124,0.2407335638999939
15bff8c04e282e7677a958e672557c5b.mp4,bad,0.0,0.0,0.0,1.3002709446025495,1.194707818930041,0.2601659149816413,0.3593824542640094,0.11013410985469818,0.10724781453609467,0.14078140258789062,0.15946991741657257,0.1465098112821579,0.17185580730438232
965829baaee23eec66c8a73103c1f8a4.mp4,good,0.0,0.0,0.0,1.1446053946053945,1.1374013083690504,0.026239486315975398,0.025994713364928815,0.12250562012195587,0.1187775582075119,0.14314502477645874,0.21450023353099823,0.20264844596385956,0.22031903266906738
935357a1f87f2207ab2589863b63f2ca.mp4,good,0.125,2.0,0.0,1.215647523831667,1.0021459227467813,0.06044088062855091,0.029214631764815428,0.14310091733932495,0.13214854896068573,0.16278648376464844,0.22094900906085968,0.20759141445159912,0.23343700170516968
bc08e4143bcbc29b23e5e81b594492b2.mp4,good,0.0,0.0,0.5625,1.3496503496503496,1.2751677852348993,0.006995269278474991,0.006652221596177584,0.12586042284965515,0.11883588880300522,0.1345401406288147,0.22303244471549988,0.21383942663669586,0.22676628828048706
556cd14d37e38cfec7136f0e906fae3d.mp4,good,0.0,0.0,0.0,1.2824817859144404,1.2672366621067033,0.13724062029639084,0.13341666609315098,0.11720389127731323,0.11125005781650543,0.13563287258148193,0.30136388540267944,0.27261120080947876,0.32399898767471313
cba01ca8b200cd4d625ff34ee9334d87.mp4,good,0.0,0.0,0.0,1.1596572719854372,1.1416666666666666,0.03433976107833247,0.03362865654462975,0.11561764776706696,0.11018477380275726,0.15288186073303223,0.16116712987422943,0.15685483813285828,0.215070903301239
de52ae1b591ea2358c37648c14e45c86.mp4,good,0.0,0.0,0.0,,,,,,,,,,
d3cc88220e2a30efdfb2a3bed78f2f6a.mp4,good,0.0,0.0,0.0,,,,,,,,,,
28efebd0aee841dbc4436c3755daa8a4.mp4,good,0.0,0.0,0.0,1.1504803675856308,1.1504803675856308,0.07305397322644795,0.09716749910130022,0.1040220558643341,0.09957543760538101,0.12135976552963257,0.202377051115036,0.18137848377227783,0.23541241884231567
dc47ed3c150d570d3d7439deff20d161.mp4,good,0.0,0.0,0.0,,,,,,,,,,
6db6563294467ae3bfd5034c32966a24.mp4,good,0.0,0.0,0.0,1.4682624005828426,1.336320102685624,0.24078508740469873,0.20160465923221982,0.13601619005203247,0.12782379984855652,0.1549466848373413,0.26433345675468445,0.21367204189300537,0.2962532043457031
bfbb03cea400d978fa4f0c7420e7ba38.mp4,good,0.0,0.0,0.0,1.045378904249872,1.0398767178231407,0.00643405634021229,0.007146641263822585,0.1376812607049942,0.13039281964302063,0.14109092950820923,0.22881396114826202,0.21940986812114716,0.24687087535858154
a09b51ad5e4b7788818d572cf87e3d41.mp4,good,0.0,0.0,0.0,1.3230854197349042,1.2910148514851485,0.0010278003549610817,0.005106757572839224,0.1261986345052719,0.12263009697198868,0.15971744060516357,0.26088160276412964,0.231256902217865,0.3026605248451233
2d79c15c9e92243205581cdeb0230e20.mp4,good,0.0,0.0,0.0,1.1348877731159868,1.1162113504003055,0.014876912082996055,0.010411194924128725,0.11976784467697144,0.11676745116710663,0.12767654657363892,0.1686578243970871,0.1651597023010254,0.19739007949829102
a306781690c21a233857c557694fe302.mp4,good,0.0,0.0,0.0,,,,,,,,,,
d4f1a9e90555ad103207b6b31ddd1881.mp4,good,0.0,0.0,0.0,,,,,,,,,,
d623b83d-812f-4f2e-bae6-77fe3ff00df4.mp4,good,0.0,0.0,0.0,1.4040350877192982,1.381239388794567,0.18620917965009143,0.1724318031691299,0.11639825999736786,0.11117163300514221,0.1326524019241333,0.21036666631698608,0.21282760798931122,0.24942529201507568
de32eb117df014836c5e9bafb6b4c6b3.mp4,good,0.0,0.0,0.0,1.34804004393005,1.2773353054955057,0.20870072504992812,0.17385727098784465,0.15753547847270966,0.1386713683605194,0.18464934825897217,0.26613864302635193,0.22377151250839233,0.29325366020202637
d7cd402244e72dc4fafc18ed3871e9a2.mp4,good,0.0,0.0,0.0,1.2773856209150325,1.2732900432900434,0.1293000004647618,0.10317775986791915,0.13931132853031158,0.1339598447084427,0.23062890768051147,0.27361705899238586,0.24272947013378143,0.41696298122406006
c3023294b4f51df43e674c3c30755c91.mp4,good,0.0,0.0,0.0,1.247613643949002,1.2207952815829528,0.024696905935872055,0.02913227402243913,0.12973113358020782,0.12548330426216125,0.1591464877128601,0.24774058163166046,0.21899178624153137,0.3030192255973816
de64f16eb6809f60d5094e040b18a229.mp4,good,0.0,0.0,0.0,1.1431774503523382,1.136055121349239,0.017412862414580604,0.01995769362005044,0.15945446491241455,0.1466631442308426,0.17189431190490723,0.22083431482315063,0.2240298092365265,0.350446879863739
6f4cb2125196d403e51b3399bcd54ebf.mp4,good,0.0,0.0,0.0,1.064644668129872,1.0475729956017168,0.01217701437022218,0.023040721430107623,0.12072724103927612,0.10954714566469193,0.14177918434143066,0.16869227588176727,0.14667242765426636,0.20514518022537231
981c33b35b908705e91986f59f3f54a1.mp4,good,0.0,0.0,0.0,0.855421213786606,0.8256277425646026,0.19653142618790326,0.23968022737411604,0.1317158192396164,0.1206337958574295,0.13982123136520386,0.15728913247585297,0.1534557044506073,0.16885966062545776
da624326071b7dc8679379d0de501dc1.mp4,good,0.0,0.0,0.75,1.161764705882353,1.1575246887075998,0.002613940147095369,0.0010423710560151236,0.17713166773319244,0.17203910648822784,0.19867146015167236,0.32984793186187744,0.3255389928817749,0.34509557485580444
61ae8aa170d3101273c12949a6ac7740.mp4,good,0.0,0.0,0.4375,1.1148325358851674,1.1095238095238096,0.0435731582854337,0.03680822127555486,0.11881619691848755,0.11442252993583679,0.12658315896987915,0.18174928426742554,0.186824768781662,0.25086545944213867
9060568a3e160792db5e3195782c0117.mp4,good,0.0,0.0,0.1875,1.1746031746031746,1.1505791505791505,0.04295717068652832,0.02111357862223318,0.15372782945632935,0.13894902169704437,0.1783084273338318,0.30949294567108154,0.2904067635536194,0.31397128105163574
7bd007557d373b0412307ea25986e4d4.mp4,good,0.0,0.0,0.5625,1.2006308411214954,1.1832788671023966,0.1203055445744778,0.1109428154742436,0.13715782761573792,0.13333532214164734,0.14354121685028076,0.28922975063323975,0.2859799265861511,0.3003658652305603
a81a1586c2d5fe03337f6ccfb7f85f3c.mp4,good,0.0,0.0,0.0,1.4884159203291953,1.2408568819684738,0.21023665166342156,0.09063678266564451,0.14397181570529938,0.14022962749004364,0.2430010437965393,0.31584858894348145,0.30866554379463196,0.42536234855651855
3f85a592ca66e51f076793cb77f16907.mp4,good,0.0,0.0,0.0,1.2057219662058372,1.1950379135595992,0.059592038139430446,0.04702668122505182,0.10737061500549316,0.10420296341180801,0.12370014190673828,0.15449367463588715,0.1514207422733307,0.18741941452026367
7a253b3224f6fb65618203d422d1c7f3.mp4,bad,0.0,0.0,0.0,1.0354645354645355,1.0128289473684209,0.28642768844905286,0.3260527466999412,0.1649576872587204,0.14543688297271729,0.1821344494819641,0.2416064441204071,0.2198438197374344,0.25838524103164673
504ed09c1e93603c0469d625f7a04d5d.mp4,good,0.0,0.0,0.0,0.9794788544788544,0.9601114147572,0.21675414843025287,0.2177674909424772,0.16128377616405487,0.13193893432617188,0.21372634172439575,0.28856804966926575,0.23311194777488708,0.3463863134384155
f36a0176bc78fc7a261c6a81b6ce42b9.mp4,good,0.0,0.0,0.0,1.0,0.9828056121723467,0.06459974312386353,0.10402302698908834,0.13386641442775726,0.11905524134635925,0.19207441806793213,0.19775637984275818,0.17232760787010193,0.28998249769210815
60dfede9e30e10b23fb486093512dedf.mp4,good,0.0,0.0,0.0,1.1682606533883186,1.1380002858776443,0.08889988192443607,0.07736649325227633,0.12084470689296722,0.11211062967777252,0.1377672553062439,0.16860587894916534,0.15157246589660645,0.18325412273406982
e3dadbde34ee54508ced5cdfaf96abf0.mp4,good,0.0,0.0,0.0,1.27981100654506,1.245124633431085,0.10465974455527016,0.09215075069620271,0.13011153042316437,0.11991095542907715,0.14151525497436523,0.22901345789432526,0.21041986346244812,0.2731504440307617
5c7a2edf3da3ff2f4ca65d006f88ce8e.mp4,good,0.0,0.0,0.0,1.1247541569819417,1.1092713542198185,0.025498744692852005,0.022386323246452736,0.10660319030284882,0.10479438304901123,0.13266760110855103,0.13663563132286072,0.13164004683494568,0.16551697254180908
1bda0bb384d82fd2be8b82a205dce0fe.mp4,good,0.0,0.0,0.0,1.2566541527818789,1.2484076433121019,0.059298958621894375,0.052363551642489056,0.12029053270816803,0.11342290043830872,0.132063627243042,0.16116486489772797,0.1461748629808426,0.19274842739105225
abb0b2dd4e7c3b9b4bc4c43df0f5ac86.mp4,good,0.0,0.0,0.0,1.1452608142493639,1.143076679340938,0.03540363679157207,0.036477982979711276,0.14974349737167358,0.13935160636901855,0.16112500429153442,0.24252678453922272,0.238068625330925,0.27029526233673096
b937e7274b155475e2fff135f62ceea6.mp4,good,0.0,0.0,0.0,1.1392854925817866,1.1392854925817866,0.0017350290633769531,0.01150444089900126,0.1105915755033493,0.10581158101558685,0.11660194396972656,0.16981834173202515,0.16351085901260376,0.17804813385009766
3691fc050138c2db6e0d467ba3a711a7.mp4,good,0.0,0.0,0.375,1.1691816083791942,1.1553030303030303,0.07641498286347609,0.02515534880644753,0.14355453848838806,0.1392628699541092,0.17284393310546875,0.29121750593185425,0.2824171483516693,0.30352234840393066
c392d219f3f52de255532a12a30ba4b1.mp4,good,0.0,0.0,0.0,1.25714018166495,1.2465469613259668,0.12754568667898913,0.12037367055213412,0.13524194061756134,0.1307888925075531,0.14564651250839233,0.20944631099700928,0.19871637225151062,0.21443802118301392
f4ec90b9b97d2cb83a2c0629c994da51.mp4,good,0.0,0.0,0.875,,,,,0.1558530032634735,0.13921517133712769,0.17249083518981934,0.2560741901397705,0.24351298809051514,0.2686353921890259
20aed7bb2de3bc3285e795637020fe1d.mp4,good,0.0,0.0,0.0,1.2851370851370851,1.1498368665256669,0.007563030898841243,0.1458764202619318,0.10504353046417236,0.10210885107517242,0.11956518888473511,0.1981358379125595,0.18894165754318237,0.21926403045654297
75f96ad6-5e88-46c7-9775-13808dcf7a12.mp4,good,0.0,0.0,0.0,1.1372180451127818,1.1146558704453442,0.0338799447659846,0.02810466500026742,0.12325610220432281,0.11067309975624084,0.13110274076461792,0.1575363725423813,0.15123668313026428,0.1874048113822937
5921b034fa3bd10d9970dbe70c633fc6.mp4,good,0.0,0.0,0.0,,,,,,,,,,
c0255574a7b1627349a81b6111cb45bc.mp4,good,0.0625,1.0,0.0,1.1587479935794542,1.1424581005586592,0.02574653606970425,0.030397913564233655,0.10982340574264526,0.10481925308704376,0.13783103227615356,0.22244714200496674,0.18810509145259857,0.24185407161712646
8df137bf222c6e33a80e980025e0f4d5.mp4,good,0.0,0.0,0.6875,1.2585365853658537,1.2585365853658537,0.04471542693968819,0.05024796237441487,0.1373136043548584,0.14003613591194153,0.15774595737457275,0.3057783842086792,0.30333858728408813,0.3066854476928711
14502c2bb93667ee973bb1257cf07cd3.mp4,good,0.0,0.0,0.0,1.1579670329670328,1.0982142857142858,0.08286409562522233,0.015396438683045629,0.13636262714862823,0.12092945724725723,0.14455193281173706,0.2886490821838379,0.2449907511472702,0.31335365772247314
2814d7590ca9390dc05ff5ee5f9ad8c1.mp4,good,0.0,0.0,0.0,0.925,0.901219512195122,0.049720853599702415,0.07024965348020241,0.12898725271224976,0.11872576177120209,0.14631688594818115,0.18895147740840912,0.18028777837753296,0.20961862802505493
ceedef4e229590c3582d104e7675c02e.mp4,good,0.0,0.0,0.0,1.1423611111111112,1.1403787004998076,0.05482555483698015,0.042711602569241,0.14925996959209442,0.14356012642383575,0.17256128787994385,0.16921791434288025,0.15972886979579926,0.1891852617263794
511453a117f717aceeba1367dea50ef5.mp4,good,0.0,0.0,0.0,1.1842532467532467,1.1425961312816386,0.04641648339368016,0.03849689731489188,0.125273197889328,0.12000246345996857,0.14958029985427856,0.18633854389190674,0.17545516788959503,0.2009127140045166
b7291aaceb442c570ad993aa3a31605f.mp4,bad,0.0,0.0,0.0,1.2762813233401467,1.2330958842152873,0.013847432224791107,0.003342566005419424,0.12029722332954407,0.11709880828857422,0.14537346363067627,0.17025750875473022,0.15917539596557617,0.18605923652648926
12af93b0e34b9a132768e0327b2d572f.mp4,good,0.0,0.0,0.0,1.1412894844796937,1.1356649512459374,0.16416135015868144,0.1236347146875287,0.09920425713062286,0.09616408497095108,0.10374820232391357,0.14164158701896667,0.13628345727920532,0.14661353826522827
6cb60c327f2da4fde77d9032237987eb.mp4,good,0.0,0.0,0.75,,,,,0.12154039740562439,0.11782417446374893,0.12780237197875977,0.2273617386817932,0.21879322826862335,0.2518044710159302
e0c25f23d962fe23245a51cbc6c3df16.mp4,good,0.0,0.0,0.0,1.0096288515406162,0.9927667032909537,0.03912566257982515,0.034118763847095106,0.13362473249435425,0.1290031522512436,0.1589619517326355,0.23955248296260834,0.23508653044700623,0.2633132338523865
f92923cde8640ca0c6739e20d60d8d3f.mp4,good,0.0,0.0,0.0,1.13008491987399,1.1218729096989968,0.08525966983389356,0.06231178118436267,0.13299724459648132,0.12153790891170502,0.14360105991363525,0.2018870860338211,0.1835612654685974,0.24018239974975586
ea41cf35015e93c19ede2378fddc00b7.mp4,good,0.0,0.0,0.875,,,,,0.13935959339141846,0.13935959339141846,0.13935959339141846,0.2256101369857788,0.2256101369857788,0.2256101369857788
4ca609215081d5ffd97593d5d623b03f.mp4,good,0.0,0.0,0.0,1.1856372549019607,1.176877565805361,0.11979491295754856,0.13409124286778354,0.11251989006996155,0.10522111505270004,0.1390058994293213,0.1525423526763916,0.14382727444171906,0.17461389303207397
57613b8d908c0437f3ff3351309e9cf4.mp4,bad,0.0,0.0,0.0,0.8168033805617698,0.6709408734725191,0.004283607242487268,0.009850673072408148,0.14974068105220795,0.13930219411849976,0.1609203815460205,0.27436795830726624,0.2623574137687683,0.28140944242477417
9ad45286793ed357e5a2549dbb5c74b1.mp4,good,0.0,0.0,0.25,1.0931343026757292,1.0815389798152775,0.09822684599377389,0.09330939931036882,0.13986250758171082,0.13607946038246155,0.1646745800971985,0.33998069167137146,0.3330555260181427,0.37474340200424194
4e444e0fd6199b1a1f1fc4758592591b.mp4,good,0.0,0.0,0.1875,1.16793893129771,1.1666666666666667,0.09164730743080395,0.09116692493799491,0.1471332311630249,0.13491249084472656,0.18167322874069214,0.260699987411499,0.2276269793510437,0.2917701005935669
735329a24e22d56b08693621f2816293.mp4,good,0.0,0.0,0.0,1.242655529953917,1.231111111111111,0.040817435056866504,0.04830095888678703,0.12084902822971344,0.11505039036273956,0.13103920221328735,0.21968764066696167,0.1915086805820465,0.22926950454711914
bcfc9d605b59d82d73d43b2dbb5c3170.mp4,good,0.0,0.0,0.0,1.1941961285118967,1.1447981366459627,0.028881422154080842,0.01233651069941687,0.11987565457820892,0.1099667102098465,0.1391194462776184,0.16983561217784882,0.16413861513137817,0.18896937370300293
0e29a742f5ee25a4bf64f78020c9ceac.mp4,good,0.0,0.0,0.0,1.1727152512488979,1.16262021411722,0.0001225326720426221,0.00860298188711876,0.12441040575504303,0.12025097012519836,0.13377678394317627,0.24305850267410278,0.21308386325836182,0.26654744148254395
6012ad9d9e4cca6af5e36c9bfef2f779.mp4,good,0.25,4.0,0.0,1.0574712643678161,1.0574712643678161,0.0,0.0,0.1795227825641632,0.17084446549415588,0.18747901916503906,0.290932834148407,0.2878294885158539,0.2941165566444397
ff57a2f4db92b437903ff13e1963ebe9.mp4,good,0.0,0.0,0.0,1.226712822416843,1.2105697014105146,0.037379975391018436,0.019809389355793277,0.1385478526353836,0.12573233246803284,0.16139614582061768,0.20300434529781342,0.19783546030521393,0.22628498077392578
3b8181876df50fe06bdcb70dd6e411f9.mp4,good,0.0,0.0,0.0,0.8941696153935105,0.8224189506023123,0.043949197769009254,0.07983376992163137,0.12975235283374786,0.11684621870517731,0.1793082356452942,0.14718124270439148,0.1408284604549408,0.19410759210586548
89f9db09a0a9bb586e4bd77e60919286.mp4,good,0.0,0.0,0.0,1.3333333333333333,1.3290441176470589,0.0012264741073720845,0.01071527079942616,0.1602729707956314,0.15376512706279755,0.18831950426101685,0.3142586946487427,0.304932177066803,0.3191862106323242
50c7626cb91d408e68b5537f936829f0.mp4,good,0.0,0.0,0.0,1.1361702127659574,1.1337630724846737,0.005188907639679332,0.006256289749354494,0.14920920133590698,0.14051294326782227,0.15691488981246948,0.19673222303390503,0.18879449367523193,0.2460809350013733
