video,p_base,p_e18
exact-r2__017c59f65cabc241c9ef5990259d488a7becfff0__爆炸菇（爆炸后）__v12__eyemask__d50d6fe5__c0.mp4,0.393662,0.390161
base-noprop__f4d25ec51527a18f0ee61a4803329a4966535857__粽子菇__v0__dbb2c007__c0.mp4,0.099793,0.164453
base-noprop__85485675b9afc7fa463bca0fd81c644d405acb2e__粽子菇__v0__51b32eee__c0.mp4,0.326375,0.341296
exact-r1__d1374c7b3666b2856a0808eca3479085172abdaf__蘑菇力__v1297__bubble__7fc52dc4__c0.mp4,0.05163,0.119608
exact-r1__51aaa255d1e150f9f845eb0dc6f5cf9ee644d4c2__吐司菇__v515__coffee__49cf7efc__c0.mp4,0.055643,0.160318
base-noprop__c3ad0151cf012ab92fe134a98d4a74d428a02c98__爆炸菇（爆炸前）__v0__f33b086c__c0.mp4,0.046376,0.037653
base-noprop__56bc114155a57e47100a6759d7b78d0befdb0a1f__吐司菇__v0__31af3246__c0.mp4,0.125091,0.140329
base-noprop__1df7005fbb426ec84155f9de604e394437faec56__毒蘑菇__v0__a7cf07d3__c0.mp4,0.041745,0.134329
base-noprop__ea77208c520ab108b30a7e6f72eddb04638cca12__汉堡菇__v0__cbef9c99__c0.mp4,0.073574,0.149784
exact-r1__162906640246ef44f99db4ad49276c513665eb1e__蘑菇力__v142__glasses__889682a9__c0.mp4,0.029968,0.103601
base-noprop__e17297a1dbbf07dbe3fecb987321a5713158816b__爆炸菇（爆炸前）__v0__a239dfdd__c0.mp4,0.247186,0.312204
base-noprop__58a25304d5897daa19607fb3b5ce8c1f9d1c340f__蘑菇力__v0__8676ccda__c0.mp4,0.074138,0.109564
generic__5fcaed1021788750740eaf4cb963c907ca733dc2__爆炸菇（爆炸前）__v363__flag__f28a34da__c0.mp4,0.06263,0.163497
exact-r2__256b55303d2ece49031dba768c8d8f85b8dabced__炸虾菇__v240__eyemask__ac4ffce8__c0.mp4,0.025737,0.106304
exact-r1__64f7ba46c3c16764be8347709ee03ebee90d68c2__炸虾菇__v639__scooter__ac6b2584__c0.mp4,0.347493,0.344521
exact-r1__62671de5d59372c360feb3d41db56086df4cc5db__毒蘑菇__v619__scooter__25ffefbe__c0.mp4,0.179093,0.188368
exact-r1__48172f0dfe98550b41a163b5c11c78aa0d297fd9__爆炸菇（爆炸后）__v459__glasses__56625650__c0.mp4,0.498333,0.424746
exact-r1__f267516ee3473fec084aa1cc59888922709abe1d__毒蘑菇__v1526__glasses__ec0ac680__c0.mp4,0.344125,0.3712
base-props__b6bd61a3bd7cb45a64f5f161b4fd05db5645825e__粽子菇__v730__crown__61c95450__c0.mp4,0.066505,0.146652
base-noprop__2e74efc28325e12fefad6028bd3e1e47f959c336__毒蘑菇__v0__53e5db28__c0.mp4,0.167483,0.262522
exact-r1__4bf0b051761534a857f0e278795a15afb31bef80__毒蘑菇__v485__eyemask__456293b6__c0.mp4,0.10787,0.162971
exact-r1__17267cdbab13c63bd29a987952c0bc6e4a671ac3__蘑菇力__v149__glasses__47690caa__c0.mp4,0.068381,0.160726
base-props__b2678863871b99530ba9e74fef126b3d90508f99__粽子菇__v712__flag__594ae7a3__c0.mp4,0.064358,0.137146
exact-r2__4b734340dea86eb026518f537642d75cec5d26c7__粽子菇__v480__glasses__09e00568__c0.mp4,0.562617,0.432394
base-noprop__55b63d472e9f15d5bcd1f672b7144ce1726da2f2__爆炸菇（爆炸后）__v0__37f0c1a8__c0.mp4,0.362676,0.327338
exact-r1__52e27d0ad2d2890946f1fe6c35b87aaa4541bdc1__吐司菇__v518__coffee__058f0e6c__c0.mp4,0.101142,0.165973
base-props__de80684a473a7265e3fc6883d1373c22b31a0ac7__爆炸菇（爆炸后）__v868__scooter__2f2097c4__c0.mp4,0.12597,0.200768
base-noprop__ea77208c520ab108b30a7e6f72eddb04638cca12__爆炸菇（爆炸后）__v0__167c3cac__c0.mp4,0.092764,0.166958
base-props__929b88500dd26c68400cb2ef5015e7db4f37d194__汉堡菇__v586__coffee__880a1ceb__c0.mp4,0.145683,0.220774
exact-r1__f11cad00ba6f8dcd0db7e9dfcdef26e58638052e__爆炸菇（爆炸前）__v1517__scooter__826b44a1__c0.mp4,0.437407,0.404617
base-noprop__05ac9abf4092d7eda364b995ce814f0c2859bf3c__蘑菇力__v0__cf199693__c0.mp4,0.094038,0.11199
exact-r1__32f237a65638d702e80c66ce6545a75f08d71afa__吐司菇__v340__glasses__49dfb3e2__c0.mp4,0.493726,0.415479
base-noprop__85485675b9afc7fa463bca0fd81c644d405acb2e__爆炸菇（爆炸前）__v0__8f198cec__c0.mp4,0.295188,0.351557
exact-r1__0399b7e1281139c389c4f871736e53e2fab0d75d__爆炸菇（爆炸后）__v25__eyemask__9d8c5219__c0.mp4,0.079038,0.156846
base-noprop__28a40bdc8031c3ded5a744a31c764d0180862532__爆炸菇（爆炸后）__v0__7ced556b__c0.mp4,0.285914,0.333934
exact-r1__6f6f2d7c0707575b6afdd575fae5abf75eec000d__吐司菇__v706__flag__e18588cd__c0.mp4,0.038501,0.088825
base-props__b166561176afda3a52cc9957753e6b2a097c6778__爆炸菇（爆炸前）__v708__glasses__ebc7f03d__c0.mp4,0.029242,0.097181
exact-r1__65fa930a2832ed150be2f5f8c6f3014ee7d827a8__爆炸菇（爆炸后）__v648__flag__9e38806b__c0.mp4,0.033725,0.132066
base-noprop__0fdb22578fff87861697db59c5fdafc40b146990__蘑菇力__v0__c4e12003__c0.mp4,0.010234,0.091011
base-noprop__05dd2b8db67494f0efc8d0fdde03ebfec1ec36bb__毒蘑菇__v0__76d724a6__c0.mp4,0.178212,0.154822
base-noprop__f4d25ec51527a18f0ee61a4803329a4966535857__爆炸菇（爆炸后）__v0__b7b64ae3__c0.mp4,0.104264,0.191272
base-noprop__0b9d7a9da15b27871886a629df50e17677f0c915__粽子菇__v0__0f454afa__c0.mp4,0.110407,0.183588
exact-r2__c7ad00b677c45e8f5009f4a0740dfa6c109a6eee__汉堡菇__v1244__glasses__0a8c1553__c0.mp4,0.397766,0.341571
exact-r1__4b734340dea86eb026518f537642d75cec5d26c7__粽子菇__v480__glasses__09e00568__c0.mp4,0.444661,0.368559
exact-r2__2542b9c5635f6f39a49c3380e72384f78fd1c0d8__汉堡菇__v238__eyemask__4cce5059__c0.mp4,0.105408,0.172037
base-noprop__068f87e6d8c098db1a68eaff2a959baa9dd07959__毒蘑菇__v0__6945910b__c0.mp4,0.327883,0.364814
base-noprop__f64e1c17ba334819ca417f708e64e97d2aba7b05__爆炸菇（爆炸后）__v0__87b92abb__c0.mp4,0.225088,0.320165
exact-r1__3296e3025fe5db65ce1e18e8abd3114afdfdc5da__爆炸菇（爆炸后）__v335__coffee__0714808a__c0.mp4,0.378056,0.354793
exact-r2__63c6cd5b6ce97c724c348a679627c9f637af97f7__毒蘑菇__v627__scooter__2948a84e__c0.mp4,0.546865,0.53698
exact-r2__a9816777eac0a4b87543f0fe4ad36edf6b92ca8e__吐司菇__v1049__crown__a8d4e42e__c0.mp4,0.291144,0.322722
exact-r1__967be5bf93e2191527c35a951f196af47aae0dc9__毒蘑菇__v937__bubble__56580119__c0.mp4,0.153491,0.19576
generic__961bd0e7dc5dec1e77f826ad3f88dc97e2021663__汉堡菇__v606__glasses__ec6f851a__c0.mp4,0.139868,0.194814
base-noprop__930af50238c37ebaf442e48b5cf1fdd56a6c5adb__汉堡菇__v0__3b72956b__c0.mp4,0.075639,0.142542
exact-r2__f4391007a9614180b36c5a425ae726846b1ea5a6__蘑菇力__v1539__eyemask__009061a7__c0.mp4,0.114595,0.163389
exact-r1__1db18ca5323487563ceb952534de9a3b9af8d9f2__毒蘑菇__v184__coffee__25151478__c0.mp4,0.371684,0.362141
exact-r2__4684d4e3cc283d2f82a830567f416163b041076b__粽子菇__v446__scooter__0f8c7e43__c0.mp4,0.102989,0.150591
base-noprop__746da3c174acbb5da8858bffe05b68335dae3406__汉堡菇__v0__f742b2a7__c0.mp4,0.140711,0.145309
base-noprop__0b9d7a9da15b27871886a629df50e17677f0c915__炸虾菇__v0__23adc1a5__c0.mp4,0.365559,0.369621
base-noprop__1d5a1c958b3030b64164f55cfb9fdefdf2716651__毒蘑菇__v0__5aa3164d__c0.mp4,0.335446,0.342363
generic__45160a3209fab0c464a72ff9098bde522b4e0264__爆炸菇（爆炸前）__v254__scooter__4a80b0c1__c0.mp4,0.28665,0.258289
exact-r1__b7d6465a8b59608365b430ec044d2fd40916aca4__蘑菇力__v1146__crown__d5a033a7__c0.mp4,0.27942,0.311556
base-noprop__3ea8cf079e959693153dd04695b6f05e21f1dca3__毒蘑菇__v0__cd5fa161__c0.mp4,0.050195,0.12831
exact-r1__017c59f65cabc241c9ef5990259d488a7becfff0__爆炸菇（爆炸后）__v12__eyemask__d50d6fe5__c0.mp4,0.401622,0.454259
exact-r2__d1758c15bc02c270105a3d17b4eb3accdc5cee71__蘑菇力__v1300__bubble__af98eeec__c0.mp4,0.062456,0.135319
exact-r1__29f679c8be6e6b658cdfb3ab8df8254b60f131e5__蘑菇力__v272__flag__86d422b6__c0.mp4,0.048173,0.155149
exact-r2__06fa761f552f4726608d396cd74b9485f90f0510__爆炸菇（爆炸前）__v44__crown__bb179f3c__c0.mp4,0.151253,0.170931
base-props__1a5e9e21aa5ab5837e37e1d632efa039b57aab7f__蘑菇力__v94__coffee__9813a98c__c0.mp4,0.047972,0.142744
base-noprop__1f66a501aba063a2796ee4f1f4d6082295197784__蘑菇力__v0__bfd0d9e4__c0.mp4,0.024387,0.132916
base-noprop__068f87e6d8c098db1a68eaff2a959baa9dd07959__蘑菇力__v0__80996da1__c0.mp4,0.519268,0.476354
exact-r1__49fef35b1c962aa22fdd2b3411e53134117a62b6__毒蘑菇__v473__eyemask__fe8ce2b8__c0.mp4,0.184262,0.218014
exact-r1__b656711495e9904b44ee1e7c04c210b83cd2ed74__毒蘑菇__v1134__crown__0574677e__c0.mp4,0.112531,0.155411
exact-r1__d9b45e907f3f46e26cc2c0c367c828a5ba9ab34c__汉堡菇__v1361__flag__17c31c4e__c0.mp4,0.036173,0.124595
exact-r1__55d0a552371088436d3780e0920102745a9833f1__汉堡菇__v546__scooter__2d2219a1__c0.mp4,0.119059,0.18175
base-noprop__51be5b142d9021a3c446702d354fabdf42630fa9__蘑菇力__v0__a429805f__c0.mp4,0.090859,0.080576
exact-r1__c14746cc7fb4e3b79deb72aaeea20c288e6ac46f__爆炸菇（爆炸前）__v1205__coffee__60eb71a2__c0.mp4,0.28755,0.292583
base-props__cb05660c4b262902ff02becd82b2bbb621c9edbf__吐司菇__v791__eyemask__d3393fa2__c0.mp4,0.060142,0.157486
base-noprop__45ec56f5f20bca20bb45a07b0652cb24f9a8a27f__蘑菇力__v0__f2e75d8c__c0.mp4,0.112844,0.154867
exact-r1__38b58dfa04037a8d4c73a738d8fd4058766e8609__粽子菇__v370__flag__4e1cd0d3__c0.mp4,0.163002,0.269813
exact-r2__24fd5a5b571589bad02d82bc90600f51cc7bcb81__汉堡菇__v233__eyemask__dfe13e5a__c0.mp4,0.104079,0.161874
exact-r1__986d912c264847e31c8f18a969d28d6c5bfafc3a__毒蘑菇__v943__bubble__ecab9665__c0.mp4,0.086276,0.162874
exact-r2__929b65b28d7fc5f68d6f799d9d758150e4b1155d__爆炸菇（爆炸前）__v914__flag__3302281d__c0.mp4,0.300197,0.358197
base-noprop__556de27b0d0679c58d037153bf13f376557bb4da__汉堡菇__v0__b936b058__c0.mp4,0.222004,0.213173
exact-r1__92d7bb39237f675b3076e7ae79f0ec800ee34bfd__爆炸菇（爆炸前）__v915__flag__4d32b5b8__c0.mp4,0.21558,0.322635
exact-r1__923dbea1c7a98f5a1ad632836be7e11ba23c900a__粽子菇__v906__crown__27970c94__c0.mp4,0.116633,0.202779
generic__546296f7917ec182336f629d3d0c02436cb741ca__汉堡菇__v315__scooter__5d2f2681__c0.mp4,0.105672,0.139834
base-props__da845ee71f9cb9c51804ea9e81d440cd088d2805__汉堡菇__v845__bubble__4b8aea7d__c0.mp4,0.415447,0.336679
exact-r2__3550d4d593884e660092f1bb1c9c8c880eb3e04f__吐司菇__v353__glasses__368117e2__c0.mp4,0.527969,0.550801
exact-r1__d23c24b9a061ce56500b538bf57e52a7a8356d7d__炸虾菇__v1306__crown__14945331__c0.mp4,0.312176,0.382772
exact-r1__7c8a526968954350424479b1f22cb0375632bc6e__炸虾菇__v775__glasses__253cc752__c0.mp4,0.361883,0.345575
base-noprop__cd19e3a058e1dc2909d79dd0b89fd5e5cf73511a__爆炸菇（爆炸前）__v0__b7bfe665__c0.mp4,0.397466,0.312697
base-noprop__b281dc2a1f8e99821ca80a015d7a15c12c8925f9__爆炸菇（爆炸前）__v0__ef6e2ca1__c0.mp4,0.215991,0.262217
exact-r1__49b4745c3f3ae2c858204bfef37fd2132cb50200__毒蘑菇__v469__eyemask__ae7a9e1d__c0.mp4,0.197769,0.185511
base-props__a4ef5a0703d7e77492a6724ff679670b2cb37512__粽子菇__v671__glasses__abfa9230__c0.mp4,0.116079,0.167074
exact-r1__32dd046cc33c87913a63ceb3d332e99d5929fcfb__爆炸菇（爆炸后）__v338__coffee__b1adb7ff__c0.mp4,0.6681,0.643657
generic__9b466919eda610e8c73a0bd5a77aa817123053da__粽子菇__v629__scooter__ee29ce26__c0.mp4,0.141527,0.147398
exact-r2__f098f956c8048e901cfef55e3a9c2c1ae2f2ea2b__爆炸菇（爆炸前）__v1512__scooter__23c2e1b2__c0.mp4,0.438153,0.474896
exact-r2__5dd0b25b8d1b4b0a6283fcc5a61e4dd4413e42f8__吐司菇__v588__scooter__ae43ea86__c0.mp4,0.082342,0.038868
exact-r2__48c861a729f66f679642de5c029313df7a318d4d__粽子菇__v464__scooter__b6246b54__c0.mp4,0.264384,0.301105
base-noprop__f1dad7bb3456b35de8ced7c8026630284b2a0358__炸虾菇__v0__68253e8b__c0.mp4,0.091123,0.187378
exact-r2__55c78bf255f3a7b815fa63ec2b487f670c474c05__汉堡菇__v544__scooter__f9fb3109__c0.mp4,0.082325,0.174874
base-noprop__3bebabbc637c0e47cdac3a89bb497c6c48ee197b__吐司菇__v0__50a6d591__c0.mp4,0.04878,0.135995
exact-r2__ba251ea3d223905682930bef46247c2d3538af06__粽子菇__v1161__eyemask__c6bc1f91__c0.mp4,0.285527,0.303223
exact-r2__25242e2c4e978686c1ab0fd42607be6ef25ff215__汉堡菇__v235__eyemask__02246e97__c0.mp4,0.231628,0.315077
base-props__11126af44460c58b95d533978e0cf55f002fe629__吐司菇__v66__bubble__f564ca5a__c0.mp4,0.038787,0.137518
exact-r1__08bc0b380cf865761826977b4c950791f2b66856__爆炸菇（爆炸前）__v52__crown__f7b25bfe__c0.mp4,0.233196,0.29374
generic__abd3eebc0d8afd79024fb49f40a8b92321223c19__汉堡菇__v686__eyemask__ac9a2e26__c0.mp4,0.06812,0.184044
base-noprop__0ede95135255948bd4b4397d3ea7c6890ffbbb52__毒蘑菇__v0__a0cb27d9__c0.mp4,0.110664,0.12479
exact-r1__4684d4e3cc283d2f82a830567f416163b041076b__爆炸菇（爆炸后）__v446__glasses__bf74e4b6__c0.mp4,0.304636,0.294537
exact-r1__b8e0b9755a51b36875a1ff8ee869e25c5e0b23ff__蘑菇力__v1153__crown__9e2adf71__c0.mp4,0.238579,0.205188
exact-r1__26d75a46f6b5232a06d19848323a502357164e90__蘑菇力__v257__flag__c56eb3e3__c0.mp4,0.519189,0.485514
exact-r1__9246f4c2cfaf94dbb9aaf761e9ed5784d548c111__粽子菇__v908__crown__619a8663__c0.mp4,0.12525,0.16502
exact-r1__d002e5583f41453bb83d542e6e3c5c3cb84670c8__蘑菇力__v1292__bubble__eaf7d752__c0.mp4,0.264792,0.27127
generic__73ec88107c787002c08c3232085b5837e0a0a553__炸虾菇__v449__bubble__8ebbfab5__c0.mp4,0.092891,0.168267
exact-r2__95661968e66f7e80c1cfe770235df4b395dab410__毒蘑菇__v930__bubble__db7364e2__c0.mp4,0.115921,0.164564
exact-r2__fa8822b451db86406868163ad6abd81635c99e4c__爆炸菇（爆炸前）__v1579__bubble__a2820fb2__c0.mp4,0.100095,0.143834
exact-r1__34e339919ebe42baea42c17116629a6037829046__吐司菇__v351__glasses__5c5de906__c0.mp4,0.570698,0.545531
generic__2a80b5bbf9bfc43cc9607c64804c1876ee75a6f2__吐司菇__v145__flag__d497fcd1__c0.mp4,0.141093,0.146022
base-noprop__50ad428af3b86412de8a648a8194cebfd6685400__炸虾菇__v0__628e1d4b__c0.mp4,0.172695,0.247624
exact-r2__1d10d72beff724875190e76c7f3249168d25a97a__毒蘑菇__v177__coffee__2132b6bd__c0.mp4,0.319389,0.324924
base-noprop__3e0263de42d2cb0db2374a5b45278fcc7a471c0b__蘑菇力__v0__de7b3c77__c0.mp4,0.099721,0.132258
exact-r1__4750d9b5e622a065f63c02791c5880240fb4ec9a__粽子菇__v455__scooter__8a130adf__c0.mp4,0.148899,0.174665
exact-r1__c29266a464fea2ac37a8605daf8044b752a1f624__爆炸菇（爆炸前）__v1215__coffee__6da6266c__c0.mp4,0.100432,0.225939
exact-r1__95270fa777a6a5cb99054cf707304be40d56acb6__毒蘑菇__v928__bubble__f5d68233__c0.mp4,0.115474,0.148211
exact-r2__0482215a70d10901557fd35bdf33f91d111c8bcb__粽子菇__v30__coffee__d4ee31e5__c0.mp4,0.045316,0.117979
exact-r1__79338d48a690fd016313c198f04a3dc484b6e14f__毒蘑菇__v755__flag__ebd0d94e__c0.mp4,0.160577,0.226352
exact-r2__ef3bed0365ebd4b143e559e9f65fdd3902b7cb46__爆炸菇（爆炸前）__v1501__scooter__163de21a__c0.mp4,0.596755,0.594363
base-noprop__2c164d8e794e57d3dbeecb7a01572c433d3d03f3__吐司菇__v0__8db8e628__c0.mp4,0.05142,0.152415
exact-r2__1e6455b0ff78fa4766a1d5f30413ea1d0429eb99__毒蘑菇__v187__coffee__cf9a2967__c0.mp4,0.125377,0.178554
exact-r1__f38c85c9dbbd6fe91ebb9c9d9e17e6640548549d__毒蘑菇__v1530__glasses__4c0f5650__c0.mp4,0.226615,0.206676
base-noprop__701e58d8fd0b9629cc0d3b9aec0136dcfd79a9f4__爆炸菇（爆炸后）__v0__1eef5aea__c0.mp4,0.06914,0.175265
base-noprop__51be5b142d9021a3c446702d354fabdf42630fa9__毒蘑菇__v0__2e625b4c__c0.mp4,0.053408,0.111906
exact-r1__16d87b7c10ee927fd1e1d2e315f77f610316d154__爆炸菇（爆炸前）__v146__glasses__98277935__c0.mp4,0.151324,0.202121
exact-r1__b78000494643dd416d6056e23accb37bf8708a96__蘑菇力__v1143__crown__6e95a9d4__c0.mp4,0.112773,0.150731
base-noprop__f4d25ec51527a18f0ee61a4803329a4966535857__炸虾菇__v0__dfead8ad__c0.mp4,0.070623,0.140914
base-noprop__04febc3ea3e866abdf75b3fab9b881e8f80a980a__炸虾菇__v0__67fb9c03__c0.mp4,0.161001,0.22689
exact-r2__7bcdb8d9a74233784e73beaf553f9da6be6bf025__毒蘑菇__v772__flag__65ea2bc6__c0.mp4,0.060423,0.164381
base-noprop__28a40bdc8031c3ded5a744a31c764d0180862532__粽子菇__v0__e761f249__c0.mp4,0.149635,0.18881
base-props__61fed9a5970df6669462d6fcf616c133d150bbc0__吐司菇__v373__glasses__dfcca2ae__c0.mp4,0.100322,0.151122
base-noprop__08447ead47d19cdf9b918908077ea735b8029732__粽子菇__v0__00723c07__c0.mp4,0.08246,0.127807
generic__24dc1f3ba782c8b6cd325590627ea2ed97b93833__毒蘑菇__v126__scooter__6fdbfbad__c0.mp4,0.095987,0.157094
exact-r2__612115080afd9cfcd7bc4fdd21348971b54a34c7__爆炸菇（爆炸后）__v613__scooter__aeb47a72__c0.mp4,0.342017,0.361646
exact-r1__d9657e5af5e0c9e5c71b7d15425af2bf7fc9de96__汉堡菇__v1360__flag__ffb3b643__c0.mp4,0.09394,0.158002
generic__cb05660c4b262902ff02becd82b2bbb621c9edbf__吐司菇__v791__eyemask__d3393fa2__c0.mp4,0.028785,0.15193
exact-r2__63c6cd5b6ce97c724c348a679627c9f637af97f7__爆炸菇（爆炸后）__v627__scooter__9f990d4c__c0.mp4,0.448711,0.443749
base-props__54b808c68379bb80df935fac20da98e5db366a47__吐司菇__v316__coffee__947501b0__c0.mp4,0.157178,0.181223
exact-r1__044176e563bd0ca37fa16a6ebe34899138633a40__爆炸菇（爆炸后）__v28__eyemask__b7e2f1f6__c0.mp4,0.395391,0.52286
base-noprop__084b3e71188f9a2159d683c11a6ad5bd65815355__吐司菇__v0__a94d2237__c0.mp4,0.104286,0.168618
base-noprop__298931f62e1fcd1c182d348d865aefe21b2f1a4b__蘑菇力__v0__dc9d6ef2__c0.mp4,0.169002,0.179349
base-noprop__ccb6b1d206606a8d4ddb34ae7e70a1dfb2cd49ba__汉堡菇__v0__2f0ff66d__c0.mp4,0.074359,0.167179
exact-r2__5e251213a13de31edf2e489d219063a9041511e3__炸虾菇__v589__coffee__0ec22905__c0.mp4,0.197692,0.259158
exact-r1__39592fc54ca3ce1fa9f11e0639080d80fdd90784__粽子菇__v374__flag__cb7e2551__c0.mp4,0.364681,0.412589
exact-r1__db6ce3f46aa974538e2bf6288aa30d60f1537602__汉堡菇__v1373__flag__375d8b71__c0.mp4,0.232661,0.278241
exact-r2__4684d4e3cc283d2f82a830567f416163b041076b__吐司菇__v446__bubble__997c9000__c0.mp4,0.258551,0.177263
base-noprop__33159c17b1b4cc97be3acad43a606bfdc0461807__炸虾菇__v0__928aa5a5__c0.mp4,0.061185,0.168676
exact-r1__3373ae9e4de4dce88d5624681a41f79ac07484f3__蘑菇力__v342__scooter__c3ace3d5__c0.mp4,0.078713,0.126203
base-props__e9b94ecc359c2f277ccefaf7095c17b14b261bcc__爆炸菇（爆炸前）__v909__coffee__12dbfcb7__c0.mp4,0.084596,0.193033
exact-r1__9054fdbc790f3181e453f4f32520b1e358733cb9__粽子菇__v897__crown__d890a9b9__c0.mp4,0.368319,0.434912
base-noprop__13eda229e23f72de63829ca2a162c20a3b56bf44__毒蘑菇__v0__97d11529__c0.mp4,0.063563,0.136423
exact-r2__d2f00eb058f9ce3ba98cf2152e90a803a48e4864__炸虾菇__v1307__crown__79805e5c__c0.mp4,0.200945,0.235418
exact-r1__48043cd413298bba118f12d7404a3ad3aeeeb310__粽子菇__v458__scooter__614502c4__c0.mp4,0.080264,0.143477
base-noprop__30b4282f1742fb0fb6e237b3bacf4fb43522adf0__吐司菇__v0__92db5016__c0.mp4,0.143932,0.178564
base-noprop__3eb6d97760f838a366c3ddc9c5fe31024af3ddd6__汉堡菇__v0__95f315d5__c0.mp4,0.082577,0.173911
base-noprop__190a31ba334eafd595032f1742e0cdf9b9183281__汉堡菇__v0__fede9e15__c0.mp4,0.101902,0.149217
exact-r2__66c31723dc12306b4f0c1044a74ebf104e0824d8__爆炸菇（爆炸后）__v652__flag__aa0b5ed5__c0.mp4,0.30392,0.265221
exact-r1__e92751ca858d2ff69aed920d5cad82f934c445e3__吐司菇__v1461__eyemask__bccdc7a1__c0.mp4,0.165082,0.168618
base-noprop__7980439f022908b0edafecd558418e07616aeaf7__爆炸菇（爆炸前）__v0__92289f57__c0.mp4,0.087952,0.116854
base-noprop__b281dc2a1f8e99821ca80a015d7a15c12c8925f9__粽子菇__v0__76f88b80__c0.mp4,0.050331,0.133947
exact-r2__49e4303b44fcc27a48dcbb9fedc8fd22431b34ff__毒蘑菇__v472__eyemask__5bdac16e__c0.mp4,0.281719,0.343754
base-noprop__479cfaa7ed9751d704a007cccb8dbebcb4fc8765__爆炸菇（爆炸后）__v0__51ba2f4d__c0.mp4,0.093408,0.150107
base-noprop__31b74b126f6fafc4629493be8201689f500ebf47__蘑菇力__v0__e3418e90__c0.mp4,0.07823,0.084247
exact-r2__38b58dfa04037a8d4c73a738d8fd4058766e8609__粽子菇__v370__flag__4e1cd0d3__c0.mp4,0.245932,0.217033
base-props__58a25304d5897daa19607fb3b5ce8c1f9d1c340f__炸虾菇__v335__coffee__c245ba49__c0.mp4,0.081186,0.158441
generic__b2d3b11f7cc10d19163a3940e12f64f147409d54__爆炸菇（爆炸后）__v713__eyemask__9658b52b__c0.mp4,0.073677,0.133614
exact-r2__626b6bd3e31f1f1f566ad8589123249d6c71e87e__爆炸菇（爆炸后）__v620__scooter__c59c39e4__c0.mp4,0.178923,0.291318
generic__432eff82630f4ea5c677143ac7a2c056c203e209__爆炸菇（爆炸前）__v246__eyemask__7d24a326__c0.mp4,0.359008,0.39132
exact-r2__17267cdbab13c63bd29a987952c0bc6e4a671ac3__蘑菇力__v149__glasses__47690caa__c0.mp4,0.05483,0.17274
exact-r1__11f34e08a6906e27e7c06d8e53c0abd8b0e6a511__蘑菇力__v105__coffee__81ed7854__c0.mp4,0.06786,0.132735
base-props__dd6b0b25684c0bddcc56e9fa41e0a0bb3f55e318__毒蘑菇__v857__coffee__7dfbf06a__c0.mp4,0.086114,0.150958
exact-r1__06af112cda638917aeaa3b19f63575e6b2cce87e__爆炸菇（爆炸前）__v41__crown__a6645005__c0.mp4,0.101526,0.181042
exact-r1__398db66855bd9f71ccddbebdb893c9052ea19a22__粽子菇__v377__flag__c830a3f9__c0.mp4,0.095925,0.181987
exact-r1__612115080afd9cfcd7bc4fdd21348971b54a34c7__爆炸菇（爆炸后）__v613__scooter__aeb47a72__c0.mp4,0.376532,0.406317
generic__9988ed6b8baec6b7f72e2a2f31784ecde8be7eb5__粽子菇__v623__scooter__fee93b7f__c0.mp4,0.18808,0.218071
exact-r1__95270fa777a6a5cb99054cf707304be40d56acb6__汉堡菇__v928__crown__febcd7b8__c0.mp4,0.101632,0.151951
base-noprop__9fe84a46a5b7258d9185e38e64539dfb315c00ea__炸虾菇__v0__d29032ae__c0.mp4,0.175518,0.236388
base-noprop__152077a5b2e9ecb98c83d24bd2c2d3c0ce349e29__吐司菇__v0__91ffcd2d__c0.mp4,0.169387,0.151297
base-noprop__05dd2b8db67494f0efc8d0fdde03ebfec1ec36bb__吐司菇__v0__daa92d16__c0.mp4,0.090627,0.153195
exact-r1__1797a30fd91eff354c236387e11c6718b039aab5__爆炸菇（爆炸前）__v153__glasses__3de29246__c0.mp4,0.478028,0.479784
exact-r2__162906640246ef44f99db4ad49276c513665eb1e__爆炸菇（爆炸前）__v142__glasses__6207d034__c0.mp4,0.094392,0.141169
exact-r2__f1498f3a3c3245f137f45ef7171fbad768a30f29__爆炸菇（爆炸前）__v1519__scooter__e1358b4e__c0.mp4,0.09543,0.138439
generic__3ea8cf079e959693153dd04695b6f05e21f1dca3__炸虾菇__v230__flag__575a466d__c0.mp4,0.104097,0.135873
exact-r1__48c861a729f66f679642de5c029313df7a318d4d__粽子菇__v464__scooter__b6246b54__c0.mp4,0.190531,0.250463
base-props__13c5ef355a4677fd006d158853aae7228ec89353__炸虾菇__v71__crown__f2952d0d__c0.mp4,0.081334,0.104962
exact-r1__5e792b82d424890d709af4c84bfcd10e8071fd48__炸虾菇__v590__coffee__d589a251__c0.mp4,0.40277,0.400165
exact-r1__e86d2a316b78bde955a3d36e1105be5da3d55ae9__吐司菇__v1456__eyemask__efc4954f__c0.mp4,0.280525,0.342949
base-noprop__050d465c02a6aedcb83961a3f85cf51de88d0d3e__吐司菇__v0__6abc19e8__c0.mp4,0.110083,0.140703
base-props__50ee01d3a21af2295c697ffe0dcc9d0e2bd3a001__汉堡菇__v299__crown__af1e681c__c0.mp4,0.505853,0.505645
base-props__deb8dcc91484de67c08304d54dba061741b046a8__毒蘑菇__v870__coffee__64902ddf__c0.mp4,0.051214,0.173217
exact-r2__e92751ca858d2ff69aed920d5cad82f934c445e3__吐司菇__v1461__eyemask__bccdc7a1__c0.mp4,0.134905,0.209551
generic__1cf0944b8af6ac43f6f7e794a0d68118b7de888c__汉堡菇__v105__flag__ced10d12__c0.mp4,0.077591,0.156716
exact-r2__350cfd2dd11a55bba310df263eb011f378987693__爆炸菇（爆炸后）__v352__coffee__114e6de4__c0.mp4,0.474404,0.448919
base-noprop__556de27b0d0679c58d037153bf13f376557bb4da__粽子菇__v0__4121e99a__c0.mp4,0.2073,0.289219
exact-r1__06c67470cf9be8f025f6e761b17dc1ea2544b027__爆炸菇（爆炸前）__v42__crown__33913395__c0.mp4,0.401285,0.380885
exact-r2__62671de5d59372c360feb3d41db56086df4cc5db__爆炸菇（爆炸后）__v619__scooter__9a31e29f__c0.mp4,0.193097,0.241117
exact-r2__6caf7c744bba33812d3ae89727b1c9ffa5aa3f71__汉堡菇__v694__coffee__93ceaa68__c0.mp4,0.112417,0.1896
exact-r1__7daadbf57892d5e3abf52d444993e302eae628ab__炸虾菇__v781__glasses__58a7dcd2__c0.mp4,0.474316,0.448759
exact-r2__28b269cb428b398ae0c461d34d9e6daeeb15dd1c__蘑菇力__v265__flag__6d808d89__c0.mp4,0.283545,0.324855
exact-r2__5101800527787a720423bc1b750352a08d3932ce__吐司菇__v512__coffee__7f6ad833__c0.mp4,0.452917,0.440803
base-noprop__6789eb569ba9201716016a5c210359d9e3d43278__汉堡菇__v0__68a1ae3e__c0.mp4,0.278008,0.321961
exact-r1__396fd748b71ec7529ed4bf067ba92fdebcc3340e__粽子菇__v376__flag__5f1b510c__c0.mp4,0.287393,0.359025
exact-r2__64f24c794aa94f916e4cfb3d08239c8cce08ae8b__爆炸菇（爆炸后）__v638__flag__c23892c5__c0.mp4,0.144244,0.148164
exact-r1__b6400262250308b940cca731c04afc1e0661b6e9__炸虾菇__v1132__bubble__8db02a1b__c0.mp4,0.066753,0.177617
base-noprop__143077ed5c3203470357eefbac685c008578ef31__蘑菇力__v0__39ab2b38__c0.mp4,0.101866,0.14508
exact-r1__b872a91da124369a0db4f6c8e1f348f11ee5ee45__粽子菇__v1150__eyemask__7cba3ab5__c0.mp4,0.122939,0.198807
base-noprop__36cc3b78b61d9039d9d44b967df0005c6e6e6895__爆炸菇（爆炸后）__v0__6d095306__c0.mp4,0.37348,0.364386
exact-r1__730702bed82aaf1a0c1093664b6b45d5254520a9__爆炸菇（爆炸前）__v723__eyemask__f6753a50__c0.mp4,0.413166,0.463793
base-noprop__66f41d2f3f0f61298257e508840f1163992f0311__爆炸菇（爆炸后）__v0__b1ce0afb__c0.mp4,0.458661,0.468496
base-noprop__2c1315bafe71a68bec156d93f1790b9d42e2a44a__毒蘑菇__v0__4f6514c4__c0.mp4,0.256199,0.238911
base-noprop__3ab5e095ea7925663c71572cdf310f6c6d4c208d__炸虾菇__v0__3fbd916e__c0.mp4,0.072895,0.160347
exact-r1__47d052f47f096470284625402d2fc5ab2e2f51ca__爆炸菇（爆炸后）__v456__glasses__4b12d2c4__c0.mp4,0.578249,0.476841
base-props__948cf55caa00a45bfcc117ea6e39a73bdfffbf47__汉堡菇__v596__glasses__24eda22f__c0.mp4,0.114044,0.169677
base-props__084b3e71188f9a2159d683c11a6ad5bd65815355__爆炸菇（爆炸后）__v36__crown__8895be78__c0.mp4,0.076968,0.1645
base-props__354f3e4b6107ffa5548e933c67773e98971848fa__蘑菇力__v186__flag__4fbe881f__c0.mp4,0.45458,0.356228
base-noprop__36cc3b78b61d9039d9d44b967df0005c6e6e6895__粽子菇__v0__de6a486b__c0.mp4,0.253403,0.243376
base-noprop__06b0fe368708d4dd8bc44a345d0c8a6765e4dd6e__吐司菇__v0__bb5309c5__c0.mp4,0.12637,0.10836
generic__b4922b313b5f45658c57e964eec6e061ed1c765b__爆炸菇（爆炸前）__v718__glasses__d9480773__c0.mp4,0.343922,0.348706
exact-r1__95661968e66f7e80c1cfe770235df4b395dab410__毒蘑菇__v930__bubble__db7364e2__c0.mp4,0.186772,0.223726
exact-r1__4637c74691052829ffc6d2b99e439250ea0eb7d0__吐司菇__v443__bubble__85fb58a5__c0.mp4,0.037497,0.13085
exact-r2__392410131274da938ab5d7413fe09371ec7bf3ff__粽子菇__v372__flag__111364cb__c0.mp4,0.103669,0.159621
exact-r1__1e81b08c00de3e615dc3d3a3e67182d0ec82fafa__毒蘑菇__v188__coffee__d0de2ef0__c0.mp4,0.224674,0.292802
generic__a4ef5a0703d7e77492a6724ff679670b2cb37512__粽子菇__v671__glasses__abfa9230__c0.mp4,0.104393,0.17065
base-noprop__e245e3cfc41c9b8a7f3e19965bae1bd8876cb0b0__粽子菇__v0__0e95d33c__c0.mp4,0.189617,0.186015
base-noprop__125de5a624888f2f256cc2f63735a38929203bb9__粽子菇__v0__33e4e6b9__c0.mp4,0.150209,0.269239
exact-r2__913093deac6198ad65ba3e8925974f83e021d41b__爆炸菇（爆炸前）__v902__flag__7a5b4086__c0.mp4,0.209418,0.279368
exact-r1__bf87b999122451ffe16ba26acd9a1f4645ce8587__爆炸菇（爆炸后）__v1195__bubble__45856c4f__c0.mp4,0.110788,0.176095
base-noprop__3a66d9c0fbd884130c640c5c48ba2017b2ba1095__毒蘑菇__v0__c80e63de__c0.mp4,0.087227,0.136598
generic__ba3abbfec8cf023cadbbc300cee7b52e6fbf4c0a__粽子菇__v739__crown__1c99a3d6__c0.mp4,0.033049,0.163452
exact-r1__5ce68a5ba0874b66f9821e844283d9113ab37ebd__吐司菇__v584__scooter__5f03dc73__c0.mp4,0.116202,0.149514
exact-r1__47d052f47f096470284625402d2fc5ab2e2f51ca__粽子菇__v456__scooter__7c53a339__c0.mp4,0.418041,0.442265
exact-r2__396fd748b71ec7529ed4bf067ba92fdebcc3340e__粽子菇__v376__flag__5f1b510c__c0.mp4,0.207405,0.245738
base-noprop__298931f62e1fcd1c182d348d865aefe21b2f1a4b__吐司菇__v0__d1334783__c0.mp4,0.159648,0.169508
exact-r1__6412a059222f17ae5dc01573da2024b28b38fb3b__炸虾菇__v629__scooter__75776486__c0.mp4,0.182182,0.219204
exact-r1__b4bc5d9a39711e181bd7233cb5e38a348642950f__炸虾菇__v1116__bubble__e49f6691__c0.mp4,0.036559,0.085593
exact-r1__46a88b94d8c5451f884baeac062b15b148ad8fe6__爆炸菇（爆炸后）__v448__glasses__d54494ff__c0.mp4,0.229928,0.284923
exact-r1__4b73dcb962cbfd0a121d5292b514c93b57ca1509__毒蘑菇__v481__eyemask__9dd97bcd__c0.mp4,0.171316,0.18512
exact-r1__5db4894bfeddbd04cfb6a00ed191a0e8200cac35__炸虾菇__v587__coffee__d00d573a__c0.mp4,0.380723,0.399154
base-props__c52c60db374d20e0b184bfe3476d54058ae4bf84__炸虾菇__v773__eyemask__4650b901__c0.mp4,0.060768,0.125915
exact-r1__32c709f75cca177d6ecdd8d8c6010b7f68a74ab7__蘑菇力__v337__scooter__8a0fa60e__c0.mp4,0.077798,0.168332
exact-r1__46efe225dec2d1e5429fa9bf2a6c0d66fc5cb87e__吐司菇__v450__bubble__2ba3618b__c0.mp4,0.088948,0.1424
exact-r2__7e246fadacbc4777412514b06881f29674ac1928__炸虾菇__v785__glasses__9710d0be__c0.mp4,0.121689,0.161116
exact-r1__fa8822b451db86406868163ad6abd81635c99e4c__爆炸菇（爆炸前）__v1579__bubble__a2820fb2__c0.mp4,0.1001,0.144333
base-noprop__0d8ae407bd2be6cbaf00e2bc407478bbc70e81c2__蘑菇力__v0__17419925__c0.mp4,0.058914,0.124607
exact-r1__925f4fc967e14c8e90c385f11e3c899b2fa6c14c__爆炸菇（爆炸前）__v910__flag__913dfdf0__c0.mp4,0.114139,0.157285
base-noprop__18b6b24b18ae837e3278ec0c2498b4f0c0c457b3__毒蘑菇__v0__4f31fb4d__c0.mp4,0.14481,0.172684
exact-r1__5309b5b3623be09af91500fec7ff1ea85ea1fd9e__吐司菇__v519__coffee__4483e077__c0.mp4,0.121477,0.164914
base-props__b4922b313b5f45658c57e964eec6e061ed1c765b__粽子菇__v718__flag__a54f5f92__c0.mp4,0.205594,0.253606
exact-r2__65fa930a2832ed150be2f5f8c6f3014ee7d827a8__爆炸菇（爆炸后）__v648__flag__9e38806b__c0.mp4,0.020804,0.149135
base-noprop__cd19e3a058e1dc2909d79dd0b89fd5e5cf73511a__粽子菇__v0__e18935fc__c0.mp4,0.283931,0.314548
generic__30b4282f1742fb0fb6e237b3bacf4fb43522adf0__蘑菇力__v173__crown__17f1e4ea__c0.mp4,0.141412,0.202778
base-noprop__7d7630861f0f92a7a3103fc3527dbadc1c0cdc15__爆炸菇（爆炸后）__v0__6fe47f2d__c0.mp4,0.112366,0.153587
exact-r1__efbf0d91c10bbe32864ae440f80f77dc5a2388c8__爆炸菇（爆炸前）__v1505__scooter__c081259c__c0.mp4,0.434401,0.391144
exact-r1__f38d3823fc9736b8398e78aa10bbd459e43178eb__蘑菇力__v1531__eyemask__5c177e12__c0.mp4,0.110202,0.200829
exact-r1__62671de5d59372c360feb3d41db56086df4cc5db__爆炸菇（爆炸后）__v619__scooter__9a31e29f__c0.mp4,0.095224,0.199872
base-props__58f1eb94dfa1635a5bd8ef3c9f0f7ca945b65730__爆炸菇（爆炸前）__v337__bubble__f964e72a__c0.mp4,0.130589,0.144499
generic__1f66a501aba063a2796ee4f1f4d6082295197784__汉堡菇__v114__flag__f06d72e5__c0.mp4,0.090118,0.143259
base-props__54b808c68379bb80df935fac20da98e5db366a47__蘑菇力__v316__eyemask__a6e4b9f7__c0.mp4,0.142793,0.183198
exact-r1__16597e08fbe04aa1b1563b4418564d5f7378092e__爆炸菇（爆炸前）__v144__glasses__c1085498__c0.mp4,0.106914,0.189731
generic__084b3e71188f9a2159d683c11a6ad5bd65815355__爆炸菇（爆炸后）__v36__crown__8895be78__c0.mp4,0.104638,0.196482
exact-r2__4684d4e3cc283d2f82a830567f416163b041076b__爆炸菇（爆炸后）__v446__glasses__bf74e4b6__c0.mp4,0.242842,0.271085
generic__edb1f0c36ee48806d99094bace7f3423c10bdc39__毒蘑菇__v925__eyemask__b5908fb5__c0.mp4,0.105462,0.162029
exact-r1__b8aae01622b539280aab040bd3a45f4a09b87822__毒蘑菇__v1151__crown__d1cd1e76__c0.mp4,0.269133,0.328259
exact-r1__f098f956c8048e901cfef55e3a9c2c1ae2f2ea2b__毒蘑菇__v1512__glasses__f866fd2d__c0.mp4,0.405615,0.420072
base-props__0b0e83bd494c16e5170e432e0697b925efbac110__爆炸菇（爆炸后）__v46__crown__3d886017__c0.mp4,0.166822,0.189314
exact-r1__760285ef5947a16af0c940bb34e75f4a00966d63__爆炸菇（爆炸前）__v738__eyemask__2ae27729__c0.mp4,0.060722,0.170635
exact-r1__f16563383dc7f5abb88446494148bd692e6b4a57__毒蘑菇__v1520__glasses__e21d6045__c0.mp4,0.093457,0.153864
generic__e011acdfa772be70a370c32cc68bd1d67b47e245__爆炸菇（爆炸后）__v877__scooter__becb1965__c0.mp4,0.06236,0.082494
exact-r2__b84a69fca80b7f3ae9dfc999d5b9896f6e7dc072__粽子菇__v1148__eyemask__e8f2b594__c0.mp4,0.118453,0.155375
exact-r2__bdebc74b25211ea6cffb432e9c5848b26d88626a__爆炸菇（爆炸后）__v1185__bubble__2caa57df__c0.mp4,0.386612,0.408133
base-noprop__7980439f022908b0edafecd558418e07616aeaf7__炸虾菇__v0__7daff488__c0.mp4,0.053299,0.163479
base-noprop__90d2739dfb7858927d0f47919eb4bdb9a91380c7__爆炸菇（爆炸前）__v0__32bc0f09__c0.mp4,0.122401,0.185653
base-noprop__b281dc2a1f8e99821ca80a015d7a15c12c8925f9__汉堡菇__v0__e02d8808__c0.mp4,0.050536,0.073906
exact-r1__91c39501adafbba839f83b6334e1af2e954a86dc__爆炸菇（爆炸前）__v905__flag__04bc6241__c0.mp4,0.509393,0.46827
exact-r2__c39c1f9a7737ec2bce1e203f09f772557f7229c4__爆炸菇（爆炸前）__v1223__coffee__4cdd0ec2__c0.mp4,0.385493,0.427756
exact-r1__48c861a729f66f679642de5c029313df7a318d4d__爆炸菇（爆炸后）__v464__glasses__6d7807e3__c0.mp4,0.560091,0.456549
exact-r1__f44b249ab205afe2f0029c4e88c48023c974dbc4__蘑菇力__v1540__eyemask__bfca9d9c__c0.mp4,0.039528,0.127941
exact-r1__c201cdfec75485fc44ee9bef9bbf95d338e7ceeb__爆炸菇（爆炸前）__v1210__coffee__d6b09413__c0.mp4,0.348204,0.465107
base-noprop__c5e43dd5e62f17a4edf36f4eec759833b39bd954__爆炸菇（爆炸前）__v0__dfff2390__c0.mp4,0.383063,0.361953
exact-r2__29f679c8be6e6b658cdfb3ab8df8254b60f131e5__蘑菇力__v272__flag__86d422b6__c0.mp4,0.074072,0.161393
exact-r2__ed2aed62a6cc33d8917e875c075f9a9da2079de2__汉堡菇__v1487__bubble__d6169561__c0.mp4,0.087421,0.166542
generic__93cc4475cf0b1f25f9c50b862890b75be78a9117__汉堡菇__v590__coffee__8a5d7974__c0.mp4,0.274315,0.298839
base-props__9988ed6b8baec6b7f72e2a2f31784ecde8be7eb5__粽子菇__v623__scooter__fee93b7f__c0.mp4,0.172659,0.240845
base-noprop__1cf0944b8af6ac43f6f7e794a0d68118b7de888c__吐司菇__v0__bc7f735e__c0.mp4,0.046759,0.114411
exact-r1__b9d03992ce73a0fe5e4ee03adacf38bbabd0be7f__粽子菇__v1158__eyemask__bc8b377f__c0.mp4,0.072501,0.169471
generic__13eda229e23f72de63829ca2a162c20a3b56bf44__吐司菇__v72__bubble__b7a22711__c0.mp4,0.081788,0.134901
exact-r1__3473624e34e6ca3ec276f7ca9440e71c53e468d5__蘑菇力__v349__scooter__7b69306e__c0.mp4,0.361826,0.342317
base-noprop__f4d25ec51527a18f0ee61a4803329a4966535857__爆炸菇（爆炸前）__v0__76db88a8__c0.mp4,0.120516,0.140114
exact-r2__f2e592fdf9ea64c3001a6620ae7f5abcb234e05b__毒蘑菇__v1529__glasses__18a1a004__c0.mp4,0.321653,0.285769
generic__e9b94ecc359c2f277ccefaf7095c17b14b261bcc__爆炸菇（爆炸前）__v909__coffee__12dbfcb7__c0.mp4,0.089086,0.186977
base-props__36be73a15cf37206fd7e42ba1a164bb08d4ac477__粽子菇__v192__eyemask__a30556fd__c0.mp4,0.023694,0.103214
exact-r1__6dd3305af84339168c5003d4bf2d991700333485__吐司菇__v699__flag__5a52fed1__c0.mp4,0.312981,0.286507
exact-r1__f38c85c9dbbd6fe91ebb9c9d9e17e6640548549d__蘑菇力__v1530__eyemask__64ba8978__c0.mp4,0.11836,0.155275
generic__b2678863871b99530ba9e74fef126b3d90508f99__粽子菇__v712__flag__594ae7a3__c0.mp4,0.038277,0.124617
base-noprop__54b808c68379bb80df935fac20da98e5db366a47__毒蘑菇__v0__e031863b__c0.mp4,0.080396,0.197663
generic__9913e00ce076c968bc96c617de2d2d16bf2971d3__毒蘑菇__v622__crown__7885a7b0__c0.mp4,0.282638,0.367847
exact-r1__6474718652c3298f3ac628f29426024c3a14fa73__炸虾菇__v630__scooter__a8183c89__c0.mp4,0.110469,0.167038
exact-r2__34495e2b0882ddeaad3237f3947906d32c637b3c__爆炸菇（爆炸后）__v347__coffee__78676887__c0.mp4,0.296976,0.298123
exact-r2__795ea87e86ea2b176586612ac5417582a9a6aade__毒蘑菇__v756__flag__8e4f927d__c0.mp4,0.391936,0.383034
exact-r1__9105e103aa4a36f27aede759ea75c7879796a8fc__粽子菇__v900__crown__401bb7e3__c0.mp4,0.190341,0.263421
exact-r2__5ce68a5ba0874b66f9821e844283d9113ab37ebd__吐司菇__v584__scooter__5f03dc73__c0.mp4,0.110785,0.144507
exact-r1__9700a7a9addc20582629c6dd1fdb667f2d2cb24b__毒蘑菇__v938__bubble__ca71b52b__c0.mp4,0.238222,0.337136
exact-r2__d9b45e907f3f46e26cc2c0c367c828a5ba9ab34c__汉堡菇__v1361__flag__17c31c4e__c0.mp4,0.060356,0.126063
base-noprop__3832d04a1cb8b144cb27edf994f26444ef4fd338__毒蘑菇__v0__622f1af8__c0.mp4,0.08738,0.120437
base-noprop__050d465c02a6aedcb83961a3f85cf51de88d0d3e__毒蘑菇__v0__e268c9f8__c0.mp4,0.030516,0.128394
exact-r1__3929a8b7e6afe5fd1810927be8a57f7894a5ecbb__粽子菇__v373__flag__30ad4720__c0.mp4,0.153676,0.15852
exact-r2__b872a91da124369a0db4f6c8e1f348f11ee5ee45__粽子菇__v1150__eyemask__7cba3ab5__c0.mp4,0.044344,0.145262
base-props__152077a5b2e9ecb98c83d24bd2c2d3c0ce349e29__炸虾菇__v75__crown__25e13e4c__c0.mp4,0.136827,0.121037
exact-r2__91446ea62cb3f54e6d1bd638f46c2302dc00f82d__爆炸菇（爆炸前）__v903__flag__50b4ea47__c0.mp4,0.123999,0.158034
exact-r1__63906d5df56c7aab4ab721f0d0f9233c71af9c5f__爆炸菇（爆炸后）__v626__scooter__3e4bbfb7__c0.mp4,0.14993,0.169222
exact-r1__b4dda76fcb4d5ce0a269d5bda4ab6bd412c2999d__炸虾菇__v1117__bubble__ce8000e2__c0.mp4,0.102206,0.144804
base-noprop__cf4cabe622b3f02cfc5256b5fcd31ea8829ff9ce__粽子菇__v0__e96afd9a__c0.mp4,0.130427,0.161342
base-props__db8515de9bb0464fda393bf87d44ee920714f2f6__毒蘑菇__v851__coffee__ff0eaf80__c0.mp4,0.109062,0.175532
generic__948cf55caa00a45bfcc117ea6e39a73bdfffbf47__汉堡菇__v596__glasses__24eda22f__c0.mp4,0.104425,0.123315
base-props__ba3abbfec8cf023cadbbc300cee7b52e6fbf4c0a__粽子菇__v739__crown__1c99a3d6__c0.mp4,0.032045,0.170681
base-noprop__5cd87e0e73b2c6ed3b794bb426544d934c63d371__汉堡菇__v0__64ad9a5e__c0.mp4,0.402266,0.437905
base-noprop__682f7d8fb59392161e4d92c0884afcd19b380053__炸虾菇__v0__e8b22ffd__c0.mp4,0.116654,0.149196
exact-r1__24e0c0d7674fed7268d1287a7bec816936c45c1e__炸虾菇__v232__eyemask__68535f4b__c0.mp4,0.120132,0.137954
exact-r2__c62ad43dbd93c19b400a64a74e75a09af8e0c782__汉堡菇__v1238__glasses__e995fbb2__c0.mp4,0.174238,0.199805
generic__354f3e4b6107ffa5548e933c67773e98971848fa__蘑菇力__v186__flag__4fbe881f__c0.mp4,0.400445,0.364438
base-noprop__4d17fcfde00cb2ae6b544f6fb2233f9c5e1c98bb__吐司菇__v0__50503f43__c0.mp4,0.494982,0.428363
exact-r1__34b54af8a5899c7c22353eaac7f1689280af08bd__蘑菇力__v350__scooter__5163f449__c0.mp4,0.091963,0.147142
exact-r2__5db4894bfeddbd04cfb6a00ed191a0e8200cac35__炸虾菇__v587__coffee__d00d573a__c0.mp4,0.395523,0.41453
generic__45467bec2e9b047dee0217f2ce7f25cf3110e190__爆炸菇（爆炸前）__v255__scooter__aa891a52__c0.mp4,0.105776,0.150165
exact-r1__d9c72591547a6b046fa0ac574d4e8ba2273f59df__汉堡菇__v1362__flag__a96a2d87__c0.mp4,0.178726,0.193716
base-props__1f66a501aba063a2796ee4f1f4d6082295197784__汉堡菇__v114__flag__f06d72e5__c0.mp4,0.063899,0.128527
base-noprop__2770a5b18a2168d768e14e05d09d180635a509fa__吐司菇__v0__8eef82a6__c0.mp4,0.368018,0.330843
exact-r1__4738bebba8757a16e0b094a37be38bbf14855865__爆炸菇（爆炸后）__v453__glasses__9e868055__c0.mp4,0.456387,0.483473
generic__7327bccf5c0ab9eaa9686f4bb89d430405eb16a3__炸虾菇__v446__bubble__82feee5f__c0.mp4,0.009638,0.047646
exact-r1__efa3c0b3a59f3044968aa8514b14e13615002297__爆炸菇（爆炸前）__v1504__scooter__bc08d840__c0.mp4,0.264242,0.306002
exact-r2__b7bea756eea719ee9128d28ce8616fadcb177446__蘑菇力__v1144__crown__7883a3fb__c0.mp4,0.256508,0.32222
exact-r2__e7559760a0cf2b04b9b127f73bc5ed4e714ab9d4__吐司菇__v1450__eyemask__3722b5d8__c0.mp4,0.23242,0.281291
exact-r2__46ad1d7fc06fae0ddf3af206d3ae023bd4b24aae__爆炸菇（爆炸后）__v449__glasses__697a2609__c0.mp4,0.662019,0.5551
generic__58a25304d5897daa19607fb3b5ce8c1f9d1c340f__爆炸菇（爆炸前）__v335__bubble__54c5e930__c0.mp4,0.067196,0.137662
exact-r1__c219d3893a297a9d030244d12b8ed8581b487bce__爆炸菇（爆炸前）__v1212__coffee__40865391__c0.mp4,0.483831,0.474169
exact-r1__b4eae72bed7b19f3df518a28e1218285d7456c4f__炸虾菇__v1118__bubble__a0e2054a__c0.mp4,0.093925,0.168476
exact-r2__78ef7e5e758387759b0edeb5d288c14dd38efee1__毒蘑菇__v754__flag__3596f3a9__c0.mp4,0.178831,0.192089
exact-r1__edbff851b63c30a3fa7e8f354e07a85f34577d30__汉堡菇__v1495__bubble__83e145c8__c0.mp4,0.146349,0.16763
base-noprop__0eaa401fc0b89ae5782586ac9dd79898a8983222__爆炸菇（爆炸前）__v0__5703d2db__c0.mp4,0.046555,0.144467
base-props__7327bccf5c0ab9eaa9686f4bb89d430405eb16a3__炸虾菇__v446__bubble__82feee5f__c0.mp4,0.044644,0.050275
exact-r1__90670fc8fcb427723ab341cff42c86190936e160__粽子菇__v898__crown__be383a78__c0.mp4,0.248596,0.356223
base-noprop__1d44abeca76e96eae0662cfdcbc0c67000cc6687__吐司菇__v0__287d53cf__c0.mp4,0.357789,0.428777
exact-r2__c222c0506a97b7a9e8e24f8b8a715d3bd0ecbd85__爆炸菇（爆炸前）__v1213__coffee__f5015232__c0.mp4,0.383845,0.437714
exact-r2__7da73bccaac018dfba8c400a2b8c3e42302f427e__炸虾菇__v780__glasses__986387a9__c0.mp4,0.189205,0.284183
exact-r1__470a7aa47f649f4fe10fe13dbfba445b46e71eb7__粽子菇__v452__scooter__0475c49d__c0.mp4,0.20178,0.21582
base-noprop__db8692607b532a06def0a9c28e842cfc4dbca1b5__粽子菇__v0__90e65196__c0.mp4,0.494708,0.509098
exact-r1__32c709f75cca177d6ecdd8d8c6010b7f68a74ab7__吐司菇__v337__glasses__b3a1493e__c0.mp4,0.248775,0.296628
base-noprop__36eb6a2b312cae414c0f305a4fd633fb23cd8654__蘑菇力__v0__ef35bbdf__c0.mp4,0.157629,0.162293
exact-r1__23da2230a72cefbf4cfaa971a6d3952246086a5c__汉堡菇__v223__eyemask__7a57961d__c0.mp4,0.11947,0.182457
exact-r1__16eade7b0e21611f64303c64853bbd35f887019e__爆炸菇（爆炸前）__v147__glasses__a5e6108f__c0.mp4,0.244308,0.285571
exact-r2__ed513c133759343ab1260e918b82fed8e1b08af0__汉堡菇__v1489__bubble__1436c561__c0.mp4,0.196688,0.296695
exact-r1__5e251213a13de31edf2e489d219063a9041511e3__炸虾菇__v589__coffee__0ec22905__c0.mp4,0.275608,0.282957
exact-r1__f9d979263ca90b8d782fab2b3ee4583fc05533f7__爆炸菇（爆炸前）__v1573__bubble__9842ef1a__c0.mp4,0.16992,0.176324
exact-r1__73bf249242912f0ade61fe547d0e5e069f3f56b6__爆炸菇（爆炸前）__v729__eyemask__e8f17ff7__c0.mp4,0.334179,0.348398
exact-r1__66d87cc94688950f69cb883873f0307161008b73__爆炸菇（爆炸后）__v654__flag__ca7185cd__c0.mp4,0.44975,0.459684
base-props__4cb113661e22673b72a3e13f60cc0f8202bd9de8__爆炸菇（爆炸前）__v278__crown__ebb8e940__c0.mp4,0.120733,0.112925
exact-r1__5db4894bfeddbd04cfb6a00ed191a0e8200cac35__吐司菇__v587__scooter__ab3fa636__c0.mp4,0.413441,0.440926
base-noprop__04febc3ea3e866abdf75b3fab9b881e8f80a980a__爆炸菇（爆炸前）__v0__c726f2a4__c0.mp4,0.043683,0.180596
exact-r2__49e4303b44fcc27a48dcbb9fedc8fd22431b34ff__粽子菇__v472__glasses__e8cc5d52__c0.mp4,0.465169,0.511028
exact-r2__16597e08fbe04aa1b1563b4418564d5f7378092e__爆炸菇（爆炸前）__v144__glasses__c1085498__c0.mp4,0.080514,0.200744
base-props__b2dc2ae872b575489bad295a459616c0acd91ca9__粽子菇__v714__flag__d6ba270d__c0.mp4,0.088825,0.095853
base-props__a72599b49c4b660f3e5b470ed5a8d66283fa20c5__汉堡菇__v676__eyemask__5aabc100__c0.mp4,0.09366,0.132312
exact-r2__92701c4890bfa8037986aa613bac5b8b817f1d93__汉堡菇__v913__crown__84118245__c0.mp4,0.563775,0.594146
base-noprop__30b4282f1742fb0fb6e237b3bacf4fb43522adf0__蘑菇力__v0__d1ed6740__c0.mp4,0.07977,0.14996
exact-r2__c6d551e2f705a7d57a495d15b9431b5db8120bae__汉堡菇__v1242__glasses__46631ac4__c0.mp4,0.376499,0.313347
exact-r1__d0d4cb576fa483b7c2b81f8e6750e75552ba0fa1__蘑菇力__v1295__bubble__ca9dae90__c0.mp4,0.066659,0.145545
exact-r1__56692a18605af2f263d58cc64535e24b96e865eb__汉堡菇__v550__scooter__50136184__c0.mp4,0.22939,0.315296
exact-r1__da18f49b2e5b88e15d50da1b25bdc798e18021b7__汉堡菇__v1365__flag__626e9903__c0.mp4,0.159068,0.162971
exact-r1__a9816777eac0a4b87543f0fe4ad36edf6b92ca8e__吐司菇__v1049__crown__a8d4e42e__c0.mp4,0.502786,0.486365
exact-r2__c1f249311adad45f3c16099a7e9941c56910a7a1__爆炸菇（爆炸前）__v1208__coffee__eb648246__c0.mp4,0.392192,0.437013
exact-r1__740682cd2158ca2b38b0a802130d0921d6fa1c72__爆炸菇（爆炸前）__v730__eyemask__91da29c3__c0.mp4,0.497107,0.503123
generic__1d5a1c958b3030b64164f55cfb9fdefdf2716651__汉堡菇__v107__flag__30c943b7__c0.mp4,0.249788,0.320227
exact-r1__15f75abcba4174a7e03174d2ba8fa27b95e7f5ff__爆炸菇（爆炸后）__v140__crown__f2bea4e2__c0.mp4,0.140019,0.147118
base-props__3ea8cf079e959693153dd04695b6f05e21f1dca3__爆炸菇（爆炸前）__v230__eyemask__1ad1dfde__c0.mp4,0.059021,0.146763
generic__7674da5ba81befe4b8a9039e9c6b34219152192f__毒蘑菇__v461__glasses__10f004d9__c0.mp4,0.099074,0.181026
base-noprop__069c5cf6bb44592f056bdb81b4696b1569957312__吐司菇__v0__c3023f97__c0.mp4,0.018782,0.13647
base-noprop__50ad428af3b86412de8a648a8194cebfd6685400__粽子菇__v0__b2b67a8e__c0.mp4,0.382455,0.326607
base-noprop__1cf0944b8af6ac43f6f7e794a0d68118b7de888c__蘑菇力__v0__56730c75__c0.mp4,0.053881,0.135021
base-noprop__190a31ba334eafd595032f1742e0cdf9b9183281__粽子菇__v0__de8138ae__c0.mp4,0.233013,0.277363
exact-r2__d9657e5af5e0c9e5c71b7d15425af2bf7fc9de96__炸虾菇__v1360__flag__4356cda3__c0.mp4,0.082997,0.16381
exact-r2__7628869560a690af823a1191809985375c8a2ef9__爆炸菇（爆炸前）__v740__eyemask__36459805__c0.mp4,0.152859,0.165507
exact-r1__7eb0cbcd233663ee2c8dede4eb336850b156427c__炸虾菇__v789__glasses__d984c552__c0.mp4,0.111746,0.170955
base-noprop__db8692607b532a06def0a9c28e842cfc4dbca1b5__汉堡菇__v0__8fdf6456__c0.mp4,0.319366,0.347887
exact-r2__49fef35b1c962aa22fdd2b3411e53134117a62b6__粽子菇__v473__glasses__c4511da4__c0.mp4,0.227045,0.294542
exact-r1__631681b89d48f73fa9b84e8c908a589e6776cc2c__炸虾菇__v623__scooter__b2f7c4c3__c0.mp4,0.2506,0.31142
generic__13c5ef355a4677fd006d158853aae7228ec89353__炸虾菇__v71__crown__f2952d0d__c0.mp4,0.068475,0.099951
exact-r2__162906640246ef44f99db4ad49276c513665eb1e__蘑菇力__v142__glasses__889682a9__c0.mp4,0.04282,0.118724
base-props__51be5b142d9021a3c446702d354fabdf42630fa9__汉堡菇__v304__scooter__97551c71__c0.mp4,0.093924,0.153884
exact-r1__a94f2d44020fa35457be6626fc3248c0fb05adda__吐司菇__v1048__crown__8c48cfa2__c0.mp4,0.255493,0.285643
exact-r2__c1c8f50e04d9360f9734313b06780f6e0609fa1f__爆炸菇（爆炸前）__v1207__coffee__58598a42__c0.mp4,0.219079,0.268766
exact-r1__6e9d7ffcb3adf3ebcb80c8b5da0520ff83d8b419__汉堡菇__v702__coffee__d2e63cfc__c0.mp4,0.183554,0.202831
exact-r2__c58718035188222cb4ab5a2959917a6fbd3f600b__汉堡菇__v1231__glasses__fe3a03d2__c0.mp4,0.316544,0.264785
base-noprop__479cfaa7ed9751d704a007cccb8dbebcb4fc8765__粽子菇__v0__19c8cd35__c0.mp4,0.041702,0.160157
base-props__938e01d47782dafc5547713c187bfbca30a0ae08__爆炸菇（爆炸后）__v589__coffee__38b5420d__c0.mp4,0.043287,0.077117
base-noprop__2276ebe5ea41733077c3d5d88d4cdb9e6f3ef7ef__炸虾菇__v0__8065a18a__c0.mp4,0.032187,0.121477
base-noprop__9ff16bd9837162a31625505a37953b6d7b6f8bcd__炸虾菇__v0__7e850bd2__c0.mp4,0.182083,0.167212
exact-r1__b64e927b147755fae3afe21af5cf55d4d3d529a1__毒蘑菇__v1133__crown__25f11caf__c0.mp4,0.09696,0.193394
exact-r1__f0f77d545e150bcc231192eafd1e15432b3925f3__毒蘑菇__v1516__glasses__e077c6f2__c0.mp4,0.403554,0.446915
base-noprop__28b20a51fc5023872d19e739ff97172cffc064d5__毒蘑菇__v0__cf7134e7__c0.mp4,0.096984,0.160099
base-noprop__c82f72947167e88ffd436a39531a14abf6dee6cf__炸虾菇__v0__9394005f__c0.mp4,0.051462,0.132925
exact-r2__b5f3ed9751741b54d2b7860eb77b985aaee98b64__粽子菇__v1128__bubble__6e70acea__c0.mp4,0.109109,0.245471
generic__d424d1f21129cb4f5e1724780bc7368fa90c14e9__炸虾菇__v813__scooter__d1ace2f7__c0.mp4,0.149614,0.134498
exact-r1__15e6b3460ae8a842ce658edab362da80dbccd4dd__爆炸菇（爆炸后）__v139__crown__e9064bc2__c0.mp4,0.292172,0.292541
exact-r1__d1758c15bc02c270105a3d17b4eb3accdc5cee71__蘑菇力__v1300__bubble__af98eeec__c0.mp4,0.114563,0.173092
exact-r1__01a6567f10a570751973e6ec60ed6bde441ec10f__爆炸菇（爆炸后）__v14__eyemask__90e390c5__c0.mp4,0.60442,0.554387
base-noprop__2a80b5bbf9bfc43cc9607c64804c1876ee75a6f2__毒蘑菇__v0__890c7aff__c0.mp4,0.11766,0.118984
exact-r1__b5f3ed9751741b54d2b7860eb77b985aaee98b64__炸虾菇__v1128__bubble__06bbf296__c0.mp4,0.187612,0.217431
base-noprop__fa699bfb0ad829980890a6fa14ad0c0db8626180__炸虾菇__v0__496ebfd6__c0.mp4,0.364937,0.276384
exact-r2__6e00099ba07748932bf2cc8af1fceef62e8038f4__汉堡菇__v700__coffee__771ca631__c0.mp4,0.291414,0.308302
exact-r1__753c5537a0badf41766fc2e264e9432a3b9c71fb__爆炸菇（爆炸前）__v735__eyemask__cf61d26d__c0.mp4,0.166077,0.279116
exact-r2__10c0ac04aeb5d2daab305c2cf0c7c468606b21ab__蘑菇力__v100__coffee__edadca69__c0.mp4,0.144408,0.25766
base-noprop__f64e1c17ba334819ca417f708e64e97d2aba7b05__粽子菇__v0__e05364c5__c0.mp4,0.268127,0.303678
generic__929b88500dd26c68400cb2ef5015e7db4f37d194__汉堡菇__v586__coffee__880a1ceb__c0.mp4,0.128962,0.270942
exact-r1__f142944f6415cf4e140989e4620f7f0f23645f52__毒蘑菇__v1518__glasses__b904a7f8__c0.mp4,0.111303,0.141165
exact-r1__f5ba1ce13b37950d02d7e32e049506ff144abc71__蘑菇力__v1549__eyemask__52d2a75b__c0.mp4,0.109621,0.174692
base-props__e6a6c1053d5efe2e36d668270cf9f895b650e2a1__炸虾菇__v898__glasses__1df276f6__c0.mp4,0.284469,0.325386
exact-r1__1669dffeba5d47e88d54192d09226ea6f70233e4__爆炸菇（爆炸前）__v145__glasses__ce84e222__c0.mp4,0.32697,0.370769
exact-r1__b84a69fca80b7f3ae9dfc999d5b9896f6e7dc072__毒蘑菇__v1148__crown__0de8e285__c0.mp4,0.216582,0.247666
generic__e6a6c1053d5efe2e36d668270cf9f895b650e2a1__炸虾菇__v898__glasses__1df276f6__c0.mp4,0.276271,0.264974
exact-r1__28b269cb428b398ae0c461d34d9e6daeeb15dd1c__蘑菇力__v265__flag__6d808d89__c0.mp4,0.240932,0.222125
base-props__edb1f0c36ee48806d99094bace7f3423c10bdc39__毒蘑菇__v925__eyemask__b5908fb5__c0.mp4,0.117051,0.147507
base-noprop__90d2739dfb7858927d0f47919eb4bdb9a91380c7__汉堡菇__v0__4d85415b__c0.mp4,0.100323,0.167068
exact-r1__48edbebb09f4066019f3a893bd82184d9bdce8fd__爆炸菇（爆炸后）__v465__glasses__5508a275__c0.mp4,0.42193,0.423976
exact-r1__ee8ee8f76cc09b62de2c6369c4fbcd0529c0add0__汉堡菇__v1498__bubble__80085a36__c0.mp4,0.378449,0.363717
exact-r1__a6a9bd897b2a6026ea017159b23d6fe4508c6aef__吐司菇__v1030__crown__5bf3e723__c0.mp4,0.031642,0.126649
exact-r1__5e7b79559f6cc44daddac102e8d214b2aa09cd33__炸虾菇__v591__coffee__6014f87c__c0.mp4,0.104136,0.159504
base-noprop__24dc1f3ba782c8b6cd325590627ea2ed97b93833__蘑菇力__v0__e1721d9a__c0.mp4,0.057946,0.18443
exact-r1__db2ea9a59f8d9bd142cf6ccf99304afecb1195d6__汉堡菇__v1371__flag__8c1c5bef__c0.mp4,0.240165,0.291693
generic__edcc9cb357e76382c3dd66231b56a5f4c6ef4e4b__毒蘑菇__v926__eyemask__c1ae514b__c0.mp4,0.166912,0.285964
exact-r2__3373ae9e4de4dce88d5624681a41f79ac07484f3__蘑菇力__v342__scooter__c3ace3d5__c0.mp4,0.078242,0.124971
generic__c52c60db374d20e0b184bfe3476d54058ae4bf84__炸虾菇__v773__eyemask__4650b901__c0.mp4,0.052426,0.130519
exact-r2__986d912c264847e31c8f18a969d28d6c5bfafc3a__毒蘑菇__v943__bubble__ecab9665__c0.mp4,0.070428,0.143866
base-noprop__f4d25ec51527a18f0ee61a4803329a4966535857__汉堡菇__v0__73001002__c0.mp4,0.106728,0.140222
exact-r1__0482215a70d10901557fd35bdf33f91d111c8bcb__粽子菇__v30__coffee__d4ee31e5__c0.mp4,0.051448,0.135377
exact-r1__c222c0506a97b7a9e8e24f8b8a715d3bd0ecbd85__爆炸菇（爆炸前）__v1213__coffee__f5015232__c0.mp4,0.44643,0.501245
exact-r2__91c39501adafbba839f83b6334e1af2e954a86dc__爆炸菇（爆炸前）__v905__flag__04bc6241__c0.mp4,0.451289,0.385859
exact-r1__5f7637850af2f16c03eff8c6fe0c95f65698bcd6__吐司菇__v596__scooter__5cdcac5c__c0.mp4,0.08411,0.162763
exact-r1__15f75abcba4174a7e03174d2ba8fa27b95e7f5ff__蘑菇力__v140__glasses__5c91f6c0__c0.mp4,0.086406,0.193525
generic__56bc114155a57e47100a6759d7b78d0befdb0a1f__蘑菇力__v330__eyemask__3f293437__c0.mp4,0.176945,0.231622
base-noprop__76415b1f87ca2c2e1e9c5810464d613f3664583d__炸虾菇__v0__cb4effac__c0.mp4,0.252046,0.283528
base-noprop__069c5cf6bb44592f056bdb81b4696b1569957312__蘑菇力__v0__043ce7ea__c0.mp4,0.02596,0.142289
exact-r2__655591f8a2e3f43e7dd87e08844065a68a1b8e56__爆炸菇（爆炸后）__v642__flag__3196f35d__c0.mp4,0.169268,0.209604
exact-r1__350cfd2dd11a55bba310df263eb011f378987693__爆炸菇（爆炸后）__v352__coffee__114e6de4__c0.mp4,0.182964,0.264882
exact-r1__45f95e4ccfc9b15e50ac6f5d00e336f2b5909182__吐司菇__v441__bubble__e2d9b949__c0.mp4,0.146495,0.207022
exact-r1__f9d1eed7993e0d88c26d3e6c260e0c2c09acd66b__爆炸菇（爆炸前）__v1571__bubble__655e7834__c0.mp4,0.207644,0.301939
exact-r2__2827cec8374948e9be93fdc1bcf8e9a4b6e4d53c__蘑菇力__v261__flag__2b162223__c0.mp4,0.058427,0.093783
exact-r1__a8b82dd68a55ba601c87031486af04c63ac9aca8__吐司菇__v1044__crown__e4c8e642__c0.mp4,0.160825,0.220699
exact-r1__c303d68368ab9ff7234ad0a2eedb6c8a148c23e3__爆炸菇（爆炸前）__v1219__coffee__4431c54f__c0.mp4,0.389053,0.392281
base-noprop__44edcc4beb7d88d66db3fdea1b606a12e64017fd__毒蘑菇__v0__10f0910b__c0.mp4,0.33772,0.300075
exact-r1__4691ed1843f8b20fbb9d94d74fa655f6e6d960bb__爆炸菇（爆炸后）__v447__glasses__95e1fb58__c0.mp4,0.346274,0.339368
base-props__546296f7917ec182336f629d3d0c02436cb741ca__汉堡菇__v315__scooter__5d2f2681__c0.mp4,0.05913,0.143131
exact-r1__38893d9278824c10a21ee9ebcd4e3948322f309c__粽子菇__v369__flag__c8bd46c7__c0.mp4,0.158968,0.231905
exact-r1__49e4303b44fcc27a48dcbb9fedc8fd22431b34ff__粽子菇__v472__glasses__e8cc5d52__c0.mp4,0.515027,0.532279
exact-r1__32dd046cc33c87913a63ceb3d332e99d5929fcfb__蘑菇力__v338__scooter__0fb48165__c0.mp4,0.440406,0.443551
exact-r1__64b07342bed2a0f5328e22964e543dfbed747f94__爆炸菇（爆炸后）__v632__scooter__0df343bf__c0.mp4,0.157557,0.197969
exact-r2__fbc6cc3e6f358627d84bb3511700ab79cfb3a214__爆炸菇（爆炸前）__v1587__bubble__942f9369__c0.mp4,0.085186,0.157271
exact-r1__f209495c1245dd50d55278984d059d319d10dcab__毒蘑菇__v1522__glasses__b71ee6e0__c0.mp4,0.332971,0.339737
generic__aeecb7505b781f5cf42bce5705d3f3bc18c53b56__毒蘑菇__v701__bubble__42af22f1__c0.mp4,0.067431,0.128289
exact-r1__336d65b0699f567902b54ca9b3d4fd081d7a57d0__吐司菇__v341__glasses__4e1a2319__c0.mp4,0.167268,0.215378
exact-r1__c345c8555877102cc1df8b6cecd5496eba097b0f__爆炸菇（爆炸前）__v1221__coffee__acd00226__c0.mp4,0.214541,0.282709
exact-r1__ef42d53ed8b791605eae85aa1492240bd9a4a695__汉堡菇__v1502__bubble__5afa3d17__c0.mp4,0.187203,0.195329
exact-r1__ed2aed62a6cc33d8917e875c075f9a9da2079de2__汉堡菇__v1487__bubble__d6169561__c0.mp4,0.070061,0.123668
exact-r1__5f7fb1ceb4b48f45e4f8bd8b3b86312976e2872e__吐司菇__v598__scooter__b4fb54ed__c0.mp4,0.553067,0.589744
base-props__b2678863871b99530ba9e74fef126b3d90508f99__爆炸菇（爆炸后）__v712__eyemask__532028ec__c0.mp4,0.05413,0.145104
base-noprop__36cc3b78b61d9039d9d44b967df0005c6e6e6895__炸虾菇__v0__2eb742cc__c0.mp4,0.158492,0.185205
generic__a5e37a90d98a5994377758364c1e4676cdd9da9a__粽子菇__v673__glasses__0a0c5f9d__c0.mp4,0.104213,0.165797
base-noprop__3b9d1b6c16258908a61bcc8b642c745d0033992e__蘑菇力__v0__7bc8a00e__c0.mp4,0.197775,0.273141
base-noprop__50ee01d3a21af2295c697ffe0dcc9d0e2bd3a001__吐司菇__v0__d0dff578__c0.mp4,0.466864,0.405666
exact-r1__913093deac6198ad65ba3e8925974f83e021d41b__粽子菇__v902__crown__b103009f__c0.mp4,0.18965,0.266375
base-noprop__3eb6d97760f838a366c3ddc9c5fe31024af3ddd6__炸虾菇__v0__b205438f__c0.mp4,0.042922,0.121827
exact-r2__18ee7b33c99e2e14a3e82fadee1bea64ceed5ede__蘑菇力__v156__glasses__69bca2c2__c0.mp4,0.273598,0.302082
exact-r1__db11bfdaff5a33e9c9c53b4ad74b99097274fdf5__炸虾菇__v1370__flag__7aabbc36__c0.mp4,0.118382,0.214355
exact-r2__b5d14e764b870261aa66c7becd1030cb7dd3aff1__炸虾菇__v1127__bubble__35558177__c0.mp4,0.053509,0.143174
exact-r1__044176e563bd0ca37fa16a6ebe34899138633a40__粽子菇__v28__coffee__6edeef2d__c0.mp4,0.313844,0.361195
base-noprop__182f83da0bcf36703e4fd5d1e28bc4008296ecaa__爆炸菇（爆炸后）__v0__95b8842a__c0.mp4,0.191956,0.163789
exact-r2__c2e9ae96e46e8d80f334d387a13cdcd4b79f15cd__爆炸菇（爆炸前）__v1218__coffee__09c07fe3__c0.mp4,0.539945,0.516483
base-noprop__cf4cabe622b3f02cfc5256b5fcd31ea8829ff9ce__爆炸菇（爆炸前）__v0__f0af4e74__c0.mp4,0.144045,0.190344
exact-r1__327185ae5318bfb2ef8e016f01872c878d2c1fa3__爆炸菇（爆炸后）__v334__coffee__7dec34e4__c0.mp4,0.124865,0.180875
base-props__dad4cc0c224921ba2b3e9a82d69f6789dfd1c559__汉堡菇__v847__bubble__069a15c5__c0.mp4,0.173314,0.298263
base-props__c02ecf1932815596cda24fe2696288e3a709c5c2__粽子菇__v757__bubble__942bb2b6__c0.mp4,0.048442,0.141582
base-props__56bc114155a57e47100a6759d7b78d0befdb0a1f__蘑菇力__v330__eyemask__3f293437__c0.mp4,0.197944,0.252832
exact-r1__14befe3436b0276fac0d9e75b9e101c8a7c7b858__爆炸菇（爆炸后）__v127__crown__9788bf56__c0.mp4,0.530469,0.513054
base-props__5fcaed1021788750740eaf4cb963c907ca733dc2__爆炸菇（爆炸前）__v363__flag__f28a34da__c0.mp4,0.164448,0.178566
generic__58c718f0a628fc78ed40a56ba41c1f7d385533e5__爆炸菇（爆炸前）__v336__bubble__c8edfdd6__c0.mp4,0.114806,0.139188
exact-r1__747711b7d7d492e548ee9d327fa617d3cbb1993f__爆炸菇（爆炸前）__v731__eyemask__66c62407__c0.mp4,0.448931,0.403059
exact-r1__7595de653201daf792ae964617d76e0bd71d2d72__爆炸菇（爆炸前）__v736__eyemask__52c3ff56__c0.mp4,0.159452,0.259678
base-props__e6e98683f20bb8f7f894e3c8abc003b9df6e8bcf__炸虾菇__v899__glasses__b0bc1b47__c0.mp4,0.059286,0.122249
base-noprop__3ab5e095ea7925663c71572cdf310f6c6d4c208d__汉堡菇__v0__7da88e0b__c0.mp4,0.147782,0.264881
exact-r2__91bc629c078edf731cebd1b7daf8cf84bcd0876c__爆炸菇（爆炸前）__v904__flag__c3df8e13__c0.mp4,0.366124,0.313818
base-props__58c718f0a628fc78ed40a56ba41c1f7d385533e5__炸虾菇__v336__coffee__07074ac5__c0.mp4,0.117798,0.162162
exact-r2__b84a69fca80b7f3ae9dfc999d5b9896f6e7dc072__毒蘑菇__v1148__crown__0de8e285__c0.mp4,0.260293,0.315388
exact-r1__023469929148db26d79450784cecf5409c4507e4__爆炸菇（爆炸后）__v18__eyemask__fe0d0e87__c0.mp4,0.183996,0.199559
exact-r1__d4ef2d75cf545b684243814b292532151f86acb8__炸虾菇__v1324__crown__071d7250__c0.mp4,0.281895,0.360932
base-noprop__02649510b01d521437d95658981d30da7d35fe3b__爆炸菇（爆炸后）__v0__9d0e47fe__c0.mp4,0.476221,0.448885
exact-r2__b7d6465a8b59608365b430ec044d2fd40916aca4__蘑菇力__v1146__crown__d5a033a7__c0.mp4,0.374967,0.367917
base-noprop__0ab9e3bf089c71e2d454a42c0c8b656934192f80__蘑菇力__v0__f7acf8d6__c0.mp4,0.500701,0.463093
base-noprop__507ce1e393891e0f47c90aad7b6087098ce6304a__汉堡菇__v0__fcd4e0ac__c0.mp4,0.092688,0.146836
base-noprop__5626b130f196987d62f6d0c5c5db38f271c3a918__吐司菇__v0__8e02cd71__c0.mp4,0.068035,0.098631
exact-r1__088126bb925ec5269e2324b070d94c3ec44007e1__爆炸菇（爆炸前）__v51__crown__b17426ab__c0.mp4,0.460725,0.467284
base-noprop__0b0e83bd494c16e5170e432e0697b925efbac110__蘑菇力__v0__161d7dc4__c0.mp4,0.170756,0.25899
exact-r2__e5b3f1c2313f2de2d3a73d70859e4579fa6b248d__吐司菇__v1446__eyemask__ebabc90a__c0.mp4,0.080605,0.143976
base-props__432eff82630f4ea5c677143ac7a2c056c203e209__爆炸菇（爆炸前）__v246__eyemask__7d24a326__c0.mp4,0.091568,0.151067
exact-r1__a898e53d3c72c465b4580f2451c16978e1bd1300__吐司菇__v1042__crown__c8ab1e44__c0.mp4,0.084409,0.117238
exact-r1__62f72d5c5cf16e8ea21e0dfa14695d0513a55d09__爆炸菇（爆炸后）__v622__scooter__6ad027f4__c0.mp4,0.145284,0.189124
exact-r2__64f05b3d914bb69ca68d1d101fb3ac8bca6ac483__炸虾菇__v637__scooter__6ecc2e35__c0.mp4,0.1616,0.18195
exact-r1__55b892894205e7750a2404361426cb70179f139d__汉堡菇__v543__scooter__092fbc76__c0.mp4,0.359703,0.376661
base-noprop__682f7d8fb59392161e4d92c0884afcd19b380053__爆炸菇（爆炸后）__v0__b8c849c5__c0.mp4,0.180867,0.257151
base-noprop__1d44abeca76e96eae0662cfdcbc0c67000cc6687__蘑菇力__v0__b27295fd__c0.mp4,0.127706,0.158388
base-noprop__2b1e211233b0f0264e4dfff6fc8d00725b5b956c__吐司菇__v0__5d64f6ca__c0.mp4,0.042027,0.079711
base-noprop__546296f7917ec182336f629d3d0c02436cb741ca__毒蘑菇__v0__5c44f4b6__c0.mp4,0.105368,0.144223
exact-r1__d4b4dc72228046a3528be5b1403d1447c286b9fb__炸虾菇__v1322__crown__384fe161__c0.mp4,0.26988,0.332741
exact-r1__f098f956c8048e901cfef55e3a9c2c1ae2f2ea2b__爆炸菇（爆炸前）__v1512__scooter__23c2e1b2__c0.mp4,0.314658,0.327711
base-noprop__2e743de79a09fe6b92bd9666baeed5733a188d07__蘑菇力__v0__8feb5e45__c0.mp4,0.219532,0.256753
exact-r2__7c8a526968954350424479b1f22cb0375632bc6e__炸虾菇__v775__glasses__253cc752__c0.mp4,0.381372,0.358339
base-props__db8515de9bb0464fda393bf87d44ee920714f2f6__汉堡菇__v851__bubble__5c7bd097__c0.mp4,0.118707,0.202257
exact-r2__32c112ea6a7834b77a3fc31159f3dd43a4eb76c4__蘑菇力__v336__scooter__9ac3841d__c0.mp4,0.067523,0.166004
base-noprop__2e743de79a09fe6b92bd9666baeed5733a188d07__吐司菇__v0__6eacff99__c0.mp4,0.455378,0.424861
base-noprop__454fa8dcb586fe5bba7dc4c8fc5beac333fb8f52__吐司菇__v0__a2af9ca9__c0.mp4,0.079357,0.174984
base-props__558e28ebbd5a1e6d7bade4cd30fc31f3ed07c04a__炸虾菇__v322__coffee__40a329ec__c0.mp4,0.061488,0.108352
exact-r1__b901df6d48d37ba439b3b2ce4f18d1b9073a8d64__蘑菇力__v1155__crown__7785cc21__c0.mp4,0.300423,0.379937
generic__ab6f99c5549581a128ce6f74321624ef1458176d__汉堡菇__v685__eyemask__62d9e5a4__c0.mp4,0.438684,0.488777
exact-r2__48043cd413298bba118f12d7404a3ad3aeeeb310__粽子菇__v458__scooter__614502c4__c0.mp4,0.090844,0.142638
base-noprop__85485675b9afc7fa463bca0fd81c644d405acb2e__汉堡菇__v0__d3305c19__c0.mp4,0.074277,0.163338
base-props__58c718f0a628fc78ed40a56ba41c1f7d385533e5__爆炸菇（爆炸前）__v336__bubble__c8edfdd6__c0.mp4,0.136933,0.163935
base-noprop__454fa8dcb586fe5bba7dc4c8fc5beac333fb8f52__毒蘑菇__v0__9f031f3a__c0.mp4,0.129896,0.177199
base-noprop__3dae41227ff60a4b209b7b13235ac3a5ab6a6106__炸虾菇__v0__61feb769__c0.mp4,0.344184,0.318871
exact-r2__023469929148db26d79450784cecf5409c4507e4__爆炸菇（爆炸后）__v18__eyemask__fe0d0e87__c0.mp4,0.330609,0.376816
generic__9161487675b9294bb3a885ec183ef372cb601cf9__爆炸菇（爆炸后）__v577__coffee__1fac04fd__c0.mp4,0.256721,0.322292
base-noprop__c82f72947167e88ffd436a39531a14abf6dee6cf__汉堡菇__v0__cc39d456__c0.mp4,0.051409,0.136424
generic__de80684a473a7265e3fc6883d1373c22b31a0ac7__爆炸菇（爆炸后）__v868__scooter__2f2097c4__c0.mp4,0.258864,0.310102
exact-r1__c2b078adef47b737301102b36a43fd20619e975a__爆炸菇（爆炸前）__v1217__coffee__f853d071__c0.mp4,0.216781,0.292199
exact-r1__fb7a38929f54df6df3760fa91fdb2d30eabcc549__爆炸菇（爆炸前）__v1584__bubble__10e67213__c0.mp4,0.451498,0.463929
exact-r1__7c07e942a4d471b0e172f1847b7e35ab7ca9e40c__炸虾菇__v773__glasses__3fd44a04__c0.mp4,0.11001,0.18421
generic__b2dc2ae872b575489bad295a459616c0acd91ca9__粽子菇__v714__flag__d6ba270d__c0.mp4,0.154688,0.174624
generic__b4922b313b5f45658c57e964eec6e061ed1c765b__粽子菇__v718__flag__a54f5f92__c0.mp4,0.142217,0.200722
exact-r2__6e9d7ffcb3adf3ebcb80c8b5da0520ff83d8b419__汉堡菇__v702__coffee__d2e63cfc__c0.mp4,0.111279,0.223979
base-noprop__55b63d472e9f15d5bcd1f672b7144ce1726da2f2__炸虾菇__v0__67c3a118__c0.mp4,0.217355,0.316129
exact-r1__01a1dddba7c4429fdbe1cf4a4efc2c79bf9ea344__爆炸菇（爆炸后）__v13__eyemask__4b7eb00f__c0.mp4,0.48717,0.471317
base-noprop__58c718f0a628fc78ed40a56ba41c1f7d385533e5__蘑菇力__v0__f9a43a57__c0.mp4,0.107617,0.156645
exact-r1__950a434a553298a5568a9f659ffd1cb7eb0d5940__汉堡菇__v927__crown__2047a56f__c0.mp4,0.460913,0.494062
base-noprop__45ec56f5f20bca20bb45a07b0652cb24f9a8a27f__吐司菇__v0__aacbe02d__c0.mp4,0.116066,0.1707
generic__b166561176afda3a52cc9957753e6b2a097c6778__爆炸菇（爆炸后）__v708__eyemask__f8083751__c0.mp4,0.016277,0.116781
exact-r1__709e89aa3bf0db47d57dbae7b7494dc8e7b7db40__吐司菇__v710__flag__0ea85577__c0.mp4,0.08895,0.154067
base-props__b2678863871b99530ba9e74fef126b3d90508f99__爆炸菇（爆炸前）__v712__glasses__aeeab5ab__c0.mp4,0.070038,0.154444
exact-r1__171b01e62180767a46c70dc987e6dd7a7b472e97__蘑菇力__v148__glasses__0b94f1a4__c0.mp4,0.257979,0.289995
base-props__deb8dcc91484de67c08304d54dba061741b046a8__爆炸菇（爆炸后）__v870__scooter__b591c40c__c0.mp4,0.124265,0.183779
exact-r2__3373ae9e4de4dce88d5624681a41f79ac07484f3__爆炸菇（爆炸后）__v342__coffee__db864254__c0.mp4,0.231617,0.266218
base-props__aeecb7505b781f5cf42bce5705d3f3bc18c53b56__毒蘑菇__v701__bubble__42af22f1__c0.mp4,0.069395,0.129645
base-noprop__3832d04a1cb8b144cb27edf994f26444ef4fd338__吐司菇__v0__bbb6e489__c0.mp4,0.074423,0.124494
base-noprop__9219b0c92e3aa27066acadae2a241960308a9587__汉堡菇__v0__5a3df089__c0.mp4,0.188704,0.26148
base-noprop__18b6b24b18ae837e3278ec0c2498b4f0c0c457b3__蘑菇力__v0__8d5517a0__c0.mp4,0.287807,0.383418
base-noprop__3d26d6f7fd4d6820fa44e7006dd03dd17e6bf2d7__毒蘑菇__v0__d08350d6__c0.mp4,0.012488,0.073566
exact-r1__d9123fcf5b59450d0a2f6a5ad88295a70a2115f8__炸虾菇__v1355__flag__840b8d48__c0.mp4,0.125762,0.178943
exact-r1__579b7375a39c56aa97ed82de55ae9d9e7096a3db__汉堡菇__v558__scooter__207a7f1a__c0.mp4,0.151225,0.283173
base-noprop__2d2951cd69f3a72e2aae75f1d67be6c3db5f524b__蘑菇力__v0__04136747__c0.mp4,0.169445,0.184212
generic__36eb6a2b312cae414c0f305a4fd633fb23cd8654__粽子菇__v193__eyemask__b2ee2dfe__c0.mp4,0.158061,0.214207
base-noprop__3dae41227ff60a4b209b7b13235ac3a5ab6a6106__爆炸菇（爆炸前）__v0__f138c6ab__c0.mp4,0.278251,0.250914
base-noprop__5cd87e0e73b2c6ed3b794bb426544d934c63d371__炸虾菇__v0__706c5082__c0.mp4,0.354704,0.264598
exact-r1__f0ded2281369569374226c3d97d3dbf8e365ae0a__爆炸菇（爆炸前）__v1514__scooter__468bb4f1__c0.mp4,0.058391,0.145949
base-noprop__3a465276b3c4381b5603d70c17849c8e1edf6d9c__毒蘑菇__v0__ca59e29d__c0.mp4,0.077036,0.163264
exact-r1__e5b3f1c2313f2de2d3a73d70859e4579fa6b248d__吐司菇__v1446__eyemask__ebabc90a__c0.mp4,0.093206,0.145274
base-noprop__b281dc2a1f8e99821ca80a015d7a15c12c8925f9__爆炸菇（爆炸后）__v0__faa2e23c__c0.mp4,0.095292,0.191629
exact-r2__06af112cda638917aeaa3b19f63575e6b2cce87e__爆炸菇（爆炸前）__v41__crown__a6645005__c0.mp4,0.129818,0.169499
base-props__76bedf4133108cb9d6353392af2c7cc998863e38__毒蘑菇__v463__glasses__c059a95f__c0.mp4,0.084942,0.095826
generic__143077ed5c3203470357eefbac685c008578ef31__炸虾菇__v73__crown__15d9b9b3__c0.mp4,0.082105,0.117382
exact-r2__62671de5d59372c360feb3d41db56086df4cc5db__毒蘑菇__v619__scooter__25ffefbe__c0.mp4,0.084882,0.127956
base-noprop__c884f9c5b1342e1e182de98d0015811298454d88__爆炸菇（爆炸前）__v0__9ae9d662__c0.mp4,0.351691,0.335691
exact-r1__795ea87e86ea2b176586612ac5417582a9a6aade__毒蘑菇__v756__flag__8e4f927d__c0.mp4,0.425851,0.413295
exact-r1__1d10d72beff724875190e76c7f3249168d25a97a__毒蘑菇__v177__coffee__2132b6bd__c0.mp4,0.474268,0.436521
exact-r1__bea16ddc55c518bfb574989e59f234823ae28270__爆炸菇（爆炸后）__v1191__bubble__803eb796__c0.mp4,0.185786,0.209657
base-props__9161487675b9294bb3a885ec183ef372cb601cf9__爆炸菇（爆炸后）__v577__coffee__1fac04fd__c0.mp4,0.19192,0.285455
base-noprop__746da3c174acbb5da8858bffe05b68335dae3406__炸虾菇__v0__c02853d7__c0.mp4,0.155915,0.175305
exact-r1__f11cad00ba6f8dcd0db7e9dfcdef26e58638052e__毒蘑菇__v1517__glasses__64600409__c0.mp4,0.344924,0.408003
exact-r1__fbc6cc3e6f358627d84bb3511700ab79cfb3a214__爆炸菇（爆炸前）__v1587__bubble__942f9369__c0.mp4,0.060649,0.165982
exact-r1__34b54af8a5899c7c22353eaac7f1689280af08bd__爆炸菇（爆炸后）__v350__coffee__49e9409c__c0.mp4,0.088169,0.185304
exact-r1__7bbc9c358d454f3c1ceed7e6ea827dd046ac387a__炸虾菇__v770__glasses__7907da6c__c0.mp4,0.360147,0.342596
base-props__93cc4475cf0b1f25f9c50b862890b75be78a9117__汉堡菇__v590__coffee__8a5d7974__c0.mp4,0.315597,0.29846
exact-r2__eef6582250281f857a30d36d3c833cdc382e7548__汉堡菇__v1499__bubble__7c8ac50f__c0.mp4,0.111203,0.160437
exact-r2__2542b9c5635f6f39a49c3380e72384f78fd1c0d8__炸虾菇__v238__eyemask__d9177803__c0.mp4,0.208754,0.208912
generic__e9b94ecc359c2f277ccefaf7095c17b14b261bcc__炸虾菇__v909__glasses__5feb0285__c0.mp4,0.127222,0.188565
generic__a72599b49c4b660f3e5b470ed5a8d66283fa20c5__汉堡菇__v676__eyemask__5aabc100__c0.mp4,0.152902,0.205001
exact-r1__d2f00eb058f9ce3ba98cf2152e90a803a48e4864__炸虾菇__v1307__crown__79805e5c__c0.mp4,0.24695,0.181029
exact-r2__d002e5583f41453bb83d542e6e3c5c3cb84670c8__蘑菇力__v1292__bubble__eaf7d752__c0.mp4,0.412702,0.351623
exact-r1__fa895dd3bc8c19e16913e0bfdac80c37eee8f48d__爆炸菇（爆炸前）__v1580__bubble__5076be28__c0.mp4,0.077996,0.166371
exact-r1__d8ebb40a2bf7371ffc294d56cd2cf23f8c8e7ae7__炸虾菇__v1354__flag__e2ba55a4__c0.mp4,0.298635,0.310123
exact-r2__5309b5b3623be09af91500fec7ff1ea85ea1fd9e__吐司菇__v519__coffee__4483e077__c0.mp4,0.133883,0.180023
base-noprop__33159c17b1b4cc97be3acad43a606bfdc0461807__爆炸菇（爆炸前）__v0__16f6b2cf__c0.mp4,0.099748,0.162557
base-noprop__55b63d472e9f15d5bcd1f672b7144ce1726da2f2__爆炸菇（爆炸前）__v0__59d095a4__c0.mp4,0.240498,0.308929
exact-r1__ef3bed0365ebd4b143e559e9f65fdd3902b7cb46__爆炸菇（爆炸前）__v1501__scooter__163de21a__c0.mp4,0.532765,0.569369
base-noprop__b362aa39df3475305cfa9e011880de6337fbfc66__爆炸菇（爆炸后）__v0__1aa9dadb__c0.mp4,0.051583,0.097646
exact-r2__5e7b79559f6cc44daddac102e8d214b2aa09cd33__炸虾菇__v591__coffee__6014f87c__c0.mp4,0.141062,0.16046
generic__36be73a15cf37206fd7e42ba1a164bb08d4ac477__粽子菇__v192__eyemask__a30556fd__c0.mp4,0.025446,0.096684
base-noprop__51be5b142d9021a3c446702d354fabdf42630fa9__吐司菇__v0__865f9652__c0.mp4,0.083015,0.085088
exact-r1__6fe20e2fef23842efac23fc9d37968e3342aa84b__汉堡菇__v709__coffee__de61ba80__c0.mp4,0.153228,0.193583
base-noprop__7d7630861f0f92a7a3103fc3527dbadc1c0cdc15__爆炸菇（爆炸前）__v0__d33c8c20__c0.mp4,0.122359,0.153367
generic__5fb311357441af70b6b5eaa1482d7a943ed2f0ac__爆炸菇（爆炸前）__v362__flag__46fe29b1__c0.mp4,0.072018,0.130979
exact-r2__f098f956c8048e901cfef55e3a9c2c1ae2f2ea2b__毒蘑菇__v1512__glasses__f866fd2d__c0.mp4,0.252806,0.273059
generic__b2678863871b99530ba9e74fef126b3d90508f99__爆炸菇（爆炸前）__v712__glasses__aeeab5ab__c0.mp4,0.053398,0.108055
exact-r1__bcff16b3ae281c25ac9b572e2d40114a81b50a5b__爆炸菇（爆炸后）__v1180__bubble__54ee6d6e__c0.mp4,0.194435,0.253101
generic__612d49f90c5839a0aeee3644992dde5a2e25df17__爆炸菇（爆炸前）__v370__flag__44b9d3da__c0.mp4,0.098125,0.138779
exact-r2__4691ed1843f8b20fbb9d94d74fa655f6e6d960bb__吐司菇__v447__bubble__317c9c87__c0.mp4,0.095889,0.172142
generic__da845ee71f9cb9c51804ea9e81d440cd088d2805__汉堡菇__v845__bubble__4b8aea7d__c0.mp4,0.172609,0.244994
exact-r2__9044b5fe347fe94eb12e9b0ec747bbc7165f78c0__粽子菇__v896__crown__e3d35b47__c0.mp4,0.709047,0.691399
base-props__b2d3b11f7cc10d19163a3940e12f64f147409d54__粽子菇__v713__flag__5f4b5c50__c0.mp4,0.105841,0.167357
base-noprop__13eda229e23f72de63829ca2a162c20a3b56bf44__吐司菇__v0__64ac0378__c0.mp4,0.150969,0.215247
base-props__30b4282f1742fb0fb6e237b3bacf4fb43522adf0__蘑菇力__v173__crown__17f1e4ea__c0.mp4,0.102517,0.210045
base-props__6347b4fdacef12020e4808533f7022e254119900__吐司菇__v376__glasses__2acf789a__c0.mp4,0.026542,0.13822
exact-r2__6dd3305af84339168c5003d4bf2d991700333485__吐司菇__v699__flag__5a52fed1__c0.mp4,0.289347,0.350088
exact-r2__7595de653201daf792ae964617d76e0bd71d2d72__爆炸菇（爆炸前）__v736__eyemask__52c3ff56__c0.mp4,0.170452,0.258338
exact-r2__923dbea1c7a98f5a1ad632836be7e11ba23c900a__粽子菇__v906__crown__27970c94__c0.mp4,0.075285,0.192722
exact-r2__16eade7b0e21611f64303c64853bbd35f887019e__爆炸菇（爆炸前）__v147__glasses__a5e6108f__c0.mp4,0.167957,0.221935
generic__938e01d47782dafc5547713c187bfbca30a0ae08__爆炸菇（爆炸后）__v589__coffee__38b5420d__c0.mp4,0.091804,0.155567
generic__152077a5b2e9ecb98c83d24bd2c2d3c0ce349e29__炸虾菇__v75__crown__25e13e4c__c0.mp4,0.09595,0.063666
exact-r2__63906d5df56c7aab4ab721f0d0f9233c71af9c5f__爆炸菇（爆炸后）__v626__scooter__3e4bbfb7__c0.mp4,0.063005,0.129515
exact-r2__3439d330fea594468c348215407f915d09361ffb__蘑菇力__v346__scooter__8ffda2ef__c0.mp4,0.079583,0.14856
base-props__9913e00ce076c968bc96c617de2d2d16bf2971d3__毒蘑菇__v622__crown__7885a7b0__c0.mp4,0.309473,0.329799
exact-r1__02eb6b820c7a80e2762b30d738e5e874870367d4__爆炸菇（爆炸后）__v21__eyemask__6453077e__c0.mp4,0.290686,0.361984
exact-r2__b68bd790b0276728d5b0df42061a7a6cb4e51370__毒蘑菇__v1135__crown__27f578bc__c0.mp4,0.211383,0.307829
generic__4f2c68a04c7fdb73063336d8553dc1cd8687e038__汉堡菇__v289__crown__3b0f189a__c0.mp4,0.036202,0.087145
exact-r2__6c56d3daf3ea520dfddd0fa0928d5ae2eebb4661__汉堡菇__v691__coffee__599a3d62__c0.mp4,0.09085,0.194362
base-noprop__08447ead47d19cdf9b918908077ea735b8029732__汉堡菇__v0__096129c7__c0.mp4,0.092221,0.164386
base-noprop__06b0fe368708d4dd8bc44a345d0c8a6765e4dd6e__毒蘑菇__v0__071da0d8__c0.mp4,0.101479,0.134807
base-noprop__19c06779695d253483fe999e0232467a7bbc4669__炸虾菇__v0__3b04dfbf__c0.mp4,0.097148,0.146524
base-noprop__0d8ae407bd2be6cbaf00e2bc407478bbc70e81c2__毒蘑菇__v0__377987ca__c0.mp4,0.049836,0.115491
base-noprop__36eb6a2b312cae414c0f305a4fd633fb23cd8654__吐司菇__v0__c97ca202__c0.mp4,0.217416,0.256177
exact-r1__b50d470f960d4825813995dc5d495f18601920dc__炸虾菇__v1119__bubble__a58b7a00__c0.mp4,0.446755,0.433353
base-props__11126af44460c58b95d533978e0cf55f002fe629__炸虾菇__v66__crown__135b2c59__c0.mp4,0.289026,0.274106
exact-r2__94bc06d5bc92583f73830b10dc04994d67cef4b4__汉堡菇__v926__crown__b9235215__c0.mp4,0.134824,0.209348
exact-r1__924031cbf126b245cf9afc8c24e5945a1e2524ab__粽子菇__v907__crown__f744010f__c0.mp4,0.309134,0.357456
base-props__e011acdfa772be70a370c32cc68bd1d67b47e245__爆炸菇（爆炸后）__v877__scooter__becb1965__c0.mp4,0.07417,0.13755
generic__c3b08e101b5779ce9c44080f96c8fbe863833c5e__炸虾菇__v770__eyemask__e40dbc9b__c0.mp4,0.050405,0.138293
base-noprop__04febc3ea3e866abdf75b3fab9b881e8f80a980a__汉堡菇__v0__ce7851e5__c0.mp4,0.080773,0.129764
base-noprop__3f2b9963b32e8779b33756a182ccea735aad5b89__毒蘑菇__v0__72c317bd__c0.mp4,0.12741,0.160168
generic__50ee01d3a21af2295c697ffe0dcc9d0e2bd3a001__汉堡菇__v299__crown__af1e681c__c0.mp4,0.339353,0.360564
base-noprop__930af50238c37ebaf442e48b5cf1fdd56a6c5adb__粽子菇__v0__f5d08145__c0.mp4,0.074136,0.157052
exact-r1__55c78bf255f3a7b815fa63ec2b487f670c474c05__汉堡菇__v544__scooter__f9fb3109__c0.mp4,0.09743,0.162212
exact-r1__c39c1f9a7737ec2bce1e203f09f772557f7229c4__爆炸菇（爆炸前）__v1223__coffee__4cdd0ec2__c0.mp4,0.401612,0.41761
base-noprop__4d17fcfde00cb2ae6b544f6fb2233f9c5e1c98bb__毒蘑菇__v0__157f185e__c0.mp4,0.353857,0.373731
exact-r2__37cf5b3121da345790097e2efc56911fb8dea3af__粽子菇__v364__flag__fb092b3e__c0.mp4,0.249989,0.326643
base-noprop__b281dc2a1f8e99821ca80a015d7a15c12c8925f9__炸虾菇__v0__a2c78121__c0.mp4,0.038537,0.109761
generic__546296f7917ec182336f629d3d0c02436cb741ca__吐司菇__v315__coffee__948b91c9__c0.mp4,0.006971,0.13267
base-noprop__4cb113661e22673b72a3e13f60cc0f8202bd9de8__吐司菇__v0__e9ee2df5__c0.mp4,0.137877,0.085593
generic__b166561176afda3a52cc9957753e6b2a097c6778__粽子菇__v708__flag__6c9c8153__c0.mp4,0.028364,0.131457
exact-r1__eda6528f2e08aaadb4cc84f8c996eac073cc3a6a__汉堡菇__v1494__bubble__bd0adbc6__c0.mp4,0.117662,0.163646
base-props__068f87e6d8c098db1a68eaff2a959baa9dd07959__粽子菇__v24__coffee__cd2a73a3__c0.mp4,0.243513,0.390428
exact-r2__46fdb8adba853657fade52d259f8ee4cb1b28dde__爆炸菇（爆炸后）__v451__glasses__c87c68d3__c0.mp4,0.397283,0.43695
base-noprop__c884f9c5b1342e1e182de98d0015811298454d88__炸虾菇__v0__189e57f5__c0.mp4,0.541111,0.478148
base-props__567f0abcb0cf6a5bcee6cad1571c9b7164cd9790__蘑菇力__v327__eyemask__70ecb658__c0.mp4,0.042665,0.164713
exact-r1__cf74c350c79d0b0215dc7dda7d44e9eb626b6204__蘑菇力__v1289__bubble__ed3d7cd2__c0.mp4,0.27823,0.39155
base-noprop__4de2aa1e433a559a98b48c7eccf7684f044f0cc9__毒蘑菇__v0__41b5cc15__c0.mp4,0.096284,0.152381
base-noprop__691bb9a71d598e287cbef46044bd6aef8fa79960__粽子菇__v0__b0bc1b99__c0.mp4,0.377689,0.41645
generic__4cb113661e22673b72a3e13f60cc0f8202bd9de8__爆炸菇（爆炸前）__v278__crown__ebb8e940__c0.mp4,0.15464,0.182022
generic__dad4cc0c224921ba2b3e9a82d69f6789dfd1c559__汉堡菇__v847__bubble__069a15c5__c0.mp4,0.215297,0.267713
base-noprop__9ff16bd9837162a31625505a37953b6d7b6f8bcd__爆炸菇（爆炸后）__v0__6c081db1__c0.mp4,0.259268,0.301377
base-noprop__50ee01d3a21af2295c697ffe0dcc9d0e2bd3a001__毒蘑菇__v0__75b7cf35__c0.mp4,0.361385,0.285368
base-props__d424d1f21129cb4f5e1724780bc7368fa90c14e9__炸虾菇__v813__scooter__d1ace2f7__c0.mp4,0.125186,0.122291
exact-r2__5c4b08b050f4083c0288f844c4f063b4c7586eb9__炸虾菇__v582__coffee__677017ce__c0.mp4,0.029917,0.136574
exact-r1__474f385571ae5a110c7956cc929fee320bb370da__爆炸菇（爆炸后）__v454__glasses__cfb81219__c0.mp4,0.386539,0.358481
base-noprop__454fa8dcb586fe5bba7dc4c8fc5beac333fb8f52__蘑菇力__v0__b12715e0__c0.mp4,0.143288,0.182671
generic__558e28ebbd5a1e6d7bade4cd30fc31f3ed07c04a__蘑菇力__v322__eyemask__1cc0cdde__c0.mp4,0.047201,0.143589
base-noprop__07c58fa6b177896d1bf3bafc1798b4388f51e9a6__吐司菇__v0__249899b6__c0.mp4,0.137636,0.161851
exact-r1__929b65b28d7fc5f68d6f799d9d758150e4b1155d__爆炸菇（爆炸前）__v914__flag__3302281d__c0.mp4,0.230929,0.291735
base-noprop__54b808c68379bb80df935fac20da98e5db366a47__吐司菇__v0__f034c0d7__c0.mp4,0.091939,0.160613
base-noprop__3eb6d97760f838a366c3ddc9c5fe31024af3ddd6__爆炸菇（爆炸后）__v0__588452da__c0.mp4,0.044503,0.142993
exact-r2__7d44a2bbd0f494878694a9248530e08a9227affb__炸虾菇__v779__glasses__89eee02e__c0.mp4,0.461676,0.402645
exact-r1__05e26f5e60986d81eb27d3bff555fb6e8b76fd97__粽子菇__v37__coffee__5e8d49dc__c0.mp4,0.133519,0.18575
base-noprop__36cc3b78b61d9039d9d44b967df0005c6e6e6895__汉堡菇__v0__0f68f4e0__c0.mp4,0.232173,0.269545
exact-r1__91c39501adafbba839f83b6334e1af2e954a86dc__粽子菇__v905__crown__2115ef43__c0.mp4,0.425381,0.375672
exact-r1__db92b798e1aadc60fbbe4052b859fdc5d2a7e46f__汉堡菇__v1374__flag__7d619672__c0.mp4,0.07776,0.148358
base-props__b4922b313b5f45658c57e964eec6e061ed1c765b__爆炸菇（爆炸后）__v718__eyemask__c2a091da__c0.mp4,0.378367,0.341885
base-props__558e28ebbd5a1e6d7bade4cd30fc31f3ed07c04a__蘑菇力__v322__eyemask__1cc0cdde__c0.mp4,0.07595,0.208358
exact-r1__7ceede470341c8d14addf43fd499af7151c8d1c0__炸虾菇__v778__glasses__55737115__c0.mp4,0.345824,0.370429
exact-r1__18550aeb254f3fee4e7bf9994a4d3d285dbf113e__蘑菇力__v155__glasses__6c05197a__c0.mp4,0.081832,0.098409
exact-r1__c4b5a3cb49158de742fefc2345a959ab56706aa5__汉堡菇__v1228__glasses__7aa56a66__c0.mp4,0.350763,0.335271
exact-r2__d4b4dc72228046a3528be5b1403d1447c286b9fb__炸虾菇__v1322__crown__384fe161__c0.mp4,0.262524,0.201161
base-noprop__701e58d8fd0b9629cc0d3b9aec0136dcfd79a9f4__炸虾菇__v0__fbd5f3e0__c0.mp4,0.058438,0.155531
exact-r1__6f6f2d7c0707575b6afdd575fae5abf75eec000d__汉堡菇__v706__coffee__a22a6a77__c0.mp4,0.045775,0.09136
exact-r2__f0ded2281369569374226c3d97d3dbf8e365ae0a__毒蘑菇__v1514__glasses__6529c6b9__c0.mp4,0.061985,0.111166
base-props__45467bec2e9b047dee0217f2ce7f25cf3110e190__爆炸菇（爆炸前）__v255__scooter__aa891a52__c0.mp4,0.013361,0.106415
exact-r1__10c0ac04aeb5d2daab305c2cf0c7c468606b21ab__蘑菇力__v100__coffee__edadca69__c0.mp4,0.133541,0.175452
exact-r1__c1fe0f34398dd6713cc94ea5a6ef326f8c54ec0d__爆炸菇（爆炸前）__v1209__coffee__a7f57350__c0.mp4,0.456569,0.426158
base-noprop__6789eb569ba9201716016a5c210359d9e3d43278__粽子菇__v0__ade83f0a__c0.mp4,0.240461,0.322162
exact-r1__2526bb599376b9015ca0eea713a0fb5afae34359__汉堡菇__v236__eyemask__9225dd36__c0.mp4,0.47415,0.49299
exact-r1__f0acf58daf5bb6ba0cded2f57ccf6bb43ceb78e5__毒蘑菇__v1513__glasses__300f23a6__c0.mp4,0.111356,0.161426
exact-r2__f16563383dc7f5abb88446494148bd692e6b4a57__爆炸菇（爆炸前）__v1520__scooter__ad0ffcf2__c0.mp4,0.086541,0.159851
base-props__dfb07d087bbb45ae4ec093956c13cbcc5ca2bb4f__爆炸菇（爆炸后）__v873__flag__0921f662__c0.mp4,0.107474,0.097715
exact-r1__6474718652c3298f3ac628f29426024c3a14fa73__爆炸菇（爆炸后）__v630__scooter__cfbf8e28__c0.mp4,0.042629,0.15911
base-noprop__3832d04a1cb8b144cb27edf994f26444ef4fd338__蘑菇力__v0__f57985eb__c0.mp4,0.044863,0.120744
base-props__ab46352316dd303e2692bf4e35d24794f50ca8f1__汉堡菇__v684__eyemask__f96abc17__c0.mp4,0.25221,0.266324
base-noprop__02649510b01d521437d95658981d30da7d35fe3b__汉堡菇__v0__262e0805__c0.mp4,0.621311,0.517254
exact-r2__46efe225dec2d1e5429fa9bf2a6c0d66fc5cb87e__吐司菇__v450__bubble__2ba3618b__c0.mp4,0.060264,0.164584
exact-r1__53600e19bd030f125b130556b2ab1372a845cf17__吐司菇__v521__coffee__aa14839c__c0.mp4,0.196468,0.297027
generic__b5751664c907d7f8d89a1aa58474e961773ea73a__粽子菇__v722__crown__72c9a4ea__c0.mp4,0.223131,0.27023
base-props__ab46352316dd303e2692bf4e35d24794f50ca8f1__吐司菇__v684__scooter__10c24871__c0.mp4,0.373565,0.348576
exact-r1__16597e08fbe04aa1b1563b4418564d5f7378092e__蘑菇力__v144__glasses__5def49b2__c0.mp4,0.433883,0.390275
exact-r2__c56f18183843ecc10f4a0c80a71cf74a3281b10f__汉堡菇__v1230__glasses__aa624b16__c0.mp4,0.352956,0.314874
exact-r1__c623c242446d6fd4f71cfb5843407de981af5e77__汉堡菇__v1237__glasses__082e1f5e__c0.mp4,0.103877,0.170184
exact-r2__55da22abe11d7537f6c455032f1fb4e7bbd78acf__汉堡菇__v547__scooter__b9c909ae__c0.mp4,0.355881,0.338133
base-noprop__db8692607b532a06def0a9c28e842cfc4dbca1b5__爆炸菇（爆炸前）__v0__619b605f__c0.mp4,0.277844,0.259677
exact-r2__d8ebb40a2bf7371ffc294d56cd2cf23f8c8e7ae7__炸虾菇__v1354__flag__e2ba55a4__c0.mp4,0.179588,0.214584
base-noprop__b362aa39df3475305cfa9e011880de6337fbfc66__爆炸菇（爆炸前）__v0__bdbf3b4f__c0.mp4,0.106932,0.095215
exact-r1__ce89e39196c51aba08cf41d6463ef9d5a4b7cd6d__蘑菇力__v1285__bubble__7e9b6253__c0.mp4,0.395483,0.330087
exact-r1__b4dda76fcb4d5ce0a269d5bda4ab6bd412c2999d__粽子菇__v1117__bubble__f1b925ce__c0.mp4,0.102851,0.179138
exact-r1__1ecebc7f54d7e71e18d80da4cf31f84e2352d630__毒蘑菇__v191__coffee__2aa01e1c__c0.mp4,0.101411,0.182984
exact-r1__91bc629c078edf731cebd1b7daf8cf84bcd0876c__爆炸菇（爆炸前）__v904__flag__c3df8e13__c0.mp4,0.221415,0.280956
exact-r1__f1498f3a3c3245f137f45ef7171fbad768a30f29__爆炸菇（爆炸前）__v1519__scooter__e1358b4e__c0.mp4,0.133942,0.231133
exact-r1__037c5682bf3ce681096350171ef6542110f90174__粽子菇__v23__coffee__0407dc1e__c0.mp4,0.195849,0.235751
base-noprop__55b63d472e9f15d5bcd1f672b7144ce1726da2f2__汉堡菇__v0__f3eb98fe__c0.mp4,0.163422,0.263953
base-noprop__3ab5e095ea7925663c71572cdf310f6c6d4c208d__粽子菇__v0__d2b285ff__c0.mp4,0.20037,0.28185
base-noprop__28a40bdc8031c3ded5a744a31c764d0180862532__汉堡菇__v0__aad8abb6__c0.mp4,0.068325,0.085903
base-props__b166561176afda3a52cc9957753e6b2a097c6778__粽子菇__v708__flag__6c9c8153__c0.mp4,0.065302,0.137695
base-noprop__e245e3cfc41c9b8a7f3e19965bae1bd8876cb0b0__炸虾菇__v0__90094473__c0.mp4,0.102473,0.186673
exact-r1__b5d14e764b870261aa66c7becd1030cb7dd3aff1__炸虾菇__v1127__bubble__35558177__c0.mp4,0.094516,0.145739
exact-r2__3296e3025fe5db65ce1e18e8abd3114afdfdc5da__爆炸菇（爆炸后）__v335__coffee__0714808a__c0.mp4,0.335455,0.341324
base-props__13eda229e23f72de63829ca2a162c20a3b56bf44__吐司菇__v72__bubble__b7a22711__c0.mp4,0.118324,0.151117
base-noprop__16fe9365e7037fa8c4a99e77960da17eca362165__炸虾菇__v0__1e3c4480__c0.mp4,0.144031,0.129462
exact-r2__5374332efc1c0d8835fbbff686d292f356e467e9__吐司菇__v522__coffee__2f4946ce__c0.mp4,0.37621,0.318907
exact-r2__05e26f5e60986d81eb27d3bff555fb6e8b76fd97__粽子菇__v37__coffee__5e8d49dc__c0.mp4,0.084116,0.204218
exact-r1__5a2b80d25bdac954a2b5eea6b09fb441b660473c__炸虾菇__v572__coffee__c14202ca__c0.mp4,0.074388,0.162585
base-noprop__e245e3cfc41c9b8a7f3e19965bae1bd8876cb0b0__爆炸菇（爆炸前）__v0__40be3b2c__c0.mp4,0.118268,0.233379
exact-r1__c2e9ae96e46e8d80f334d387a13cdcd4b79f15cd__爆炸菇（爆炸前）__v1218__coffee__09c07fe3__c0.mp4,0.395353,0.408391
exact-r1__48172f0dfe98550b41a163b5c11c78aa0d297fd9__粽子菇__v459__scooter__53010f1f__c0.mp4,0.274541,0.345543
base-noprop__0eaa401fc0b89ae5782586ac9dd79898a8983222__汉堡菇__v0__9c680cc7__c0.mp4,0.063605,0.145086
base-noprop__7980439f022908b0edafecd558418e07616aeaf7__汉堡菇__v0__0ee32b99__c0.mp4,0.116647,0.156382
exact-r1__2542b9c5635f6f39a49c3380e72384f78fd1c0d8__炸虾菇__v238__eyemask__d9177803__c0.mp4,0.221578,0.311846
exact-r1__747d3ed757b17ee3ce426d2b1db8de235748f40c__爆炸菇（爆炸前）__v732__eyemask__9058c319__c0.mp4,0.447157,0.498961
base-props__abd3eebc0d8afd79024fb49f40a8b92321223c19__汉堡菇__v686__eyemask__ac9a2e26__c0.mp4,0.110973,0.160687
exact-r1__f4dcc4ddd6ed29902730ed3dd92d434381273e1b__蘑菇力__v1544__eyemask__69342e96__c0.mp4,0.167267,0.190382
base-noprop__27feb807011584368c25fbbf65625d279657f562__蘑菇力__v0__f6483797__c0.mp4,0.170259,0.183874
exact-r1__06c6d021fcbe5dc10a2370f9e8a54eb80625959d__爆炸菇（爆炸前）__v43__crown__46f796dd__c0.mp4,0.422928,0.400052
base-props__31b74b126f6fafc4629493be8201689f500ebf47__爆炸菇（爆炸后）__v174__glasses__c872a838__c0.mp4,0.292955,0.288199
base-noprop__0eaa401fc0b89ae5782586ac9dd79898a8983222__粽子菇__v0__f095b3f4__c0.mp4,0.092044,0.138174
exact-r1__481d9ee16b0383918a4b3e6293cda09b3f1d61b8__爆炸菇（爆炸后）__v460__glasses__217712af__c0.mp4,0.391087,0.397879
exact-r2__08bc0b380cf865761826977b4c950791f2b66856__爆炸菇（爆炸前）__v52__crown__f7b25bfe__c0.mp4,0.153402,0.167616
base-noprop__16fe9365e7037fa8c4a99e77960da17eca362165__爆炸菇（爆炸后）__v0__640054da__c0.mp4,0.148918,0.16491
exact-r1__06fa761f552f4726608d396cd74b9485f90f0510__爆炸菇（爆炸前）__v44__crown__bb179f3c__c0.mp4,0.130556,0.215251
base-props__5626b130f196987d62f6d0c5c5db38f271c3a918__蘑菇力__v324__eyemask__8aa782fc__c0.mp4,0.115515,0.137712
base-noprop__570ddf635a3d56fb1f5c3aa1b95e854782191387__爆炸菇（爆炸前）__v0__bc5ddf67__c0.mp4,0.17253,0.272364
generic__567f0abcb0cf6a5bcee6cad1571c9b7164cd9790__蘑菇力__v327__eyemask__70ecb658__c0.mp4,0.083762,0.156748
base-noprop__b362aa39df3475305cfa9e011880de6337fbfc66__炸虾菇__v0__c359489c__c0.mp4,0.032488,0.045053
generic__1a5e9e21aa5ab5837e37e1d632efa039b57aab7f__蘑菇力__v94__coffee__9813a98c__c0.mp4,0.046234,0.155075
exact-r1__b856a1d79624bd047e5d93374c319a973d73e62e__蘑菇力__v1149__crown__12fea823__c0.mp4,0.41201,0.502313
base-props__961bd0e7dc5dec1e77f826ad3f88dc97e2021663__汉堡菇__v606__glasses__ec6f851a__c0.mp4,0.290272,0.193561
base-props__5b25b451ba447539ebbed136a0d3bcf3025f8863__爆炸菇（爆炸前）__v346__bubble__c741a081__c0.mp4,0.092133,0.127827
exact-r2__4b73dcb962cbfd0a121d5292b514c93b57ca1509__毒蘑菇__v481__eyemask__9dd97bcd__c0.mp4,0.095612,0.180929
exact-r1__b6387d6187a3435f57004a2d043d191ad76a9ced__炸虾菇__v1130__bubble__3f98ead1__c0.mp4,0.343644,0.369658
generic__7477a8f5fd3a13dfd6406e169f1243b5549b5cc2__炸虾菇__v452__bubble__e02ebc45__c0.mp4,0.075864,0.129367
exact-r1__b9a30f48e83d3a6f856772d9db5ce9ffdbec4263__蘑菇力__v1156__crown__cbeb6f3f__c0.mp4,0.268225,0.217444
base-props__3ea8cf079e959693153dd04695b6f05e21f1dca3__炸虾菇__v230__flag__575a466d__c0.mp4,0.066453,0.140737
base-props__546296f7917ec182336f629d3d0c02436cb741ca__吐司菇__v315__coffee__948b91c9__c0.mp4,0.029644,0.128288
exact-r1__55da22abe11d7537f6c455032f1fb4e7bbd78acf__汉堡菇__v547__scooter__b9c909ae__c0.mp4,0.45321,0.405133
exact-r2__ed08b2ae756811846b134fba32ac65464ff1469d__汉堡菇__v1485__bubble__44a26c4a__c0.mp4,0.073328,0.140132
generic__deb8dcc91484de67c08304d54dba061741b046a8__爆炸菇（爆炸后）__v870__scooter__b591c40c__c0.mp4,0.121145,0.191338
exact-r1__ba251ea3d223905682930bef46247c2d3538af06__粽子菇__v1161__eyemask__c6bc1f91__c0.mp4,0.374055,0.407194
exact-r2__d36eed25472a949e97ad36dd59ce8359fe0c3013__炸虾菇__v1310__crown__87836f8d__c0.mp4,0.516403,0.423164
exact-r1__c1f249311adad45f3c16099a7e9941c56910a7a1__爆炸菇（爆炸前）__v1208__coffee__eb648246__c0.mp4,0.376142,0.367674
base-noprop__069c5cf6bb44592f056bdb81b4696b1569957312__毒蘑菇__v0__6fc0a54c__c0.mp4,0.208648,0.182438
exact-r2__c345c8555877102cc1df8b6cecd5496eba097b0f__爆炸菇（爆炸前）__v1221__coffee__acd00226__c0.mp4,0.227152,0.296946
base-props__07c58fa6b177896d1bf3bafc1798b4388f51e9a6__粽子菇__v33__coffee__8258b5f3__c0.mp4,0.401507,0.353886
exact-r1__3373ae9e4de4dce88d5624681a41f79ac07484f3__爆炸菇（爆炸后）__v342__coffee__db864254__c0.mp4,0.093517,0.162085
base-noprop__682f7d8fb59392161e4d92c0884afcd19b380053__汉堡菇__v0__64770511__c0.mp4,0.037292,0.157169
exact-r2__95270fa777a6a5cb99054cf707304be40d56acb6__毒蘑菇__v928__bubble__f5d68233__c0.mp4,0.104663,0.162984
generic__11126af44460c58b95d533978e0cf55f002fe629__炸虾菇__v66__crown__135b2c59__c0.mp4,0.267815,0.284357
base-noprop__c884f9c5b1342e1e182de98d0015811298454d88__爆炸菇（爆炸后）__v0__4ffca5e3__c0.mp4,0.518448,0.460002
exact-r1__48527ae6d45c7d5a7ee96a9ad1c1ac0882d24266__爆炸菇（爆炸后）__v461__glasses__456ff117__c0.mp4,0.153681,0.262465
exact-r2__11f34e08a6906e27e7c06d8e53c0abd8b0e6a511__蘑菇力__v105__coffee__81ed7854__c0.mp4,0.037366,0.138695
base-noprop__2236ddd1a25d7ae2e190062eb0a1d6d87088db82__爆炸菇（爆炸前）__v0__63954187__c0.mp4,0.10732,0.156757
base-noprop__3dae41227ff60a4b209b7b13235ac3a5ab6a6106__爆炸菇（爆炸后）__v0__e8aeb1f9__c0.mp4,0.490056,0.481379
base-noprop__11126af44460c58b95d533978e0cf55f002fe629__蘑菇力__v0__2ab802e4__c0.mp4,0.229274,0.284808
exact-r1__3296e3025fe5db65ce1e18e8abd3114afdfdc5da__蘑菇力__v335__scooter__d7fc43bc__c0.mp4,0.152647,0.244528
exact-r2__f142944f6415cf4e140989e4620f7f0f23645f52__毒蘑菇__v1518__glasses__b904a7f8__c0.mp4,0.088911,0.132016
base-noprop__66f41d2f3f0f61298257e508840f1163992f0311__粽子菇__v0__97bb35d4__c0.mp4,0.425262,0.520564
exact-r2__4ad750ed37eb0ade2e0d9bf6801c7c417a005531__毒蘑菇__v478__eyemask__4d71b6ae__c0.mp4,0.392354,0.384034
exact-r1__b7d6465a8b59608365b430ec044d2fd40916aca4__毒蘑菇__v1146__crown__e4c782a0__c0.mp4,0.271932,0.313786
exact-r2__b9d03992ce73a0fe5e4ee03adacf38bbabd0be7f__粽子菇__v1158__eyemask__bc8b377f__c0.mp4,0.02131,0.125008
base-noprop__9ff16bd9837162a31625505a37953b6d7b6f8bcd__汉堡菇__v0__250d3ab9__c0.mp4,0.19048,0.309465
base-noprop__5e06a30f57a1e29064223f472aaad6de9925490a__爆炸菇（爆炸前）__v0__90eaaa81__c0.mp4,0.174686,0.197983
exact-r2__6f6f2d7c0707575b6afdd575fae5abf75eec000d__吐司菇__v706__flag__e18588cd__c0.mp4,0.024097,0.047236
exact-r1__5374332efc1c0d8835fbbff686d292f356e467e9__吐司菇__v522__coffee__2f4946ce__c0.mp4,0.591408,0.52761
base-noprop__9fe84a46a5b7258d9185e38e64539dfb315c00ea__汉堡菇__v0__319b699a__c0.mp4,0.234889,0.291393
base-noprop__5f7a925cfccbd70c7926ffccbda6a7e438b86228__粽子菇__v0__c23d8dea__c0.mp4,0.251266,0.27494
exact-r1__1d249695899125959cd9f370cf25dbddf67887e7__毒蘑菇__v179__coffee__93aa473c__c0.mp4,0.194125,0.18886
exact-r1__5c4b08b050f4083c0288f844c4f063b4c7586eb9__炸虾菇__v582__coffee__677017ce__c0.mp4,0.047699,0.13957
base-noprop__c3ad0151cf012ab92fe134a98d4a74d428a02c98__粽子菇__v0__eff98913__c0.mp4,0.102242,0.086159
base-props__a5e37a90d98a5994377758364c1e4676cdd9da9a__粽子菇__v673__glasses__0a0c5f9d__c0.mp4,0.082083,0.14712
exact-r1__64783e1e5fb746625a458b8881d56270ee007ae9__炸虾菇__v631__scooter__b41ea89e__c0.mp4,0.1996,0.289558
exact-r1__2827cec8374948e9be93fdc1bcf8e9a4b6e4d53c__蘑菇力__v261__flag__2b162223__c0.mp4,0.042607,0.131516
exact-r2__23da2230a72cefbf4cfaa971a6d3952246086a5c__汉堡菇__v223__eyemask__7a57961d__c0.mp4,0.093154,0.155912
exact-r1__4574a77b2aa1d6a74d0ea3b334fbbd5cc92d1419__吐司菇__v438__bubble__3207ebe3__c0.mp4,0.238982,0.253114
exact-r1__926b75ca53aa1b77cedc8561681d4d79a3dc51b8__爆炸菇（爆炸前）__v911__flag__da5610be__c0.mp4,0.314209,0.324871
exact-r2__a8b82dd68a55ba601c87031486af04c63ac9aca8__吐司菇__v1044__crown__e4c8e642__c0.mp4,0.256705,0.274351
exact-r2__f142944f6415cf4e140989e4620f7f0f23645f52__爆炸菇（爆炸前）__v1518__scooter__c7ec759a__c0.mp4,0.220562,0.303837
base-props__1cf0944b8af6ac43f6f7e794a0d68118b7de888c__汉堡菇__v105__flag__ced10d12__c0.mp4,0.077409,0.1323
base-noprop__507ce1e393891e0f47c90aad7b6087098ce6304a__爆炸菇（爆炸后）__v0__d6797fa8__c0.mp4,0.113164,0.158148
exact-r1__edf6d83472f153c2ece46ef36e248394c76e5bf1__汉堡菇__v1496__bubble__b4ea12f8__c0.mp4,0.174788,0.236801
exact-r1__f49464637e52e497fb011eb2e718248b86f69c24__蘑菇力__v1542__eyemask__596e3d84__c0.mp4,0.278402,0.277979
exact-r2__c219d3893a297a9d030244d12b8ed8581b487bce__爆炸菇（爆炸前）__v1212__coffee__40865391__c0.mp4,0.316342,0.37361
base-noprop__ccb6b1d206606a8d4ddb34ae7e70a1dfb2cd49ba__粽子菇__v0__369abf23__c0.mp4,0.164195,0.201678
base-noprop__479cfaa7ed9751d704a007cccb8dbebcb4fc8765__炸虾菇__v0__0063e959__c0.mp4,0.039465,0.125893
exact-r1__1849b841bfaf3b41a1264b8d374e3a4228c3cdd4__爆炸菇（爆炸前）__v154__glasses__30a40fb2__c0.mp4,0.471883,0.494732
base-noprop__556de27b0d0679c58d037153bf13f376557bb4da__爆炸菇（爆炸后）__v0__dff6e0c9__c0.mp4,0.249584,0.272856
exact-r1__03871bf6cf5c0739b48217be31ce8ad9cfaabe33__粽子菇__v24__coffee__921adf8f__c0.mp4,0.180848,0.278748
exact-r1__b84a69fca80b7f3ae9dfc999d5b9896f6e7dc072__粽子菇__v1148__eyemask__e8f2b594__c0.mp4,0.151282,0.18543
exact-r1__48527ae6d45c7d5a7ee96a9ad1c1ac0882d24266__粽子菇__v461__scooter__f904d3a8__c0.mp4,0.172359,0.251691
generic__c02ecf1932815596cda24fe2696288e3a709c5c2__粽子菇__v757__bubble__942bb2b6__c0.mp4,0.081301,0.120897
exact-r1__32c112ea6a7834b77a3fc31159f3dd43a4eb76c4__蘑菇力__v336__scooter__9ac3841d__c0.mp4,0.116555,0.171341
exact-r2__4ad750ed37eb0ade2e0d9bf6801c7c417a005531__粽子菇__v478__glasses__d4b6bdd0__c0.mp4,0.415431,0.463169
exact-r1__79c0eabb9fc79170fac30a00668c1fcae3a9bc2d__毒蘑菇__v760__flag__f12fff08__c0.mp4,0.194643,0.26814
base-noprop__29af5842d44da656007592c88ff0c6c1e5b6fe39__爆炸菇（爆炸后）__v0__552d495b__c0.mp4,0.444776,0.442856
exact-r2__c5e92feff814cee1504a5a7ab9b6cab00e51b167__汉堡菇__v1234__glasses__971e688b__c0.mp4,0.27339,0.297161
base-props__ea0af3c357ca9e440d20ba13a8d5e54a56d394ba__炸虾菇__v912__glasses__0a785c0f__c0.mp4,0.103199,0.162512
exact-r2__1849b841bfaf3b41a1264b8d374e3a4228c3cdd4__爆炸菇（爆炸前）__v154__glasses__30a40fb2__c0.mp4,0.563095,0.494787
exact-r1__0fa48e022fb40e890a70ca08b0c86169e9c6be01__蘑菇力__v91__coffee__7ac9b924__c0.mp4,0.109404,0.179843
exact-r1__923dbea1c7a98f5a1ad632836be7e11ba23c900a__爆炸菇（爆炸前）__v906__flag__9cc40444__c0.mp4,0.103385,0.163351
base-noprop__0ede95135255948bd4b4397d3ea7c6890ffbbb52__蘑菇力__v0__406e95d9__c0.mp4,0.081656,0.106871
exact-r2__e788516b536549b961694ff7e61e27486033c7f1__吐司菇__v1452__eyemask__4ec83f1f__c0.mp4,0.108051,0.165762
exact-r1__7ac6567de87801f30846991c8126b0179ea55aa6__毒蘑菇__v766__flag__dc7b0b7e__c0.mp4,0.389963,0.401115
base-noprop__2a80b5bbf9bfc43cc9607c64804c1876ee75a6f2__蘑菇力__v0__eb50a25c__c0.mp4,0.115094,0.147997
exact-r1__bdebc74b25211ea6cffb432e9c5848b26d88626a__爆炸菇（爆炸后）__v1185__bubble__2caa57df__c0.mp4,0.489751,0.507296
base-props__990a5c189a868ed25f5694947f8062340a1d1df7__粽子菇__v620__scooter__e38c10af__c0.mp4,0.047659,0.168828
base-noprop__7d7630861f0f92a7a3103fc3527dbadc1c0cdc15__炸虾菇__v0__75e61775__c0.mp4,0.028339,0.093316
base-noprop__3eb6d97760f838a366c3ddc9c5fe31024af3ddd6__爆炸菇（爆炸前）__v0__fd4594db__c0.mp4,0.096435,0.143937
exact-r2__747711b7d7d492e548ee9d327fa617d3cbb1993f__爆炸菇（爆炸前）__v731__eyemask__66c62407__c0.mp4,0.471376,0.451569
exact-r1__3373ae9e4de4dce88d5624681a41f79ac07484f3__吐司菇__v342__glasses__06dd0820__c0.mp4,0.23471,0.288317
exact-r1__48edbebb09f4066019f3a893bd82184d9bdce8fd__粽子菇__v465__scooter__e0849fdb__c0.mp4,0.519043,0.534018
exact-r1__5d5db7eba64f43d1a188b30aa7a5cea4dac3fc6d__吐司菇__v585__scooter__f7e524ef__c0.mp4,0.108246,0.128798
base-noprop__1f66a501aba063a2796ee4f1f4d6082295197784__毒蘑菇__v0__4fd553e2__c0.mp4,0.125481,0.122427
exact-r1__f142944f6415cf4e140989e4620f7f0f23645f52__爆炸菇（爆炸前）__v1518__scooter__c7ec759a__c0.mp4,0.231686,0.263031
exact-r2__79f230727aabe8ef102ae19bed33d5a83a2045ee__毒蘑菇__v761__flag__c45f48b5__c0.mp4,0.102666,0.170407
exact-r2__2a49798dc05c009b89cb369fc4b3bc369f2300af__蘑菇力__v275__flag__ce0c86f0__c0.mp4,0.182801,0.236337
generic__b4922b313b5f45658c57e964eec6e061ed1c765b__爆炸菇（爆炸后）__v718__eyemask__c2a091da__c0.mp4,0.26181,0.282865
exact-r1__7d44a2bbd0f494878694a9248530e08a9227affb__炸虾菇__v779__glasses__89eee02e__c0.mp4,0.622995,0.505166
generic__11126af44460c58b95d533978e0cf55f002fe629__吐司菇__v66__bubble__f564ca5a__c0.mp4,0.081483,0.111559
exact-r1__46ad1d7fc06fae0ddf3af206d3ae023bd4b24aae__吐司菇__v449__bubble__638fa554__c0.mp4,0.142729,0.19851
exact-r2__5566445313c3d7b276fc02faebe4c1c684f1934d__汉堡菇__v541__scooter__2a78d5cd__c0.mp4,0.244541,0.280978
exact-r2__b6400262250308b940cca731c04afc1e0661b6e9__炸虾菇__v1132__bubble__8db02a1b__c0.mp4,0.133342,0.191195
exact-r1__f2e592fdf9ea64c3001a6620ae7f5abcb234e05b__毒蘑菇__v1529__glasses__18a1a004__c0.mp4,0.391014,0.41649
generic__51be5b142d9021a3c446702d354fabdf42630fa9__汉堡菇__v304__scooter__97551c71__c0.mp4,0.145739,0.17277
exact-r2__ba85413746dea437ec08f5638d106fcbddab3966__粽子菇__v1165__eyemask__ee2bc5e8__c0.mp4,0.066839,0.158897
exact-r1__91446ea62cb3f54e6d1bd638f46c2302dc00f82d__爆炸菇（爆炸前）__v903__flag__50b4ea47__c0.mp4,0.122791,0.160678
exact-r1__7628869560a690af823a1191809985375c8a2ef9__爆炸菇（爆炸前）__v740__eyemask__36459805__c0.mp4,0.138016,0.166021
generic__ab46352316dd303e2692bf4e35d24794f50ca8f1__吐司菇__v684__scooter__10c24871__c0.mp4,0.20403,0.221653
exact-r2__64f7ba46c3c16764be8347709ee03ebee90d68c2__爆炸菇（爆炸后）__v639__flag__116680dd__c0.mp4,0.385285,0.357338
exact-r2__46a88b94d8c5451f884baeac062b15b148ad8fe6__吐司菇__v448__bubble__66e4b2cb__c0.mp4,0.087424,0.168731
base-noprop__5e06a30f57a1e29064223f472aaad6de9925490a__爆炸菇（爆炸后）__v0__7a2c212b__c0.mp4,0.092309,0.13598
exact-r2__f38c85c9dbbd6fe91ebb9c9d9e17e6640548549d__毒蘑菇__v1530__glasses__4c0f5650__c0.mp4,0.119341,0.173988
exact-r1__25242e2c4e978686c1ab0fd42607be6ef25ff215__汉堡菇__v235__eyemask__02246e97__c0.mp4,0.287264,0.368113
generic__0ab9e3bf089c71e2d454a42c0c8b656934192f80__爆炸菇（爆炸后）__v44__crown__c5344dbf__c0.mp4,0.574851,0.589062
exact-r1__1fe1da738e16ac905f6dd4b6247a4e5e3a33f7e2__毒蘑菇__v194__coffee__dfa9b371__c0.mp4,0.537206,0.55295
generic__31b74b126f6fafc4629493be8201689f500ebf47__爆炸菇（爆炸后）__v174__glasses__c872a838__c0.mp4,0.071375,0.146945
exact-r1__be704d41e34020ce8aa75f334f1de5e2a052e0f9__爆炸菇（爆炸后）__v1189__bubble__9885cfed__c0.mp4,0.080715,0.209148
exact-r2__c4bc889e53e3b7c097389fd3251b96bb18d2cf89__汉堡菇__v1229__glasses__4f6633c0__c0.mp4,0.106871,0.14366
exact-r1__f39b3a414eafab14a5cc8ef9210f5114fb7c24e0__蘑菇力__v1532__eyemask__57c54345__c0.mp4,0.276221,0.327587
base-noprop__2b1e211233b0f0264e4dfff6fc8d00725b5b956c__毒蘑菇__v0__99a6c3a2__c0.mp4,0.156067,0.219825
exact-r2__f5ba1ce13b37950d02d7e32e049506ff144abc71__蘑菇力__v1549__eyemask__52d2a75b__c0.mp4,0.057302,0.151492
exact-r2__45f95e4ccfc9b15e50ac6f5d00e336f2b5909182__吐司菇__v441__bubble__e2d9b949__c0.mp4,0.112641,0.182577
generic__58f1eb94dfa1635a5bd8ef3c9f0f7ca945b65730__爆炸菇（爆炸前）__v337__bubble__f964e72a__c0.mp4,0.127812,0.050116
exact-r1__d36eed25472a949e97ad36dd59ce8359fe0c3013__炸虾菇__v1310__crown__87836f8d__c0.mp4,0.262121,0.282665
base-noprop__19c06779695d253483fe999e0232467a7bbc4669__爆炸菇（爆炸前）__v0__5f65d818__c0.mp4,0.218152,0.323708
base-noprop__08447ead47d19cdf9b918908077ea735b8029732__爆炸菇（爆炸前）__v0__c1be1aeb__c0.mp4,0.094719,0.135019
generic__dfb07d087bbb45ae4ec093956c13cbcc5ca2bb4f__爆炸菇（爆炸后）__v873__flag__0921f662__c0.mp4,0.034819,0.090774
exact-r1__79aac7243697f42e910ae6d4b6bf107bbdc52ab9__毒蘑菇__v758__flag__9622a734__c0.mp4,0.161923,0.168931
base-props__4f2c68a04c7fdb73063336d8553dc1cd8687e038__汉堡菇__v289__crown__3b0f189a__c0.mp4,0.089658,0.164694
exact-r1__b6f0ebc5fde8d5c7e26e23c7ad4b472e8dc0a955__毒蘑菇__v1139__crown__5e91c671__c0.mp4,0.34459,0.412507
exact-r1__4684d4e3cc283d2f82a830567f416163b041076b__粽子菇__v446__scooter__0f8c7e43__c0.mp4,0.385814,0.40972
base-noprop__0d8ae407bd2be6cbaf00e2bc407478bbc70e81c2__吐司菇__v0__90509702__c0.mp4,0.061003,0.116074
exact-r1__37d6f23402e29597d71fc201777a1c65e4013d32__粽子菇__v365__flag__c00e4a65__c0.mp4,0.457446,0.492615
exact-r2__b4dda76fcb4d5ce0a269d5bda4ab6bd412c2999d__粽子菇__v1117__bubble__f1b925ce__c0.mp4,0.16494,0.195401
generic__ef01e3e16837353e5fa278ba9d8c3a02e714ae93__毒蘑菇__v931__eyemask__80d334ac__c0.mp4,0.135288,0.214869
base-props__ab6f99c5549581a128ce6f74321624ef1458176d__汉堡菇__v685__eyemask__62d9e5a4__c0.mp4,0.279593,0.352929
exact-r1__63c6cd5b6ce97c724c348a679627c9f637af97f7__爆炸菇（爆炸后）__v627__scooter__9f990d4c__c0.mp4,0.306272,0.325549
exact-r1__d159c2b2b1965c390ab45ec6dc4d5bc86ee54588__蘑菇力__v1299__bubble__7591476c__c0.mp4,0.103781,0.140391
base-props__9b466919eda610e8c73a0bd5a77aa817123053da__粽子菇__v629__scooter__ee29ce26__c0.mp4,0.123479,0.203762
base-props__45160a3209fab0c464a72ff9098bde522b4e0264__爆炸菇（爆炸前）__v254__scooter__4a80b0c1__c0.mp4,0.671499,0.607617
base-props__7477a8f5fd3a13dfd6406e169f1243b5549b5cc2__炸虾菇__v452__bubble__e02ebc45__c0.mp4,0.068593,0.165383
base-props__a3ea0638c0bec1fb0f4c997a373d36ead037e385__粽子菇__v665__glasses__a3923a49__c0.mp4,0.063836,0.131139
base-noprop__28a9118cfcb39ecdaa356dae1cfd75d6409d77fc__毒蘑菇__v0__5a4d667e__c0.mp4,0.05261,0.093701
exact-r2__474f385571ae5a110c7956cc929fee320bb370da__爆炸菇（爆炸后）__v454__glasses__cfb81219__c0.mp4,0.570177,0.533606
base-noprop__182f83da0bcf36703e4fd5d1e28bc4008296ecaa__爆炸菇（爆炸前）__v0__4846a627__c0.mp4,0.195285,0.175482
exact-r1__37cf5b3121da345790097e2efc56911fb8dea3af__粽子菇__v364__flag__fb092b3e__c0.mp4,0.304526,0.302603
exact-r2__ef42d53ed8b791605eae85aa1492240bd9a4a695__汉堡菇__v1502__bubble__5afa3d17__c0.mp4,0.113961,0.185532
exact-r2__01a6567f10a570751973e6ec60ed6bde441ec10f__爆炸菇（爆炸后）__v14__eyemask__90e390c5__c0.mp4,0.511778,0.471618
base-noprop__85485675b9afc7fa463bca0fd81c644d405acb2e__炸虾菇__v0__68bece95__c0.mp4,0.049347,0.104733
base-noprop__1d5a1c958b3030b64164f55cfb9fdefdf2716651__蘑菇力__v0__a7cebd0b__c0.mp4,0.160144,0.212038
base-props__24dc1f3ba782c8b6cd325590627ea2ed97b93833__毒蘑菇__v126__scooter__6fdbfbad__c0.mp4,0.063242,0.157813
base-props__1cf0944b8af6ac43f6f7e794a0d68118b7de888c__蘑菇力__v105__coffee__c045b076__c0.mp4,0.044376,0.098353
exact-r2__6474718652c3298f3ac628f29426024c3a14fa73__炸虾菇__v630__scooter__a8183c89__c0.mp4,0.092621,0.1463
base-noprop__2158ac4b40c183c04669f63ff768ba9ca348a0c7__蘑菇力__v0__d2d49a05__c0.mp4,0.112121,0.142818
exact-r1__4ad750ed37eb0ade2e0d9bf6801c7c417a005531__毒蘑菇__v478__eyemask__4d71b6ae__c0.mp4,0.230097,0.345836
exact-r2__32dd046cc33c87913a63ceb3d332e99d5929fcfb__爆炸菇（爆炸后）__v338__coffee__b1adb7ff__c0.mp4,0.695393,0.619904
exact-r1__60d3f25a0f1d299931711b15c4b35f349c86c157__毒蘑菇__v612__scooter__1d27755f__c0.mp4,0.177131,0.279487
exact-r1__f0ded2281369569374226c3d97d3dbf8e365ae0a__毒蘑菇__v1514__glasses__6529c6b9__c0.mp4,0.046518,0.132688
exact-r1__ba85413746dea437ec08f5638d106fcbddab3966__粽子菇__v1165__eyemask__ee2bc5e8__c0.mp4,0.113895,0.159823
exact-r2__924031cbf126b245cf9afc8c24e5945a1e2524ab__粽子菇__v907__crown__f744010f__c0.mp4,0.23702,0.37017
generic__deb8dcc91484de67c08304d54dba061741b046a8__毒蘑菇__v870__coffee__64902ddf__c0.mp4,0.041777,0.175661
base-noprop__3bebabbc637c0e47cdac3a89bb497c6c48ee197b__蘑菇力__v0__9b911419__c0.mp4,0.104026,0.137178
base-noprop__6789eb569ba9201716016a5c210359d9e3d43278__爆炸菇（爆炸前）__v0__f822ca90__c0.mp4,0.171186,0.284014
exact-r2__bbfb3f8d2ea190b8b909c93b9f01e4a1965419b1__爆炸菇（爆炸后）__v1178__bubble__a0db171b__c0.mp4,0.150257,0.191674
exact-r1__b5f3ed9751741b54d2b7860eb77b985aaee98b64__粽子菇__v1128__bubble__6e70acea__c0.mp4,0.159738,0.193259
base-noprop__36eb6a2b312cae414c0f305a4fd633fb23cd8654__毒蘑菇__v0__5010e42b__c0.mp4,0.066985,0.122158
exact-r2__926b75ca53aa1b77cedc8561681d4d79a3dc51b8__爆炸菇（爆炸前）__v911__flag__da5610be__c0.mp4,0.251583,0.290045
base-props__b4b495bee5ab16d6e8983a341ab6f3d948ed5f6c__爆炸菇（爆炸后）__v719__eyemask__b58922f7__c0.mp4,0.025497,0.13865
generic__ea0af3c357ca9e440d20ba13a8d5e54a56d394ba__炸虾菇__v912__glasses__0a785c0f__c0.mp4,0.174689,0.185862
exact-r2__f5956eb61a549d5be8e0160eeae49cb4cbf25a86__蘑菇力__v1548__eyemask__6bd3e0ce__c0.mp4,0.072473,0.145607
base-noprop__06e63e8138296f08358590534d1c65535297e3a7__毒蘑菇__v0__1ed754bc__c0.mp4,0.118873,0.170662
exact-r1__90782196f289a65e2ba2d9252e68e2e48e27ced0__粽子菇__v899__crown__269e9a7a__c0.mp4,0.082128,0.186083
exact-r1__162906640246ef44f99db4ad49276c513665eb1e__爆炸菇（爆炸前）__v142__glasses__6207d034__c0.mp4,0.054228,0.110934
base-props__36eb6a2b312cae414c0f305a4fd633fb23cd8654__粽子菇__v193__eyemask__b2ee2dfe__c0.mp4,0.24157,0.274407
base-noprop__11cbd6bb7e2ef5f62a971e19d40e2ef2d0d3b3f7__爆炸菇（爆炸后）__v0__a6c62d12__c0.mp4,0.10053,0.196774
generic__b2d3b11f7cc10d19163a3940e12f64f147409d54__粽子菇__v713__flag__5f4b5c50__c0.mp4,0.076084,0.155953
exact-r1__46fdb8adba853657fade52d259f8ee4cb1b28dde__爆炸菇（爆炸后）__v451__glasses__c87c68d3__c0.mp4,0.47113,0.48742
exact-r2__0399b7e1281139c389c4f871736e53e2fab0d75d__爆炸菇（爆炸后）__v25__eyemask__9d8c5219__c0.mp4,0.070893,0.17503
exact-r2__631681b89d48f73fa9b84e8c908a589e6776cc2c__爆炸菇（爆炸后）__v623__scooter__7a01a60b__c0.mp4,0.626011,0.61492
generic__db8515de9bb0464fda393bf87d44ee920714f2f6__汉堡菇__v851__bubble__5c7bd097__c0.mp4,0.045405,0.152344
exact-r1__62c4b310812464715b031f8b6b51ec5b65e0d3ee__毒蘑菇__v621__scooter__765f63a6__c0.mp4,0.135915,0.181931
base-noprop__90d2739dfb7858927d0f47919eb4bdb9a91380c7__粽子菇__v0__89b8b153__c0.mp4,0.141574,0.241646
exact-r1__b68bd790b0276728d5b0df42061a7a6cb4e51370__毒蘑菇__v1135__crown__27f578bc__c0.mp4,0.115711,0.161459
exact-r1__e788516b536549b961694ff7e61e27486033c7f1__吐司菇__v1452__eyemask__4ec83f1f__c0.mp4,0.091216,0.16605
base-noprop__33159c17b1b4cc97be3acad43a606bfdc0461807__粽子菇__v0__2af2fcd8__c0.mp4,0.062784,0.169994
exact-r1__2554fe92bd1bd8c064abb9c345b6a326d198823d__炸虾菇__v239__eyemask__99b2f130__c0.mp4,0.264809,0.330769
base-noprop__2c164d8e794e57d3dbeecb7a01572c433d3d03f3__毒蘑菇__v0__ff0057fc__c0.mp4,0.039391,0.150116
base-noprop__24dc1f3ba782c8b6cd325590627ea2ed97b93833__吐司菇__v0__72a2ef73__c0.mp4,0.055412,0.154211
exact-r1__626b6bd3e31f1f1f566ad8589123249d6c71e87e__爆炸菇（爆炸后）__v620__scooter__c59c39e4__c0.mp4,0.265575,0.321755
exact-r1__372c7ce27e46c7f4d9e0604e9cd9045cf4bdec52__粽子菇__v362__flag__cffdcb8f__c0.mp4,0.322261,0.279739
exact-r2__9246f4c2cfaf94dbb9aaf761e9ed5784d548c111__粽子菇__v908__crown__619a8663__c0.mp4,0.096649,0.187701
base-noprop__9fbd18735103fe1b5d2240e6fd020546f1e15e3a__粽子菇__v0__e694f714__c0.mp4,0.289917,0.33043
exact-r2__60d3f25a0f1d299931711b15c4b35f349c86c157__毒蘑菇__v612__scooter__1d27755f__c0.mp4,0.158024,0.282663
base-props__5fb311357441af70b6b5eaa1482d7a943ed2f0ac__爆炸菇（爆炸前）__v362__flag__46fe29b1__c0.mp4,0.106092,0.135971
exact-r1__34495e2b0882ddeaad3237f3947906d32c637b3c__爆炸菇（爆炸后）__v347__coffee__78676887__c0.mp4,0.317067,0.367353
exact-r1__18550aeb254f3fee4e7bf9994a4d3d285dbf113e__爆炸菇（爆炸前）__v155__glasses__f5b23df7__c0.mp4,0.211361,0.256757
base-noprop__26dbb8ae31663566874e3c69116675e0a5c2f687__吐司菇__v0__fb6841e0__c0.mp4,0.289327,0.36138
base-noprop__28a40bdc8031c3ded5a744a31c764d0180862532__炸虾菇__v0__390f19c5__c0.mp4,0.089028,0.126338
exact-r1__95d180ac0df94262f8aebe30fe54f9db640fe821__毒蘑菇__v935__bubble__8f7ac22e__c0.mp4,0.241216,0.269918
exact-r1__4738bebba8757a16e0b094a37be38bbf14855865__粽子菇__v453__scooter__bbb8a614__c0.mp4,0.307659,0.312691
generic__1cf0944b8af6ac43f6f7e794a0d68118b7de888c__蘑菇力__v105__coffee__c045b076__c0.mp4,0.035161,0.142208
exact-r1__45443570796936e108082092b3fa858f1cf9ba6f__吐司菇__v435__bubble__d4476470__c0.mp4,0.290204,0.299184
generic__152077a5b2e9ecb98c83d24bd2c2d3c0ce349e29__蘑菇力__v75__scooter__f217b500__c0.mp4,0.08104,0.044967
exact-r1__623a70f05bf53aa3dd7e02808f409d8dafde1d7c__爆炸菇（爆炸后）__v617__scooter__b8963715__c0.mp4,0.117593,0.169249
exact-r1__db5946ea1cbac3f670575cbc00262fee4918e14a__炸虾菇__v1372__flag__e3021cc8__c0.mp4,0.218908,0.184576
exact-r2__730702bed82aaf1a0c1093664b6b45d5254520a9__爆炸菇（爆炸前）__v723__eyemask__f6753a50__c0.mp4,0.330347,0.293697
exact-r1__392410131274da938ab5d7413fe09371ec7bf3ff__粽子菇__v372__flag__111364cb__c0.mp4,0.156274,0.278596
exact-r2__34b54af8a5899c7c22353eaac7f1689280af08bd__蘑菇力__v350__scooter__5163f449__c0.mp4,0.073096,0.167921
generic__b166561176afda3a52cc9957753e6b2a097c6778__爆炸菇（爆炸前）__v708__glasses__ebc7f03d__c0.mp4,0.078443,0.1531
base-noprop__691bb9a71d598e287cbef46044bd6aef8fa79960__爆炸菇（爆炸后）__v0__8dfaef03__c0.mp4,0.245679,0.301927
exact-r1__c3ddf9205086e5bee83b50f2c6758e8462dc5ace__爆炸菇（爆炸前）__v1224__coffee__a6ddb6ff__c0.mp4,0.36659,0.469792
exact-r1__631681b89d48f73fa9b84e8c908a589e6776cc2c__爆炸菇（爆炸后）__v623__scooter__7a01a60b__c0.mp4,0.593558,0.595849
exact-r1__49e4303b44fcc27a48dcbb9fedc8fd22431b34ff__毒蘑菇__v472__eyemask__5bdac16e__c0.mp4,0.147187,0.208255
exact-r1__bbfb3f8d2ea190b8b909c93b9f01e4a1965419b1__爆炸菇（爆炸后）__v1178__bubble__a0db171b__c0.mp4,0.070088,0.155713
exact-r1__f5956eb61a549d5be8e0160eeae49cb4cbf25a86__蘑菇力__v1548__eyemask__6bd3e0ce__c0.mp4,0.112883,0.14252
exact-r2__d1cbac6a456f79a41730e92a0d258e6c48cc9f72__蘑菇力__v1303__bubble__187cc260__c0.mp4,0.090472,0.17404
generic__5626b130f196987d62f6d0c5c5db38f271c3a918__蘑菇力__v324__eyemask__8aa782fc__c0.mp4,0.039537,0.044885
exact-r2__79338d48a690fd016313c198f04a3dc484b6e14f__毒蘑菇__v755__flag__ebd0d94e__c0.mp4,0.140215,0.196546
base-props__1d5a1c958b3030b64164f55cfb9fdefdf2716651__汉堡菇__v107__flag__30c943b7__c0.mp4,0.35477,0.368218
base-props__58a25304d5897daa19607fb3b5ce8c1f9d1c340f__爆炸菇（爆炸前）__v335__bubble__54c5e930__c0.mp4,0.083719,0.135654
exact-r1__98e308331e62de84e949c3e924bcff35f3f6c9bf__毒蘑菇__v946__bubble__f8dd16ce__c0.mp4,0.217561,0.355067
exact-r1__10f08b45f5b437b36ac2c7a288fa49b307a4fdb7__蘑菇力__v102__coffee__0ac3f68e__c0.mp4,0.197633,0.291609
generic__6347b4fdacef12020e4808533f7022e254119900__吐司菇__v376__glasses__2acf789a__c0.mp4,0.030781,0.132625
exact-r1__f9aacc031f16f9d76920841e54cb3bc2de5ee57e__爆炸菇（爆炸前）__v1569__bubble__b5c942fa__c0.mp4,0.053303,0.161261
exact-r2__79aac7243697f42e910ae6d4b6bf107bbdc52ab9__毒蘑菇__v758__flag__9622a734__c0.mp4,0.175015,0.225781
generic__b2678863871b99530ba9e74fef126b3d90508f99__爆炸菇（爆炸后）__v712__eyemask__532028ec__c0.mp4,0.072403,0.13543
exact-r2__b5b06b57ef9e8b2cf1280a5501a7a89f0d45f8b4__粽子菇__v1125__bubble__fe0344a1__c0.mp4,0.144713,0.184758
base-noprop__3e0263de42d2cb0db2374a5b45278fcc7a471c0b__毒蘑菇__v0__5fc71fd5__c0.mp4,0.10086,0.143177
base-props__143077ed5c3203470357eefbac685c008578ef31__炸虾菇__v73__crown__15d9b9b3__c0.mp4,0.06383,0.151524
exact-r1__da37f786e8b4ef0d7e9d8762ea49af897cc15b9d__汉堡菇__v1366__flag__bcb00b8b__c0.mp4,0.329675,0.354109
exact-r2__372c7ce27e46c7f4d9e0604e9cd9045cf4bdec52__粽子菇__v362__flag__cffdcb8f__c0.mp4,0.309346,0.346935
exact-r1__295ec2fac111fb5afa6570ecaff44ee23b6282e7__蘑菇力__v270__flag__1f2f782d__c0.mp4,0.143804,0.19704
exact-r1__172a155e787da9a4c0e06a8d4aeb9f7404e81fd4__爆炸菇（爆炸前）__v150__glasses__7547fad3__c0.mp4,0.600204,0.533098
base-noprop__4de2aa1e433a559a98b48c7eccf7684f044f0cc9__吐司菇__v0__c1d4c5db__c0.mp4,0.127098,0.162088
exact-r2__f1498f3a3c3245f137f45ef7171fbad768a30f29__毒蘑菇__v1519__glasses__ecf6838e__c0.mp4,0.158388,0.30539
base-noprop__58c718f0a628fc78ed40a56ba41c1f7d385533e5__吐司菇__v0__4a89ed6f__c0.mp4,0.111496,0.158802
base-noprop__66f41d2f3f0f61298257e508840f1163992f0311__炸虾菇__v0__194587c6__c0.mp4,0.377942,0.373715
generic__b4b495bee5ab16d6e8983a341ab6f3d948ed5f6c__爆炸菇（爆炸后）__v719__eyemask__b58922f7__c0.mp4,0.0,0.088508
base-noprop__c5e43dd5e62f17a4edf36f4eec759833b39bd954__粽子菇__v0__8775ea40__c0.mp4,0.213593,0.204721
exact-r1__f22c2c3174baabfeb05464668cbd01f44b487560__毒蘑菇__v1524__glasses__ae8ba618__c0.mp4,0.122899,0.143093
base-noprop__190a31ba334eafd595032f1742e0cdf9b9183281__炸虾菇__v0__d4a9a588__c0.mp4,0.076793,0.16345
base-noprop__2e743de79a09fe6b92bd9666baeed5733a188d07__毒蘑菇__v0__7246878b__c0.mp4,0.397093,0.357996
base-noprop__5cd87e0e73b2c6ed3b794bb426544d934c63d371__粽子菇__v0__b1a5b234__c0.mp4,0.264075,0.282417
exact-r2__925f4fc967e14c8e90c385f11e3c899b2fa6c14c__爆炸菇（爆炸前）__v910__flag__913dfdf0__c0.mp4,0.302927,0.315948
exact-r1__79f230727aabe8ef102ae19bed33d5a83a2045ee__毒蘑菇__v761__flag__c45f48b5__c0.mp4,0.092328,0.167185
base-noprop__11cbd6bb7e2ef5f62a971e19d40e2ef2d0d3b3f7__炸虾菇__v0__17c05d5f__c0.mp4,0.049303,0.131144
exact-r1__44993cb2159040cd5c551870f50670ead8e9a055__吐司菇__v434__bubble__97241be1__c0.mp4,0.203918,0.280704
base-noprop__45ec56f5f20bca20bb45a07b0652cb24f9a8a27f__毒蘑菇__v0__a60b4536__c0.mp4,0.094598,0.172744
base-noprop__3dae41227ff60a4b209b7b13235ac3a5ab6a6106__粽子菇__v0__9dd8bd65__c0.mp4,0.686827,0.658673
base-noprop__29af5842d44da656007592c88ff0c6c1e5b6fe39__汉堡菇__v0__90efa81e__c0.mp4,0.29968,0.324089
generic__3ea8cf079e959693153dd04695b6f05e21f1dca3__爆炸菇（爆炸前）__v230__eyemask__1ad1dfde__c0.mp4,0.057095,0.134167
exact-r1__4912cf7d31eb5fe829404518396c23ded5f669ac__粽子菇__v466__glasses__1a4e2b7c__c0.mp4,0.362273,0.353185
exact-r2__b9a30f48e83d3a6f856772d9db5ce9ffdbec4263__蘑菇力__v1156__crown__cbeb6f3f__c0.mp4,0.399104,0.371719
exact-r1__b82c22aabf22370980516e8553f71b8cb79dce6c__蘑菇力__v1147__crown__72609b7f__c0.mp4,0.455274,0.477763
base-noprop__28a9118cfcb39ecdaa356dae1cfd75d6409d77fc__蘑菇力__v0__f7fe2916__c0.mp4,0.059564,0.138267
exact-r1__2501c3780339f5d59c1798b6a6ec028ad77dfb93__炸虾菇__v234__eyemask__e07c8387__c0.mp4,0.048392,0.120227
base-noprop__58f1eb94dfa1635a5bd8ef3c9f0f7ca945b65730__吐司菇__v0__6517c5cf__c0.mp4,0.116114,0.110159
exact-r2__579b7375a39c56aa97ed82de55ae9d9e7096a3db__汉堡菇__v558__scooter__207a7f1a__c0.mp4,0.190563,0.219345
exact-r1__5ab5a9fe0160f015289953c92ae280e9b992230a__炸虾菇__v575__coffee__0e40ace4__c0.mp4,0.272328,0.273108
base-noprop__3ab5e095ea7925663c71572cdf310f6c6d4c208d__爆炸菇（爆炸后）__v0__52ea9b94__c0.mp4,0.252311,0.283936
exact-r2__2501c3780339f5d59c1798b6a6ec028ad77dfb93__炸虾菇__v234__eyemask__e07c8387__c0.mp4,0.082733,0.133309
generic__58a25304d5897daa19607fb3b5ce8c1f9d1c340f__炸虾菇__v335__coffee__c245ba49__c0.mp4,0.081912,0.144053
exact-r1__3550d4d593884e660092f1bb1c9c8c880eb3e04f__吐司菇__v353__glasses__368117e2__c0.mp4,0.472762,0.406353
base-noprop__3eb6d97760f838a366c3ddc9c5fe31024af3ddd6__粽子菇__v0__16c5c924__c0.mp4,0.092556,0.152108
generic__e6e98683f20bb8f7f894e3c8abc003b9df6e8bcf__炸虾菇__v899__glasses__b0bc1b47__c0.mp4,0.032055,0.145872
base-noprop__2276ebe5ea41733077c3d5d88d4cdb9e6f3ef7ef__粽子菇__v0__474a165b__c0.mp4,0.034958,0.124788
exact-r1__f16563383dc7f5abb88446494148bd692e6b4a57__爆炸菇（爆炸前）__v1520__scooter__ad0ffcf2__c0.mp4,0.118409,0.150322
exact-r1__655591f8a2e3f43e7dd87e08844065a68a1b8e56__爆炸菇（爆炸后）__v642__flag__3196f35d__c0.mp4,0.206025,0.317671
exact-r1__c007a585fe1a51f120df3496d8ad08b0ae893f04__爆炸菇（爆炸后）__v1197__bubble__06bd52b6__c0.mp4,0.125867,0.134318
exact-r2__48edbebb09f4066019f3a893bd82184d9bdce8fd__粽子菇__v465__scooter__e0849fdb__c0.mp4,0.476843,0.536344
base-props__b5751664c907d7f8d89a1aa58474e961773ea73a__粽子菇__v722__crown__72c9a4ea__c0.mp4,0.228847,0.269244
exact-r2__c5d4f69fc5cf3a4abccb8fe4f3a2132f7aeb0be7__汉堡菇__v1233__glasses__b62890cf__c0.mp4,0.197824,0.279189
exact-r1__7e246fadacbc4777412514b06881f29674ac1928__炸虾菇__v785__glasses__9710d0be__c0.mp4,0.157693,0.184593
base-noprop__50ad428af3b86412de8a648a8194cebfd6685400__汉堡菇__v0__22c66e78__c0.mp4,0.259863,0.232591
base-noprop__cd19e3a058e1dc2909d79dd0b89fd5e5cf73511a__炸虾菇__v0__5af0724a__c0.mp4,0.45065,0.450236
exact-r1__256b55303d2ece49031dba768c8d8f85b8dabced__炸虾菇__v240__eyemask__ac4ffce8__c0.mp4,0.039228,0.034846
exact-r1__5ec48c31e3fd972fc72bf195943b25096d9ca8c4__吐司菇__v594__scooter__71275745__c0.mp4,0.488854,0.467507
exact-r1__ef123ce1074347b28af71845b5364e749c42bcbc__汉堡菇__v1500__bubble__e51c62cd__c0.mp4,0.094628,0.171604
exact-r2__ed98d430cfc74099d974a69750bfeda82a103b4a__汉堡菇__v1493__bubble__55c2eb70__c0.mp4,0.079435,0.156972
base-noprop__507ce1e393891e0f47c90aad7b6087098ce6304a__粽子菇__v0__6c9fdee3__c0.mp4,0.192382,0.287468
exact-r1__33d714d07ed58707502e0cad0672a54b727a5a41__吐司菇__v344__glasses__22f7b751__c0.mp4,0.170327,0.221384
base-noprop__558e28ebbd5a1e6d7bade4cd30fc31f3ed07c04a__吐司菇__v0__2cc58210__c0.mp4,0.193652,0.189799
exact-r1__d1421700ee76ec45f316995b2b67134842993c43__蘑菇力__v1298__bubble__4135c74b__c0.mp4,0.116311,0.158682
exact-r1__4baf0c3670d0d31b9712fc59c41fa5508370fc1f__粽子菇__v483__glasses__48c341d3__c0.mp4,0.108458,0.235658
exact-r1__d9c72591547a6b046fa0ac574d4e8ba2273f59df__炸虾菇__v1362__flag__04df131e__c0.mp4,0.450958,0.284042
exact-r1__336d65b0699f567902b54ca9b3d4fd081d7a57d0__爆炸菇（爆炸后）__v341__coffee__edb5f1f3__c0.mp4,0.30347,0.355737
exact-r1__b4eae72bed7b19f3df518a28e1218285d7456c4f__粽子菇__v1118__bubble__a39f354f__c0.mp4,0.100018,0.183879
base-noprop__3ffac087311686944bd2b516eff9fa75861a7c9d__炸虾菇__v0__6cf917bf__c0.mp4,0.045993,0.08299
generic__990a5c189a868ed25f5694947f8062340a1d1df7__粽子菇__v620__scooter__e38c10af__c0.mp4,0.059711,0.137482
exact-r2__17267cdbab13c63bd29a987952c0bc6e4a671ac3__爆炸菇（爆炸前）__v149__glasses__abaa048b__c0.mp4,0.270995,0.278237
exact-r1__46ad1d7fc06fae0ddf3af206d3ae023bd4b24aae__爆炸菇（爆炸后）__v449__glasses__697a2609__c0.mp4,0.637318,0.576046
exact-r1__24fd5a5b571589bad02d82bc90600f51cc7bcb81__炸虾菇__v233__eyemask__101863ea__c0.mp4,0.061299,0.138354
base-noprop__479cfaa7ed9751d704a007cccb8dbebcb4fc8765__汉堡菇__v0__1056d238__c0.mp4,0.09925,0.160848
exact-r1__b5c8a38b966307c4b2025faa44a1c0ba9856fd43__炸虾菇__v1126__bubble__27c917b3__c0.mp4,0.070968,0.141643
base-props__b2d3b11f7cc10d19163a3940e12f64f147409d54__爆炸菇（爆炸后）__v713__eyemask__9658b52b__c0.mp4,0.09932,0.175285
base-noprop__2236ddd1a25d7ae2e190062eb0a1d6d87088db82__爆炸菇（爆炸后）__v0__5c6b2b31__c0.mp4,0.142029,0.148705
base-noprop__07c58fa6b177896d1bf3bafc1798b4388f51e9a6__毒蘑菇__v0__3077dfa3__c0.mp4,0.40421,0.417562
base-noprop__9fe84a46a5b7258d9185e38e64539dfb315c00ea__粽子菇__v0__44a6634a__c0.mp4,0.318505,0.280061
base-noprop__0eaa401fc0b89ae5782586ac9dd79898a8983222__炸虾菇__v0__258a056e__c0.mp4,0.069679,0.166137
exact-r1__4684d4e3cc283d2f82a830567f416163b041076b__吐司菇__v446__bubble__997c9000__c0.mp4,0.198821,0.172934
base-noprop__068f87e6d8c098db1a68eaff2a959baa9dd07959__吐司菇__v0__09f67355__c0.mp4,0.369754,0.337194
base-noprop__fa699bfb0ad829980890a6fa14ad0c0db8626180__粽子菇__v0__ead9b5b4__c0.mp4,0.235869,0.282128
exact-r1__4691ed1843f8b20fbb9d94d74fa655f6e6d960bb__吐司菇__v447__bubble__317c9c87__c0.mp4,0.098522,0.155533
exact-r1__17267cdbab13c63bd29a987952c0bc6e4a671ac3__爆炸菇（爆炸前）__v149__glasses__abaa048b__c0.mp4,0.317904,0.362823
generic__6612290f63285f5c6f418d9a0bf7cc9e8ad3a7e6__吐司菇__v388__glasses__cde9ea13__c0.mp4,0.517474,0.441443
base-noprop__125de5a624888f2f256cc2f63735a38929203bb9__爆炸菇（爆炸后）__v0__bf097b54__c0.mp4,0.03552,0.179764
exact-r2__55d0a552371088436d3780e0920102745a9833f1__汉堡菇__v546__scooter__2d2219a1__c0.mp4,0.113017,0.18703
exact-r2__b6387d6187a3435f57004a2d043d191ad76a9ced__炸虾菇__v1130__bubble__3f98ead1__c0.mp4,0.174688,0.216283
exact-r2__2495cb6a02eecbe6b15ad5481af9e0812f316e44__炸虾菇__v230__eyemask__37c59cc4__c0.mp4,0.341031,0.29595
exact-r1__66c31723dc12306b4f0c1044a74ebf104e0824d8__爆炸菇（爆炸后）__v652__flag__aa0b5ed5__c0.mp4,0.305691,0.26657
exact-r1__64f7ba46c3c16764be8347709ee03ebee90d68c2__爆炸菇（爆炸后）__v639__flag__116680dd__c0.mp4,0.407241,0.480795
exact-r2__04dc11f346bd2c0253418f8edd6a7187fb43f805__粽子菇__v32__coffee__f33e0d36__c0.mp4,0.371528,0.414217
exact-r2__3550d4d593884e660092f1bb1c9c8c880eb3e04f__蘑菇力__v353__scooter__f9ccfe72__c0.mp4,0.573705,0.51695
exact-r2__f11cad00ba6f8dcd0db7e9dfcdef26e58638052e__爆炸菇（爆炸前）__v1517__scooter__826b44a1__c0.mp4,0.355897,0.326653
exact-r1__71e12148011f61cd348e6d50e16951a7d46be83f__吐司菇__v715__flag__38022f2f__c0.mp4,0.09097,0.183114
exact-r1__7da73bccaac018dfba8c400a2b8c3e42302f427e__炸虾菇__v780__glasses__986387a9__c0.mp4,0.216279,0.272174
base-noprop__746da3c174acbb5da8858bffe05b68335dae3406__爆炸菇（爆炸后）__v0__c6b383bd__c0.mp4,0.270666,0.273665
base-noprop__182f83da0bcf36703e4fd5d1e28bc4008296ecaa__汉堡菇__v0__ceef1214__c0.mp4,0.108801,0.16207
base-noprop__28a9118cfcb39ecdaa356dae1cfd75d6409d77fc__吐司菇__v0__7c71d183__c0.mp4,0.0441,0.095775
exact-r1__48edbebb09f4066019f3a893bd82184d9bdce8fd__粽子菇__v465__glasses__ce906ac5__c0.mp4,0.268251,0.309986
exact-r2__4750d9b5e622a065f63c02791c5880240fb4ec9a__爆炸菇（爆炸后）__v455__glasses__5c410dcd__c0.mp4,0.451329,0.403399
exact-r1__3550d4d593884e660092f1bb1c9c8c880eb3e04f__蘑菇力__v353__scooter__f9ccfe72__c0.mp4,0.685583,0.688211
base-noprop__182f83da0bcf36703e4fd5d1e28bc4008296ecaa__炸虾菇__v0__8c812082__c0.mp4,0.133615,0.174476
exact-r1__46a88b94d8c5451f884baeac062b15b148ad8fe6__吐司菇__v448__bubble__66e4b2cb__c0.mp4,0.138997,0.197287
base-noprop__f64e1c17ba334819ca417f708e64e97d2aba7b05__爆炸菇（爆炸前）__v0__5f404b24__c0.mp4,0.084608,0.152866
exact-r1__63c6cd5b6ce97c724c348a679627c9f637af97f7__毒蘑菇__v627__scooter__2948a84e__c0.mp4,0.348417,0.338723
exact-r1__2476217f1ef403570cab61bc600a1590bb5c33b0__汉堡菇__v228__eyemask__1f5e8f4e__c0.mp4,0.109263,0.145131
exact-r1__357d37772683c7c8ff2944404f39eed890de66ab__吐司菇__v356__glasses__c2530ae8__c0.mp4,0.351754,0.348169
base-noprop__3a465276b3c4381b5603d70c17849c8e1edf6d9c__蘑菇力__v0__83fb4f4c__c0.mp4,0.043291,0.157684
base-props__9988ed6b8baec6b7f72e2a2f31784ecde8be7eb5__毒蘑菇__v623__crown__7de73eb3__c0.mp4,0.185977,0.201606
base-noprop__701e58d8fd0b9629cc0d3b9aec0136dcfd79a9f4__粽子菇__v0__69c312f2__c0.mp4,0.052885,0.149391
exact-r1__04df965f1463854b338ef365bd1c58499ad56d97__粽子菇__v33__coffee__421152c0__c0.mp4,0.394829,0.320625
exact-r1__63f03d9dd9794eff85cfc7b301e8768d91c5ed15__炸虾菇__v628__scooter__8d993de5__c0.mp4,0.236713,0.204319
base-props__612d49f90c5839a0aeee3644992dde5a2e25df17__爆炸菇（爆炸前）__v370__flag__44b9d3da__c0.mp4,0.033688,0.102922
exact-r1__037c5682bf3ce681096350171ef6542110f90174__爆炸菇（爆炸后）__v23__eyemask__0ab7bcf3__c0.mp4,0.251842,0.217012
exact-r2__66d87cc94688950f69cb883873f0307161008b73__爆炸菇（爆炸后）__v654__flag__ca7185cd__c0.mp4,0.343137,0.325668
exact-r1__b901df6d48d37ba439b3b2ce4f18d1b9073a8d64__粽子菇__v1155__eyemask__3bd84047__c0.mp4,0.25217,0.353752
exact-r1__57b60835a5265c7f59de17f5f821162644546334__汉堡菇__v559__scooter__89620044__c0.mp4,0.054244,0.133606
base-noprop__354f3e4b6107ffa5548e933c67773e98971848fa__毒蘑菇__v0__cea99c8a__c0.mp4,0.430419,0.377793
exact-r1__626b6bd3e31f1f1f566ad8589123249d6c71e87e__毒蘑菇__v620__scooter__78f5bda9__c0.mp4,0.237121,0.296727
exact-r2__3296e3025fe5db65ce1e18e8abd3114afdfdc5da__蘑菇力__v335__scooter__d7fc43bc__c0.mp4,0.186706,0.297088
exact-r1__6ecf3f0f4225021b452259474775f15784e9d0b5__汉堡菇__v703__coffee__80f515e1__c0.mp4,0.112719,0.167613
base-noprop__c5e43dd5e62f17a4edf36f4eec759833b39bd954__炸虾菇__v0__e7716b84__c0.mp4,0.348204,0.298274
base-props__edcc9cb357e76382c3dd66231b56a5f4c6ef4e4b__毒蘑菇__v926__eyemask__c1ae514b__c0.mp4,0.180771,0.165872
base-noprop__c884f9c5b1342e1e182de98d0015811298454d88__粽子菇__v0__70c1de11__c0.mp4,0.439614,0.427684
generic__58c718f0a628fc78ed40a56ba41c1f7d385533e5__炸虾菇__v336__coffee__07074ac5__c0.mp4,0.138596,0.176005
base-noprop__084b3e71188f9a2159d683c11a6ad5bd65815355__毒蘑菇__v0__952a718c__c0.mp4,0.09706,0.150417
exact-r2__ed679bf8d7bd4623332c2f7947931f6f01737729__汉堡菇__v1490__bubble__5ee6a125__c0.mp4,0.310297,0.344298
exact-r1__95470d11e964ab0d3fa582e69f2b2efcc08ad121__汉堡菇__v929__crown__10d3d173__c0.mp4,0.215855,0.320406
base-noprop__e245e3cfc41c9b8a7f3e19965bae1bd8876cb0b0__爆炸菇（爆炸后）__v0__e7140f13__c0.mp4,0.102086,0.1962
exact-r1__46efe225dec2d1e5429fa9bf2a6c0d66fc5cb87e__粽子菇__v450__scooter__3d08f725__c0.mp4,0.106161,0.17367
generic__068f87e6d8c098db1a68eaff2a959baa9dd07959__粽子菇__v24__coffee__cd2a73a3__c0.mp4,0.225439,0.273667
exact-r2__b69d2742a4ef7e4ca827e3e4c6d1452155aa6e09__毒蘑菇__v1136__crown__b097a968__c0.mp4,0.273862,0.262035
base-props__0ab9e3bf089c71e2d454a42c0c8b656934192f80__爆炸菇（爆炸后）__v44__crown__c5344dbf__c0.mp4,0.476173,0.471367
exact-r1__b8e76f1c0df38ab538fd59b261f5e83e3a03beb1__粽子菇__v1154__eyemask__4595dd7c__c0.mp4,0.527961,0.430053
base-noprop__26dbb8ae31663566874e3c69116675e0a5c2f687__蘑菇力__v0__9d644c99__c0.mp4,0.091698,0.135471
generic__938e01d47782dafc5547713c187bfbca30a0ae08__汉堡菇__v589__coffee__25daa877__c0.mp4,0.051597,0.142555
base-noprop__556de27b0d0679c58d037153bf13f376557bb4da__爆炸菇（爆炸前）__v0__a5015c22__c0.mp4,0.326101,0.288812
base-noprop__ea77208c520ab108b30a7e6f72eddb04638cca12__爆炸菇（爆炸前）__v0__a47be7c4__c0.mp4,0.049035,0.145741
exact-r1__fbdd191de8c08cfe552110874ac9775d322eb9cb__爆炸菇（爆炸前）__v1588__bubble__ad548802__c0.mp4,0.021647,0.141384
base-noprop__5cd87e0e73b2c6ed3b794bb426544d934c63d371__爆炸菇（爆炸后）__v0__322e22bc__c0.mp4,0.649248,0.61339
exact-r1__e7559760a0cf2b04b9b127f73bc5ed4e714ab9d4__吐司菇__v1450__eyemask__3722b5d8__c0.mp4,0.237972,0.291371
exact-r1__5792b571d04839ed3272dd104d55b0487c87cd92__汉堡菇__v557__scooter__98e3edc3__c0.mp4,0.366997,0.344235
base-noprop__556de27b0d0679c58d037153bf13f376557bb4da__炸虾菇__v0__ed462b1e__c0.mp4,0.18974,0.200984
base-noprop__39be581d9da2322344f235ccd87fa0ac2a6a333b__吐司菇__v0__c5fb379d__c0.mp4,0.135454,0.152611
base-noprop__570ddf635a3d56fb1f5c3aa1b95e854782191387__爆炸菇（爆炸后）__v0__7365be7b__c0.mp4,0.092969,0.194942
exact-r1__f23a5817d62daff5e4ed3e570e64d38eb22a9abd__毒蘑菇__v1525__glasses__45b7a72b__c0.mp4,0.197237,0.207405
exact-r1__5101800527787a720423bc1b750352a08d3932ce__吐司菇__v512__coffee__7f6ad833__c0.mp4,0.701821,0.673271
exact-r2__90670fc8fcb427723ab341cff42c86190936e160__粽子菇__v898__crown__be383a78__c0.mp4,0.275499,0.331011
exact-r2__d9657e5af5e0c9e5c71b7d15425af2bf7fc9de96__汉堡菇__v1360__flag__ffb3b643__c0.mp4,0.069182,0.149558
base-noprop__45160a3209fab0c464a72ff9098bde522b4e0264__蘑菇力__v0__757bca6f__c0.mp4,0.396647,0.433663
exact-r2__626b6bd3e31f1f1f566ad8589123249d6c71e87e__毒蘑菇__v620__scooter__78f5bda9__c0.mp4,0.201066,0.297497
base-noprop__50ad428af3b86412de8a648a8194cebfd6685400__爆炸菇（爆炸前）__v0__f9d43491__c0.mp4,0.207244,0.267185
base-props__938e01d47782dafc5547713c187bfbca30a0ae08__汉堡菇__v589__coffee__25daa877__c0.mp4,0.042586,0.049789
base-noprop__50ad428af3b86412de8a648a8194cebfd6685400__爆炸菇（爆炸后）__v0__ecd0b051__c0.mp4,0.197802,0.280962
base-noprop__c5e43dd5e62f17a4edf36f4eec759833b39bd954__爆炸菇（爆炸后）__v0__68e38ee4__c0.mp4,0.441481,0.409378
exact-r2__bf87b999122451ffe16ba26acd9a1f4645ce8587__爆炸菇（爆炸后）__v1195__bubble__45856c4f__c0.mp4,0.298063,0.348296
exact-r1__79ae8c767fab8a728134bca96fd05a6c7030961f__毒蘑菇__v759__flag__982edf73__c0.mp4,0.167174,0.176706
base-props__e9b94ecc359c2f277ccefaf7095c17b14b261bcc__炸虾菇__v909__glasses__5feb0285__c0.mp4,0.144015,0.137965
exact-r1__6f5210c6783fc671391513b74395f4627c0723d8__汉堡菇__v705__coffee__7c7aa96a__c0.mp4,0.648133,0.661473
exact-r1__48043cd413298bba118f12d7404a3ad3aeeeb310__爆炸菇（爆炸后）__v458__glasses__2deb31a3__c0.mp4,0.123599,0.151786
exact-r2__edf6d83472f153c2ece46ef36e248394c76e5bf1__汉堡菇__v1496__bubble__b4ea12f8__c0.mp4,0.110351,0.185511
base-noprop__3d26d6f7fd4d6820fa44e7006dd03dd17e6bf2d7__吐司菇__v0__0d71622f__c0.mp4,0.074612,0.120507
exact-r1__4baf0c3670d0d31b9712fc59c41fa5508370fc1f__毒蘑菇__v483__eyemask__ad4b7148__c0.mp4,0.144586,0.17966
exact-r1__73b1e560833d7bd494868de8fb6f302e613dd17f__爆炸菇（爆炸前）__v728__eyemask__d4e52714__c0.mp4,0.350117,0.368127
exact-r2__c007a585fe1a51f120df3496d8ad08b0ae893f04__爆炸菇（爆炸后）__v1197__bubble__06bd52b6__c0.mp4,0.115128,0.160358
exact-r1__039b1158329dca7566a3c69e1213eb7fbe6b8daf__粽子菇__v26__coffee__b10bc92a__c0.mp4,0.184801,0.182497
exact-r2__157a3a1a49eb383698eb95ee0d106bb10ea0c17c__爆炸菇（爆炸后）__v135__crown__9d29bbe4__c0.mp4,0.511925,0.460573
exact-r2__c29266a464fea2ac37a8605daf8044b752a1f624__爆炸菇（爆炸前）__v1215__coffee__6da6266c__c0.mp4,0.158496,0.177553
base-noprop__c82f72947167e88ffd436a39531a14abf6dee6cf__粽子菇__v0__1ec8f933__c0.mp4,0.064433,0.152927
exact-r1__be7cbb62d9ac6cbffa816aa6aaf03d573485656b__爆炸菇（爆炸后）__v1190__bubble__c1133c49__c0.mp4,0.092303,0.158994
base-noprop__0b9d7a9da15b27871886a629df50e17677f0c915__汉堡菇__v0__abe94fa7__c0.mp4,0.133779,0.17696
base-props__3e0263de42d2cb0db2374a5b45278fcc7a471c0b__炸虾菇__v226__flag__7051c29c__c0.mp4,0.15504,0.15635
base-props__b4922b313b5f45658c57e964eec6e061ed1c765b__爆炸菇（爆炸前）__v718__glasses__d9480773__c0.mp4,0.213703,0.260568
exact-r2__d9ee34f4257cc9a297f03496a5a5d1d1e0c7e782__汉堡菇__v1363__flag__f4786680__c0.mp4,0.246133,0.290126
exact-r1__9044b5fe347fe94eb12e9b0ec747bbc7165f78c0__粽子菇__v896__crown__e3d35b47__c0.mp4,0.461164,0.41111
base-noprop__2770a5b18a2168d768e14e05d09d180635a509fa__毒蘑菇__v0__dd02e971__c0.mp4,0.418726,0.443102
exact-r1__34e339919ebe42baea42c17116629a6037829046__蘑菇力__v351__scooter__2770d7bd__c0.mp4,0.507782,0.529409
base-noprop__cd19e3a058e1dc2909d79dd0b89fd5e5cf73511a__汉堡菇__v0__5e557382__c0.mp4,0.37548,0.458004
base-props__b2dc2ae872b575489bad295a459616c0acd91ca9__爆炸菇（爆炸后）__v714__eyemask__62befacd__c0.mp4,0.058929,0.098366
generic__5b25b451ba447539ebbed136a0d3bcf3025f8863__爆炸菇（爆炸前）__v346__bubble__c741a081__c0.mp4,0.065693,0.140697
exact-r1__b5a50aacc5f4dc6e4b7914385f29189875682f86__炸虾菇__v1124__bubble__c88adb01__c0.mp4,0.043541,0.057228
exact-r1__d1cbac6a456f79a41730e92a0d258e6c48cc9f72__蘑菇力__v1303__bubble__187cc260__c0.mp4,0.126216,0.180388
exact-r1__f1498f3a3c3245f137f45ef7171fbad768a30f29__毒蘑菇__v1519__glasses__ecf6838e__c0.mp4,0.1157,0.238729
base-noprop__3a66d9c0fbd884130c640c5c48ba2017b2ba1095__吐司菇__v0__061a54d6__c0.mp4,0.103618,0.184038
exact-r2__ce89e39196c51aba08cf41d6463ef9d5a4b7cd6d__蘑菇力__v1285__bubble__7e9b6253__c0.mp4,0.366621,0.331728
base-noprop__5f7a925cfccbd70c7926ffccbda6a7e438b86228__汉堡菇__v0__08d6b496__c0.mp4,0.071908,0.148268
exact-r1__1e6455b0ff78fa4766a1d5f30413ea1d0429eb99__毒蘑菇__v187__coffee__cf9a2967__c0.mp4,0.145543,0.174455
base-props__6612290f63285f5c6f418d9a0bf7cc9e8ad3a7e6__吐司菇__v388__glasses__cde9ea13__c0.mp4,0.571281,0.582924
generic__dd6b0b25684c0bddcc56e9fa41e0a0bb3f55e318__毒蘑菇__v857__coffee__7dfbf06a__c0.mp4,0.057237,0.152665
exact-r2__c598e7ae54efed410150f649ba15baf25c397db9__汉堡菇__v1232__glasses__1b102f91__c0.mp4,0.361476,0.4085
exact-r1__568c28419b302ba9d011b3b1da871ae013cff766__汉堡菇__v552__scooter__a57a87ad__c0.mp4,0.489701,0.464266
base-props__152077a5b2e9ecb98c83d24bd2c2d3c0ce349e29__蘑菇力__v75__scooter__f217b500__c0.mp4,0.137773,0.130344
exact-r1__17789a41d67e541a263d512ae6fa1ba305bd6974__蘑菇力__v152__glasses__15a24ce1__c0.mp4,0.314931,0.362128
base-noprop__3f2b9963b32e8779b33756a182ccea735aad5b89__吐司菇__v0__c8a50578__c0.mp4,0.107965,0.165681
generic__b2dc2ae872b575489bad295a459616c0acd91ca9__爆炸菇（爆炸后）__v714__eyemask__62befacd__c0.mp4,0.1166,0.15283
exact-r1__768d4b3fd1d91c8959eb42c24afd92da0bc48cea__爆炸菇（爆炸前）__v741__eyemask__b2117952__c0.mp4,0.076153,0.096123
exact-r2__2554fe92bd1bd8c064abb9c345b6a326d198823d__炸虾菇__v239__eyemask__99b2f130__c0.mp4,0.269524,0.290036
base-noprop__cf4cabe622b3f02cfc5256b5fcd31ea8829ff9ce__汉堡菇__v0__eb785b64__c0.mp4,0.089996,0.134623
exact-r1__b7bea756eea719ee9128d28ce8616fadcb177446__蘑菇力__v1144__crown__7883a3fb__c0.mp4,0.276724,0.342509
exact-r1__62c4b310812464715b031f8b6b51ec5b65e0d3ee__爆炸菇（爆炸后）__v621__scooter__081e2711__c0.mp4,0.195942,0.172472
exact-r2__470a7aa47f649f4fe10fe13dbfba445b46e71eb7__粽子菇__v452__scooter__0475c49d__c0.mp4,0.199905,0.269592
base-props__7674da5ba81befe4b8a9039e9c6b34219152192f__毒蘑菇__v461__glasses__10f004d9__c0.mp4,0.24407,0.180007
base-noprop__3ea8cf079e959693153dd04695b6f05e21f1dca3__蘑菇力__v0__c61d7abd__c0.mp4,0.055598,0.139327
exact-r1__338cad74e1b34cf14302e8a7a7770bff072e14d8__爆炸菇（爆炸后）__v343__coffee__cc41379d__c0.mp4,0.559476,0.527489
exact-r1__64f24c794aa94f916e4cfb3d08239c8cce08ae8b__爆炸菇（爆炸后）__v638__flag__c23892c5__c0.mp4,0.119009,0.15009
base-noprop__05ac9abf4092d7eda364b995ce814f0c2859bf3c__毒蘑菇__v0__64ae6c86__c0.mp4,0.059835,0.109979
exact-r1__4750d9b5e622a065f63c02791c5880240fb4ec9a__爆炸菇（爆炸后）__v455__glasses__5c410dcd__c0.mp4,0.368689,0.33656
exact-r1__78ef7e5e758387759b0edeb5d288c14dd38efee1__毒蘑菇__v754__flag__3596f3a9__c0.mp4,0.036199,0.061643
exact-r1__4ad750ed37eb0ade2e0d9bf6801c7c417a005531__粽子菇__v478__glasses__d4b6bdd0__c0.mp4,0.381196,0.355359
exact-r2__60a81de5057115bd0b3452e8e8309f1f536ac3b7__毒蘑菇__v609__scooter__51bd992f__c0.mp4,0.167925,0.178113
exact-r2__5f7fb1ceb4b48f45e4f8bd8b3b86312976e2872e__吐司菇__v598__scooter__b4fb54ed__c0.mp4,0.647099,0.582109
exact-r1__b4bc5d9a39711e181bd7233cb5e38a348642950f__粽子菇__v1116__bubble__457c7996__c0.mp4,0.061183,0.159257
exact-r1__b6f0ebc5fde8d5c7e26e23c7ad4b472e8dc0a955__蘑菇力__v1139__crown__0b1fbd3d__c0.mp4,0.175096,0.325123
exact-r1__64f05b3d914bb69ca68d1d101fb3ac8bca6ac483__炸虾菇__v637__scooter__6ecc2e35__c0.mp4,0.076147,0.140266
exact-r1__d43f45e1575283f7a4947a8817a222ab1e2f44ae__炸虾菇__v1318__crown__72012d99__c0.mp4,0.285321,0.354863
base-noprop__c3ad0151cf012ab92fe134a98d4a74d428a02c98__炸虾菇__v0__835debb4__c0.mp4,0.098486,0.12404
generic__3e0263de42d2cb0db2374a5b45278fcc7a471c0b__炸虾菇__v226__flag__7051c29c__c0.mp4,0.137896,0.13282
exact-r1__2495cb6a02eecbe6b15ad5481af9e0812f316e44__炸虾菇__v230__eyemask__37c59cc4__c0.mp4,0.1519,0.174867
base-noprop__56bc114155a57e47100a6759d7b78d0befdb0a1f__蘑菇力__v0__fdcdf91b__c0.mp4,0.087691,0.142274
exact-r2__044176e563bd0ca37fa16a6ebe34899138633a40__粽子菇__v28__coffee__6edeef2d__c0.mp4,0.566566,0.507781
exact-r1__63f03d9dd9794eff85cfc7b301e8768d91c5ed15__爆炸菇（爆炸后）__v628__scooter__1e4ffb85__c0.mp4,0.077673,0.109329
exact-r1__c4bc889e53e3b7c097389fd3251b96bb18d2cf89__汉堡菇__v1229__glasses__4f6633c0__c0.mp4,0.153207,0.16404
exact-r2__f9d979263ca90b8d782fab2b3ee4583fc05533f7__爆炸菇（爆炸前）__v1573__bubble__9842ef1a__c0.mp4,0.225133,0.271259
exact-r1__d9657e5af5e0c9e5c71b7d15425af2bf7fc9de96__炸虾菇__v1360__flag__4356cda3__c0.mp4,0.076583,0.156039
base-noprop__c3ad0151cf012ab92fe134a98d4a74d428a02c98__汉堡菇__v0__95b484d7__c0.mp4,0.076539,0.137062
base-noprop__701e58d8fd0b9629cc0d3b9aec0136dcfd79a9f4__爆炸菇（爆炸前）__v0__939efe02__c0.mp4,0.135724,0.151301
base-noprop__1df7005fbb426ec84155f9de604e394437faec56__蘑菇力__v0__3d516394__c0.mp4,0.070782,0.152735
exact-r1__4b73dcb962cbfd0a121d5292b514c93b57ca1509__粽子菇__v481__glasses__fc5a00e3__c0.mp4,0.324748,0.323859
base-props__ef01e3e16837353e5fa278ba9d8c3a02e714ae93__毒蘑菇__v931__eyemask__80d334ac__c0.mp4,0.159654,0.192532
exact-r1__f4391007a9614180b36c5a425ae726846b1ea5a6__蘑菇力__v1539__eyemask__009061a7__c0.mp4,0.133754,0.173657
exact-r2__15f75abcba4174a7e03174d2ba8fa27b95e7f5ff__蘑菇力__v140__glasses__5c91f6c0__c0.mp4,0.137168,0.142151
exact-r2__295ec2fac111fb5afa6570ecaff44ee23b6282e7__蘑菇力__v270__flag__1f2f782d__c0.mp4,0.107563,0.174801
base-noprop__6f80f6f55013cf4bdc25f285b4d3df54365756f7__汉堡菇__v0__8a109e22__c0.mp4,0.015148,0.166586
base-noprop__2a80b5bbf9bfc43cc9607c64804c1876ee75a6f2__吐司菇__v0__7cb92347__c0.mp4,0.159042,0.144747
exact-r2__b856a1d79624bd047e5d93374c319a973d73e62e__蘑菇力__v1149__crown__12fea823__c0.mp4,0.217432,0.275229
exact-r1__92701c4890bfa8037986aa613bac5b8b817f1d93__汉堡菇__v913__crown__84118245__c0.mp4,0.296872,0.334672
base-noprop__298931f62e1fcd1c182d348d865aefe21b2f1a4b__毒蘑菇__v0__6f04026b__c0.mp4,0.17316,0.191366
exact-r1__60a81de5057115bd0b3452e8e8309f1f536ac3b7__毒蘑菇__v609__scooter__51bd992f__c0.mp4,0.076513,0.153046
base-noprop__f64e1c17ba334819ca417f708e64e97d2aba7b05__汉堡菇__v0__d05e23c8__c0.mp4,0.189776,0.191821
exact-r2__44993cb2159040cd5c551870f50670ead8e9a055__吐司菇__v434__bubble__97241be1__c0.mp4,0.243289,0.3187
exact-r1__8ff33cc752671edcac45e85fe3fb2364ba8650d7__粽子菇__v894__crown__a832649f__c0.mp4,0.311263,0.310384
exact-r1__1f7833393cfd7a7fd3faa088f0b95515c659a529__毒蘑菇__v193__coffee__a6765f8b__c0.mp4,0.134435,0.326339
exact-r2__171b01e62180767a46c70dc987e6dd7a7b472e97__蘑菇力__v148__glasses__0b94f1a4__c0.mp4,0.380758,0.358122
exact-r2__2476217f1ef403570cab61bc600a1590bb5c33b0__汉堡菇__v228__eyemask__1f5e8f4e__c0.mp4,0.105926,0.206145
exact-r1__73afa897ca03b7b1fe86810570a9bd774d604c2c__爆炸菇（爆炸前）__v727__eyemask__f07809e3__c0.mp4,0.152861,0.241035
exact-r2__48edbebb09f4066019f3a893bd82184d9bdce8fd__爆炸菇（爆炸后）__v465__glasses__5508a275__c0.mp4,0.548786,0.543078
exact-r1__c1c8f50e04d9360f9734313b06780f6e0609fa1f__爆炸菇（爆炸前）__v1207__coffee__58598a42__c0.mp4,0.530561,0.540404
base-props__b166561176afda3a52cc9957753e6b2a097c6778__爆炸菇（爆炸后）__v708__eyemask__f8083751__c0.mp4,0.02175,0.105824
generic__a3ea0638c0bec1fb0f4c997a373d36ead037e385__粽子菇__v665__glasses__a3923a49__c0.mp4,0.037739,0.13363
exact-r1__c7ad00b677c45e8f5009f4a0740dfa6c109a6eee__汉堡菇__v1244__glasses__0a8c1553__c0.mp4,0.343705,0.309988
base-noprop__013962c09c352134ee0d785c579d7b5e97c4b629__汉堡菇__v0__ef4a1376__c0.mp4,0.096347,0.201644
base-noprop__143077ed5c3203470357eefbac685c008578ef31__吐司菇__v0__7563b70e__c0.mp4,0.047898,0.135877
exact-r1__913093deac6198ad65ba3e8925974f83e021d41b__爆炸菇（爆炸前）__v902__flag__7a5b4086__c0.mp4,0.17973,0.226921
base-noprop__ccb6b1d206606a8d4ddb34ae7e70a1dfb2cd49ba__炸虾菇__v0__e7a2db12__c0.mp4,0.131686,0.194129
exact-r2__92d7bb39237f675b3076e7ae79f0ec800ee34bfd__汉堡菇__v915__crown__bc24fe8e__c0.mp4,0.081558,0.159407
base-noprop__e17297a1dbbf07dbe3fecb987321a5713158816b__粽子菇__v0__108d4101__c0.mp4,0.203671,0.228945
base-noprop__36be73a15cf37206fd7e42ba1a164bb08d4ac477__蘑菇力__v0__696670df__c0.mp4,0.071408,0.099294
base-noprop__08447ead47d19cdf9b918908077ea735b8029732__炸虾菇__v0__0e65d755__c0.mp4,0.154415,0.226571
generic__07c58fa6b177896d1bf3bafc1798b4388f51e9a6__粽子菇__v33__coffee__8258b5f3__c0.mp4,0.275342,0.290752
base-noprop__ccb6b1d206606a8d4ddb34ae7e70a1dfb2cd49ba__爆炸菇（爆炸后）__v0__6d174165__c0.mp4,0.063193,0.134784
generic__b6bd61a3bd7cb45a64f5f161b4fd05db5645825e__粽子菇__v730__crown__61c95450__c0.mp4,0.069686,0.179727
exact-r1__0f18bf2ed6d3e86236af775a725470a89f82c943__蘑菇力__v88__coffee__0f253918__c0.mp4,0.357155,0.371763
exact-r1__18ee7b33c99e2e14a3e82fadee1bea64ceed5ede__蘑菇力__v156__glasses__69bca2c2__c0.mp4,0.433987,0.459628
base-noprop__ea77208c520ab108b30a7e6f72eddb04638cca12__粽子菇__v0__23886b40__c0.mp4,0.098047,0.156884
exact-r1__2495cb6a02eecbe6b15ad5481af9e0812f316e44__汉堡菇__v230__eyemask__80759f2d__c0.mp4,0.278097,0.191655
base-noprop__66f41d2f3f0f61298257e508840f1163992f0311__爆炸菇（爆炸前）__v0__686a9ace__c0.mp4,0.308346,0.286999
exact-r1__e8dd33ac9d57dcf5cadf50a91548482ba321b941__吐司菇__v1459__eyemask__998c48da__c0.mp4,0.170205,0.195282
exact-r2__cf74c350c79d0b0215dc7dda7d44e9eb626b6204__蘑菇力__v1289__bubble__ed3d7cd2__c0.mp4,0.229321,0.327555
exact-r2__6cee461f6ca15e16a9c4812c2deda88a3e325b18__汉堡菇__v695__coffee__a6b494fb__c0.mp4,0.49276,0.462653
base-props__73ec88107c787002c08c3232085b5837e0a0a553__炸虾菇__v449__bubble__8ebbfab5__c0.mp4,0.102282,0.186434
base-noprop__66f41d2f3f0f61298257e508840f1163992f0311__汉堡菇__v0__ff9362d2__c0.mp4,0.523892,0.589615
