video,label,adj_mean,adj_min,al10_drop,al10_end_drop,al10_first,al10_last,al10_lowfrac,al10_max,al10_mean,al10_min,al10_p10,al10_slope,al10_std,al_drop,al_end_drop,al_first,al_last,al_lowfrac,al_max,al_mean,al_min,al_p10,al_slope,al_std,mot_mean,sf10_drop,sf10_end_drop,sf10_first,sf10_last,sf10_lowfrac,sf10_max,sf10_mean,sf10_min,sf10_p10,sf10_slope,sf10_std,sf_drop,sf_end_drop,sf_first,sf_last,sf_lowfrac,sf_max,sf_mean,sf_min,sf_p10,sf_slope,sf_std,src_drop,src_end_drop,src_first,src_last,src_lowfrac,src_max,src_mean,src_min,src_p10,src_slope,src_std,worst_patch
5805.mp4,normal,0.9426863193511963,0.8982128500938416,0.49528345,0.47638553,0.5392847,0.06289917,0.0,0.5392847,0.14356038,0.044001244,0.049055014,-0.016074772416190677,0.13254432,0.55529886,0.50646263,0.84685624,0.3403936,0.08695652173913043,0.84685624,0.4568653,0.29155737,0.3217008,-0.021351189393064254,0.15753494,0.3889310657978058,0.19422257,0.17147332,0.8582656,0.68679225,0.08695652173913043,0.8582656,0.7328297,0.664043,0.6846714,-0.006805040089509242,0.04907196,0.12035,0.11321902,0.9279864,0.81476736,0.08695652173913043,0.9279864,0.84579635,0.8076364,0.81465995,-0.004510423175902242,0.031998206,0.22258681,0.22258681,0.99941033,0.7768235,0.20833333333333334,0.99941033,0.86182547,0.7768235,0.79188955,-0.00767374740994498,0.057839774,0.3997129201889038
7208.mp4,normal,0.9414591789245605,0.7126123309135437,0.7756735,0.093141735,0.8835963,0.79045457,0.17391304347826086,0.8835963,0.5533672,0.10792282,0.24824534,-0.0021842933690595103,0.18847345,0.40588564,0.036936462,0.9489178,0.91198134,0.17391304347826086,0.9489178,0.8247549,0.54303217,0.6742209,-0.0004959011030762758,0.09227701,0.08206003904342651,0.4705516,0.04829061,0.9179919,0.86970127,0.13043478260869565,0.9179919,0.8025223,0.44744027,0.6790217,-0.002338456659920143,0.10484741,0.19393814,0.018094838,0.9664845,0.94838965,0.13043478260869565,0.9664845,0.9068148,0.77254635,0.822765,-0.0009978721028731522,0.048399173,0.2481401,0.021675289,1.0003965,0.9787212,0.125,1.0003965,0.9276553,0.7522564,0.8245917,-0.002037522274514915,0.06373726,0.33474522829055786
15801.mp4,bad,0.9955223202705383,0.983872652053833,0.09560019,-0.04917288,0.7579901,0.807163,0.17391304347826086,0.8401605,0.755098,0.66238993,0.7020651,0.0011739384515483385,0.042606723,0.023507059,0.009863198,0.9130797,0.9032165,0.21739130434782608,0.92628014,0.90287507,0.8895726,0.89225495,-0.00015674354766197923,0.009596977,0.03918866068124771,0.036033392,0.011870563,0.89339536,0.8815248,0.21739130434782608,0.89339536,0.8745251,0.857362,0.86444247,-0.00047299513232566093,0.0095149,0.021978438,0.012054145,0.95603293,0.9439788,0.13043478260869565,0.95603293,0.9420638,0.9340545,0.93688756,-0.00018594346263193373,0.005333751,0.034335613,0.014160812,0.99995655,0.98579574,0.125,0.99995655,0.98080355,0.96562093,0.9722625,-0.00017420626204948977,0.0073699537,0.45313572883605957
6936.mp4,good,0.9742418527603149,0.8972676992416382,0.5840659,0.5840659,0.9026966,0.3186307,0.21739130434782608,0.9026966,0.6005976,0.3186307,0.3615322,-0.0222493256387032,0.200404,0.1310181,0.12988502,0.95097333,0.8210883,0.21739130434782608,0.95097333,0.8739614,0.8199552,0.8243773,-0.004873298491413891,0.043037657,0.06511367112398148,0.16405249,0.07700372,0.9204987,0.843495,0.08695652173913043,0.9204987,0.8632282,0.75644624,0.8409727,-0.0033136855354422346,0.039228894,0.067019105,0.044863462,0.9695976,0.9247341,0.08695652173913043,0.9695976,0.93907505,0.9025785,0.9250786,-0.00171360821120824,0.016317373,0.16574925,0.11291289,0.99972,0.8868071,0.16666666666666666,0.99972,0.9331948,0.8339707,0.8825331,-0.004228414063868338,0.040777758,0.3941519558429718
20230.mp4,good,0.9586846828460693,0.8446746468544006,0.6538143,0.609937,0.91406834,0.30413133,0.0,0.91406834,0.41358235,0.260254,0.2814551,-0.018518586433216515,0.15801288,0.24207556,0.24207556,0.95096636,0.7088908,0.17391304347826086,0.95096636,0.7910881,0.7088908,0.71906465,-0.00775142449870883,0.055515386,0.09159048646688461,0.23803669,0.20202595,0.922503,0.72047704,0.043478260869565216,0.922503,0.74421453,0.6844663,0.70587647,-0.00358237797328134,0.046837967,0.12877244,0.12877244,0.9677171,0.8389447,0.17391304347826086,0.9677171,0.8826786,0.8389447,0.84335613,-0.00348163958594734,0.027386725,0.22675705,0.21688783,1.0001342,0.7832464,0.16666666666666666,1.0001342,0.8593021,0.7733772,0.79872465,-0.0038758702381797663,0.05226772,0.5124748349189758
6458.mp4,normal,0.960334837436676,0.9032902121543884,0.70667845,0.67302376,0.91427237,0.24124861,0.0,0.91427237,0.3173341,0.20759393,0.22496599,-0.0100900601050835,0.14357157,0.38992083,0.31903988,0.9596735,0.64063364,0.17391304347826086,0.9596735,0.67254496,0.5697527,0.5734456,-0.003226739792484545,0.0909214,0.19934877753257751,0.19914913,0.1940614,0.91427255,0.72021115,0.043478260869565216,0.91427255,0.7626919,0.7151234,0.7252961,-0.004541222874826114,0.043428905,0.12562478,0.10957682,0.9705,0.8609232,0.043478260869565216,0.9705,0.8718938,0.8448752,0.8492755,-0.0019750613940092117,0.026945166,0.1877569,0.16480386,0.9995831,0.83477926,0.041666666666666664,0.9995831,0.86780626,0.8118262,0.8349264,-0.005337442652038928,0.04391129,0.4129149317741394
16522.mp4,good,0.9837871193885803,0.918949544429779,0.3446528,0.33194932,0.6689903,0.337041,0.0,0.6689903,0.3540352,0.3243375,0.32506838,-0.00572438461507262,0.071471855,0.2178238,0.20961177,0.8642835,0.6546717,0.0,0.8642835,0.6654423,0.6464597,0.64778364,-0.003492580807727324,0.046264123,0.207171231508255,0.061436832,0.050253868,0.8184414,0.7681875,0.043478260869565216,0.8184414,0.76985896,0.75700456,0.759223,-0.0005458631652146084,0.012705633,0.03792876,0.034966588,0.9047223,0.8697557,0.0,0.9047223,0.87261355,0.8667935,0.86765075,-0.0006286145552345105,0.00901527,0.119609654,0.10717088,0.9999555,0.8927846,0.0,0.9999555,0.89698404,0.8803458,0.8833187,-0.0017797187877738136,0.024479773,0.32987841963768005
16937.mp4,normal,0.9791820645332336,0.9480832815170288,0.6003965,0.6003965,0.90697736,0.30658084,0.0,0.90697736,0.46409163,0.30658084,0.3200484,-0.021853827823527728,0.1592293,0.2597106,0.2597106,0.9419586,0.682248,0.13043478260869565,0.9419586,0.7711514,0.682248,0.69836044,-0.009694807496466682,0.066891246,0.09298928081989288,0.27108395,0.27108395,0.9267572,0.65567327,0.08695652173913043,0.9267572,0.73590696,0.65567327,0.6602512,-0.01067086671416469,0.0765519,0.14673609,0.14673609,0.96592325,0.81918716,0.043478260869565216,0.96592325,0.8641408,0.81918716,0.8296188,-0.0053374392124033,0.038913935,0.14125425,0.14125425,0.99963254,0.8583783,0.125,0.99963254,0.90233296,0.8583783,0.86594635,-0.0045656688317008715,0.03468463,0.4063069522380829
16677.mp4,bad,0.9408014416694641,0.8587181568145752,0.52491355,-0.0119018555,0.9640552,0.97595704,0.2608695652173913,0.98370594,0.7336813,0.43914166,0.47260925,0.007960004385987764,0.20176722,0.16312313,-0.0045695305,0.9826509,0.9872204,0.2608695652173913,0.9872204,0.9087249,0.81952775,0.8306393,0.0024336710159957586,0.061138686,0.03303608298301697,0.23901206,-0.011987209,0.96524,0.9772272,0.2608695652173913,0.9842703,0.8561916,0.72622794,0.7352754,0.004818228216981702,0.09247903,0.09119564,-0.0039337277,0.98513514,0.98906887,0.2608695652173913,0.99116284,0.9417611,0.8939395,0.900533,0.0016538326448131534,0.035494853,0.31222683,0.005815983,0.9993216,0.9935056,0.20833333333333334,0.9993216,0.8445235,0.68709475,0.73089975,0.002908864772838074,0.11215659,0.3739160895347595
15134.mp4,bad,0.9956766366958618,0.9752658605575562,0.43093675,0.19044483,0.9377006,0.7472558,0.21739130434782608,0.9377006,0.73228514,0.5067639,0.5494809,0.004773046305999447,0.11535693,0.1240648,0.066143215,0.96190923,0.895766,0.21739130434782608,0.96190923,0.8938796,0.83784443,0.8404874,0.00011666236894404113,0.033385064,0.05057995393872261,0.07757497,0.059045017,0.9414017,0.8823567,0.08695652173913043,0.9414017,0.88263136,0.86382675,0.8662127,-0.0009599338053714491,0.017619386,0.057282686,0.03603512,0.98203754,0.9460024,0.17391304347826086,0.98203754,0.94445974,0.92475486,0.9272288,-0.0005346576097925679,0.014066434,0.067661285,0.04531783,0.9995518,0.95423394,0.08333333333333333,0.9995518,0.9574685,0.9318905,0.94223124,-0.001855520917021733,0.019114172,0.5224281549453735
16260.mp4,normal,0.9817464351654053,0.9481390118598938,0.60709095,0.59632194,0.80372804,0.20740609,0.0,0.80372804,0.30332637,0.19663706,0.19974287,-0.019948137254111868,0.17147511,0.3679759,0.3674677,0.9212336,0.5537659,0.0,0.9212336,0.6518483,0.5532577,0.5569142,-0.01593662651160018,0.11770172,0.22432087361812592,0.1551432,0.14440542,0.88355446,0.73914903,0.043478260869565216,0.88355446,0.7731592,0.72841126,0.7396179,-0.005395876089103607,0.040281925,0.09032649,0.09032649,0.94616944,0.85584295,0.0,0.94616944,0.8761692,0.85584295,0.85723233,-0.003183098178607192,0.024696516,0.15259516,0.12912464,0.999441,0.8703164,0.08333333333333333,0.999441,0.88380736,0.84684587,0.8523304,-0.002283942129301029,0.03405261,0.4945732057094574
15039.mp4,normal,0.9480865597724915,0.8871538639068604,0.7898596,0.7898596,0.91717374,0.12731415,0.0,0.91717374,0.34087065,0.12731415,0.13395217,-0.03658045522073512,0.27928406,0.5509025,0.5457841,0.94674385,0.40095976,0.13043478260869565,0.94674385,0.6057007,0.39584136,0.40441746,-0.028492035130738284,0.19760753,0.17780829966068268,0.4090215,0.40211064,0.93161803,0.5295074,0.21739130434782608,0.93161803,0.6583547,0.52259654,0.52963734,-0.018055351944308982,0.12554143,0.2781222,0.27433807,0.96127605,0.686938,0.17391304347826086,0.96127605,0.78350896,0.68315387,0.68813497,-0.013065781694627092,0.09000169,0.2641462,0.2224698,0.99935365,0.77688384,0.20833333333333334,0.99935365,0.8340904,0.73520744,0.7434034,-0.010618536472320582,0.08125362,0.3194640278816223
7044.mp4,good,0.9696526527404785,0.898941159248352,0.75212693,0.51546997,0.9409793,0.42550933,0.0,0.9409793,0.3854991,0.1888524,0.19735089,-0.020273035782363575,0.2499112,0.29040223,0.19926989,0.9781635,0.7788936,0.0,0.9781635,0.7629395,0.68776125,0.6919178,-0.008688020670838056,0.09773483,0.13628235459327698,0.21985936,0.18454587,0.94097924,0.75643337,0.043478260869565216,0.94097924,0.788141,0.7211199,0.7424193,-0.0069258896847487345,0.062075667,0.11464405,0.08916175,0.9826555,0.8934938,0.0,0.9826555,0.8992219,0.8680115,0.871218,-0.0036562184100094527,0.034779325,0.14041221,0.07401496,0.9993024,0.9252874,0.08333333333333333,0.9993024,0.92091554,0.8588902,0.8949415,-0.003414462960284718,0.037636682,0.4782613515853882
7162.mp4,good,0.9479550123214722,0.8348399996757507,0.93708223,0.19529617,0.96850955,0.7732134,0.0,0.96850955,0.39210624,0.03142734,0.03254325,-0.01743415305427766,0.37626275,0.54068696,0.08637148,0.9793326,0.89296114,0.30434782608695654,0.9793326,0.6915207,0.43864563,0.44793865,-0.008028832172216642,0.2107961,0.19132095575332642,0.5477014,0.080996156,0.9685929,0.8875967,0.08695652173913043,0.9685929,0.77067435,0.42089146,0.6767904,-0.0010979739809224764,0.14423373,0.19852006,0.036681294,0.98266375,0.94598246,0.13043478260869565,0.98266375,0.8828416,0.7841437,0.81479025,-0.0019420105006855044,0.0657661,0.23585051,0.02070105,0.99968696,0.9789859,0.375,0.99968696,0.89087504,0.76383644,0.77816516,-0.003268238254215436,0.090830706,0.26443320512771606
5724.mp4,normal,0.9786934852600098,0.9362447261810303,0.29278666,-0.09841159,0.43458268,0.5329943,0.0,0.5329943,0.20380665,0.14179602,0.14441499,0.00430399867091254,0.096682,0.19706517,-0.056747735,0.7925973,0.849345,0.0,0.849345,0.655167,0.5955321,0.5988698,0.004281835947112138,0.070960626,0.23498110473155975,0.11425805,-0.009156883,0.8558978,0.86505467,0.08695652173913043,0.86505467,0.78175074,0.74163973,0.74523675,0.0009248491096873544,0.036765657,0.06141305,0.0017756224,0.9314462,0.9296706,0.043478260869565216,0.9314462,0.8901481,0.87003314,0.8745337,0.00042633729961077574,0.017931355,0.12505472,0.04244733,0.9995706,0.9571233,0.08333333333333333,0.9995706,0.9113331,0.8745159,0.8889056,0.00017642871193261414,0.02714724,0.39394611120224
17369.mp4,bad,0.9972348213195801,0.9928115606307983,0.61158586,0.2680449,0.97628164,0.70823675,0.08695652173913043,0.97628164,0.5850145,0.3646958,0.4012416,-0.009110673614170246,0.18840232,0.13815272,0.087578654,0.985319,0.89774036,0.043478260869565216,0.985319,0.8856052,0.8471663,0.85595584,-0.002353643888070169,0.037081797,0.06260775774717331,0.11765015,0.07593477,0.97628176,0.900347,0.043478260869565216,0.97628176,0.896035,0.8586316,0.8705405,-0.002131680608266888,0.028004482,0.05455321,0.035767972,0.9884737,0.95270574,0.043478260869565216,0.9884737,0.948213,0.9339205,0.9369571,-0.001007405017675635,0.014033826,0.018223464,0.010576367,0.9999734,0.98939705,0.041666666666666664,0.9999734,0.9870245,0.98174995,0.98348546,-0.0003476741521254994,0.0045970017,0.5040445327758789
15559.mp4,normal,0.933732807636261,0.8691365718841553,0.5444643,0.5386303,0.63168156,0.093051255,0.0,0.63168156,0.14211152,0.087217286,0.08908808,-0.010835267949422365,0.11841719,0.50829506,0.500337,0.85400045,0.35366347,0.0,0.85400045,0.43878406,0.3457054,0.35090292,-0.015657343323758458,0.13102967,0.3362181782722473,0.21459329,0.20384657,0.8187723,0.61492574,0.043478260869565216,0.8187723,0.6662739,0.604179,0.61731046,-0.006415007849455831,0.05798918,0.20179772,0.18600136,0.9138136,0.72781223,0.043478260869565216,0.9138136,0.7750023,0.71201587,0.72821414,-0.007339063958217023,0.056093246,0.30789852,0.23791683,1.0006406,0.7627238,0.08333333333333333,1.0006406,0.8044532,0.6927421,0.7315248,-0.006760106008985779,0.07708462,0.29970061779022217
15957.mp4,normal,0.9874935150146484,0.9494447708129883,0.09534496,0.09534496,0.9848277,0.88948274,0.08695652173913043,0.9848277,0.92181784,0.88948274,0.9015782,-0.003132308189105602,0.025847282,0.047164917,0.046275318,0.9819346,0.9356593,0.0,0.9819346,0.94905514,0.9347697,0.93609667,-0.0019345807699346542,0.015460911,0.01057394128292799,0.08477646,0.08477646,0.9850433,0.9002668,0.043478260869565216,0.9850433,0.9285479,0.9002668,0.90888536,-0.0027041210251834385,0.022447173,0.041977823,0.040542245,0.99072194,0.9501797,0.0,0.99072194,0.9596291,0.9487441,0.95008016,-0.0015807918055726498,0.013112155,0.06925565,0.06586373,0.9998858,0.93402207,0.20833333333333334,0.9998858,0.95930314,0.93063015,0.9341039,-0.002168152980182504,0.0209561,0.21311545372009277
17082.mp4,bad,0.9396823644638062,0.8185670375823975,0.8129127,0.7923591,0.9248625,0.13250336,0.0,0.9248625,0.22429937,0.11194979,0.12748015,-0.02069214952321863,0.21922861,0.59575784,0.5854301,0.9500489,0.36461884,0.0,0.9500489,0.48593074,0.35429105,0.3571966,-0.02384619818256779,0.19152687,0.342278391122818,0.38600773,0.3519547,0.9320238,0.5800691,0.043478260869565216,0.9320238,0.66880745,0.5460161,0.57183915,-0.014967594163219924,0.10841371,0.19009054,0.18184876,0.96392834,0.7820796,0.0,0.96392834,0.8282091,0.7738378,0.77718693,-0.008267691484081878,0.060666543,0.34584206,0.32154703,0.9996443,0.67809725,0.125,0.9996443,0.75642085,0.6538022,0.67527676,-0.010259661829989908,0.081672445,0.25822728872299194
7411.mp4,bad,0.9684661626815796,0.8868913650512695,0.85519934,0.8325073,0.9365616,0.10405427,0.0,0.9365616,0.17751375,0.08136223,0.09181527,-0.017087592805916152,0.19259298,0.39297497,0.38988477,0.9708824,0.58099765,0.0,0.9708824,0.6487971,0.57790744,0.5821024,-0.011424630232479277,0.09572848,0.20308826863765717,0.33480185,0.30036962,0.95287484,0.6525052,0.0,0.95287484,0.6997917,0.618073,0.6270311,-0.010389148128833691,0.08262138,0.16650242,0.16279727,0.97772956,0.8149323,0.0,0.97772956,0.85188544,0.81122714,0.81580234,-0.005819411852614197,0.043834645,0.25738794,0.14929402,1.0005629,0.8512689,0.20833333333333334,1.0005629,0.87146646,0.74317497,0.76163644,-0.00789025262646054,0.07651208,0.19497999548912048
15120.mp4,normal,0.9659608006477356,0.9126100540161133,0.22900406,0.20272706,0.38662875,0.18390168,0.0,0.38662875,0.19771951,0.15762469,0.18020569,-0.0029417317905444866,0.04283097,0.29328156,0.25132436,0.76391613,0.5125918,0.0,0.76391613,0.52464485,0.47063458,0.48334908,-0.0047852293304775145,0.06330217,0.3061103820800781,0.20537996,0.08122617,0.8134527,0.73222655,0.08695652173913043,0.8134527,0.68854713,0.60807276,0.64660776,-0.0013282743131690347,0.04245531,0.09489119,0.055086315,0.89903015,0.84394383,0.08695652173913043,0.89903015,0.8307553,0.80413896,0.8123697,-0.0008893216787119777,0.019889902,0.13121152,0.11257887,0.9993961,0.8868172,0.08333333333333333,0.9993961,0.90440226,0.86818457,0.8790345,-0.0032126740009888553,0.029528487,0.41062381863594055
17331.mp4,bad,0.9911908507347107,0.9823641777038574,0.6440551,0.6310127,0.96373254,0.33271986,0.043478260869565216,0.96373254,0.51481014,0.31967738,0.33370993,-0.025929731784366358,0.18529144,0.28272265,0.28272265,0.9744086,0.691686,0.21739130434782608,0.9744086,0.79906803,0.691686,0.7022974,-0.01178462184936164,0.07990588,0.0964275449514389,0.21697259,0.20009518,0.9637325,0.7636373,0.0,0.9637325,0.79672855,0.7467599,0.75333625,-0.006430343971422079,0.050704863,0.11316478,0.11209011,0.9771354,0.8650453,0.043478260869565216,0.9771354,0.89549553,0.86397064,0.8661484,-0.004341099337626839,0.03123677,0.085338235,0.075119615,0.99988437,0.92476475,0.125,0.99988437,0.9485507,0.91454613,0.918506,-0.0033461778319400543,0.0248534,0.5217283964157104
7343.mp4,good,0.9805476069450378,0.9456797242164612,0.610744,0.52888155,0.97827244,0.4493909,0.30434782608695654,0.97827244,0.6832296,0.36752844,0.4026977,-0.0007081980644007385,0.21708202,0.19995606,0.16483837,0.9874021,0.8225637,0.21739130434782608,0.9874021,0.88719267,0.787446,0.79405576,-9.515940436262062e-05,0.06937177,0.053368911147117615,0.18935502,0.13471782,0.97827256,0.84355474,0.2608695652173913,0.97827256,0.86959547,0.78891754,0.79187125,0.0003108716764940208,0.058581218,0.09134233,0.0619632,0.9900751,0.9281119,0.2608695652173913,0.9900751,0.9405617,0.8987328,0.8998246,0.00013042203051297807,0.028815653,0.07453805,0.04448718,0.9995547,0.9550675,0.20833333333333334,0.9995547,0.9645421,0.92501664,0.927128,-0.00015508664690934234,0.023252513,0.39718252420425415
15245.mp4,normal,0.9907859563827515,0.9794209599494934,0.5292177,0.3786325,0.96161705,0.58298457,0.08695652173913043,0.96161705,0.61055994,0.4323993,0.48136795,-0.014455201273614712,0.13180155,0.13062173,0.10103369,0.9831015,0.8820678,0.043478260869565216,0.9831015,0.8871417,0.85247976,0.86966157,-0.0031188211068805542,0.030484064,0.04794805124402046,0.15158468,0.11333662,0.96421736,0.85088074,0.043478260869565216,0.96421736,0.8530701,0.8126327,0.83137345,-0.0029781107963780763,0.032990966,0.06556189,0.053057313,0.9858613,0.932804,0.0,0.9858613,0.9350897,0.9202994,0.923296,-0.0014962438538140453,0.015072198,0.053139925,0.044742346,1.0004005,0.9556582,0.16666666666666666,1.0004005,0.96687293,0.9472606,0.9530816,-0.0012084370333215588,0.012957828,0.5195642113685608
17281.mp4,bad,0.9619274735450745,0.9184015989303589,0.4291285,0.41382268,0.5867122,0.1728895,0.0,0.97639084,0.36374703,0.15758368,0.16616331,-0.03541472219961436,0.29452842,0.57994187,0.57843316,0.9058032,0.32737005,0.0,0.9795946,0.550968,0.32586136,0.32767022,-0.03509945875924568,0.25471127,0.25762122869491577,0.38048005,0.3719109,0.81627667,0.44436577,0.2608695652173913,0.97639084,0.65781367,0.43579662,0.44219765,-0.027261384538275472,0.1887619,0.26035434,0.25371355,0.9458194,0.6921058,0.2608695652173913,0.9824357,0.8085893,0.68546504,0.69093066,-0.015687977195728453,0.10763937,0.2946006,0.22273076,0.9996487,0.77691793,0.20833333333333334,0.9996487,0.8406394,0.7050481,0.71967167,-0.014327533581982506,0.1084725,0.25125831365585327
20314.mp4,good,0.9886529445648193,0.9687215685844421,0.5982212,0.5982212,0.92856395,0.33034274,0.21739130434782608,0.92856395,0.60282904,0.33034274,0.37101173,-0.026505710255251568,0.17681873,0.22399658,0.22399658,0.97302514,0.74902856,0.21739130434782608,0.97302514,0.8556118,0.74902856,0.7616721,-0.010295022087606069,0.06862207,0.07039409875869751,0.16283429,0.15186673,0.93980676,0.78794,0.08695652173913043,0.93980676,0.8254076,0.7769725,0.78574765,-0.005803072758814093,0.043531075,0.08082545,0.07674527,0.9770397,0.9002944,0.21739130434782608,0.9770397,0.9260057,0.89621425,0.89842695,-0.003495868015666266,0.024079354,0.043540776,0.03166592,0.9999971,0.96833116,0.08333333333333333,0.9999971,0.974703,0.9564563,0.9655318,-0.0011524832248687947,0.010083363,0.536751389503479
15229.mp4,bad,0.9970213174819946,0.9956853985786438,0.054077625,0.042779207,0.984596,0.9418168,0.13043478260869565,0.984596,0.95513684,0.9305184,0.9421004,-0.0012624742014134696,0.01205043,0.02638799,0.022230387,0.9859442,0.9637138,0.08695652173913043,0.98603344,0.97073096,0.9595562,0.96368927,-0.0009654551862256855,0.0075331684,0.007205385249108076,0.048757136,0.038637042,0.98459613,0.9459591,0.13043478260869565,0.98459613,0.9580904,0.935839,0.9464103,-0.0012083169617671792,0.010877968,0.019233823,0.016167939,0.99077046,0.9746025,0.043478260869565216,0.99077046,0.9779364,0.97153664,0.973315,-0.0006374785080257661,0.0050311014,0.023572981,0.018150806,1.0003328,0.982182,0.08333333333333333,1.0003328,0.9863284,0.97675985,0.9810418,-0.0007398443118385876,0.0056886314,0.5142025351524353
6634.mp4,normal,0.9904978275299072,0.9803614616394043,0.5671359,0.39821917,0.9835787,0.5853595,0.08695652173913043,0.9835787,0.61551833,0.4164428,0.48579213,-0.007881691156639883,0.14264819,0.16628331,0.11570716,0.9828708,0.86716366,0.13043478260869565,0.9828708,0.8686275,0.8165875,0.82528144,-0.0024375676990968952,0.042349212,0.060470789670944214,0.21091926,0.1283459,0.9835788,0.8552329,0.17391304347826086,0.9835788,0.84327,0.77265954,0.7866715,-0.002133832500857331,0.050352484,0.08356297,0.06136483,0.9895181,0.9281533,0.13043478260869565,0.9895181,0.9290983,0.90595514,0.90738624,-0.0012691850247590428,0.021724071,0.042992473,0.025072694,0.99985856,0.97478586,0.125,0.99985856,0.97413105,0.9568661,0.9612913,-0.0006601628013279274,0.0112280445,0.364836722612381
6851.mp4,bad,0.9502789974212646,0.8226861953735352,0.5691637,0.44580224,0.613057,0.16725478,0.21739130434782608,0.613057,0.23879337,0.04389333,0.054779153,-0.016627029121923348,0.15255022,0.4784171,0.33704865,0.86511385,0.5280652,0.21739130434782608,0.86511385,0.6512981,0.38669676,0.4401645,-0.018046373965240756,0.13954647,0.22760403156280518,0.24559873,0.11989379,0.84146225,0.72156847,0.17391304347826086,0.84146225,0.7635255,0.5958635,0.6676881,-0.008038890456022485,0.06763525,0.16373885,0.10853541,0.9322413,0.8237059,0.21739130434782608,0.9322413,0.8789021,0.7685025,0.8112272,-0.005880372974241196,0.04685618,0.19662678,0.13308251,0.999352,0.86626947,0.20833333333333334,0.999352,0.9290257,0.8027252,0.8420648,-0.006208295148351926,0.053340256,0.33937081694602966
5698.mp4,bad,0.9763361811637878,0.9350945949554443,0.40588546,0.40588546,0.6220474,0.21616195,0.13043478260869565,0.6220474,0.3405767,0.21616195,0.2367616,-0.011385114502765449,0.09778948,0.2864651,0.2864651,0.8713913,0.5849262,0.2608695652173913,0.8713913,0.69935817,0.5849262,0.59898454,-0.010203083925567605,0.07250407,0.21071159839630127,0.11758405,0.09916991,0.88122714,0.7820572,0.21739130434782608,0.88122714,0.82639307,0.7636431,0.7764702,-0.004933467318889188,0.035203774,0.06849229,0.05516541,0.94464153,0.8894761,0.21739130434782608,0.94464153,0.91006994,0.87614924,0.88449895,-0.0026862927576298767,0.018969756,0.10481197,0.04752958,1.0004804,0.95295084,0.16666666666666666,1.0004804,0.9528494,0.89566845,0.91976136,-0.0024112561474676063,0.023136962,0.5608155131340027
6978.mp4,normal,0.990246593952179,0.9480648040771484,0.38440812,0.05512482,0.9904596,0.9353348,0.043478260869565216,0.9904596,0.8586867,0.6060515,0.81626254,0.0014126834426472635,0.07864429,0.12337452,0.027777076,0.995053,0.9672759,0.08695652173913043,0.995053,0.93671775,0.8716785,0.91088396,0.00043657127576381507,0.027647335,0.01896757073700428,0.16982561,0.04773599,0.9904597,0.9427237,0.08695652173913043,0.9904597,0.9002547,0.82063407,0.8643669,0.00041064731923957324,0.040809236,0.07965237,0.022757947,0.995053,0.97229505,0.043478260869565216,0.995053,0.95568544,0.9154006,0.93954027,0.00017747430226547985,0.017572332,0.055342972,0.008265018,0.99935716,0.99109215,0.125,0.99935716,0.98161316,0.9440142,0.96987927,0.0002631411604259316,0.011863852,0.43683692812919617
17147.mp4,normal,0.9980424642562866,0.9959255456924438,0.3967393,0.3967393,0.9855005,0.5887612,0.21739130434782608,0.9855005,0.7767697,0.5887612,0.6115318,-0.02019692733589369,0.13539955,0.16294336,0.16294336,0.99270546,0.8297621,0.21739130434782608,0.99270546,0.9113681,0.8297621,0.843783,-0.00772081233060406,0.051355794,0.048550039529800415,0.10150564,0.08821869,0.98550045,0.89728177,0.08695652173913043,0.98550045,0.92243236,0.8839948,0.89662653,-0.0037557352555128054,0.02623145,0.050260365,0.049541116,0.99270546,0.94316435,0.2608695652173913,0.99270546,0.9599183,0.9424451,0.94419014,-0.0021928203671346355,0.014964681,0.010912955,0.00897032,1.0001763,0.991206,0.08333333333333333,1.0001763,0.99282074,0.98926336,0.990397,-0.0003342751316402394,0.0027402698,0.594947099685669
7010.mp4,good,0.9080974459648132,0.7606984972953796,0.365937,-0.21168709,0.45020878,0.6618959,0.2608695652173913,0.86782587,0.40646562,0.08427179,0.09859574,6.056305300811914e-05,0.2835867,0.3390149,-0.11492157,0.7581631,0.87308466,0.2608695652173913,0.9376006,0.6894918,0.4191482,0.43529448,-0.0012678849720672211,0.18628351,0.19175046682357788,0.25122643,-0.01932764,0.83764946,0.8569771,0.17391304347826086,0.9216263,0.79184663,0.58642304,0.67415553,-0.0028087669917246003,0.095624276,0.14392811,-0.024557829,0.9106649,0.93522274,0.21739130434782608,0.95830715,0.8812423,0.7667368,0.79598576,-0.0012356511688986277,0.0617139,0.21931672,0.031063914,1.0005205,0.96945655,0.25,1.0005205,0.91966677,0.78120375,0.8335631,-0.00191111556861713,0.065188326,0.37033140659332275
6745.mp4,good,0.9764684438705444,0.9050629138946533,0.55434024,0.46248755,0.94213355,0.479646,0.0,0.94213355,0.48927745,0.38779327,0.39899886,-0.006161717057463681,0.120230995,0.2263369,0.17349231,0.96956563,0.7960733,0.08695652173913043,0.96956563,0.80027694,0.74322873,0.75982976,-0.0023354593472989715,0.047427073,0.09846603125333786,0.30829412,0.14606851,0.9494747,0.8034062,0.13043478260869565,0.9494747,0.80545574,0.6411806,0.68917745,-0.00349544618911892,0.06609666,0.13692117,0.089603126,0.980036,0.8904329,0.13043478260869565,0.980036,0.89874285,0.84311485,0.86002207,-0.0023006784468300413,0.028136756,0.09036815,0.062851965,0.9993634,0.93651146,0.16666666666666666,0.9993634,0.9448387,0.9089953,0.91373235,-0.0021389480777408852,0.023446107,0.3500804901123047
17307.mp4,good,0.9682733416557312,0.8337180614471436,0.8261763,0.8261763,0.96542,0.13924374,0.2608695652173913,0.96542,0.54522866,0.13924374,0.17157173,-0.04267785197543532,0.28693905,0.37699777,0.37699777,0.9768348,0.599837,0.21739130434782608,0.9768348,0.80062973,0.599837,0.62538075,-0.01759287302673098,0.11769725,0.10297761112451553,0.22130734,0.22130734,0.967042,0.7457347,0.17391304347826086,0.967042,0.82806075,0.7457347,0.76772356,-0.008295755848111864,0.05756554,0.12308699,0.11036557,0.9820351,0.87166953,0.13043478260869565,0.9820351,0.9036073,0.8589481,0.8664739,-0.004645272736021694,0.03384045,0.22239077,0.17020082,1.0003693,0.8301685,0.16666666666666666,1.0003693,0.9076058,0.77797854,0.8465384,-0.006169261388156751,0.050187804,0.514977216720581
6774.mp4,bad,0.946110188961029,0.7535735964775085,0.78519833,0.78519833,0.97253716,0.18733884,0.0,0.97253716,0.3578298,0.18733884,0.21227849,-0.023933045021276713,0.21271083,0.38122004,0.34653223,0.9880995,0.6415673,0.0,0.9880995,0.7049785,0.6068795,0.62781185,-0.012852256830501937,0.11138304,0.10652294009923935,0.5572066,0.31338757,0.9725373,0.6591497,0.17391304347826086,0.9725373,0.63176674,0.4153307,0.43739763,-0.009863920686508832,0.16057357,0.28380132,0.16997147,0.9882628,0.8182913,0.21739130434782608,0.9882628,0.8115014,0.70446146,0.7260153,-0.005830196759446323,0.08005308,0.39947927,0.28428155,0.99955237,0.7152708,0.125,0.99955237,0.7692173,0.6000731,0.63202447,-0.011225467220596667,0.13718134,0.11708229780197144
15308.mp4,normal,0.9965254664421082,0.9894866943359375,0.6035081,0.5361544,0.99601245,0.45985806,0.0,0.99601245,0.596542,0.3925043,0.40793207,-0.02700434769448555,0.20932783,0.1717661,0.15424395,0.99839413,0.8441502,0.13043478260869565,0.99839413,0.885899,0.826628,0.8282402,-0.007742276363693226,0.05741765,0.04790763184428215,0.3022772,0.28511542,0.9960124,0.71089697,0.043478260869565216,0.9960124,0.79187155,0.6937352,0.71265817,-0.013222006057562113,0.096916325,0.097848356,0.0893144,0.9983969,0.9090825,0.13043478260869565,0.9983969,0.9338067,0.9005485,0.90214527,-0.004388116624044356,0.03187328,0.04014814,0.027520835,1.0003301,0.97280926,0.16666666666666666,1.0003301,0.9781855,0.96018195,0.9626843,-0.001503066161404495,0.012426546,0.5174834132194519
7264.mp4,normal,0.9898957014083862,0.9674487113952637,0.8836731,0.7250184,0.98693395,0.26191556,0.0,0.98693395,0.25493336,0.103260875,0.11022821,-0.0035553621385879717,0.22675982,0.27869117,0.19188267,0.9899878,0.7981051,0.08695652173913043,0.9899878,0.78259146,0.7112966,0.71436775,7.410347461701159e-05,0.06869679,0.1488616019487381,0.23135573,0.16427904,0.986934,0.82265496,0.17391304347826086,0.986934,0.82385,0.7555783,0.76885414,-0.0007058165879117721,0.049148057,0.08536911,0.054780424,0.9922637,0.93748325,0.21739130434782608,0.9922637,0.93145293,0.90689456,0.9077965,-0.0001101373683793845,0.018831057,0.033462346,0.020338893,0.99989444,0.97955555,0.20833333333333334,0.99989444,0.98063636,0.9664321,0.96860695,-0.00017434765463295233,0.00867023,0.47896909713745117
15997.mp4,good,0.9400895833969116,0.7569965124130249,0.19399357,0.015665114,0.94870466,0.93303955,0.13043478260869565,0.94870466,0.90332943,0.7547111,0.8545076,0.002399870470578487,0.046665415,0.057688773,0.0073493123,0.97555166,0.96820235,0.21739130434782608,0.97555166,0.957883,0.9178629,0.92966825,0.0008770361719395277,0.016345654,0.011147690936923027,0.06902969,0.01742655,0.9550982,0.93767166,0.21739130434782608,0.9550982,0.92451245,0.8860685,0.8946276,0.0014968412549128023,0.02003621,0.03206712,0.003441453,0.979475,0.97603357,0.21739130434782608,0.979475,0.9690308,0.9474079,0.9515886,0.0006584736551691749,0.010273113,0.32963306,0.019634128,1.0004963,0.98086214,0.25,1.0004963,0.9057875,0.6708632,0.70780385,0.00688559669515358,0.11390676,0.5384165048599243
16374.mp4,good,0.9344058632850647,0.7988423109054565,0.37746423,0.37746423,0.52796155,0.1504973,0.043478260869565216,0.52796155,0.22654527,0.1504973,0.16104123,-0.008285223789837053,0.0755302,0.31796968,0.31796968,0.79097414,0.47300446,0.0,0.79097414,0.5391555,0.47300446,0.4780614,-0.008951669595693887,0.07332453,0.20787444710731506,0.45987588,0.41158056,0.7892177,0.37763715,0.17391304347826086,0.7892177,0.48962173,0.32934183,0.35664135,-0.017204098050066615,0.12543313,0.16596353,0.15532053,0.8727771,0.7174566,0.043478260869565216,0.8727771,0.7470299,0.7068136,0.7196902,-0.0045892401881839915,0.037598714,0.38123417,0.27063745,0.9997392,0.7291018,0.16666666666666666,0.9997392,0.7371189,0.61850506,0.6490293,-0.00013476993726650255,0.07299848,0.07992114871740341
17221.mp4,good,0.948472797870636,0.8505502939224243,0.43557823,0.39965403,0.51244116,0.11278714,0.0,0.51244116,0.16376296,0.076862924,0.08947204,-0.012237990591601423,0.10881768,0.39475745,0.31862247,0.81970155,0.5010791,0.043478260869565216,0.81970155,0.539833,0.4249441,0.45199117,-0.011108409922584706,0.09743519,0.29143181443214417,0.17661494,0.14553523,0.83431625,0.688781,0.08695652173913043,0.8360761,0.7234989,0.6577013,0.67542225,-0.007189269593581859,0.05820626,0.1351183,0.11207563,0.9166575,0.8045819,0.043478260869565216,0.9169381,0.83126473,0.7815392,0.79919857,-0.005360573530197152,0.04237551,0.2438882,0.18899351,0.99941605,0.81042254,0.08333333333333333,0.99941605,0.85169667,0.75552785,0.78278315,-0.008480093245920957,0.07119903,0.3914240300655365
7281.mp4,bad,0.9673839211463928,0.8417794704437256,0.8333596,0.5649344,0.97503483,0.41010043,0.13043478260869565,0.97503483,0.43920335,0.14167526,0.17942503,-0.01727653188785547,0.23236111,0.4481517,0.21570003,0.9869207,0.7712207,0.17391304347826086,0.9869207,0.77407163,0.538769,0.63998765,-0.005600656916501495,0.106875904,0.13252967596054077,0.36590385,0.14841866,0.9750348,0.8266161,0.17391304347826086,0.9750348,0.82581836,0.6091309,0.74158186,-0.002908114505850752,0.07491303,0.2125864,0.084726095,0.99061763,0.90589154,0.17391304347826086,0.99061763,0.9066013,0.77803123,0.85218346,-0.001794930091017342,0.04450318,0.24407542,0.06826091,1.0005325,0.9322716,0.16666666666666666,1.0005325,0.92100567,0.7564571,0.84331536,-0.001457744940467535,0.06252601,0.39814162254333496
5894.mp4,bad,0.9844208359718323,0.8781651258468628,0.6815948,0.6227899,0.81993043,0.19714051,0.0,0.81993043,0.22029364,0.13833566,0.14429647,-0.007223720518732263,0.13299608,0.2961644,0.2961644,0.92472273,0.62855834,0.043478260869565216,0.92472273,0.6958042,0.62855834,0.66068166,-0.004187290670843468,0.056000773,0.18442921340465546,0.20331818,0.20331818,0.90872407,0.7054059,0.043478260869565216,0.90872407,0.76421314,0.7054059,0.7457125,-0.0029365234224221427,0.03611326,0.117892325,0.117892325,0.9616056,0.8437133,0.043478260869565216,0.9616056,0.88023335,0.8437133,0.8635,-0.00173261249253874,0.02120354,0.11926013,0.11926013,0.9998929,0.88063276,0.041666666666666664,0.9998929,0.93606216,0.88063276,0.9267277,-0.0020604449510574626,0.021979151,0.28762102127075195
20141.mp4,good,0.9881909489631653,0.9774519205093384,0.40760356,0.23821181,0.96264166,0.72442985,0.13043478260869565,0.96264166,0.7002419,0.5550381,0.60933685,0.001114144803507056,0.09070813,0.1313374,0.08785492,0.9804419,0.892587,0.08695652173913043,0.9804419,0.89039403,0.8491045,0.86177385,-0.0002712268131995048,0.029247612,0.03983744978904724,0.22065723,0.11702204,0.9626416,0.84561956,0.17391304347826086,0.9626416,0.8240306,0.74198437,0.76488996,0.0011577386512115603,0.047071397,0.07753575,0.04868877,0.98318017,0.9344914,0.13043478260869565,0.98318017,0.9302315,0.9056444,0.9134315,0.00011218713206264836,0.016613875,0.06490505,0.03104353,0.99955606,0.96851254,0.125,0.99955606,0.95982283,0.934651,0.9473674,-0.00019805361395298303,0.012367681,0.4912981390953064
16682.mp4,good,0.9761915802955627,0.8872499465942383,0.658094,0.6478456,0.94053936,0.29269373,0.0,0.94053936,0.4758646,0.28244537,0.2927114,-0.02882421240505024,0.21154425,0.27477962,0.27477962,0.9728932,0.69811356,0.13043478260869565,0.9728932,0.79254717,0.69811356,0.7070835,-0.011427782152010046,0.08005591,0.09896224737167358,0.21655452,0.20394492,0.9423524,0.7384075,0.08695652173913043,0.9423524,0.7973027,0.7257979,0.7470994,-0.007753185073848791,0.05780925,0.12248361,0.12248361,0.9779588,0.8554752,0.08695652173913043,0.9779588,0.89150935,0.8554752,0.8582989,-0.004776924436271447,0.034788482,0.15217191,0.108351946,0.9994081,0.8910562,0.16666666666666666,0.9994081,0.91201323,0.8472362,0.86323243,-0.004399739477945434,0.043637272,0.3725520670413971
15634.mp4,bad,0.9907283186912537,0.9628137946128845,0.31254613,0.04590267,0.9628753,0.91697264,0.21739130434782608,0.9628753,0.834088,0.6503292,0.7039805,0.008984809984331535,0.09668502,0.098024905,0.019248605,0.976992,0.9577434,0.21739130434782608,0.976992,0.93240815,0.8789671,0.8930157,0.002777932130772147,0.030666307,0.02017451450228691,0.14635032,0.037127137,0.96287537,0.9257482,0.21739130434782608,0.96287537,0.8830233,0.81652504,0.8257848,0.004517727689780728,0.04954839,0.058544517,0.014449239,0.982023,0.96757376,0.17391304347826086,0.982023,0.9525827,0.9234785,0.9280215,0.0016298867732639812,0.018930038,0.045500875,0.0064863563,0.9993482,0.99286187,0.20833333333333334,0.9993482,0.9795549,0.95384735,0.9560757,0.0012239200654237017,0.015295842,0.5593346357345581
15017.mp4,good,0.9614660739898682,0.893671989440918,0.3105413,0.12991184,0.48362803,0.3537162,0.043478260869565216,0.48362803,0.3438801,0.17308673,0.3224893,-0.0010629920914710306,0.051117837,0.16540253,0.11356354,0.86601806,0.7524545,0.043478260869565216,0.86601806,0.75974184,0.7006155,0.7373499,-0.002379535450765728,0.031193849,0.12267303466796875,0.22012591,0.091615796,0.8481299,0.75651413,0.13043478260869565,0.8481299,0.7456305,0.628004,0.6856443,0.0006301288194807037,0.04744587,0.08401203,0.057015,0.9408654,0.8838504,0.043478260869565216,0.9408654,0.8824147,0.85685337,0.86686367,-0.0007388821468051661,0.017261071,0.28722173,0.1253174,0.99994045,0.87462306,0.125,0.99994045,0.85819453,0.7127187,0.79949653,-0.001723981862482847,0.05701924,0.41076475381851196
15219.mp4,normal,0.9877519011497498,0.9440740346908569,0.21763584,0.07298571,0.6846269,0.61164117,0.08695652173913043,0.6846269,0.53670126,0.46699104,0.47225928,-0.0014356571459487547,0.06476864,0.12813997,0.07228631,0.89603126,0.82374495,0.2608695652173913,0.89603126,0.80913377,0.7678913,0.76983076,-0.0007833095171705911,0.033581592,0.0863296240568161,0.08549088,0.043311894,0.8424506,0.7991387,0.13043478260869565,0.8424506,0.79237837,0.75695974,0.7648039,-0.000968771489712563,0.021897469,0.071751595,0.039674044,0.9417646,0.90209055,0.21739130434782608,0.9417646,0.89546335,0.870013,0.87485766,-0.0005596831971006371,0.018493993,0.08115846,0.059776127,0.9993264,0.9395503,0.16666666666666666,0.9993264,0.9531036,0.91816795,0.92567,-0.0016159952982612476,0.024215316,0.3796655535697937
15909.mp4,bad,0.9937915802001953,0.9789154529571533,0.44231534,0.43653226,0.97536016,0.5388279,0.17391304347826086,0.97536016,0.6554403,0.5330448,0.5420011,-0.0072049687031229505,0.10466152,0.17430347,0.17430347,0.98429716,0.8099937,0.17391304347826086,0.98429716,0.8593142,0.8099937,0.813735,-0.004354157820049483,0.038737305,0.054380763322114944,0.21013558,0.18276215,0.97536004,0.7925979,0.043478260869565216,0.97536004,0.81907743,0.76522446,0.77969724,-0.003895317318411216,0.04287868,0.09287596,0.09287596,0.9858387,0.89296275,0.043478260869565216,0.9858387,0.91369504,0.89296275,0.89474094,-0.0022635760279040972,0.020531373,0.031439245,0.031439245,0.999456,0.96801674,0.08333333333333333,0.999456,0.97704965,0.96801674,0.97207075,-0.0007098447239917474,0.007163345,0.4397541284561157
16247.mp4,good,0.9643415212631226,0.9180372953414917,0.56082815,0.56082815,0.6461552,0.085327044,0.0,0.6461552,0.16113241,0.085327044,0.092502944,-0.013263515266681854,0.13123733,0.5787569,0.5787569,0.8771241,0.2983671,0.0,0.8771241,0.41480997,0.2983671,0.30562994,-0.01964857137721519,0.15734757,0.43221423029899597,0.20503545,0.15937728,0.86791,0.70853275,0.043478260869565216,0.86791,0.72343874,0.6628746,0.69567734,-0.0038574233710059053,0.047459714,0.12861562,0.11923921,0.9393172,0.820078,0.08695652173913043,0.9393172,0.84702426,0.8107016,0.8201084,-0.004099957438796868,0.032977045,0.17906892,0.11278772,0.9993198,0.88653207,0.08333333333333333,0.9993198,0.8709781,0.82025087,0.82311827,-0.002085505076076684,0.04971853,0.4097227454185486
16736.mp4,good,0.9599758386611938,0.9119152426719666,0.66697097,0.6550336,0.7717376,0.11670397,0.0,0.7717376,0.20891067,0.10476659,0.11666463,-0.01751397015607875,0.15732217,0.5167153,0.5163287,0.9224551,0.40612638,0.0,0.9224551,0.521409,0.40573978,0.40633333,-0.01980813530829583,0.1558292,0.2942294776439667,0.24340373,0.20218456,0.8843512,0.68216664,0.08695652173913043,0.8843512,0.70302093,0.64094746,0.65318567,-0.004595857481711464,0.05415746,0.20196211,0.15918756,0.95647335,0.7972858,0.17391304347826086,0.95647335,0.8156384,0.75451124,0.7630006,-0.0052982998695298026,0.051418334,0.22325301,0.15450126,0.9993782,0.84487695,0.125,0.9993782,0.85492975,0.7761252,0.8001381,-0.005159054787262633,0.055972632,0.33982446789741516
6841.mp4,good,0.9790358543395996,0.9346157312393188,0.70712495,0.05773151,0.9569812,0.8992497,0.30434782608695654,0.9569812,0.6174752,0.24985623,0.25785545,-0.003770589180614639,0.29826397,0.28568202,0.017647743,0.9701859,0.95253813,0.21739130434782608,0.9701859,0.8430889,0.68450385,0.6945568,-0.0014695466271502345,0.11518791,0.07869383692741394,0.25518298,0.043040335,0.9621608,0.9191205,0.34782608695652173,0.9621608,0.8380377,0.70697784,0.7213448,-0.0022026901188575213,0.09849873,0.13666892,0.016231418,0.98338115,0.96714973,0.34782608695652173,0.98338115,0.9217828,0.84671223,0.86671484,-0.0009909613212577887,0.051117677,0.15463263,0.013118744,1.0000744,0.98695564,0.16666666666666666,1.0000744,0.95122766,0.84544176,0.89990216,-0.0008795192967290747,0.046503335,0.4361807703971863
15406.mp4,good,0.9686846733093262,0.9204427003860474,0.57265955,0.55367565,0.817068,0.26339233,0.08695652173913043,0.817068,0.38656625,0.24440843,0.26099503,-0.017722708964536316,0.13205566,0.35407567,0.3462885,0.91885686,0.57256836,0.043478260869565216,0.91885686,0.6664279,0.5647812,0.58090496,-0.013045357915723749,0.094326094,0.19233021140098572,0.21736991,0.21069884,0.90144455,0.6907457,0.13043478260869565,0.90144455,0.7591943,0.68407464,0.7097724,-0.0064183496557205675,0.049145043,0.13389611,0.13389611,0.9488478,0.81495166,0.13043478260869565,0.9488478,0.85875803,0.81495166,0.82621485,-0.004596945619865836,0.03287827,0.23076892,0.22389197,1.0005543,0.77666235,0.125,1.0005543,0.8288793,0.7697854,0.77759296,-0.0058691674989203085,0.051604684,0.47574883699417114
7424.mp4,normal,0.9349742531776428,0.7691128253936768,0.73470587,0.73470587,0.88266015,0.14795429,0.13043478260869565,0.88266015,0.34871566,0.14795429,0.17893575,-0.006152289216461872,0.15685087,0.3750115,0.3750115,0.95257825,0.57756674,0.08695652173913043,0.95257825,0.77146566,0.57756674,0.7076668,-0.003986256572568853,0.07273794,0.12108985334634781,0.34450537,0.251867,0.9002159,0.6483489,0.17391304347826086,0.9002159,0.7336708,0.55571055,0.64880604,-0.0037307867066191103,0.0735768,0.1478352,0.1478352,0.96515465,0.81731945,0.13043478260869565,0.96515465,0.8925555,0.81731945,0.8565675,-0.002152127710726894,0.031793937,0.26952296,0.120153606,0.99990445,0.87975085,0.16666666666666666,0.99990445,0.8811237,0.7303815,0.81367993,-0.0028162979820500304,0.059674893,0.3315626382827759
7110.mp4,normal,0.9889053702354431,0.9596121907234192,0.48596507,0.47870195,0.92265373,0.4439518,0.17391304347826086,0.92265373,0.66016406,0.43668866,0.4418673,-0.017582031224556132,0.13805468,0.11339414,0.11184752,0.96060467,0.84875715,0.17391304347826086,0.96060467,0.8976923,0.8472105,0.84880865,-0.0038121922803019395,0.030598866,0.0423005186021328,0.14621586,0.13473421,0.932729,0.7979948,0.17391304347826086,0.932729,0.837666,0.78651315,0.7971595,-0.004199331339168936,0.035427473,0.053051353,0.05152601,0.97633207,0.92480606,0.21739130434782608,0.97633207,0.93999296,0.9232807,0.9242568,-0.0016014118321799689,0.013401058,0.093052685,0.08374381,1.0003397,0.91659594,0.20833333333333334,1.0003397,0.9462611,0.90728706,0.9195495,-0.0025883750811867123,0.020726213,0.26185980439186096
15662.mp4,normal,0.9958954453468323,0.9906358122825623,0.07659489,0.024378836,0.9670051,0.94262624,0.2608695652173913,0.9670051,0.9276822,0.8904102,0.8929395,0.0008962689770068784,0.02238524,0.040409327,0.009878159,0.9828547,0.97297657,0.21739130434782608,0.9828547,0.9648046,0.9424454,0.94940674,0.0003874607590347282,0.010780258,0.00392537796869874,0.06551516,0.022802114,0.96700513,0.944203,0.17391304347826086,0.96700513,0.93311185,0.90149,0.9123324,0.0007041462443091665,0.016872661,0.032694995,0.011092782,0.98525995,0.97416717,0.21739130434782608,0.98525995,0.96872985,0.95256495,0.95724386,0.00019533313781374678,0.007915685,0.036963463,0.01058054,0.9999993,0.98941875,0.16666666666666666,0.9999993,0.98350626,0.9630358,0.9714587,5.6083539257851696e-05,0.008442979,0.6197819113731384
16917.mp4,bad,0.988781750202179,0.972068727016449,0.6643933,0.6598045,0.91057724,0.2507727,0.0,0.91057724,0.38171515,0.24618395,0.25170088,-0.023215448240871014,0.19737037,0.42613137,0.42613137,0.9558914,0.52976,0.0,0.9558914,0.6507438,0.52976,0.53904396,-0.018026534217619617,0.13476412,0.2508618235588074,0.20333046,0.15766227,0.92521805,0.7675558,0.17391304347826086,0.92521805,0.79959166,0.7218876,0.7412764,-0.006180077791213998,0.052657448,0.08239347,0.0733999,0.9647052,0.8913053,0.0,0.9647052,0.90160555,0.88231176,0.8834464,-0.0026278171850287377,0.021764379,0.048565805,0.0314157,1.0002066,0.9687909,0.08333333333333333,1.0002066,0.96580887,0.9516408,0.9544606,-0.0010364366873451272,0.0124175055,0.37101560831069946
17382.mp4,bad,0.9889158010482788,0.9555490612983704,0.6186445,0.59219587,0.97662586,0.38443,0.0,0.9775383,0.5076675,0.35798135,0.36088735,-0.024348981825730556,0.19126922,0.16097873,0.15401274,0.98809546,0.8340827,0.0,0.98975813,0.8707638,0.8271167,0.8307171,-0.006460659588749693,0.049029287,0.052122727036476135,0.2707132,0.24936831,0.9766259,0.7272576,0.0,0.97753835,0.7787806,0.7059127,0.712709,-0.009819747548800674,0.076776996,0.09365207,0.08838391,0.99014354,0.9017596,0.0,0.9901984,0.9228865,0.89649147,0.89871955,-0.0037933906076453865,0.028371358,0.14963287,0.13805741,1.0005056,0.86244816,0.0,1.0005056,0.8939578,0.8508727,0.85304916,-0.006237124645191717,0.050040536,0.41840600967407227
16541.mp4,bad,0.9737873673439026,0.9214036464691162,0.76989204,0.767606,0.8132845,0.045678522,0.0,0.8132845,0.12533046,0.043392457,0.045118753,-0.017680584394148456,0.18820347,0.59048414,0.5902703,0.9093256,0.31905532,0.0,0.9093256,0.4284833,0.31884146,0.3204039,-0.02006898696714711,0.16765611,0.3776293098926544,0.30778748,0.2882324,0.90168756,0.6134552,0.0,0.90168756,0.64793354,0.5939001,0.6027861,-0.008777242286403199,0.086036615,0.18894118,0.18238342,0.95940244,0.777019,0.0,0.95940244,0.8061125,0.77046126,0.7720012,-0.006121936346231232,0.052317258,0.21472538,0.17981422,0.9995198,0.8197056,0.041666666666666664,0.9995198,0.8448762,0.78479445,0.8038209,-0.005088227883629223,0.05428536,0.14323720335960388
6105.mp4,normal,0.973354697227478,0.9119834899902344,0.5878959,0.5878959,0.8931258,0.30522987,0.17391304347826086,0.8931258,0.54843354,0.30522987,0.3367798,0.007307372251046967,0.2023212,0.23167163,0.23167163,0.95676786,0.7250962,0.17391304347826086,0.95676786,0.8289882,0.7250962,0.74497044,0.0015873258764093686,0.07243681,0.0978454127907753,0.13775969,0.110367715,0.92266655,0.81229883,0.17391304347826086,0.9245705,0.8490739,0.78490686,0.7947364,0.0013253753010934542,0.04507883,0.08271909,0.07835066,0.9717721,0.8934214,0.17391304347826086,0.9717721,0.9268335,0.889053,0.8955699,0.0004307506937283379,0.025708487,0.08893669,0.08893669,0.99994314,0.91100645,0.20833333333333334,0.99994314,0.95906943,0.91100645,0.9229599,-0.00027350130288497285,0.024733696,0.47662973403930664
7177.mp4,bad,0.9450237154960632,0.831095278263092,0.27677435,0.16834942,0.3607402,0.1923908,0.17391304347826086,0.5549192,0.24971272,0.08396585,0.12175233,-0.006040729729554398,0.11225085,0.26404014,0.17130995,0.7434641,0.57215416,0.17391304347826086,0.84452474,0.6428527,0.47942397,0.5249332,-0.0042893519926919255,0.09180175,0.22194592654705048,0.16560781,0.08564752,0.8169023,0.73125476,0.13043478260869565,0.8298491,0.7414292,0.65129447,0.6827568,-0.0023058513289854875,0.04653881,0.12052053,0.06632501,0.9177597,0.8514347,0.13043478260869565,0.9177597,0.86479867,0.7972392,0.8316434,-0.0017373257946119876,0.030531606,0.21083462,0.11135161,0.9994371,0.8880855,0.125,0.9994371,0.9057953,0.7886025,0.8496965,-0.003963537138441338,0.049047038,0.3735772669315338
5704.mp4,bad,0.9615881443023682,0.8735922574996948,0.4104472,0.40511838,0.4884521,0.08333373,0.13043478260869565,0.4884521,0.17660809,0.07800489,0.088106655,-0.00867251164681121,0.07996013,0.40877944,0.40565446,0.842152,0.43649754,0.17391304347826086,0.842152,0.5812685,0.43337256,0.44432163,-0.012000121941915154,0.090687186,0.2797582149505615,0.30090195,0.294164,0.8562837,0.5621197,0.17391304347826086,0.8562837,0.73182714,0.5553818,0.5750589,-0.010299643155614394,0.07893789,0.1731391,0.1731391,0.9388976,0.7657585,0.17391304347826086,0.9388976,0.8610266,0.7657585,0.78131765,-0.005793369334676997,0.043229103,0.37016797,0.37016797,0.9997021,0.6295341,0.16666666666666666,0.9997021,0.8185954,0.6295341,0.65691197,-0.012969125198281339,0.096120134,0.37610021233558655
5695.mp4,normal,0.9875568747520447,0.9711986780166626,0.91977197,0.9063669,0.9777345,0.07136763,0.0,0.9777345,0.168036,0.057962548,0.05924476,-0.020893166839281337,0.21642435,0.51697725,0.5057952,0.98134345,0.47554827,0.0,0.98134345,0.57300484,0.4643662,0.47605726,-0.015402231291819952,0.13375622,0.2824541926383972,0.34589493,0.3285662,0.9779035,0.6493373,0.0,0.9779035,0.69982564,0.63200855,0.6498372,-0.008991373150716193,0.081483,0.1687901,0.16396344,0.9864608,0.82249737,0.0,0.9864608,0.855459,0.8176707,0.8228336,-0.004549963554374797,0.04026685,0.110898376,0.0945704,1.0005844,0.90601397,0.08333333333333333,1.0005844,0.93198514,0.889686,0.901907,-0.0037522362107815996,0.031296037,0.5146761536598206
6970.mp4,good,0.9404604434967041,0.8383673429489136,0.6496941,0.29016066,0.72714525,0.4369846,0.30434782608695654,0.72714525,0.28711376,0.07745115,0.080631666,-0.003031158782983493,0.1801712,0.42693606,0.1337139,0.8923241,0.7586102,0.2608695652173913,0.8923241,0.6308716,0.46538803,0.46931398,-0.002046341893701219,0.12354686,0.2010943740606308,0.30642802,0.07315755,0.87237215,0.7992146,0.08695652173913043,0.87237215,0.7058758,0.56594414,0.6273477,-0.003949528096221654,0.08193775,0.17756319,0.067705214,0.9414371,0.8737319,0.13043478260869565,0.9414371,0.8319659,0.76387393,0.7819163,-0.002415734199667163,0.0472778,0.36533874,0.08878213,1.0006531,0.911871,0.16666666666666666,1.0006531,0.8327603,0.6353144,0.68827975,-0.005480552497117438,0.10046344,0.2915828824043274
15690.mp4,normal,0.9876965284347534,0.9605433940887451,0.6326076,0.6251253,0.9578367,0.33271137,0.21739130434782608,0.9578367,0.5506798,0.3252291,0.33036143,-0.030126589265736664,0.20662488,0.31936395,0.31936395,0.97511524,0.6557513,0.2608695652173913,0.97511524,0.78688073,0.6557513,0.6610533,-0.015650430981349585,0.10554345,0.10641363263130188,0.24047124,0.23414385,0.96016943,0.7260256,0.21739130434782608,0.96016943,0.80562246,0.7196982,0.7282899,-0.010045458971276124,0.06944913,0.1415317,0.1359216,0.983578,0.8476564,0.2608695652173913,0.983578,0.89329416,0.8420463,0.84783953,-0.006306489936919082,0.04353763,0.09007388,0.088255584,0.99989694,0.91164136,0.20833333333333334,0.99989694,0.94500214,0.90982306,0.9115999,-0.0040131658574809525,0.028788539,0.5472860336303711
17404.mp4,good,0.9908913969993591,0.9668243527412415,0.5746559,0.5640341,0.97225076,0.40821669,0.08695652173913043,0.97225076,0.58882123,0.3975949,0.40878537,-0.02623265987563984,0.18313155,0.21707827,0.21707827,0.9814413,0.76436305,0.08695652173913043,0.9814413,0.84186935,0.76436305,0.77967566,-0.009122256292656006,0.06261309,0.07398219406604767,0.20720649,0.17610162,0.9722509,0.79614925,0.08695652173913043,0.9722509,0.82260114,0.7650444,0.7726671,-0.006597137086005073,0.053184215,0.10105306,0.097381055,0.9880671,0.89068604,0.043478260869565216,0.9880671,0.9158516,0.88701403,0.8904006,-0.003934441936817099,0.028557163,0.08474654,0.08474654,0.9997459,0.91499937,0.125,0.9997459,0.9471607,0.91499937,0.92314196,-0.0027681298359580886,0.021849604,0.4364636540412903
16157.mp4,good,0.984883189201355,0.9329879879951477,0.41468483,0.3564934,0.92145306,0.56495965,0.0,0.92145306,0.59173894,0.5067682,0.5168109,-0.00923792970745932,0.1056128,0.17056769,0.15487629,0.96167463,0.80679834,0.0,0.96167463,0.81990325,0.79110694,0.7929073,-0.0041792168329827005,0.045057513,0.08999215811491013,0.12535834,0.10233879,0.9284507,0.8261119,0.043478260869565216,0.9284507,0.8313363,0.80309236,0.81764936,-0.0016926886889303012,0.02631891,0.06510019,0.05559492,0.96399343,0.9083985,0.0,0.96399343,0.9098953,0.89889324,0.9008015,-0.0010056278922341041,0.01457653,0.08318412,0.05231011,0.9998815,0.9475714,0.125,0.9998815,0.9395356,0.9166974,0.9229469,0.00014030739017154579,0.01657108,0.47512009739875793
6914.mp4,good,0.9842484593391418,0.9571192264556885,0.8463483,0.8457717,0.97454566,0.12877399,0.21739130434782608,0.97454566,0.4602759,0.12819737,0.1308877,-0.0467425222865678,0.3265411,0.19778168,0.19246995,0.9864434,0.79397345,0.043478260869565216,0.9864434,0.86057216,0.7886617,0.79344064,-0.009933073294492577,0.06972928,0.08564001321792603,0.18745679,0.16649997,0.9755325,0.8090325,0.043478260869565216,0.9755325,0.84247524,0.7880757,0.79559666,-0.0067691803567494595,0.05419754,0.05897832,0.055690885,0.9896482,0.93395734,0.0,0.9896482,0.9462123,0.9306699,0.93207496,-0.0021730187853334555,0.016780179,0.0959574,0.067451,0.9998541,0.9324031,0.16666666666666666,0.9998541,0.93934155,0.9038967,0.90908366,-0.0025090023486510813,0.028150564,0.611918568611145
20339.mp4,good,0.973278820514679,0.903527021408081,0.75225115,0.66186476,0.95580745,0.2939427,0.13043478260869565,0.95580745,0.48401007,0.2035563,0.2471738,-0.03151872092968392,0.23276827,0.22390181,0.21597171,0.9741857,0.758214,0.21739130434782608,0.9741857,0.83219016,0.7502839,0.75446445,-0.010764469271120826,0.07438081,0.07606419920921326,0.2775252,0.22866452,0.95628893,0.7276244,0.21739130434782608,0.95628893,0.79307616,0.67876375,0.70015323,-0.01149600267174686,0.08059481,0.124679446,0.11849666,0.98226297,0.8637663,0.34782608695652173,0.98226297,0.90825427,0.8575835,0.8587577,-0.00626577784421416,0.04270403,0.3743717,0.3418764,1.0001789,0.65830255,0.2916666666666667,1.0001789,0.8234661,0.6258072,0.6399552,-0.020193697680597745,0.14903182,0.4844399094581604
20345.mp4,good,0.9569827318191528,0.7827017903327942,0.8535174,0.81542486,0.9568867,0.14146183,0.0,0.9568867,0.26682714,0.103369266,0.108137965,-0.02279016864394011,0.22934768,0.3058952,0.26089072,0.975713,0.7148223,0.17391304347826086,0.975713,0.76046497,0.6698178,0.67508817,-0.009623588603947008,0.084463246,0.17044726014137268,0.2342847,0.19057268,0.9603855,0.7698128,0.2608695652173913,0.9603855,0.82717365,0.7261008,0.76282424,-0.006325834412348598,0.05144667,0.09832269,0.08257353,0.98477286,0.9021993,0.2608695652173913,0.98477286,0.9309122,0.8864502,0.9007894,-0.0029754178679507848,0.022542603,0.20572686,0.11020917,1.0005292,0.89032,0.16666666666666666,1.0005292,0.9326436,0.7948023,0.88902676,-0.003653996871865318,0.04039878,0.5084948539733887
6053.mp4,normal,0.9892183542251587,0.9526462554931641,0.71809065,0.71809065,0.94915056,0.23105994,0.30434782608695654,0.94915056,0.44905227,0.23105994,0.24285185,-0.025151814867856483,0.18065377,0.27299207,0.25688553,0.96586907,0.70898354,0.30434782608695654,0.96586907,0.8016641,0.692877,0.7055556,-0.010594330227422162,0.074167065,0.13139009475708008,0.15087193,0.13949913,0.9553911,0.815892,0.17391304347826086,0.9553911,0.8526789,0.8045192,0.816082,-0.004358762337756253,0.033646043,0.07415879,0.06734526,0.9825369,0.91519165,0.21739130434782608,0.9825369,0.9330542,0.9083781,0.90940595,-0.0025858789564592493,0.01843617,0.06405938,0.04348606,0.9995151,0.95602906,0.125,0.9995151,0.9591548,0.93545574,0.94350696,-0.0016779434680938893,0.015426691,0.5278717279434204
5985.mp4,normal,0.9583814740180969,0.9087371826171875,0.8208008,0.80999243,0.9253778,0.11538534,0.0,0.9253778,0.22690223,0.104577035,0.10975904,-0.019911416596456937,0.19461858,0.53806204,0.45113695,0.95991766,0.5087807,0.13043478260869565,0.95991766,0.5936095,0.42185563,0.4664321,-0.014639963421661411,0.13402389,0.28476381301879883,0.23751783,0.16751122,0.937009,0.76949775,0.17391304347826086,0.937009,0.78987545,0.69949114,0.71663606,-0.0038108444614372724,0.052136842,0.16766554,0.10497987,0.9690613,0.86408144,0.17391304347826086,0.9690613,0.8783733,0.8013958,0.82576555,-0.002315050587352574,0.0374197,0.14430296,0.108872354,0.99940246,0.8905301,0.2916666666666667,0.99940246,0.93056726,0.8550995,0.88644516,-0.0027624769055325277,0.037981573,0.4197946786880493
15254.mp4,good,0.9428816437721252,0.7562677264213562,0.6268093,0.61069006,0.6972124,0.086522326,0.0,0.6972124,0.24240895,0.0704031,0.08201024,-0.02542588572669406,0.1947167,0.46423918,0.46423918,0.8922026,0.42796344,0.21739130434782608,0.8922026,0.59312147,0.42796344,0.43472183,-0.022152153723560303,0.15256973,0.20474565029144287,0.26609677,0.2594794,0.863103,0.60362357,0.21739130434782608,0.863103,0.6868375,0.5970062,0.60759324,-0.010945706204934572,0.07575702,0.22299135,0.21970952,0.9431975,0.723488,0.21739130434782608,0.9431975,0.79786706,0.72020614,0.7222297,-0.009952005661523388,0.068173826,0.35637867,0.33428854,0.9999282,0.66563964,0.041666666666666664,0.9999282,0.7558462,0.6435495,0.6502698,-0.01445362834826761,0.109647095,0.41538864374160767
15237.mp4,normal,0.98997563123703,0.9628104567527771,0.10830593,-0.06547707,0.91542536,0.98090243,0.08695652173913043,0.987129,0.94956607,0.8071194,0.91767985,0.005182156626414872,0.04509907,0.03867781,-0.03375888,0.95205104,0.9858099,0.08695652173913043,0.9928727,0.9689873,0.91337323,0.94834554,0.0028010944839522724,0.021929685,0.007943793199956417,0.049709022,-0.0550223,0.92588013,0.98090243,0.08695652173913043,0.98712903,0.95519894,0.8761711,0.9264459,0.004002129489725279,0.031491976,0.023409367,-0.025776088,0.9633518,0.9891279,0.08695652173913043,0.99356824,0.97693104,0.9399424,0.9640848,0.0019401669384462605,0.01459295,0.032740235,0.003957033,0.9997462,0.9957892,0.20833333333333334,0.9997462,0.9855316,0.96700597,0.96977115,0.0009311969383903045,0.0104682455,0.5400490760803223
20035.mp4,good,0.9853014945983887,0.9728343486785889,0.62386066,0.5393508,0.94267446,0.40332365,0.043478260869565216,0.94267446,0.45479617,0.3188138,0.33486524,-0.012524713169444698,0.13286832,0.18452346,0.17310101,0.9715533,0.7984523,0.0,0.9715533,0.8264726,0.78702986,0.7922363,-0.0049793508802006975,0.04360164,0.09480969607830048,0.18974668,0.14567977,0.95418286,0.8085031,0.043478260869565216,0.95418286,0.81498915,0.7644362,0.7856812,-0.003591645494280122,0.039127566,0.08374417,0.070126474,0.98433155,0.9142051,0.043478260869565216,0.98433155,0.9212823,0.9005874,0.90539557,-0.002275535358270649,0.01997139,0.06368041,0.046824098,1.0000589,0.9532348,0.08333333333333333,1.0000589,0.95437187,0.9363785,0.9398217,-0.0013399303477743469,0.016414242,0.5078018307685852
7607.mp4,bad,0.9340017437934875,0.6914361715316772,0.6611651,0.6385378,0.7482481,0.10971026,0.0,0.7482481,0.1511226,0.08708295,0.0921137,-0.010400941006456442,0.13484599,0.39320225,0.22954983,0.90706736,0.67751753,0.13043478260869565,0.90706736,0.6624051,0.5138651,0.5894383,-0.003044920358733241,0.07297892,0.1381707638502121,0.5286414,0.44733247,0.89517856,0.44784608,0.0,0.89517856,0.49042,0.36653715,0.37445065,-0.01693008298223671,0.153642,0.25718635,0.14604676,0.9515267,0.80547994,0.13043478260869565,0.9515267,0.80057573,0.69434035,0.7385911,-0.004411708696086426,0.058949612,0.50547916,0.2312538,0.9997018,0.768448,0.08333333333333333,0.9997018,0.74885434,0.49422264,0.6738997,-0.009527428875798792,0.11912579,0.19990789890289307
6020.mp4,normal,0.983900249004364,0.9566806554794312,0.7698306,0.7582749,0.85100275,0.09272785,0.0,0.85100275,0.19278668,0.08117215,0.08325224,-0.019494070012578864,0.18841542,0.5746894,0.5466796,0.9437912,0.3971116,0.21739130434782608,0.9437912,0.5572945,0.36910182,0.37149847,-0.025574127823232203,0.18129808,0.24997547268867493,0.5289752,0.5254476,0.92918086,0.40373325,0.0,0.92918086,0.5586571,0.40020567,0.40662995,-0.021093571875170757,0.16335246,0.25023025,0.23267317,0.9749377,0.7422645,0.2608695652173913,0.9749377,0.8072698,0.7247074,0.7274176,-0.010344688011252363,0.07386961,0.11685288,0.10388076,1.0006438,0.8967631,0.16666666666666666,1.0006438,0.9251649,0.88379097,0.88825923,-0.004315973053807825,0.032306332,0.29022014141082764
6965.mp4,normal,0.9724944829940796,0.889154851436615,0.75266075,0.5042811,0.94482446,0.44054335,0.08695652173913043,0.94482446,0.45201916,0.19216374,0.32021487,-0.005843838448581038,0.1631596,0.43875432,0.18191278,0.9694096,0.7874968,0.08695652173913043,0.9694096,0.78060305,0.53065526,0.7258306,-0.0017576076296478373,0.0872372,0.1320991963148117,0.28054184,0.1393773,0.9477036,0.8083263,0.08695652173913043,0.9477036,0.82736284,0.66716176,0.8084428,-0.001790083385267751,0.049448207,0.17001492,0.079334974,0.98143363,0.90209866,0.08695652173913043,0.98143363,0.9127023,0.8114187,0.89552927,-0.0007351449002390485,0.030478206,0.111145616,0.07812154,1.0004336,0.922312,0.125,1.0004336,0.94822925,0.88928795,0.9275314,-0.0014582924739174404,0.0224511,0.4924446940422058
5627.mp4,bad,0.9809621572494507,0.9653754234313965,0.5802686,0.571808,0.7228549,0.15104692,0.21739130434782608,0.7228549,0.31174177,0.14258629,0.15705332,-0.019022924302830525,0.13616943,0.3920486,0.3920486,0.90995216,0.51790357,0.21739130434782608,0.90995216,0.68145293,0.51790357,0.53281164,-0.015788702566633114,0.10654166,0.19692501425743103,0.14690256,0.14690256,0.8598337,0.71293116,0.17391304347826086,0.8598337,0.7585097,0.71293116,0.7173228,-0.004364737114416282,0.034685645,0.09852797,0.09852797,0.9494107,0.8508827,0.13043478260869565,0.9494107,0.8783781,0.8508827,0.8563384,-0.002743938930421016,0.02235259,0.069859326,0.069859326,1.0000342,0.9301749,0.041666666666666664,1.0000342,0.94858974,0.9301749,0.9353999,-0.0017765250931615706,0.016939059,0.46309804916381836
15500.mp4,bad,0.9537671208381653,0.8937174677848816,0.27276865,0.23859277,0.37629825,0.13770548,0.08695652173913043,0.37629825,0.16033922,0.103529595,0.110810354,-0.0008037354605706787,0.05489629,0.354485,0.354485,0.8128886,0.45840362,0.043478260869565216,0.8128886,0.538761,0.45840362,0.46782604,-0.008035603748715436,0.076792225,0.3071395754814148,0.09033942,0.048543334,0.73638415,0.6878408,0.08695652173913043,0.75212765,0.70018786,0.64604473,0.68695855,-0.0008982424090502308,0.020731503,0.08521968,0.079665065,0.9099717,0.83030665,0.043478260869565216,0.9099717,0.8459006,0.82475203,0.8288586,-0.0021467948619556055,0.020427048,0.19417948,0.10621989,0.9994618,0.89324194,0.125,0.9994618,0.88258547,0.80528235,0.83144575,0.0005777537563572571,0.042176146,0.37016624212265015
6792.mp4,good,0.969413161277771,0.8983321189880371,0.84715754,0.82602787,0.9713615,0.14533368,0.0,0.9713615,0.3415688,0.124204,0.13887374,-0.02372996038628425,0.22650382,0.4208929,0.42021996,0.97801244,0.5577925,0.21739130434782608,0.97801244,0.7158958,0.55711955,0.5613912,-0.013959505753554839,0.11702097,0.13022641837596893,0.7467974,0.711782,0.9720725,0.2602905,0.30434782608695654,0.9720725,0.6382003,0.2252751,0.25707105,-0.03219181743888516,0.25298575,0.3301704,0.2740757,0.9860786,0.71200293,0.2608695652173913,0.9860786,0.84612215,0.6559082,0.7079548,-0.011958513570868455,0.09361709,0.21257389,0.17931128,1.0006733,0.821362,0.25,1.0006733,0.9317727,0.7880994,0.8225904,-0.008012902555258406,0.06458036,0.15456508100032806
15571.mp4,normal,0.9983944296836853,0.9872872829437256,0.15730023,0.15309536,0.98393905,0.8308437,0.17391304347826086,0.98393905,0.8761976,0.8266388,0.8313378,-0.005115353425029718,0.039894354,0.04071158,0.03983009,0.9744854,0.9346553,0.0,0.9744854,0.9401773,0.9337738,0.9346989,-0.000893603612782917,0.009243768,0.019401146098971367,0.08900118,0.07210153,0.98393905,0.9118375,0.043478260869565216,0.98393905,0.91990817,0.8949379,0.904677,-0.002053576613603374,0.019648302,0.027088284,0.026899397,0.9822443,0.9553449,0.0,0.9822443,0.95957845,0.955156,0.9553479,-0.000698385561407787,0.0067441775,0.025731504,0.025731504,1.0004582,0.97472674,0.0,1.0004582,0.9781947,0.97472674,0.97550046,-0.0004846810517104072,0.0055608484,0.3881053328514099
7465.mp4,bad,0.9715719819068909,0.9222506284713745,0.6166884,0.6093806,0.761886,0.1525054,0.0,0.761886,0.23910818,0.1451976,0.15067177,-0.0008500842414354614,0.14850233,0.41368628,0.39958334,0.91162014,0.5120368,0.0,0.91162014,0.5865061,0.49793386,0.5059617,-0.0008455721050383048,0.1086064,0.2597406506538391,0.23985666,0.16297,0.89205456,0.72908455,0.08695652173913043,0.89205456,0.7255444,0.6521979,0.67385215,-0.0016070183793546627,0.05304891,0.15693712,0.115486264,0.9531785,0.83769226,0.08695652173913043,0.9531785,0.8462468,0.7962414,0.81077945,-0.0012313168157230719,0.036801916,0.1965872,0.112733305,0.9995581,0.8868248,0.20833333333333334,0.9995581,0.8955944,0.8029709,0.8315475,-0.0040622109693029835,0.050509434,0.4498070180416107
17306.mp4,bad,0.9441898465156555,0.8264892101287842,0.32866257,0.22602826,0.9601124,0.7340841,0.21739130434782608,0.9601124,0.77633584,0.6314498,0.6395517,-0.012158076753729426,0.09915999,0.094382524,0.08544791,0.9728353,0.8873874,0.0,0.9728353,0.9050817,0.8784528,0.8818275,-0.003542208801145155,0.027661566,0.0340113490819931,0.12176889,0.117679715,0.96011245,0.84243274,0.08695652173913043,0.96011245,0.8762989,0.83834356,0.8428113,-0.004595437657691753,0.034533173,0.055669487,0.05045259,0.9779979,0.9275453,0.043478260869565216,0.9779979,0.9390931,0.9223284,0.92541623,-0.002131508685383393,0.016109597,0.33058965,0.25785673,0.99948645,0.7416297,0.125,0.99948645,0.8034587,0.6688968,0.71192956,-0.011386963362279182,0.08806256,0.3931818902492523
15015.mp4,bad,0.9789811968803406,0.9475540518760681,0.64961755,0.63066936,0.8358185,0.20514914,0.0,0.8358185,0.277825,0.18620098,0.1902867,-0.016055935058786955,0.16056389,0.51851094,0.5067134,0.9367771,0.4300637,0.0,0.9367771,0.5149865,0.41826618,0.42573807,-0.016873582284676697,0.14442053,0.30588480830192566,0.22726208,0.22696769,0.90012896,0.67316127,0.0,0.90012896,0.7212761,0.6728669,0.6742047,-0.007664242339699641,0.060409855,0.17341071,0.16501343,0.95454067,0.78952724,0.0,0.95454067,0.82087153,0.78112996,0.7866213,-0.005901164688140517,0.046056535,0.11075479,0.10899401,1.0005639,0.89156985,0.08333333333333333,1.0005639,0.92714435,0.8898091,0.89126265,-0.0049028820576875135,0.036241904,0.3852449655532837
16615.mp4,good,0.9730480313301086,0.9112998247146606,0.12198514,0.08824909,0.9028164,0.8145673,0.17391304347826086,0.9028164,0.8367487,0.7808313,0.79076755,0.0004213114854375191,0.03810937,0.055785656,0.043724537,0.9410515,0.89732695,0.17391304347826086,0.9410515,0.9046434,0.8852658,0.8894291,-0.00014691119608673447,0.013653291,0.014621959999203682,0.08954263,0.05346638,0.91218615,0.85871977,0.17391304347826086,0.91218615,0.8693025,0.8226435,0.83729047,0.000760877968765525,0.024759643,0.052440524,0.04070002,0.9524035,0.91170347,0.13043478260869565,0.9524035,0.91926533,0.89996296,0.90553373,-9.766091471136988e-06,0.012226851,0.14668977,0.106188476,0.9993577,0.8931692,0.125,0.9993577,0.8992154,0.8526679,0.86783904,-0.0008447267439054682,0.031384572,0.13840284943580627
16257.mp4,bad,0.9589543342590332,0.9125288128852844,0.3725194,0.3725194,0.48632532,0.11380592,0.0,0.48632532,0.17530192,0.11380592,0.11829209,-0.01033997313366107,0.087325655,0.414567,0.40702337,0.80126464,0.39424127,0.0,0.80126464,0.4645662,0.38669765,0.38952568,-0.01291107339232335,0.10351795,0.3336910903453827,0.23066503,0.19248116,0.83745444,0.6449733,0.08695652173913043,0.83745444,0.68747157,0.6067894,0.63293934,-0.007878927609666048,0.064735584,0.1653521,0.15577424,0.91293025,0.757156,0.0,0.91293025,0.79825723,0.74757814,0.75341064,-0.007211266770193241,0.054247625,0.35444325,0.29336536,0.9993391,0.70597374,0.125,0.9993391,0.7827663,0.64489585,0.6730507,-0.012630491230798834,0.10338283,0.31270959973335266
16844.mp4,good,0.9871982932090759,0.9697186946868896,0.5510003,0.5510003,0.68847036,0.13747007,0.0,0.68847036,0.2167423,0.13747007,0.14470007,-0.011804395233807368,0.11349965,0.35408837,0.35408837,0.8873666,0.5332782,0.13043478260869565,0.8873666,0.6368182,0.5332782,0.54611874,-0.012322043771800321,0.087707736,0.24904781579971313,0.1002841,0.09215385,0.8643985,0.77224463,0.13043478260869565,0.8643985,0.7885996,0.7641144,0.7662072,-0.0024089105868999126,0.022611195,0.07871723,0.07871723,0.9419763,0.8632591,0.13043478260869565,0.9419763,0.885866,0.8632591,0.8703231,-0.0020933206020136786,0.01645425,0.087572336,0.08309299,1.0001779,0.9170849,0.125,1.0001779,0.948518,0.9126055,0.9202626,-0.002938057754350777,0.021684933,0.4803387224674225
6315.mp4,bad,0.9005544781684875,0.6984235048294067,0.30683455,0.16478318,0.43149173,0.26670855,0.08695652173913043,0.5282434,0.23187488,0.12465718,0.16131794,-0.00406320982800407,0.09343982,0.34326804,0.066179514,0.7543814,0.6882019,0.13043478260869565,0.78665876,0.65388197,0.41111338,0.57221204,0.0015450728387229444,0.08507848,0.17831631004810333,0.19699812,0.09191525,0.7900716,0.69815636,0.043478260869565216,0.8032759,0.6710015,0.5930735,0.6180524,-0.001945243934868824,0.059443466,0.13978243,0.053070605,0.8918456,0.838775,0.08695652173913043,0.8918456,0.8321982,0.75206316,0.81511825,-0.00024201906481277505,0.031661745,0.42683268,0.36830795,0.9995918,0.6312839,0.041666666666666664,0.9995918,0.71137315,0.57275915,0.5795209,-0.009070030243500437,0.13792849,0.30941346287727356
17039.mp4,bad,0.9953653216362,0.9842374920845032,0.4012094,0.029966593,0.98811704,0.95815045,0.17391304347826086,0.98811704,0.9012451,0.5869076,0.760875,0.005441467458080399,0.10228484,0.101187825,0.00865978,0.9840687,0.9754089,0.17391304347826086,0.9840687,0.95374846,0.88288087,0.9088074,0.0017732261080044614,0.029325616,0.023458076640963554,0.109668314,0.027694404,0.9881171,0.9604227,0.17391304347826086,0.9881171,0.9460718,0.8784488,0.8999156,0.0019106071574885746,0.030587273,0.035269618,0.011029005,0.99258846,0.98155946,0.17391304347826086,0.99258846,0.9772065,0.95731884,0.9621715,0.0004660659156769039,0.00984157,0.014792681,0.0058651567,0.9999577,0.9940925,0.16666666666666666,0.9999577,0.99288845,0.985165,0.9877413,-3.450616546317874e-06,0.0034991978,0.6349215507507324
6051.mp4,bad,0.9890719652175903,0.9715505242347717,0.82641953,0.8160573,0.95383394,0.13777664,0.0,0.95383394,0.24572589,0.1274144,0.1322374,-0.02153997712220128,0.19654003,0.49725628,0.48449332,0.97504354,0.49055022,0.0,0.97504354,0.60776615,0.47778726,0.48276475,-0.019176403759967684,0.1411626,0.2732316553592682,0.21235776,0.19409245,0.9540655,0.75997305,0.043478260869565216,0.9540655,0.78542405,0.74170774,0.75259835,-0.004222820752223019,0.042310815,0.12553847,0.123348296,0.98153013,0.85818183,0.0,0.98153013,0.8809978,0.85599166,0.8579317,-0.0037252145558006795,0.03065595,0.07353425,0.058344483,0.9995955,0.94125104,0.125,0.9995955,0.95222694,0.9260613,0.9314618,-0.00202022122300191,0.020041564,0.48471665382385254
6034.mp4,normal,0.9593838453292847,0.9207435846328735,0.23051131,0.12860915,0.2835328,0.15492365,0.0,0.5842138,0.17091365,0.05302149,0.06263967,-0.009469389863930672,0.123182654,0.43984306,0.29041582,0.76450217,0.47408634,0.13043478260869565,0.84618425,0.51072454,0.3246591,0.34107065,-0.01922236085527028,0.16921027,0.3083515167236328,0.348131,0.18069243,0.84752595,0.6668335,0.17391304347826086,0.8539469,0.68805605,0.49939495,0.569,-0.012360164534904275,0.10925925,0.20163184,0.11488843,0.9279509,0.8130625,0.17391304347826086,0.9376459,0.81907606,0.7263191,0.7421346,-0.008652019524291576,0.073527254,0.17489564,0.11807513,1.0005674,0.8824923,0.16666666666666666,1.0005674,0.91286975,0.8256718,0.8419375,-0.006990435538084633,0.057407152,0.3321951925754547
5685.mp4,good,0.8898637294769287,0.5087969303131104,0.8023442,0.7177079,0.87303007,0.1553222,0.0,0.87303007,0.18279499,0.07068588,0.08653822,-0.01275676959323083,0.16880654,0.73616725,0.5843118,0.9531324,0.3688206,0.08695652173913043,0.9531324,0.42691952,0.21696514,0.25120535,-0.01725793691727485,0.18216905,0.2639089524745941,0.7142073,0.6432687,0.923483,0.28021428,0.0,0.923483,0.4309658,0.20927572,0.22767152,-0.03198269068488021,0.2589471,0.5521123,0.37161887,0.9715805,0.59996164,0.13043478260869565,0.9715805,0.69082844,0.41946822,0.49475682,-0.016044099605366166,0.1552383,0.70285845,0.46074182,1.000609,0.5398672,0.20833333333333334,1.000609,0.75602245,0.2977506,0.42039418,-0.017799774978471853,0.20644644,0.15271314978599548
17384.mp4,bad,0.9976391196250916,0.9832902550697327,0.06733036,0.00630635,0.9800328,0.97372645,0.043478260869565216,0.9831083,0.9724818,0.91270244,0.97027147,0.00030579420888847164,0.013121244,0.05633378,0.008458614,0.9855596,0.97710097,0.043478260869565216,0.9863577,0.979273,0.9292258,0.9775617,0.0003724480452744827,0.010892391,0.004487804602831602,0.058802366,0.0050438046,0.9800327,0.9749889,0.043478260869565216,0.98310816,0.97305685,0.9212303,0.97027135,0.00024035207838881182,0.011491516,0.045824885,0.0029215813,0.9861406,0.983219,0.043478260869565216,0.9889616,0.98376083,0.9403157,0.9833506,0.000264808888963082,0.009367223,0.017043889,0.005642116,1.0003176,0.99467546,0.041666666666666664,1.0003176,0.9949123,0.9832737,0.9937226,4.242484984187576e-05,0.0027816861,0.3086749315261841
7604.mp4,good,0.9899359941482544,0.9619077444076538,0.7634291,0.35882258,0.9386984,0.5798758,0.13043478260869565,0.9386984,0.5472679,0.1752693,0.25430375,-0.02039845382036429,0.20611027,0.34850448,0.12814355,0.97183335,0.8436898,0.13043478260869565,0.97183335,0.8298067,0.62332886,0.69360375,-0.008232345870832209,0.09164869,0.09562621265649796,0.20108998,0.10464209,0.9479977,0.8433556,0.17391304347826086,0.9479977,0.8449143,0.7469077,0.7777985,-0.004765669936719161,0.048041716,0.114463806,0.051115632,0.97811306,0.9269974,0.17391304347826086,0.97811306,0.92543304,0.86364925,0.8857078,-0.0029295547442002782,0.029303094,0.062667966,0.030253887,1.0001423,0.96988845,0.16666666666666666,1.0001423,0.9742492,0.93747437,0.95770586,-0.001339664329653242,0.015022629,0.38593336939811707
17399.mp4,bad,0.9383426904678345,0.7252131700515747,0.7391875,0.7027762,0.9676988,0.2649226,0.34782608695652173,0.9676988,0.5625874,0.2285113,0.24451964,-0.040769151400907255,0.28437144,0.46737212,0.44671005,0.9825538,0.53584373,0.34782608695652173,0.9825538,0.74488485,0.51518166,0.53071916,-0.02643495144344604,0.18382646,0.10529475659132004,0.44998264,0.41729403,0.9676987,0.55040467,0.34782608695652173,0.9676987,0.74747103,0.51771605,0.53520036,-0.023936002150825836,0.16920571,0.28272045,0.27032357,0.9856752,0.71535164,0.34782608695652173,0.9856752,0.8501796,0.70295477,0.71257806,-0.015333774532725207,0.106513016,0.36497146,0.263614,1.0002711,0.7366571,0.25,1.0002711,0.8563588,0.6352996,0.70270526,-0.015204376915226836,0.11880909,0.32379648089408875
20165.mp4,good,0.9949300289154053,0.9901304244995117,0.66301394,0.66078854,0.9659561,0.30516756,0.13043478260869565,0.9659561,0.4959805,0.3029422,0.30995464,-0.018075046714822306,0.17896776,0.20411628,0.20411628,0.98062384,0.77650756,0.13043478260869565,0.98062384,0.84128886,0.77650756,0.7896503,-0.006224991481294744,0.051263362,0.08795897662639618,0.15481341,0.12609166,0.9659562,0.83986455,0.043478260869565216,0.9659562,0.8493845,0.8111428,0.8169602,-0.00334517257251289,0.03511915,0.07331079,0.06487596,0.9843825,0.91950655,0.043478260869565216,0.9843825,0.92924774,0.9110717,0.9145075,-0.0019223834921720108,0.01811606,0.029022217,0.021395385,0.9997493,0.9783539,0.08333333333333333,0.9997493,0.9827011,0.9707271,0.9766997,-0.0007410335022470375,0.0074397568,0.359655499458313
17432.mp4,bad,0.9874163269996643,0.9650923609733582,0.7111044,0.7028178,0.96563613,0.2628183,0.0,0.96563613,0.4719964,0.25453177,0.26373017,-0.03416185952693579,0.2483455,0.37322283,0.37322283,0.9773233,0.60410047,0.0,0.9773233,0.7295845,0.60410047,0.6121959,-0.01874619622239954,0.13337465,0.1675284206867218,0.22374451,0.22374451,0.9661893,0.7424448,0.043478260869565216,0.9661893,0.8126305,0.7424448,0.75810814,-0.008183526662969792,0.06589197,0.12717456,0.12717456,0.9857246,0.8585501,0.043478260869565216,0.9857246,0.8971128,0.8585501,0.86769974,-0.004904783172569703,0.03839196,0.15629464,0.107008815,1.0002944,0.89328563,0.125,1.0002944,0.9195299,0.8439998,0.87103623,-0.0038959994005120444,0.042741716,0.5186315178871155
16562.mp4,normal,0.9600041508674622,0.9206133484840393,0.81256557,0.81242406,0.91684765,0.10442357,0.0,0.91684765,0.21914026,0.104282066,0.10563194,-0.022878999265993082,0.213311,0.65546346,0.65546346,0.95540667,0.29994318,0.13043478260869565,0.95540667,0.49514782,0.29994318,0.30453688,-0.02658969414210603,0.19040436,0.3495560586452484,0.3176719,0.29456747,0.9300362,0.6354687,0.21739130434782608,0.9300362,0.7375531,0.6123643,0.6363021,-0.01346627449094072,0.091912396,0.20663464,0.2011007,0.9681517,0.767051,0.17391304347826086,0.9681517,0.84470403,0.76151705,0.767962,-0.009198208335831246,0.06220881,0.2552539,0.23977077,1.0001302,0.7603594,0.16666666666666666,1.0001302,0.89174825,0.74487627,0.7764185,-0.01092812154604043,0.07850451,0.35400670766830444
17305.mp4,bad,0.9553738236427307,0.8925440907478333,0.5641484,0.5413071,0.69244134,0.15113425,0.043478260869565216,0.69244134,0.2597492,0.12829293,0.15401627,-0.014375160378311932,0.12402276,0.38826397,0.3867113,0.88021743,0.49350613,0.0,0.88021743,0.57937807,0.49195346,0.49409735,-0.012362931262363088,0.10050365,0.2571341395378113,0.15691113,0.15691113,0.83797884,0.6810677,0.13043478260869565,0.83797884,0.74317217,0.6810677,0.6872666,-0.007709949207400156,0.053948887,0.15065241,0.14043188,0.9304606,0.7900287,0.21739130434782608,0.9304606,0.8365121,0.77980816,0.7896027,-0.00636235415464333,0.044742998,0.21833426,0.15828723,1.0003357,0.84204847,0.16666666666666666,1.0003357,0.8937433,0.78200144,0.8295604,-0.006990064201147675,0.052268323,0.4715389609336853
15720.mp4,bad,0.9141256809234619,0.669761061668396,0.63517314,0.6227036,0.94481677,0.32211316,0.17391304347826086,0.94481677,0.5413672,0.30964363,0.3164995,-0.03073697887626092,0.21685922,0.2568822,0.25638032,0.9691299,0.7127496,0.21739130434782608,0.9691299,0.8041017,0.7122477,0.71304995,-0.012729304345700129,0.08933258,0.0870298370718956,0.23036695,0.18978596,0.9479586,0.75817263,0.043478260869565216,0.9479586,0.8135238,0.71759164,0.75606966,-0.008050637636260084,0.060335014,0.1286484,0.11585975,0.9766221,0.86076236,0.08695652173913043,0.9766221,0.8911316,0.8479737,0.8544461,-0.005140811499399617,0.038121168,0.41364002,0.30979884,1.0001322,0.69033337,0.041666666666666664,1.0001322,0.70784014,0.5864922,0.63579494,-0.007745707086894857,0.0928798,0.331701397895813
16953.mp4,bad,0.9699880480766296,0.9072357416152954,0.8360161,0.81865454,0.9510564,0.13240185,0.0,0.9510564,0.2733789,0.11504032,0.119401775,-0.030467346214906512,0.2698967,0.54172707,0.518162,0.97658086,0.45841885,0.0,0.97658086,0.57395196,0.4348538,0.4407764,-0.023070485636650814,0.18142264,0.3053155839443207,0.24901962,0.23176455,0.95778465,0.7260201,0.0,0.95778465,0.77470654,0.70876503,0.7150165,-0.008927774759149357,0.07141515,0.13748866,0.13431334,0.9817394,0.84742606,0.0,0.9817394,0.8792675,0.84425074,0.8478527,-0.005230712030716086,0.04028028,0.14006889,0.1135121,0.99939287,0.88588077,0.08333333333333333,0.99939287,0.9160057,0.859324,0.87587714,-0.0053482297969901236,0.04238316,0.4314250648021698
15337.mp4,bad,0.9824535250663757,0.9331725835800171,0.8106133,0.020486891,0.99297935,0.97249246,0.391304347826087,0.99297935,0.60733384,0.18236607,0.18535909,0.02453774631965774,0.3518878,0.20307988,0.010156393,0.9905425,0.9803861,0.30434782608695654,0.9905425,0.8973687,0.7874626,0.7880422,0.005402184698892689,0.08203537,0.05389051511883736,0.27073914,0.020486712,0.9929792,0.9724925,0.30434782608695654,0.9929792,0.8596282,0.7222401,0.7278066,0.007194597730523495,0.10471343,0.09014487,0.008043826,0.9947927,0.9867489,0.2608695652173913,0.9947927,0.95125943,0.9046478,0.90742576,0.002074230211996751,0.033366308,0.09147775,0.0036429763,1.0006102,0.99696726,0.125,1.0006102,0.9729733,0.9091325,0.94745374,0.001106985885163999,0.024110442,0.4583854675292969
17074.mp4,bad,0.9625070691108704,0.7646536231040955,0.7425136,0.72839767,0.93969214,0.21129447,0.0,0.93969214,0.33731568,0.19717856,0.20782807,-0.026591155604411505,0.23713467,0.43256223,0.4217016,0.9735273,0.5518257,0.0,0.9735273,0.64290804,0.5409651,0.5469725,-0.01815245403602659,0.152401,0.08197686821222305,0.5451297,0.53489834,0.9515152,0.41661686,0.0,0.9515152,0.5225038,0.40638548,0.41590005,-0.020906562802819866,0.18158194,0.33463454,0.32649797,0.9794805,0.65298253,0.0,0.9794805,0.7248849,0.64484596,0.6505491,-0.014371596482902625,0.12022657,0.39477885,0.34088546,0.99974394,0.6588585,0.0,0.99974394,0.73095626,0.6049651,0.65190107,-0.013878500513408514,0.12883702,0.3479262888431549
6937.mp4,good,0.9545588493347168,0.6103869676589966,0.8352559,0.75081015,0.9354283,0.18461818,0.0,0.9354283,0.3449895,0.10017242,0.105813816,-0.03352987719147574,0.29044876,0.45350963,0.24214983,0.96100146,0.7188516,0.21739130434782608,0.96100146,0.720565,0.5074918,0.51121706,-0.01430801393486294,0.1484136,0.1671755313873291,0.35242462,0.14309514,0.94972795,0.8066328,0.21739130434782608,0.94972795,0.78893363,0.59730333,0.6079391,-0.009801608771674714,0.10984072,0.20809257,0.08157432,0.9776386,0.8960643,0.21739130434782608,0.9776386,0.8877406,0.76954603,0.7728609,-0.005941361012194962,0.067585565,0.38886368,0.06109482,1.0005126,0.9394178,0.20833333333333334,1.0005126,0.89700556,0.6116489,0.62764364,-0.00826084989568465,0.13145603,0.381822407245636
16056.mp4,good,0.9596812129020691,0.8773013353347778,0.42223996,0.40793526,0.47441965,0.06648439,0.0,0.47441965,0.1086198,0.052179687,0.058913857,-0.00951689523331851,0.09716836,0.5970992,0.5970992,0.81970865,0.22260946,0.0,0.81970865,0.34534714,0.22260946,0.2251219,-0.02021408832002533,0.158445,0.4409181475639343,0.33348227,0.3289829,0.8163678,0.48738492,0.21739130434782608,0.8163678,0.62152255,0.48288554,0.4925484,-0.015394690361889932,0.11120425,0.20903265,0.20903265,0.90853333,0.6995007,0.21739130434782608,0.90853333,0.78626525,0.6995007,0.70964575,-0.009282078314204453,0.06330799,0.335222,0.335222,1.0000453,0.6648233,0.20833333333333334,1.0000453,0.8188369,0.6648233,0.6951823,-0.012974594779636582,0.09463267,0.2668294608592987
6758.mp4,bad,0.9845292568206787,0.9331088066101074,0.40368456,0.25894895,0.6077454,0.34879646,0.0,0.6077454,0.32003114,0.20406085,0.21658699,0.0012954535338247173,0.120650254,0.23395962,0.14754033,0.8695266,0.7219863,0.0,0.8695266,0.71090746,0.635567,0.64081883,0.0010208147080990504,0.07596877,0.16882802546024323,0.21716785,0.09887898,0.88975763,0.79087865,0.2608695652173913,0.88975763,0.765255,0.6725898,0.6976711,0.0019515784597208057,0.062160674,0.11790359,0.05112183,0.952651,0.9015292,0.34782608695652173,0.952651,0.87973547,0.83474743,0.83857656,0.0014362695660044382,0.038121127,0.062405586,0.03318757,0.99984294,0.9666554,0.0,0.99984294,0.9547383,0.93743736,0.93916136,-0.00015800245430161434,0.019093007,0.27559030055999756
17185.mp4,bad,0.9709392189979553,0.9139158725738525,0.6775332,0.6661672,0.9374919,0.2713247,0.21739130434782608,0.9374919,0.4817293,0.25995868,0.27198434,-0.027850859632840747,0.1944241,0.2938838,0.2938838,0.96599054,0.67210674,0.13043478260869565,0.96599054,0.77078694,0.67210674,0.6864836,-0.012205648269106749,0.08484232,0.1335451304912567,0.1854527,0.1854527,0.93759596,0.75214326,0.043478260869565216,0.93759596,0.8025686,0.75214326,0.7693617,-0.005398993612278123,0.04380727,0.09506583,0.09506583,0.9708773,0.87581146,0.043478260869565216,0.9708773,0.90433204,0.87581146,0.885873,-0.0029432345991549274,0.022814032,0.184713,0.16687071,1.0001514,0.8332807,0.125,1.0001514,0.8800625,0.8154384,0.82515436,-0.00650161533252054,0.05458846,0.43585485219955444
16883.mp4,good,0.992098331451416,0.9764001369476318,0.23106015,0.16187942,0.90417373,0.7422943,0.043478260869565216,0.90417373,0.72990316,0.6731136,0.69122666,-0.001379826028827629,0.046976775,0.05021155,0.048631668,0.9446627,0.896031,0.0,0.9446627,0.90196,0.89445114,0.8953228,-0.0010259417088135524,0.011632933,0.04743414372205734,0.06329179,0.027317762,0.9146232,0.88730544,0.043478260869565216,0.9254333,0.88017994,0.8513314,0.86628294,-0.0007561389283229286,0.01565719,0.01706922,0.014285803,0.9605104,0.9462246,0.08695652173913043,0.9664856,0.9493944,0.94344115,0.9446944,-0.0004959201859862493,0.0053929333,0.045124292,0.029915988,1.0003089,0.9703929,0.08333333333333333,1.0003089,0.9757388,0.9551846,0.96711606,-0.0005355842217155249,0.009370627,0.5550482869148254
17046.mp4,good,0.9668180346488953,0.8628915548324585,0.5024779,0.4513663,0.98051476,0.52914846,0.0,0.98051476,0.64064986,0.4780369,0.4832225,-0.023144780647142146,0.1738183,0.12787855,0.11221182,0.98470557,0.87249374,0.043478260869565216,0.98470557,0.89551455,0.856827,0.8664551,-0.004737334112404839,0.036214273,0.050927795469760895,0.16360545,0.11932409,0.98051476,0.8611907,0.13043478260869565,0.98051476,0.87057686,0.8169093,0.8312868,-0.004408985965336724,0.038996797,0.06144762,0.049405694,0.9904314,0.94102573,0.13043478260869565,0.9904314,0.9464421,0.9289838,0.931059,-0.0016543319220599189,0.015178557,0.19599015,0.07281548,0.9994547,0.9266392,0.16666666666666666,0.9994547,0.90156585,0.80346453,0.83188695,-0.0004098157779030374,0.050681364,0.47482287883758545
6817.mp4,good,0.9527955055236816,0.825741171836853,0.5372728,0.47388005,0.6133332,0.13945317,0.0,0.8396099,0.23025487,0.076060414,0.10538811,-0.01857911256462219,0.17387958,0.39221674,0.2772898,0.8783273,0.6010375,0.13043478260869565,0.930403,0.66757375,0.48611057,0.56489915,-0.01311116786342365,0.10498448,0.1917969286441803,0.36512882,0.24503529,0.8574947,0.6124594,0.08695652173913043,0.8756568,0.6927581,0.4923659,0.6092597,-0.013447703933527361,0.10319778,0.24233782,0.116790235,0.94473517,0.82794493,0.08695652173913043,0.9513413,0.85937077,0.70239735,0.819396,-0.0066827473786508825,0.056234166,0.2668563,0.16360784,1.0004772,0.83686936,0.08333333333333333,1.0004772,0.88654774,0.7336209,0.83808357,-0.006849285934282415,0.05691632,0.3302103877067566
6719.mp4,good,0.9849868416786194,0.9630497097969055,0.26580274,0.11395258,0.5684029,0.4544503,0.21739130434782608,0.7687532,0.47285253,0.30260015,0.3127462,-0.011771674595567072,0.13145798,0.07915795,0.043212056,0.88461757,0.8414055,0.13043478260869565,0.9222964,0.8441433,0.8054596,0.81082505,-0.003179931416813101,0.03304511,0.09341530501842499,0.07542169,0.068116546,0.8903307,0.8222141,0.17391304347826086,0.8903307,0.84871864,0.814909,0.826211,-0.0026003778451987435,0.018679574,0.030134559,0.02550304,0.9565927,0.93108964,0.13043478260869565,0.9565927,0.93755853,0.9264581,0.9291464,-0.0011738820862864305,0.008536102,0.08603799,0.07553673,0.99980223,0.9242655,0.125,0.99980223,0.9592271,0.91376424,0.9338036,-0.0023476568253144128,0.019179266,0.512782096862793
20149.mp4,good,0.9847778081893921,0.9623129963874817,0.5982435,0.39719117,0.961944,0.5647528,0.043478260869565216,0.961944,0.56133115,0.36370048,0.4493865,-0.007945066737563256,0.13898186,0.13239485,0.11200726,0.9809297,0.8689224,0.0,0.9809297,0.87684846,0.8485348,0.85774505,-0.002729209515417049,0.032135118,0.06197961047291756,0.20368636,0.14541388,0.963078,0.81766415,0.043478260869565216,0.963078,0.82225466,0.75939167,0.7872092,-0.002984225219888656,0.045368448,0.060678363,0.050452173,0.98556495,0.9351128,0.043478260869565216,0.98556495,0.938828,0.9248866,0.92971456,-0.0011570907746379082,0.013754562,0.056367576,0.02507174,0.999401,0.97432923,0.20833333333333334,0.999401,0.9683607,0.9430334,0.94924283,-0.0002770482457202603,0.014708165,0.573666512966156
17297.mp4,bad,0.9960412383079529,0.9908270835876465,0.61574334,0.07887125,0.9867759,0.9079046,0.21739130434782608,0.9867759,0.65396804,0.37103254,0.3960805,0.008772713157970433,0.21426389,0.22526717,0.035740733,0.9856411,0.9499004,0.21739130434782608,0.9856411,0.8780817,0.76037395,0.7741983,0.0016876346037793164,0.069897085,0.07203764468431473,0.1701585,0.05093813,0.9871125,0.9361744,0.17391304347826086,0.9871125,0.8922478,0.816954,0.8455539,0.0007776173324924278,0.041863862,0.07656169,0.02410847,0.99412465,0.9700162,0.17391304347826086,0.99412465,0.9501195,0.91756296,0.92083985,0.00021240068047415376,0.021109896,0.016744554,0.0048425198,1.0000274,0.9951849,0.25,1.0000274,0.99110824,0.98328286,0.9840636,-8.984962235330093e-05,0.0050607864,0.4633466601371765
7029.mp4,bad,0.9496837258338928,0.767870306968689,0.7185607,0.7011672,0.85134524,0.15017799,0.0,0.8931421,0.26539618,0.13278455,0.14115147,-0.023144218805632586,0.23685572,0.39713264,0.39605975,0.941118,0.54505825,0.0,0.941118,0.6237079,0.54398537,0.55074334,-0.013735826307605854,0.12874906,0.21491669118404388,0.46169165,0.3502671,0.9202658,0.5699987,0.043478260869565216,0.9202658,0.6380216,0.45857415,0.55495715,-0.011824975106791537,0.12413065,0.16667747,0.15375483,0.9646002,0.8108454,0.0,0.9646002,0.83862454,0.79792273,0.80185777,-0.005685153038134233,0.053933013,0.24344695,0.18267792,0.9995277,0.81684977,0.16666666666666666,0.9995277,0.8455302,0.75608075,0.7642916,-0.005885947683583143,0.077036984,0.15089789032936096
6788.mp4,good,0.9768242835998535,0.8202399611473083,0.6965996,0.6792302,0.79412866,0.11489847,0.0,0.79412866,0.33780095,0.097529024,0.10233868,-0.03466170585232056,0.25975856,0.4017886,0.35778242,0.93888676,0.58110434,0.08695652173913043,0.93888676,0.71734846,0.53709817,0.5752086,-0.020493174965673735,0.15555978,0.16438508033752441,0.34560728,0.3187487,0.93560576,0.61685705,0.043478260869565216,0.93560576,0.7369014,0.5899985,0.60397583,-0.018541971390897565,0.13899027,0.18803477,0.14668572,0.97398853,0.8273028,0.13043478260869565,0.97398853,0.88173354,0.78595376,0.8172326,-0.008403407785261108,0.066377744,0.23452705,0.121286035,0.99969614,0.8784101,0.08333333333333333,0.99969614,0.9228869,0.7651691,0.8714423,-0.00667369959147083,0.06398456,0.4571363925933838
15109.mp4,normal,0.9956190586090088,0.9833136796951294,0.8070651,0.7915963,0.9923753,0.20077905,0.0,0.9923753,0.399137,0.18531018,0.1881426,-0.0378435044715056,0.30617082,0.1702159,0.15105987,0.994257,0.8431971,0.0,0.994257,0.8753499,0.82404107,0.8262422,-0.007351361126767773,0.058859274,0.07344703376293182,0.24517238,0.21785808,0.9923754,0.7745173,0.0,0.9923754,0.81986636,0.747203,0.7682537,-0.008880288174501079,0.07843513,0.06394929,0.056604087,0.99471724,0.93811315,0.0,0.99471724,0.948797,0.93076795,0.9319955,-0.0024737837639722017,0.02045067,0.031864583,0.02587217,0.9993829,0.97351074,0.041666666666666664,0.9993829,0.97854286,0.9675183,0.9687382,-0.0012355893850326894,0.010327709,0.5422273874282837
16456.mp4,bad,0.9970433712005615,0.9940483570098877,0.5882536,0.50330174,0.9893366,0.48603487,0.30434782608695654,0.9893366,0.7240838,0.401083,0.43353668,-0.03054887380288993,0.21394725,0.104551494,0.10031396,0.9934487,0.8931347,0.13043478260869565,0.9934487,0.927802,0.8888972,0.88937545,-0.0054588532259341824,0.038546085,0.03443853184580803,0.198012,0.15173435,0.9893365,0.83760214,0.13043478260869565,0.9893365,0.8785179,0.7913245,0.8087084,-0.009210498142148206,0.068062544,0.050593257,0.04488808,0.9942266,0.9493385,0.043478260869565216,0.9942266,0.9622406,0.9436333,0.9448655,-0.002440927292518469,0.017902812,0.016817808,0.011949182,0.9998913,0.9879421,0.16666666666666666,0.9998913,0.99071485,0.9830735,0.9848074,-0.0006738579791525445,0.005448443,0.56125408411026
7045.mp4,good,0.8912014961242676,0.6180241107940674,0.7181801,0.6828512,0.8316851,0.1488339,0.0,0.8316851,0.23516198,0.11350498,0.13339773,-0.016564058876143626,0.16020183,0.36534745,0.28989685,0.9284385,0.63854164,0.043478260869565216,0.9284385,0.6665883,0.56309104,0.5867202,-0.009256441308104471,0.08513955,0.1567813903093338,0.40482962,0.26651657,0.91351366,0.6469971,0.13043478260869565,0.91351366,0.65003824,0.50868404,0.54682934,-0.009357244424197973,0.09409161,0.18970954,0.14925176,0.9593417,0.81008995,0.08695652173913043,0.9593417,0.8233696,0.76963216,0.7795333,-0.0045363718106341535,0.045038685,0.4412486,0.40344495,0.9994743,0.59602934,0.041666666666666664,0.9994743,0.70707434,0.5582257,0.5993336,-0.011088196246520344,0.11798399,0.11914697289466858
20261.mp4,good,0.9719856977462769,0.932187557220459,0.44096828,0.2800274,0.9720595,0.6920321,0.17391304347826086,0.9720595,0.66031724,0.5310912,0.5500176,-0.006205254981640309,0.09986091,0.13142407,0.095609546,0.9853431,0.88973355,0.08695652173913043,0.9853431,0.88925505,0.853919,0.8623492,-0.0025613389231941793,0.028655102,0.04180445149540901,0.20004857,0.11422813,0.9720595,0.85783136,0.13043478260869565,0.9720595,0.8460988,0.7720109,0.7847354,-0.000880365491855761,0.04014138,0.077709794,0.055787325,0.9866907,0.9309034,0.17391304347826086,0.9866907,0.93105936,0.9089809,0.9125954,-0.0012029981306890573,0.017179059,0.1643753,0.1208334,1.0000026,0.8791692,0.125,1.0000026,0.91158915,0.8356273,0.86002403,-0.0016856878477594238,0.039272506,0.25189661979675293
15792.mp4,bad,0.9975529313087463,0.99388188123703,0.78587437,0.73582375,0.9595574,0.22373363,0.0,0.9595574,0.3118028,0.17368302,0.19950159,-0.021372915021044474,0.22213757,0.1598109,0.15662831,0.9747646,0.8181363,0.0,0.9747646,0.84350413,0.8149537,0.81826115,-0.004503648153878028,0.04283139,0.08566562831401825,0.17880017,0.14921659,0.9595574,0.8103408,0.043478260869565216,0.9595574,0.8313631,0.78075725,0.7974654,-0.003947121411444174,0.041227505,0.06840211,0.06380302,0.9798723,0.91606927,0.0,0.9798723,0.9291698,0.9114702,0.91521263,-0.002211489814072292,0.018518735,0.017288804,0.011569142,0.9999385,0.98836935,0.125,0.9999385,0.98989177,0.9826497,0.9840723,-0.0005213898420334078,0.004658819,0.4666614532470703
6139.mp4,normal,0.9668121337890625,0.9102407693862915,0.65968615,0.5798419,0.95354164,0.37369972,0.2608695652173913,0.95354164,0.5660158,0.2938555,0.31225437,-0.029669690450189613,0.21257825,0.31532413,0.23360914,0.97351897,0.7399098,0.30434782608695654,0.97351897,0.81439716,0.65819484,0.6668643,-0.014265120206143093,0.10543716,0.08091249316930771,0.25436383,0.25229305,0.9535416,0.7012485,0.2608695652173913,0.9535416,0.77943444,0.69917774,0.70160604,-0.008963562695405231,0.06757283,0.14534593,0.12086344,0.97897065,0.8581072,0.21739130434782608,0.97897065,0.8953095,0.8336247,0.8369515,-0.006017333964114122,0.043822426,0.21993273,0.21595854,0.9998844,0.7839259,0.2916666666666667,0.9998844,0.88154584,0.7799517,0.78612673,-0.008830227281736325,0.065605804,0.34470832347869873
17320.mp4,good,0.9682000875473022,0.9432388544082642,0.8229836,0.820187,0.97392046,0.15373352,0.0,0.97392046,0.34042123,0.15093684,0.15335447,-0.03206059009779114,0.24662119,0.6080741,0.6080741,0.98581207,0.37773794,0.13043478260869565,0.98581207,0.6076413,0.37773794,0.41020322,-0.027304141947874453,0.1867924,0.23172816634178162,0.3866046,0.3866046,0.97392046,0.58731586,0.13043478260869565,0.97392046,0.7370643,0.58731586,0.6362779,-0.013360023675228776,0.093139924,0.24490231,0.24490231,0.98657626,0.74167395,0.13043478260869565,0.98657626,0.8393694,0.74167395,0.7707113,-0.009258465686805623,0.06367769,0.23206031,0.23206031,0.9993017,0.76724136,0.125,0.9993017,0.8606556,0.76724136,0.79476404,-0.008665242195129437,0.06663254,0.3536868691444397
16298.mp4,bad,0.9967326521873474,0.9849938154220581,0.18294245,0.16298139,0.9868216,0.8238402,0.043478260869565216,0.9868216,0.863711,0.80387914,0.8239224,-0.005812926961499244,0.04731379,0.070981026,0.07018769,0.9894134,0.9192257,0.0,0.9894134,0.9352407,0.91843235,0.92086434,-0.0023796051269463405,0.018593911,0.01667843386530876,0.117432475,0.10343385,0.98682153,0.8833877,0.043478260869565216,0.98682153,0.9024505,0.86938906,0.8795815,-0.0030848331484398923,0.02929024,0.05411786,0.052015245,0.9939984,0.94198316,0.0,0.9939984,0.9519191,0.93988055,0.9410496,-0.0017574422444279713,0.014223632,0.03880024,0.03821826,1.0006634,0.96244514,0.041666666666666664,1.0006634,0.9744284,0.96186316,0.9625776,-0.0016572910028955488,0.012478607,0.41060397028923035
5992.mp4,bad,0.9874332547187805,0.9745424389839172,0.8018315,0.79464555,0.90741193,0.1127664,0.0,0.90741193,0.21510893,0.10558046,0.1078697,-0.022294420159970352,0.21975209,0.46907407,0.43189406,0.9510869,0.5191928,0.0,0.9510869,0.5989352,0.4820128,0.4877789,-0.017233820654186813,0.13896814,0.24616453051567078,0.318151,0.28065205,0.9271827,0.6465306,0.0,0.9271827,0.6878458,0.6090317,0.61343974,-0.00954120226292742,0.087601304,0.16787046,0.1461178,0.9686849,0.8225671,0.0,0.9686849,0.84509975,0.80081445,0.80509806,-0.0054270578585123574,0.046076875,0.107216954,0.0558697,1.0001475,0.94427776,0.20833333333333334,1.0001475,0.93888074,0.8929305,0.903228,-0.002977315938991081,0.030359887,0.32942503690719604
16701.mp4,good,0.93094402551651,0.8578406572341919,0.5252094,0.514012,0.6055683,0.09155629,0.0,0.6055683,0.177375,0.08035887,0.08612279,-0.014457783047036224,0.11905566,0.5588248,0.558305,0.82552516,0.26722014,0.0,0.82552516,0.3806686,0.26670036,0.26752493,-0.02013310778282377,0.15716384,0.37100154161453247,0.32689658,0.32689658,0.82064134,0.49374476,0.13043478260869565,0.82064134,0.6141313,0.49374476,0.50052565,-0.015618241852215635,0.10793963,0.2237305,0.22274041,0.8974908,0.6747504,0.13043478260869565,0.8974908,0.7516702,0.6737603,0.67596704,-0.010804330230701573,0.075773016,0.5331613,0.5331613,1.0004478,0.46728647,0.25,1.0004478,0.694865,0.46728647,0.49558428,-0.02286883549845739,0.16063869,0.26579397916793823
7030.mp4,bad,0.9583547711372375,0.8770776391029358,0.94593906,0.93055767,0.9708736,0.040315952,0.0,0.9708736,0.23488064,0.0249345,0.029871142,-0.03941320292393975,0.3224553,0.47053814,0.45730132,0.97435296,0.51705164,0.0,0.97435296,0.6528713,0.5038148,0.5171684,-0.023310309283347014,0.1735208,0.17126736044883728,0.58811855,0.5196324,0.9729721,0.4533397,0.0,0.9729721,0.57370317,0.38485354,0.4057037,-0.02615064906744148,0.19842777,0.24213827,0.22279036,0.98562574,0.7628354,0.0,0.98562574,0.82413864,0.7434875,0.74812204,-0.011730362598603888,0.087563775,0.22088468,0.15677309,1.0006187,0.8438456,0.125,1.0006187,0.88256955,0.779734,0.7897008,-0.009230501781339263,0.073084235,0.1767580360174179
15925.mp4,bad,0.9814194440841675,0.9624887704849243,0.74890006,0.74890006,0.9062719,0.15737182,0.0,0.9062719,0.30427966,0.15737182,0.16348685,-0.02666117246502003,0.22763789,0.5242044,0.5242044,0.95099974,0.4267954,0.08695652173913043,0.95099974,0.60792434,0.4267954,0.45416313,-0.02268741786362155,0.15948308,0.24776220321655273,0.3494926,0.33905023,0.92634815,0.5872979,0.13043478260869565,0.92634815,0.7352799,0.57685554,0.64619637,-0.012914377651195746,0.08913098,0.1880073,0.1880073,0.963344,0.7753367,0.21739130434782608,0.963344,0.8556864,0.7753367,0.8007919,-0.007217173343119416,0.049187582,0.22521794,0.22521794,0.9994495,0.77423155,0.125,0.9994495,0.91881555,0.77423155,0.8526936,-0.0077252754698629005,0.05618864,0.23937523365020752
15360.mp4,bad,0.979941189289093,0.9378514289855957,0.33060437,0.32309502,0.8762196,0.55312455,0.0,0.8762196,0.6255509,0.5456152,0.5517954,-0.012142691982122296,0.09386995,0.13944745,0.13517535,0.9476768,0.81250143,0.08695652173913043,0.9476768,0.8511185,0.8082293,0.81257755,-0.005578577930748228,0.03936802,0.06950969994068146,0.09861326,0.07276559,0.896893,0.82412744,0.043478260869565216,0.896893,0.83033687,0.79827976,0.81414014,-0.0014882254388492665,0.020811265,0.053537905,0.052788258,0.96143997,0.9086517,0.0,0.96143997,0.92062825,0.90790206,0.9084608,-0.001721621560956178,0.013394202,0.105258405,0.070346355,0.9998249,0.9294785,0.16666666666666666,0.9998249,0.9318661,0.8945665,0.90325665,-0.00010812279970751832,0.020001983,0.5583170652389526
15499.mp4,normal,0.9825414419174194,0.9521181583404541,0.8369199,0.8341802,0.9669438,0.13276364,0.0,0.9669438,0.2945698,0.1300239,0.13219248,-0.030180906398376468,0.2454113,0.5574982,0.5546386,0.98174345,0.42710483,0.0,0.98174345,0.5863926,0.4242452,0.42641357,-0.024805568246973362,0.17789696,0.2534360885620117,0.43196803,0.3861677,0.9699568,0.5837891,0.08695652173913043,0.9699568,0.6702579,0.5379888,0.55908656,-0.01563287929819506,0.114333,0.20179164,0.19650245,0.9856452,0.7891427,0.0,0.9856452,0.8398287,0.78385353,0.78834087,-0.007936080159405938,0.057762984,0.10169613,0.08599454,1.0004624,0.9144679,0.041666666666666664,1.0004624,0.9329222,0.8987663,0.91290605,-0.0032927027474279067,0.029593913,0.253623902797699
6524.mp4,bad,0.961901843547821,0.9014124274253845,0.2738325,0.2738325,0.45332748,0.17949498,0.08695652173913043,0.50406605,0.26992923,0.17949498,0.18985084,-7.896673066813915e-05,0.08327658,0.19458139,0.19458139,0.83014023,0.63555884,0.08695652173913043,0.83014023,0.7085846,0.63555884,0.6635675,-0.001321617381374843,0.05069675,0.15895572304725647,0.29027915,0.12981409,0.8624972,0.7326831,0.21739130434782608,0.8624972,0.725917,0.57221806,0.58108366,-0.004497392198785013,0.085116655,0.1349591,0.08221805,0.9384444,0.8562263,0.21739130434782608,0.9384444,0.8675403,0.8034853,0.80918807,-0.0018890983620180053,0.035721615,0.12728333,0.11214054,1.0002129,0.8880724,0.16666666666666666,1.0002129,0.9151065,0.8729296,0.8828691,-0.0013528010119562778,0.029676728,0.39359691739082336
7349.mp4,bad,0.9887901544570923,0.9685882329940796,0.75477827,0.7522677,0.9860108,0.23374307,0.0,0.9860108,0.39301652,0.23123255,0.23823729,-0.02302516404936909,0.21709807,0.30896884,0.30896884,0.9927513,0.68378246,0.0,0.9927513,0.76463616,0.68378246,0.69243264,-0.009732851221156209,0.08698663,0.14856377243995667,0.21652102,0.20823956,0.9860108,0.77777123,0.043478260869565216,0.9860108,0.81969106,0.76948977,0.7808751,-0.005377346819097337,0.048692435,0.10615718,0.10615718,0.9927513,0.8865941,0.08695652173913043,0.9927513,0.9131999,0.8865941,0.88817334,-0.0032927067030088806,0.026101567,0.054474354,0.051113486,0.999992,0.9488785,0.041666666666666664,0.999992,0.96353006,0.94551766,0.949224,-0.0019433426338693503,0.015700009,0.41771048307418823
7426.mp4,good,0.9878888130187988,0.9664090871810913,0.3905906,0.20461881,0.55418575,0.34956694,0.34782608695652173,0.66785043,0.369504,0.16359513,0.16500029,0.008221411967112607,0.19292684,0.15938729,0.07719445,0.8537613,0.77656686,0.34782608695652173,0.8839831,0.7805532,0.694374,0.696487,0.0033162091324923115,0.07287118,0.15449711680412292,0.11179733,0.052181065,0.91072786,0.8585468,0.2608695652173913,0.91072786,0.85708815,0.7989305,0.80810726,8.851872838061599e-05,0.03580048,0.03642142,0.018846452,0.9519632,0.93311673,0.30434782608695654,0.95357305,0.9350503,0.91554177,0.91853666,0.0001252162833458728,0.013379801,0.0673902,0.038634896,1.0005934,0.9619585,0.2916666666666667,1.0005934,0.9599471,0.9332032,0.9346491,-0.000256886585899031,0.01943342,0.4526095390319824
5806.mp4,normal,0.9832471609115601,0.9289882183074951,0.85627687,0.84728646,0.9364451,0.089158684,0.0,0.9364451,0.14821133,0.08016828,0.083544046,-0.014771256367620746,0.1864013,0.5906022,0.5802673,0.9604161,0.38014877,0.0,0.9604161,0.44484973,0.36981386,0.37349004,-0.014839170625794087,0.15243754,0.3953825533390045,0.31882358,0.2886188,0.9510783,0.6624595,0.0,0.9510783,0.6940289,0.6322547,0.6414928,-0.00791133675179463,0.08068666,0.1650765,0.15949309,0.97875816,0.81926507,0.0,0.97875816,0.8402324,0.81368166,0.8159886,-0.0044108699315150435,0.042360783,0.15896457,0.1355272,1.0005195,0.8649923,0.0,1.0005195,0.88562995,0.84155494,0.85205233,-0.005138726078945674,0.04915461,0.3516230583190918
7070.mp4,good,0.9791749119758606,0.9356812834739685,0.86469346,0.36911368,0.9361721,0.56705844,0.17391304347826086,0.9361721,0.47386137,0.07147867,0.12700257,-0.0004547367851606994,0.22128296,0.3802564,0.1531623,0.9708513,0.817689,0.13043478260869565,0.9708513,0.7940727,0.5905949,0.6367811,-0.0019232934642686268,0.09480757,0.12173617631196976,0.1711806,0.12688506,0.94551265,0.8186276,0.13043478260869565,0.94551265,0.8271635,0.77433205,0.79216546,-0.002716714391124107,0.036357034,0.10806298,0.0692721,0.97964406,0.91037196,0.13043478260869565,0.97964406,0.9158088,0.8715811,0.88463223,-0.001764703762861105,0.024829203,0.12270266,0.07466614,1.0005122,0.9258461,0.16666666666666666,1.0005122,0.933393,0.8778096,0.90263844,-0.0011739730834961293,0.026635373,0.5059695839881897
15900.mp4,bad,0.982725977897644,0.9574050307273865,0.25508386,0.23698395,0.4145636,0.17757964,0.0,0.4145636,0.19629213,0.15947974,0.16098239,-0.005092663153004748,0.0594125,0.29541576,0.29168338,0.7735918,0.48190844,0.0,0.7735918,0.53270644,0.47817606,0.4794733,-0.009151425286244037,0.076316215,0.2683159112930298,0.24121863,0.20209211,0.8056074,0.60351527,0.08695652173913043,0.8056074,0.6656042,0.56438875,0.5903357,-0.0105261615967091,0.08200079,0.13354677,0.12333113,0.8910425,0.76771134,0.0,0.8910425,0.80102247,0.7574957,0.7618394,-0.005668352774009402,0.043925535,0.15718412,0.13727856,1.0004774,0.8631989,0.041666666666666664,1.0004774,0.8859492,0.8432933,0.85322034,-0.004840445518493667,0.04229884,0.4201350808143616
5616.mp4,normal,0.958626925945282,0.9114906787872314,0.60357684,0.5628003,0.76183414,0.19903386,0.043478260869565216,0.76183414,0.3017858,0.15825732,0.19937599,-0.01672104716654352,0.13516076,0.38266772,0.31711262,0.9101785,0.59306586,0.043478260869565216,0.9101785,0.6627742,0.52751076,0.5796055,-0.01263944586746308,0.100056306,0.22244369983673096,0.18618709,0.17911184,0.9023719,0.72326005,0.2608695652173913,0.9023719,0.7857855,0.7161848,0.7228327,-0.006732894792387132,0.047908902,0.11022776,0.10603452,0.95666945,0.85063493,0.21739130434782608,0.95666945,0.8852179,0.8464417,0.8519295,-0.0041305034645932525,0.02861626,0.1727196,0.16833276,0.9998403,0.83150756,0.3333333333333333,0.9998403,0.8967722,0.8271207,0.83139044,-0.0067299102700275155,0.049197868,0.47916179895401
16891.mp4,good,0.9684516787528992,0.9196893572807312,0.58577925,0.578114,0.6263334,0.048219427,0.0,0.6263334,0.13786772,0.040554143,0.048291225,-0.017202432086993114,0.14964159,0.61946356,0.61946356,0.86674166,0.24727806,0.043478260869565216,0.86674166,0.43900415,0.24727806,0.25436166,-0.026984347391269904,0.18881351,0.34022969007492065,0.33532292,0.33493483,0.8362648,0.50132996,0.30434782608695654,0.8362648,0.6402856,0.5009419,0.5017037,-0.016405209781152928,0.11129826,0.2708342,0.26751512,0.92406356,0.65654844,0.30434782608695654,0.92406356,0.77923375,0.65322936,0.65836805,-0.012932265876781328,0.08759812,0.35518223,0.34576583,1.0000769,0.65431106,0.2916666666666667,1.0000769,0.82566756,0.64489466,0.6566665,-0.016587200864501647,0.11965408,0.26173916459083557
16780.mp4,good,0.9842119812965393,0.9659069776535034,0.73074853,0.71226245,0.9258294,0.21356696,0.0,0.9258294,0.31564614,0.19508085,0.20467527,-0.02167402472891828,0.19959888,0.4254328,0.4254328,0.9635093,0.5380765,0.0,0.9635093,0.65791476,0.5380765,0.5534948,-0.01608056100932033,0.11999653,0.23703838884830475,0.1902349,0.18903023,0.9326106,0.74358034,0.13043478260869565,0.9326106,0.80337864,0.7423757,0.7539851,-0.0067930451259311745,0.04871217,0.114176035,0.11407471,0.9718422,0.8577675,0.13043478260869565,0.9718422,0.89495313,0.8576662,0.86130226,-0.0042459041233590435,0.029524291,0.07875657,0.07005656,1.0001199,0.93006337,0.25,1.0001199,0.9516799,0.92136335,0.92736703,-0.0025391562866128085,0.02095172,0.4395162761211395
16632.mp4,good,0.9961406588554382,0.9915989637374878,0.22115737,0.040791214,0.9732041,0.93241286,0.2608695652173913,0.9732041,0.8653566,0.7520467,0.77187467,-4.681190954367097e-05,0.06636827,0.07053125,0.027221084,0.984728,0.9575069,0.2608695652173913,0.984728,0.94208056,0.9141967,0.9202753,-0.0004968349288103645,0.017810605,0.021916354075074196,0.092068374,0.03829801,0.9732041,0.93490607,0.21739130434782608,0.9732041,0.9119615,0.8811357,0.88556486,2.373319133940061e-05,0.023682384,0.03574723,0.015939832,0.9876725,0.9717327,0.21739130434782608,0.9876725,0.96399707,0.9519253,0.9532989,-0.00019279275487061855,0.008672183,0.016993225,0.0056768656,1.0003964,0.9947195,0.125,1.0003964,0.9900348,0.98340315,0.9858224,-5.519719227501794e-05,0.0042626937,0.5386659502983093
17023.mp4,bad,0.9664899706840515,0.9134513139724731,0.20674098,0.18027753,0.40755284,0.22727531,0.0,0.40755284,0.25771895,0.20081186,0.20647764,-0.007822707634080547,0.06479572,0.14090306,0.13340873,0.67055243,0.5371437,0.0,0.67055243,0.56786096,0.5296494,0.53784466,-0.004936380054168548,0.039314397,0.27187323570251465,0.29363704,0.19785333,0.8381746,0.64032125,0.13043478260869565,0.8381746,0.6977902,0.54453754,0.60223746,-0.010724150203904619,0.08403213,0.10035086,0.087686,0.902984,0.815298,0.043478260869565216,0.902984,0.83973414,0.80263317,0.81256115,-0.004082760320821774,0.03134214,0.13820922,0.09332079,1.0004855,0.90716475,0.125,1.0004855,0.9208355,0.8622763,0.8851545,-0.002132752459982187,0.028650803,0.13534235954284668
16977.mp4,bad,0.9610529541969299,0.9175403714179993,0.8944499,0.86194694,0.9493357,0.08738878,0.0,0.9493357,0.2319443,0.05488583,0.069629826,-0.028938875206020988,0.23941338,0.69245964,0.67380047,0.9712684,0.29746795,0.21739130434782608,0.9712684,0.5107407,0.27880877,0.2952233,-0.0306390012677008,0.21155462,0.3058961033821106,0.45540416,0.40050334,0.94933563,0.5488323,0.21739130434782608,0.94933563,0.7067716,0.49393147,0.5527941,-0.018056624315001758,0.12162361,0.29232264,0.27320427,0.97622955,0.7030253,0.2608695652173913,0.97622955,0.81663686,0.6839069,0.7107871,-0.012743829561787608,0.085776575,0.26040637,0.1620624,1.0001526,0.8380902,0.16666666666666666,1.0001526,0.89611477,0.7397462,0.7891569,-0.01107253880604456,0.08116476,0.21175627410411835
5731.mp4,normal,0.9771862626075745,0.9299490451812744,0.4696262,0.43481928,0.5598413,0.12502198,0.0,0.5598413,0.15051053,0.0902151,0.11409899,-0.004458184814146862,0.08883687,0.36284888,0.35632667,0.8562648,0.49993816,0.0,0.8562648,0.5542493,0.49341595,0.50030565,-0.007432960327199321,0.07597602,0.2931530773639679,0.12993741,0.09611499,0.8378663,0.7417513,0.043478260869565216,0.8378663,0.74668646,0.7079289,0.72024864,-0.0024366589638555544,0.030252958,0.10595304,0.10564828,0.9326257,0.82697743,0.0,0.9326257,0.84740233,0.8266727,0.82993937,-0.0031034449343624727,0.026608154,0.08056116,0.076833844,1.0002124,0.9233786,0.0,1.0002124,0.9358017,0.91965127,0.92310196,-0.001943936555281942,0.018634982,0.3666951060295105
16907.mp4,good,0.9383326768875122,0.803498387336731,0.5565,0.55315924,0.6561167,0.102957465,0.0,0.6561167,0.16085391,0.09961673,0.10627395,-0.0108557393767028,0.115796,0.5410273,0.53056514,0.855491,0.32492584,0.0,0.855491,0.41125628,0.31446365,0.317754,-0.016999122329615805,0.13964786,0.34819361567497253,0.29494727,0.27299112,0.852725,0.5797339,0.043478260869565216,0.852725,0.64302874,0.55777776,0.5642919,-0.011490950824714952,0.08492575,0.22157139,0.20817924,0.9145844,0.70640516,0.08695652173913043,0.9145844,0.75945,0.693013,0.69606817,-0.008932017113851467,0.06542028,0.43101668,0.41043997,1.0004609,0.5900209,0.0,1.0004609,0.68787843,0.5694442,0.57560945,-0.016057412209718142,0.12675473,0.34171032905578613
16389.mp4,normal,0.9881877899169922,0.9654409289360046,0.52755976,0.52755976,0.8975562,0.3699964,0.2608695652173913,0.8975562,0.58575135,0.3699964,0.41663924,-0.020712249982262794,0.14764392,0.22970134,0.22970134,0.95579535,0.726094,0.21739130434782608,0.95579535,0.8233834,0.726094,0.7456267,-0.009531641077147185,0.06534172,0.08793547004461288,0.12581289,0.111205935,0.9240378,0.8128319,0.043478260869565216,0.9240378,0.82933867,0.7982249,0.8072423,-0.0028290463530499044,0.02634974,0.07565093,0.07142049,0.96759295,0.89617246,0.043478260869565216,0.96759295,0.9113189,0.891942,0.8951006,-0.0024744378837201044,0.018615022,0.076785564,0.07404506,1.0004565,0.9264114,0.125,1.0004565,0.9450404,0.9236709,0.9269349,-0.0021222743003264967,0.017853089,0.5914297699928284
7229.mp4,bad,0.9663414359092712,0.9451526403427124,0.113671035,0.050356627,0.36589116,0.31553453,0.0,0.5685494,0.3323759,0.25222012,0.25841662,-0.008320450812224805,0.08232878,0.20795023,0.08407569,0.83956075,0.75548506,0.21739130434782608,0.85640633,0.7337583,0.6316105,0.65859574,-0.00683662148096815,0.06875584,0.11951430141925812,0.18522358,0.1500234,0.81219625,0.66217285,0.043478260869565216,0.81219625,0.6991865,0.6269727,0.6599822,-0.006880083161851648,0.05454753,0.1189459,0.07654482,0.9277119,0.8511671,0.17391304347826086,0.9277119,0.8532725,0.808766,0.81417215,-0.003960733651643681,0.036846377,0.3026073,0.20734632,0.9996066,0.7922603,0.08333333333333333,0.9996066,0.79565716,0.6969993,0.7236218,-0.00799072848713919,0.07867787,0.3845723867416382
16618.mp4,good,0.988538384437561,0.9738723635673523,0.79235315,0.79235315,0.99378604,0.20143285,0.0,0.99378604,0.4238798,0.20143285,0.2100913,-0.03621278684070932,0.2712718,0.4578492,0.4578492,0.99637276,0.53852355,0.043478260869565216,0.99637276,0.6978495,0.53852355,0.54851294,-0.022320862344131158,0.15683721,0.22060520946979523,0.20972621,0.17075646,0.993786,0.8230295,0.043478260869565216,0.993786,0.846617,0.78405976,0.8025422,-0.006544207631363713,0.054811284,0.10583854,0.103456736,0.9964397,0.89298296,0.0,0.9964397,0.9184547,0.89060116,0.8929549,-0.003733878609220021,0.029754039,0.042538285,0.036753953,1.0005431,0.96378917,0.041666666666666664,1.0005431,0.973419,0.95800483,0.9618038,-0.0013978982490042507,0.012079548,0.3796836733818054
17393.mp4,good,0.9487072229385376,0.7893389463424683,0.44871014,0.31240797,0.9626473,0.65023935,0.13043478260869565,0.9626473,0.66581804,0.5139372,0.5451206,-0.00936816638637438,0.11579727,0.10610068,0.08592725,0.97193843,0.8860112,0.043478260869565216,0.97193843,0.8921695,0.86583775,0.87652403,-0.002087378572569554,0.024001738,0.036837492138147354,0.19593585,0.11813462,0.9630065,0.8448719,0.13043478260869565,0.9630065,0.8377349,0.76707065,0.78752875,-0.0020555396207236594,0.043927036,0.07195938,0.06080866,0.98528826,0.9244796,0.0,0.98528826,0.92900705,0.9133289,0.9195774,-0.0014306186687334007,0.016773103,0.28131068,0.21877158,1.0005052,0.78173363,0.041666666666666664,1.0005052,0.7933062,0.71919453,0.7362945,-0.004705147043518405,0.06519901,0.2260746955871582
16424.mp4,bad,0.9926295876502991,0.9836821556091309,0.029076397,-0.04351878,0.93021655,0.97373533,0.21739130434782608,0.97786194,0.94798046,0.90114015,0.9206556,0.002924343931816304,0.022169692,0.010582924,-0.055894375,0.9306232,0.98651755,0.30434782608695654,0.98680854,0.95533663,0.92004025,0.92431706,0.0033770290170262564,0.023701163,0.018922872841358185,0.01575315,-0.042710543,0.9310248,0.97373533,0.2608695652173913,0.97786206,0.95154524,0.91527164,0.9294082,0.002414346919229372,0.017888773,0.010345519,-0.015126884,0.9716653,0.9867922,0.17391304347826086,0.98935044,0.9742593,0.9613198,0.96559584,0.0010238678559013024,0.008144423,0.022449672,0.004765868,0.99963,0.9948641,0.16666666666666666,0.99963,0.98681587,0.9771803,0.97996336,0.0005134419254634423,0.006320813,0.5626004934310913
6450.mp4,bad,0.9574378728866577,0.8175160884857178,0.715315,0.61904764,0.8780879,0.25904024,0.0,0.8780879,0.3301499,0.1627729,0.17383437,0.0023477422036672305,0.18035898,0.36178768,0.24755669,0.93691206,0.6893554,0.2608695652173913,0.93691206,0.71536976,0.5751244,0.597903,0.003687935796650966,0.100162804,0.17187023162841797,0.19641566,0.11682296,0.91068196,0.793859,0.17391304347826086,0.91068196,0.78769726,0.7142663,0.7164779,0.0010821586069853341,0.05420092,0.13369775,0.066213965,0.95824265,0.8920287,0.21739130434782608,0.95824265,0.8872399,0.8245449,0.8409215,0.0010233968496322684,0.03297489,0.14495552,0.07131827,1.0002767,0.9289584,0.16666666666666666,1.0002767,0.91036254,0.85532117,0.8612765,0.0016308112507280653,0.04109656,0.4440804123878479
7145.mp4,bad,0.9876596331596375,0.9610008597373962,0.8852156,0.8825758,0.9653183,0.08274253,0.0,0.9653183,0.24040481,0.08010276,0.084680244,-0.030424384238279402,0.27647716,0.4277175,0.42579615,0.98718035,0.5613842,0.0,0.98718035,0.66589147,0.55946285,0.5639506,-0.016388157964223927,0.12814789,0.2106824517250061,0.332047,0.332047,0.9671389,0.6350919,0.0,0.9671389,0.7169171,0.6350919,0.64883816,-0.012413891172220602,0.098605745,0.15536165,0.15517932,0.9887612,0.83358186,0.0,0.9887612,0.8765739,0.83339953,0.8369075,-0.005993051432338174,0.044799276,0.18342805,0.15621853,0.99987173,0.8436532,0.0,0.99987173,0.87518746,0.8164437,0.83189356,-0.006639269771783277,0.059519526,0.430370032787323
16702.mp4,bad,0.9944792985916138,0.9871584177017212,0.815765,0.75542426,0.9498679,0.19444363,0.0,0.9498679,0.23302546,0.13410291,0.14884442,-0.010710688491937211,0.17230456,0.21014786,0.16926193,0.9827037,0.81344175,0.08695652173913043,0.9827037,0.8181602,0.7725558,0.77999943,-0.002089580410553998,0.042689737,0.10304837673902512,0.2372393,0.19107467,0.9552723,0.76419765,0.13043478260869565,0.9552723,0.7726019,0.718033,0.72598004,-0.0005418343152924389,0.046173356,0.08124542,0.06708497,0.9850354,0.91795045,0.043478260869565216,0.9850354,0.92120844,0.90379,0.9113771,-0.001027044159150404,0.016226266,0.024908781,0.012449324,0.9999029,0.9874536,0.125,0.9999029,0.984966,0.9749941,0.9792341,-0.000168348991352606,0.0054695904,0.3815668821334839
17367.mp4,bad,0.9515429139137268,0.8119778633117676,0.83212495,0.83212495,0.88926876,0.05714378,0.0,0.88926876,0.18911567,0.05714378,0.06617804,-0.02449461530246166,0.22783846,0.78446454,0.78446454,0.954164,0.16969949,0.0,0.954164,0.40915132,0.16969949,0.18133402,-0.03441802694981278,0.2476477,0.3239261209964752,0.7736629,0.7736629,0.91822577,0.14456281,0.0,0.91822577,0.31749547,0.14456281,0.16531368,-0.028149091178485082,0.24690013,0.41519624,0.41519624,0.9668401,0.55164385,0.13043478260869565,0.9668401,0.7330774,0.55164385,0.61179143,-0.015566599639979287,0.10650183,0.44770372,0.44770372,0.9999427,0.552239,0.08333333333333333,0.9999427,0.697555,0.552239,0.59685814,-0.01249577281267749,0.11902063,0.08724372088909149
15439.mp4,normal,0.9568009376525879,0.8441916704177856,0.876852,0.8677739,0.9858619,0.11808798,0.0,0.9858619,0.22622415,0.109009944,0.1115264,-0.02364761105521394,0.24743013,0.5767142,0.5712122,0.9916593,0.42044714,0.0,0.9916593,0.5558756,0.41494507,0.4170681,-0.0237334831783423,0.18107659,0.2781597375869751,0.36066526,0.3348295,0.98586184,0.6510323,0.13043478260869565,0.98586184,0.72884405,0.6251966,0.63749593,-0.012150092028346444,0.09225731,0.2232197,0.21391964,0.99212193,0.7782023,0.08695652173913043,0.99212193,0.8340352,0.76890224,0.7727441,-0.008648380578270989,0.0633684,0.18989289,0.18164009,1.0004002,0.8187601,0.25,1.0004002,0.89033395,0.8105073,0.8186568,-0.0072442616587100024,0.061178565,0.24442929029464722
17116.mp4,good,0.9655662775039673,0.9113844633102417,0.6105377,0.60585153,0.823163,0.21731141,0.08695652173913043,0.823163,0.43580836,0.21262527,0.22912133,-0.031019348474477137,0.21706977,0.35638964,0.3535872,0.9086471,0.5550599,0.2608695652173913,0.9132783,0.70548105,0.5522575,0.5588087,-0.019143249618677277,0.12963335,0.16605573892593384,0.18518203,0.18187726,0.8878945,0.70601726,0.13043478260869565,0.8878945,0.7790585,0.7027125,0.7150524,-0.008405952997829608,0.059940413,0.120961666,0.120961666,0.9364767,0.81551504,0.17391304347826086,0.94353545,0.87153685,0.81551504,0.8241396,-0.005704428838646932,0.03945491,0.24801469,0.24801469,1.0005424,0.7525277,0.16666666666666666,1.0005424,0.895158,0.7525277,0.8140904,-0.008056481454683405,0.061063226,0.38803714513778687
7439.mp4,normal,0.9871706962585449,0.9560466408729553,0.49221623,0.47008273,0.6513709,0.18128815,0.0,0.6513709,0.24573073,0.15915467,0.16001298,-0.015159612116606339,0.13121104,0.22166115,0.20751697,0.8933203,0.68580335,0.0,0.8933203,0.73103255,0.6716592,0.6784554,-0.008466475919301341,0.06391455,0.13988250494003296,0.2396751,0.2396751,0.8547697,0.6150946,0.08695652173913043,0.8547697,0.72656184,0.6150946,0.6785598,-0.006760619669092497,0.05382676,0.12022209,0.12022209,0.9461547,0.8259326,0.08695652173913043,0.9461547,0.8709151,0.8259326,0.8455353,-0.0041885391290008836,0.030579463,0.089232326,0.089232326,1.0004907,0.91125834,0.125,1.0004907,0.95044136,0.91125834,0.93112516,-0.002711754829987259,0.020120727,0.33524206280708313
7230.mp4,good,0.9757813811302185,0.9157240390777588,0.44585985,0.44092995,0.50300545,0.062075496,0.0,0.52482146,0.22418313,0.0571456,0.061743222,-0.0258007244328442,0.19897483,0.2431565,0.2394085,0.8330066,0.5935981,0.0,0.8330066,0.6823013,0.5898501,0.5940284,-0.013417899137429098,0.10296129,0.200041726231575,0.20966518,0.13684225,0.8537805,0.71693826,0.17391304347826086,0.88570017,0.7599574,0.6441153,0.6533717,-0.00906250428540906,0.085203715,0.118062735,0.09298718,0.9458052,0.852818,0.17391304347826086,0.9495767,0.88234293,0.82774246,0.8314434,-0.00559030714713538,0.047221586,0.19634902,0.12272763,1.0002227,0.87749505,0.16666666666666666,1.0002227,0.9164014,0.80387366,0.8210686,-0.005396529747092217,0.05941999,0.34917348623275757
15194.mp4,normal,0.9768124222755432,0.934687614440918,0.54174733,0.54174733,0.76172787,0.21998051,0.17391304347826086,0.96001107,0.490832,0.21998051,0.244869,-0.027147250934669635,0.23052569,0.3246212,0.3246212,0.8944907,0.5698695,0.21739130434782608,0.9762634,0.7639758,0.5698695,0.59108394,-0.016714264693938705,0.12822895,0.1186610534787178,0.25092173,0.23698199,0.8801756,0.6431936,0.21739130434782608,0.96126086,0.798157,0.62925386,0.6440717,-0.01275148858194768,0.0983561,0.15198743,0.14500785,0.93741596,0.7924081,0.21739130434782608,0.9829849,0.88263685,0.7854285,0.78830457,-0.007953928334439699,0.060664285,0.24895632,0.22675514,1.0004115,0.77365637,0.20833333333333334,1.0004115,0.91145754,0.7514552,0.76908094,-0.010343711713086018,0.08133235,0.3864310383796692
20210.mp4,good,0.9884749054908752,0.9672651886940002,0.73112977,0.73112977,0.9808059,0.24967608,0.08695652173913043,0.9808059,0.51922846,0.24967608,0.28912163,-0.03527348585750746,0.24985777,0.26651204,0.26651204,0.9887327,0.72222066,0.13043478260869565,0.9887327,0.8243934,0.72222066,0.73808014,-0.012449669920408711,0.08557234,0.09630323201417923,0.20608294,0.16491687,0.98080575,0.8158889,0.13043478260869565,0.98080575,0.8372697,0.7747228,0.7825994,-0.006547420274598786,0.054396395,0.101864815,0.08647394,0.9896487,0.90317476,0.08695652173913043,0.9896487,0.9206965,0.8877839,0.89347595,-0.0037419592792337646,0.028666193,0.071418405,0.047910333,0.9997138,0.95180345,0.16666666666666666,0.9997138,0.9600561,0.9282954,0.93255013,-0.0022603961177494543,0.020711076,0.4057426452636719
17136.mp4,good,0.954109787940979,0.8879321217536926,0.46437433,0.4341905,0.6773765,0.243186,0.0,0.6773765,0.29416406,0.21300218,0.2276526,-0.01176494136158186,0.10860194,0.41049322,0.41049322,0.8613051,0.4508119,0.0,0.8613051,0.5577497,0.4508119,0.45907596,-0.015451594539310607,0.11246939,0.2342188060283661,0.3065073,0.30104035,0.882487,0.58144665,0.13043478260869565,0.882487,0.6789918,0.5759797,0.5858607,-0.013143616349329586,0.09257192,0.20778745,0.20778745,0.92785525,0.7200678,0.17391304347826086,0.92785525,0.7919685,0.7200678,0.7284049,-0.009039042318762552,0.06280707,0.29473317,0.24190295,0.999912,0.7580091,0.16666666666666666,0.999912,0.8244198,0.70517886,0.7129253,-0.012361849209536709,0.09165366,0.4116312265396118
17342.mp4,good,0.9797863364219666,0.950725257396698,0.7372955,0.7372955,0.93368495,0.1963894,0.0,0.93368495,0.3832563,0.1963894,0.21696265,-0.02652551619549514,0.19737597,0.38747746,0.38747746,0.9618888,0.57441133,0.17391304347826086,0.9618888,0.7223719,0.57441133,0.5973112,-0.015945468083200708,0.108140886,0.16748765110969543,0.1699503,0.1595627,0.9378686,0.7783059,0.08695652173913043,0.9378686,0.8109035,0.7679183,0.7786851,-0.004047570610234882,0.0343611,0.10387945,0.101894855,0.9675108,0.86561596,0.043478260869565216,0.9675108,0.88985956,0.86363137,0.8648999,-0.0034098463802940833,0.02554457,0.08977139,0.07368004,1.000097,0.926417,0.041666666666666664,1.000097,0.9354895,0.91032565,0.9218468,-0.0015786938045336135,0.018315483,0.5787878036499023
5904.mp4,bad,0.9210847616195679,0.7202531099319458,0.15932117,0.10492861,0.24800149,0.14307287,0.13043478260869565,0.24800149,0.1334507,0.08868031,0.09939045,-9.007564940942562e-05,0.031081656,0.24860132,0.16994369,0.74326515,0.57332146,0.13043478260869565,0.74326515,0.6020877,0.49466383,0.5470941,-0.005635034896639492,0.052431583,0.23327068984508514,0.24139416,0.18440717,0.8366451,0.65223795,0.13043478260869565,0.8366451,0.65244937,0.59525096,0.60546184,-0.0018086269674565127,0.045215786,0.13824415,0.09145182,0.9187285,0.82727665,0.13043478260869565,0.9187285,0.8353583,0.7804843,0.81283975,-0.0016794195288255002,0.023880197,0.3548786,0.21920758,1.0003347,0.78112715,0.041666666666666664,1.0003347,0.7580318,0.64545614,0.70489675,-0.002872428790382724,0.07257614,0.2966238856315613
17033.mp4,bad,0.9942325353622437,0.9727108478546143,0.08895838,0.08895838,0.9615532,0.87259483,0.08695652173913043,0.9615532,0.9011851,0.87259483,0.88231283,-0.0019464342019303445,0.019814515,0.04461497,0.04461497,0.9827626,0.9381476,0.0,0.9827626,0.9482386,0.9381476,0.940774,-0.0013372527634202545,0.010892002,0.02444520778954029,0.046751976,0.045175374,0.9649231,0.9197477,0.13043478260869565,0.9649231,0.9305362,0.9181711,0.92049783,-0.0010611381337577003,0.009669552,0.019974232,0.019974232,0.98824143,0.9682672,0.0,0.98824143,0.9726838,0.9682672,0.9688982,-0.0006177152687381923,0.0049341624,0.037992418,0.029616773,0.99998975,0.970373,0.08333333333333333,0.99998975,0.97478265,0.96199733,0.9647438,-0.0011888551452885548,0.011019774,0.6241825819015503
16416.mp4,bad,0.9984980821609497,0.9941205978393555,0.0056239963,-0.10011226,0.8483068,0.94841903,0.17391304347826086,0.94841903,0.9043359,0.8426828,0.8527112,0.00438164215785242,0.035259947,0.0,-0.031734228,0.94371325,0.9754475,0.17391304347826086,0.97663194,0.9592393,0.94371325,0.94599885,0.00142749295875489,0.011529417,0.013402653858065605,0.0,-0.038573146,0.91420686,0.95278,0.08695652173913043,0.95361865,0.9360127,0.91420686,0.924263,0.0014956278998861244,0.011897628,0.002756238,-0.014364541,0.96679735,0.9811619,0.13043478260869565,0.9823786,0.9726419,0.9640411,0.96585464,0.0007373242392369991,0.006567625,0.0073372126,0.0026785135,1.0001549,0.99747634,0.125,1.0001549,0.99583364,0.99281764,0.9940793,8.759366429368301e-05,0.001757527,0.5760183930397034
6348.mp4,normal,0.9772334694862366,0.9507559537887573,0.68329024,0.6721082,0.8496345,0.17752632,0.0,0.8496345,0.2944138,0.16634427,0.18361078,-0.017826887193640242,0.15316863,0.3621142,0.35695755,0.9480808,0.5911232,0.043478260869565216,0.9480808,0.6730063,0.5859666,0.59898823,-0.010594167728197908,0.08382102,0.21220292150974274,0.28221786,0.22951269,0.9319366,0.70242393,0.17391304347826086,0.9319366,0.78375477,0.64971876,0.7051066,-0.00803662265242324,0.059902307,0.14194381,0.1362006,0.970821,0.8346204,0.13043478260869565,0.970821,0.88520914,0.8288772,0.84281456,-0.004352645793922338,0.031267628,0.25738233,0.25738233,1.0001373,0.742755,0.125,1.0001373,0.90337306,0.742755,0.8250763,-0.009031939739766353,0.06708618,0.46770912408828735
16822.mp4,bad,0.9922194480895996,0.9773755073547363,0.55272466,0.51879936,0.9642692,0.44546986,0.0,0.9642692,0.5990564,0.41154456,0.44560662,-0.02584014099694995,0.19400239,0.19667274,0.19308329,0.9829136,0.7898303,0.0,0.9829136,0.8484853,0.7862409,0.7871819,-0.00964925176070142,0.06951287,0.05434243008494377,0.20710504,0.18784666,0.96426916,0.7764225,0.0,0.96426916,0.81385046,0.7571641,0.7645961,-0.008075576113617932,0.063530445,0.12001228,0.112460256,0.9838046,0.8713443,0.0,0.9838046,0.9028276,0.8637923,0.8657993,-0.005532785189952791,0.039804693,0.0632686,0.048912287,1.0006152,0.95170295,0.125,1.0006152,0.9629154,0.93734664,0.94039464,-0.0028357700938764067,0.021516979,0.4372299909591675
15604.mp4,normal,0.9816946983337402,0.9402183890342712,0.58276975,0.58276975,0.64906895,0.06629919,0.0,0.64906895,0.16578983,0.06629919,0.07809249,-0.01476357536383061,0.13226807,0.53724325,0.53724325,0.8560518,0.31880853,0.0,0.8560518,0.408894,0.31880853,0.3362129,-0.013709668379291712,0.13464318,0.2943272590637207,0.6414733,0.6373725,0.8563614,0.2189889,0.0,0.8563614,0.36773193,0.2148881,0.22143999,-0.02367529224442398,0.18916489,0.29982132,0.29982132,0.9203286,0.6205073,0.043478260869565216,0.9203286,0.70322126,0.6205073,0.6436171,-0.010051010448942086,0.079240315,0.17959708,0.17959708,0.999468,0.81987095,0.08333333333333333,0.999468,0.90357846,0.81987095,0.8765726,-0.004787749570349014,0.038723435,0.16283437609672546
16246.mp4,good,0.9946246147155762,0.9752600193023682,0.057105243,-0.120078385,0.84208554,0.9621639,0.17391304347826086,0.97284245,0.89407617,0.7849803,0.8293908,0.006679907323343486,0.053213093,0.016682327,-0.042937934,0.9355344,0.97847235,0.17391304347826086,0.98290944,0.95492494,0.9188521,0.93408793,0.0024574283554620086,0.018322142,0.019481316208839417,0.0,-0.07015401,0.8924753,0.9626293,0.13043478260869565,0.9741475,0.9307068,0.8924753,0.90167,0.0031028952994365546,0.02330261,0.0,-0.028387845,0.95579416,0.984182,0.17391304347826086,0.98649246,0.9744062,0.95579416,0.9623741,0.0010620256657657094,0.008414921,0.024038553,0.00690794,0.9992986,0.99239063,0.125,0.9992986,0.9899911,0.97526,0.98341596,0.00043726519398065976,0.0054596933,0.6236655116081238
16705.mp4,bad,0.9551458954811096,0.8763326406478882,0.8842733,0.86821294,0.9617401,0.09352714,0.0,0.9617401,0.21187063,0.07746678,0.08451216,-0.026104122216227977,0.25033626,0.631084,0.6288432,0.9685617,0.3397185,0.0,0.9685617,0.47382155,0.33747768,0.34018767,-0.02467607721509671,0.20493019,0.30484306812286377,0.42302597,0.415105,0.96174,0.54663503,0.0,0.96174,0.636181,0.53871405,0.54031545,-0.015324902569823606,0.11598588,0.2756402,0.27417123,0.97452825,0.700357,0.0,0.97452825,0.77866465,0.69888806,0.7053287,-0.011504042878923695,0.08292275,0.14680201,0.14335477,1.0002944,0.8569397,0.20833333333333334,1.0002944,0.91071385,0.85349244,0.86059195,-0.00531078245328822,0.04222009,0.2988424301147461
7543.mp4,bad,0.9733998775482178,0.9315920472145081,0.6270207,0.54834026,0.9674816,0.41914135,0.0,0.9674816,0.45426297,0.3404609,0.35412937,-0.01326230978188309,0.15854855,0.19911277,0.16897285,0.9736122,0.80463934,0.0,0.9736122,0.82009774,0.7744994,0.7874481,-0.0041631005498260305,0.048857186,0.08679576963186264,0.23930037,0.17022693,0.96748173,0.7972548,0.17391304347826086,0.96748173,0.79595566,0.72818136,0.73864526,-0.00235140859609535,0.052774712,0.109458804,0.07673955,0.9831946,0.90645504,0.13043478260869565,0.9831946,0.90689355,0.8737358,0.8811272,-0.00144270180242335,0.025204392,0.12345612,0.09622568,0.9996206,0.90339494,0.08333333333333333,0.9996206,0.9114054,0.8761645,0.88279086,-0.0025628648892693177,0.032133184,0.3424707055091858
16723.mp4,good,0.9574158787727356,0.8464880585670471,0.5156443,0.26838183,0.844913,0.5765312,0.21739130434782608,0.844913,0.627519,0.32926872,0.35595945,-0.0014406578696292355,0.16594256,0.16273504,0.06684631,0.9357489,0.86890256,0.21739130434782608,0.9357489,0.86944073,0.77301383,0.7780974,-0.00036132182528380506,0.05368537,0.06842675060033798,0.11158919,0.071914315,0.92186224,0.8499479,0.21739130434782608,0.92186224,0.8589634,0.81027305,0.82645243,-0.0012088648297569884,0.026406521,0.05120325,0.02806437,0.96277034,0.934706,0.21739130434782608,0.96277034,0.93786746,0.9115671,0.914566,-0.0004497028504435856,0.015120086,0.16990471,0.099570096,0.99953055,0.89996046,0.041666666666666664,0.99953055,0.9168968,0.82962584,0.8872987,-0.0031087919421818226,0.033768017,0.46695879101753235
16297.mp4,good,0.9392378330230713,0.8373597264289856,0.85354495,0.8457128,0.8968513,0.05113853,0.0,0.9093271,0.19407856,0.04330634,0.04564339,-0.029662924248121496,0.27410573,0.671589,0.6699133,0.95418537,0.28427207,0.0,0.95418537,0.43731096,0.28259635,0.2884943,-0.02848865565928547,0.23146057,0.3200095295906067,0.5377784,0.51399446,0.9168303,0.40283585,0.0,0.9228588,0.53040963,0.37905192,0.38971695,-0.024230797270776743,0.1899588,0.28421944,0.2740891,0.96805686,0.69396776,0.0,0.96805686,0.7573204,0.6838374,0.688835,-0.01217896447115736,0.09603174,0.56432134,0.5117737,1.0004017,0.48862803,0.0,1.0004017,0.62912005,0.4360804,0.47121483,-0.024667828031208212,0.19507878,0.1623474508523941
16197.mp4,good,0.983575165271759,0.9423294067382812,0.80551827,0.80551827,0.9758602,0.17034188,0.0,0.9758602,0.45317066,0.17034188,0.17907089,-0.044340589654304284,0.3279303,0.47077823,0.4574877,0.9865166,0.5290289,0.0,0.9865166,0.6995762,0.51573837,0.52290994,-0.026383804532850216,0.18895775,0.1637885719537735,0.3651694,0.3172422,0.97586024,0.65861803,0.13043478260869565,0.97586024,0.77536875,0.61069083,0.64238113,-0.01794996592602711,0.12637194,0.22854918,0.20184445,0.98689306,0.7850486,0.13043478260869565,0.98689306,0.8633648,0.7583439,0.7745725,-0.011746122431849314,0.08281316,0.14692277,0.11446613,0.9995521,0.88508594,0.125,0.9995521,0.93039066,0.8526293,0.8810959,-0.006248614062433702,0.04693767,0.3568737506866455
17354.mp4,bad,0.962573766708374,0.9204578399658203,0.7396931,0.7377567,0.9006388,0.16288209,0.0,0.9006388,0.3870345,0.16094573,0.18286836,-0.032863887814665045,0.24344061,0.4776155,0.4776155,0.93973356,0.46211806,0.13043478260869565,0.93973356,0.66714424,0.46211806,0.48783845,-0.022674998776479195,0.15494166,0.191925048828125,0.31720352,0.2763946,0.91315067,0.63675606,0.13043478260869565,0.91315067,0.7633444,0.59594715,0.65737176,-0.012247509518159715,0.08423687,0.19056427,0.18951374,0.9584137,0.7689,0.17391304347826086,0.9584137,0.8590692,0.76784945,0.7947787,-0.008094146494337701,0.054968443,0.38242626,0.38242626,0.99937034,0.6169441,0.125,0.99937034,0.8652337,0.6169441,0.7691884,-0.012771026932674906,0.09283451,0.3142421543598175
17318.mp4,good,0.9646721482276917,0.9202869534492493,0.581731,0.581731,0.78253174,0.20080073,0.0,0.78253174,0.3090479,0.20080073,0.2402803,-0.013227044107767911,0.12337795,0.46082947,0.46082947,0.90046775,0.4396383,0.043478260869565216,0.90046775,0.5755583,0.4396383,0.4671944,-0.017726416497126862,0.129559,0.245459645986557,0.23943466,0.22170961,0.87606645,0.65435684,0.17391304347826086,0.87606645,0.72473764,0.6366318,0.6418028,-0.01057474432962216,0.073930174,0.18949246,0.18325365,0.94569445,0.7624408,0.21739130434782608,0.94569445,0.82101804,0.756202,0.75859386,-0.00810124303983604,0.056047395,0.23633969,0.21367908,1.0002332,0.7865541,0.20833333333333334,1.0002332,0.85173225,0.7638935,0.77561754,-0.007617212663526152,0.063109376,0.43172240257263184
15617.mp4,normal,0.9943041801452637,0.9737926721572876,0.7964673,0.7577033,0.98357224,0.22586891,0.0,0.98357224,0.29829466,0.18710494,0.19596292,-0.019216109008303756,0.21486409,0.15310103,0.13562542,0.98766357,0.85203815,0.0,0.98766357,0.8599939,0.83456254,0.8368269,-0.0029043157699079865,0.03619979,0.08796217292547226,0.15508395,0.11486465,0.9845213,0.8696567,0.13043478260869565,0.9845213,0.876445,0.8294374,0.845294,-0.002773987033621587,0.032722328,0.05461532,0.04887736,0.992517,0.94363964,0.0,0.992517,0.9479561,0.9379017,0.94026816,-0.001105973725262374,0.012662035,0.08368969,0.08368969,0.99957395,0.91588426,0.125,0.99957395,0.9432123,0.91588426,0.9178996,-0.0029159889532172517,0.02545146,0.44788190722465515
5849.mp4,normal,0.9668999314308167,0.9284549951553345,0.8479075,0.7738495,0.9788009,0.20495138,0.0,0.9788009,0.37151974,0.13089342,0.15722863,-0.030499166709632288,0.25336394,0.4140427,0.3640166,0.9849503,0.6209337,0.13043478260869565,0.9849503,0.7226083,0.5709076,0.58289117,-0.016291825962160902,0.12965406,0.1732839047908783,0.26042068,0.24458545,0.97880095,0.7342155,0.043478260869565216,0.97880095,0.79647994,0.7183803,0.73249185,-0.009590647731845096,0.07134501,0.12821126,0.11815786,0.9859234,0.86776555,0.043478260869565216,0.9859234,0.8958922,0.85771215,0.8606609,-0.004864005821024483,0.037884887,0.16545558,0.1370765,1.0000083,0.86293185,0.25,1.0000083,0.9163141,0.83455276,0.8514897,-0.005664562427479299,0.05009958,0.3594703674316406
20114.mp4,good,0.9739956259727478,0.9526723623275757,0.7096019,0.5667225,0.9346461,0.36792362,0.21739130434782608,0.9346461,0.5478119,0.22504422,0.28413418,-0.003083266700680553,0.20140918,0.24099505,0.14642322,0.97125757,0.82483435,0.17391304347826086,0.97125757,0.8536654,0.7302625,0.7804038,-0.00046474301061139907,0.056899562,0.07824762910604477,0.1732837,0.09098172,0.9456719,0.8546902,0.13043478260869565,0.9456719,0.8507411,0.7723882,0.80223745,0.00035649667615475185,0.03491178,0.089427054,0.050366282,0.97946846,0.9291022,0.13043478260869565,0.97946846,0.93191296,0.8900414,0.91053236,-6.822735188976805e-05,0.017319672,0.056159794,0.033650637,1.000453,0.96680236,0.125,1.000453,0.9704619,0.9442932,0.95648664,-0.0005941574988158234,0.012065113,0.43220090866088867
16408.mp4,bad,0.9869823455810547,0.9633172154426575,0.6184749,0.60866904,0.92294645,0.31427744,0.0,0.92294645,0.3842093,0.30447155,0.31212264,-0.015274431600636655,0.16065174,0.14179754,0.13198721,0.96786344,0.8358762,0.0,0.96786344,0.846308,0.8260659,0.8312413,-0.002980428957656429,0.032858934,0.06957735866308212,0.22049987,0.18453002,0.92641264,0.7418826,0.043478260869565216,0.92641264,0.75653666,0.70591277,0.73129165,-0.004180665013818411,0.045623608,0.0720104,0.061210394,0.9718301,0.91061974,0.043478260869565216,0.9718301,0.91588515,0.89981973,0.9083962,-0.0014281114452912203,0.015442575,0.08178204,0.0543769,0.9996435,0.9452666,0.125,0.9996435,0.94247884,0.91786146,0.9248118,-0.0002851179112559209,0.015874913,0.48248952627182007
16610.mp4,bad,0.9874652624130249,0.9623277187347412,0.522733,0.5130631,0.6585038,0.14544073,0.0,0.6585038,0.18097246,0.13577077,0.14263788,-0.008039614590613746,0.11347592,0.21894258,0.21894258,0.8912188,0.6722762,0.0,0.8912188,0.6997892,0.6722762,0.6751256,-0.004749306518098589,0.051599823,0.19247548282146454,0.18132919,0.13868213,0.8890956,0.7504135,0.17391304347826086,0.8890956,0.76997864,0.7077664,0.72540975,-0.003546787168197469,0.04065628,0.073667705,0.07028425,0.95258564,0.8823014,0.0,0.95258564,0.89226466,0.87891793,0.8803102,-0.0017563901517702327,0.017318813,0.066948116,0.05256772,1.0003952,0.94782746,0.08333333333333333,1.0003952,0.94970113,0.93344706,0.94233674,-0.00075257415356847,0.01227931,0.354452908039093
15141.mp4,good,0.9480980038642883,0.8041643500328064,0.56932956,0.5584116,0.77600485,0.21759327,0.0,0.77600485,0.2828133,0.20667529,0.21776246,-0.011158068277854698,0.12351436,0.24404997,0.23311067,0.89055073,0.65744007,0.0,0.89055073,0.68484217,0.64650077,0.6490483,-0.00597112675900516,0.05581415,0.1633310317993164,0.16988164,0.0684101,0.8605731,0.792163,0.13043478260869565,0.8605731,0.7595634,0.6906915,0.72418594,-0.0003699878812307468,0.034444112,0.09626573,0.06426728,0.9193144,0.8550471,0.08695652173913043,0.9193144,0.8481731,0.82304865,0.83025104,-0.001309363090473682,0.01997478,0.22438598,0.12926257,1.0000886,0.870826,0.125,1.0000886,0.8496285,0.7757026,0.8000838,-0.0006421787583310024,0.044453315,0.4651641547679901
15568.mp4,normal,0.9847019910812378,0.9568426012992859,0.8433499,0.015268445,0.99087906,0.9756106,0.2608695652173913,0.99087906,0.5082983,0.14752918,0.15490925,0.02208635289030584,0.32703233,0.22205943,0.008198023,0.9933779,0.9851799,0.2608695652173913,0.9933779,0.8624995,0.7713185,0.7729798,0.0051804716172425555,0.083261095,0.07248033583164215,0.30450106,0.015268445,0.99087906,0.9756106,0.043478260869565216,0.99087906,0.81458557,0.686378,0.7157825,0.007918025076153726,0.10425774,0.094261706,0.007932484,0.994969,0.9870365,0.043478260869565216,0.994969,0.93497974,0.9007073,0.905405,0.0023345337672666952,0.03373868,0.099350035,0.005961716,1.000016,0.99405426,0.16666666666666666,1.000016,0.9520877,0.90066594,0.90502316,0.001539439196171955,0.034823567,0.4541919231414795
15633.mp4,normal,0.9449853301048279,0.8232636451721191,0.54697204,0.5439978,0.7069278,0.16292995,0.0,0.7069278,0.25938582,0.15995574,0.16612577,-0.01324852070082789,0.11447184,0.34688663,0.34688663,0.882087,0.53520036,0.043478260869565216,0.882087,0.6118719,0.53520036,0.5464059,-0.008235676780990927,0.072878346,0.2601572573184967,0.15563154,0.115668535,0.87874925,0.7630807,0.13043478260869565,0.87874925,0.77962875,0.7231177,0.7445166,-0.0018205703953980386,0.03371556,0.094872355,0.07673991,0.9369695,0.8602296,0.08695652173913043,0.9369695,0.8720292,0.84209716,0.85204583,-0.0017007386142557264,0.021336094,0.21938914,0.095222116,1.0001042,0.9048821,0.16666666666666666,1.0001042,0.8978779,0.78071505,0.81735355,-0.00132728185342709,0.050151918,0.5264074802398682
15576.mp4,bad,0.9719048142433167,0.9393741488456726,0.77698636,0.7715589,0.90830874,0.13674985,0.0,0.90830874,0.27770242,0.13132235,0.13519678,-0.02621306370016143,0.20948347,0.5697409,0.55804574,0.9532956,0.3952498,0.0,0.9532956,0.5523456,0.38355467,0.3866887,-0.02639986810241291,0.18951468,0.2691114842891693,0.32474643,0.30292767,0.91451055,0.6115829,0.043478260869565216,0.91451055,0.69262946,0.5897641,0.61076504,-0.013006977354113772,0.09239466,0.20290679,0.19865572,0.9626106,0.7639549,0.13043478260869565,0.9626106,0.82145697,0.7597038,0.76098067,-0.008665706093603462,0.06027948,0.18074012,0.18074012,1.0000641,0.819324,0.16666666666666666,1.0000641,0.9042503,0.819324,0.8384046,-0.007360093852748056,0.05165177,0.34119415283203125
6311.mp4,bad,0.9808642268180847,0.8338561058044434,0.593087,0.3226952,0.8378098,0.5151146,0.0,0.8378098,0.34604105,0.24472278,0.26157564,-0.007277530673228707,0.13986368,0.28897762,0.10278559,0.9303752,0.82758963,0.0,0.9303752,0.69734997,0.6413976,0.6441044,-0.003917783793253392,0.07917115,0.21017198264598846,0.11581099,0.048202753,0.90460277,0.8564,0.043478260869565216,0.90460277,0.82154953,0.7887918,0.7949677,-0.0021359133037182633,0.0279624,0.06613314,0.026877701,0.95842075,0.93154305,0.0,0.95842075,0.907522,0.8922876,0.894523,-0.0010622643199362741,0.016670369,0.06874591,0.025215924,0.9993696,0.9741537,0.08333333333333333,0.9993696,0.9528715,0.9306237,0.9355792,-0.00027407425901167953,0.018051699,0.4054573178291321
7518.mp4,bad,0.9767880439758301,0.916536808013916,0.5516671,0.35184184,0.848788,0.4969462,0.30434782608695654,0.848788,0.49587116,0.29712093,0.30142087,-0.004518511031456144,0.17269978,0.21181655,0.098020434,0.9403845,0.8423641,0.30434782608695654,0.9403845,0.8242686,0.72856796,0.734687,-0.0008756480669315663,0.071804084,0.10007186233997345,0.17274559,0.02360481,0.90528476,0.88167995,0.2608695652173913,0.90799606,0.8314716,0.7325392,0.7359134,0.0010547880598678933,0.06697518,0.08094704,0.01651597,0.96373737,0.9472214,0.30434782608695654,0.96373737,0.92434055,0.8827903,0.8836155,0.00026239119028386,0.031113336,0.08481145,0.025518835,0.9993129,0.97379404,0.2916666666666667,0.9993129,0.95261383,0.9145014,0.91984826,3.054442613017794e-05,0.027587574,0.40548014640808105
20120.mp4,good,0.9963794946670532,0.9903478622436523,0.19280696,0.1742028,0.99027777,0.81607497,0.13043478260869565,0.99027777,0.88032144,0.7974708,0.81856084,-0.00611436243349384,0.054700032,0.06146747,0.057468295,0.99458003,0.93711174,0.08695652173913043,0.99458003,0.9529322,0.93311256,0.93728286,-0.0019417750858978006,0.016473537,0.010935373604297638,0.11903751,0.109953105,0.99027777,0.88032466,0.043478260869565216,0.99027777,0.90908176,0.87124026,0.8788358,-0.0036914203124555466,0.031626653,0.041909397,0.039643288,0.9946589,0.9550156,0.043478260869565216,0.9946589,0.96386755,0.9527495,0.9548327,-0.0012823961704616152,0.01057457,0.025048554,0.01995653,1.000222,0.98026544,0.08333333333333333,1.000222,0.98423314,0.9751734,0.97822005,-0.0008109019631925024,0.006409196,0.3203940987586975
15443.mp4,bad,0.9457103610038757,0.8081952333450317,0.77022284,0.7628019,0.8655218,0.10271987,0.0,0.8655218,0.22300185,0.09529897,0.097068414,-0.02487915847818607,0.22313681,0.54103196,0.54042745,0.9399617,0.3995342,0.0,0.9399617,0.53164047,0.39892972,0.4007386,-0.02238716779961418,0.16990457,0.24363835155963898,0.33239317,0.3180241,0.8769101,0.558886,0.0,0.8769101,0.64084667,0.5445169,0.55554265,-0.01358669230589283,0.09931797,0.2500472,0.24845284,0.9502808,0.70182794,0.0,0.9502808,0.77527887,0.7002336,0.7021894,-0.010608087297484818,0.075480275,0.39020336,0.35996813,0.9996828,0.63971466,0.08333333333333333,0.9996828,0.75710696,0.6094794,0.6398096,-0.015396200185236754,0.1175598,0.36621373891830444
20014.mp4,good,0.9762967824935913,0.939835786819458,0.8164579,0.8164579,0.9226923,0.10623439,0.0,0.9226923,0.29760477,0.10623439,0.11679846,-0.03241192190926302,0.25094607,0.51447296,0.51447296,0.9625031,0.4480301,0.17391304347826086,0.9625031,0.6523611,0.4480301,0.48105085,-0.023642878110700916,0.16242097,0.21509017050266266,0.3325054,0.29030132,0.93256783,0.6422665,0.08695652173913043,0.93256783,0.72301275,0.60006243,0.63847965,-0.01233542684038638,0.08790827,0.1709823,0.1709823,0.9741213,0.803139,0.13043478260869565,0.9741213,0.8674512,0.803139,0.81762093,-0.006914543304518754,0.04822445,0.18172836,0.14720935,0.99992895,0.8527196,0.20833333333333334,0.99992895,0.90752715,0.8182006,0.8312561,-0.007487666632818157,0.062050957,0.41839826107025146
15125.mp4,bad,0.9906717538833618,0.9761161804199219,0.71398276,0.6909081,0.91920346,0.22829536,0.0,0.91920346,0.36950585,0.2052207,0.21899462,-0.024821091134086433,0.19043946,0.48021758,0.48021758,0.96003723,0.47981966,0.13043478260869565,0.96003723,0.6465465,0.47981966,0.4972914,-0.020728335815220492,0.14312589,0.25573912262916565,0.18482143,0.18482143,0.9258732,0.7410518,0.08695652173913043,0.9258732,0.8167653,0.7410518,0.7786189,-0.005864431264372211,0.04286309,0.09968305,0.09968305,0.9661107,0.86642766,0.08695652173913043,0.9661107,0.9022855,0.86642766,0.8789011,-0.0035269969536852997,0.024591988,0.04104066,0.036008954,0.99996066,0.9639517,0.16666666666666666,0.99996066,0.9725401,0.95892,0.96113724,-0.0013338648754617768,0.010424104,0.5295928716659546
15557.mp4,normal,0.9730695486068726,0.9541606307029724,0.74499094,0.74499094,0.9065963,0.16160539,0.0,0.9065963,0.3080025,0.16160539,0.17547259,-0.02306404948352353,0.1946342,0.52306867,0.52306867,0.9593787,0.43631008,0.13043478260869565,0.9593787,0.61856306,0.43631008,0.46652028,-0.020637023943686203,0.14444296,0.2599877417087555,0.20563424,0.19036627,0.9291434,0.73877716,0.08695652173913043,0.9291434,0.7813426,0.7235092,0.7381622,-0.005842980601099644,0.048340406,0.12792301,0.12527335,0.96673346,0.8414601,0.13043478260869565,0.96673346,0.87855065,0.83881044,0.8458183,-0.004208272507068205,0.031226633,0.14327443,0.1347611,1.0000253,0.8652642,0.16666666666666666,1.0000253,0.91975385,0.85675085,0.87530977,-0.004698245836340879,0.035606846,0.3857259154319763
6826.mp4,bad,0.982012152671814,0.9419271945953369,0.6565448,0.63229716,0.99534917,0.363052,0.08695652173913043,0.99534917,0.5493023,0.33880436,0.34914398,-0.023575956760187887,0.2062179,0.26027048,0.25609088,0.9901855,0.7340946,0.17391304347826086,0.9901855,0.82965934,0.729915,0.7373272,-0.009428624637984478,0.07730855,0.10495933145284653,0.1878925,0.17266792,0.9953491,0.8226812,0.13043478260869565,0.9953491,0.8713066,0.8074566,0.8236164,-0.005636003531014969,0.04596155,0.094296515,0.094296515,0.9965251,0.9022286,0.13043478260869565,0.9965251,0.9346188,0.9022286,0.9075022,-0.0030226162653195394,0.024831166,0.17066741,0.17066741,0.99928725,0.82861984,0.125,0.99928725,0.9277477,0.82861984,0.8821237,-0.00494640371073847,0.043521367,0.426968514919281
16147.mp4,good,0.9343531131744385,0.8016078472137451,0.8100591,0.64657784,0.94654745,0.29996958,0.0,0.94654745,0.34007096,0.13648841,0.14368092,-0.019361405298408327,0.23708673,0.4805505,0.25918114,0.9649122,0.70573103,0.2608695652173913,0.9649122,0.67766196,0.48436168,0.50079685,-0.007641212212238393,0.14774123,0.19873729348182678,0.21979177,0.17346537,0.951576,0.7781106,0.08695652173913043,0.951576,0.79202825,0.7317842,0.74239194,-0.005011110084330138,0.056954104,0.13974774,0.10127741,0.97562885,0.87435144,0.043478260869565216,0.97562885,0.87639916,0.8358811,0.8405827,-0.003223839366860078,0.03794684,0.247715,0.20019525,1.0000058,0.7998106,0.08333333333333333,1.0000058,0.8354335,0.75229084,0.76503414,-0.006572510755580423,0.07303027,0.47344091534614563
15934.mp4,bad,0.9772002100944519,0.9564739465713501,0.70227313,0.69148254,0.85239094,0.16090842,0.0,0.85239094,0.25711012,0.15011778,0.15776421,-0.019001223794792015,0.17030951,0.5049741,0.5049741,0.9338341,0.42885995,0.043478260869565216,0.9338341,0.5630879,0.42885995,0.44284847,-0.017877599437952987,0.13397756,0.23710457980632782,0.25002277,0.23833078,0.8868625,0.64853173,0.0,0.8868625,0.69157255,0.63683975,0.6442182,-0.0069646119718023885,0.061385747,0.18484038,0.18307346,0.9443998,0.7613263,0.0,0.9443998,0.80019253,0.7595594,0.7626331,-0.005348001720877042,0.0453134,0.1470229,0.119350314,0.9995853,0.88023496,0.125,0.9995853,0.899667,0.85256237,0.8635571,-0.0032588687409525344,0.036490902,0.4555792808532715
20245.mp4,good,0.9922627210617065,0.9787469506263733,0.70993125,0.14659423,0.95185196,0.80525774,0.0,0.95185196,0.4413676,0.24192071,0.25697112,0.008480367983282796,0.22637086,0.19093949,0.048690498,0.97018087,0.9214904,0.0,0.97018087,0.8318664,0.7792414,0.7817226,0.001235184521071997,0.057539918,0.08588867634534836,0.20731008,0.06411171,0.9535091,0.8893974,0.043478260869565216,0.9535091,0.8089539,0.746199,0.756647,0.0014124804216882464,0.05842465,0.08714223,0.0352391,0.9808022,0.9455631,0.08695652173913043,0.9808022,0.9177551,0.89365995,0.8957667,-0.00020735142494849324,0.022868162,0.06711298,0.025052965,1.0004017,0.9753488,0.16666666666666666,1.0004017,0.9590966,0.93328875,0.93792754,-0.0006206837944362615,0.018989546,0.37220901250839233
15608.mp4,bad,0.9506632685661316,0.4359498620033264,0.8862355,0.8810379,0.95751685,0.07647897,0.2608695652173913,0.95751685,0.41234973,0.07128138,0.07506251,-0.04330629499798471,0.33344433,0.73341304,0.73341304,0.9681569,0.23474383,0.43478260869565216,0.9681569,0.5837969,0.23474383,0.24256797,-0.04254707825101412,0.3208972,0.17411185801029205,0.7140455,0.7140455,0.95990974,0.24586421,0.30434782608695654,0.95990974,0.5844606,0.24586421,0.26005492,-0.039590228069205535,0.29960024,0.44558638,0.44558638,0.97962743,0.53404105,0.34782608695652173,0.97962743,0.7579087,0.53404105,0.5584883,-0.02468649459921796,0.18674493,0.6142161,0.6106545,1.0004686,0.38981414,0.4166666666666667,1.0004686,0.7241712,0.38625252,0.39776105,-0.0357736937377764,0.2823173,0.15784311294555664
5757.mp4,normal,0.986967921257019,0.9612680673599243,0.84628904,0.84628904,0.97918034,0.13289133,0.0,0.97918034,0.32219943,0.13289133,0.13694426,-0.02982409447137075,0.22553827,0.4925804,0.48247707,0.9892944,0.50681734,0.21739130434782608,0.9892944,0.6626314,0.496714,0.49810985,-0.022666494041799077,0.15715295,0.20577944815158844,0.36065245,0.3044585,0.9792744,0.6748159,0.21739130434782608,0.9792744,0.77082,0.61862195,0.651424,-0.014388825641319214,0.100173876,0.20770049,0.18606472,0.98958564,0.8035209,0.30434782608695654,0.98958564,0.8684109,0.78188515,0.78879815,-0.009198231364898527,0.06317787,0.13953906,0.113259315,0.999877,0.88661766,0.25,0.999877,0.9323392,0.8603379,0.8716787,-0.006234895198241555,0.045073904,0.3633178770542145
7102.mp4,good,0.9901784658432007,0.98282790184021,0.73945045,0.6611687,0.94289964,0.28173095,0.17391304347826086,0.94289964,0.5961509,0.2034492,0.30952126,-0.022905267892854488,0.17369066,0.24034035,0.23500443,0.9623327,0.7273283,0.17391304347826086,0.9623327,0.862038,0.7219924,0.7487911,-0.007505329936860583,0.06026589,0.07634736597537994,0.1543147,0.12549525,0.9506784,0.82518315,0.17391304347826086,0.9506784,0.86537933,0.7963637,0.8259421,-0.0037772749134674394,0.030666282,0.07299745,0.07148886,0.9782243,0.9067354,0.17391304347826086,0.9782243,0.93838537,0.9052268,0.913553,-0.002045714984769392,0.016086176,0.04687816,0.04687816,1.0003067,0.95342857,0.08333333333333333,1.0003067,0.9778411,0.95342857,0.9687526,-0.001150337457656883,0.009836987,0.3943282961845398
16345.mp4,good,0.9832791090011597,0.9473792314529419,0.58066773,0.545216,0.84225786,0.29704183,0.0,0.84225786,0.34545127,0.2615901,0.26903287,-0.012252705341035676,0.1468331,0.335374,0.32281637,0.9328249,0.61000854,0.0,0.9328249,0.65804684,0.5974509,0.5996236,-0.009360390512839626,0.08641191,0.19317996501922607,0.19731957,0.18061501,0.88923204,0.70861703,0.0,0.88923204,0.7367798,0.6919125,0.69993114,-0.00563148683003286,0.050123688,0.12515098,0.12362695,0.94964904,0.8260221,0.0,0.94964904,0.85122675,0.82449806,0.8258932,-0.003946852012585276,0.03253867,0.12977469,0.12066424,1.0003482,0.879684,0.041666666666666664,1.0003482,0.90884644,0.8705735,0.87373346,-0.004851816089256974,0.038097654,0.5336347818374634
16778.mp4,good,0.919833779335022,0.7806037664413452,0.51328087,0.50617516,0.5840286,0.07785344,0.0,0.5840286,0.15787072,0.07074772,0.07615443,-0.014540246212965426,0.12134842,0.59977657,0.59977657,0.82248133,0.22270478,0.0,0.82248133,0.370706,0.22270478,0.2398653,-0.02127519631279786,0.16000481,0.3909330368041992,0.35961604,0.35961604,0.8275827,0.46796668,0.17391304347826086,0.8275827,0.62353796,0.46796668,0.48092425,-0.01632099748835734,0.11035383,0.2785018,0.2749728,0.90858555,0.63361275,0.17391304347826086,0.90858555,0.761639,0.63008374,0.6432011,-0.012963463430819323,0.086289965,0.6176218,0.6176218,1.0004506,0.38282883,0.2916666666666667,1.0004506,0.6906468,0.38282883,0.43983036,-0.029037372858628025,0.20461829,0.25277984142303467
17427.mp4,bad,0.9707474708557129,0.9393972158432007,0.7586567,0.74726623,0.90902805,0.16176182,0.0,0.90902805,0.2783599,0.15037136,0.15799648,-0.022690503037140788,0.1953057,0.43227494,0.4239446,0.9525701,0.5286255,0.0,0.9525701,0.6305085,0.52029514,0.52373964,-0.016974109022513704,0.124525435,0.23408806324005127,0.18367541,0.16899681,0.91782355,0.74882674,0.17391304347826086,0.91782355,0.7874145,0.73414814,0.7411295,-0.005826351788675364,0.043237466,0.14560658,0.13300711,0.96355265,0.83054554,0.21739130434782608,0.96355265,0.86459655,0.8179461,0.8238777,-0.005158941677436546,0.03677111,0.13755661,0.11258936,0.9997823,0.88719296,0.16666666666666666,0.9997823,0.91257524,0.8622257,0.87504554,-0.004270500903544239,0.033103477,0.5416909456253052
15537.mp4,bad,0.9944370985031128,0.9854012131690979,0.34922624,0.28722042,0.9260309,0.63881046,0.21739130434782608,0.9260309,0.7358828,0.57680464,0.63829905,-0.011213025321131158,0.08691746,0.09431672,0.09431672,0.956728,0.86241126,0.08695652173913043,0.956728,0.8940798,0.86241126,0.87279063,-0.0030616567186687177,0.022989055,0.03571716696023941,0.11785686,0.108365655,0.9282066,0.81984097,0.08695652173913043,0.9282066,0.8427596,0.81034976,0.8188293,-0.003199228243865525,0.027655542,0.057923257,0.057923257,0.9651125,0.90718925,0.08695652173913043,0.9651125,0.9297969,0.90718925,0.916422,-0.0018913316514652368,0.013829823,0.03756857,0.036231637,0.9998522,0.96362054,0.125,0.9998522,0.97395116,0.9622836,0.9642236,-0.00104355954605603,0.008396327,0.23290345072746277
6860.mp4,bad,0.9819532632827759,0.9285438656806946,0.8645702,0.8549591,0.99559915,0.14064007,0.0,0.99559915,0.40035504,0.13102897,0.13381611,-0.04500329518035466,0.353752,0.36884248,0.3612926,0.9970815,0.6357889,0.2608695652173913,0.9970815,0.7825536,0.62823904,0.63275844,-0.019811021834022922,0.13696969,0.11458738148212433,0.4634347,0.4634347,0.99559927,0.5321646,0.30434782608695654,0.99559927,0.74989134,0.5321646,0.55441856,-0.0237089721817273,0.15989597,0.1870932,0.18083245,0.9970816,0.81624913,0.30434782608695654,0.9970816,0.89714116,0.8099884,0.8209029,-0.009695713227916616,0.06545803,0.22935236,0.22935236,1.0004565,0.7711041,0.2916666666666667,1.0004565,0.91929054,0.7711041,0.80394095,-0.010786180781281532,0.078702256,0.2285085767507553
16529.mp4,good,0.973024845123291,0.9216798543930054,0.5671306,0.5582271,0.7182672,0.1600401,0.0,0.7182672,0.25872096,0.15113658,0.15641715,-0.018786198536869102,0.16572472,0.28713,0.28713,0.90722823,0.62009823,0.0,0.90722823,0.68589157,0.62009823,0.6285105,-0.009878399461625588,0.08616543,0.15919150412082672,0.34639174,0.30446798,0.9004311,0.5959631,0.0,0.9004311,0.6559415,0.55403936,0.5648941,-0.014046916966381773,0.12143511,0.1655029,0.16249627,0.9534079,0.7909116,0.13043478260869565,0.9534079,0.845083,0.787905,0.79479766,-0.00626274218907941,0.04816944,0.14126176,0.121003985,0.9998944,0.8788904,0.125,0.9998944,0.91279626,0.8586326,0.87544435,-0.0036491526209790123,0.035925742,0.32027745246887207
6086.mp4,bad,0.9839381575584412,0.9476931691169739,0.6373351,0.6302197,0.78134644,0.15112671,0.0,0.78134644,0.21509738,0.14401133,0.14903954,-0.012681997178689296,0.16175735,0.31668973,0.31668973,0.9020259,0.58533615,0.0,0.9020259,0.6389562,0.58533615,0.59647804,-0.0077606803579292885,0.082158,0.23922449350357056,0.12914503,0.10870296,0.8519765,0.74327356,0.08695652173913043,0.8519765,0.7659183,0.7228315,0.7406702,-0.0027635347819611076,0.031193918,0.076559246,0.076559246,0.93655264,0.8599934,0.0,0.93655264,0.8781806,0.8599934,0.8623642,-0.001948396737867668,0.018841088,0.10072231,0.07810718,1.000253,0.9221458,0.16666666666666666,1.000253,0.93217015,0.89953065,0.9107696,-0.0009097933250924981,0.019278072,0.4797697365283966
15824.mp4,normal,0.9879215955734253,0.9726623296737671,0.45260388,0.17643058,0.95038486,0.7739543,0.2608695652173913,0.95038486,0.65473425,0.49778098,0.52567375,-0.007886651653074953,0.11799028,0.14121246,0.073999286,0.96341586,0.8894166,0.08695652173913043,0.96341586,0.8613025,0.8222034,0.826082,-0.0024069372137544617,0.03622171,0.0500086173415184,0.1397047,0.08823013,0.9503848,0.86215466,0.043478260869565216,0.9503848,0.841555,0.8106801,0.81445086,-0.0019079451504432302,0.030571265,0.085796,0.047753096,0.9738319,0.9260788,0.08695652173913043,0.9738319,0.9113112,0.8880359,0.89248765,-0.0014475639394149495,0.02056692,0.0797416,0.03069985,1.0001788,0.96947896,0.16666666666666666,1.0001788,0.9526746,0.9204372,0.9285017,-0.0013780157462410453,0.021219151,0.4797530472278595
17205.mp4,good,0.9221234321594238,0.7258824110031128,0.15886241,0.15558392,0.24510688,0.08952296,0.0,0.24510688,0.11872754,0.08624447,0.09289026,-0.004314401963718326,0.037175827,0.34620064,0.34217805,0.5897023,0.24752428,0.0,0.5897023,0.3094381,0.24350165,0.2527313,-0.00997759434192077,0.08510018,0.2756179869174957,0.45910153,0.45165557,0.7322491,0.2805935,0.0,0.7322491,0.3859703,0.27314755,0.27695197,-0.01909769308779079,0.15136077,0.3642155,0.35436848,0.84485936,0.49049088,0.0,0.84485936,0.5850561,0.48064387,0.49262884,-0.014509880937370864,0.11223961,0.63924503,0.543882,0.99967927,0.45579723,0.08333333333333333,0.99967927,0.5934463,0.36043423,0.42548758,-0.023527217261169284,0.18916523,0.1789149045944214
15570.mp4,normal,0.9861537218093872,0.969716489315033,0.493612,0.46462357,0.9727807,0.50815713,0.13043478260869565,0.9727807,0.67280704,0.4791687,0.5143995,-0.014332345234075568,0.14072075,0.13483036,0.13483036,0.98638,0.8515496,0.0,0.98638,0.88625723,0.8515496,0.858874,-0.004515398102315494,0.038818818,0.04878612607717514,0.17390168,0.15678912,0.9727808,0.8159917,0.0,0.9727808,0.8446638,0.79887915,0.8140008,-0.005317935123745158,0.048117425,0.07471752,0.07471752,0.9879073,0.91318977,0.043478260869565216,0.9879073,0.93504333,0.91318977,0.91970193,-0.0023429247701592195,0.019565862,0.102689266,0.099141,1.0007672,0.9016262,0.16666666666666666,1.0007672,0.93916255,0.89807796,0.90156597,-0.004228250306585585,0.031047612,0.4207812547683716
20094.mp4,good,0.9643120765686035,0.9097490310668945,0.37032205,0.30840588,0.85966015,0.5512543,0.043478260869565216,0.8686492,0.6054728,0.4893381,0.52330667,-0.00933871686222996,0.09498558,0.1376648,0.118756056,0.9466486,0.82789254,0.08695652173913043,0.9466486,0.850501,0.8089838,0.81954265,-0.004300548271699404,0.03689089,0.06560575217008591,0.16504347,0.13462442,0.93065083,0.7960264,0.08695652173913043,0.93065083,0.81706,0.76560736,0.7851458,-0.0035184871537883218,0.038000282,0.074037015,0.067559004,0.96938145,0.90182245,0.043478260869565216,0.96938145,0.91610676,0.89534444,0.89805573,-0.0023070895978113417,0.019228002,0.22677267,0.16249579,1.0002632,0.8377674,0.041666666666666664,1.0002632,0.8762005,0.77349055,0.83304113,-0.005246304921481945,0.052903496,0.4296688437461853
15051.mp4,bad,0.9886514544487,0.9431713223457336,0.34396493,0.29295897,0.8413452,0.5483862,0.13043478260869565,0.8413452,0.6164505,0.49738026,0.5246969,-0.00458707645712164,0.0815014,0.07397199,0.07397199,0.93716156,0.8631896,0.0,0.93716156,0.8769287,0.8631896,0.86722803,-0.0017478701625416853,0.017548399,0.06403837352991104,0.039830625,0.039830625,0.9072019,0.86737126,0.08695652173913043,0.9154093,0.8824577,0.86737126,0.8709176,-0.0013127621454683525,0.012515445,0.03191203,0.031186461,0.96411693,0.93293047,0.08695652173913043,0.96411693,0.9409671,0.9322049,0.932983,-0.0010913370155063162,0.0083797285,0.12803411,0.12340796,1.0005982,0.87719023,0.125,1.0005982,0.9065922,0.8725641,0.8775143,-0.0037468576690425463,0.02899914,0.457724392414093
16061.mp4,bad,0.9702406525611877,0.8805333375930786,0.55251986,0.5310625,0.8935839,0.36252144,0.0,0.8935839,0.4196172,0.34106404,0.34463742,-0.013540239614460305,0.14168835,0.27847433,0.24522293,0.94986,0.70463705,0.0,0.94986,0.7294502,0.67138565,0.6793358,-0.00619423807609695,0.06831815,0.14113543927669525,0.1705153,0.1604687,0.90850055,0.74803185,0.0,0.90850055,0.7616651,0.73798525,0.7421806,-0.002699232678639555,0.036188636,0.104973614,0.09062922,0.9555156,0.8648864,0.0,0.9555156,0.8705856,0.850542,0.8566191,-0.0015589438172668479,0.021749936,0.14281869,0.086598575,0.9997892,0.9131906,0.125,0.9997892,0.9104225,0.8569705,0.8729961,-0.00013748031595479308,0.029498642,0.4891051650047302
15577.mp4,bad,0.981499195098877,0.9357424378395081,0.6603214,0.65760756,0.7594899,0.10188231,0.0,0.7594899,0.18719491,0.09916847,0.10165863,-0.017236417144713672,0.16995044,0.3198946,0.3132512,0.8872201,0.5739689,0.0,0.8872201,0.6184439,0.5673255,0.5732195,-0.00900653505278198,0.08292978,0.27683621644973755,0.15632898,0.15076858,0.88071305,0.72994447,0.0,0.88071305,0.7697419,0.72438407,0.7269098,-0.0062934093677950685,0.05150144,0.059161663,0.055179715,0.93894374,0.883764,0.0,0.93894374,0.8952802,0.8797821,0.8827935,-0.002300784580792358,0.018501647,0.14185816,0.1396159,0.9996684,0.8600525,0.0,0.9996684,0.8969949,0.85781026,0.8601555,-0.0059025484582652405,0.047543675,0.37887656688690186
17054.mp4,bad,0.9046607613563538,0.6468490362167358,0.3394745,0.068448484,0.98355603,0.91510755,0.17391304347826086,0.98355603,0.87427455,0.64408153,0.6746392,0.0038953096616880594,0.099400915,0.09430134,0.03254336,0.9857391,0.95319575,0.17391304347826086,0.9857391,0.9447058,0.89143777,0.90487224,0.00027187174487960973,0.025321389,0.01610936038196087,0.17153263,0.06080234,0.98355603,0.9227537,0.17391304347826086,0.98355603,0.91061294,0.8120234,0.83061683,0.0010476505214517858,0.046460226,0.062321723,0.027594388,0.9898471,0.96225274,0.17391304347826086,0.9898471,0.9608152,0.9275254,0.94340765,-8.037073810108148e-05,0.015292907,0.3786987,0.020578742,0.999562,0.9789833,0.16666666666666666,0.999562,0.9130128,0.6208633,0.73979616,0.00415562837020209,0.09932654,0.5535019636154175
16612.mp4,good,0.9187606573104858,0.8219754695892334,0.30681264,0.30681264,0.3756675,0.06885488,0.0,0.3756675,0.11729404,0.06885488,0.08006565,-0.005240697362147302,0.06151465,0.49376625,0.49376625,0.75882447,0.26505822,0.0,0.75882447,0.35546273,0.26505822,0.27709225,-0.013057148150304565,0.110113844,0.3202609121799469,0.3488053,0.3488053,0.7824838,0.4336785,0.0,0.79132015,0.5232446,0.4336785,0.44234183,-0.012978204124765436,0.10210112,0.2929927,0.2929927,0.88842154,0.5954288,0.0,0.88842154,0.6757237,0.5954288,0.59611034,-0.011837790017071456,0.08725726,0.44767463,0.44767463,0.9993328,0.55165815,0.041666666666666664,0.9993328,0.6785751,0.55165815,0.5739864,-0.015910583242126155,0.12521894,0.22047309577465057
6564.mp4,good,0.9132474660873413,0.7896146774291992,0.0386263,0.0386263,0.14616129,0.10753499,0.0,0.2770397,0.15289877,0.10753499,0.11780752,-0.0002459583531608715,0.047748707,0.15812123,0.15519994,0.6239573,0.46875733,0.17391304347826086,0.6460366,0.5325637,0.46583605,0.47491273,-0.003951458120534536,0.053368334,0.27085503935813904,0.24402905,0.07961279,0.7219437,0.6423309,0.08695652173913043,0.7782145,0.63764894,0.47791463,0.59284437,0.0015860959710810956,0.06454422,0.08703494,0.05893153,0.853981,0.7950495,0.08695652173913043,0.8720577,0.80341864,0.7669461,0.7762422,-0.0004253035830886009,0.030214531,0.32528502,0.2926036,0.99933016,0.70672655,0.125,0.99933016,0.7785537,0.67404515,0.6964011,-0.0008735371931739634,0.080755584,0.3026773929595947
7072.mp4,bad,0.9529866576194763,0.7943614721298218,0.5954384,0.5954384,0.6185056,0.023067202,0.17391304347826086,0.6185056,0.26930812,0.023067202,0.10278655,-0.004770044042276064,0.14010382,0.5486231,0.5486231,0.84495425,0.29633117,0.13043478260869565,0.84495425,0.60436267,0.29633117,0.48393363,-0.006232011400663817,0.11293173,0.23922277987003326,0.18015492,0.18015492,0.8500039,0.669849,0.13043478260869565,0.8500039,0.7346429,0.669849,0.68923676,-0.003424735820811745,0.041278478,0.11923599,0.11923599,0.91687155,0.79763556,0.13043478260869565,0.91687155,0.8435854,0.79763556,0.81905746,-0.002388737065047632,0.024942083,0.19850618,0.12103504,0.9999495,0.8789145,0.08333333333333333,0.9999495,0.9044454,0.80144334,0.8656181,-0.004943464216978702,0.04038223,0.4037243127822876
15631.mp4,bad,0.9970670938491821,0.9916197657585144,0.19766903,0.17161334,0.9703051,0.79869175,0.13043478260869565,0.9703051,0.84778166,0.77263606,0.79976475,-0.005824633973389281,0.04458874,0.052468836,0.048343897,0.98024917,0.93190527,0.13043478260869565,0.98024917,0.9436291,0.92778033,0.9293172,-0.0016870572279564515,0.012460517,0.016861028969287872,0.107053936,0.0965392,0.9717696,0.8752304,0.08695652173913043,0.9717696,0.8935339,0.86471564,0.8732588,-0.0028283659648518466,0.022507172,0.037730694,0.03702289,0.98855954,0.95153666,0.08695652173913043,0.98855954,0.96049017,0.95082885,0.9517883,-0.001199712336298976,0.00882457,0.023679078,0.018636286,0.99959624,0.98095995,0.125,0.99959624,0.9839266,0.97591716,0.97780496,-0.0006331073978673015,0.0056425496,0.4630241394042969
6921.mp4,good,0.9862937331199646,0.8838251233100891,0.6273402,0.5007131,0.97969437,0.47898126,0.13043478260869565,0.97969437,0.6914651,0.35235417,0.521474,-0.020248662223928997,0.1625561,0.2441153,0.16483891,0.9851749,0.820336,0.13043478260869565,0.9851749,0.88537604,0.7410596,0.8225334,-0.007093921421544845,0.057888024,0.05909130349755287,0.19361907,0.14786601,0.9806901,0.8328241,0.13043478260869565,0.9806901,0.87673956,0.78707105,0.8283348,-0.00584604570516956,0.04595743,0.101821125,0.066268146,0.98987263,0.9236045,0.043478260869565216,0.98987263,0.94446737,0.8880515,0.9237896,-0.002739750113883037,0.02233117,0.08815831,0.04210812,0.9998339,0.95772576,0.08333333333333333,0.9998339,0.975117,0.9116756,0.9663272,-0.001592814740927333,0.017335102,0.565881609916687
15278.mp4,normal,0.9678301811218262,0.9234223365783691,0.79441845,0.79441845,0.8982841,0.103865616,0.0,0.8982841,0.20360576,0.103865616,0.1105248,-0.019038904001825892,0.18443118,0.64950526,0.64950526,0.95542884,0.30592358,0.0,0.95542884,0.4476602,0.30592358,0.31397694,-0.022167518852727688,0.17276743,0.3659021556377411,0.3400113,0.3400113,0.9208854,0.5808741,0.17391304347826086,0.9208854,0.6902958,0.5808741,0.5966634,-0.011615155654933621,0.08312235,0.24318665,0.24318665,0.964863,0.72167635,0.21739130434782608,0.964863,0.8135624,0.72167635,0.738845,-0.008845895352099734,0.06058501,0.18866193,0.18866193,0.9999435,0.81128156,0.16666666666666666,0.9999435,0.8895566,0.81128156,0.8186445,-0.007553928857264341,0.05569044,0.4342126250267029
16687.mp4,bad,0.9955077171325684,0.9913015961647034,0.45521617,0.3748774,0.93715334,0.56227595,0.043478260869565216,0.93715334,0.6117353,0.48193717,0.5061924,-0.014088008714758826,0.1289234,0.14532524,0.13015908,0.9604706,0.83031154,0.0,0.9604706,0.8516288,0.8151454,0.8184695,-0.005070428367659999,0.04289738,0.08032169193029404,0.11416042,0.10054171,0.94097745,0.84043574,0.0,0.94097745,0.85428447,0.82681704,0.8335984,-0.003235953068544755,0.028407969,0.0596745,0.05719298,0.9787524,0.9215594,0.0,0.9787524,0.9319505,0.9190779,0.9204713,-0.0019214579710376326,0.015937917,0.028758705,0.027533114,1.0003706,0.9728375,0.0,1.0003706,0.977369,0.9716119,0.9728327,-0.0007431807466175427,0.007381749,0.6230447292327881
7153.mp4,bad,0.995827853679657,0.9789810180664062,0.50808084,0.14157355,0.9875748,0.84600127,0.21739130434782608,0.9875748,0.7912151,0.479494,0.5096117,0.009931768912807273,0.16754669,0.15550768,0.04866463,0.9875401,0.9388755,0.21739130434782608,0.9875401,0.92490804,0.83203244,0.8416039,0.0025458106174770317,0.048793297,0.030147826299071312,0.24221778,0.10384047,0.9875748,0.88373435,0.21739130434782608,0.9875748,0.88243216,0.74535704,0.7731163,0.00273860007406694,0.070460975,0.086149395,0.03191006,0.991168,0.95925796,0.21739130434782608,0.991168,0.9550559,0.9050186,0.91411805,0.0011209437380666155,0.024838397,0.028459609,0.012242019,0.99936646,0.98712444,0.16666666666666666,0.99936646,0.9876647,0.97090685,0.9776091,-4.653495291006039e-05,0.007102776,0.4499400556087494
16460.mp4,normal,0.978793740272522,0.9014731645584106,0.62435627,0.55068266,0.91775453,0.36707187,0.0,0.91775453,0.5074382,0.29339823,0.321013,-0.028372080635883135,0.21909353,0.17384398,0.17253077,0.9668646,0.7943338,0.043478260869565216,0.9668646,0.8461624,0.7930206,0.7972538,-0.007342857452249345,0.052454792,0.05697896331548691,0.26329613,0.2456184,0.9320926,0.6864742,0.043478260869565216,0.9320926,0.74951404,0.6687965,0.68153673,-0.0102811021649319,0.079213016,0.10299635,0.10216665,0.9740435,0.87187684,0.043478260869565216,0.9740435,0.90314144,0.87104714,0.8736295,-0.004440622897487391,0.03194887,0.14182627,0.13527888,1.0005414,0.86526257,0.16666666666666666,1.0005414,0.9277973,0.8587152,0.87820524,-0.004487803967102744,0.0399362,0.33945634961128235
6251.mp4,bad,0.9787584543228149,0.915091872215271,0.4933883,0.48378134,0.6509714,0.16719006,0.0,0.6509714,0.24491012,0.15758312,0.16719353,-0.014805713690552318,0.13246939,0.4328789,0.40201163,0.8913304,0.4893188,0.0,0.8913304,0.58862036,0.4584515,0.465164,-0.01844448030819535,0.1388191,0.27883127331733704,0.23204261,0.16898316,0.89014643,0.7211633,0.08695652173913043,0.89014643,0.7495393,0.6581038,0.6793913,-0.009017422088521278,0.07250044,0.12942296,0.10918629,0.950394,0.8412077,0.043478260869565216,0.950394,0.8674517,0.820971,0.8257032,-0.00583842844359959,0.044141997,0.12602913,0.1118232,1.0003995,0.88857627,0.041666666666666664,1.0003995,0.9232295,0.87437034,0.8896437,-0.004878828059072091,0.038764138,0.4183245897293091
20221.mp4,good,0.997527003288269,0.986035943031311,0.49504527,0.4309981,0.9739485,0.5429504,0.2608695652173913,0.9739485,0.7864342,0.4789032,0.5183098,-0.02432215593666897,0.17766427,0.11345297,0.1007359,0.9828,0.8820641,0.2608695652173913,0.9828,0.93497914,0.86934704,0.87950915,-0.00549864121105361,0.038838938,0.03346099331974983,0.1485107,0.12653399,0.9752985,0.84876454,0.2608695652173913,0.9752985,0.9088935,0.8267878,0.8498828,-0.005856648205297277,0.041320574,0.047032118,0.038820446,0.9886937,0.94987327,0.2608695652173913,0.9886937,0.96844023,0.9416616,0.94934916,-0.001970970289038124,0.013742783,0.018515408,0.0142454505,0.9996056,0.98536015,0.20833333333333334,0.9996056,0.99323875,0.9810902,0.9870618,-0.0006346859361814506,0.0047793644,0.6176583766937256
15351.mp4,normal,0.9975229501724243,0.9876761436462402,0.7530918,0.6340239,0.991776,0.35775205,0.0,0.991776,0.50293624,0.2386842,0.2537914,-0.0322630456961662,0.27016103,0.13743502,0.12289393,0.98711944,0.8642255,0.0,0.98711944,0.89325625,0.8496844,0.8518725,-0.0056990467512560445,0.04435274,0.06047830358147621,0.2121082,0.14778346,0.991776,0.84399253,0.21739130434782608,0.991776,0.86239153,0.7796678,0.7994235,-0.006149585009092419,0.05544496,0.057736635,0.05380845,0.9943794,0.94057095,0.043478260869565216,0.9943794,0.9537347,0.93664277,0.9389867,-0.002284418276176137,0.016648212,0.02391702,0.020198762,0.99959594,0.9793972,0.125,0.99959594,0.98433256,0.9756789,0.97722775,-0.0008712815460951593,0.006888814,0.4778420925140381
6320.mp4,normal,0.9525631070137024,0.8079664707183838,0.019746996,0.014877148,0.10577599,0.09089884,0.17391304347826086,0.10577599,0.100184575,0.08602899,0.09148048,-0.0005701250974604252,0.0054001287,0.009338707,-0.11400005,0.47386125,0.5878613,0.08695652173913043,0.6041985,0.5217331,0.46452254,0.4674523,0.007420311273322282,0.05678269,0.2780393660068512,0.086429775,0.086429775,0.682978,0.5965482,0.2608695652173913,0.682978,0.63890815,0.5965482,0.6110785,-0.0032537432880741,0.023395764,0.03257227,0.025139749,0.8137517,0.78861195,0.2608695652173913,0.8146713,0.7997725,0.7811794,0.78621435,-0.0012589333203470244,0.010614611,0.32161784,0.31611943,0.9999851,0.68386567,0.16666666666666666,0.9999851,0.7615089,0.67836726,0.682688,-0.008166211662085187,0.068560824,0.33201348781585693
15770.mp4,bad,0.962482213973999,0.9096928834915161,0.67919284,0.3824045,0.96410453,0.5817,0.17391304347826086,0.96410453,0.59253687,0.2849117,0.34240586,0.004777279325389097,0.18435554,0.23016453,0.14931053,0.983693,0.8343825,0.17391304347826086,0.983693,0.8470016,0.7535285,0.7838959,3.0454086220772574e-05,0.055836026,0.07518977671861649,0.18789053,0.13324153,0.96410453,0.830863,0.08695652173913043,0.96410453,0.8390463,0.776214,0.80249155,-0.0003818228781930081,0.039009012,0.08484793,0.07478368,0.9849868,0.9102031,0.043478260869565216,0.9849868,0.9221914,0.90013885,0.90733284,-0.0010055201091314218,0.018872963,0.08450031,0.04607284,0.9996754,0.95360255,0.25,0.9996754,0.95324236,0.9151751,0.92496276,-0.00011183178943139472,0.023454465,0.43139323592185974
15147.mp4,normal,0.9526453614234924,0.9112547039985657,0.7317618,0.72930104,0.8465173,0.117216304,0.0,0.8465173,0.24649182,0.11475548,0.1171588,-0.02486402950739202,0.2089585,0.25948298,0.24004412,0.943806,0.7037619,0.13043478260869565,0.943806,0.76467556,0.684323,0.68683714,-0.010750835945483725,0.07652637,0.12862296402454376,0.18212372,0.15616494,0.8958745,0.73970956,0.21739130434782608,0.8958745,0.79353625,0.7137508,0.725131,-0.007287142717319997,0.05253829,0.119235575,0.1013639,0.9594416,0.8580777,0.2608695652173913,0.9594416,0.8932985,0.840206,0.84893733,-0.005194734620011377,0.03621285,0.2446912,0.2446912,0.9995972,0.754906,0.125,0.9995972,0.8953204,0.754906,0.820368,-0.0076994576661483126,0.059384044,0.4929617643356323
6113.mp4,normal,0.9370193481445312,0.6310848593711853,0.67339075,-0.0028474927,0.76295465,0.76580215,0.0,0.76580215,0.28592288,0.089563884,0.10142641,-0.007841137705348705,0.19713558,0.30192935,0.009165406,0.91311765,0.90395224,0.13043478260869565,0.91311765,0.74601465,0.6111883,0.65103424,-0.003801908829937819,0.08715132,0.15605613589286804,0.37888044,0.020850241,0.89601505,0.8751648,0.043478260869565216,0.89601505,0.77078694,0.5171346,0.72184026,-0.0047049217308934065,0.082792155,0.14071572,0.018593788,0.96159434,0.94300056,0.08695652173913043,0.96159434,0.90207076,0.8208786,0.8748971,-0.0023302581941657286,0.03289271,0.43599218,0.020184517,1.0004325,0.980248,0.041666666666666664,1.0004325,0.78682166,0.5644403,0.64365125,-0.013901117314463102,0.15304151,0.2387934923171997
17089.mp4,normal,0.9517476558685303,0.899056077003479,0.7271066,0.7271066,0.98114157,0.254035,0.0,0.98114157,0.4073387,0.254035,0.2726422,-0.02362727727225648,0.18934381,0.48996463,0.48996463,0.9896742,0.49970958,0.13043478260869565,0.9896742,0.64861524,0.49970958,0.50958985,-0.019393610300518307,0.13636136,0.19466014206409454,0.3418976,0.31935573,0.9811417,0.66178596,0.043478260869565216,0.9811417,0.72676283,0.6392441,0.6637289,-0.008873915896114162,0.072578214,0.19099712,0.19099712,0.99007165,0.79907453,0.08695652173913043,0.99007165,0.8432754,0.79907453,0.80378985,-0.005361609072553308,0.04303292,0.24506676,0.22540349,1.0003506,0.7749471,0.0,1.0003506,0.8067351,0.75528383,0.7705474,-0.004976598957310558,0.05606377,0.3933563828468323
20311.mp4,good,0.9897000789642334,0.9649857878684998,0.5626237,0.48044527,0.9455844,0.46513915,0.08695652173913043,0.9455844,0.56146145,0.38296074,0.4210756,-0.018461357610734568,0.15709932,0.122780204,0.12098229,0.9753525,0.85437024,0.0,0.9753525,0.8794927,0.8525723,0.8544262,-0.003936486753079247,0.03349671,0.05769484117627144,0.13606381,0.120366275,0.9578399,0.83747363,0.043478260869565216,0.9578399,0.8565973,0.8217761,0.8286368,-0.0038203082890378793,0.033636983,0.06323516,0.06290567,0.98405236,0.9211467,0.043478260869565216,0.98405236,0.9371876,0.9208172,0.92200106,-0.0020895676886140287,0.016330471,0.07919276,0.07857019,0.9998111,0.9212409,0.20833333333333334,0.9998111,0.9608355,0.92061836,0.9222968,-0.0029533972688343276,0.023957862,0.45316118001937866
16273.mp4,bad,0.9948487281799316,0.9771016240119934,0.6381909,0.5607205,0.9421774,0.3814569,0.08695652173913043,0.9421774,0.53947544,0.3039865,0.3849076,-0.021754402151927657,0.19811854,0.185197,0.185197,0.9748293,0.7896323,0.08695652173913043,0.9748293,0.86917007,0.7896323,0.82292867,-0.006762222280144227,0.05107075,0.039422791451215744,0.3114367,0.28915405,0.9421774,0.65302336,0.043478260869565216,0.9421774,0.74268,0.6307407,0.6531168,-0.010916713021489489,0.09709298,0.1190902,0.1190902,0.97697973,0.85788953,0.08695652173913043,0.97697973,0.9085928,0.85788953,0.877394,-0.004532487142698581,0.033385616,0.05503869,0.054323316,1.000581,0.9462577,0.20833333333333334,1.000581,0.9691109,0.94554234,0.9466503,-0.002388617448184824,0.017448537,0.2655719816684723
15778.mp4,bad,0.980474054813385,0.9223852157592773,0.66114885,0.6113902,0.9793263,0.36793613,0.0,0.9793263,0.507651,0.31817746,0.34173736,-0.02740930497881923,0.21785082,0.29377866,0.271882,0.9878854,0.7160034,0.08695652173913043,0.9878854,0.7988951,0.69410676,0.7051107,-0.013682228656625583,0.09694384,0.09808339178562164,0.23738056,0.20266604,0.97932637,0.7766603,0.043478260869565216,0.97932637,0.81985617,0.7419458,0.7603947,-0.008023375225632557,0.06856226,0.13537312,0.11985898,0.9879043,0.86804533,0.043478260869565216,0.9879043,0.89697856,0.8525312,0.86325264,-0.0056077052835419175,0.043342408,0.12542534,0.08686912,0.9996486,0.91277945,0.125,0.9996486,0.9353357,0.87422323,0.8967873,-0.0041022013063016305,0.03584916,0.4382895827293396
6614.mp4,bad,0.9597215056419373,0.8521355390548706,0.82564247,0.8153093,0.95287764,0.13756838,0.0,0.95287764,0.3358181,0.12723517,0.13779327,-0.03387859007233217,0.2760543,0.4998297,0.48589712,0.974196,0.4882989,0.0,0.974196,0.6375766,0.4743663,0.47761887,-0.02455855481945009,0.18811813,0.20789533853530884,0.33694613,0.30568725,0.9591651,0.65347785,0.08695652173913043,0.9591651,0.7473038,0.62221897,0.64556485,-0.014192331567583353,0.1051192,0.22328651,0.21197116,0.9868016,0.77483046,0.043478260869565216,0.9868016,0.84547186,0.7635151,0.77602065,-0.010195515961515115,0.074735165,0.32772326,0.2873701,1.0001318,0.71276176,0.125,1.0001318,0.812505,0.6724086,0.68779117,-0.015506787973901525,0.123924404,0.4380146563053131
5647.mp4,normal,0.9878455996513367,0.9614320993423462,0.41240537,0.20115599,0.5328473,0.3316913,0.0,0.5328473,0.18627977,0.1204419,0.124835014,0.0019030542271174884,0.09858071,0.24565363,0.008511484,0.8507707,0.8422592,0.17391304347826086,0.8507707,0.6958165,0.6051171,0.6075828,0.005676231777715117,0.074571155,0.22112782299518585,0.061401367,0.017236948,0.87670946,0.8594725,0.13043478260869565,0.87670946,0.83681464,0.8153081,0.820845,0.00039936761139880845,0.015745485,0.041700542,0.0030471683,0.9439879,0.94094074,0.13043478260869565,0.9439879,0.91694444,0.90228736,0.90606916,0.00036107957834311715,0.010876239,0.057697713,0.02978152,0.9999214,0.97013986,0.041666666666666664,0.9999214,0.95793676,0.94222367,0.9452641,-0.0003653953904691136,0.013468968,0.5323690176010132
7033.mp4,good,0.9569843411445618,0.9222328662872314,0.7429499,0.6794632,0.9402071,0.26074392,0.0,0.9402071,0.41452876,0.1972572,0.21379334,-0.01708528115285245,0.23921925,0.3403157,0.30183166,0.9631024,0.66127074,0.13043478260869565,0.9631024,0.74333125,0.6227867,0.6284021,-0.007289385724915834,0.11408456,0.1498807966709137,0.25774837,0.23087394,0.94670165,0.7158277,0.13043478260869565,0.94670165,0.784134,0.6889533,0.716892,-0.004871801071958564,0.06556287,0.13281852,0.12612784,0.97464174,0.8485139,0.13043478260869565,0.97464174,0.8932122,0.8418232,0.8504751,-0.0030409702552637143,0.03898549,0.13830078,0.104442,0.99978006,0.89533806,0.16666666666666666,0.99978006,0.9233246,0.8614793,0.8848759,-0.003066444371057597,0.030370707,0.21692794561386108
15454.mp4,bad,0.9500855803489685,0.904735803604126,0.20101637,0.17209476,0.28117317,0.1090784,0.0,0.28117317,0.11385554,0.08015681,0.09697421,-0.0017677467434184832,0.037252106,0.34186226,0.32045582,0.68019944,0.35974362,0.0,0.68019944,0.3821492,0.33833718,0.3423862,-0.004492214693146735,0.06907734,0.4042397439479828,0.10328275,0.08692235,0.74480623,0.6578839,0.08695652173913043,0.74480623,0.67101,0.6415235,0.6523172,-0.001772651912666594,0.022089142,0.09869814,0.09373957,0.8671808,0.77344126,0.0,0.8671808,0.7863889,0.7684827,0.7718478,-0.0013718683375671453,0.020392964,0.17227536,0.1395328,0.99951255,0.85997975,0.041666666666666664,0.99951255,0.8656022,0.8272372,0.8406673,-0.0022307513848595106,0.03477795,0.34998154640197754
15424.mp4,bad,0.9894962310791016,0.9805667400360107,0.77582157,0.77582157,0.9468278,0.17100629,0.13043478260869565,0.9468278,0.4128593,0.17100629,0.19146909,-0.030778258317426258,0.22116236,0.4072402,0.4072402,0.97146046,0.56422025,0.17391304347826086,0.97146046,0.7205366,0.56422025,0.57969683,-0.01761947495664061,0.12064732,0.17736314237117767,0.23262686,0.23262686,0.9514998,0.71887296,0.21739130434782608,0.9514998,0.7933049,0.71887296,0.72798884,-0.00818055756242851,0.05901241,0.11125094,0.11125094,0.97571635,0.8644654,0.043478260869565216,0.97571635,0.8978998,0.8644654,0.86942613,-0.0041035142811862,0.029590555,0.032263577,0.028135657,1.000488,0.9723524,0.16666666666666666,1.000488,0.9791591,0.96822447,0.9705671,-0.0008451101313466613,0.008100331,0.46564796566963196
7584.mp4,bad,0.9220905303955078,0.7142512798309326,0.802332,0.6125173,0.88634825,0.27383095,0.0,0.88634825,0.23996174,0.08401625,0.08988662,-0.0061672809184068825,0.20742282,0.45374572,0.22839564,0.9439368,0.7155412,0.08695652173913043,0.9439368,0.63320667,0.4901911,0.5021561,-0.0030761350815004126,0.13302886,0.23294119536876678,0.2082336,0.17977875,0.9110165,0.73123777,0.08695652173913043,0.9110165,0.76079243,0.7027829,0.71664995,-0.003454966801899704,0.0516229,0.1304354,0.09741694,0.9621493,0.8647324,0.043478260869565216,0.9621493,0.8661478,0.8317139,0.833876,-0.0016495783927412474,0.033885956,0.31608373,0.29985332,0.9997991,0.69994575,0.20833333333333334,0.9997991,0.8601517,0.68371534,0.68764323,-0.008954364683317116,0.10275797,0.17100790143013
16189.mp4,normal,0.9616569876670837,0.8917886018753052,0.67043674,0.52296686,0.91654694,0.39358005,0.043478260869565216,0.91654694,0.45205212,0.24611022,0.3167327,-0.012535300842033541,0.1523813,0.22461039,0.18476921,0.96406686,0.77929765,0.13043478260869565,0.96406686,0.8254288,0.7394565,0.7731812,-0.0035577247972073877,0.049068432,0.09456568956375122,0.12698019,0.11326593,0.9306724,0.8174065,0.043478260869565216,0.9306724,0.83118826,0.8036922,0.80998105,-0.0019198156628212832,0.025743542,0.07826316,0.06726003,0.971846,0.90458596,0.043478260869565216,0.971846,0.91999453,0.8935828,0.905645,-0.0011178228577135162,0.016120473,0.08202422,0.05554545,1.0005862,0.9450407,0.08333333333333333,1.0005862,0.95499516,0.91856194,0.941777,-0.0009519331092420007,0.014926719,0.4514539837837219
6427.mp4,normal,0.9703579545021057,0.9168514013290405,0.6013322,0.55096114,0.76213217,0.21117105,0.0,0.77127486,0.33264133,0.16080001,0.17006648,-0.012498266361801045,0.18533345,0.45597243,0.34454,0.91289103,0.56835103,0.21739130434782608,0.91289103,0.6537064,0.4569186,0.46069238,-0.006436758597377745,0.14888987,0.21670584380626678,0.23369604,0.11342764,0.8890679,0.77564025,0.21739130434782608,0.89871216,0.77919686,0.65537184,0.6633347,-0.0020657009758025873,0.0729752,0.17131573,0.074156165,0.9476151,0.8734589,0.21739130434782608,0.9476151,0.87041235,0.77629936,0.7806423,-0.0011304482051977531,0.052473906,0.19907808,0.1456765,1.0000168,0.8543403,0.20833333333333334,1.0000168,0.90072316,0.8009387,0.81165165,-0.0030373311561087027,0.061526377,0.3786614239215851
17239.mp4,bad,0.9982560873031616,0.995265007019043,0.27586758,0.2748295,0.9857907,0.7109612,0.2608695652173913,0.9857907,0.84726983,0.70992315,0.73216563,-0.013718993237367258,0.09225687,0.10881925,0.10881925,0.9869658,0.8781465,0.21739130434782608,0.9869658,0.932449,0.8781465,0.88834643,-0.004830825529079662,0.03217473,0.022315168753266335,0.13769639,0.1347127,0.9868583,0.8521456,0.17391304347826086,0.9868583,0.9063178,0.8491619,0.85794187,-0.0058128443277871535,0.039156236,0.06716019,0.06716019,0.9919012,0.924741,0.17391304347826086,0.9919012,0.9547643,0.924741,0.92921954,-0.0028777168437897475,0.019225646,0.028383076,0.028383076,1.0004928,0.97210974,0.20833333333333334,1.0004928,0.9861498,0.97210974,0.97666454,-0.0011239241776259152,0.007822053,0.580120325088501
15753.mp4,normal,0.9680147767066956,0.9238349199295044,0.5659681,0.48803523,0.9623419,0.47430667,0.13043478260869565,0.9623419,0.6370814,0.3963738,0.45344076,-0.025094954098166204,0.18133625,0.11230451,0.107328415,0.9834931,0.8761647,0.0,0.9834931,0.9028717,0.8711886,0.8753246,-0.0044160381018408645,0.0324428,0.04609420523047447,0.14814913,0.0942744,0.9623418,0.8680674,0.08695652173913043,0.9623418,0.8819908,0.81419265,0.85237205,-0.004801231351765722,0.037590235,0.05051267,0.046556532,0.98359525,0.9370387,0.08695652173913043,0.98359525,0.9489661,0.9330826,0.9349272,-0.0020678743661156932,0.015320265,0.243348,0.23517197,0.9999031,0.7647311,0.20833333333333334,0.9999031,0.86255836,0.7565551,0.76336044,-0.010686821237854345,0.07999464,0.3588806092739105
6888.mp4,bad,0.945959746837616,0.8568625450134277,0.9101157,0.86251885,0.9736692,0.1111503,0.0,0.9736692,0.18530595,0.06355348,0.09429464,-0.011773086914961997,0.1738178,0.5321953,0.43765223,0.9814427,0.54379046,0.17391304347826086,0.9814427,0.6233037,0.44924733,0.50244534,-0.009353875142076744,0.111058585,0.2405557781457901,0.33246607,0.23611683,0.9736692,0.73755234,0.17391304347826086,0.9736692,0.7325238,0.6412031,0.6530882,-0.005288621535885476,0.06729086,0.18508005,0.14232808,0.98792845,0.84560037,0.13043478260869565,0.98792845,0.8638594,0.8028484,0.81665057,-0.0033516213592333284,0.038975257,0.22963035,0.18641841,1.0007001,0.8142817,0.08333333333333333,1.0007001,0.84638673,0.77106977,0.8031537,-0.005402501147726312,0.057995502,0.25322234630584717
6210.mp4,bad,0.9250269532203674,0.8289237022399902,0.14713977,0.03693348,0.3220172,0.2850837,0.13043478260869565,0.4577308,0.2982821,0.17487742,0.20335153,0.006785753260370294,0.08368489,0.15552872,-0.0022352934,0.7311298,0.7333651,0.08695652173913043,0.79289484,0.6997554,0.5756011,0.6467756,0.003170129397641039,0.054726485,0.1733202338218689,0.23985487,0.017984211,0.79308754,0.77510333,0.08695652173913043,0.80074024,0.7454494,0.55323267,0.7071547,-0.0010957982346945553,0.04978658,0.11078721,0.02637875,0.90527976,0.878901,0.13043478260869565,0.90527976,0.8730755,0.79449254,0.85082716,-0.0008603571196318512,0.022233032,0.35525304,0.18966645,0.9997261,0.81005967,0.125,0.9997261,0.85939485,0.6444731,0.7951561,-0.00470331798429078,0.065424934,0.3171183466911316
17149.mp4,good,0.9528409838676453,0.8344653844833374,0.592432,0.5818788,0.78408265,0.20220388,0.0,0.78408265,0.27988404,0.1916506,0.20276177,-0.013753687572691284,0.12886381,0.48437595,0.48120654,0.9097088,0.42850226,0.0,0.9097088,0.5266883,0.42533284,0.42925876,-0.01586051618039844,0.12415556,0.2841980457305908,0.31799757,0.2940147,0.8566489,0.5626342,0.2608695652173913,0.8566489,0.6767558,0.53865135,0.5403108,-0.01672719813618263,0.114749484,0.2311877,0.22381496,0.94070256,0.7168876,0.30434782608695654,0.94070256,0.8108864,0.70951486,0.7137942,-0.011618060439000483,0.07849844,0.40419513,0.23050636,0.99974406,0.7692377,0.20833333333333334,0.99974406,0.85845286,0.5955489,0.65661985,-0.01729478545810869,0.13555114,0.11407684534788132
7305.mp4,good,0.9599564671516418,0.80260169506073,0.28357786,0.1858908,0.4440015,0.2581107,0.2608695652173913,0.4440015,0.23901986,0.16042365,0.16459301,0.0023605849431908624,0.06325455,0.20692992,0.15122873,0.8273627,0.676134,0.17391304347826086,0.8273627,0.67078763,0.6204328,0.62408966,9.153259130322852e-06,0.043062463,0.1864355355501175,0.15103245,0.09856665,0.83119035,0.7326237,0.21739130434782608,0.83119035,0.7184096,0.6801579,0.6810479,0.0012023798797441477,0.03248404,0.08163738,0.07355589,0.92164564,0.84808975,0.08695652173913043,0.92164564,0.8572231,0.84000826,0.84194267,-0.00045715661152550754,0.01649086,0.2873906,0.19306827,1.0000738,0.8070055,0.20833333333333334,1.0000738,0.8759605,0.7126832,0.72263545,-0.009235140810842115,0.080468975,0.2758941054344177
15275.mp4,bad,0.9865807890892029,0.9482870101928711,0.61075276,0.55744237,0.8969262,0.33948386,0.0,0.8969262,0.38430387,0.28617346,0.29379964,-0.013279711422712916,0.15926148,0.15664476,0.14822042,0.95739603,0.8091756,0.0,0.95739603,0.8276736,0.80075127,0.80500287,-0.0034411271570228322,0.03930793,0.07860506325960159,0.18891197,0.18891197,0.91572565,0.7268137,0.0,0.91572565,0.7658643,0.7268137,0.73405975,-0.0051163264767454565,0.05116749,0.0850324,0.0775134,0.97237337,0.89485997,0.0,0.97237337,0.9062786,0.88734096,0.8918231,-0.0018138028534033627,0.021262892,0.09598243,0.07284033,0.99950767,0.92666733,0.16666666666666666,0.99950767,0.9405083,0.90352523,0.9112816,-0.0018652359817339268,0.024921825,0.36849889159202576
16792.mp4,normal,0.9808651208877563,0.951033890247345,0.2999577,0.29502076,0.43207794,0.13705719,0.0,0.43207794,0.1641389,0.13212025,0.1362176,-0.005918395422075112,0.06756312,0.4562617,0.43906474,0.79647076,0.35740602,0.0,0.79647076,0.39629796,0.34020907,0.34282672,-0.009600861859415838,0.10787987,0.4383469820022583,0.17694849,0.17694849,0.840133,0.6631845,0.0,0.840133,0.70334476,0.6631845,0.6650107,-0.005902937219548124,0.044670213,0.105789244,0.105789244,0.9178289,0.8120397,0.0,0.9178289,0.8346451,0.8120397,0.8129376,-0.003582502777868591,0.02810889,0.1356988,0.10674125,0.9995142,0.892773,0.125,0.9995142,0.906652,0.8638154,0.8752888,-0.0031886463579924433,0.032675806,0.3687785863876343
5721.mp4,normal,0.951779305934906,0.8643496036529541,0.11674023,-0.02495566,0.21211663,0.23707229,0.08695652173913043,0.23707229,0.18602833,0.0953764,0.15389964,0.0001001256580644886,0.035913445,0.28942114,0.08448517,0.67151606,0.5870309,0.17391304347826086,0.67151606,0.52184767,0.38209492,0.45315373,-0.0036269464040462277,0.060028013,0.3125298321247101,0.19616622,0.1865766,0.81050014,0.62392354,0.21739130434782608,0.81050014,0.6986078,0.6143339,0.6340695,-0.0071371741916822495,0.05125591,0.116479814,0.08834118,0.90930533,0.82096416,0.17391304347826086,0.90930533,0.83437747,0.7928255,0.80370116,-0.0035246871559045105,0.029161079,0.20107377,0.13172722,1.0003552,0.868628,0.16666666666666666,1.0003552,0.905622,0.7992815,0.8282019,-0.0061679681228555125,0.05122222,0.3797703683376312
16866.mp4,good,0.9688684940338135,0.9223767518997192,0.5230124,-0.11058748,0.8424388,0.9530263,0.21739130434782608,0.9636327,0.6900071,0.31942642,0.35320362,0.01822259138695337,0.23782241,0.09645647,-0.026682317,0.93966675,0.96634907,0.2608695652173913,0.97942847,0.9130397,0.8432103,0.84676856,0.0038675846082890943,0.0479514,0.039487697184085846,0.10517371,-0.07258928,0.88941395,0.96200323,0.30434782608695654,0.96363264,0.8713203,0.78424025,0.79683375,0.0055786610945411375,0.062223718,0.039580703,-0.025132835,0.9582498,0.98338264,0.21739130434782608,0.98338264,0.9525274,0.9186691,0.9219368,0.0018104781864188894,0.021845197,0.089547575,0.0048146844,0.99963015,0.99481547,0.16666666666666666,0.99963015,0.9659505,0.9100826,0.9319768,0.001052680482035091,0.025699718,0.4946152865886688
6258.mp4,normal,0.9637459516525269,0.837966799736023,0.86531746,0.5422392,0.9686016,0.4263624,0.0,0.9686016,0.26650786,0.10328415,0.11125419,-0.0019903271845560385,0.24520822,0.4962686,0.15829349,0.98325515,0.82496166,0.08695652173913043,0.98325515,0.6651675,0.48698655,0.5193696,0.004125573388908223,0.15084292,0.2176419347524643,0.27757484,0.12927425,0.9686017,0.83932745,0.043478260869565216,0.9686017,0.7722373,0.69102687,0.70463896,0.000455002716407461,0.07561818,0.14992946,0.061949253,0.9869671,0.92501783,0.043478260869565216,0.9869671,0.88280946,0.8370376,0.8417401,0.0008093685265115173,0.04359986,0.17612886,0.020202637,1.0004747,0.98027205,0.16666666666666666,1.0004747,0.9150474,0.8243458,0.85764366,0.0007254263888234361,0.053101707,0.35656940937042236
20224.mp4,good,0.9782207608222961,0.8896116018295288,0.7883324,0.20879447,0.981272,0.7724775,0.21739130434782608,0.981272,0.60444623,0.19293958,0.2098946,0.013251848945857986,0.25098988,0.21435946,0.07204509,0.9824428,0.9103977,0.21739130434782608,0.9824428,0.8818107,0.76808333,0.7827755,0.0019536620896795456,0.060001273,0.046226274222135544,0.33859098,0.119167864,0.9812721,0.86210424,0.2608695652173913,0.9812721,0.79804766,0.6426811,0.653522,0.003911619070961535,0.09164488,0.12577105,0.045659542,0.9905586,0.9448991,0.21739130434782608,0.9905586,0.928037,0.8647876,0.87389445,0.000954475268544878,0.03338923,0.16507983,0.018382132,1.0002364,0.98185426,0.20833333333333334,1.0002364,0.9628627,0.83515656,0.916207,0.0010288387277851822,0.03768991,0.21546849608421326
15012.mp4,normal,0.9863423109054565,0.9544790387153625,0.69322354,0.6815723,0.81667066,0.13509835,0.0,0.81667066,0.21610542,0.123447105,0.12505308,-0.018106928882980548,0.17201899,0.60692716,0.60330003,0.9373143,0.33401424,0.0,0.9373143,0.49688956,0.33038712,0.3316532,-0.0289634446440478,0.22011524,0.36020776629447937,0.29207784,0.23175716,0.90725064,0.6754935,0.043478260869565216,0.90725064,0.72147405,0.6151728,0.6761851,-0.007055812968095752,0.06974204,0.14442801,0.13417381,0.9636872,0.8295134,0.0,0.9636872,0.85709727,0.81925917,0.8237573,-0.005503364466866962,0.044502277,0.08835256,0.08835256,1.0004227,0.91207016,0.25,1.0004227,0.9526601,0.91207016,0.92088485,-0.003481026758318388,0.025022382,0.3760644495487213
15732.mp4,bad,0.9912335872650146,0.965854823589325,0.77012277,0.77012277,0.9862666,0.21614388,0.0,0.9862666,0.42185602,0.21614388,0.21886298,-0.03375272742903279,0.2613981,0.30170006,0.30136043,0.9895023,0.6881419,0.0,0.9895023,0.78118074,0.68780226,0.6930202,-0.014007022317219156,0.10213658,0.1337422877550125,0.26189315,0.24780917,0.9862666,0.73845744,0.043478260869565216,0.9862666,0.8056715,0.72437346,0.7360368,-0.010886044429224952,0.07991955,0.11030018,0.10806745,0.99161637,0.8835489,0.0,0.99161637,0.91492295,0.8813162,0.88380396,-0.0048518574284941805,0.035415918,0.14896679,0.1377331,1.0002985,0.8625654,0.0,1.0002985,0.9002173,0.8513317,0.8556145,-0.006797459773395411,0.054492414,0.5043535232543945
17376.mp4,normal,0.9932475090026855,0.9759309887886047,0.36540908,0.20879036,0.94658405,0.7377937,0.21739130434782608,0.94658405,0.7375618,0.58117497,0.62729645,-0.003799749103930628,0.09328252,0.08438492,0.06647098,0.97226405,0.9057931,0.08695652173913043,0.97226405,0.91242635,0.88787913,0.8912032,-0.001642518776207562,0.02287517,0.04445941001176834,0.10489744,0.08584285,0.9482905,0.8624477,0.0,0.9482905,0.87016886,0.8433931,0.84993523,-0.002469684413299258,0.028185228,0.038110435,0.030405223,0.98425776,0.95385253,0.043478260869565216,0.98425776,0.95688564,0.9461473,0.9486267,-0.0006576477892314352,0.009374469,0.050234795,0.031843543,1.0004419,0.96859837,0.20833333333333334,1.0004419,0.9700816,0.9502071,0.95221883,-0.000293191982352229,0.012505493,0.5417739152908325
16085.mp4,bad,0.9924992918968201,0.9829099178314209,0.41120648,0.31288254,0.9620718,0.64918923,0.0,0.9620718,0.6623504,0.5508653,0.56052655,-0.00906566127015669,0.11612017,0.1038174,0.08962327,0.9787623,0.88913906,0.0,0.9787623,0.89772546,0.8749449,0.8787375,-0.0021219027961195693,0.02513434,0.04291248321533203,0.16662169,0.14171451,0.9620718,0.82035726,0.043478260869565216,0.9620718,0.84217113,0.7954501,0.8142214,-0.003045532013116619,0.03653276,0.05334586,0.050851643,0.9821366,0.93128496,0.0,0.9821366,0.9406378,0.92879075,0.9314912,-0.0012492082217936424,0.012911147,0.04176718,0.030264497,0.9997013,0.9694368,0.125,0.9997013,0.9749004,0.95793414,0.96469486,-0.0006167327580244904,0.009546934,0.5418083667755127
16919.mp4,normal,0.9954853057861328,0.9838961362838745,0.18838704,0.124402344,0.9293703,0.80496794,0.17391304347826086,0.9293703,0.82405585,0.74098325,0.7567154,-0.0026153819009720656,0.055757623,0.06658554,0.05324763,0.9695816,0.916334,0.13043478260869565,0.9695816,0.9234869,0.90299606,0.90477836,-0.0009823275413437908,0.01805,0.034876976162195206,0.061104894,0.028040648,0.9369346,0.90889394,0.13043478260869565,0.9392223,0.90855825,0.8758297,0.89291924,-0.00020883288308094506,0.015649064,0.029943764,0.022549152,0.9781978,0.95564866,0.13043478260869565,0.9781978,0.95836383,0.94825405,0.9498683,-0.00013398971011043773,0.00766425,0.03518939,0.029873252,0.9998561,0.96998286,0.25,0.9998561,0.98084277,0.9646667,0.9700581,-0.00035766661167147305,0.009019735,0.5389400124549866
7217.mp4,good,0.9911999106407166,0.977656364440918,0.6250883,0.59686524,0.9307894,0.33392417,0.0,0.9307894,0.39932984,0.30570114,0.31189698,-0.011390997015911598,0.14756386,0.20505309,0.15258777,0.9463794,0.79379165,0.08695652173913043,0.9463794,0.7916981,0.74132633,0.752536,-0.0027356830392430294,0.045134258,0.12642616033554077,0.12279314,0.10449839,0.93476987,0.8302715,0.0,0.93476987,0.8354284,0.81197673,0.8137793,-0.002596343517774631,0.025996773,0.064989984,0.05441624,0.9711872,0.91677094,0.0,0.9711872,0.91812414,0.9061972,0.90977323,-0.001307768725123813,0.014330687,0.049237967,0.038555622,1.0005729,0.9620173,0.125,1.0005729,0.96427125,0.95133495,0.9533616,-0.001032831953919489,0.010603726,0.484271764755249
17204.mp4,good,0.9694799184799194,0.8752632141113281,0.3302871,0.3219071,0.4286213,0.1067142,0.0,0.4286213,0.13486013,0.098334186,0.10073864,-0.006382571327179793,0.07007439,0.4888087,0.48404247,0.7776487,0.29360622,0.0,0.7776487,0.36363664,0.28884,0.29030022,-0.014385612644696906,0.12659165,0.3106011152267456,0.526671,0.5248391,0.79093033,0.26609123,0.0,0.79093033,0.4509593,0.26425934,0.26661456,-0.02777713210333007,0.19711293,0.31648755,0.30524355,0.9004489,0.59520537,0.0,0.9004489,0.6742378,0.58396137,0.5865791,-0.014778778663737039,0.11143547,0.48112756,0.39889926,0.99985206,0.6009528,0.0,0.99985206,0.669894,0.5187245,0.55137473,-0.019035698149515258,0.1579015,0.16094528138637543
15028.mp4,bad,0.9874880313873291,0.9774526357650757,0.7078376,0.7048806,0.9935466,0.288666,0.17391304347826086,0.9935466,0.5723135,0.28570902,0.299662,-0.038442418774361664,0.2701918,0.43244565,0.43244565,0.9962883,0.56384265,0.21739130434782608,0.9962883,0.76043314,0.56384265,0.57017106,-0.022988849713397107,0.15635654,0.1542467176914215,0.26095665,0.2480436,0.9935466,0.745503,0.21739130434782608,0.9935466,0.83524805,0.73258996,0.7463758,-0.011787128719416553,0.081507795,0.13934046,0.13201106,0.9962883,0.86427724,0.21739130434782608,0.9962883,0.9146798,0.85694784,0.865348,-0.006221940394917983,0.0425569,0.08633435,0.076110065,0.99995905,0.923849,0.20833333333333334,0.99995905,0.9588785,0.9136247,0.92406315,-0.0034560001155604712,0.02472092,0.4893735647201538
17171.mp4,good,0.9972267746925354,0.9919204711914062,0.23722333,0.21653974,0.97097355,0.7544338,0.0,0.97097355,0.7895194,0.7337502,0.7417355,-0.007738923249037376,0.06686331,0.09540427,0.09257847,0.98765594,0.89507747,0.0,0.98765594,0.9074664,0.8922517,0.8940073,-0.002582409459611642,0.02392052,0.04399378225207329,0.11906618,0.10187513,0.9715956,0.86972046,0.0,0.9715956,0.87789875,0.8525294,0.861259,-0.0025989707750765133,0.029116215,0.04467386,0.042118013,0.98836523,0.9462472,0.0,0.98836523,0.9514601,0.9436914,0.94543326,-0.0010972335757945427,0.01067532,0.029984772,0.02679336,0.99998367,0.9731903,0.0,0.99998367,0.9756426,0.9699989,0.9705453,-0.0007135983394539852,0.0077109565,0.4357561767101288
6544.mp4,normal,0.9859560132026672,0.9574528932571411,0.7566085,0.6351577,0.8919222,0.25676447,0.0,0.8919222,0.24416754,0.1353137,0.14115791,-0.01296743706398803,0.1866799,0.32402897,0.20745242,0.9514531,0.7440007,0.0,0.9514531,0.7022014,0.6274241,0.63203675,-0.0050312795422293955,0.08263965,0.19271568953990936,0.1744743,0.12964946,0.9303065,0.80065703,0.043478260869565216,0.9303065,0.7958706,0.7558322,0.7637814,-0.0031935341744555082,0.038804602,0.09990978,0.07200259,0.9712994,0.8992968,0.043478260869565216,0.9712994,0.89491713,0.8713896,0.8734696,-0.0019254742168155214,0.023358881,0.057989895,0.04256004,0.9994108,0.95685077,0.0,0.9994108,0.95650935,0.9414209,0.9417413,-0.0014558636883030818,0.01538103,0.49148672819137573
16936.mp4,bad,0.9831405282020569,0.9633641242980957,0.85409284,0.8386815,0.9285746,0.0898931,0.0,0.9285746,0.21862519,0.074481755,0.07843872,-0.027287545948926177,0.24169166,0.57780904,0.57414603,0.96220124,0.3880552,0.0,0.96220124,0.5211723,0.3843922,0.38729808,-0.023047205369934258,0.17610541,0.31467029452323914,0.2859125,0.2668053,0.93092406,0.66411877,0.21739130434782608,0.93092406,0.7363107,0.64501154,0.6552856,-0.01090887000438253,0.07748685,0.18683535,0.18345046,0.9670849,0.7836344,0.0,0.9670849,0.83584255,0.78024954,0.7818944,-0.007900605736513864,0.055663012,0.08653641,0.08653641,1.0004385,0.91390204,0.25,1.0004385,0.9482992,0.91390204,0.91526234,-0.0037980573591978816,0.026921488,0.3199349045753479
15879.mp4,bad,0.9779434204101562,0.9616232514381409,0.5631356,-0.12443596,0.8007356,0.92517155,0.2608695652173913,0.92517155,0.49979383,0.23759997,0.24240161,0.019744483113524464,0.24013849,0.27515233,-0.037961006,0.9210086,0.9589696,0.21739130434782608,0.9631533,0.78740466,0.64585626,0.6604345,0.008551983847448482,0.102201015,0.10195760428905487,0.14785469,-0.05234301,0.87282854,0.92517155,0.13043478260869565,0.92975473,0.8089301,0.72497386,0.7532077,0.0052822467248901574,0.054963976,0.09889966,-0.026607752,0.9399004,0.96650815,0.13043478260869565,0.9691357,0.88936234,0.84100074,0.85135835,0.0034545381431994276,0.038289394,0.08433312,0.018983662,1.0002594,0.98127574,0.08333333333333333,1.0002594,0.9506057,0.9159263,0.93316096,0.0005982590758282058,0.020618219,0.5064221620559692
6161.mp4,bad,0.9847425222396851,0.8688991069793701,0.81162256,0.7084638,0.9408313,0.23236755,0.0,0.9408313,0.3147969,0.12920873,0.16048591,-0.008709285216840364,0.19390516,0.33338267,0.24314743,0.9667928,0.7236454,0.043478260869565216,0.9667928,0.751804,0.63341016,0.6852393,-0.003038677714558933,0.07968222,0.1609029769897461,0.19609892,0.129044,0.94820595,0.81916195,0.08695652173913043,0.94820595,0.8086853,0.752107,0.77281004,-0.002171594752624568,0.041043762,0.10077995,0.06318486,0.9758018,0.91261697,0.08695652173913043,0.9758018,0.91270685,0.8750219,0.8982298,-0.001263589196996731,0.019986086,0.076406956,0.01838243,1.0001386,0.9817562,0.16666666666666666,1.0001386,0.97203356,0.9237317,0.9486056,-0.001208006169485027,0.017500486,0.5438469648361206
16715.mp4,good,0.9914288520812988,0.984221875667572,0.5631704,0.5631704,0.95781386,0.3946435,0.17391304347826086,0.95781386,0.59292275,0.3946435,0.41901425,-0.02306126281913561,0.15944801,0.25932544,0.25932544,0.9734849,0.7141594,0.21739130434782608,0.9734849,0.81324303,0.7141594,0.7239847,-0.01086242385061363,0.073348574,0.07713884115219116,0.19702244,0.18444103,0.95781374,0.7733727,0.0,0.95781374,0.8087753,0.7607913,0.7642903,-0.006385163945171667,0.04944301,0.12631392,0.12081194,0.9798682,0.85905623,0.08695652173913043,0.9798682,0.89038193,0.85355425,0.85956347,-0.004462288537986678,0.032552745,0.05907333,0.04863447,0.9993954,0.9507609,0.041666666666666664,0.9993954,0.9556861,0.94032204,0.94457996,-0.0015559207874796092,0.014358383,0.5877187848091125
5675.mp4,bad,0.9606449007987976,0.8840821385383606,0.5335758,0.35367686,0.65291,0.29923314,0.17391304347826086,0.65291,0.25855097,0.11933419,0.13675489,-0.002722616546710015,0.10925794,0.38722876,0.22366452,0.8583144,0.6346499,0.17391304347826086,0.8583144,0.59861815,0.47108564,0.48371097,0.0007769776721716784,0.08774663,0.27307799458503723,0.1202535,0.08382648,0.8612321,0.7774056,0.043478260869565216,0.8612321,0.76787484,0.7409786,0.7471477,-0.0011325807203888378,0.025044352,0.0801236,0.045058012,0.9305481,0.88549006,0.08695652173913043,0.9305481,0.871696,0.85042447,0.85555303,-0.0003477769053500787,0.016676283,0.14078426,0.056028843,1.0003265,0.9442977,0.16666666666666666,1.0003265,0.9146803,0.85954225,0.87269664,-0.0010745765074440055,0.032000806,0.3379090130329132
15670.mp4,normal,0.9854011535644531,0.9154607057571411,0.52984166,0.48586655,0.9590001,0.47313356,0.21739130434782608,0.9590001,0.65361464,0.42915845,0.4763372,-0.022367987649242867,0.1522849,0.20345318,0.20338249,0.9775635,0.774181,0.21739130434782608,0.9775635,0.8635125,0.7741103,0.7884041,-0.008423221382227808,0.056400176,0.06558088958263397,0.15076482,0.14883024,0.96172875,0.8128985,0.17391304347826086,0.96172875,0.85993236,0.8109639,0.8160774,-0.004781255078881145,0.03520391,0.07294512,0.07259357,0.982347,0.90975344,0.17391304347826086,0.982347,0.9290934,0.9094019,0.9102549,-0.0025132489887622024,0.018341374,0.10890925,0.08119798,0.99997485,0.91877687,0.125,0.99997485,0.9304457,0.8910656,0.9058565,-0.002771281366762912,0.02446533,0.38504457473754883
16913.mp4,bad,0.9920147061347961,0.9832125902175903,0.77089477,0.7657497,0.9360147,0.17026505,0.17391304347826086,0.9360147,0.4030606,0.16511995,0.17444305,-0.02808662107869572,0.20820992,0.29950523,0.29950523,0.97092843,0.6714232,0.08695652173913043,0.97092843,0.7577193,0.6714232,0.6829439,-0.010802787400988246,0.0809392,0.130807027220726,0.1991939,0.16887087,0.93809146,0.7692206,0.043478260869565216,0.93809146,0.7872597,0.73889756,0.7557916,-0.003179815859191497,0.044561125,0.11982292,0.095095515,0.9776349,0.8825394,0.043478260869565216,0.9776349,0.88852644,0.857812,0.86939067,-0.0024113295224344362,0.028879127,0.075365484,0.038269937,1.0000584,0.9617885,0.20833333333333334,1.0000584,0.95703894,0.9246929,0.931926,-0.0011965540699337028,0.021543533,0.4125041365623474
20003.mp4,good,0.9411025047302246,0.8442952632904053,0.8730329,0.7037887,0.94680005,0.24301136,0.043478260869565216,0.94680005,0.2851542,0.073767155,0.100028016,-0.01894040674471808,0.20512769,0.37621367,0.26989806,0.9757571,0.70585907,0.2608695652173913,0.9757571,0.72188145,0.59954345,0.60589826,-0.009692580626887297,0.10395771,0.14411447942256927,0.36816788,0.36247313,0.9509115,0.5884384,0.2608695652173913,0.9509115,0.6890489,0.58274364,0.5950557,-0.008090723821296992,0.07994513,0.19434243,0.11961949,0.9816537,0.8620342,0.13043478260869565,0.9816537,0.8659959,0.78731126,0.81783926,-0.0033869361688968103,0.043302566,0.25251913,0.22235197,0.99946773,0.77711576,0.125,0.99946773,0.82782143,0.7469486,0.7585762,-0.008241349147713736,0.06949378,0.2955211400985718
6942.mp4,good,0.9879744052886963,0.9463316798210144,0.67793834,0.6676351,0.9909538,0.32331872,0.0,0.9909538,0.567566,0.3130155,0.31971204,-0.03387523445451686,0.25740698,0.2801056,0.27957582,0.99067473,0.7110989,0.13043478260869565,0.99067473,0.8210956,0.71056914,0.7165542,-0.013862670645883453,0.103622295,0.10116081684827805,0.2165423,0.21148622,0.9909537,0.77946746,0.13043478260869565,0.9909537,0.8489739,0.7744114,0.77976835,-0.009005499157038596,0.069188125,0.112525284,0.1088531,0.99332863,0.8844755,0.13043478260869565,0.99332863,0.92225647,0.88080335,0.88499326,-0.004922856278570253,0.036532473,0.048143923,0.041280985,1.0005126,0.9592316,0.08333333333333333,1.0005126,0.9735759,0.9523687,0.9585192,-0.0018021112680435335,0.015119347,0.4567561745643616
15644.mp4,bad,0.9926793575286865,0.9781675338745117,0.5207401,0.4886716,0.94839585,0.45972425,0.0,0.94839585,0.50360566,0.42765576,0.42953083,-0.012865864977299472,0.13120985,0.1571253,0.15094292,0.9722608,0.82131785,0.0,0.9722608,0.8415329,0.8151355,0.8183024,-0.004285227639873038,0.039107922,0.06955694407224655,0.16931862,0.12548846,0.95065457,0.8251661,0.043478260869565216,0.95065457,0.8228203,0.78133595,0.7946705,-0.003774817046440611,0.036960974,0.0826959,0.0791738,0.9775491,0.8983753,0.0,0.9775491,0.9110898,0.8948532,0.89759386,-0.0023822233728740525,0.020240901,0.043919325,0.0380733,0.99967086,0.96159756,0.041666666666666664,0.99967086,0.9691307,0.95575154,0.96097225,-0.001062794198160616,0.010383498,0.4696054756641388
16740.mp4,normal,0.9940272569656372,0.9874435663223267,0.6322141,0.6266737,0.9716084,0.34493467,0.0,0.9716084,0.47694576,0.33939427,0.3458551,-0.02088011503808584,0.17370564,0.2695322,0.2695322,0.98412657,0.71459436,0.13043478260869565,0.98412657,0.7911519,0.71459436,0.7190915,-0.009709371055067778,0.071339004,0.13506676256656647,0.14411902,0.13375187,0.97231793,0.83856606,0.0,0.97231793,0.8562005,0.8281989,0.83279574,-0.0034054588423416176,0.03148753,0.07584375,0.06844705,0.9871678,0.9187207,0.0,0.9871678,0.9262186,0.911324,0.914277,-0.0019037426695993204,0.017335473,0.049307704,0.03156209,1.0006268,0.9690647,0.125,1.0006268,0.9684215,0.9513191,0.95381856,-0.001182275414466889,0.011814808,0.39603403210639954
7462.mp4,bad,0.9635161757469177,0.9361871480941772,0.8498076,0.8498076,0.9245055,0.07469782,0.043478260869565216,0.9245055,0.2862887,0.07469782,0.13719761,-0.021220171419174774,0.18639319,0.537261,0.537261,0.9625592,0.4252982,0.13043478260869565,0.9625592,0.6665647,0.4252982,0.5471468,-0.014929060526044945,0.119988985,0.2188464254140854,0.23001891,0.23001891,0.9295869,0.699568,0.17391304347826086,0.9295869,0.78340197,0.699568,0.72329324,-0.004484274052819699,0.048993457,0.14223206,0.14223206,0.97224283,0.8300108,0.17391304347826086,0.97224283,0.8854112,0.8300108,0.8499788,-0.0032504939514657726,0.03179996,0.2110244,0.2110244,1.000214,0.7891896,0.041666666666666664,1.000214,0.9199644,0.7891896,0.88357556,-0.00432371551575869,0.040719554,0.3417731523513794
7379.mp4,good,0.938559889793396,0.7145251035690308,0.89842373,0.07853544,0.9579073,0.8793719,0.17391304347826086,0.9579073,0.59271663,0.059483584,0.18243349,-0.007960815034188292,0.284838,0.4336216,0.033965766,0.9744915,0.9405257,0.17391304347826086,0.9744915,0.8359599,0.5408699,0.6271068,-0.0015368256644297986,0.1287639,0.08726459741592407,0.37267923,0.04678279,0.958693,0.91191024,0.17391304347826086,0.958693,0.8436634,0.5860138,0.65933657,-0.0006454195311889422,0.10788551,0.1886344,0.020871997,0.98235464,0.96148264,0.17391304347826086,0.98235464,0.9232244,0.79372025,0.82834077,-0.00045113265514374755,0.05605161,0.23540884,0.02326274,0.99986386,0.9766011,0.125,0.99986386,0.92484593,0.764455,0.8289804,-0.0017299867712933343,0.06489486,0.30969491600990295
15593.mp4,normal,0.9686264991760254,0.9301031827926636,0.6339403,0.63377273,0.8547207,0.22094801,0.0,0.8547207,0.3146651,0.22078045,0.23223512,-0.016154862881413566,0.15043113,0.42720294,0.42527843,0.9354929,0.51021445,0.0,0.9354929,0.60125685,0.50828993,0.50981194,-0.01576531404563091,0.121193446,0.25991231203079224,0.19434237,0.17693985,0.895359,0.71841913,0.2608695652173913,0.895359,0.76952547,0.7010166,0.71123844,-0.007702201310353792,0.05388794,0.12591779,0.11842471,0.95166886,0.83324414,0.13043478260869565,0.95166886,0.86116916,0.82575107,0.82661116,-0.004706322145556274,0.033421423,0.3143738,0.30380797,0.9996259,0.69581795,0.2916666666666667,0.9996259,0.82910055,0.68525213,0.7098184,-0.014086641410122773,0.09983258,0.48828113079071045
15586.mp4,good,0.9313057661056519,0.82273268699646,0.73111486,0.70913076,0.82594526,0.116814464,0.0,0.82594526,0.20018062,0.094830394,0.1091909,-0.0177663973874961,0.17250554,0.5722915,0.5604632,0.90984035,0.34937713,0.0,0.90984035,0.4741252,0.33754885,0.34208873,-0.02167010660699235,0.16408958,0.26504677534103394,0.39135736,0.38664588,0.85854304,0.47189716,0.0,0.85854304,0.58858305,0.46718568,0.47209486,-0.017627494255073456,0.1251353,0.28762555,0.28484452,0.93030655,0.64546204,0.17391304347826086,0.93030655,0.739172,0.642681,0.649671,-0.012636097170147534,0.08767568,0.4120447,0.39076084,0.99962956,0.6088687,0.125,0.99962956,0.74638516,0.58758485,0.6188756,-0.016359825704408745,0.12029675,0.3365962505340576
15460.mp4,bad,0.9848440289497375,0.9688372015953064,0.58647346,0.5760691,0.749974,0.1739049,0.0,0.749974,0.25039154,0.16350055,0.16808915,-0.016808471336901915,0.15534602,0.23103285,0.21353054,0.90302587,0.6894953,0.0,0.90302587,0.7301868,0.671993,0.6859385,-0.007616171664871252,0.060796633,0.16275101900100708,0.13841927,0.13608664,0.86228657,0.7261999,0.30434782608695654,0.86228657,0.78522044,0.7238673,0.7282821,-0.005978626165936582,0.041303255,0.0710516,0.0710516,0.93670034,0.86564875,0.2608695652173913,0.93670034,0.89293784,0.86564875,0.8667304,-0.002951350784584481,0.020541904,0.0695771,0.0695771,0.99980485,0.93022776,0.20833333333333334,0.99980485,0.9574991,0.93022776,0.9361908,-0.0022736445976340425,0.01706911,0.36518794298171997
15004.mp4,bad,0.981585681438446,0.9634974002838135,0.76483065,0.7611737,0.9450679,0.18389414,0.0,0.9450679,0.2959333,0.18023723,0.18576127,-0.020926005932182197,0.19796924,0.46786976,0.46786976,0.97004235,0.5021726,0.0,0.97004235,0.629029,0.5021726,0.5135004,-0.017446105423652127,0.13036111,0.2125260978937149,0.2761287,0.26062137,0.9453871,0.68476576,0.0,0.9453871,0.7171692,0.6692584,0.67601573,-0.006003516288142891,0.06445809,0.15998775,0.15024,0.9724597,0.82221967,0.0,0.9724597,0.84155524,0.8124719,0.8135004,-0.00402456009576443,0.04060905,0.1373564,0.107776165,0.9994391,0.89166296,0.125,0.9994391,0.90939206,0.8620827,0.8718359,-0.003899177908897438,0.03853125,0.17552787065505981
15864.mp4,normal,0.9913120269775391,0.982646644115448,0.70258105,0.40814131,0.93980587,0.53166455,0.0,0.93980587,0.4028345,0.23722482,0.24595538,-0.009507754132917288,0.1847351,0.38934046,0.125857,0.96631813,0.84046113,0.17391304347826086,0.96631813,0.72487634,0.57697767,0.5879676,-0.0021288766573540397,0.10764754,0.17252729833126068,0.18123281,0.11804116,0.94278884,0.8247477,0.13043478260869565,0.94278884,0.8087362,0.761556,0.76886505,-0.0016719361421147915,0.039378963,0.09703243,0.060688972,0.9744749,0.91378593,0.0,0.9744749,0.8974037,0.8774425,0.8831192,-0.0012179362208475644,0.02251754,0.03334391,0.022318125,0.9996931,0.977375,0.041666666666666664,0.9996931,0.9757493,0.9663492,0.9686725,-0.0006158175157464189,0.008084009,0.4208521246910095
20034.mp4,good,0.9888405799865723,0.9737048149108887,0.7330134,0.57139516,0.97581923,0.40442407,0.043478260869565216,0.97581923,0.46445027,0.24280581,0.38054794,-0.012440909215584104,0.14119098,0.24525994,0.19975579,0.9839591,0.7842033,0.043478260869565216,0.9839591,0.81620425,0.73869914,0.7825812,-0.0055711463741634215,0.05047035,0.08911385387182236,0.2764294,0.2583838,0.97581923,0.7174354,0.13043478260869565,0.97581923,0.7696952,0.6993898,0.71312064,-0.005538807143806935,0.054329116,0.10562247,0.103686154,0.98760027,0.8839141,0.0,0.98760027,0.9053181,0.8819778,0.8830004,-0.002799265881772103,0.023365205,0.050132394,0.04768312,0.9998809,0.9521978,0.20833333333333334,0.9998809,0.96964544,0.9497485,0.95421886,-0.0018986753277157107,0.014389589,0.40019896626472473
15872.mp4,bad,0.9866790771484375,0.9389111399650574,0.49296182,-0.016450584,0.9429542,0.95940477,0.21739130434782608,0.9595792,0.8205204,0.44999236,0.56862605,0.015750193136482852,0.1623202,0.11725193,-0.007053733,0.97032315,0.9773769,0.21739130434782608,0.9773769,0.9394619,0.8530712,0.88055515,0.004059067415625691,0.039940037,0.020140793174505234,0.1470182,-0.015786171,0.9461731,0.96195924,0.21739130434782608,0.9629407,0.90468174,0.7991549,0.81090575,0.005820017735006323,0.056463454,0.06248808,-0.004954338,0.9757023,0.9806566,0.17391304347826086,0.9807093,0.95960283,0.9132142,0.9272805,0.0022098538668259256,0.021726053,0.10112262,0.0059024096,1.0004169,0.99451447,0.20833333333333334,1.0004169,0.96934366,0.89929426,0.9214494,0.0022130760939224627,0.031664137,0.4789726436138153
5942.mp4,normal,0.9864987730979919,0.9536981582641602,0.74910504,0.74910504,0.90748334,0.1583783,0.0,0.90748334,0.3662634,0.1583783,0.16558057,-0.02587827539491089,0.22088474,0.32693613,0.32449508,0.9531716,0.62867653,0.21739130434782608,0.9531716,0.7401532,0.6262355,0.6291464,-0.012853597758315767,0.0997916,0.1731385737657547,0.17614895,0.17614895,0.9353536,0.7592046,0.17391304347826086,0.9353536,0.81621575,0.7592046,0.76289105,-0.005840996214052443,0.050208393,0.08251703,0.08063483,0.96920127,0.88856643,0.21739130434782608,0.96920127,0.9132919,0.88668424,0.8880595,-0.0028182023716538337,0.022563852,0.06725752,0.06526953,0.99962044,0.9343509,0.125,0.99962044,0.9568723,0.9323629,0.9357469,-0.002323498622230865,0.019077612,0.5185726881027222
15158.mp4,good,0.9890598654747009,0.9723396301269531,0.1883946,0.01395607,0.98192227,0.9679662,0.17391304347826086,0.98192227,0.9189148,0.79352766,0.8401419,0.00018802432439072122,0.051321812,0.074998856,0.006479144,0.989121,0.9826419,0.13043478260869565,0.989121,0.9578087,0.91412216,0.9265497,0.0005919017457208241,0.020161118,0.010644896887242794,0.122062385,0.013734281,0.98192227,0.968188,0.17391304347826086,0.98192227,0.93033874,0.8598599,0.87011945,0.00025357276554633426,0.03480244,0.05311364,0.008106947,0.9914186,0.98331165,0.13043478260869565,0.9914186,0.9684536,0.93830496,0.94687754,0.0002309337788419904,0.013297534,0.07544732,0.014027894,1.0003698,0.9863419,0.16666666666666666,1.0003698,0.9744994,0.92492247,0.9430829,-6.393531094430827e-05,0.018510185,0.6141043901443481
6213.mp4,bad,0.9950989484786987,0.9829392433166504,0.59124506,0.59124506,0.9187965,0.32755142,0.0,0.9187965,0.4347175,0.32755142,0.360819,-0.011404177858659872,0.12720539,0.21796614,0.21408296,0.96145093,0.747368,0.13043478260869565,0.96145093,0.7937065,0.7434848,0.7505935,-0.005112508952382059,0.04537372,0.12571394443511963,0.12890387,0.11551702,0.93210113,0.8165841,0.08695652173913043,0.93210113,0.8389702,0.80319726,0.81726515,-0.0027723191048316786,0.025904588,0.07199377,0.062959194,0.97067356,0.90771437,0.13043478260869565,0.97067356,0.9194206,0.8986798,0.9049735,-0.0016264252865267348,0.014174194,0.039587438,0.02552116,1.0005411,0.97501993,0.125,1.0005411,0.97837204,0.96095365,0.96867853,-0.0010246229690054319,0.009145398,0.3249485492706299
15782.mp4,normal,0.9972057342529297,0.993116557598114,0.0985108,0.012953639,0.9892361,0.9762825,0.21739130434782608,0.9892361,0.9526179,0.8907253,0.90722114,-0.001553061333569625,0.030416116,0.048642337,0.0027733445,0.99258935,0.989816,0.2608695652173913,0.99258935,0.97361,0.943947,0.94631374,-0.0008641175719589441,0.018239735,0.010522878728806973,0.0560233,0.012953401,0.989236,0.9762826,0.30434782608695654,0.989236,0.9615593,0.9332127,0.936792,-0.0010397750516182762,0.017958654,0.018882334,0.0039571524,0.99377316,0.989816,0.21739130434782608,0.99377316,0.9841328,0.9748908,0.9760533,-0.00033339151280671505,0.0058438797,0.012163162,0.0035973787,1.0000703,0.99647295,0.20833333333333334,1.0000703,0.9939423,0.9879072,0.98893666,-0.0002195233365764057,0.0033147426,0.6027881503105164
15552.mp4,normal,0.988852858543396,0.9745873212814331,0.6410191,0.6372372,0.9412123,0.30397514,0.0,0.9412123,0.4489563,0.30019322,0.31621817,-0.02364049330648228,0.18552478,0.3449682,0.3449682,0.96754146,0.62257326,0.08695652173913043,0.96754146,0.73074806,0.62257326,0.629286,-0.014841417196711079,0.10400419,0.1802922934293747,0.18137205,0.16110402,0.94525874,0.7841547,0.21739130434782608,0.94525874,0.83527315,0.7638867,0.78274876,-0.005801560850482686,0.040987097,0.10211116,0.093212664,0.9734478,0.88023514,0.21739130434782608,0.9734478,0.91104025,0.87133664,0.87929946,-0.0034972658388228313,0.024310531,0.08905935,0.08309996,0.99944913,0.9163492,0.16666666666666666,0.99944913,0.9555567,0.9103898,0.91962224,-0.0033126233971637383,0.024057744,0.5333273410797119
7513.mp4,bad,0.9781273603439331,0.9149724245071411,0.46132457,0.45103693,0.6814741,0.23043716,0.0,0.72901034,0.35320455,0.22014952,0.2305012,-0.018607451392727892,0.17050944,0.25203687,0.18643266,0.90030915,0.7138765,0.13043478260869565,0.90030915,0.7495152,0.6482723,0.6740097,-0.00890160025108474,0.07560103,0.11671634018421173,0.27572072,0.23047572,0.87058496,0.64010924,0.21739130434782608,0.87058496,0.7294339,0.59486425,0.6422336,-0.009768539443317598,0.06802334,0.12267572,0.11103988,0.95013815,0.8390983,0.043478260869565216,0.95013815,0.86623156,0.82746243,0.8344822,-0.004445773987430815,0.03367636,0.15667295,0.15667295,1.0006284,0.8439554,0.125,1.0006284,0.90541893,0.8439554,0.8622166,-0.005876205408054874,0.04287866,0.30636411905288696
15091.mp4,bad,0.9824178814888,0.9414160251617432,0.40567076,0.3977065,0.5373213,0.13961482,0.0,0.5373213,0.16517484,0.13165057,0.13475756,-0.006414393736086347,0.08462349,0.34388807,0.33713382,0.80936646,0.47223264,0.0,0.80936646,0.49811554,0.4654784,0.46676612,-0.00672077378736655,0.077116035,0.3216932415962219,0.1735425,0.15251493,0.8097576,0.65724266,0.0,0.8097576,0.67537326,0.6362151,0.64378095,-0.004866990647297142,0.047238216,0.09787595,0.086628795,0.89895713,0.81232834,0.0,0.89895713,0.8198088,0.8010812,0.8039576,-0.002637711261572103,0.026136477,0.12083888,0.10139251,0.99927354,0.89788103,0.0,0.99927354,0.90374786,0.87843466,0.8829338,-0.002536471201025945,0.026351478,0.3134857416152954
6032.mp4,bad,0.957405149936676,0.8157967329025269,0.66031736,0.64530545,0.79891694,0.1536115,0.0,0.79891694,0.19120297,0.13859956,0.14303887,-0.009297645669209625,0.14011629,0.405066,0.30472612,0.91696453,0.6122384,0.043478260869565216,0.91696453,0.6074155,0.5118985,0.5317554,-0.0038677014027659524,0.08945701,0.270656555891037,0.2105884,0.14194572,0.9072634,0.7653177,0.21739130434782608,0.9072634,0.7675857,0.696675,0.7142447,-0.0006109737596021818,0.04746983,0.11764455,0.08377433,0.95982516,0.87605083,0.13043478260869565,0.95982516,0.87807196,0.8421806,0.8523134,-0.001069717904324595,0.02496706,0.38033444,0.3506592,0.9996517,0.6489925,0.0,0.9996517,0.6794227,0.61931723,0.6336485,-0.006766383907069355,0.09641927,0.4278622269630432
15175.mp4,bad,0.9657062888145447,0.9386857748031616,0.80026543,0.80026543,0.9102007,0.1099353,0.0,0.9102007,0.21932815,0.1099353,0.11687165,-0.019699278144026,0.18968457,0.57827294,0.57824135,0.9521425,0.37390113,0.0,0.9521425,0.5229487,0.3738695,0.37999988,-0.022292235152052337,0.1639453,0.30511778593063354,0.25932717,0.25932717,0.9125224,0.6531952,0.13043478260869565,0.9125224,0.7288564,0.6531952,0.66295606,-0.008762748403982688,0.06414716,0.20817512,0.20817512,0.9644518,0.75627667,0.13043478260869565,0.9644518,0.82806647,0.75627667,0.77467185,-0.0074961047045327125,0.0522868,0.30923128,0.30923128,0.9999876,0.6907563,0.16666666666666666,0.9999876,0.8346355,0.6907563,0.73780334,-0.010410905091658896,0.07700811,0.33684882521629333
16494.mp4,good,0.9510014653205872,0.8923824429512024,0.23306409,0.22154224,0.31642026,0.094878025,0.0,0.31642026,0.13225845,0.08335617,0.0890229,-0.00796365355078882,0.06666484,0.3590659,0.3590659,0.6233098,0.2642439,0.0,0.6233098,0.35319367,0.2642439,0.26942936,-0.01416404077069091,0.10651154,0.33555957674980164,0.30890483,0.29496515,0.7751399,0.48017478,0.043478260869565216,0.7751399,0.5516803,0.4662351,0.48547417,-0.011132571301441416,0.08428948,0.24987173,0.2497065,0.8676468,0.6179403,0.0,0.8676468,0.6887532,0.6177751,0.61883897,-0.010996456909556647,0.07892448,0.33656323,0.32542282,0.9993627,0.6739399,0.041666666666666664,0.9993627,0.7561777,0.6627995,0.67489135,-0.011704031980556015,0.09025917,0.16154250502586365
6059.mp4,good,0.9407991170883179,0.7240687012672424,0.35352588,0.34177953,0.38655677,0.044777244,0.0,0.38655677,0.06966968,0.03303091,0.03830011,-0.005866152731326259,0.070795245,0.54113436,0.49085605,0.7391112,0.24825515,0.0,0.7391112,0.3154594,0.19797686,0.20855181,-0.016755485134162456,0.14114666,0.26728278398513794,0.6806293,0.6694099,0.8235362,0.15412632,0.0,0.8235362,0.21818049,0.14290689,0.14687431,-0.014743422522493034,0.1733608,0.45621097,0.35803926,0.9133985,0.55535924,0.08695652173913043,0.9133985,0.5827422,0.45718753,0.4727499,-0.012205660254823373,0.119798034,0.62761575,0.50935864,0.9997799,0.49042127,0.0,0.9997799,0.5248733,0.37216413,0.41760388,-0.013702728709448959,0.16242436,0.11680649220943451
6986.mp4,good,0.9603987336158752,0.8689684271812439,0.85261,-0.0025311112,0.9598741,0.9624052,0.0,0.9624052,0.36214805,0.10726409,0.114487834,0.0012747103812195037,0.27933958,0.38631856,0.005341053,0.97588706,0.970546,0.13043478260869565,0.97588706,0.7265576,0.5895685,0.5972298,0.0010373440420203541,0.123644926,0.1599327027797699,0.2610693,-0.00028854609,0.96417284,0.9644614,0.0,0.9644614,0.7754341,0.70310354,0.70655614,0.00019382823832890666,0.08757495,0.14234191,0.005189419,0.98442185,0.97923243,0.0,0.98442185,0.8864902,0.84207994,0.8493785,0.00036642662150115907,0.04508877,0.14883143,0.009712994,1.0006628,0.9909498,0.20833333333333334,1.0006628,0.91838026,0.8518314,0.86070156,-3.627593102665279e-05,0.046847157,0.3016606867313385
7557.mp4,normal,0.9697193503379822,0.9246039390563965,0.20056927,0.1500136,0.39705718,0.24704358,0.17391304347826086,0.39705718,0.27911073,0.1964879,0.21241677,-0.001982862623077139,0.049723525,0.16962367,0.1061331,0.7860874,0.6799543,0.21739130434782608,0.7860874,0.7018756,0.6164637,0.64440084,-0.001440524112565701,0.04314745,0.20380835235118866,0.08971441,0.027405381,0.8404715,0.8130661,0.08695652173913043,0.8639262,0.8105496,0.7507571,0.78433746,-5.061942126910919e-05,0.027212685,0.07156652,0.017842233,0.9287393,0.9108971,0.13043478260869565,0.94036937,0.905684,0.8571728,0.878144,-0.0003418123180215917,0.01936445,0.1126883,0.060538173,1.0002488,0.9397106,0.16666666666666666,1.0002488,0.9358118,0.8875605,0.911325,-0.0008435125454612439,0.021610519,0.284213125705719
16396.mp4,bad,0.994996964931488,0.9904747605323792,0.38589597,0.38589597,0.96956074,0.5836648,0.2608695652173913,0.96956074,0.7502293,0.5836648,0.61611867,-0.017332425996248915,0.1166031,0.12220585,0.12220585,0.9814132,0.85920733,0.2608695652173913,0.9814132,0.9096554,0.85920733,0.8720094,-0.0051508248441304175,0.03463615,0.03318917751312256,0.20136315,0.20136315,0.9720502,0.77068704,0.13043478260869565,0.9720502,0.8640938,0.77068704,0.81141794,-0.0076004442254545106,0.051530425,0.07083821,0.07083821,0.9877536,0.9169154,0.17391304347826086,0.9877536,0.94284457,0.9169154,0.9218046,-0.0029268092788726436,0.020040927,0.055320263,0.055320263,1.0000392,0.94471896,0.20833333333333334,1.0000392,0.96875113,0.94471896,0.9504338,-0.002433848666108195,0.017184753,0.49814146757125854
15088.mp4,bad,0.9339446425437927,0.6150457859039307,0.67389333,0.64373225,0.74149024,0.09775797,0.0,0.74149024,0.1497582,0.06759694,0.07515794,-0.014210491039948508,0.15689336,0.35011542,0.29075694,0.8775499,0.58679295,0.0,0.8775499,0.605873,0.52743447,0.54619586,-0.008911882170104236,0.08529422,0.09766743332147598,0.5847727,0.57093227,0.81714404,0.24621177,0.0,0.81714404,0.34060535,0.2323713,0.2379842,-0.018002703594478236,0.15463491,0.26471013,0.20816666,0.9013331,0.69316643,0.043478260869565216,0.9013331,0.7035404,0.63662297,0.6547672,-0.0069760774435262095,0.06466942,0.65743566,0.5904772,1.0003649,0.40988767,0.0,1.0003649,0.44176233,0.3429292,0.35631105,-0.010624131676943416,0.13277306,0.11666333675384521
5825.mp4,bad,0.9666149020195007,0.8771727085113525,0.73767304,0.564348,0.9547887,0.3904407,0.0,0.9547887,0.48118764,0.21711564,0.24979374,-0.03302405103157633,0.267651,0.29068446,0.22105765,0.97489226,0.7538346,0.043478260869565216,0.97489226,0.8023964,0.6842078,0.7132767,-0.012734897110773172,0.10136467,0.11653323471546173,0.29126686,0.17403233,0.9616598,0.78762746,0.13043478260869565,0.9616598,0.82273287,0.67039293,0.74362606,-0.009960718717970876,0.07732894,0.12603867,0.083701074,0.9861561,0.90245503,0.08695652173913043,0.9861561,0.9189297,0.86011744,0.8893472,-0.0045240829466831,0.035866953,0.15438133,0.0802834,1.0001745,0.9198911,0.16666666666666666,1.0001745,0.9288891,0.8457932,0.86510915,-0.006110524794329777,0.048650578,0.2537752389907837
6648.mp4,bad,0.9800933599472046,0.9012587666511536,0.9247881,0.7079094,0.98166394,0.27375454,0.13043478260869565,0.98166394,0.46743065,0.056875844,0.10371543,-0.03405435170183189,0.26873764,0.3584364,0.3584364,0.98777103,0.6293346,0.30434782608695654,0.98777103,0.7906473,0.6293346,0.64725363,-0.016445351271290074,0.117028326,0.11696618795394897,0.43263817,0.43263817,0.982455,0.54981685,0.2608695652173913,0.982455,0.79151934,0.54981685,0.59139985,-0.01954833303280028,0.14136228,0.19953835,0.19953835,0.9924042,0.7928659,0.2608695652173913,0.9924042,0.9076135,0.7928659,0.8146151,-0.008856421991770454,0.06270226,0.1724205,0.1655336,1.0005639,0.83503026,0.25,1.0005639,0.9425947,0.82814336,0.8533846,-0.0076352610017942505,0.060656995,0.36534303426742554
15862.mp4,bad,0.9955695867538452,0.9900909662246704,0.06446397,-0.036889434,0.94467294,0.9815624,0.08695652173913043,0.9838322,0.9628268,0.88020897,0.9464277,0.0022093522925621754,0.026437927,0.020878553,-0.031052351,0.9547434,0.98579574,0.13043478260869565,0.9864687,0.97043574,0.93386483,0.9565795,0.0011905811049721707,0.013501907,0.008467565290629864,0.033557296,-0.03350526,0.948057,0.98156226,0.13043478260869565,0.9838324,0.96626806,0.9144997,0.9502421,0.0015529656245303178,0.01741195,0.0046058893,-0.01539731,0.9733236,0.9887209,0.13043478260869565,0.9894029,0.97890323,0.9687177,0.97215873,0.000501396509969651,0.00656721,0.014641941,0.0043118,1.0006709,0.9963591,0.20833333333333334,1.0006709,0.9922512,0.98602897,0.98779666,8.920449277627631e-05,0.004008451,0.544586181640625
6575.mp4,good,0.9907591342926025,0.9731513857841492,0.77780485,0.77780485,0.9542478,0.17644289,0.30434782608695654,0.95849663,0.51123345,0.17644289,0.18919358,-0.028330078458950934,0.25884596,0.30209172,0.30209172,0.97349614,0.6714044,0.30434782608695654,0.97393924,0.82353973,0.6714044,0.676701,-0.012178130830700688,0.10304208,0.1134122759103775,0.16420954,0.16216183,0.9595023,0.79734045,0.17391304347826086,0.9620218,0.85811424,0.79529274,0.8030654,-0.0053623760995186315,0.053596485,0.079919934,0.079919934,0.9842769,0.90435696,0.2608695652173913,0.9842769,0.9369522,0.90435696,0.9066234,-0.0028770365144895546,0.02619736,0.053613186,0.050286293,1.0001974,0.9499111,0.25,1.0001974,0.97401494,0.9465842,0.95242727,-0.0014322237864784857,0.016352765,0.5091057419776917
16852.mp4,good,0.9692028164863586,0.9284425377845764,0.58605045,0.5857122,0.77499986,0.18928763,0.0,0.77499986,0.27411178,0.1889494,0.19512387,-0.015286160640330193,0.1469909,0.41870433,0.41870433,0.9163172,0.4976129,0.0,0.9163172,0.5722105,0.4976129,0.4990894,-0.01357619803060184,0.1181679,0.2580529451370239,0.2851401,0.2490012,0.8855737,0.6365725,0.043478260869565216,0.8855737,0.68540895,0.6004336,0.6263327,-0.008796655731238874,0.075179756,0.13860875,0.13482887,0.9412146,0.80638576,0.0,0.9412146,0.8302635,0.80260587,0.8059261,-0.004266012857553991,0.03721054,0.1938492,0.17573953,1.0001898,0.82445025,0.08333333333333333,1.0001898,0.8671441,0.8063406,0.8117428,-0.007382664006689355,0.057551663,0.20183464884757996
6737.mp4,good,0.9773962497711182,0.9366510510444641,0.6699359,0.64279795,0.84784514,0.20504719,0.0,0.84784514,0.30562752,0.17790924,0.18575174,-0.02210030631114372,0.19090639,0.37274253,0.34946364,0.9381068,0.58864313,0.0,0.9381068,0.65599614,0.56536424,0.57409286,-0.012238750344679769,0.110319205,0.21357513964176178,0.18050146,0.1599229,0.90503365,0.74511075,0.043478260869565216,0.90503365,0.7766476,0.7245322,0.735546,-0.005677870610957082,0.048531532,0.12036282,0.10789096,0.9570074,0.84911644,0.043478260869565216,0.9570074,0.8695712,0.8366446,0.84111327,-0.003930272203189119,0.032713268,0.10497153,0.1016196,1.0003357,0.8987161,0.0,1.0003357,0.9216289,0.89536417,0.8988344,-0.003107861202696115,0.028524045,0.4323238730430603
17412.mp4,bad,0.9610462188720703,0.9271727800369263,0.6252681,0.62345725,0.86688405,0.2434268,0.0,0.86688405,0.38414434,0.24161595,0.24823633,-0.022398236741425968,0.17006338,0.3496768,0.3496768,0.9413065,0.5916297,0.21739130434782608,0.9413065,0.7153463,0.5916297,0.608712,-0.01460017646725471,0.099879906,0.1597917675971985,0.17782176,0.17216885,0.9077569,0.7355881,0.08695652173913043,0.9077569,0.77973664,0.72993517,0.74343455,-0.005415508869608424,0.04351112,0.11459303,0.11459303,0.9590061,0.84441304,0.043478260869565216,0.9590061,0.8751381,0.84441304,0.8518065,-0.0037698454772059683,0.028955394,0.20105237,0.17697,1.0000749,0.82310486,0.08333333333333333,1.0000749,0.8655419,0.7990225,0.8166631,-0.006357628573542083,0.054303523,0.4402492046356201
15777.mp4,bad,0.9784536957740784,0.9574384689331055,0.63561034,0.63561034,0.85694015,0.22132984,0.0,0.85694015,0.3791831,0.22132984,0.23544358,-0.024936053798839515,0.18983923,0.348675,0.34652007,0.9367771,0.59025705,0.0,0.9367771,0.6910686,0.5881021,0.5918243,-0.014447672447197062,0.103337556,0.17301984131336212,0.15747619,0.15415329,0.8912116,0.73705834,0.043478260869565216,0.8912116,0.7738247,0.73373544,0.74206924,-0.004804772173934314,0.03793433,0.10976517,0.102027535,0.9501139,0.84808636,0.0,0.9501139,0.8640885,0.8403487,0.84247285,-0.0034601880981045816,0.027955398,0.11765945,0.099203825,0.9994893,0.9002855,0.041666666666666664,0.9994893,0.91269255,0.88182986,0.88637406,-0.0031270508144212905,0.028643163,0.4468090832233429
6571.mp4,bad,0.9947136640548706,0.9804023504257202,0.63214546,0.035649538,0.9873213,0.9516718,0.30434782608695654,0.9873213,0.7611771,0.35517585,0.3727345,0.018285023188402527,0.270419,0.2197249,0.017228484,0.9927547,0.9755262,0.30434782608695654,0.9927547,0.91366726,0.7730298,0.77840555,0.0058904512833229655,0.09248175,0.04676632210612297,0.17856908,0.03564942,0.9873212,0.9516718,0.30434782608695654,0.9873212,0.91562635,0.8087521,0.81290716,0.0038720213259632636,0.07171004,0.079505086,0.015745342,0.9928106,0.97706527,0.30434782608695654,0.9928106,0.9604336,0.9133055,0.91425276,0.0017794242842866764,0.03255284,0.029372811,0.01306957,1.0000982,0.98702866,0.2916666666666667,1.0000982,0.9874935,0.9707254,0.971093,0.00019515405530513228,0.010677285,0.4442988634109497
5995.mp4,bad,0.9084120392799377,0.8432793617248535,0.87396264,0.8065397,0.9318696,0.12532991,0.0,0.9318696,0.1537215,0.057907004,0.07212672,-0.010065691891630653,0.17169055,0.60532814,0.5856775,0.96692586,0.38124835,0.0,0.96692586,0.49715358,0.36159772,0.3803261,-0.019133418415610497,0.1608761,0.2990572154521942,0.38363624,0.38117898,0.9378116,0.55663264,0.0,0.9378116,0.63923115,0.5541754,0.557757,-0.012077204676956055,0.09371288,0.2444036,0.24184036,0.9770529,0.73521256,0.0,0.9770529,0.79621077,0.7326493,0.7357807,-0.009232349369836896,0.069353834,0.38504952,0.3238998,0.9995697,0.6756699,0.041666666666666664,0.9995697,0.7622409,0.6145202,0.6498271,-0.01579698842504751,0.11892335,0.4095703065395355
17226.mp4,bad,0.9878291487693787,0.9284131526947021,0.13322961,0.13063864,0.2655819,0.13494326,0.0,0.2655819,0.14303301,0.13235229,0.13377565,-0.0017987433747340613,0.02668401,0.3295485,0.31843448,0.6945878,0.37615335,0.0,0.6945878,0.39173087,0.36503932,0.37087384,-0.004157415285647629,0.06675135,0.42370185256004333,0.11588156,0.10171461,0.7970855,0.6953709,0.0,0.7970855,0.69493634,0.68120396,0.68336415,-0.0014528011969426953,0.02369158,0.08387232,0.08203328,0.888869,0.8068357,0.0,0.888869,0.81543267,0.80499667,0.80574125,-0.0017651936753465295,0.017875383,0.13725531,0.11632806,0.99979967,0.8834716,0.041666666666666664,0.99979967,0.8914593,0.86254436,0.87131387,-0.0016372670557188078,0.027652875,0.34357598423957825
16823.mp4,good,0.9989285469055176,0.9977537393569946,0.085639715,0.049873948,0.9909097,0.94103575,0.17391304347826086,0.9909097,0.9465214,0.90527,0.9188039,-0.002151383418339536,0.021915779,0.049495578,0.044309378,0.99541223,0.95110285,0.043478260869565216,0.99541223,0.9603377,0.94591665,0.9496121,-0.0014866164079296827,0.013504705,0.012402067892253399,0.07722223,0.04975176,0.99090946,0.9411577,0.17391304347826086,0.99090946,0.9487391,0.9136872,0.9197761,-0.002063099869155128,0.020413209,0.031622767,0.029245377,0.9957253,0.9664799,0.043478260869565216,0.9957253,0.9727398,0.9641025,0.96680844,-0.0009735600043662449,0.008345779,0.006787896,0.006419003,1.0004326,0.9940136,0.041666666666666664,1.0004326,0.995637,0.9936447,0.9940497,-0.00021051209905875587,0.0018344974,0.48616689443588257
6004.mp4,good,0.9347824454307556,0.7325228452682495,0.8843359,0.8512335,0.95558864,0.10435513,0.0,0.95558864,0.15545504,0.07125278,0.077800326,-0.01381348964312803,0.1861123,0.57298774,0.5418234,0.9766209,0.43479753,0.0,0.9766209,0.49106735,0.40363318,0.4166554,-0.013768819068731519,0.1424518,0.328641802072525,0.44686574,0.4370491,0.958155,0.5211059,0.17391304347826086,0.958155,0.6709021,0.51128924,0.5447907,-0.012204585162547268,0.099805035,0.22129118,0.22129118,0.98309267,0.7618015,0.08695652173913043,0.98309267,0.8197091,0.7618015,0.77010965,-0.006139331243254906,0.051728822,0.3573898,0.3458256,1.0002654,0.65443975,0.16666666666666666,1.0002654,0.849783,0.64287555,0.67979527,-0.011426939523738392,0.09376747,0.15462324023246765
15993.mp4,bad,0.953818678855896,0.8632192611694336,0.7005649,0.6515115,0.8779902,0.2264787,0.0,0.8779902,0.26434308,0.17742525,0.19984634,-0.01048191059601637,0.14450474,0.53177714,0.45901328,0.9275837,0.4685704,0.0,0.9275837,0.5070798,0.39580658,0.41592976,-0.010610768505235924,0.12119264,0.31150200963020325,0.28635335,0.20791382,0.8898058,0.681892,0.13043478260869565,0.8898058,0.6971253,0.60345244,0.6398861,-0.005288009469217015,0.059555504,0.19544828,0.13440812,0.9441265,0.8097184,0.13043478260869565,0.9441265,0.8185819,0.7486782,0.76955765,-0.0034393878440140686,0.04181231,0.21276647,0.17968863,0.99974436,0.8200557,0.125,0.99974436,0.8620553,0.7869779,0.8047338,-0.006979642225348445,0.055448055,0.4147520065307617
6228.mp4,bad,0.9431504607200623,0.8269037008285522,0.24636719,0.22996466,0.295071,0.06510635,0.0,0.295071,0.07920993,0.048703827,0.049336933,-0.0040548044871612544,0.050639242,0.29505214,0.24521458,0.75686467,0.5116501,0.043478260869565216,0.75686467,0.53206545,0.46181253,0.47059098,-0.005913578621719204,0.06948924,0.2966268062591553,0.34269127,0.17574894,0.83780915,0.6620602,0.2608695652173913,0.83780915,0.63574046,0.49511787,0.49924892,-0.004945855455200657,0.10577477,0.1467067,0.09251368,0.9240403,0.83152664,0.21739130434782608,0.9240403,0.82869214,0.7773336,0.7827428,-0.0027369287292005624,0.041852653,0.32547855,0.256752,1.000557,0.74380493,0.125,1.000557,0.77559227,0.6750784,0.6800147,-0.008051970471506563,0.09522422,0.3347817063331604
17158.mp4,good,0.9403828382492065,0.8188143372535706,0.27186182,0.23831275,0.33806792,0.09975517,0.043478260869565216,0.33806792,0.1230432,0.0662061,0.09554607,-0.002713823794081751,0.05044385,0.2849464,0.2579825,0.7166618,0.45867932,0.0,0.7166618,0.4716467,0.4317154,0.44451952,-0.0042932321254914915,0.059686523,0.3494650721549988,0.05539155,-0.0145382285,0.7234306,0.7379688,0.17391304347826086,0.77019227,0.7192501,0.668039,0.6798764,-0.001982217249662968,0.027165137,0.054309845,0.027517438,0.8538289,0.82631147,0.13043478260869565,0.8571298,0.8211116,0.79951906,0.8022686,-0.0017846042341865718,0.017835828,0.24567556,0.16351378,0.9996327,0.83611894,0.16666666666666666,0.9996327,0.84597105,0.75395715,0.77392006,-0.004629116084264676,0.0595282,0.2918813228607178
17397.mp4,bad,0.9270505309104919,0.7010715007781982,0.5722457,0.5631708,0.6550174,0.09184657,0.0,0.6550174,0.12598552,0.08277169,0.09004243,-0.006517331774821397,0.113316566,0.43658218,0.35335135,0.85534954,0.5019982,0.043478260869565216,0.85534954,0.511779,0.41876736,0.47647604,-0.004463660563876038,0.07734209,0.22379611432552338,0.4647923,0.4076584,0.844367,0.43670863,0.0,0.844367,0.43696097,0.37957472,0.3861528,-0.004436910476373601,0.09246126,0.24377817,0.18853223,0.91930133,0.7307691,0.043478260869565216,0.91930133,0.7355751,0.67552316,0.71070784,-0.0027497382503253215,0.044434384,0.41641068,0.32427758,1.000016,0.6757384,0.041666666666666664,1.000016,0.69558865,0.5836053,0.6447572,-0.00820195428703145,0.09495119,0.1992638111114502
15882.mp4,bad,0.976003885269165,0.9261330366134644,0.33068508,0.22341244,0.42131764,0.1979052,0.17391304347826086,0.42131764,0.19283018,0.09063256,0.10225051,-0.002930634599841629,0.08160019,0.42919266,0.27666187,0.7787441,0.5020822,0.17391304347826086,0.7787441,0.5074942,0.34955144,0.38547218,-0.004441148855469453,0.09971434,0.3077743649482727,0.06592226,0.01688075,0.7094495,0.6925688,0.13043478260869565,0.8291687,0.7045733,0.64352727,0.6600774,-0.0021173360319476876,0.04230214,0.10200828,0.06310594,0.864105,0.80099905,0.13043478260869565,0.89912665,0.81526864,0.7620967,0.7738099,-0.002912063608056497,0.0352467,0.1721785,0.11469257,0.9996196,0.88492703,0.125,0.9996196,0.9026205,0.8274411,0.8467818,-0.004794786442881055,0.04633633,0.4618374705314636
15995.mp4,bad,0.962919294834137,0.930006742477417,0.7680173,0.44907215,0.89915156,0.4500794,0.17391304347826086,0.89915156,0.37763497,0.13113429,0.1346804,-0.012966827088193932,0.21671467,0.47255558,0.21013081,0.95135915,0.74122834,0.21739130434782608,0.95135915,0.68518186,0.47880358,0.48517823,-0.007858707234557914,0.13891385,0.1877017617225647,0.28757918,0.12313539,0.912315,0.7891796,0.21739130434782608,0.912315,0.7717018,0.62473583,0.67753726,-0.003820469845896173,0.06870316,0.16373193,0.08633995,0.964624,0.87828404,0.21739130434782608,0.964624,0.8728837,0.80089206,0.8156729,-0.002789914136818759,0.040130045,0.14608216,0.09351361,0.9994228,0.9059092,0.20833333333333334,0.9994228,0.91337186,0.8533406,0.8619782,-0.0026272069112114435,0.037408978,0.4404295086860657
15046.mp4,bad,0.972715437412262,0.9497731924057007,0.7092632,0.7055648,0.8261591,0.12059431,0.0,0.8261591,0.24659379,0.116895884,0.12089633,-0.020117404439998245,0.16465122,0.576509,0.5761118,0.91141605,0.33530423,0.0,0.91141605,0.47892728,0.33490708,0.34226888,-0.02160593652324716,0.16120784,0.3762815296649933,0.23958576,0.23746264,0.91092324,0.6734606,0.17391304347826086,0.91092324,0.76218873,0.6713375,0.67441094,-0.01149614485120587,0.08536265,0.17229396,0.17229396,0.9524063,0.7801123,0.21739130434782608,0.9524063,0.8552089,0.7801123,0.78592527,-0.008266059541890745,0.05614824,0.37567443,0.36391866,1.000565,0.6366464,0.20833333333333334,1.000565,0.7970495,0.6248906,0.6456771,-0.016674081838649282,0.11698105,0.40341973304748535
15325.mp4,bad,0.9855096936225891,0.9556808471679688,0.57680774,0.5097203,0.95926046,0.44954014,0.0,0.95926046,0.5451875,0.38245273,0.39851126,-0.021948635960991683,0.1688508,0.14847416,0.11526817,0.97964853,0.86438036,0.08695652173913043,0.97964853,0.8781814,0.8311744,0.8407217,-0.004972540931739369,0.039057005,0.06484024226665497,0.15070099,0.10648918,0.95961094,0.85312176,0.08695652173913043,0.95961094,0.8564296,0.80890995,0.8293058,-0.0028521180035097323,0.029104125,0.06280196,0.040400922,0.9811624,0.9407615,0.08695652173913043,0.9811624,0.94302154,0.9183605,0.929132,-0.0017130513907421415,0.014941078,0.063318014,0.032511532,0.99953896,0.9670274,0.125,0.99953896,0.9683296,0.93622094,0.9509796,-0.0010629211042238586,0.014084416,0.4955849051475525
6863.mp4,good,0.9725173711776733,0.8872530460357666,0.83514977,0.83208966,0.93453586,0.10244618,0.0,0.93453586,0.2959885,0.09938608,0.101676166,-0.0312897671941712,0.26207697,0.36222917,0.36222917,0.962887,0.6006578,0.0,0.962887,0.7115053,0.6006578,0.60093534,-0.016807683489539395,0.12890352,0.17896507680416107,0.21627927,0.18967718,0.95642316,0.766746,0.0,0.95642316,0.79087293,0.7401439,0.7500598,-0.005666658400075697,0.052920464,0.110806644,0.107420504,0.9750492,0.8676287,0.0,0.9750492,0.8904705,0.86424255,0.864556,-0.0038121969332336786,0.032259777,0.16310954,0.066239774,1.0002193,0.9339796,0.16666666666666666,1.0002193,0.92639375,0.8371098,0.8587029,0.0005511850377787491,0.03849778,0.2570069134235382
16912.mp4,good,0.9653816223144531,0.8948907256126404,0.8382734,0.8347264,0.9597076,0.12498123,0.0,0.9597076,0.25856635,0.12143423,0.12507007,-0.021761279781404227,0.19071943,0.5166562,0.50979906,0.9791734,0.46937436,0.0,0.9791734,0.5701728,0.4625172,0.46817368,-0.017168310908931998,0.13514635,0.19407784938812256,0.43986958,0.42515475,0.96274334,0.5375886,0.0,0.96274334,0.6290886,0.52287376,0.52450776,-0.01632969163858844,0.12540668,0.29144335,0.28574562,0.98406637,0.69832075,0.0,0.98406637,0.76425064,0.692623,0.69448185,-0.011203099852022924,0.08371358,0.44910157,0.4408571,1.000246,0.55938894,0.041666666666666664,1.000246,0.7161479,0.5511445,0.55962837,-0.021983950267667363,0.16417062,0.32296159863471985
15262.mp4,bad,0.9970249533653259,0.9923872351646423,0.68513644,0.674477,0.9065616,0.23208463,0.0,0.9065616,0.3271596,0.22142516,0.22795379,-0.01983700401109198,0.18265657,0.15264064,0.13120794,0.9694017,0.8381938,0.0,0.9694017,0.8473259,0.8167611,0.81975913,-0.0036834966641640936,0.035201926,0.0909833088517189,0.14226264,0.1015681,0.9272275,0.8256594,0.043478260869565216,0.9272275,0.8315637,0.78496486,0.8043963,-0.003351204774596501,0.034038685,0.057683468,0.043118954,0.97945786,0.9363389,0.043478260869565216,0.97945786,0.93830913,0.9217744,0.92579305,-0.001479551843974887,0.01394086,0.02598852,0.01628387,1.0001177,0.9838338,0.08333333333333333,1.0001177,0.9842256,0.97412914,0.9780587,-0.0005691683292388902,0.006337586,0.4557681977748871
16573.mp4,bad,0.9945541620254517,0.9834603071212769,0.3096481,0.16791928,0.91613984,0.74822056,0.043478260869565216,0.9170014,0.7655258,0.60649174,0.7194054,-0.004351662670670784,0.07291944,0.059083045,0.03912419,0.96283346,0.9237093,0.043478260869565216,0.96283346,0.9298888,0.9037504,0.9224378,-0.001109164870774798,0.01373317,0.02998027391731739,0.10025859,0.08317053,0.9315628,0.84839225,0.0,0.9315628,0.8593939,0.8313042,0.8362816,-0.0026882072329050062,0.028908402,0.024784088,0.022127926,0.97916657,0.95703864,0.0,0.97916657,0.95986897,0.9543825,0.9555562,-0.0007056601551681678,0.0074196374,0.024196744,0.019479215,1.0003666,0.98088735,0.041666666666666664,1.0003666,0.98235196,0.9761698,0.97739017,-0.0005190054489218977,0.006171385,0.5554364323616028
16900.mp4,bad,0.9902472496032715,0.9836152195930481,0.6173382,0.5685293,0.8874938,0.31896448,0.0,0.8874938,0.41016248,0.27015564,0.2857282,-0.021445752279796157,0.17397891,0.28170478,0.24390197,0.9416324,0.6977304,0.0,0.9416324,0.73183066,0.6599276,0.6618635,-0.009992131661520643,0.084465936,0.163863405585289,0.15975416,0.11682975,0.91983235,0.8030026,0.13043478260869565,0.91983235,0.81169194,0.7600782,0.76798064,-0.003996267149099729,0.039131664,0.093315005,0.06464177,0.9591234,0.8944816,0.13043478260869565,0.9591234,0.8956939,0.86580837,0.8718991,-0.0024185505780306774,0.023101747,0.09052384,0.051468074,1.0005776,0.9491095,0.16666666666666666,1.0005776,0.9485735,0.91005373,0.9226138,-0.0019496329193530017,0.020714942,0.32482248544692993
16848.mp4,good,0.9858829379081726,0.9590209126472473,0.7914894,0.7898599,0.92762434,0.13776445,0.0,0.92762434,0.22273664,0.13613491,0.13864507,-0.018362328174557154,0.19553289,0.5374075,0.5357372,0.9629859,0.42724866,0.0,0.9629859,0.5127937,0.42557836,0.43069583,-0.0165654518623126,0.15126666,0.3397367596626282,0.21888739,0.212013,0.9297703,0.7177573,0.0,0.9297703,0.7462766,0.7108829,0.71502763,-0.005401017225306968,0.051330365,0.13865322,0.13432091,0.96917135,0.83485043,0.0,0.96917135,0.8525304,0.8305181,0.8324776,-0.003739385618993888,0.034201723,0.12449968,0.11761087,0.999973,0.8823621,0.041666666666666664,0.999973,0.9129335,0.8754733,0.8822151,-0.004567417761553907,0.036487766,0.46667882800102234
15584.mp4,normal,0.991554319858551,0.9773560762405396,0.6419504,0.14796138,0.97987103,0.83190966,0.2608695652173913,0.97987103,0.625427,0.3379206,0.3497085,0.00796587788775976,0.2091232,0.18044674,0.058265448,0.98920584,0.9309404,0.2608695652173913,0.98920584,0.8836689,0.8087591,0.8227322,0.001737360249866132,0.05083535,0.05228050798177719,0.19885921,0.09570116,0.9798711,0.88416994,0.21739130434782608,0.9798711,0.848986,0.7810119,0.79654527,0.0009459181147601661,0.04722073,0.07974416,0.042874992,0.99006706,0.9471921,0.13043478260869565,0.99006706,0.9359494,0.9103229,0.91427845,2.3421150422393235e-05,0.018594842,0.07437217,0.021016896,1.000377,0.97936016,0.20833333333333334,1.000377,0.9674921,0.9260049,0.944008,0.00026738703250882626,0.019515116,0.5320282578468323
15820.mp4,normal,0.9779477119445801,0.967052161693573,0.8039526,0.7964331,0.8621088,0.065675706,0.0,0.8621088,0.1832507,0.058156263,0.064244874,-0.021712121288678627,0.1959464,0.62563056,0.6194434,0.93840516,0.31896177,0.0,0.93840516,0.4671897,0.3127746,0.32123026,-0.02442777195113451,0.1840758,0.3719179034233093,0.22904557,0.22148961,0.9008981,0.6794085,0.043478260869565216,0.9008981,0.73044074,0.6718525,0.6796769,-0.007363897950752935,0.057973754,0.16320401,0.16320401,0.9551464,0.79194236,0.13043478260869565,0.9551464,0.8391075,0.79194236,0.7961619,-0.00593729941505688,0.042899482,0.1425947,0.14195603,1.0001628,0.8582068,0.16666666666666666,1.0001628,0.92371744,0.85756814,0.8659378,-0.005045025944709797,0.03734139,0.4382684528827667
5788.mp4,normal,0.9944186806678772,0.9821326732635498,0.36808532,0.039933205,0.9807571,0.9408239,0.043478260869565216,0.9807571,0.7325327,0.6126718,0.63097674,-0.006199787963520403,0.119707674,0.11219591,0.017400503,0.98195404,0.96455353,0.0,0.98195404,0.9020758,0.8697581,0.87244797,-0.0019013895818838571,0.035511024,0.045767318457365036,0.12962037,0.03501427,0.98153293,0.94651866,0.043478260869565216,0.98153293,0.8873777,0.85191256,0.8569206,-0.0015939583655874,0.034630135,0.059765935,0.014837503,0.99067163,0.97583413,0.043478260869565216,0.99067163,0.9478431,0.9309057,0.9332705,-0.0008641338277711418,0.01626168,0.040726244,0.011762261,1.000377,0.9886148,0.20833333333333334,1.000377,0.9749802,0.9596508,0.96095824,-0.000691335875055085,0.011175685,0.4360513687133789
6832.mp4,good,0.9868840575218201,0.9627193212509155,0.5393757,0.43281007,0.6920778,0.25926775,0.0,0.6920778,0.27227288,0.15270211,0.16221501,-0.009296431739928692,0.12726527,0.24211884,0.12592822,0.89640975,0.7704815,0.13043478260869565,0.89640975,0.76613784,0.6542909,0.6938697,-0.00547453814108853,0.058591172,0.1486666351556778,0.14728296,0.0680294,0.8962499,0.8282205,0.21739130434782608,0.8962499,0.814658,0.74896693,0.7655296,-0.00291680912726482,0.03861605,0.08899319,0.049957395,0.95884097,0.9088836,0.13043478260869565,0.95884097,0.91480446,0.8698478,0.8824186,-0.002402465510745295,0.022391424,0.06128913,0.030856311,0.9996354,0.9687791,0.20833333333333334,0.9996354,0.9755629,0.93834627,0.9545108,-0.0014770440433336616,0.0141665535,0.2486838549375534
15002.mp4,good,0.9326165318489075,0.7989209890365601,0.45284873,0.42877364,0.5126879,0.083914265,0.0,0.5126879,0.1176397,0.059839185,0.06828267,-0.008245495968892172,0.10410242,0.38358772,0.31654164,0.8157482,0.49920657,0.0,0.8157482,0.51911426,0.4321605,0.44692016,-0.0058530722211001,0.08912126,0.2805706560611725,0.32172585,0.16186923,0.8287022,0.666833,0.2608695652173913,0.8287022,0.6438704,0.50697637,0.5367913,0.0007293230813482541,0.07854883,0.19545513,0.08867532,0.90585274,0.8171774,0.2608695652173913,0.90585274,0.7996849,0.7103976,0.7341037,0.001084783331678777,0.049431223,0.72035193,0.0914489,1.0001459,0.908697,0.16666666666666666,1.0001459,0.74863607,0.279794,0.38703382,0.015254083988459205,0.2203488,0.3152332305908203
20074.mp4,good,0.9734877943992615,0.9422923922538757,0.69650733,0.20464736,0.9685208,0.76387346,0.17391304347826086,0.9685208,0.50619745,0.2720135,0.28486395,-0.014962108533372999,0.21689157,0.27628493,0.07496703,0.9820018,0.90703475,0.21739130434782608,0.9820018,0.8239142,0.70571685,0.71913815,-0.006746164953755761,0.08413326,0.09121926873922348,0.23137367,0.0839991,0.96920776,0.88520867,0.2608695652173913,0.96920776,0.8197808,0.7378341,0.7386141,-0.005711367773444275,0.06908512,0.118572235,0.04193479,0.98757184,0.94563705,0.2608695652173913,0.98757184,0.9151334,0.8689996,0.86963236,-0.0032405312589034604,0.03607356,0.13549393,0.03440875,0.99999684,0.9655881,0.08333333333333333,0.99999684,0.9169507,0.8645029,0.87792677,-0.002594360398209635,0.04039309,0.5309818983078003
15781.mp4,bad,0.9741654396057129,0.9522075653076172,0.49706537,0.49133176,0.59072876,0.09939702,0.0,0.59072876,0.17876412,0.09366338,0.09916679,-0.014953586048347211,0.12617162,0.5378767,0.53532624,0.8654167,0.33009046,0.0,0.8654167,0.45137268,0.32754,0.3286749,-0.01999200323942621,0.15143631,0.3641149699687958,0.22176635,0.21772361,0.8431208,0.6253972,0.043478260869565216,0.8431208,0.68201315,0.62135446,0.6255132,-0.00825193918976388,0.06039624,0.16503692,0.16301882,0.9265897,0.7635709,0.21739130434782608,0.9265897,0.8154875,0.7615528,0.763669,-0.00705953389995183,0.049190532,0.29427916,0.281752,1.0005144,0.7187624,0.041666666666666664,1.0005144,0.80126643,0.70623523,0.72000337,-0.011121835760448328,0.08413392,0.40331190824508667
5681.mp4,normal,0.9782819151878357,0.9590963125228882,0.42737156,0.36609888,0.61964935,0.25355047,0.13043478260869565,0.61964935,0.33253568,0.1922778,0.20840791,-0.015746468994692852,0.120757125,0.21515703,0.17905122,0.87303245,0.69398123,0.08695652173913043,0.87303245,0.74079746,0.6578754,0.6817651,-0.008529528622099528,0.06415702,0.14915195107460022,0.1110242,0.09551704,0.8641751,0.76865804,0.17391304347826086,0.8641751,0.7961307,0.7531509,0.7559924,-0.004554517302117321,0.03355602,0.084130645,0.07373965,0.94309664,0.869357,0.17391304347826086,0.94309664,0.88994944,0.858966,0.86377,-0.0033942118228188576,0.024620911,0.08993375,0.08148885,1.0002924,0.9188036,0.16666666666666666,1.0002924,0.9368703,0.91035867,0.91216564,-0.002969639197639816,0.023534978,0.5332308411598206
15829.mp4,bad,0.9490477442741394,0.9288003444671631,0.7026882,0.7026882,0.7481451,0.04545691,0.0,0.7481451,0.17047288,0.04545691,0.058453318,-0.017951853602771246,0.1544354,0.6413376,0.6413376,0.896206,0.25486845,0.0,0.896206,0.43723404,0.25486845,0.2707832,-0.025134094648446032,0.18292846,0.3111321032047272,0.3784131,0.3784131,0.8464467,0.46803358,0.17391304347826086,0.8464467,0.6258773,0.46803358,0.4999695,-0.01501535968818213,0.1022183,0.32442808,0.32442808,0.9334338,0.6090057,0.17391304347826086,0.9334338,0.74836606,0.6090057,0.62765205,-0.014146382217350687,0.0946957,0.3675022,0.3675022,1.000404,0.6329018,0.25,1.000404,0.8284228,0.6329018,0.6725619,-0.0160389767781548,0.112857886,0.19803902506828308
6882.mp4,good,0.9712826013565063,0.9065390825271606,0.57088023,0.3632068,0.6562526,0.29304582,0.17391304347826086,0.6562526,0.33820957,0.0853724,0.1483171,-0.0019362213995616924,0.14571284,0.329723,0.13751799,0.88132226,0.7438043,0.17391304347826086,0.88132226,0.7525169,0.55159926,0.6729461,-0.00028135866044539537,0.07305357,0.16593870520591736,0.11547589,0.066058636,0.8717984,0.80573976,0.08695652173913043,0.8717984,0.8247543,0.7563225,0.7951131,-0.0017036273192040077,0.031916942,0.07802218,0.03343147,0.9468801,0.91344863,0.08695652173913043,0.9468801,0.91845554,0.8688579,0.90869224,-0.0006178251132663555,0.016828245,0.12524629,0.04433942,1.0004349,0.95609546,0.125,1.0004349,0.9548869,0.8751886,0.9293279,-0.0008346829207047467,0.024716388,0.48595207929611206
16376.mp4,bad,0.9686821699142456,0.9395025968551636,0.52510726,0.5204094,0.59029126,0.06988185,0.0,0.59029126,0.13012208,0.06518397,0.06578949,-0.012640498644808538,0.122743905,0.6001884,0.6001884,0.8405983,0.24040994,0.0,0.8405983,0.3773902,0.24040994,0.25213546,-0.021142687457116706,0.16127385,0.4369840621948242,0.23490596,0.23490596,0.82380664,0.5889007,0.08695652173913043,0.82380664,0.68442625,0.5889007,0.6312917,-0.007945440974631329,0.05791339,0.15560383,0.15560383,0.91038644,0.7547826,0.17391304347826086,0.91038644,0.8143743,0.7547826,0.77333206,-0.005465166429757138,0.038288083,0.187267,0.16851497,0.9998756,0.83136064,0.08333333333333333,0.9998756,0.8728476,0.8126086,0.82610977,-0.006551303837610353,0.051246673,0.2937414050102234
15296.mp4,normal,0.9978789687156677,0.9875587224960327,0.4857843,0.4591601,0.9847908,0.5256307,0.0,0.9847908,0.6413449,0.4990065,0.5117913,-0.019124853987938808,0.14784119,0.13456947,0.13456947,0.9852583,0.8506888,0.0,0.9852583,0.8941064,0.8506888,0.8537182,-0.006080113027406789,0.04355663,0.055299438536167145,0.20751238,0.14965928,0.98594046,0.8362812,0.17391304347826086,0.98594046,0.8505774,0.7784281,0.78409046,-0.0069636795596171724,0.0591056,0.058359563,0.051054716,0.98876274,0.937708,0.13043478260869565,0.98876274,0.9494059,0.9304032,0.9316809,-0.002296624447517261,0.017685093,0.027617693,0.006222248,0.9999428,0.99372053,0.16666666666666666,0.9999428,0.98612946,0.9723251,0.9766812,-0.00031929070534915697,0.008213165,0.5774229764938354
15881.mp4,normal,0.9712390303611755,0.9410207867622375,0.5756834,0.5729931,0.8497937,0.27680057,0.0,0.8497937,0.36802027,0.27411026,0.27940312,-0.01626009588302831,0.14517528,0.32031095,0.32031095,0.9299586,0.60964763,0.0,0.9299586,0.6964118,0.60964763,0.61920077,-0.011858139054577332,0.0886581,0.20443016290664673,0.11080718,0.10638261,0.8885802,0.7821976,0.08695652173913043,0.8885802,0.80861646,0.777773,0.7824011,-0.0033586317960452826,0.027209075,0.07586002,0.07586002,0.9582263,0.8823663,0.043478260869565216,0.9582263,0.9008421,0.8823663,0.88372016,-0.002319602038078169,0.018416213,0.17722654,0.12738574,0.99944246,0.8720567,0.125,0.99944246,0.89709586,0.8222159,0.84352326,-0.00451031817042312,0.043206867,0.5316322445869446
6133.mp4,bad,0.935549795627594,0.6570294499397278,0.15161866,0.031546026,0.24867278,0.21712676,0.043478260869565216,0.69531107,0.28655368,0.09705412,0.12557067,-0.013352591993485988,0.16577311,0.29036653,0.028389812,0.7450424,0.7166526,0.17391304347826086,0.8901795,0.70921975,0.45467585,0.5792064,-0.011118722439047855,0.1238359,0.19219885766506195,0.07487202,-0.015857935,0.7983488,0.8142067,0.13043478260869565,0.89757967,0.7974673,0.72347677,0.74268734,-0.004113558252809553,0.053480063,0.04637289,0.010492802,0.9115143,0.9010215,0.21739130434782608,0.94927853,0.9014186,0.8651414,0.86969274,-0.0025941997530903368,0.02922792,0.26140773,0.22061032,1.000319,0.7797087,0.08333333333333333,1.000319,0.8501484,0.7389113,0.7613426,-0.009146239498387233,0.09029868,0.4403526782989502
15318.mp4,bad,0.9978722333908081,0.9923809766769409,0.34231472,0.063001275,0.9909549,0.9279536,0.17391304347826086,0.9909549,0.85890985,0.64864016,0.67576027,-0.0009703925357976909,0.09335279,0.08747959,0.047460973,0.99531925,0.9478583,0.17391304347826086,0.99531925,0.9447869,0.90783966,0.91112316,-0.000992337646691688,0.021246007,0.021984651684761047,0.14688098,0.059015155,0.990955,0.93193984,0.21739130434782608,0.990955,0.9086833,0.844074,0.8544368,-0.001466830375166267,0.0353594,0.0411669,0.02962184,0.99531925,0.9656974,0.13043478260869565,0.99531925,0.9667715,0.95415235,0.95695364,-0.0006791002194401052,0.009301934,0.011618197,0.010528564,0.9993539,0.9888253,0.041666666666666664,0.9993539,0.9910984,0.9877357,0.9888757,-0.0002969733269318503,0.003045289,0.5372579097747803
5719.mp4,bad,0.9604640603065491,0.8903234004974365,0.6788704,0.6788704,0.7223043,0.04343391,0.08695652173913043,0.8761959,0.27930576,0.04343391,0.06289856,-0.026620308345868413,0.22616827,0.41851988,0.41851988,0.9083963,0.48987642,0.13043478260869565,0.95186853,0.69124013,0.48987642,0.5660839,-0.014659093096557798,0.11383723,0.21728357672691345,0.14242959,0.14242959,0.88878274,0.74635315,0.08695652173913043,0.90587986,0.811722,0.74635315,0.774536,-0.0045567676130490965,0.040331293,0.09243995,0.08705109,0.9567037,0.8696526,0.17391304347826086,0.9635769,0.9085236,0.8642638,0.87571746,-0.0032218099229420686,0.025242532,0.12737614,0.10229808,0.99953383,0.89723575,0.125,0.99953383,0.9274772,0.8721577,0.8857137,-0.0034053689500560193,0.03212428,0.48963239789009094
6938.mp4,good,0.9781428575515747,0.9280116558074951,0.874502,0.87121946,0.95261335,0.08139388,0.0,0.95261335,0.32945868,0.07811135,0.081775725,-0.03263016753340427,0.26464394,0.4026932,0.39787698,0.97786504,0.57998806,0.17391304347826086,0.97786504,0.75012374,0.5751718,0.6043379,-0.014618532636420059,0.10972871,0.15353143215179443,0.27828032,0.27536404,0.9584259,0.68306184,0.17391304347826086,0.9584259,0.786204,0.68014556,0.68683124,-0.009930629562954676,0.07539854,0.14763695,0.14539188,0.98314774,0.83775586,0.17391304347826086,0.98314774,0.90365493,0.8355108,0.84751153,-0.005170130152476143,0.04026076,0.112501085,0.11235291,0.9997868,0.8874339,0.125,0.9997868,0.9322791,0.8872857,0.8957265,-0.004008976480235236,0.035421785,0.5012940764427185
16152.mp4,good,0.9961111545562744,0.9775117635726929,0.5740962,0.53781027,0.8973492,0.3595389,0.0,0.8973492,0.42077604,0.32325298,0.34097695,-0.010160508215898588,0.12545832,0.09177482,0.08942342,0.9471456,0.85772216,0.0,0.9471456,0.8716327,0.85537076,0.8576794,-0.00220130136597299,0.019692171,0.06935224682092667,0.11976874,0.10719335,0.92665446,0.8194611,0.17391304347826086,0.92665446,0.8426912,0.8068857,0.8091772,-0.0043123633611814715,0.032185648,0.048762202,0.047252834,0.97490144,0.9276486,0.043478260869565216,0.97490144,0.9409851,0.92613924,0.92745405,-0.0020007302049591504,0.0142266955,0.0954299,0.089460135,1.000155,0.91069484,0.0,1.000155,0.9278145,0.9047251,0.90735143,-0.0031614940321963866,0.026163798,0.41952618956565857
6137.mp4,bad,0.9764557480812073,0.9171557426452637,0.81974095,0.81974095,0.96810544,0.14836447,0.08695652173913043,0.96810544,0.42160264,0.14836447,0.20208092,-0.0345658520788779,0.2501258,0.49077532,0.49077532,0.98132116,0.49054584,0.17391304347826086,0.98132116,0.77095026,0.49054584,0.5749202,-0.019684548463981603,0.13313651,0.07162999361753464,0.686854,0.686854,0.96901566,0.28216165,0.08695652173913043,0.96901566,0.5527173,0.28216165,0.35414863,-0.03217978313152969,0.22931996,0.3472113,0.3472113,0.9882583,0.641047,0.13043478260869565,0.9882583,0.8425803,0.641047,0.71489704,-0.013729595501903485,0.092902556,0.34221768,0.31851345,1.0005763,0.6820628,0.16666666666666666,1.0005763,0.81894666,0.6583586,0.6925008,-0.015970092338064453,0.114928134,0.2147764265537262
7012.mp4,normal,0.9827579259872437,0.922556459903717,0.5511434,0.32933575,0.9840622,0.65472645,0.08695652173913043,0.9840622,0.6093281,0.43291882,0.4723854,-0.008382988512044836,0.13990708,0.1905759,0.10741645,0.9899848,0.88256836,0.08695652173913043,0.9899848,0.8567839,0.7994089,0.80888796,-0.002207066289521025,0.0492635,0.07934530079364777,0.18982041,0.099719286,0.9840622,0.8843429,0.13043478260869565,0.9840622,0.86441547,0.7942418,0.81522214,-0.0011850485335225679,0.041991726,0.092880964,0.04670149,0.99285305,0.94615155,0.21739130434782608,0.99285305,0.9361292,0.8999721,0.91057724,-0.0004899436423901146,0.021400588,0.077234805,0.02051729,0.9996508,0.9791335,0.08333333333333333,0.9996508,0.9696366,0.922416,0.95332694,-0.00041872234448142955,0.019078849,0.476095050573349
16991.mp4,good,0.9690609574317932,0.9406000971794128,0.3048911,0.3048911,0.3778099,0.07291882,0.0,0.3778099,0.12846819,0.07291882,0.08447366,-0.0070044213662976825,0.06430108,0.49966717,0.49966046,0.78604245,0.286382,0.13043478260869565,0.78604245,0.42031816,0.28637528,0.2996501,-0.015650699025557456,0.11711182,0.38549283146858215,0.25372326,0.23661864,0.8363171,0.5996985,0.21739130434782608,0.8363171,0.68132746,0.58259386,0.5991549,-0.010003993162524559,0.07004571,0.1843797,0.1843797,0.91693234,0.73255265,0.17391304347826086,0.91693234,0.805811,0.73255265,0.7418427,-0.007572132431471305,0.051587574,0.2239955,0.2239955,0.99947304,0.7754775,0.16666666666666666,0.99947304,0.90022725,0.7754775,0.8267049,-0.007059025712635234,0.052029196,0.4030677080154419
6961.mp4,bad,0.9620354771614075,0.8809059858322144,0.14474173,0.13971707,0.20599777,0.066280685,0.0,0.20599777,0.078565024,0.061256036,0.06392857,-0.002356245723578769,0.02927336,0.41619113,0.40111208,0.6775214,0.27640933,0.0,0.6775214,0.323488,0.26133028,0.2652514,-0.009245462362238556,0.09513175,0.457971453666687,0.29463232,0.2346093,0.8562013,0.621592,0.043478260869565216,0.8562013,0.63738745,0.561569,0.58694124,-0.0079602287574248,0.06900079,0.16095775,0.1493128,0.91741735,0.76810455,0.0,0.91741735,0.78145945,0.7564596,0.7577396,-0.003918900791364222,0.039732303,0.2845382,0.19498765,0.9995942,0.80460656,0.125,0.9995942,0.8152407,0.715056,0.74332654,-0.004603483417759787,0.06503426,0.15925252437591553
17178.mp4,bad,0.9926639199256897,0.9787230491638184,0.21583903,0.08761519,0.860487,0.7728718,0.13043478260869565,0.87710524,0.78334343,0.64464796,0.7106719,-0.0018455324908019084,0.06133329,0.050135136,0.02582872,0.9481851,0.92235637,0.08695652173913043,0.948243,0.92474276,0.89804995,0.91600466,-0.000861620773439848,0.01234712,0.039320558309555054,0.07841313,0.02532196,0.93151367,0.9061917,0.13043478260869565,0.93151367,0.9051387,0.85310054,0.8771152,-0.00019965441566210666,0.018183367,0.01748705,0.009515703,0.972081,0.9625653,0.13043478260869565,0.9725617,0.9640632,0.95459396,0.9576729,-0.00026891206799759237,0.0047039045,0.023102343,0.020920157,1.0000966,0.9791764,0.08333333333333333,1.0000966,0.9826994,0.9769942,0.97824675,-0.00047783670218096754,0.005025833,0.4728008210659027
17177.mp4,normal,0.9640445709228516,0.9296571016311646,0.8045709,0.8045709,0.9031786,0.09860769,0.0,0.9031786,0.2501959,0.09860769,0.107839316,-0.02660554993470668,0.22554585,0.55391693,0.55391693,0.95666707,0.40275013,0.17391304347826086,0.95666707,0.6383682,0.40275013,0.44206595,-0.023793937042061054,0.1596687,0.15270233154296875,0.5400294,0.5400294,0.9164572,0.3764278,0.17391304347826086,0.9164572,0.54816073,0.3764278,0.39900166,-0.01942060331228694,0.13991377,0.3349915,0.3349915,0.9704758,0.6354843,0.21739130434782608,0.9704758,0.7910706,0.6354843,0.66409415,-0.014046521290488868,0.09376802,0.445858,0.4108864,0.9998003,0.5889139,0.20833333333333334,0.9998003,0.7452622,0.5539423,0.5997228,-0.015508676015812444,0.11235247,0.19426339864730835
17187.mp4,good,0.9719377756118774,0.9464683532714844,0.77985966,0.7643623,0.9298855,0.16552323,0.0,0.9298855,0.26935485,0.15002581,0.15400979,-0.022330561557070548,0.1979178,0.41418982,0.36286515,0.9519483,0.58908314,0.0,0.9519483,0.65186,0.53775847,0.5421305,-0.01582957268232415,0.12028274,0.20527251064777374,0.30478406,0.18849969,0.9403279,0.7518282,0.08695652173913043,0.9403279,0.7183526,0.6355438,0.64625,-0.006238419606751602,0.075741105,0.15744972,0.09932226,0.9707534,0.8714311,0.13043478260869565,0.9707534,0.85713243,0.81330365,0.81710696,-0.003484878909917679,0.04049136,0.196334,0.089147806,1.0000114,0.91086364,0.20833333333333334,1.0000114,0.8847881,0.80367744,0.81973773,-0.005345810418543647,0.05799809,0.3196241855621338
15845.mp4,bad,0.9700465202331543,0.9409300088882446,0.7752613,0.7699951,0.9334934,0.16349828,0.0,0.9334934,0.28240812,0.15823212,0.16101559,-0.022845639865624576,0.20537034,0.4676166,0.46025246,0.96399903,0.50374657,0.0,0.96399903,0.6065269,0.49638245,0.5026815,-0.01806438036940313,0.13815169,0.2525104880332947,0.24899417,0.2241484,0.9345492,0.7104008,0.043478260869565216,0.9345492,0.75285375,0.68555504,0.7066047,-0.007495907161075629,0.058759645,0.15474111,0.13730448,0.9699636,0.8326591,0.043478260869565216,0.9699636,0.8590374,0.8152225,0.8219268,-0.005170733561157714,0.03956955,0.1620357,0.0880214,0.99972427,0.9117029,0.125,0.99972427,0.9075189,0.83768857,0.8608915,-0.0022782492896785142,0.03806218,0.45923081040382385
7488.mp4,normal,0.9912634491920471,0.9626690745353699,0.70730084,-0.014519453,0.94906473,0.9635842,0.17391304347826086,0.9635842,0.558117,0.24176387,0.24940807,0.022609987837288216,0.28074557,0.30392075,-0.007547736,0.9724182,0.9799659,0.17391304347826086,0.9820193,0.82242227,0.66849744,0.6729245,0.008303371755030788,0.11556845,0.09928155690431595,0.29931027,-0.013039947,0.95178944,0.9648294,0.17391304347826086,0.96649784,0.8357016,0.6524792,0.66109484,0.006463374544980488,0.10270603,0.14536381,-0.00301224,0.9807174,0.98372966,0.17391304347826086,0.9844612,0.92170393,0.8353536,0.8378313,0.0030598120373699594,0.050304346,0.07823789,0.0025892854,0.99982136,0.9972321,0.16666666666666666,0.99982136,0.9755891,0.9215835,0.92727613,0.0006494516911713799,0.024924368,0.4366811215877533
20135.mp4,good,0.9939152002334595,0.9898951053619385,0.5299173,0.36073893,0.952553,0.59181404,0.17391304347826086,0.952553,0.6014811,0.42263567,0.4394227,-0.014125071259826536,0.14358184,0.12606305,0.09530681,0.9775998,0.882293,0.13043478260869565,0.9775998,0.8861749,0.85153675,0.8575047,-0.0029179573412469262,0.029323276,0.058957576751708984,0.13538796,0.10908866,0.9554548,0.84636617,0.08695652173913043,0.9554548,0.8581145,0.82006687,0.829075,-0.0036716236780754397,0.031524677,0.04822004,0.039684534,0.98176074,0.9420762,0.0,0.98176074,0.9451324,0.9335407,0.9343554,-0.00130575483024356,0.011692399,0.023822784,0.01697594,1.0005903,0.9836144,0.08333333333333333,1.0005903,0.9847949,0.97676754,0.9803819,-0.0005780943580295951,0.00575313,0.47189921140670776
15382.mp4,bad,0.997037410736084,0.9893230199813843,0.31486076,0.08944535,0.9520307,0.86258537,0.2608695652173913,0.9520307,0.7775674,0.63716996,0.65063506,0.0042512223654584905,0.0973812,0.083779275,0.04214281,0.97205263,0.9299098,0.21739130434782608,0.97205263,0.9180161,0.88827336,0.89050585,5.102022127671448e-05,0.021034978,0.04779016599059105,0.059027314,0.036654353,0.95203066,0.9153763,0.13043478260869565,0.95203066,0.9113933,0.89300334,0.89724934,0.00017871292447853748,0.011978408,0.025766253,0.017337143,0.9843792,0.967042,0.21739130434782608,0.9843792,0.9658063,0.9586129,0.9594268,-0.00023299809029921984,0.0056485976,0.015542507,0.006023705,0.99969685,0.99367315,0.20833333333333334,0.99969685,0.99206305,0.98415434,0.98605037,-4.22387537749168e-05,0.003762315,0.5813387632369995
6245.mp4,normal,0.9340591430664062,0.7219538688659668,0.81665957,0.81587505,0.9675119,0.15163687,0.0,0.9675119,0.26711053,0.1508523,0.16169256,-0.015640140934423973,0.21154733,0.37908387,0.34808296,0.9801269,0.63204396,0.0,0.9801269,0.68897074,0.60104305,0.6335095,-0.007819845801285615,0.08879777,0.2063932865858078,0.33944225,0.2708168,0.9699813,0.6991645,0.13043478260869565,0.9699813,0.78623706,0.63053906,0.7190646,-0.004977421621560111,0.07042055,0.14889741,0.13527513,0.98686755,0.8515924,0.13043478260869565,0.98686755,0.8953641,0.83797014,0.85545063,-0.0023177932844802786,0.03362128,0.18442678,0.10628855,1.0000496,0.89376104,0.20833333333333334,1.0000496,0.9140732,0.8156228,0.85362506,-0.0029401098645251865,0.04925353,0.3623739182949066
6011.mp4,bad,0.9858889579772949,0.9520949125289917,0.73735476,0.55181086,0.96374196,0.41193113,0.30434782608695654,0.96374196,0.573268,0.22638717,0.22808178,-0.03790093366454244,0.30749542,0.321074,0.1712569,0.9676009,0.796344,0.2608695652173913,0.9676009,0.818913,0.6465269,0.6528478,-0.013748907819095803,0.12575877,0.11089468747377396,0.17326778,0.13772857,0.9637419,0.8260133,0.17391304347826086,0.9637419,0.8651256,0.7904741,0.80805993,-0.007269427945962541,0.05653242,0.099565625,0.07068312,0.98440397,0.91372085,0.21739130434782608,0.98440397,0.9298076,0.88483834,0.88668746,-0.004416270512837195,0.035849657,0.07599145,0.02971965,1.000166,0.9704464,0.16666666666666666,1.000166,0.9652357,0.9241746,0.92916507,-0.001588226945503932,0.018964406,0.4216349720954895
15757.mp4,normal,0.9699291586875916,0.8717005252838135,0.71676683,0.71676683,0.88464785,0.16788101,0.0,0.88464785,0.3403938,0.16788101,0.18358609,-0.028097090793574763,0.21861424,0.43462098,0.43462098,0.95024395,0.515623,0.13043478260869565,0.95024395,0.6770895,0.515623,0.53286505,-0.019454313361126477,0.13389976,0.20337273180484772,0.19251055,0.18868744,0.9156281,0.72694063,0.0,0.9156281,0.77382475,0.72311753,0.7260508,-0.007216810826727536,0.054205358,0.116906404,0.116906404,0.96263087,0.84572446,0.043478260869565216,0.96263087,0.88046217,0.84572446,0.85300595,-0.004325797965404081,0.03128133,0.17389107,0.1293835,0.9996393,0.87025577,0.08333333333333333,0.9996393,0.88740724,0.8257482,0.8589453,-0.002933783168378117,0.040795244,0.43542754650115967
15031.mp4,bad,0.9710568785667419,0.9539663791656494,0.37298435,0.11061859,0.84013975,0.72952116,0.21739130434782608,0.84013975,0.7038324,0.4671554,0.6179161,0.0013479940858282886,0.0784421,0.12943631,0.024140656,0.9263087,0.90216804,0.13043478260869565,0.9263087,0.8826313,0.7968724,0.84346753,0.0007758711873306872,0.030977832,0.037120748311281204,0.08024162,0.015232325,0.8585021,0.84326977,0.13043478260869565,0.86097896,0.82253075,0.77826047,0.7979255,0.000506032714730647,0.021918075,0.050881386,0.012962222,0.94172525,0.92876303,0.17391304347826086,0.94172525,0.9197521,0.89084387,0.9037765,0.00027927679742277187,0.014011333,0.07136905,0.0573318,0.9996058,0.942274,0.08333333333333333,0.9996058,0.94947714,0.9282367,0.9364889,-0.0007866102457046557,0.01486154,0.49694597721099854
16366.mp4,good,0.9750192165374756,0.9333294630050659,0.6806125,0.40851843,0.97833395,0.5698155,0.2608695652173913,0.97833395,0.5198944,0.29772145,0.3132254,-0.004688234079496665,0.18952377,0.21074045,0.15298474,0.98737,0.8343853,0.08695652173913043,0.98737,0.83841497,0.77662957,0.7851819,-0.004127272857507703,0.055150565,0.06294174492359161,0.23015594,0.15084481,0.97945,0.8286052,0.043478260869565216,0.97945,0.8046457,0.74929404,0.75527006,-0.0017286692212221638,0.055082068,0.12594265,0.08367878,0.98920125,0.90552247,0.08695652173913043,0.98920125,0.90135676,0.8632586,0.87154925,-0.0023402860277726314,0.031515114,0.12304121,0.027235866,1.0000492,0.97281337,0.20833333333333334,1.0000492,0.9286124,0.877008,0.88250905,-1.822424971540992e-05,0.040993594,0.37613147497177124
7477.mp4,bad,0.9888706207275391,0.9537050127983093,0.763425,0.05102551,0.88494515,0.83391964,0.08695652173913043,0.9707308,0.8233102,0.12152019,0.78427243,0.004889653870475152,0.19314107,0.21523732,0.027348816,0.9580353,0.9306865,0.08695652173913043,0.98015666,0.9321794,0.742798,0.9167918,0.0015003855520557485,0.05516193,0.027257079258561134,0.10955721,0.04045105,0.9162427,0.87579167,0.08695652173913043,0.97298837,0.89870733,0.8066855,0.851043,0.0024878643011387205,0.052327063,0.06074226,0.022935629,0.97335505,0.9504194,0.13043478260869565,0.98472583,0.95943666,0.9126128,0.94144464,0.000724368592495962,0.019534873,0.03483379,0.025079727,0.99941266,0.9743329,0.08333333333333333,0.99941266,0.984065,0.96457887,0.97370285,0.0002882898372152227,0.010581115,0.4673399329185486
7514.mp4,bad,0.977959930896759,0.907859206199646,0.87000024,0.3781386,0.9761285,0.5979899,0.21739130434782608,0.9761285,0.54073644,0.10612826,0.25227782,0.00148435174064203,0.24371631,0.5067269,0.11203766,0.98288906,0.8708514,0.13043478260869565,0.98288906,0.82194495,0.47616214,0.70017684,0.0005932940324775731,0.113152444,0.10315384715795517,0.3406633,0.093523145,0.9762001,0.88267696,0.13043478260869565,0.9762001,0.8442711,0.6355368,0.77115434,-0.0006180217732553949,0.07558361,0.19482136,0.043854713,0.98836756,0.94451284,0.13043478260869565,0.98836756,0.9250988,0.7935462,0.878977,-0.00024552219234437423,0.042196903,0.13012129,0.01452589,1.0001487,0.98562276,0.125,1.0001487,0.9688986,0.87002736,0.94001305,-0.00023847100527393737,0.02799529,0.4108836054801941
16762.mp4,good,0.981651246547699,0.9717826843261719,0.6163331,0.6163331,0.80249697,0.18616384,0.0,0.8360976,0.3631239,0.18616384,0.19075017,-0.030273502022616954,0.23365003,0.48649633,0.48649633,0.9388349,0.45233858,0.043478260869565216,0.94232315,0.645782,0.45233858,0.4912892,-0.024980806550489582,0.17683212,0.23452627658843994,0.16481328,0.13727462,0.8752291,0.7379545,0.043478260869565216,0.8921475,0.7772369,0.71041584,0.7364589,-0.0061707534926682146,0.04993305,0.12136048,0.12136048,0.96039146,0.839031,0.043478260869565216,0.96039146,0.8803082,0.839031,0.84802675,-0.005207822728062814,0.038948886,0.07933378,0.07933378,0.99967813,0.92034435,0.08333333333333333,0.99967813,0.9533997,0.92034435,0.93375635,-0.0026378865086514264,0.020494156,0.4665093719959259
16717.mp4,bad,0.9860060214996338,0.9646810293197632,0.7237643,0.7133923,0.9702451,0.2568528,0.043478260869565216,0.9702451,0.51336515,0.2464808,0.2538057,-0.037889093160629286,0.2658343,0.3013811,0.29245925,0.9853232,0.69286394,0.2608695652173913,0.9853232,0.8094878,0.6839421,0.6917633,-0.015613990515588287,0.10593856,0.10733604431152344,0.20804757,0.18507653,0.97024506,0.7851685,0.043478260869565216,0.97024506,0.8408104,0.7621975,0.7857297,-0.008540169641434453,0.06344418,0.1052655,0.0955013,0.9883356,0.8928343,0.0,0.9883356,0.91682386,0.8830701,0.885702,-0.004654975924567272,0.03469795,0.14404035,0.091632545,0.9999265,0.90829396,0.16666666666666666,0.9999265,0.93700475,0.85588616,0.8723537,-0.005836414046909527,0.044106938,0.34102004766464233
16843.mp4,good,0.9830468893051147,0.9554727077484131,0.73779035,0.73779035,0.9565228,0.21873246,0.0,0.9565228,0.42862323,0.21873246,0.22800335,-0.03315254708700501,0.24611121,0.413306,0.413306,0.976743,0.563437,0.13043478260869565,0.976743,0.72307265,0.563437,0.5901814,-0.018663474458008426,0.12924601,0.14507362246513367,0.28154457,0.27161264,0.9578004,0.68618774,0.0,0.9578004,0.7567632,0.6762558,0.6853546,-0.011115298264111466,0.08371536,0.17073083,0.17073083,0.9820477,0.81131685,0.08695652173913043,0.9820477,0.86814624,0.81131685,0.8260886,-0.006850444634441336,0.04980004,0.11504048,0.11461359,0.99959415,0.88498056,0.08333333333333333,0.99959415,0.9245904,0.8845537,0.89183295,-0.004295416655747798,0.033648282,0.2936895191669464
17345.mp4,good,0.9937731027603149,0.9838919043540955,0.5523572,0.51292896,0.9365866,0.42365766,0.0,0.9365866,0.50946474,0.38422945,0.40280274,-0.014727748253128755,0.1613833,0.21565759,0.21565759,0.96749127,0.7518337,0.043478260869565216,0.96749127,0.81953603,0.7518337,0.7744907,-0.007526133960414779,0.05738544,0.0933724194765091,0.16312927,0.16312927,0.94383466,0.7807054,0.043478260869565216,0.94383466,0.83750445,0.7807054,0.8075422,-0.0041945791645012455,0.035684817,0.10330039,0.10330039,0.9765399,0.8732395,0.17391304347826086,0.9765399,0.91290855,0.8732395,0.88642347,-0.003713959585065413,0.025953526,0.051091313,0.051091313,1.0003289,0.9492376,0.08333333333333333,1.0003289,0.96711415,0.9492376,0.9577398,-0.001324023941288854,0.0116544375,0.5670754909515381
6303.mp4,normal,0.9578847289085388,0.8760758638381958,0.19331153,0.1663701,0.2713472,0.10497711,0.13043478260869565,0.2791716,0.14134374,0.07803567,0.09002269,-0.002901152807026512,0.051799376,0.26510745,0.17526567,0.72010845,0.5448428,0.2608695652173913,0.72010845,0.59194404,0.455001,0.49781808,-0.006224902663306287,0.06977257,0.2595590054988861,0.2963084,0.07543898,0.79472613,0.71928716,0.21739130434782608,0.7959534,0.7246961,0.49841774,0.59083843,-0.0092617633785655,0.085401915,0.13938779,0.06395334,0.901612,0.83765864,0.21739130434782608,0.901612,0.851503,0.7622242,0.78629106,-0.004468371627830235,0.040391557,0.3138193,0.1688968,0.99972224,0.83082545,0.20833333333333334,0.99972224,0.8343253,0.68590295,0.70571417,-0.008359898432441419,0.078775525,0.3126794099807739
17195.mp4,good,0.953962504863739,0.8928301930427551,0.57196844,0.53057235,0.73689914,0.20632678,0.0,0.73689914,0.25240928,0.1649307,0.1762635,-0.011503984776174602,0.118942544,0.37243235,0.3213145,0.89578354,0.57446903,0.0,0.89578354,0.6087194,0.5233512,0.5357398,-0.010649941184303976,0.09079893,0.2516894042491913,0.21632463,0.09797639,0.88961595,0.79163957,0.17391304347826086,0.88961595,0.75425357,0.6732913,0.6937775,-0.002129253368132675,0.050294735,0.12311846,0.06916916,0.942157,0.8729878,0.21739130434782608,0.942157,0.8604088,0.8190385,0.8291295,-0.0015526134152657278,0.027879091,0.21790749,0.113233626,0.99953014,0.8862965,0.125,0.99953014,0.8979952,0.78162265,0.84839445,-0.0028302632984907746,0.04306944,0.37854230403900146
15704.mp4,bad,0.9806404113769531,0.9412775635719299,0.3372026,-0.050776303,0.74870545,0.79948175,0.13043478260869565,0.80044067,0.70796394,0.41150284,0.5734165,0.010723487956250609,0.09751414,0.073405504,-0.019009352,0.89052975,0.9095391,0.17391304347826086,0.92022663,0.88636184,0.81712425,0.8434299,0.003423758233959963,0.027654948,0.043265450745821,0.050878048,0.020169139,0.8701787,0.85000956,0.13043478260869565,0.87316656,0.8455745,0.81930065,0.82720935,0.0006411868946354337,0.016372185,0.024666548,0.003278017,0.93854207,0.93526405,0.17391304347826086,0.9388257,0.92962736,0.9138755,0.9207013,0.0006335432468195584,0.006989472,0.10608339,0.0725739,0.9999417,0.9273678,0.08333333333333333,0.9999417,0.9279759,0.8938583,0.9039612,-0.0020984590831010534,0.025137229,0.4536217451095581
20182.mp4,good,0.9765457510948181,0.9462172985076904,0.91000175,0.9099337,0.99055314,0.080619454,0.0,0.99055314,0.33444524,0.080551356,0.08245014,-0.04274155125169182,0.3194693,0.70820487,0.70820487,0.9959551,0.2877502,0.08695652173913043,0.9959551,0.5636231,0.2877502,0.29885557,-0.038540419441438004,0.267427,0.25077733397483826,0.5643776,0.5643776,0.99055314,0.42617553,0.21739130434782608,0.99055314,0.69620806,0.42617553,0.46220613,-0.02620620448363157,0.17550409,0.41216272,0.41216272,0.9959551,0.5837924,0.21739130434782608,0.9959551,0.8144004,0.5837924,0.614907,-0.019433300956907006,0.13170674,0.27169776,0.25787795,1.0002575,0.74237955,0.16666666666666666,1.0002575,0.9049261,0.72855973,0.77257895,-0.010100236716477784,0.07987262,0.24159711599349976
6241.mp4,good,0.9798126816749573,0.9285720586776733,0.1795013,-0.037861586,0.28893262,0.3267942,0.043478260869565216,0.55904514,0.2641798,0.10943133,0.19411057,0.0036591995698896794,0.07896782,0.13441867,0.016857326,0.7480618,0.73120445,0.13043478260869565,0.8405343,0.71975625,0.6136431,0.6796674,0.0019620708797288906,0.04061114,0.18165233731269836,0.15139872,0.06197518,0.83502287,0.7730477,0.13043478260869565,0.8518225,0.76442087,0.68362415,0.72677994,0.0012337738581796808,0.03664177,0.06593549,0.016222715,0.9242657,0.90804297,0.17391304347826086,0.9368359,0.9014087,0.8583302,0.8827783,0.0006576058539477154,0.015828019,0.05801487,0.033020616,1.0006773,0.96765673,0.125,1.0006773,0.96739,0.9426625,0.95644486,-0.0003196269273758196,0.011179395,0.4138202965259552
16060.mp4,bad,0.9259562492370605,0.7753989696502686,0.9076543,0.90494114,0.9840823,0.079141155,0.0,0.9840823,0.25151274,0.07642802,0.07894142,-0.03241238804909551,0.2703644,0.5948806,0.58503383,0.98685104,0.4018172,0.13043478260869565,0.98685104,0.59021896,0.39197046,0.3934916,-0.02812567164775414,0.19663043,0.22171200811862946,0.44842243,0.4308161,0.984493,0.5536769,0.21739130434782608,0.984493,0.66969484,0.5360706,0.5437679,-0.01672854878214508,0.12032597,0.29509473,0.28943276,0.9911879,0.7017551,0.30434782608695654,0.9911879,0.81193095,0.69609314,0.70070356,-0.013857247153289684,0.09361372,0.5211259,0.48648566,1.000155,0.5136693,0.2916666666666667,1.000155,0.69976884,0.47902906,0.49211055,-0.023468774168387732,0.17026523,0.22615468502044678
6453.mp4,good,0.97737056016922,0.9303127527236938,0.057696432,-0.087170154,0.12576017,0.21293032,0.34782608695652173,0.25567585,0.14206764,0.068063736,0.07338036,0.006533494373790831,0.062778935,0.094117135,-0.08047819,0.57456297,0.65504116,0.30434782608695654,0.7158961,0.5861103,0.48044583,0.4897788,0.007913782662553749,0.08227299,0.2848030924797058,0.03238088,-0.016413033,0.7715587,0.78797174,0.13043478260869565,0.82037014,0.77233964,0.7391778,0.74964166,0.0007572284211283135,0.021137256,0.027378738,0.00104177,0.8786117,0.8775699,0.21739130434782608,0.8993688,0.8709134,0.85123295,0.8525977,0.0002004043033471588,0.013744624,0.12795275,0.06662643,1.0002422,0.9336158,0.125,1.0002422,0.923353,0.8722895,0.8874931,-0.001768161213916309,0.025420696,0.4031941890716553
20279.mp4,good,0.9721660614013672,0.8916534185409546,0.4721986,0.39220178,0.8828797,0.4906779,0.13043478260869565,0.8828797,0.5609725,0.41068107,0.4483627,-0.014301788312173186,0.1135629,0.15551597,0.123665094,0.9532312,0.8295661,0.043478260869565216,0.9532312,0.8414679,0.79771525,0.81268644,-0.004305133883189776,0.03535952,0.07049078494310379,0.12103528,0.10491198,0.89384335,0.78893137,0.13043478260869565,0.89384335,0.80487573,0.7728081,0.77871203,-0.0027906836963924983,0.026011573,0.065630436,0.055672407,0.9617828,0.9061104,0.043478260869565216,0.9617828,0.91195875,0.8961524,0.90140843,-0.001730401113099266,0.014384629,0.19739693,0.11568284,1.0005723,0.8848895,0.041666666666666664,1.0005723,0.8973872,0.8031754,0.87691134,-0.002459139253782204,0.03238867,0.47385373711586
7141.mp4,bad,0.9899845719337463,0.9744583368301392,0.7550493,0.6952028,0.92030126,0.22509843,0.043478260869565216,0.92030126,0.34379703,0.16525197,0.18776599,-0.02023345785649869,0.17083971,0.37315798,0.36050093,0.95579886,0.59529793,0.21739130434782608,0.95579886,0.72512686,0.5826409,0.5928866,-0.013195559500234396,0.09373401,0.18609113991260529,0.16028583,0.10538638,0.9431906,0.8378042,0.08695652173913043,0.9431906,0.8254017,0.78290474,0.78988516,-0.0031233541814706008,0.036811158,0.08878595,0.055688143,0.97791815,0.92223,0.043478260869565216,0.97791815,0.91121805,0.8891322,0.89283854,-0.001339126716960568,0.020146422,0.061590195,0.04384929,0.9995378,0.95568854,0.125,0.9995378,0.95786476,0.93794763,0.9395017,-0.0018701658300731576,0.017579243,0.4344012141227722
15196.mp4,normal,0.9987324476242065,0.9958897829055786,0.04451537,0.014721453,0.9887719,0.97405046,0.13043478260869565,0.9887719,0.97155404,0.94425654,0.958816,0.0002717212019230296,0.009284077,0.031822503,0.008811235,0.99520224,0.986391,0.08695652173913043,0.99520224,0.98310506,0.96337974,0.9776373,0.0003240361161853821,0.0071423333,0.0025561400689184666,0.043682158,0.014721632,0.9887719,0.9740503,0.13043478260869565,0.9887719,0.9716617,0.94508976,0.9601307,0.0002602821164451679,0.009065958,0.01902318,0.008272409,0.9952023,0.9869299,0.17391304347826086,0.9952023,0.9856612,0.9761791,0.9813022,0.00010465156183884033,0.0038785783,0.0063495636,0.0023850203,0.9994283,0.99704325,0.041666666666666664,0.9994283,0.99734837,0.9930787,0.996707,-7.6278914575912435e-06,0.0011156336,0.6557421684265137
6403.mp4,normal,0.9240769147872925,0.8022948503494263,0.7882173,0.47494078,0.85279775,0.37785697,0.2608695652173913,0.91515505,0.43088117,0.06458043,0.0785334,-0.00729917077413896,0.27365014,0.52168864,0.17783672,0.9317673,0.75393057,0.2608695652173913,0.95127094,0.7332135,0.41007864,0.47715163,-0.0024074598734557797,0.17158814,0.16264180839061737,0.30544728,0.11970127,0.9085647,0.7888634,0.21739130434782608,0.9329318,0.8043136,0.6031174,0.68584144,-0.0027955373520907652,0.08305206,0.20630473,0.047432363,0.9617188,0.91428643,0.21739130434782608,0.972089,0.8958552,0.75541407,0.8212117,-0.0009341297060133496,0.05621515,0.24913096,0.093961895,0.9995849,0.905623,0.16666666666666666,0.9995849,0.9147362,0.75045395,0.8430305,-0.0031257363246835093,0.056852903,0.45148879289627075
16884.mp4,good,0.9494331479072571,0.8779658675193787,0.5650493,0.5609701,0.6725347,0.111564554,0.0,0.6725347,0.17633349,0.107485406,0.111358084,-0.012689313015683368,0.12169361,0.57345414,0.5666837,0.84910893,0.28242522,0.0,0.84910893,0.38088194,0.27565482,0.2784205,-0.018878032420228136,0.1520455,0.3320310711860657,0.35903,0.3433747,0.83376706,0.49039236,0.0,0.83376706,0.5926187,0.47473705,0.48665017,-0.016539117387632148,0.11946202,0.28048193,0.2705816,0.9056208,0.6350392,0.0,0.9056208,0.7129131,0.6251389,0.6303833,-0.013006134820078681,0.093896486,0.3408388,0.30038476,1.0000526,0.6996678,0.041666666666666664,1.0000526,0.7778198,0.6592138,0.68719137,-0.013109227548474864,0.10557258,0.27991417050361633
5905.mp4,normal,0.9413971304893494,0.8633831143379211,0.6151248,0.6051373,0.701301,0.096163675,0.0,0.701301,0.22357325,0.08617617,0.09766117,-0.018923474755506278,0.15518239,0.44364414,0.4337986,0.9033771,0.4695785,0.13043478260869565,0.9033771,0.6051646,0.45973298,0.47174823,-0.018067340222978782,0.1284714,0.25563952326774597,0.20933473,0.18661106,0.8684331,0.68182206,0.17391304347826086,0.8684331,0.75338984,0.6590984,0.67753947,-0.007491050324892343,0.05398383,0.15372449,0.1406377,0.95089215,0.81025445,0.21739130434782608,0.95089215,0.8608042,0.79716766,0.8066411,-0.006452603832535113,0.044622667,0.17447746,0.13473535,1.0006,0.86586463,0.125,1.0006,0.89486104,0.8261225,0.85029674,-0.0046966953640398944,0.038636163,0.4081042408943176
6850.mp4,good,0.9575132131576538,0.8555035591125488,0.50965106,0.47726464,0.6692816,0.19201696,0.13043478260869565,0.6692816,0.33818623,0.15963054,0.19355012,-0.007121204048866351,0.14528269,0.25810897,0.23449731,0.89823735,0.66374004,0.08695652173913043,0.89823735,0.72819626,0.6401284,0.6645246,-0.004066165021285711,0.070169166,0.16127003729343414,0.117869854,0.08902806,0.8646648,0.77563673,0.13043478260869565,0.8646648,0.7950616,0.74679494,0.76161927,-0.0024425142367366687,0.028451946,0.08664918,0.06462002,0.94899356,0.88437355,0.13043478260869565,0.94899356,0.88946617,0.8623444,0.8676622,-0.00177667021986994,0.02086542,0.18770462,0.052489758,0.99972403,0.9472343,0.041666666666666664,0.99972403,0.9395464,0.8120194,0.9104415,-0.003803676289060872,0.03528544,0.2023366093635559
15585.mp4,bad,0.9284053444862366,0.7652158737182617,0.14562576,0.13157956,0.26617503,0.13459547,0.0,0.26617503,0.1446356,0.12054928,0.12546726,-0.003359226546739874,0.03510981,0.27903253,0.2565735,0.6087701,0.35219657,0.0,0.6087701,0.38130873,0.32973754,0.34014598,-0.007336108433634875,0.07001996,0.30226925015449524,0.15798903,0.113276005,0.634053,0.520777,0.13043478260869565,0.634053,0.5370362,0.47606397,0.49061453,-0.0033793268585393652,0.041500874,0.13908923,0.10771251,0.78338575,0.67567325,0.13043478260869565,0.78338575,0.683578,0.6442965,0.6506491,-0.0033152753067582034,0.03441914,0.42868823,0.313604,1.000339,0.68673503,0.08333333333333333,1.000339,0.6987896,0.5716508,0.65306836,-0.0064138249210689575,0.08001408,0.2530408799648285
15877.mp4,bad,0.9700753688812256,0.9453126192092896,0.47981226,0.37829497,0.65435886,0.2760639,0.0,0.65435886,0.2769461,0.17454658,0.18745013,-0.009404884511420856,0.11733672,0.25407958,0.18490815,0.87206614,0.687158,0.17391304347826086,0.87206614,0.68762946,0.61798656,0.6207225,-0.006633450980243002,0.065810286,0.18286149203777313,0.14061856,0.10442674,0.86439395,0.7599672,0.0,0.86439395,0.7582122,0.7237754,0.72623706,-0.0035621080356153076,0.03772473,0.08374047,0.06421894,0.93390274,0.8696838,0.0,0.93390274,0.87049097,0.85016227,0.85376966,-0.0019766244256920356,0.02149267,0.22023296,0.12759906,1.0000477,0.8724486,0.16666666666666666,1.0000477,0.8731583,0.7798147,0.80518526,-0.006155781046203965,0.059295867,0.489335298538208
15201.mp4,bad,0.9631146192550659,0.9283323884010315,0.6009621,0.6009621,0.90597916,0.30501705,0.043478260869565216,0.90597916,0.47666633,0.30501705,0.3188014,-0.02265500115311664,0.16784811,0.2892779,0.2892779,0.9507983,0.66152036,0.13043478260869565,0.9507983,0.75757456,0.66152036,0.66921735,-0.012237145083223875,0.08593029,0.14709167182445526,0.20361102,0.19554889,0.9096819,0.714133,0.17391304347826086,0.9096819,0.7853123,0.7060709,0.718454,-0.008744557737832961,0.06261291,0.09493369,0.09493369,0.9639306,0.8689969,0.08695652173913043,0.9639306,0.9046663,0.8689969,0.88038284,-0.0036234539959270596,0.025171785,0.30235463,0.29607195,0.9994053,0.7033334,0.125,0.9994053,0.8213014,0.6970507,0.7235305,-0.011845678453860111,0.08600687,0.47278669476509094
7227.mp4,good,0.9942563772201538,0.9808461666107178,0.6207675,0.5753254,0.8450182,0.26969278,0.0,0.8450182,0.28185216,0.22425073,0.22934099,-0.0076307599605778915,0.12604898,0.2616756,0.22570932,0.933975,0.70826566,0.0,0.933975,0.7126346,0.6722994,0.68183255,-0.00418635207438187,0.054156117,0.18803691864013672,0.19610721,0.19610721,0.92527217,0.72916496,0.17391304347826086,0.92527217,0.7880702,0.72916496,0.73943466,-0.004303163808325064,0.04091909,0.078580916,0.07408428,0.96578157,0.8916973,0.0,0.96578157,0.9006715,0.88720065,0.8891323,-0.0017051528329434572,0.017948255,0.08403808,0.059503734,0.99985665,0.9403529,0.125,0.99985665,0.9433126,0.9158186,0.92280203,-0.0017640491672184266,0.020775469,0.41546374559402466
16969.mp4,bad,0.9836400151252747,0.9695972204208374,0.79156536,0.7504611,0.9924958,0.2420347,0.0,0.9924958,0.44194812,0.20093043,0.23859368,-0.03362389708401657,0.25575003,0.3473335,0.3473335,0.99515206,0.64781857,0.2608695652173913,0.99515206,0.80711746,0.64781857,0.6817983,-0.016697699078929297,0.112468906,0.1071997731924057,0.26442957,0.23026085,0.9924958,0.7622349,0.08695652173913043,0.9924958,0.8080311,0.7280662,0.7611919,-0.007504463549188011,0.06136866,0.13497478,0.12841159,0.99560183,0.86719024,0.17391304347826086,0.99560183,0.9143172,0.86062706,0.8672642,-0.006359325508355162,0.04477426,0.11050099,0.09984565,1.000647,0.9008013,0.20833333333333334,1.000647,0.9442744,0.89014596,0.89268446,-0.005274954826935498,0.041446436,0.5119774341583252
6384.mp4,good,0.9203557372093201,0.7518124580383301,0.1155514,0.113936335,0.14968827,0.035751935,0.0,0.3345315,0.13906549,0.034136873,0.035837244,0.0027866838315847822,0.119263686,0.2798297,0.25424603,0.7181561,0.46391007,0.30434782608695654,0.7988299,0.61067104,0.4383264,0.46209455,-0.0012788895974046107,0.13708635,0.27339446544647217,0.17741603,0.13142043,0.81580216,0.6843817,0.30434782608695654,0.8286981,0.7580308,0.63838613,0.6800797,-0.003106709172131989,0.057240427,0.10369122,0.06484568,0.9227414,0.85789573,0.08695652173913043,0.9227414,0.88406545,0.8190502,0.8567055,-0.0006096290623246567,0.028432447,0.24723196,0.14816391,0.99964106,0.85147715,0.16666666666666666,0.99964106,0.88818616,0.7524091,0.79480255,-0.004239756516788332,0.059881117,0.4169529974460602
15433.mp4,normal,0.9475209712982178,0.899122953414917,0.46880993,0.4591347,0.73068094,0.27154624,0.0,0.73068094,0.35818735,0.261871,0.27087897,-0.013193601440535233,0.105932906,0.26418632,0.26188505,0.8669308,0.60504574,0.0,0.8669308,0.6537961,0.60274446,0.60652965,-0.007847981372840783,0.06534862,0.18327732384204865,0.14302379,0.112704396,0.84581125,0.73310685,0.17391304347826086,0.84581125,0.7437009,0.70278746,0.705149,-0.0016164149455873272,0.030221928,0.10693729,0.08265561,0.91113365,0.82847804,0.17391304347826086,0.91113365,0.83707345,0.80419636,0.81058556,-0.0013579887010363176,0.022450577,0.22236419,0.075878024,1.0005102,0.9246322,0.25,1.0005102,0.8780753,0.778146,0.786734,0.0027529624493225677,0.05799574,0.49328362941741943
17383.mp4,normal,0.9375360012054443,0.8605254292488098,0.662302,0.6511742,0.75490004,0.10372583,0.0,0.75490004,0.19539702,0.09259805,0.09704188,-0.017689968919447765,0.16059543,0.55251056,0.51809835,0.90200686,0.38390854,0.0,0.90200686,0.48469424,0.3494963,0.37234583,-0.019438867806917122,0.150033,0.3159891963005066,0.26620483,0.21687943,0.876613,0.6597336,0.17391304347826086,0.876613,0.70235443,0.6104082,0.6262688,-0.009961243497995518,0.07314832,0.20140314,0.16813552,0.93824935,0.7701138,0.08695652173913043,0.93824935,0.8006834,0.7368462,0.75208384,-0.0071441316793087436,0.052763835,0.26178604,0.20465773,0.99970657,0.79504883,0.16666666666666666,0.99970657,0.8365851,0.7379205,0.75734186,-0.008944878293120384,0.06870554,0.3328073024749756
7106.mp4,bad,0.9858071804046631,0.92168128490448,0.8844268,0.021986246,0.98349595,0.9615097,0.391304347826087,0.98349595,0.5641799,0.09906918,0.11947884,0.007458733829113807,0.4121719,0.40829784,0.007141173,0.98478824,0.97764707,0.34782608695652173,0.98573315,0.84187734,0.5764904,0.6833043,0.002383449273147127,0.14536348,0.10286956280469894,0.5390018,0.021986306,0.98349595,0.96150964,0.08695652173913043,0.98349595,0.8734491,0.44449413,0.8139023,0.003491024431503785,0.12246056,0.16806197,0.008125603,0.9873507,0.9792251,0.08695652173913043,0.9873507,0.9447468,0.81928873,0.91324115,0.0009744399974468936,0.042703625,0.091278195,0.009698331,0.9998774,0.99017906,0.041666666666666664,0.9998774,0.9763882,0.9085992,0.9606309,0.00019488116969232117,0.020298371,0.23487819731235504
6192.mp4,bad,0.9798385500907898,0.8687601089477539,0.6463287,0.102992475,0.7512638,0.6482713,0.08695652173913043,0.7979121,0.5781517,0.10493514,0.51843256,-0.005305081782604874,0.16105314,0.46167928,0.035704315,0.9058283,0.870124,0.08695652173913043,0.91857576,0.8290247,0.44414902,0.8199628,-0.004858589101685843,0.1180548,0.09589680284261703,0.35291803,0.016967297,0.9046141,0.8876468,0.13043478260869565,0.9046141,0.8437584,0.55169606,0.76874745,-0.00416999719595251,0.0889914,0.16478872,0.010801196,0.9539201,0.94311893,0.08695652173913043,0.9539201,0.9249215,0.7891314,0.9001657,-0.0021077382116920936,0.042309266,0.12080836,0.021894753,0.9998501,0.97795534,0.08333333333333333,0.9998501,0.96740913,0.87904173,0.9603672,-0.001414653321971098,0.025536409,0.3635903596878052
16956.mp4,normal,0.9952699542045593,0.9881702661514282,0.30965656,0.266001,0.93632865,0.67032766,0.08695652173913043,0.93632865,0.73704827,0.6266721,0.67079175,-0.007531791689838809,0.07491345,0.096834004,0.096834004,0.9676074,0.8707734,0.0,0.9676074,0.8878324,0.8707734,0.8714836,-0.0029256822681238445,0.025978014,0.04789263382554054,0.123754025,0.123754025,0.94555724,0.8218032,0.043478260869565216,0.94555724,0.86237764,0.8218032,0.8392787,-0.0037338559335399553,0.028232621,0.05672872,0.055648685,0.97987056,0.9242219,0.0,0.97987056,0.9357249,0.92314184,0.92444146,-0.0018954962609784968,0.0151342405,0.06761813,0.061481357,0.99977255,0.9382912,0.0,0.99977255,0.95200783,0.9321544,0.9351685,-0.0027095778610395586,0.022002216,0.48094093799591064
7466.mp4,normal,0.9923062324523926,0.9810757040977478,0.72812843,0.47112513,0.9047344,0.43360925,0.13043478260869565,0.9047344,0.51069975,0.17660594,0.35083383,-0.017251873941054,0.14787838,0.25763816,0.1618607,0.957703,0.7958423,0.17391304347826086,0.957703,0.821039,0.70006484,0.7345742,-0.0075111578222320065,0.061130717,0.11857159435749054,0.08740431,0.036079705,0.9359544,0.8998747,0.13043478260869565,0.9359544,0.88128996,0.8485501,0.8616456,-0.0013550290241543057,0.017636688,0.056361854,0.03296095,0.97612625,0.9431653,0.17391304347826086,0.97612625,0.9396106,0.9197644,0.92372686,-0.0015252527040926314,0.012700587,0.030504107,0.01935172,0.99998,0.98062825,0.20833333333333334,0.99998,0.9822249,0.96947587,0.9724369,-0.0010218387064726536,0.008188608,0.5802543759346008
17223.mp4,good,0.9980778098106384,0.9943522214889526,0.25428134,0.12022102,0.93308437,0.81286335,0.21739130434782608,0.93308437,0.7760204,0.678803,0.6919004,0.0004816941121821366,0.068183415,0.07210201,0.047930717,0.9693165,0.92138577,0.17391304347826086,0.9693165,0.9179012,0.8972145,0.8973289,-0.0006605849671269753,0.018513897,0.04449719935655594,0.093266845,0.052469194,0.94168323,0.88921404,0.21739130434782608,0.94168323,0.8837744,0.8484164,0.8541597,-0.0004437898576495191,0.023886587,0.027976453,0.018636107,0.98214626,0.96351016,0.17391304347826086,0.98214626,0.9623983,0.9541698,0.9549254,-0.00021801511996348848,0.007262852,0.021048188,0.011771262,0.99999505,0.9882238,0.20833333333333334,0.99999505,0.9868415,0.97894686,0.97947395,-1.8164385920000066e-05,0.005139401,0.6927847862243652
7352.mp4,bad,0.987204372882843,0.9521664381027222,0.54028004,0.45208848,0.9681418,0.5160533,0.17391304347826086,0.9681418,0.69138145,0.42786175,0.46137798,-0.027468545487511296,0.19857202,0.18868226,0.15249503,0.97950923,0.8270142,0.17391304347826086,0.97950923,0.8819642,0.790827,0.80272603,-0.009321975260384007,0.068502314,0.062492504715919495,0.12453759,0.11677784,0.96814185,0.851364,0.043478260869565216,0.96814185,0.8898343,0.84360427,0.84805125,-0.005938016614423909,0.043153107,0.068883836,0.058736205,0.9845892,0.925853,0.17391304347826086,0.9845892,0.9444566,0.9157054,0.92051667,-0.0032142621608591175,0.02364983,0.05634296,0.047453403,0.99957794,0.95212454,0.2916666666666667,0.99957794,0.9715457,0.943235,0.9492268,-0.002431996568389579,0.018411037,0.41244587302207947
5661.mp4,normal,0.9870482087135315,0.9498451948165894,0.27474964,0.26917705,0.4852634,0.21608636,0.30434782608695654,0.52695686,0.3576357,0.21051377,0.21564114,-0.015341949792718693,0.11085914,0.15113342,0.14267522,0.81394124,0.671266,0.30434782608695654,0.81394124,0.727784,0.6628078,0.6691921,-0.006696996952705256,0.04811211,0.17124758660793304,0.13541484,0.11209637,0.8889948,0.77689844,0.30434782608695654,0.8889948,0.8172537,0.75358,0.76948756,-0.005140969993568693,0.036724806,0.07117605,0.06725609,0.93992674,0.87267065,0.2608695652173913,0.93992674,0.8990316,0.8687507,0.8727337,-0.003052982358122081,0.021232342,0.08579904,0.08579904,0.99943286,0.9136338,0.25,0.99943286,0.95502967,0.9136338,0.9157245,-0.0034098881483078363,0.026230346,0.3814639449119568
5822.mp4,bad,0.9883711338043213,0.9656727313995361,0.48784578,0.42800033,0.9353423,0.507342,0.13043478260869565,0.9353423,0.60784495,0.44749653,0.46583706,-0.01789557801287164,0.13525055,0.15681338,0.13114202,0.9652231,0.83408105,0.17391304347826086,0.9652231,0.87167585,0.8084097,0.82320344,-0.006328499953266197,0.045043822,0.068653404712677,0.13944685,0.11372745,0.93920505,0.8254776,0.17391304347826086,0.93920505,0.8536828,0.7997582,0.81069577,-0.004982217557345448,0.040262077,0.05781901,0.050069034,0.97766864,0.9275996,0.08695652173913043,0.9786763,0.9403292,0.91984963,0.92332095,-0.002289034278967652,0.017517311,0.04591787,0.03582114,1.0005901,0.96476895,0.125,1.0005901,0.9710304,0.9546722,0.9572843,-0.0011414284809776187,0.013672094,0.5286920070648193
15029.mp4,normal,0.9886677861213684,0.9684799909591675,0.51584685,0.44096154,0.95786846,0.5169069,0.13043478260869565,0.95786846,0.5937494,0.4420216,0.44847822,-0.01554866989139511,0.14605187,0.10118902,0.092565656,0.97817564,0.88561,0.0,0.97817564,0.89922804,0.8769866,0.8788131,-0.003110473982901431,0.027059646,0.06053944677114487,0.13633686,0.09819996,0.9637134,0.86551344,0.08695652173913043,0.9637134,0.8744354,0.82737654,0.8470675,-0.0027618338703637993,0.029278683,0.044199765,0.025696993,0.9864644,0.9607674,0.13043478260869565,0.9864644,0.9597674,0.9422646,0.95172465,-0.0004383319098016532,0.008119806,0.077233315,0.034707546,1.0001919,0.9654844,0.16666666666666666,1.0001919,0.9595475,0.9229586,0.93064606,-0.0005536348145941398,0.01753846,0.40678590536117554
6006.mp4,normal,0.9867640733718872,0.9646483659744263,0.792989,0.7596276,0.97194237,0.21231477,0.0,0.97194237,0.30334026,0.17895335,0.1818719,-0.02143537219275128,0.23664257,0.38713384,0.38713384,0.9834422,0.59630835,0.0,0.9834422,0.6731469,0.59630835,0.6096274,-0.012508047310259968,0.11599747,0.19613444805145264,0.24681693,0.24571037,0.9719424,0.72623205,0.0,0.9719424,0.77131504,0.7251255,0.72806436,-0.0076787722676167885,0.06807762,0.14310461,0.14105403,0.9834422,0.84238815,0.0,0.9834422,0.86928135,0.8403376,0.8425061,-0.004721046083058305,0.041142497,0.12645555,0.1075111,0.9996064,0.89209527,0.041666666666666664,0.9996064,0.9141531,0.8731508,0.88672245,-0.004194238574608524,0.03501018,0.3460860848426819
7469.mp4,bad,0.9641451835632324,0.9136271476745605,0.9288093,0.9288093,0.9891563,0.060347028,0.0,0.9891563,0.3589644,0.060347028,0.08452711,-0.04322425599243096,0.3254477,0.6721815,0.6721815,0.9935434,0.3213619,0.2608695652173913,0.9935434,0.65615016,0.3213619,0.37706998,-0.03302692021188059,0.22531939,0.2049771398305893,0.44062167,0.44062167,0.9891564,0.54853475,0.2608695652173913,0.9891564,0.7515544,0.54853475,0.61191726,-0.019025278656850237,0.13499571,0.2590692,0.2590692,0.9947278,0.7356586,0.2608695652173913,0.9947278,0.86112726,0.7356586,0.75940037,-0.012435980465101158,0.08616829,0.15123981,0.14756346,0.9993687,0.85180527,0.2916666666666667,0.9993687,0.92783993,0.8481289,0.8565589,-0.006979769105496633,0.052774433,0.2756770849227905
5676.mp4,normal,0.9828217625617981,0.9504839777946472,0.55650187,0.4487508,0.67719436,0.22844356,0.0,0.8752693,0.34883744,0.12069248,0.12706617,-0.019925838446782043,0.23461947,0.28112257,0.13957942,0.9030609,0.7634815,0.2608695652173913,0.93961746,0.76168334,0.62193835,0.6268371,-0.006611003706106571,0.1050445,0.17190752923488617,0.088436484,0.027288914,0.8977839,0.87049496,0.30434782608695654,0.92048395,0.85449594,0.8093474,0.816344,-0.0019151685619542647,0.030698944,0.04529637,0.01931715,0.95663244,0.9373153,0.21739130434782608,0.9667319,0.933591,0.91133606,0.9133701,-0.001192075520636059,0.015760502,0.06923318,0.019785464,0.9997741,0.97998863,0.125,0.9997741,0.9645408,0.9305409,0.94557977,-0.0009757226964702047,0.015640859,0.3826267123222351
17026.mp4,normal,0.9936364889144897,0.9822924137115479,0.17577744,0.17577744,0.87104344,0.695266,0.17391304347826086,0.95938087,0.8264537,0.695266,0.7238559,-0.010771718008716123,0.07678752,0.0818665,0.0818665,0.9410382,0.8591717,0.21739130434782608,0.97829354,0.9208995,0.8591717,0.87511706,-0.004719722000035366,0.03326679,0.01651238091289997,0.07408053,0.07408053,0.88058645,0.8065059,0.08695652173913043,0.95938087,0.8632192,0.8065059,0.81958544,-0.006060791227657335,0.0468861,0.05221784,0.05221784,0.95026135,0.8980435,0.17391304347826086,0.9795326,0.9374119,0.8980435,0.90756744,-0.0032727300767370925,0.023249898,0.059791803,0.059791803,0.99992484,0.94013304,0.20833333333333334,0.99992484,0.97288823,0.94013304,0.95014304,-0.002200238341870541,0.016379435,0.4836161136627197
15706.mp4,normal,0.9276511073112488,0.7996368408203125,0.84388995,0.83988184,0.95519924,0.11531743,0.0,0.95519924,0.22721006,0.111309275,0.11544737,-0.01938656061563804,0.1783094,0.5103172,0.5051793,0.9733368,0.4681575,0.08695652173913043,0.9733368,0.6074003,0.46301958,0.4677637,-0.02020972230924449,0.14169854,0.22242145240306854,0.37338763,0.32392251,0.9554105,0.63148797,0.043478260869565216,0.9554105,0.6691122,0.58202285,0.61210316,-0.008227811088203913,0.073092245,0.21088672,0.19878715,0.98206973,0.7832826,0.08695652173913043,0.98206973,0.8298217,0.771183,0.78261197,-0.007265183176447773,0.052245215,0.5616646,0.43347412,1.0001094,0.5666353,0.08333333333333333,1.0001094,0.6191903,0.43844485,0.4643241,-0.02095928241377292,0.16415946,0.3610425293445587
6762.mp4,bad,0.9908050894737244,0.9606165885925293,0.62236935,0.22155076,0.95560634,0.7340556,0.0,0.95560634,0.52266943,0.333237,0.3587516,-0.005925571818361185,0.20223889,0.19980204,0.06863654,0.9714782,0.9028417,0.0,0.972107,0.8313482,0.7716762,0.77367365,-0.002565246443503469,0.068023905,0.09719677269458771,0.15183896,0.054514825,0.9556063,0.90109146,0.043478260869565216,0.9556063,0.8520459,0.8037673,0.8092698,-0.0020504740504879225,0.04808288,0.08303982,0.027362525,0.9815626,0.9542001,0.08695652173913043,0.98190564,0.92854494,0.8985228,0.90429825,-0.0012822609998491838,0.0256573,0.056442976,0.011991739,1.00053,0.98853827,0.125,1.00053,0.9766725,0.944087,0.9633661,-0.0001961311568384888,0.013666327,0.5391742587089539
15132.mp4,bad,0.9922239780426025,0.9810869097709656,0.5231963,0.51121575,0.98343,0.47221428,0.21739130434782608,0.98343,0.661029,0.46023375,0.4780859,-0.020692131294327776,0.14165178,0.22429669,0.22429669,0.9906127,0.766316,0.21739130434782608,0.9906127,0.855015,0.766316,0.77867764,-0.0091880654746836,0.061986897,0.06250789016485214,0.18201804,0.1656304,0.98343,0.8177996,0.043478260869565216,0.98343,0.84168094,0.801412,0.81470126,-0.00389674229348601,0.038371343,0.10373962,0.10183567,0.9917233,0.88988763,0.08695652173913043,0.9917233,0.9175229,0.8879837,0.8925822,-0.0034596371085276363,0.025515066,0.06798965,0.06798965,0.99967045,0.9316808,0.16666666666666666,0.99967045,0.9561844,0.9316808,0.9364389,-0.002359254334283955,0.017589886,0.5400168895721436
5739.mp4,bad,0.981596827507019,0.9007990956306458,0.31816906,0.2954762,0.38749802,0.09202181,0.0,0.38749802,0.111601345,0.06932896,0.07436377,-0.006505159550740319,0.06653491,0.34932762,0.28956425,0.8030101,0.51344585,0.0,0.8030101,0.52030754,0.45368248,0.45440987,-0.010032532714572356,0.08900028,0.30065903067588806,0.2775526,0.21752661,0.850873,0.6333464,0.0,0.850873,0.66812384,0.5733204,0.5827422,-0.011987344313987156,0.09505723,0.17584717,0.10994649,0.9320371,0.8220906,0.13043478260869565,0.9320371,0.82096654,0.75618994,0.757894,-0.007460920530345601,0.061146464,0.28769958,0.16881919,1.0002123,0.8313931,0.16666666666666666,1.0002123,0.8451097,0.71251273,0.73536557,-0.011954417643339774,0.10259296,0.4445604681968689
6000.mp4,bad,0.9159938097000122,0.7425922155380249,0.83343804,0.82077533,0.91913587,0.09836054,0.0,0.91913587,0.18791275,0.08569783,0.09744686,-0.019582357147171107,0.2063574,0.574692,0.5726375,0.95597255,0.38333505,0.0,0.95597255,0.5028633,0.38128054,0.38327563,-0.021235441590250714,0.1658579,0.21131779253482819,0.63429105,0.61196876,0.93235683,0.32038808,0.0,0.93235683,0.43118957,0.29806575,0.30091736,-0.024638433524742435,0.20649956,0.3669535,0.359437,0.9748123,0.61537534,0.0,0.9748123,0.714181,0.60785884,0.6104694,-0.01658062271685472,0.11959292,0.72031415,0.6504674,0.99956536,0.34909794,0.0,0.99956536,0.47765693,0.27925122,0.30295393,-0.027882965245972516,0.23387839,0.19380411505699158
15956.mp4,bad,0.9936995506286621,0.9870771169662476,0.7224163,0.7165494,0.94467145,0.22812203,0.0,0.94467145,0.31954223,0.22225514,0.22323923,-0.01882605263484797,0.18339634,0.4796636,0.472118,0.9704008,0.49828282,0.0,0.9704008,0.590413,0.4907372,0.49549916,-0.01656086669255622,0.13337879,0.2902465760707855,0.23378056,0.20475,0.9471459,0.7423959,0.13043478260869565,0.9471459,0.7756181,0.7133653,0.71686244,-0.007256596220340665,0.05752064,0.12705958,0.119096875,0.9760988,0.8570019,0.0,0.9760988,0.8806596,0.8490392,0.8493253,-0.004508792882851478,0.03373177,0.06404555,0.060665727,0.9995295,0.93886375,0.20833333333333334,0.9995295,0.9576833,0.93548393,0.93724686,-0.002583534795305011,0.019163888,0.5247504711151123
6994.mp4,good,0.9699287414550781,0.9337290525436401,0.74292225,0.61520886,0.8581778,0.24296889,0.08695652173913043,0.8581778,0.3363816,0.11525552,0.14668144,-0.02250175229586632,0.19715467,0.25350243,0.15105367,0.94156444,0.7905108,0.17391304347826086,0.94156444,0.80357397,0.688062,0.72525215,-0.007327102802016525,0.06282925,0.12680979073047638,0.16458076,0.13931847,0.91534424,0.7760258,0.13043478260869565,0.91534424,0.826978,0.7507635,0.78015184,-0.005292964547047987,0.040892806,0.063572645,0.04922521,0.97186947,0.92264426,0.08695652173913043,0.97186947,0.93038374,0.9082968,0.9144027,-0.0019938289059009385,0.016133089,0.10057783,0.064729035,1.0001796,0.9354506,0.08333333333333333,1.0001796,0.94282955,0.8996018,0.92573714,-0.0020041289277698926,0.02133772,0.4248095750808716
20174.mp4,good,0.9891864061355591,0.9657870531082153,0.6881214,0.38169354,0.945778,0.5640845,0.21739130434782608,0.945778,0.6039991,0.25765663,0.30847713,-0.020719821863023662,0.1896315,0.27184528,0.10316408,0.9748963,0.87173223,0.17391304347826086,0.9748963,0.86794347,0.70305103,0.7408903,-0.007781011372686857,0.075528234,0.06966709345579147,0.13324267,0.08775163,0.94718546,0.8594338,0.08695652173913043,0.94718546,0.85121435,0.8139428,0.8224163,-0.0021951262187580685,0.030996775,0.07462025,0.039319515,0.9801432,0.9408237,0.21739130434782608,0.9801432,0.9376106,0.90552294,0.91177976,-0.00200817848853914,0.01831871,0.055179358,0.01758194,0.99934244,0.9817605,0.20833333333333334,0.99934244,0.9778606,0.9441631,0.95579505,-0.0015029661810916507,0.015123906,0.481963574886322
7174.mp4,bad,0.9740428924560547,0.8445960283279419,0.7696122,0.6496048,0.9856595,0.3360547,0.13043478260869565,0.9856595,0.47091576,0.21604726,0.26770437,-0.007306258669012627,0.1985532,0.4372921,0.29371238,0.98952377,0.6958114,0.13043478260869565,0.98952377,0.75827086,0.55223167,0.6187648,-0.003950782031881015,0.10947051,0.15601925551891327,0.26244855,0.18501914,0.9856595,0.80064034,0.13043478260869565,0.9856595,0.84163386,0.72321093,0.7847284,-0.0027329447594555785,0.05203575,0.16887784,0.09910965,0.99215305,0.8930434,0.13043478260869565,0.99215305,0.9142901,0.8232752,0.8695111,-0.0018726223306693656,0.037072342,0.14445609,0.035481215,1.0002751,0.9647939,0.125,1.0002751,0.9613712,0.85581905,0.91246545,-0.0012662698911584088,0.03631905,0.2378751039505005
5737.mp4,normal,0.995697021484375,0.9793232679367065,0.47888035,0.47112936,0.97706956,0.5059402,0.0,0.97706956,0.6331777,0.4981892,0.5040046,-0.009286375090538741,0.14313488,0.17174745,0.16715169,0.99057484,0.82342315,0.0,0.99057484,0.86603314,0.8188274,0.82340467,-0.003161980111608366,0.048277363,0.06953233480453491,0.13962859,0.10212195,0.97723734,0.8751154,0.0,0.97723734,0.86682,0.83760875,0.8418813,-0.002543727164211937,0.03695274,0.07086903,0.05376208,0.9907677,0.93700564,0.0,0.9907677,0.9355655,0.9198987,0.92290884,-0.0013472300037564926,0.018714353,0.034518123,0.032756746,0.99998516,0.9672284,0.20833333333333334,0.99998516,0.97845817,0.96546704,0.9667232,-0.0006609715845274066,0.010880085,0.5606522560119629
16249.mp4,good,0.990601658821106,0.9727533459663391,0.58907557,0.58907557,0.85320294,0.2641274,0.0,0.85320294,0.39032075,0.2641274,0.2727722,-0.020106975268940685,0.16763102,0.2805146,0.2795453,0.93753517,0.65798986,0.0,0.93753517,0.73811424,0.65702057,0.66113377,-0.011577460370044933,0.082711935,0.15315738320350647,0.13649487,0.13592327,0.9117476,0.7758243,0.08695652173913043,0.9117476,0.8140427,0.7752527,0.7804817,-0.004890695390965168,0.03664991,0.09793252,0.09793252,0.95935327,0.86142075,0.08695652173913043,0.95935327,0.8912716,0.86142075,0.8655218,-0.0036977821659193587,0.02655807,0.06877339,0.06312549,1.0005705,0.93744504,0.125,1.0005705,0.9542152,0.93179715,0.93276703,-0.002867060614668832,0.021273166,0.4679785966873169
15892.mp4,bad,0.9850631356239319,0.9403476715087891,0.8066779,0.7964376,0.9648793,0.16844167,0.0,0.9648793,0.35121465,0.1582014,0.16932455,-0.03150010537429761,0.24076487,0.56183606,0.56183606,0.9818979,0.42006183,0.17391304347826086,0.9818979,0.6539474,0.42006183,0.44635913,-0.026544313656953963,0.1786022,0.2477380484342575,0.21670759,0.20040178,0.9648793,0.7644775,0.13043478260869565,0.9648793,0.82152027,0.7481717,0.7670402,-0.006079014346533623,0.047050413,0.12227327,0.12060821,0.9841789,0.8635707,0.13043478260869565,0.9841789,0.9016855,0.86190563,0.8682015,-0.004182824975417076,0.030371768,0.06587571,0.05566883,0.9997344,0.9440656,0.125,0.9997344,0.96028167,0.9338587,0.94611657,-0.001301182845364454,0.014656363,0.39330995082855225
6605.mp4,bad,0.9798493385314941,0.9391465187072754,0.68205017,0.5150543,0.88391984,0.36886555,0.043478260869565216,0.88391984,0.39014077,0.20186967,0.27203465,-0.003688743845982987,0.14320756,0.35820067,0.1798321,0.94908905,0.76925695,0.043478260869565216,0.94908905,0.7524662,0.5908884,0.70061564,-0.0009549549916987385,0.06811482,0.16658198833465576,0.14652854,0.09744865,0.924238,0.8267894,0.043478260869565216,0.924238,0.8442615,0.7777095,0.8272606,-0.0006810554520414819,0.024447223,0.092048585,0.053584933,0.96880037,0.91521543,0.08695652173913043,0.96880037,0.91904813,0.8767518,0.91087085,-0.0006019625032372156,0.015383933,0.076479316,0.046841383,0.9997752,0.9529338,0.20833333333333334,0.9997752,0.95954823,0.92329586,0.9380543,-0.0011902756794639488,0.016351774,0.5344998836517334
20195.mp4,good,0.9795475602149963,0.9393146634101868,0.2361176,0.19137776,0.9040046,0.7126268,0.13043478260869565,0.9040046,0.73701113,0.667887,0.68405163,-0.005713915930906305,0.05366049,0.053430736,0.046793163,0.95287544,0.9060823,0.08695652173913043,0.95287544,0.91169226,0.8994447,0.9027979,-0.0011725037583249288,0.011564838,0.03060421161353588,0.0769217,0.06466901,0.93408275,0.86941373,0.13043478260869565,0.93408275,0.8772307,0.85716105,0.8597273,-0.001532514045832179,0.016417688,0.033563435,0.025635123,0.96521723,0.9395821,0.13043478260869565,0.96521723,0.9422964,0.9316538,0.93394965,-0.0008144315641388214,0.007568266,0.10660344,0.08506143,0.9997867,0.91472524,0.125,0.9997867,0.9211456,0.89318323,0.8973284,-0.0020293772738913082,0.024034027,0.5219300985336304
15563.mp4,bad,0.9955257177352905,0.9848957061767578,0.13999796,0.1154359,0.90897346,0.79353756,0.043478260869565216,0.90897346,0.8105089,0.7689755,0.787519,-0.002511165888884334,0.03221352,0.051218152,0.04959333,0.95919096,0.90959764,0.0,0.95919096,0.92013747,0.9079728,0.90985805,-0.0008521444594907214,0.012440892,0.024637138471007347,0.07130563,0.07130563,0.93085384,0.8595482,0.043478260869565216,0.93085384,0.88126284,0.8595482,0.86781645,-0.0019215973233988144,0.018144764,0.033926845,0.033926845,0.9695008,0.93557394,0.08695652173913043,0.9695008,0.94477445,0.93557394,0.9401132,-0.0007650005840972632,0.0076913694,0.049226165,0.043970823,1.0004181,0.95644724,0.16666666666666666,1.0004181,0.9655154,0.9511919,0.9540502,-0.0007511122330375529,0.011048986,0.5296315550804138
15517.mp4,bad,0.9768550992012024,0.9374475479125977,0.72865593,0.72865593,0.90493774,0.17628184,0.0,0.90493774,0.3264935,0.17628184,0.188853,-0.020763325641159968,0.1836616,0.4168601,0.4168601,0.950119,0.5332589,0.13043478260869565,0.950119,0.67220396,0.5332589,0.5583095,-0.015887293125329768,0.111653425,0.17969705164432526,0.23602611,0.23602611,0.9132691,0.677243,0.17391304347826086,0.9132691,0.7479502,0.677243,0.6834591,-0.00810684888023633,0.05829537,0.15053523,0.15053523,0.9617061,0.8111709,0.08695652173913043,0.9617061,0.851901,0.8111709,0.8170768,-0.005249421940490672,0.038315043,0.12413275,0.12413275,1.0006158,0.8764831,0.08333333333333333,1.0006158,0.9180221,0.8764831,0.88387936,-0.004582035722939872,0.035348628,0.5177042484283447
6934.mp4,good,0.9513189196586609,0.7182891964912415,0.9413408,0.9263064,0.9804966,0.05419014,0.17391304347826086,0.9804966,0.3926468,0.03915581,0.050873097,-0.030757715016338432,0.23268636,0.5555482,0.4502468,0.98557293,0.5353261,0.17391304347826086,0.98557293,0.7594698,0.43002474,0.47666985,-0.018795019729806482,0.146653,0.1405741572380066,0.49713826,0.4619516,0.98200643,0.5200548,0.13043478260869565,0.98200643,0.77883565,0.48486817,0.549487,-0.016836362158356932,0.12847216,0.24138272,0.20139259,0.98908365,0.78769106,0.17391304347826086,0.98908365,0.90004396,0.7477009,0.7947678,-0.007816536918930387,0.061303873,0.45422995,0.45422995,1.0005809,0.54635096,0.125,1.0005809,0.90009946,0.54635096,0.73011786,-0.012204445963320537,0.11287671,0.14690867066383362
16274.mp4,good,0.9551735520362854,0.9163922071456909,0.6855867,0.68150645,0.73403585,0.052529387,0.0,0.73403585,0.11944152,0.048449166,0.05130174,-0.013256943670539523,0.14217176,0.64909256,0.6476935,0.8854024,0.23770887,0.0,0.8854024,0.34057167,0.23630983,0.24261162,-0.018917122480308583,0.16709016,0.3695700764656067,0.45061335,0.42565027,0.8311404,0.40549013,0.043478260869565216,0.8311404,0.51308256,0.38052705,0.40746158,-0.01481321592458153,0.111562826,0.30879664,0.30879664,0.92574024,0.6169436,0.13043478260869565,0.92574024,0.71014166,0.6169436,0.62412626,-0.01183222375604004,0.08433827,0.31836724,0.30753195,0.9999646,0.69243264,0.0,0.9999646,0.77107984,0.68159735,0.6866012,-0.011317000233608756,0.09028978,0.1299600899219513
15496.mp4,bad,0.9923015832901001,0.9682893753051758,0.18011928,0.18011928,0.9006524,0.72053313,0.08695652173913043,0.9006524,0.77595025,0.72053313,0.7371963,-0.004217965035099281,0.04014763,0.05155617,0.051240265,0.951024,0.89978373,0.0,0.951024,0.90814865,0.8994678,0.8997759,-0.0011244318466412844,0.011400913,0.04273729771375656,0.06521398,0.058034897,0.9155931,0.8575582,0.08695652173913043,0.91704726,0.8747523,0.8503791,0.85709697,-0.0025139435124491554,0.019121462,0.031484842,0.031484842,0.9716214,0.94013655,0.21739130434782608,0.9716214,0.95088583,0.94013655,0.9424455,-0.0010724912872427518,0.0076297442,0.034294784,0.034294784,0.99980545,0.96551067,0.125,0.99980545,0.9740414,0.96551067,0.9664691,-0.0008901008574859142,0.007681867,0.4742099642753601
6565.mp4,bad,0.9720581769943237,0.8859777450561523,0.82469904,0.811677,0.9577412,0.14606419,0.0,0.9577412,0.39127278,0.13304213,0.14682992,-0.03717967725023925,0.27991694,0.4352252,0.40199506,0.9680054,0.56601036,0.13043478260869565,0.9680054,0.7201184,0.53278023,0.5676788,-0.020913455267197532,0.1507039,0.1580611765384674,0.33040744,0.32605082,0.95825183,0.632201,0.21739130434782608,0.95825183,0.76129496,0.6278444,0.6350341,-0.015061092765434938,0.103920676,0.162853,0.160761,0.97927094,0.81850994,0.13043478260869565,0.97927094,0.87817955,0.81641793,0.819845,-0.007502388400522636,0.054073926,0.23947251,0.22907162,0.99971044,0.7706388,0.20833333333333334,0.99971044,0.9029999,0.76023793,0.78954405,-0.009732782581578144,0.071229935,0.31154459714889526
20276.mp4,good,0.9692906141281128,0.9303138256072998,0.39950305,0.37865996,0.9433386,0.5646786,0.043478260869565216,0.9433386,0.6518676,0.5438355,0.5609943,-0.0068305202505805395,0.09374322,0.117387176,0.113723874,0.9698577,0.8561338,0.0,0.9698577,0.87423795,0.8524705,0.85459256,-0.0019572981497044686,0.02574009,0.038380760699510574,0.18475533,0.17807996,0.94353247,0.7654525,0.0,0.94353247,0.7966198,0.75877714,0.7599172,-0.003672698917596217,0.04288825,0.077053905,0.07286239,0.9748099,0.9019475,0.0,0.9748099,0.9126187,0.897756,0.9001088,-0.0013654289745059563,0.016331386,0.17502016,0.15048057,0.9997451,0.8492645,0.08333333333333333,0.9997451,0.88925743,0.8247249,0.8427829,-0.004028861341269146,0.04708846,0.41270843148231506
16043.mp4,good,0.9812238812446594,0.8831469416618347,0.8715999,0.8267426,0.9614748,0.13473217,0.0,0.9614748,0.3737724,0.089874886,0.11092167,-0.042900751716652426,0.31519163,0.28006774,0.26398557,0.9690455,0.70505995,0.043478260869565216,0.9690455,0.7943102,0.6889778,0.6968645,-0.014183464316511346,0.09922958,0.11725863069295883,0.3095138,0.2084766,0.96259224,0.75411564,0.043478260869565216,0.96259224,0.80222887,0.65307844,0.7303913,-0.010521651197799122,0.07994639,0.11899257,0.09072816,0.97743905,0.8867109,0.08695652173913043,0.97750366,0.911569,0.8584465,0.88093996,-0.004823047299630101,0.03608809,0.19495928,0.035166502,0.9996066,0.9644401,0.08333333333333333,0.9996066,0.95541286,0.8046473,0.9335998,-0.003019846548204863,0.039379183,0.40807896852493286
6870.mp4,good,0.965750515460968,0.924433708190918,0.7514234,0.6516682,0.86247283,0.21080463,0.0,0.86247283,0.2856453,0.1110494,0.12190573,-0.02207469099418449,0.21626051,0.3598591,0.24094856,0.93447506,0.6935265,0.13043478260869565,0.93447506,0.7191099,0.57461596,0.6191068,-0.008182725062954576,0.09936302,0.17927080392837524,0.15374267,0.09966695,0.90471256,0.8050456,0.13043478260869565,0.90471256,0.81229275,0.7509699,0.77327424,-0.0034044038047903605,0.03832919,0.1053679,0.077144146,0.9609084,0.88376427,0.08695652173913043,0.9609084,0.89838076,0.8555405,0.8754539,-0.0025869304601382763,0.027121978,0.1169132,0.076396346,0.99993753,0.9235412,0.08333333333333333,0.99993753,0.932527,0.88302433,0.9039709,-0.002184862805449458,0.03110863,0.19666442275047302
7478.mp4,bad,0.9614723324775696,0.801974892616272,0.8732448,0.6632566,0.979443,0.31618643,0.0,0.979443,0.21426192,0.10619819,0.14713223,-0.010816471084304486,0.18202858,0.5716412,0.26265013,0.98817253,0.7255224,0.043478260869565216,0.98817253,0.5529348,0.41653135,0.4825245,-0.006020619964646729,0.12209603,0.2176930010318756,0.42811847,0.28013027,0.9794431,0.6993128,0.08695652173913043,0.9794431,0.64835453,0.5513246,0.55976343,-0.008344773011716468,0.090058446,0.28771263,0.14142805,0.99019176,0.8487637,0.043478260869565216,0.99019176,0.7706279,0.7024791,0.70769304,-0.005124103469339763,0.064346336,0.25774473,0.10099566,0.99958193,0.8985863,0.0,0.99958193,0.8109746,0.7418372,0.75127256,-0.0052231639364491485,0.0708036,0.34167712926864624
16638.mp4,good,0.9819036722183228,0.868916392326355,0.6510185,0.6297861,0.9075879,0.2778018,0.0,0.9075879,0.3866398,0.25656942,0.2719256,-0.02252602960045629,0.20081647,0.2396692,0.2396692,0.94559324,0.70592403,0.08695652173913043,0.94559324,0.78740793,0.70592403,0.72409236,-0.009498141205357944,0.06854767,0.0823943167924881,0.28087407,0.23389387,0.90828747,0.6743936,0.043478260869565216,0.90828747,0.7176378,0.6274134,0.6457672,-0.009322717609141655,0.08227186,0.13176328,0.13176328,0.9546901,0.8229268,0.08695652173913043,0.9546901,0.86980224,0.8229268,0.8347746,-0.005251349314399387,0.03858961,0.23281401,0.2279064,0.9996498,0.7717434,0.125,0.9996498,0.82445306,0.7668358,0.77272534,-0.0059572241098984615,0.052177258,0.3658655881881714
20173.mp4,good,0.9761231541633606,0.9512672424316406,0.8385501,0.8385501,0.9781295,0.13957942,0.0,0.9781295,0.35682085,0.13957942,0.14844301,-0.035884110117147094,0.27297154,0.5196738,0.5196738,0.9882497,0.4685759,0.21739130434782608,0.9882497,0.6685816,0.4685759,0.48379436,-0.02467292049538949,0.16750129,0.2131941169500351,0.31555444,0.31555444,0.97812957,0.6625751,0.21739130434782608,0.97812957,0.7812763,0.6625751,0.6928065,-0.011648549216066905,0.08098136,0.1844033,0.1844033,0.9891538,0.8047505,0.2608695652173913,0.9891538,0.8817758,0.8047505,0.8245222,-0.007123682751014777,0.048193283,0.2430203,0.21893048,0.9998679,0.78093743,0.125,0.9998679,0.88526326,0.7568476,0.8154889,-0.009040961783865235,0.06669533,0.4265825152397156
20166.mp4,good,0.9989350438117981,0.9978650808334351,0.2023527,0.0811162,0.9897939,0.9086777,0.17391304347826086,0.9897939,0.8927327,0.7874412,0.81405115,0.0021525120782286537,0.052730907,0.06594026,0.03899771,0.9880303,0.9490326,0.17391304347826086,0.9880303,0.9472075,0.92209005,0.9244363,0.0005185066357902747,0.016859781,0.02989424392580986,0.07604498,0.056977928,0.9897937,0.9328158,0.13043478260869565,0.9897937,0.9392065,0.91374874,0.92226833,0.0001449384119199709,0.015791368,0.02443564,0.020671487,0.99505484,0.97438335,0.043478260869565216,0.99505484,0.9771017,0.9706192,0.9721376,-6.57249580730325e-05,0.005388659,0.009774864,0.0046213865,1.0005126,0.9958912,0.08333333333333333,1.0005126,0.9951506,0.99073774,0.9933509,-3.6390579265099465e-05,0.0020015202,0.5384918451309204
7535.mp4,bad,0.9749268293380737,0.8831501007080078,0.61527085,0.32563823,0.8902755,0.56463724,0.17391304347826086,0.8902755,0.4553443,0.27500463,0.30615714,-0.005657736315086428,0.14405246,0.3722247,0.12904304,0.9566571,0.82761407,0.17391304347826086,0.9566571,0.7569712,0.5844324,0.6302572,-0.004614903168244803,0.0897904,0.12193409353494644,0.26309305,0.10452235,0.89807546,0.7935531,0.21739130434782608,0.89807546,0.7557522,0.6349824,0.68542033,-0.003937989591138639,0.05870195,0.17598045,0.06426269,0.9652424,0.9009797,0.21739130434782608,0.9652424,0.87890524,0.78926194,0.8192788,-0.0028584204290224165,0.041171797,0.14844966,0.045185804,1.000038,0.9548522,0.16666666666666666,1.000038,0.9432648,0.85158837,0.9017061,-0.0027487567974173524,0.03465331,0.3715301752090454
20109.mp4,good,0.9710119366645813,0.9470841884613037,0.8011009,0.78899384,0.9156158,0.12662199,0.0,0.9156158,0.21456215,0.1145149,0.11871429,-0.01851376985372763,0.18959163,0.40475225,0.37747872,0.9676194,0.5901407,0.0,0.9676194,0.64871997,0.56286716,0.57788765,-0.012142054471573824,0.102801,0.22865739464759827,0.19161409,0.17410427,0.9352092,0.76110494,0.0,0.9352092,0.7848691,0.7435951,0.75669456,-0.004218907931105434,0.042658426,0.12454462,0.11464071,0.9768189,0.8621782,0.0,0.9768189,0.8773774,0.8522743,0.8557946,-0.0034343981931332273,0.030892918,0.16195315,0.098917365,0.9999035,0.90098614,0.125,0.9999035,0.8937226,0.83795035,0.85402113,-0.002591590959092869,0.039383378,0.4737454056739807
5637.mp4,normal,0.9594880938529968,0.9210094809532166,0.57189226,0.57189226,0.6243158,0.052423555,0.0,0.63296574,0.18353981,0.052423555,0.07205398,-0.020635603779831195,0.16775416,0.4815206,0.4815206,0.8267472,0.3452266,0.13043478260869565,0.83963853,0.5290123,0.3452266,0.3710214,-0.02142703274021979,0.14738753,0.25275784730911255,0.54136556,0.5258822,0.8218531,0.29597092,0.21739130434782608,0.8218531,0.5343566,0.28048754,0.30760673,-0.02398260205748525,0.16213612,0.24580032,0.24580032,0.90731573,0.6615154,0.21739130434782608,0.909722,0.7817702,0.6615154,0.6761682,-0.011705467646772227,0.0784655,0.26940548,0.20090318,0.99977255,0.7988694,0.25,0.99977255,0.8384693,0.73036706,0.75585544,-0.00907337592995687,0.069697075,0.12439113855361938
5963.mp4,bad,0.9636996984481812,0.8401658535003662,0.81197697,0.806002,0.9138499,0.107847884,0.0,0.9138499,0.22659047,0.10187293,0.105061956,-0.02291545690784577,0.20311871,0.5153138,0.45453402,0.95180655,0.49727252,0.13043478260869565,0.95180655,0.5932871,0.43649274,0.44832656,-0.019786851826628205,0.1453417,0.26802441477775574,0.2781542,0.19661671,0.92646796,0.72985125,0.17391304347826086,0.92646796,0.75794685,0.64831376,0.6618174,-0.008682321182823928,0.06854848,0.17790723,0.12845445,0.96944237,0.8409879,0.17391304347826086,0.96944237,0.86131155,0.79153514,0.8032797,-0.005780060300713951,0.04424331,0.2708019,0.10655236,1.0005121,0.89395976,0.16666666666666666,1.0005121,0.8832836,0.7297102,0.7424461,-0.007543655297030585,0.074585974,0.1604534387588501
7288.mp4,bad,0.9846237301826477,0.928725004196167,0.6727228,0.6577522,0.86237407,0.20462187,0.0,0.86237407,0.24308132,0.18965125,0.19310524,-0.009500915133081414,0.13742316,0.23056555,0.20342731,0.9478078,0.7443805,0.0,0.9478078,0.74960756,0.71724224,0.72006154,-0.0028231059138482733,0.046764024,0.16277466714382172,0.15330315,0.10933995,0.92169607,0.8123561,0.043478260869565216,0.92169607,0.80594534,0.7683929,0.7755196,-0.0017512662137450206,0.031899236,0.079674244,0.062457204,0.9754678,0.9130106,0.043478260869565216,0.9754678,0.9123822,0.89579356,0.8995068,-0.0007643483490812103,0.01580213,0.08229184,0.053836823,0.99958205,0.9457452,0.125,0.99958205,0.9432554,0.9172902,0.91981155,-0.001202517929284483,0.021312416,0.482285737991333
6176.mp4,bad,0.9675952792167664,0.8884192109107971,0.1682505,0.1682505,0.26496994,0.09671944,0.13043478260869565,0.26496994,0.14149728,0.09671944,0.09913813,-0.0048247770859083175,0.041937515,0.24688217,0.22025493,0.70790166,0.48764673,0.21739130434782608,0.70790166,0.53265893,0.4610195,0.46557108,-0.0052407267889957665,0.05685228,0.3348830044269562,0.082692504,0.07521516,0.8126222,0.737407,0.13043478260869565,0.8126222,0.75439394,0.7299297,0.73249376,-0.0014540829323968407,0.020676281,0.07132661,0.054570735,0.9178287,0.86325794,0.13043478260869565,0.9178287,0.86754185,0.84650207,0.8487686,-0.0008412963552437129,0.015547775,0.19425255,0.18248296,1.0002669,0.81778395,0.0,1.0002669,0.8573844,0.80601436,0.8082475,-0.006555470850156702,0.05621604,0.4451518654823303
16176.mp4,good,0.9557109475135803,0.8480875492095947,0.6374919,0.6374919,0.80157566,0.1640838,0.0,0.80157566,0.26787665,0.1640838,0.16623129,-0.017491597917829116,0.14840962,0.44930798,0.44930798,0.9159358,0.46662784,0.043478260869565216,0.9159358,0.58783823,0.46662784,0.48074952,-0.016273765902038627,0.119077474,0.26380234956741333,0.22159314,0.21948045,0.89546734,0.6759869,0.0,0.89546734,0.7232797,0.6738742,0.6775973,-0.006573148395704197,0.054667264,0.13615781,0.13615781,0.94765913,0.8115013,0.17391304347826086,0.94765913,0.8516405,0.8115013,0.8129154,-0.00499345097146017,0.03549425,0.39563167,0.2552991,1.0006001,0.745301,0.08333333333333333,1.0006001,0.76896715,0.6049684,0.67930984,-0.008489497848179038,0.09963711,0.30680957436561584
16041.mp4,good,0.9099898934364319,0.8237251043319702,0.10873748,0.054654613,0.17192347,0.11726886,0.21739130434782608,0.17192347,0.10309013,0.06318599,0.064063214,-0.001353066223176572,0.030394139,0.403047,0.28542125,0.57256466,0.2871434,0.0,0.57256466,0.2689727,0.16951767,0.18039761,-0.007062684523729476,0.10051059,0.2634497284889221,0.5573349,0.44113666,0.74659204,0.3054554,0.0,0.74659204,0.31387293,0.18925717,0.20012164,-0.012055776188731677,0.14999112,0.500533,0.263834,0.8544362,0.5906022,0.21739130434782608,0.8544362,0.5324224,0.35390326,0.35972416,-0.009496505964886066,0.15228139,0.6253011,0.1602146,1.0002584,0.84004384,0.25,1.0002584,0.7260843,0.37495732,0.43451452,-0.00643216444098433,0.19535443,0.14668850600719452
6136.mp4,bad,0.9859516024589539,0.8872939348220825,0.875323,0.82005715,0.9957611,0.17570397,0.0,0.9957611,0.3078885,0.1204381,0.12618387,-0.01791338173473778,0.23773523,0.288472,0.24664831,0.99784553,0.7511972,0.08695652173913043,0.99784553,0.79219514,0.70937353,0.7281423,-0.006027303076544306,0.069259495,0.134771928191185,0.2834623,0.19526553,0.99576104,0.8004955,0.08695652173913043,0.99576104,0.83717763,0.71229875,0.7893843,-0.004260136204745942,0.055912107,0.115311265,0.08742291,0.99793655,0.91051364,0.13043478260869565,0.99793655,0.926967,0.8826253,0.9003444,-0.002243102362504601,0.025744608,0.21198428,0.09258473,1.0005357,0.907951,0.125,1.0005357,0.93444633,0.78855145,0.87202156,-0.0027764320632686222,0.049927946,0.4133029580116272
16122.mp4,bad,0.9919018149375916,0.9833163022994995,0.71643513,0.7152096,0.84745497,0.13224535,0.0,0.84745497,0.27529714,0.13101982,0.13555397,-0.023306374596395053,0.1879515,0.45340502,0.45340502,0.9383344,0.48492938,0.13043478260869565,0.9383344,0.6308769,0.48492938,0.5022799,-0.018127974019691403,0.12805302,0.2480991780757904,0.21126199,0.18737781,0.9034475,0.7160697,0.043478260869565216,0.9034475,0.75423414,0.6921855,0.71197456,-0.006420641312957289,0.052391674,0.112683296,0.112683296,0.9584701,0.8457868,0.13043478260869565,0.9584701,0.87897617,0.8457868,0.8495636,-0.0039504692841895355,0.028949236,0.06396395,0.061565638,1.0002956,0.93873,0.16666666666666666,1.0002956,0.9604947,0.9363317,0.9395052,-0.002403067454047864,0.01801663,0.39737024903297424
15393.mp4,good,0.982759952545166,0.955101728439331,0.7127668,0.7127668,0.8741713,0.16140449,0.0,0.8741713,0.24503332,0.16140449,0.16388011,-0.01745752853308271,0.18224326,0.5078161,0.5078161,0.9395759,0.4317598,0.0,0.9395759,0.509996,0.4317598,0.43466866,-0.01523579121107169,0.14413695,0.32547059655189514,0.2087993,0.2087993,0.9117681,0.7029688,0.0,0.9117681,0.73345906,0.7029688,0.708113,-0.00440079285928855,0.047842834,0.14511889,0.13694692,0.95613533,0.8191884,0.0,0.95613533,0.83546674,0.81101644,0.817759,-0.0030272560628506495,0.034226805,0.05726695,0.05451703,1.0003393,0.94582224,0.08333333333333333,1.0003393,0.9579969,0.9430723,0.9461301,-0.0015118668131206764,0.014467584,0.4574772119522095
17340.mp4,bad,0.9784641861915588,0.8982197642326355,0.70205563,0.6964492,0.8176118,0.12116261,0.0,0.8176118,0.19209251,0.11555619,0.12030826,-0.015258264083695041,0.16682813,0.4269206,0.42302448,0.9149895,0.491965,0.0,0.9149895,0.56723994,0.48806888,0.489375,-0.014343610364693444,0.11779215,0.3018445372581482,0.12552047,0.12021363,0.87145674,0.7512431,0.08695652173913043,0.87145674,0.7810186,0.7459363,0.7534815,-0.0031722060187532176,0.028136723,0.09087795,0.084517,0.9385178,0.8540008,0.08695652173913043,0.9385178,0.8690845,0.84763986,0.85110533,-0.0025105803262574938,0.019777076,0.109657526,0.07128513,1.000196,0.92891085,0.08333333333333333,1.000196,0.92940503,0.89053845,0.9106129,-0.0012209074393562823,0.022040635,0.28995609283447266
7530.mp4,bad,0.9895634055137634,0.963543176651001,0.5676724,0.3135385,0.6812064,0.3676679,0.0,0.6812064,0.22772478,0.11353404,0.12881376,0.00449487868063299,0.13519725,0.27566165,0.08523375,0.9045558,0.81932205,0.2608695652173913,0.9045558,0.735968,0.62889415,0.6551581,0.0041096224026246474,0.07325635,0.17295518517494202,0.16865963,0.040103316,0.90297717,0.86287385,0.21739130434782608,0.90297717,0.80805,0.73431754,0.7517395,0.0025234660612264656,0.04695493,0.08343965,0.024042666,0.95972055,0.9356779,0.21739130434782608,0.95972055,0.9089231,0.8762809,0.8783716,0.001352848683892508,0.024270708,0.050761044,0.012392759,0.9995164,0.98712367,0.20833333333333334,0.9995164,0.97212523,0.9487554,0.9529416,0.00042616976344065174,0.014632663,0.5156588554382324
16004.mp4,good,0.9710924625396729,0.9391981959342957,0.71264106,0.67148966,0.9418681,0.27037847,0.0,0.9418681,0.38679236,0.22922708,0.25126842,-0.016419712969436968,0.17927553,0.33495528,0.33458447,0.9776536,0.64306915,0.13043478260869565,0.9776536,0.7399802,0.64269835,0.64612997,-0.011263707409734312,0.08742652,0.1365736722946167,0.23038232,0.20730978,0.94542855,0.73811877,0.0,0.94542855,0.7609094,0.7150462,0.7194989,-0.004897008535890254,0.055094864,0.13128102,0.12977827,0.9806862,0.8509079,0.0,0.9806862,0.8765539,0.84940517,0.8518859,-0.0037634148310295595,0.03306965,0.15782225,0.09399915,1.00005,0.9060508,0.16666666666666666,1.00005,0.9082039,0.8422277,0.852478,-0.0038193636355193035,0.042454306,0.32220637798309326
7413.mp4,good,0.9766049385070801,0.9390342235565186,0.88134617,0.36109495,0.98329777,0.6222028,0.21739130434782608,0.98329777,0.40131137,0.1019516,0.11004026,-0.014907303071128041,0.27023128,0.34606332,0.11424494,0.9911273,0.8768824,0.17391304347826086,0.9911273,0.79524165,0.645064,0.6537733,-0.005326368415308571,0.10235093,0.12283835560083389,0.27889848,0.09548253,0.98329777,0.88781524,0.08695652173913043,0.98329777,0.8108273,0.7043993,0.7452251,-0.0037589937801888727,0.07647119,0.11770785,0.051177204,0.9927539,0.9415767,0.08695652173913043,0.9927539,0.91807985,0.8750461,0.8908961,-0.0017733364237155855,0.03137698,0.08004922,0.035453856,0.9994114,0.96395755,0.08333333333333333,0.9994114,0.9563265,0.9193622,0.93804824,-0.0015769059761711083,0.020311417,0.5049298405647278
16340.mp4,good,0.9847832322120667,0.9620398283004761,0.8220061,0.81777835,0.97085834,0.15307999,0.0,0.97085834,0.3567454,0.14885221,0.15294857,-0.032278609266983206,0.24526706,0.44697,0.4453355,0.9808481,0.53551257,0.21739130434782608,0.9808481,0.71223897,0.5338781,0.54004353,-0.02172871605445273,0.14638641,0.18553408980369568,0.28408772,0.2655453,0.9717329,0.7061876,0.17391304347826086,0.9717329,0.78228104,0.6876452,0.70617896,-0.009699856575298683,0.07052717,0.12750316,0.12155163,0.98513544,0.8635838,0.08695652173913043,0.98513544,0.8977731,0.8576323,0.8632918,-0.005138181120510621,0.0367192,0.17091799,0.14670289,0.99965763,0.85295475,0.20833333333333334,0.99965763,0.92609054,0.82873964,0.86086357,-0.0069081843935925235,0.049350392,0.438111275434494
16657.mp4,bad,0.9986727237701416,0.9944738149642944,0.09304875,0.077438414,0.98251075,0.90507233,0.13043478260869565,0.98251075,0.9238731,0.889462,0.90032136,-0.002858744661798574,0.023266485,0.037689865,0.03463632,0.99071467,0.95607835,0.043478260869565216,0.99071467,0.9623806,0.9530248,0.95513695,-0.0010761799430658635,0.009233809,0.007874921895563602,0.073809564,0.06536615,0.9825107,0.91714454,0.13043478260869565,0.9825107,0.93173563,0.9087011,0.91252875,-0.0024425860332405796,0.019591767,0.030049324,0.026936114,0.9929692,0.9660331,0.0,0.9929692,0.9702558,0.9629199,0.96507865,-0.0008499000972438705,0.0074118245,0.015107989,0.012713432,0.9999175,0.9872041,0.041666666666666664,0.9999175,0.99007416,0.9848095,0.98576695,-0.0005668118984803282,0.0046350844,0.5521858930587769
6704.mp4,good,0.9647795557975769,0.8838803768157959,0.82234025,0.82234025,0.9111824,0.08884214,0.2608695652173913,0.9111824,0.4369463,0.08884214,0.13979466,-0.02683700334000964,0.23903194,0.37814724,0.37814724,0.96692026,0.588773,0.2608695652173913,0.96692026,0.7824589,0.588773,0.6400788,-0.013251850256335592,0.10556897,0.1267012357711792,0.2287901,0.17251974,0.92105645,0.7485367,0.2608695652173913,0.92105645,0.81447005,0.69226635,0.7375319,-0.007212425114609032,0.059207186,0.114167035,0.114167035,0.9757061,0.86153907,0.2608695652173913,0.9757061,0.9091602,0.86153907,0.86686945,-0.004254483481640863,0.031767078,0.18232805,0.13979757,0.99994016,0.8601426,0.16666666666666666,0.99994016,0.9361692,0.8176121,0.8629961,-0.006195006759270403,0.048075244,0.24529686570167542
16975.mp4,normal,0.977862536907196,0.8962541818618774,0.5862277,0.5385256,0.9469998,0.40847424,0.17391304347826086,0.9469998,0.5968071,0.36077207,0.39669588,-0.02310586461554405,0.16535829,0.15174413,0.13760173,0.9720092,0.83440745,0.08695652173913043,0.9720092,0.869976,0.82026505,0.83215755,-0.005016165524132164,0.03979139,0.06242832541465759,0.11978394,0.1026147,0.9509571,0.8483424,0.043478260869565216,0.9509571,0.86192936,0.8311732,0.8381628,-0.0030103046078926833,0.027937787,0.058627248,0.05144167,0.97557044,0.9241288,0.08695652173913043,0.97557044,0.9324042,0.9169432,0.91871667,-0.0014335814672025273,0.014413278,0.10480285,0.045404017,1.0002329,0.9548289,0.25,1.0002329,0.9535745,0.8954301,0.9140977,-0.00017563441525338306,0.02865226,0.3247582018375397
16427.mp4,good,0.9453281760215759,0.8915746212005615,0.43989378,0.43989378,0.7203109,0.28041714,0.043478260869565216,0.7203109,0.42974153,0.28041714,0.30079216,-0.01957835189320826,0.1391202,0.26937646,0.26926613,0.86875796,0.59949183,0.0,0.86875796,0.67510307,0.5993815,0.602309,-0.011113519548427438,0.08209874,0.13176724314689636,0.2458123,0.2458123,0.8329859,0.5871736,0.21739130434782608,0.8329859,0.6904872,0.5871736,0.60242087,-0.010974509148258474,0.07633241,0.15330076,0.14551991,0.91051805,0.76499814,0.08695652173913043,0.91051805,0.80687034,0.7572173,0.76325756,-0.0062517794695767575,0.04508512,0.36518878,0.36518878,0.99987847,0.6346897,0.20833333333333334,0.99987847,0.7952718,0.6346897,0.69348556,-0.013328393879144121,0.09786724,0.3233073651790619
5856.mp4,bad,0.9694790244102478,0.9262783527374268,0.61620367,0.5508147,0.89511615,0.34430146,0.0,0.9300135,0.4946644,0.27891245,0.29599378,-0.03130896816493967,0.2445442,0.20402974,0.1843462,0.94722617,0.76287997,0.0,0.9687916,0.8192749,0.7431964,0.74645513,-0.011048083602204172,0.08280417,0.09892702102661133,0.13058573,0.10565877,0.9054904,0.7998316,0.13043478260869565,0.93257374,0.8257985,0.77490467,0.7788378,-0.005919747849698138,0.048128076,0.07858211,0.06523651,0.9667658,0.9015293,0.13043478260869565,0.97642374,0.9182018,0.8881837,0.8902639,-0.0036626424007265095,0.02819755,0.14227897,0.13102108,0.9994704,0.86844933,0.16666666666666666,0.9994704,0.91006225,0.85719144,0.8614911,-0.005128415460171916,0.044359896,0.4008960723876953
7382.mp4,bad,0.9924106597900391,0.9776611328125,0.824051,0.7639244,0.9515108,0.18758635,0.0,0.9515108,0.25504777,0.12745976,0.1287207,-0.01953044507225512,0.2428943,0.40227133,0.37768197,0.96225744,0.5845755,0.0,0.96225744,0.6395638,0.5599861,0.57014215,-0.011096826478426644,0.11914356,0.2546808123588562,0.19347006,0.18725628,0.95286334,0.76560706,0.0,0.95286334,0.798218,0.7593933,0.76703507,-0.0051572703325701115,0.04933385,0.10407817,0.08859849,0.9758595,0.88726103,0.0,0.9758595,0.89424455,0.87178135,0.8767595,-0.002509972853622905,0.027323948,0.047302127,0.04161465,0.9994272,0.95781255,0.041666666666666664,0.9994272,0.96565336,0.9521251,0.95604813,-0.001273711038672435,0.013270104,0.46177634596824646
5746.mp4,bad,0.9508451223373413,0.8775750994682312,0.71658826,0.71658826,0.7712666,0.054678336,0.0,0.7712666,0.1971264,0.054678336,0.08351533,-0.017771359025077395,0.1709622,0.60880935,0.60880935,0.9155055,0.30669618,0.08695652173913043,0.9155055,0.5582801,0.30669618,0.4297309,-0.019143720183212313,0.144921,0.2957189679145813,0.21558559,0.20218742,0.8979622,0.6957748,0.043478260869565216,0.8979622,0.7505638,0.6823766,0.7014778,-0.006344244296371708,0.055638388,0.16563982,0.13319105,0.95180726,0.8186162,0.17391304347826086,0.95180726,0.8539991,0.78616744,0.8021309,-0.004572203566905545,0.041817345,0.19678164,0.099414706,1.0000861,0.90067136,0.20833333333333334,1.0000861,0.91897947,0.80330443,0.8469975,-0.003168515770331688,0.048312426,0.40429842472076416
16088.mp4,good,0.9822982549667358,0.9668501615524292,0.5775966,0.57368416,0.8868316,0.31314743,0.0,0.8868316,0.43776873,0.30923498,0.31545198,-0.019382814026397212,0.1490197,0.3468477,0.3468477,0.9448542,0.5980065,0.0,0.9448542,0.6915831,0.5980065,0.6037054,-0.012968973562180283,0.09442162,0.1886480152606964,0.13038099,0.11993909,0.8954036,0.77546453,0.13043478260869565,0.8954036,0.80196726,0.76502264,0.77216536,-0.003521149926506016,0.029243635,0.09902084,0.09902084,0.9566239,0.8576031,0.043478260869565216,0.9566239,0.880231,0.8576031,0.8606204,-0.002300466650088333,0.021007096,0.089227796,0.089227796,0.99931526,0.91008747,0.08333333333333333,0.99931526,0.93961716,0.91008747,0.9216627,-0.0022163824931435232,0.020078357,0.4426960349082947
17007.mp4,good,0.9546337723731995,0.878693163394928,0.8005719,0.7950892,0.8803389,0.08524972,0.0,0.8803389,0.21087879,0.079766974,0.09273909,-0.02278158691501902,0.20197617,0.5466103,0.5466103,0.96102536,0.41441506,0.0,0.96102536,0.5582948,0.41441506,0.4291218,-0.019589270144818816,0.1519547,0.2913050949573517,0.25766063,0.25683343,0.910079,0.65324557,0.13043478260869565,0.910079,0.7297049,0.6524184,0.66137207,-0.008627199196061619,0.061745178,0.18894708,0.18894708,0.97364295,0.78469586,0.08695652173913043,0.97364295,0.8495998,0.78469586,0.807348,-0.006505914003010314,0.046313334,0.2446934,0.2446934,0.9994587,0.7547653,0.125,0.9994587,0.8445864,0.7547653,0.7845222,-0.007991047864374927,0.060343582,0.44261252880096436
7386.mp4,bad,0.9876742959022522,0.9532840251922607,0.7300595,0.7254064,0.98317105,0.25776464,0.0,0.98317105,0.38268778,0.25311157,0.2558375,-0.019960924747433117,0.20226376,0.39092743,0.38660455,0.9932469,0.60664237,0.0,0.9932469,0.70474917,0.6023195,0.60528576,-0.012379658198639351,0.10837736,0.16754356026649475,0.31840366,0.31734753,0.983171,0.66582346,0.17391304347826086,0.983171,0.76061445,0.6647673,0.6664639,-0.010894198603780856,0.088399,0.17756301,0.17756301,0.99357766,0.81601465,0.17391304347826086,0.99357766,0.8722927,0.81601465,0.8167848,-0.00638712065021983,0.05012082,0.07299328,0.057910025,1.0006009,0.9426909,0.08333333333333333,1.0006009,0.95365816,0.92760766,0.93343985,-0.00238576223020969,0.020971397,0.4475187659263611
15404.mp4,bad,0.9853606820106506,0.9293839931488037,0.7537216,0.7537216,0.94284254,0.18912098,0.0,0.94284254,0.34526968,0.18912098,0.1991967,-0.024658410342432317,0.19168903,0.4609059,0.4609059,0.97633433,0.5154284,0.17391304347826086,0.97633433,0.6747536,0.5154284,0.5347829,-0.01910495628481328,0.13143417,0.22399093210697174,0.28276718,0.16457868,0.9472388,0.7826601,0.17391304347826086,0.9472388,0.78884757,0.6644716,0.7000577,-0.0037812071708822562,0.06297747,0.1189301,0.09741485,0.9829407,0.8855258,0.13043478260869565,0.9829407,0.8987445,0.8640106,0.87012476,-0.002759958267683088,0.027650747,0.13825363,0.09986794,1.0002804,0.90041244,0.16666666666666666,1.0002804,0.94111055,0.86202675,0.8987553,-0.0038105412669803924,0.03737184,0.397522509098053
7126.mp4,normal,0.9720501899719238,0.9407703876495361,0.6116041,0.5558349,0.8092396,0.2534047,0.0,0.8092396,0.35148144,0.19763556,0.20315877,-0.020928982453855122,0.16228189,0.4042951,0.31360805,0.93354535,0.6199373,0.21739130434782608,0.93354535,0.6807282,0.52925026,0.54093736,-0.0169134754319436,0.122786626,0.19797398149967194,0.16012758,0.15059483,0.8794983,0.7289035,0.21739130434782608,0.8794983,0.780478,0.7193707,0.72896105,-0.005740197691992807,0.042193096,0.13078284,0.08104253,0.95836985,0.8773273,0.21739130434782608,0.95836985,0.8787021,0.827587,0.83732384,-0.004594796848862543,0.03643388,0.13815123,0.13815123,1.0004282,0.862277,0.16666666666666666,1.0004282,0.92115456,0.862277,0.87067765,-0.004980921589809938,0.038111173,0.38468849658966064
15526.mp4,bad,0.9950072169303894,0.9905250072479248,0.61330074,0.6094823,0.7464278,0.13694547,0.0,0.7464278,0.26952115,0.13312705,0.13530754,-0.02136226952547141,0.16969699,0.35208893,0.35208893,0.89893126,0.54684234,0.043478260869565216,0.89893126,0.6544447,0.54684234,0.55340064,-0.014741043917275218,0.10488401,0.2411300390958786,0.11063504,0.079826176,0.86954534,0.78971916,0.13043478260869565,0.86954534,0.7980183,0.7589103,0.77830917,-0.001435179543118243,0.020647477,0.06547749,0.06003189,0.94846034,0.88842845,0.0,0.94846034,0.89557475,0.88298285,0.88420635,-0.0017051793958829749,0.015018679,0.053334773,0.04320407,1.0006562,0.9574522,0.20833333333333334,1.0006562,0.96899194,0.9473215,0.94956917,-0.002204289436340348,0.016071832,0.4649806320667267
15205.mp4,bad,0.9633021354675293,0.8888660669326782,0.81202745,0.8049634,0.94275594,0.13779253,0.0,0.94275594,0.22557454,0.13072845,0.13634126,-0.018608759705846023,0.18676837,0.53694254,0.52443635,0.96713436,0.44269803,0.0,0.96713436,0.52299297,0.4301918,0.43402874,-0.016620948763468524,0.14558369,0.3509908616542816,0.19551432,0.18796408,0.94634736,0.7583833,0.0,0.94634736,0.7841875,0.75083303,0.7584686,-0.0040004773455646235,0.04209303,0.1167891,0.1167891,0.9742302,0.85744107,0.0,0.9742302,0.8739838,0.85744107,0.8580056,-0.0030581986480079535,0.027575487,0.15774035,0.15774035,0.9995097,0.84176934,0.08333333333333333,0.9995097,0.89421576,0.84176934,0.8544218,-0.004525772877361478,0.04147837,0.4561823010444641
15655.mp4,bad,0.994677722454071,0.9645452499389648,0.048605263,0.010468841,0.9856757,0.97520685,0.13043478260869565,0.9856757,0.95662385,0.9370704,0.93935674,0.00030447854826100144,0.01596883,0.036417842,0.0069200397,0.99101806,0.984098,0.17391304347826086,0.9910865,0.97086275,0.9546002,0.9559086,0.00041633555776045993,0.013254616,0.006326206494122744,0.048605144,0.010468841,0.9856757,0.97520685,0.17391304347826086,0.9856757,0.95702887,0.93707055,0.9393568,0.00025075043849793577,0.015730606,0.023629963,0.005998671,0.9910522,0.98505354,0.13043478260869565,0.9911025,0.977189,0.96742225,0.96797967,0.00016076450526949877,0.008197624,0.03645575,0.0041692257,1.0000606,0.99589133,0.125,1.0000606,0.9863851,0.9636048,0.9744897,-4.532078038093545e-05,0.010374577,0.49935322999954224
6184.mp4,bad,0.9950946569442749,0.9820173978805542,0.3744417,0.2500885,0.7991714,0.5490829,0.08695652173913043,0.7991714,0.60735303,0.42472968,0.52624196,-0.010189561504620338,0.089595824,0.10240668,0.08057946,0.9238401,0.84326065,0.08695652173913043,0.9238401,0.86651903,0.8214334,0.8382597,-0.0038542529575438405,0.029462833,0.07143988460302353,0.07914299,0.07914299,0.9014264,0.8222834,0.21739130434782608,0.90147257,0.8572112,0.8222834,0.82831216,-0.003715863399826007,0.026276393,0.039302528,0.037976325,0.96041447,0.92243814,0.17391304347826086,0.96041447,0.937959,0.92111194,0.92356753,-0.0018386363747562862,0.01250232,0.05268842,0.05268842,1.0004804,0.947792,0.20833333333333334,1.0004804,0.96938705,0.947792,0.94998264,-0.0023375386258830447,0.01720611,0.5548145771026611
5940.mp4,normal,0.9778266549110413,0.9483045935630798,0.8362997,0.83357275,0.91107476,0.07750204,0.0,0.91107476,0.19085096,0.07477502,0.077535525,-0.022207353484960425,0.20292126,0.5695667,0.5667464,0.9562409,0.38949448,0.0,0.9562409,0.5494571,0.38667417,0.389099,-0.023467963598226838,0.16549209,0.27208080887794495,0.34704542,0.34202415,0.93337643,0.5913523,0.30434782608695654,0.93337643,0.6995398,0.586331,0.5932015,-0.013527578280377294,0.095606945,0.25591075,0.24961603,0.97041523,0.7207992,0.30434782608695654,0.97041523,0.8215378,0.7145045,0.7203332,-0.011974887650003535,0.08068086,0.50389755,0.4742148,0.9996163,0.52540153,0.20833333333333334,0.9996163,0.8281555,0.49571875,0.5270662,-0.023684831559658073,0.17853507,0.35175999999046326
17335.mp4,bad,0.9762806296348572,0.79136723279953,0.2966894,0.2453177,0.96787,0.7225523,0.08695652173913043,0.96787,0.7776265,0.6711806,0.68331355,-0.012273863193545873,0.09753825,0.0839411,0.07184374,0.96849203,0.8966483,0.08695652173913043,0.96849203,0.9156299,0.8845509,0.8856968,-0.004050816648562437,0.030676054,0.037304747849702835,0.10578561,0.093920946,0.96787,0.87394905,0.0,0.96787,0.8924978,0.8620844,0.8640522,-0.0036419614737212727,0.031352628,0.049455345,0.043661416,0.9855205,0.94185907,0.08695652173913043,0.9855205,0.9529347,0.93606514,0.9384291,-0.0019912273869684034,0.014865607,0.10389024,0.047486067,0.9994867,0.9520006,0.08333333333333333,0.9994867,0.952341,0.89559644,0.93022895,-0.0016827749169391166,0.02596738,0.6525892019271851
5971.mp4,normal,0.9675264954566956,0.9236329793930054,0.7814531,0.53969705,0.96000373,0.4203067,0.08695652173913043,0.96000373,0.47183496,0.17855065,0.2561851,-0.016126360052187916,0.22485854,0.32089776,0.16398847,0.97511184,0.8111234,0.17391304347826086,0.97511184,0.8017004,0.6542141,0.7072126,-0.004895626143975698,0.08501536,0.10400830209255219,0.31552517,0.116927624,0.96000373,0.8430761,0.17391304347826086,0.96000373,0.80097806,0.64447856,0.69710183,-0.0033779743278450785,0.07740465,0.13449568,0.059089363,0.98320884,0.9241195,0.21739130434782608,0.98320884,0.9057088,0.84871316,0.8577628,-0.0015812866065813252,0.036479734,0.118633926,0.068725884,0.99948746,0.9307616,0.16666666666666666,0.99948746,0.9319475,0.88085353,0.8986388,-0.002250465025072541,0.029785374,0.2679309546947479
5949.mp4,good,0.9798664450645447,0.9007847309112549,0.77910006,0.33828837,0.96382505,0.6255367,0.17391304347826086,0.96382505,0.42423925,0.18472497,0.19853725,-0.0026694069296239508,0.19909944,0.2670644,0.11766243,0.9685832,0.8509208,0.17391304347826086,0.9685832,0.8039998,0.70151883,0.71703804,-0.0021500877829879633,0.06480683,0.12378433346748352,0.175233,0.12727809,0.96619403,0.83891594,0.08695652173913043,0.96619403,0.83967626,0.790961,0.8080853,-0.0023908736441917546,0.033265952,0.07856506,0.061114788,0.98266375,0.92154896,0.13043478260869565,0.98266375,0.92778414,0.9040987,0.9128584,-0.0014112954554350422,0.0155175105,0.09616494,0.040988326,0.99972534,0.958737,0.08333333333333333,0.99972534,0.96456724,0.9035604,0.95388585,-0.000920576530954134,0.019087072,0.3918626308441162
15990.mp4,bad,0.9978387951850891,0.9874867796897888,0.054972112,0.042490005,0.9753302,0.93284017,0.08695652173913043,0.9753302,0.94183695,0.92035806,0.93251187,-0.00046209808394843493,0.010809532,0.029833794,0.017146587,0.9846592,0.9675126,0.13043478260869565,0.9846592,0.96819353,0.9548254,0.9628892,5.978540233943326e-05,0.005003462,0.011630219407379627,0.047552645,0.041042626,0.9766363,0.93559366,0.13043478260869565,0.9766363,0.946008,0.92908365,0.9371009,-0.0005008839218041778,0.009161814,0.013408065,0.0055702925,0.9857055,0.9801352,0.17391304347826086,0.9857055,0.9798238,0.97229743,0.97626066,0.00017271994837661205,0.0030654832,0.014966488,0.008185267,1.0003717,0.9921864,0.16666666666666666,1.0003717,0.9924305,0.9854052,0.9870866,3.77417647320214e-05,0.0031356497,0.4904921352863312
20356.mp4,good,0.988055408000946,0.9630885124206543,0.71395195,0.18968189,0.94232,0.7526381,0.21739130434782608,0.94232,0.4922947,0.22836801,0.24135433,0.008096632926831592,0.22204982,0.20343721,0.06643826,0.9776747,0.91123646,0.2608695652173913,0.9776747,0.8464249,0.7742375,0.7758497,0.0012181007225994047,0.059910547,0.06628594547510147,0.34727508,0.096597195,0.94517004,0.84857285,0.2608695652173913,0.94517004,0.72892594,0.59789497,0.6088289,0.0038308759805241975,0.1114942,0.10485619,0.03862983,0.9804759,0.9418461,0.2608695652173913,0.9804759,0.91271096,0.8756197,0.8770205,0.0003784851947791865,0.030241733,0.10064101,0.024599135,0.9994423,0.97484314,0.3333333333333333,0.9994423,0.94512385,0.89880127,0.90638894,0.0002017605823019253,0.03392014,0.3926907777786255
15765.mp4,normal,0.9876905679702759,0.9742098450660706,0.723084,0.70719385,0.9490662,0.24187236,0.0,0.9490662,0.4080837,0.22598225,0.23367722,-0.030275523795087356,0.23326497,0.40208817,0.40208817,0.97275555,0.5706674,0.043478260869565216,0.97275555,0.7052163,0.5706674,0.5895902,-0.0179340721001267,0.12683347,0.1648808717727661,0.24768722,0.2213093,0.9493371,0.7280278,0.0,0.9493371,0.76167953,0.7016499,0.7080181,-0.007796626729456334,0.066023074,0.13845259,0.13021272,0.9763833,0.8461706,0.0,0.9763833,0.87009704,0.83793074,0.8383226,-0.004868971382676382,0.039124075,0.13189638,0.104276836,0.99939144,0.8951146,0.16666666666666666,0.99939144,0.92285824,0.86749506,0.87884754,-0.004574227980945451,0.03836404,0.4269446134567261
20155.mp4,good,0.9605304002761841,0.8794649243354797,0.6215756,0.22742987,0.9377574,0.7103275,0.17391304347826086,0.9377574,0.5574388,0.31618178,0.36012015,-0.0031764606536612734,0.1562685,0.18813795,0.079512954,0.96076584,0.8812529,0.13043478260869565,0.96076584,0.8438739,0.7726279,0.797139,-0.00045102999615575037,0.044495244,0.06290682405233383,0.25564682,0.107816815,0.9412868,0.83347,0.17391304347826086,0.9412868,0.7852379,0.68564,0.719616,-0.0011313252533848668,0.055657502,0.10669911,0.04825616,0.9728366,0.92458045,0.13043478260869565,0.9728366,0.9067807,0.8661375,0.88332355,-0.0004062974170262759,0.023341846,0.2124809,0.09798211,1.0001807,0.9021986,0.25,1.0001807,0.88136023,0.7876998,0.79117864,-0.002844969241515434,0.058323815,0.4330712556838989
15359.mp4,bad,0.9824735522270203,0.9622113108634949,0.7269148,0.72143614,0.8533041,0.13186795,0.0,0.8533041,0.24646235,0.12638927,0.12977068,-0.02162673452449411,0.18288757,0.49111247,0.4843254,0.927732,0.44340658,0.0,0.927732,0.5563395,0.43661952,0.43868288,-0.019191824901009742,0.14179447,0.2974250614643097,0.19549763,0.17785954,0.8964839,0.71862435,0.043478260869565216,0.8964839,0.7585386,0.70098627,0.70859647,-0.007406521161554357,0.054647174,0.12992156,0.12359333,0.94762063,0.8240273,0.0,0.94762063,0.8537645,0.8176991,0.8195882,-0.005244103816186963,0.037984468,0.17592359,0.143314,1.0005386,0.8572246,0.20833333333333334,1.0005386,0.8891876,0.824615,0.8285325,-0.006891454561896973,0.05065007,0.3629961609840393
15077.mp4,normal,0.9754948616027832,0.9647740721702576,0.5297862,0.5101926,0.7257165,0.21552388,0.0,0.7257165,0.252035,0.19593024,0.20362723,-0.009030318822667537,0.114019416,0.36252904,0.36252904,0.89777637,0.5352473,0.0,0.89777637,0.60382044,0.5352473,0.53865284,-0.010226699674553558,0.08790018,0.2611054480075836,0.17682594,0.118310094,0.856305,0.7379949,0.13043478260869565,0.856305,0.74160665,0.67947906,0.6900472,-0.0028486741861335906,0.042446,0.09623587,0.08401221,0.93825686,0.85424465,0.043478260869565216,0.93825686,0.864926,0.842021,0.8476101,-0.0021903574937888314,0.022640094,0.14640921,0.13720673,0.99988747,0.86268073,0.125,0.99988747,0.9023487,0.85347825,0.86528534,-0.004230815327685832,0.035244368,0.44963109493255615
16681.mp4,bad,0.9415146112442017,0.8183817863464355,0.82801235,0.81982625,0.9023153,0.08248904,0.0,0.9023153,0.16662277,0.074302986,0.077600785,-0.01768661956689339,0.18993254,0.68968207,0.686314,0.9531505,0.2668365,0.0,0.9531505,0.39694005,0.26346844,0.26556462,-0.0229355321512392,0.18526277,0.3485410809516907,0.5053841,0.4713905,0.92338276,0.45199227,0.21739130434782608,0.92338276,0.6000832,0.41799867,0.44259638,-0.02012188302669601,0.13800132,0.32881522,0.3246249,0.9667046,0.6420797,0.17391304347826086,0.9667046,0.74548125,0.6378894,0.6423093,-0.013646083858173364,0.09389934,0.32036793,0.2772174,1.0004711,0.7232537,0.0,1.0004711,0.76919335,0.6801032,0.6981251,-0.010887364978375653,0.09211061,0.19997809827327728
16641.mp4,good,0.9705365300178528,0.9113821983337402,0.22798237,0.2235877,0.3174445,0.0938568,0.0,0.3174445,0.1369987,0.08946213,0.09365558,-0.007157789565357767,0.058035593,0.35506973,0.35506973,0.8163235,0.4612538,0.08695652173913043,0.8163235,0.5771839,0.4612538,0.47609836,-0.01480084480975458,0.10297268,0.2769849896430969,0.15973192,0.15935874,0.8172361,0.6578774,0.13043478260869565,0.8172361,0.7200157,0.6575042,0.6669142,-0.006016294240009177,0.048821967,0.11221564,0.11165023,0.93133235,0.8196821,0.13043478260869565,0.93133235,0.85416895,0.8191167,0.8260851,-0.0037867416270636976,0.02789866,0.1475724,0.107372165,0.9996482,0.89227605,0.08333333333333333,0.9996482,0.9003431,0.8520758,0.86976784,-0.002972578820974941,0.032024402,0.44752389192581177
16254.mp4,bad,0.9759637713432312,0.9225002527236938,0.8729732,0.8728764,0.99318045,0.12030408,0.0,0.99318045,0.29005396,0.12020727,0.12142707,-0.03230066302972349,0.26786828,0.53325355,0.52968407,0.9961846,0.46650052,0.0,0.9961846,0.591298,0.46293104,0.46483257,-0.02220340768103543,0.16963097,0.2885894477367401,0.25300378,0.24261427,0.9931805,0.75056624,0.0,0.9931805,0.7946296,0.74017674,0.7474636,-0.008218870096998253,0.06914856,0.14847195,0.14649516,0.9961846,0.8496894,0.0,0.9961846,0.8798874,0.84771264,0.8489865,-0.005316043795333093,0.042635366,0.14870262,0.13343388,0.99998486,0.866551,0.0,0.99998486,0.89843863,0.85128224,0.85750765,-0.005790031448654524,0.047476575,0.34419167041778564
15067.mp4,good,0.9967259764671326,0.9813664555549622,0.14410222,0.095632076,0.9769969,0.8813648,0.043478260869565216,0.9769969,0.8939753,0.8328947,0.8673444,-0.0027084079655734015,0.031086944,0.065988064,0.0650816,0.9840305,0.9189489,0.0,0.9840305,0.9295059,0.9180424,0.9191427,-0.0017115248168410155,0.017492216,0.01845427230000496,0.09921479,0.0687027,0.97777724,0.90907454,0.08695652173913043,0.97777724,0.9175792,0.87856245,0.9037976,-0.001963643393968887,0.020769503,0.050854623,0.048242033,0.9895948,0.9413528,0.0,0.9895948,0.94796014,0.9387402,0.9411436,-0.0013315010329951556,0.012876619,0.0287171,0.02737379,0.9996051,0.9722313,0.0,0.9996051,0.9781561,0.970888,0.9719141,-0.0008933224626209548,0.0077055944,0.3395913541316986
17334.mp4,normal,0.991448700428009,0.9858182668685913,0.50266206,0.46199563,0.92695737,0.46496174,0.0,0.92695737,0.5641338,0.42429534,0.44486567,-0.019642311711556355,0.14812161,0.19331813,0.16826284,0.9607115,0.79244864,0.0,0.9607115,0.8231262,0.76739335,0.77098244,-0.008152883867972456,0.06029497,0.08839167654514313,0.17299539,0.14515275,0.9363107,0.79115796,0.08695652173913043,0.9363107,0.8190841,0.7633153,0.7719249,-0.006634862467705501,0.0506559,0.088112056,0.07220274,0.9730097,0.90080696,0.043478260869565216,0.9730097,0.91151774,0.88489765,0.88641405,-0.003516228420461098,0.026227925,0.06839585,0.053569436,1.0000952,0.9465258,0.125,1.0000952,0.9526165,0.9316994,0.9356981,-0.0019407270783963568,0.01709454,0.4237806797027588
16211.mp4,good,0.9944713711738586,0.9862817525863647,0.626255,0.52997047,0.9831096,0.45313913,0.08695652173913043,0.9873098,0.5825105,0.35685462,0.3935355,-0.027229343890672653,0.19407,0.17302716,0.14645445,0.99222255,0.8457681,0.21739130434782608,0.99222255,0.8863872,0.8191954,0.82768613,-0.00751547845220377,0.052171156,0.057020705193281174,0.18196774,0.16148365,0.9831095,0.8216258,0.0,0.98730993,0.85014594,0.80114174,0.80592257,-0.006365007327008167,0.052522603,0.07528889,0.06727797,0.99225676,0.9249788,0.21739130434782608,0.99225676,0.9434079,0.91696787,0.91979,-0.003005643077047467,0.021380233,0.044861674,0.03372103,0.99945533,0.9657343,0.125,0.99945533,0.975331,0.95459366,0.9591559,-0.0016706767030384565,0.013024359,0.49455443024635315
17112.mp4,bad,0.9727164506912231,0.910980761051178,0.3870411,0.37529954,0.6498182,0.27451864,0.21739130434782608,0.9356503,0.5180847,0.2627771,0.29236054,-0.027620832616161477,0.19496654,0.32158458,0.32090616,0.89945275,0.5785466,0.2608695652173913,0.96739715,0.7446238,0.57786816,0.59417135,-0.01831687386092463,0.12412737,0.12410905957221985,0.23141706,0.23141706,0.8908996,0.65948254,0.21739130434782608,0.9495773,0.7846563,0.65948254,0.6836866,-0.011183356225726162,0.07962575,0.17052001,0.17052001,0.95116436,0.78064436,0.21739130434782608,0.9741404,0.8687328,0.78064436,0.79958147,-0.008221336268624787,0.056606196,0.17581618,0.14806521,1.0002923,0.8522271,0.125,1.0002923,0.9007561,0.8244761,0.85351086,-0.004326125098311402,0.04792765,0.4709233045578003
7591.mp4,bad,0.9866475462913513,0.9153811931610107,0.5969917,0.588794,0.983531,0.394737,0.2608695652173913,0.983531,0.6044399,0.38653928,0.3940122,-0.028214366834154257,0.20304339,0.20886809,0.19206178,0.9906392,0.7985774,0.30434782608695654,0.9906392,0.8707032,0.7817711,0.79489064,-0.009566449011738594,0.06775563,0.07397978007793427,0.2003842,0.15702158,0.98353106,0.8265095,0.17391304347826086,0.98353106,0.8733777,0.78314686,0.81487733,-0.007629339932924209,0.05613912,0.084520996,0.07289916,0.99124384,0.9183447,0.2608695652173913,0.99124384,0.9446829,0.90672284,0.916721,-0.0035636739532938235,0.025388593,0.11625731,0.07748675,0.99981666,0.9223299,0.20833333333333334,0.99981666,0.9559086,0.88355935,0.9041747,-0.00450059737848202,0.036153678,0.5730485916137695
20330.mp4,good,0.9810407161712646,0.9599713087081909,0.84661436,0.8408358,0.96053004,0.11969426,0.2608695652173913,0.96053004,0.46799755,0.11391568,0.120409,-0.04735045996402565,0.3268889,0.6239946,0.6239946,0.9751957,0.35120115,0.2608695652173913,0.9751957,0.6826391,0.35120115,0.3749107,-0.03379123569595012,0.22784305,0.17983697354793549,0.4225989,0.4225989,0.96245754,0.53985864,0.21739130434782608,0.96245754,0.7709134,0.53985864,0.57209146,-0.020052394023525873,0.13552289,0.2716925,0.2716925,0.98370373,0.7120112,0.2608695652173913,0.98370373,0.8624761,0.7120112,0.73491925,-0.013048338560247598,0.08795883,0.17603046,0.17603046,0.99953365,0.8235032,0.25,0.99953365,0.92900485,0.8235032,0.84537035,-0.00818775441335597,0.058812268,0.24734818935394287
6371.mp4,bad,0.9871340394020081,0.9555315971374512,0.9316142,0.91885203,0.96263844,0.0437864,0.0,0.96263844,0.13155274,0.031024244,0.032912336,-0.0210332832236594,0.23201774,0.5901115,0.53955555,0.97414047,0.43458492,0.0,0.97414047,0.48327416,0.38402897,0.3927989,-0.014631109157569797,0.16049919,0.34394246339797974,0.36914378,0.33209914,0.96525407,0.6331549,0.0,0.96525407,0.68165195,0.5961103,0.6184357,-0.00772007987668863,0.09278892,0.21392453,0.16616017,0.9832712,0.817111,0.043478260869565216,0.9832712,0.8272166,0.76934665,0.7847003,-0.003720630475654918,0.05380878,0.14650536,0.12543708,1.0000501,0.874613,0.0,1.0000501,0.8944312,0.8535447,0.86195564,-0.004820279038470739,0.04649452,0.3594546616077423
15839.mp4,bad,0.9921786189079285,0.9759860038757324,0.122270525,0.0644449,0.9790139,0.914569,0.17391304347826086,0.98479486,0.91674715,0.8567434,0.88107103,-0.004056020275406228,0.032595057,0.043510437,0.027696013,0.99040437,0.96270835,0.13043478260869565,0.99159306,0.9612486,0.94689393,0.9482068,-0.0015412533118319605,0.012909941,0.012330933474004269,0.10004556,0.0644449,0.9790139,0.914569,0.08695652173913043,0.9847948,0.9274671,0.87896836,0.90366447,-0.0034463544019126186,0.026255202,0.025046587,0.018158793,0.9910835,0.9729247,0.043478260869565216,0.99191976,0.97357976,0.9660369,0.96696573,-0.000794999802065473,0.0072488193,0.046725035,0.020570576,0.99946195,0.9788914,0.16666666666666666,0.99946195,0.97068924,0.9527369,0.95576173,-0.0009958518069723454,0.013630079,0.5323657989501953
15199.mp4,good,0.9695612788200378,0.9014996886253357,0.79122734,0.79122734,0.9472496,0.15602228,0.0,0.9472496,0.38243368,0.15602228,0.16716908,-0.03504324504155889,0.25430328,0.43532073,0.43139017,0.96747565,0.5360855,0.2608695652173913,0.96747565,0.68787515,0.5321549,0.5354936,-0.021243566522014007,0.14547335,0.160762220621109,0.42866313,0.41046613,0.95863366,0.5481675,0.21739130434782608,0.95863366,0.69959134,0.5299705,0.54525787,-0.019826164299791532,0.13616762,0.21898568,0.21794695,0.9820745,0.76412755,0.21739130434782608,0.9820745,0.8486373,0.7630888,0.76369005,-0.010375106405363741,0.07042156,0.26513833,0.23765552,0.99957615,0.76192063,0.25,0.99957615,0.8451233,0.7344378,0.7482107,-0.011694222610929771,0.08607427,0.34320342540740967
6922.mp4,good,0.9832620024681091,0.9418359994888306,0.3395452,0.25360972,0.4543901,0.2007804,0.08695652173913043,0.4543901,0.1859008,0.1148449,0.12329384,0.0001384249995112855,0.065415494,0.3137372,0.18145585,0.81957483,0.638119,0.17391304347826086,0.81957483,0.6245761,0.5058376,0.5485008,-0.0003595322723916461,0.060898986,0.24551379680633545,0.2561084,0.11622554,0.86272454,0.746499,0.17391304347826086,0.86272454,0.7427057,0.60661614,0.6797306,-0.00012679180137725363,0.052057445,0.13188398,0.07115352,0.94000566,0.86885214,0.17391304347826086,0.94000566,0.8700899,0.8081217,0.8352239,-0.0004950652833984088,0.026976364,0.17614245,0.05519885,0.9995086,0.9443098,0.08333333333333333,0.9995086,0.9385972,0.82336617,0.9118859,0.0001781029286591708,0.037679233,0.35811710357666016
15607.mp4,bad,0.9870645999908447,0.9740166664123535,0.7579603,0.75079274,0.94965017,0.19885743,0.0,0.94965017,0.3567814,0.19168985,0.19956289,-0.02897650537931402,0.23657589,0.4045,0.4029897,0.9665292,0.5635395,0.0,0.9665292,0.6634045,0.5620292,0.56407297,-0.017134642942620855,0.13453735,0.22366507351398468,0.19704401,0.15988368,0.94965017,0.7897665,0.043478260869565216,0.94965017,0.8041409,0.75260615,0.7645385,-0.005416745312600271,0.04540595,0.114934444,0.10037261,0.9737092,0.8733366,0.0,0.9737092,0.8870697,0.8587748,0.86670303,-0.003445603630759488,0.029067501,0.089101136,0.051411152,0.9995643,0.94815314,0.16666666666666666,0.9995643,0.95109624,0.91046315,0.92363435,-0.002725626593050766,0.023109872,0.45590296387672424
20307.mp4,good,0.9943625330924988,0.98658686876297,0.3100698,0.06848115,0.93756175,0.8690806,0.17391304347826086,0.93756175,0.7843977,0.62749195,0.6557452,-0.004332275788774602,0.085351735,0.07510662,0.017832816,0.9654556,0.9476228,0.13043478260869565,0.9654556,0.92478323,0.890349,0.8964341,-0.0010417351138450697,0.021298317,0.03754827752709389,0.090779185,0.039664865,0.9467577,0.9070928,0.21739130434782608,0.9467577,0.888392,0.8559785,0.85910463,-0.0019033553572040307,0.025539694,0.031841695,0.014545381,0.98223597,0.9676906,0.08695652173913043,0.98223597,0.96233153,0.9503943,0.95502865,-0.0005023222666955434,0.0074753594,0.028466105,0.012478113,0.9995457,0.9870676,0.125,0.9995457,0.98237085,0.9710796,0.97541726,-0.0005031944098679844,0.0068229004,0.49340635538101196
6935.mp4,good,0.9557050466537476,0.8660557270050049,0.80478096,0.7541693,0.98825526,0.23408598,0.0,0.98825526,0.28935713,0.18347433,0.18649523,-0.013731121781315272,0.19999282,0.3521998,0.32313615,0.99368167,0.6705455,0.0,0.99368167,0.7062403,0.6414819,0.6500974,-0.005874962321383202,0.091441005,0.17080503702163696,0.31015694,0.2999034,0.98825526,0.68835187,0.0,0.98825526,0.73372984,0.6780983,0.69099516,-0.006344771844596245,0.07421819,0.1400814,0.13333416,0.99408567,0.8607515,0.0,0.99408567,0.8770455,0.85400426,0.8588283,-0.0027082138381927883,0.034573525,0.2027511,0.19560522,1.000097,0.8044918,0.125,1.000097,0.86317825,0.79734594,0.8072072,-0.00552461427191031,0.055811632,0.34035247564315796
15932.mp4,bad,0.9722563624382019,0.9603796005249023,0.66476446,0.6626525,0.79340684,0.13075435,0.0,0.79340684,0.23216222,0.12864237,0.13122216,-0.01810373013964284,0.15580797,0.5082718,0.5082718,0.8984697,0.39019787,0.0,0.8984697,0.52173185,0.39019787,0.4159569,-0.017767241585396033,0.13248493,0.3166835606098175,0.20063376,0.20063376,0.87272716,0.6720934,0.13043478260869565,0.87272716,0.7478877,0.6720934,0.6959945,-0.007641782638112559,0.052920237,0.15104473,0.15104473,0.933335,0.7822903,0.17391304347826086,0.933335,0.8384153,0.7822903,0.79616356,-0.005867547904078652,0.04010476,0.1279419,0.12173545,1.0003595,0.8786241,0.2916666666666667,1.0003595,0.9233866,0.8724176,0.879603,-0.0048734450081120454,0.03563867,0.37197616696357727
6685.mp4,bad,0.9716202020645142,0.9195789694786072,0.77735573,-0.010767639,0.87990427,0.8906719,0.0,0.9439399,0.41027462,0.10254854,0.121207,0.01881628547585293,0.3329315,0.3632303,0.0017701983,0.94596976,0.94419956,0.13043478260869565,0.95855653,0.78026795,0.5827395,0.65864515,0.007897700657957626,0.12038386,0.14308767020702362,0.17139351,0.00028938055,0.91857016,0.9182808,0.13043478260869565,0.95189553,0.8355554,0.74717665,0.76664037,0.0038292856202295387,0.06364957,0.09871316,0.0023260117,0.9700508,0.9677248,0.13043478260869565,0.97826296,0.9233556,0.87133765,0.8895354,0.002090663365695777,0.03309076,0.06621742,0.022935688,0.9997585,0.9768228,0.125,0.9997585,0.96584004,0.93354106,0.9479084,0.0004964006983715274,0.016798226,0.41901737451553345
5796.mp4,normal,0.9686620831489563,0.9378176927566528,0.3113807,0.3113807,0.34299126,0.03161055,0.13043478260869565,0.34299126,0.13411097,0.03161055,0.037489414,-0.009549060586118418,0.084080726,0.41589382,0.4054008,0.75981784,0.35441703,0.13043478260869565,0.75981784,0.5232833,0.34392402,0.38380384,-0.012578494405086795,0.098108925,0.32984358072280884,0.13396102,0.11803436,0.8324312,0.71439683,0.17391304347826086,0.8324312,0.75197875,0.6984702,0.7159785,-0.003471809178001798,0.029167384,0.08211905,0.07655126,0.9021761,0.8256248,0.17391304347826086,0.9021761,0.85312694,0.82005703,0.82657653,-0.0023453497721743505,0.017776772,0.14998019,0.14998019,1.0005178,0.85053766,0.125,1.0005178,0.938596,0.85053766,0.9065377,-0.003460782895917496,0.03230345,0.42559537291526794
6239.mp4,normal,0.951791524887085,0.7876657247543335,0.41018802,0.37794626,0.48387042,0.105924174,0.0,0.48387042,0.12044768,0.07368241,0.082329124,-0.00370925803311729,0.07865495,0.43889806,0.3157897,0.82836723,0.51257753,0.08695652173913043,0.82836723,0.51934516,0.38946918,0.4490344,-0.0025588357048072457,0.07988439,0.2743246257305145,0.42338234,0.32539737,0.8459139,0.5205165,0.08695652173913043,0.8459139,0.5335964,0.42253155,0.48598304,-0.0029955713056292917,0.084402815,0.17270315,0.13522637,0.9275702,0.79234385,0.08695652173913043,0.9275702,0.79366976,0.7548671,0.7632605,-0.0010076927926700684,0.034062795,0.318641,0.20251226,0.9993213,0.796809,0.08333333333333333,0.9993213,0.81443834,0.6806803,0.7922459,-0.002600908279418953,0.063988514,0.2618125081062317
15516.mp4,bad,0.9906724095344543,0.9687380194664001,0.55154544,0.53532696,0.8633498,0.32802284,0.043478260869565216,0.8633498,0.44706896,0.31180435,0.33777773,-0.015299838463308324,0.13133967,0.13333696,0.13333696,0.9455144,0.8121774,0.043478260869565216,0.9455144,0.8438488,0.8121774,0.8219776,-0.003727897118202794,0.030606104,0.08444902300834656,0.1807242,0.16800368,0.933759,0.7657553,0.08695652173913043,0.933759,0.80289644,0.7530348,0.7599242,-0.004972649303820757,0.04552072,0.06285447,0.062827945,0.97584504,0.9130171,0.08695652173913043,0.97584504,0.92829794,0.91299057,0.9170903,-0.0018882624245443898,0.015162844,0.11450291,0.112149835,1.0000958,0.887946,0.0,1.0000958,0.91674924,0.88559294,0.8893608,-0.003923502149789242,0.032196052,0.5586245656013489
15257.mp4,bad,0.9943705201148987,0.9848591089248657,0.15155631,0.008156478,0.9847147,0.9765582,0.17391304347826086,0.9847147,0.9548334,0.8331584,0.8738865,0.002026921145529619,0.0443514,0.0451895,0.006706238,0.9824809,0.97577465,0.17391304347826086,0.9824809,0.97044015,0.9372914,0.9399303,0.0007494232164541342,0.0148216095,0.009662594646215439,0.100631,0.008156538,0.98471475,0.9765582,0.17391304347826086,0.98471475,0.959998,0.88408375,0.8908033,0.001552152598328277,0.032645613,0.024340034,0.006272495,0.9883646,0.9820921,0.17391304347826086,0.9883646,0.9801027,0.96402454,0.96753013,0.00017224264003544556,0.00673291,0.013676643,0.0059499145,1.00074,0.99479014,0.16666666666666666,1.00074,0.99414474,0.9870634,0.9891222,1.677049242930242e-05,0.0030291607,0.37501683831214905
7226.mp4,bad,0.9641249179840088,0.9086412191390991,0.48961338,0.44928002,0.60597116,0.15669113,0.0,0.60597116,0.22329912,0.116357766,0.14694883,-0.014114565521537564,0.13660076,0.31987166,0.22601044,0.8568783,0.63086784,0.043478260869565216,0.8640009,0.66999096,0.5370066,0.61784256,-0.009302046105795696,0.08124345,0.22460497915744781,0.14539033,0.05253738,0.8567973,0.8042599,0.08695652173913043,0.8811722,0.7999694,0.71140695,0.7589411,-0.0034518759005625686,0.041627035,0.10013574,0.057429492,0.94476634,0.88733685,0.08695652173913043,0.9491705,0.8945959,0.8446306,0.87599087,-0.0027563020056886565,0.027038682,0.08150905,0.051116228,1.0003605,0.94924426,0.16666666666666666,1.0003605,0.9498839,0.91885144,0.9260721,-0.0018664765617122014,0.020157907,0.38214540481567383
6443.mp4,normal,0.97894686460495,0.8229236006736755,0.8151126,0.8151126,0.9891759,0.17406335,0.391304347826087,0.9891759,0.5017215,0.17406335,0.1821635,-0.0384047868930304,0.27564725,0.2836244,0.2836244,0.9953691,0.71174467,0.30434782608695654,0.9953691,0.84227437,0.71174467,0.7199126,-0.01229499527823784,0.087656796,0.08440747112035751,0.47214687,0.47214687,0.9891758,0.5170289,0.21739130434782608,0.9891758,0.8016452,0.5170289,0.5344096,-0.021650303376050818,0.15580496,0.16725963,0.16620022,0.9955665,0.82936627,0.21739130434782608,0.9955665,0.92668194,0.82830685,0.8348986,-0.00736259430529102,0.052906167,0.2110467,0.2110467,1.0006379,0.7895912,0.2916666666666667,1.0006379,0.93561125,0.7895912,0.8263462,-0.009618034544198434,0.07509063,0.39021822810173035
7265.mp4,bad,0.9934747815132141,0.9684740304946899,0.32046312,0.22261608,0.8997369,0.6771208,0.2608695652173913,0.9444478,0.803847,0.57927376,0.6098047,-0.012230818921869445,0.119655006,0.08789182,0.060611784,0.94710195,0.88649017,0.21739130434782608,0.9765837,0.92956924,0.85921013,0.87446755,-0.0032357778473805104,0.035324212,0.026586003601551056,0.10927743,0.06868297,0.9118698,0.84318686,0.2608695652173913,0.94928086,0.8874065,0.8025924,0.8220583,-0.004007933874846447,0.042024083,0.043424964,0.029819906,0.9652357,0.9354158,0.2608695652173913,0.9797598,0.9561551,0.92181075,0.9297956,-0.00166954076572841,0.016770534,0.028416753,0.01973337,0.99994767,0.9802143,0.20833333333333334,0.99994767,0.98683745,0.9715309,0.9779415,-0.0006069491998009264,0.0067637935,0.4738965332508087
15541.mp4,normal,0.9960235357284546,0.9912317991256714,0.60381335,0.4043684,0.98985326,0.58548486,0.17391304347826086,0.98985326,0.60165274,0.3860399,0.41777003,-0.015345769996935196,0.16373156,0.21185738,0.15093344,0.9929545,0.84202105,0.13043478260869565,0.9929545,0.8508144,0.7810971,0.792923,-0.005024751773464834,0.055070505,0.07884301245212555,0.18583643,0.15104187,0.9898534,0.8388115,0.043478260869565216,0.9898534,0.85180247,0.80401695,0.82485837,-0.004095531852820177,0.044000085,0.084092796,0.07024115,0.9943213,0.92408013,0.0,0.9943213,0.9296574,0.9102285,0.91374403,-0.0019309948908952897,0.021285838,0.027591586,0.013979673,1.000119,0.9861393,0.125,1.000119,0.9842501,0.9725274,0.97653455,-0.0002965815689252901,0.0066119027,0.5508934259414673
7563.mp4,bad,0.9574222564697266,0.8708755970001221,0.8199914,0.7332114,0.9696986,0.23648724,0.0,0.9696986,0.27003178,0.1497072,0.18013912,-0.012701830108881942,0.17562741,0.34482384,0.22998345,0.9754185,0.74543506,0.13043478260869565,0.9754185,0.72930586,0.6305947,0.6462747,-0.004077928162846186,0.072846875,0.12916460633277893,0.6116471,0.50127006,0.97013664,0.46886656,0.13043478260869565,0.97013664,0.6041962,0.3584895,0.42820928,-0.021853490397628583,0.17433533,0.18923032,0.1515764,0.98599005,0.83441365,0.08695652173913043,0.98599005,0.85847044,0.7967597,0.8159118,-0.005382835688327146,0.046581578,0.2426132,0.13969338,1.0006119,0.8609185,0.16666666666666666,1.0006119,0.8798602,0.7579987,0.80426747,-0.005288235571073465,0.058854934,0.13946476578712463
16944.mp4,normal,0.994676411151886,0.9917529821395874,0.8222786,0.8222786,0.90185213,0.07957351,0.0,0.90185213,0.27089685,0.07957351,0.08499767,-0.03073400038887154,0.23212323,0.4820676,0.4820676,0.9421712,0.4601036,0.17391304347826086,0.9421712,0.63766634,0.4601036,0.47913018,-0.021479045979590303,0.14674538,0.2579677104949951,0.20088291,0.17887771,0.91756225,0.73868454,0.08695652173913043,0.91756225,0.7853338,0.71667933,0.73586714,-0.007525113083628311,0.05420167,0.097259045,0.09717715,0.9645078,0.8673307,0.13043478260869565,0.9645078,0.89563406,0.8672488,0.8688596,-0.003733179727090683,0.026762864,0.05229938,0.05229938,1.000411,0.94811165,0.16666666666666666,1.000411,0.975095,0.94811165,0.9545844,-0.0020958201522412664,0.014715856,0.5004034638404846
15040.mp4,good,0.9830224514007568,0.9724751710891724,0.6170326,0.6170326,0.87222,0.2551874,0.0,0.87222,0.4051377,0.2551874,0.27136338,-0.02336928975794155,0.18361989,0.3349216,0.3349216,0.9345951,0.5996735,0.21739130434782608,0.9345951,0.7143665,0.5996735,0.6124042,-0.01369890847460556,0.09606498,0.14315026998519897,0.24263215,0.24263215,0.89192194,0.6492898,0.043478260869565216,0.89192194,0.71591383,0.6492898,0.65868944,-0.0072942502178222225,0.061593305,0.12619251,0.12619251,0.95575356,0.82956105,0.0,0.95575356,0.85751665,0.82956105,0.83277136,-0.003914446404328918,0.0333525,0.13080567,0.10996461,1.0003364,0.8903718,0.20833333333333334,1.0003364,0.926455,0.86953074,0.8825976,-0.0042806168483651465,0.034395475,0.3593083620071411
16837.mp4,normal,0.96454256772995,0.8797802329063416,0.8271564,0.8189579,0.98007584,0.16111791,0.0,0.98007584,0.43983003,0.15291944,0.16249774,-0.04423560087270888,0.32617256,0.5184293,0.51621383,0.98335326,0.46713942,0.13043478260869565,0.98335326,0.6787248,0.46492398,0.47622788,-0.028647474267266014,0.1986138,0.22418631613254547,0.2893858,0.26778674,0.98007584,0.7122891,0.08695652173913043,0.98007584,0.80274504,0.69069004,0.7132093,-0.013258371899721639,0.09459145,0.14352679,0.14352679,0.9893738,0.845847,0.13043478260869565,0.9893738,0.9029111,0.845847,0.85536724,-0.0065937803785791555,0.04598692,0.11727792,0.093997,1.0002148,0.9062178,0.16666666666666666,1.0002148,0.9393935,0.8829369,0.9045857,-0.004331775281740278,0.03300415,0.3397255539894104
7371.mp4,bad,0.9739254713058472,0.9109980463981628,0.8106645,0.7494762,0.90807617,0.15859997,0.0,0.90807617,0.24196275,0.097411714,0.09894416,-0.024000938657833183,0.21138477,0.4339404,0.3613754,0.9504569,0.5890815,0.0,0.9504569,0.6414319,0.5165165,0.5358618,-0.015572817841537396,0.1281693,0.21023394167423248,0.31996316,0.3143522,0.91601133,0.6016591,0.13043478260869565,0.91601133,0.69866925,0.5960482,0.60367453,-0.012852090856303362,0.09484019,0.17484897,0.16064507,0.967483,0.8068379,0.043478260869565216,0.967483,0.8516659,0.792634,0.8067453,-0.00637884355580855,0.04921603,0.10131973,0.073948145,0.99949634,0.9255482,0.08333333333333333,0.99949634,0.93702745,0.8981766,0.91159385,-0.003283580049224539,0.027884066,0.27151256799697876
16942.mp4,good,0.955594539642334,0.9107529520988464,0.7015432,0.6973338,0.7884227,0.09108892,0.0,0.7884227,0.18224043,0.08687952,0.089165255,-0.019153376952873863,0.18253691,0.46906823,0.43155593,0.89865816,0.46710223,0.0,0.89865816,0.5255457,0.42958993,0.43686503,-0.014650122568070169,0.13052851,0.2808369994163513,0.21179986,0.1994915,0.87491024,0.67541873,0.0,0.87491024,0.7086467,0.6631104,0.6673596,-0.005948281747550363,0.052638944,0.16557801,0.16557801,0.9347224,0.7691444,0.0,0.9347224,0.80638266,0.7691444,0.77212465,-0.005916603822481962,0.0473822,0.2924406,0.2788933,0.99941844,0.72052515,0.125,0.99941844,0.7916829,0.70697784,0.716175,-0.009467994752137592,0.07682678,0.34239035844802856
6771.mp4,bad,0.9758053421974182,0.9099809527397156,0.8077646,0.19681025,0.9073435,0.71053326,0.0,0.9073435,0.27816713,0.09957893,0.10801111,0.008749946583754458,0.22415034,0.36330128,0.08116597,0.9598943,0.87872833,0.08695652173913043,0.9598943,0.70590514,0.596593,0.61173785,0.0031687640861088984,0.10008016,0.1959305852651596,0.1984042,0.0753569,0.92492044,0.84956354,0.08695652173913043,0.92492044,0.80515814,0.72651625,0.7698537,-0.0026374847992606926,0.042305548,0.10589504,0.04170811,0.96952534,0.9278172,0.08695652173913043,0.96952534,0.9018356,0.8636303,0.8811282,-0.0014513454771795775,0.023936532,0.16314948,0.04766035,0.99928653,0.9516262,0.16666666666666666,0.99928653,0.92518824,0.83613706,0.88455635,-0.0012488407414892632,0.03648054,0.38053685426712036
7115.mp4,bad,0.9958813786506653,0.9913499355316162,0.5221824,0.43396038,0.9767535,0.5427931,0.043478260869565216,0.9767535,0.5772338,0.45457107,0.48124748,-0.00945015981970097,0.116975434,0.17994553,0.16643232,0.9867116,0.8202793,0.0,0.9867116,0.8448742,0.8067661,0.8149941,-0.0034063667530127824,0.042520538,0.09519113600254059,0.13336182,0.11214173,0.9767535,0.86461174,0.0,0.9767535,0.8695975,0.84339166,0.8465455,-0.0017726866035122164,0.028769573,0.06642181,0.05712998,0.99238396,0.935254,0.0,0.99238396,0.9400652,0.92596215,0.92965335,-0.0008459937548920115,0.0142212715,0.02423799,0.01748693,0.99939036,0.98190343,0.125,0.99939036,0.9842336,0.9751524,0.9771382,-0.00025830240353295897,0.006269331,0.5526360273361206
16588.mp4,good,0.9768797159194946,0.9645138382911682,0.8319803,0.8319803,0.94378257,0.111802265,0.0,0.94378257,0.2937103,0.111802265,0.11627181,-0.032031553315197546,0.2495064,0.49378905,0.49378905,0.9724622,0.47867313,0.043478260869565216,0.9724622,0.63959616,0.47867313,0.49416792,-0.021844702658681544,0.15226625,0.2314489185810089,0.21367013,0.20216453,0.947376,0.7452115,0.08695652173913043,0.947376,0.7931289,0.7337059,0.7402691,-0.007388343335140382,0.054442037,0.14511454,0.14511454,0.9748492,0.8297347,0.13043478260869565,0.9748492,0.87104523,0.8297347,0.8318075,-0.00539133765480734,0.038826052,0.19615841,0.19615841,1.0004492,0.8042908,0.16666666666666666,1.0004492,0.8935289,0.8042908,0.8166986,-0.0076434900449670155,0.05597759,0.49685004353523254
20198.mp4,good,0.9818435907363892,0.9516009092330933,0.2842983,0.21204287,0.8565941,0.6445512,0.13043478260869565,0.8565941,0.6600746,0.5722958,0.5908386,-0.005511935108263992,0.064972,0.06975806,0.046880186,0.95009947,0.9032193,0.08695652173913043,0.95009947,0.90317774,0.8803414,0.8924381,-0.0011519785572888833,0.0141390115,0.04830934852361679,0.08611745,0.04429549,0.936027,0.8917315,0.08695652173913043,0.936027,0.87683594,0.84990954,0.86049104,-0.0005708248483333695,0.016994946,0.032310963,0.02127117,0.97357726,0.9523061,0.043478260869565216,0.97357726,0.95148706,0.9412663,0.9458128,-0.00035156144690607743,0.006068352,0.049533725,0.016194105,0.99936604,0.98317194,0.125,0.99936604,0.9762656,0.9498323,0.9664732,-0.00024370667727099731,0.009654861,0.5383481383323669
15247.mp4,normal,0.9924183487892151,0.983245313167572,0.65931517,0.65931517,0.9868088,0.3274936,0.043478260869565216,0.9868088,0.52748054,0.3274936,0.34705243,-0.026835094239165184,0.19689645,0.30822074,0.30822074,0.9908815,0.68266076,0.17391304347826086,0.9908815,0.8081014,0.68266076,0.7094549,-0.013006580500263478,0.08804967,0.10487737506628036,0.2302798,0.22646236,0.9868088,0.7603464,0.0,0.9868088,0.80652815,0.756529,0.76516545,-0.006498528033377155,0.06026826,0.10383606,0.1037907,0.9929585,0.8891678,0.0,0.9929585,0.9129787,0.8891224,0.8916605,-0.0037686920802112375,0.029104427,0.07527411,0.043394506,1.0005435,0.95714897,0.20833333333333334,1.0005435,0.95783424,0.92526937,0.93237746,-0.002402814730354008,0.020994976,0.5132018327713013
15458.mp4,normal,0.9816564321517944,0.9323896765708923,0.31469226,0.31469226,0.91827,0.60357773,0.08695652173913043,0.91827,0.72057325,0.60357773,0.65829897,-0.010874934936229434,0.08487794,0.11641276,0.11641276,0.9621192,0.84570646,0.13043478260869565,0.9621192,0.8875264,0.84570646,0.8491121,-0.00450699502535962,0.03224418,0.04817919805645943,0.08997846,0.089230716,0.92993903,0.8407083,0.13043478260869565,0.92993903,0.86679924,0.8399606,0.8430033,-0.0026432209806480094,0.021019349,0.05835986,0.05594486,0.9742084,0.91826355,0.13043478260869565,0.9742084,0.9357056,0.91584855,0.91947705,-0.002080651611207508,0.014910693,0.082576394,0.04481542,1.0004128,0.9555974,0.08333333333333333,1.0004128,0.9571895,0.9178364,0.9471284,-0.0006834164132242773,0.015276006,0.560603141784668
6643.mp4,bad,0.9915107488632202,0.9722497463226318,0.8164311,0.33766192,0.9900258,0.6523639,0.08695652173913043,0.9900258,0.47770235,0.17359471,0.34746096,-0.004442648895879981,0.15242839,0.29632473,0.10771531,0.990187,0.8824717,0.13043478260869565,0.990187,0.8302097,0.69386226,0.77396077,-0.002673693678595805,0.053436875,0.09906242042779922,0.20387119,0.12414235,0.9900257,0.86588335,0.043478260869565216,0.9900257,0.826373,0.7861545,0.80346096,-0.0007823595534200257,0.039607752,0.08595693,0.054429173,0.993816,0.93938684,0.043478260869565216,0.993816,0.92927206,0.9078591,0.91845334,-0.0006754601543600011,0.015704254,0.035755515,0.018327594,0.99996877,0.9816412,0.041666666666666664,0.99996877,0.97533244,0.96421325,0.96655273,-7.299918195477244e-05,0.009628326,0.477872759103775
17143.mp4,bad,0.964461624622345,0.8697506189346313,0.62307143,0.6039376,0.70038503,0.09644741,0.0,0.70038503,0.14568484,0.07731359,0.083888315,-0.012165624258134207,0.13746357,0.4770656,0.4655124,0.87185574,0.40634334,0.0,0.87185574,0.4610981,0.39479014,0.399674,-0.011381421252908443,0.11533244,0.33744385838508606,0.25738448,0.22275943,0.8650579,0.64229846,0.08695652173913043,0.8650579,0.6829688,0.6076734,0.62867373,-0.006918328376155602,0.060026478,0.17724979,0.1601097,0.9286643,0.7685546,0.043478260869565216,0.9286643,0.79854196,0.75141454,0.7613352,-0.005604955459771897,0.045481056,0.21564305,0.1433199,0.9999734,0.8566535,0.041666666666666664,0.9999734,0.8739181,0.78433037,0.8263314,-0.0051361832411393115,0.0535304,0.31935861706733704
5702.mp4,bad,0.9647316336631775,0.90784752368927,0.74886,0.74531275,0.8901167,0.14480393,0.0,0.8901167,0.23906788,0.14125672,0.14419287,-0.020089406358159118,0.20147978,0.4737681,0.46329468,0.9482782,0.4849835,0.0,0.9482782,0.5647251,0.4745101,0.47614473,-0.01675062499969845,0.1421051,0.2361716777086258,0.42728615,0.37568384,0.9281132,0.5524294,0.08695652173913043,0.9281132,0.63157535,0.5008271,0.5268188,-0.015747263085229606,0.11886815,0.23269689,0.22651064,0.97359943,0.7470888,0.0,0.97359943,0.80089694,0.74090254,0.74599427,-0.009484869748236148,0.07115115,0.1654219,0.14863151,1.0000367,0.8514052,0.125,1.0000367,0.8897209,0.8346148,0.84100705,-0.00618512544942941,0.047103386,0.29751214385032654
16776.mp4,good,0.9764588475227356,0.9391010403633118,0.6869717,0.6732303,0.7956456,0.12241533,0.0,0.7956456,0.20236705,0.10867389,0.11706357,-0.01656095324297668,0.16274154,0.5202948,0.5074594,0.91925794,0.41179857,0.0,0.91925794,0.51271594,0.39896318,0.40216967,-0.018602624417764866,0.14452033,0.3456737995147705,0.2080329,0.18623638,0.87300915,0.68677276,0.043478260869565216,0.87300915,0.7175161,0.66497624,0.67446494,-0.005516607829704598,0.05004074,0.108843684,0.10650468,0.94361484,0.83711016,0.0,0.94361484,0.8583898,0.83477116,0.83593565,-0.0033340871687463297,0.026366709,0.08098441,0.055763602,0.99996346,0.94419986,0.08333333333333333,0.99996346,0.9533334,0.91897905,0.9416482,-0.0012787829793018107,0.016140644,0.3637109398841858
7433.mp4,bad,0.9791317582130432,0.9592029452323914,0.6465327,0.2790782,0.7814388,0.50236064,0.17391304347826086,0.7814388,0.32399696,0.13490611,0.14859311,-0.005914734301006374,0.17211767,0.42770946,0.07950717,0.9132855,0.8337783,0.30434782608695654,0.9132855,0.66901433,0.48557603,0.4917866,-0.0028876969112237912,0.14060488,0.22853900492191315,0.16360521,0.044766903,0.8970661,0.8522992,0.13043478260869565,0.8970661,0.78213483,0.7334609,0.73722106,-0.001583418061610749,0.043982167,0.08531904,0.013078511,0.9478711,0.9347926,0.17391304347826086,0.9478711,0.8975534,0.86255205,0.86971176,-0.001332815869052442,0.024464099,0.08799255,0.019241929,1.0000572,0.9808153,0.20833333333333334,1.0000572,0.95268625,0.9120647,0.9249956,-0.000773850964463307,0.023774121,0.4464413523674011
17302.mp4,bad,0.9825153946876526,0.9619057178497314,0.06657934,-0.029863715,0.9492457,0.9791094,0.17391304347826086,0.9791094,0.9358535,0.88266635,0.88942,0.0029773150272519987,0.03336611,0.022660792,-0.006571114,0.97590286,0.98247397,0.17391304347826086,0.98620987,0.9705527,0.95324206,0.9558274,0.0008268945890924055,0.010431022,0.005965782329440117,0.055478692,-0.029964685,0.9492456,0.97921026,0.13043478260869565,0.97921026,0.9409241,0.8937669,0.9064873,0.0024723131430479037,0.028207442,0.016787887,-0.0056588054,0.9813743,0.9870331,0.17391304347826086,0.9870331,0.9765186,0.96458644,0.96768713,0.000531562762298116,0.007599647,0.06447494,0.009268522,1.0003393,0.99107075,0.25,1.0003393,0.96767235,0.9358643,0.93857634,0.0012187590547229825,0.020522734,0.358715295791626
15102.mp4,bad,0.98892742395401,0.9790723323822021,0.28998047,0.02692306,0.8481232,0.82120013,0.17391304347826086,0.94025797,0.7537558,0.5581427,0.5837732,0.011021546931134843,0.113747194,0.058919847,0.02512604,0.951845,0.92671895,0.08695652173913043,0.97085875,0.9254948,0.89292514,0.9044256,0.0013727369044609383,0.022000536,0.028522346168756485,0.10659915,-0.016576767,0.892454,0.9090308,0.13043478260869565,0.946183,0.86942065,0.7858549,0.816997,0.003995642242695509,0.04341024,0.031247497,0.016179144,0.9676532,0.9514741,0.043478260869565216,0.97419703,0.95401716,0.9364057,0.945171,0.0005575888477295145,0.009938101,0.027341247,0.017727494,1.000195,0.98246753,0.16666666666666666,1.000195,0.9823218,0.9728538,0.97561824,0.0001482273703035964,0.005945726,0.5844208598136902
6148.mp4,bad,0.9783020615577698,0.8325632810592651,0.85398275,0.6627921,0.9845381,0.321746,0.043478260869565216,0.9845381,0.34737602,0.13055533,0.15999135,-0.01571630202086547,0.21003905,0.4494229,0.2953999,0.99132234,0.69592243,0.13043478260869565,0.99132234,0.7124428,0.54189944,0.602973,-0.006467809142331363,0.10442489,0.1690833419561386,0.27308607,0.19805455,0.98466,0.7866055,0.043478260869565216,0.98466,0.78815544,0.71157396,0.7386724,-0.0045817687577409715,0.059299864,0.16318482,0.11454767,0.9935331,0.8789854,0.043478260869565216,0.9935331,0.8815261,0.83034825,0.849163,-0.0029645115726078977,0.038965967,0.2034229,0.12499946,1.0004101,0.8754106,0.125,1.0004101,0.88837403,0.7969872,0.82995087,-0.004520099240800643,0.057013337,0.2685558497905731
16690.mp4,normal,0.9303261041641235,0.8148140907287598,0.6921841,0.66196495,0.7553436,0.09337868,0.0,0.7553436,0.14399993,0.063159496,0.07151644,-0.013484967504388741,0.16186349,0.54280627,0.52800316,0.9253658,0.39736265,0.0,0.9253658,0.48596427,0.38255957,0.39535123,-0.018134767241157562,0.15645702,0.32709404826164246,0.24119282,0.20561051,0.83841705,0.63280654,0.043478260869565216,0.83841705,0.65436786,0.59722424,0.6065028,-0.004757798707532322,0.053069685,0.16629422,0.1565342,0.9458275,0.7892933,0.0,0.9458275,0.81305826,0.77953327,0.78560174,-0.004587745065745632,0.041346457,0.40550733,0.28648657,0.99958944,0.7131029,0.125,0.99958944,0.7222046,0.5940821,0.6434026,-0.005399224965468722,0.08635292,0.2937124967575073
6616.mp4,bad,0.963742733001709,0.9128357172012329,0.51414204,0.4342357,0.56272405,0.12848836,0.0,0.56272405,0.12911405,0.04858201,0.07344781,-0.006442204611044633,0.108718246,0.42691478,0.22763914,0.87158114,0.643942,0.13043478260869565,0.87158114,0.61151457,0.44466636,0.520477,-0.002384207112044686,0.08958519,0.23698249459266663,0.39017373,0.26214337,0.87366056,0.6115172,0.043478260869565216,0.87366056,0.5816778,0.48348683,0.5025208,-0.0045780766858413875,0.09621027,0.15885133,0.08837283,0.950206,0.86183316,0.08695652173913043,0.950206,0.848497,0.79135466,0.81269145,-0.0008094938611795695,0.03609284,0.16305828,0.09991485,1.000165,0.90025014,0.041666666666666664,1.000165,0.89370424,0.8371067,0.8695193,-0.0031489019031110113,0.03497327,0.27814382314682007
16841.mp4,good,0.9963686466217041,0.9897370338439941,0.36490452,0.006440997,0.9962609,0.9898199,0.21739130434782608,0.9962609,0.86766666,0.63135636,0.7085846,0.006412692515275229,0.121972226,0.0812549,0.0018061996,0.9958849,0.9940787,0.13043478260869565,0.9958849,0.95419014,0.91463,0.9221167,0.0018200957374610543,0.02956996,0.021739613264799118,0.13291383,0.006440878,0.99626076,0.9898199,0.21739130434782608,0.99626076,0.9380314,0.86334693,0.86636585,0.00137957930564881,0.046118896,0.036928177,0.0033177733,0.99739647,0.9940787,0.08695652173913043,0.99739647,0.9759299,0.9604683,0.9637451,0.0006977264353409078,0.0127693,0.018011928,0.0024974942,0.99974704,0.99724954,0.20833333333333334,0.99974704,0.9908054,0.9817351,0.9832726,0.00010326188543568544,0.0056402115,0.6016673445701599
20342.mp4,good,0.9897834062576294,0.9754832983016968,0.49976194,0.16517639,0.96453106,0.7993547,0.30434782608695654,0.96453106,0.65969414,0.46476912,0.4739422,0.001922770834016247,0.14753723,0.12088126,0.07168174,0.97541225,0.9037305,0.13043478260869565,0.97541225,0.8909056,0.854531,0.8617753,-0.000857686513497435,0.02882109,0.047787416726350784,0.1787011,0.08384752,0.9673964,0.88354886,0.21739130434782608,0.9673964,0.8425187,0.7886953,0.79130155,-0.00022179265267293271,0.043605182,0.06768036,0.038207114,0.98346794,0.9452608,0.08695652173913043,0.98346794,0.9386931,0.9157876,0.9249617,-0.0005244476639706154,0.014692851,0.079594016,0.020834684,1.0003062,0.97947156,0.16666666666666666,1.0003062,0.96338814,0.92071223,0.93348473,-0.00039026369219243706,0.020548629,0.39491304755210876
5634.mp4,bad,0.9622796177864075,0.8411816954612732,0.7783209,0.44475898,0.87030745,0.42554846,0.0,0.87030745,0.23406595,0.09198653,0.101945356,-0.006938918328037856,0.1919619,0.40064323,0.20096588,0.9354664,0.7345005,0.043478260869565216,0.9354664,0.6413863,0.5348232,0.57296604,-0.005664915023113903,0.10004443,0.23877477645874023,0.2679981,0.16729826,0.91905344,0.7517552,0.043478260869565216,0.91905344,0.765656,0.65105534,0.7318919,-0.005758086683250701,0.05202342,0.12593418,0.084572315,0.96001476,0.87544245,0.13043478260869565,0.96001476,0.88016105,0.8340806,0.8535303,-0.0032717114969675544,0.027570937,0.13301647,0.092998385,1.0000414,0.907043,0.08333333333333333,1.0000414,0.9096248,0.8670249,0.88555443,-0.0032344515168148775,0.032332405,0.41318273544311523
20362.mp4,good,0.9982985854148865,0.9964473247528076,0.22147614,0.22147614,0.9892948,0.7678187,0.08695652173913043,0.9892948,0.85244495,0.7678187,0.8058139,-0.003228902404487396,0.050049346,0.07201737,0.07201737,0.9921936,0.9201762,0.043478260869565216,0.9921936,0.947332,0.9201762,0.93760943,-0.0014843419488710684,0.01467059,0.019124077633023262,0.1234709,0.1234709,0.98929477,0.86582386,0.17391304347826086,0.98929477,0.90853655,0.86582386,0.8782513,-0.0025776915046066004,0.027187597,0.040223777,0.040223777,0.9935944,0.95337063,0.043478260869565216,0.9935944,0.96645623,0.95337063,0.95998776,-0.0009217285827214404,0.008520437,0.0123074055,0.0123074055,1.0003035,0.9879961,0.125,1.0003035,0.993567,0.9879961,0.9902356,-0.00040667720462967294,0.0030235217,0.6096717715263367
16476.mp4,good,0.9604637026786804,0.9247668385505676,0.7262297,0.705538,0.8897619,0.18422396,0.0,0.8897619,0.26889795,0.1635322,0.17048699,-0.01822956492424954,0.19429338,0.46626616,0.42001975,0.9443343,0.5243146,0.0,0.9443343,0.5857588,0.47806817,0.48357415,-0.013077309009114744,0.13279004,0.26711615920066833,0.20978582,0.18697596,0.9041113,0.71713537,0.043478260869565216,0.9041113,0.7502671,0.6943255,0.7050354,-0.005791048346300849,0.05401526,0.13670892,0.13670892,0.96213895,0.82543004,0.0,0.96213895,0.8528748,0.82543004,0.8293992,-0.003938641826154692,0.034548435,0.21386486,0.15214765,1.0003797,0.84823203,0.08333333333333333,1.0003797,0.8593857,0.7865148,0.81264627,-0.005012382191160471,0.05645506,0.24050667881965637
16224.mp4,good,0.9461724758148193,0.9126708507537842,0.6226976,0.56012475,0.8643378,0.30421308,0.0,0.8643378,0.3444561,0.24164018,0.25061828,-0.015264067901924201,0.16386339,0.31827796,0.28457057,0.94107485,0.6565043,0.0,0.94107485,0.6946997,0.6227969,0.63620454,-0.009944293751075814,0.08296664,0.16408897936344147,0.15377128,0.14419556,0.8907182,0.74652267,0.0,0.8907182,0.7693422,0.73694694,0.7410237,-0.0026486558405306895,0.0347287,0.12280613,0.092986465,0.9512774,0.8582909,0.043478260869565216,0.9512774,0.8587888,0.82847124,0.84024334,-0.0020884028065346083,0.02539834,0.21664584,0.18389225,0.99924123,0.815349,0.041666666666666664,0.99924123,0.8328836,0.7825954,0.78704435,-0.0010632299858591029,0.04805045,0.46381089091300964
7171.mp4,good,0.993277907371521,0.9685752987861633,0.3940199,0.25481817,0.7094785,0.45466033,0.2608695652173913,0.7094785,0.50034314,0.3154586,0.3441104,-0.01484847354441293,0.14070065,0.15482444,0.080056846,0.8844771,0.80442023,0.2608695652173913,0.8853158,0.8166281,0.72965264,0.7435662,-0.005235994934093328,0.057665043,0.10750710219144821,0.05540228,0.043637753,0.84107816,0.7974404,0.21739130434782608,0.85373145,0.8271436,0.7856759,0.7980906,-0.002692544118688987,0.020480342,0.034975648,0.034975648,0.9384911,0.90351546,0.17391304347826086,0.94352025,0.92413515,0.90351546,0.9083293,-0.0019744074509549154,0.014452045,0.062595725,0.062595725,1.0006133,0.9380176,0.20833333333333334,1.0006133,0.9653737,0.9380176,0.94089526,-0.0021342211702595902,0.016529115,0.5420877933502197
6037.mp4,good,0.9021139740943909,0.8020488619804382,0.63835853,0.61163485,0.71682537,0.105190516,0.0,0.71682537,0.20571692,0.07846682,0.091278225,-0.018151093701364494,0.15177792,0.50362504,0.46883333,0.89098525,0.42215192,0.043478260869565216,0.89098525,0.5554109,0.38736022,0.42207807,-0.01946033734695713,0.14173028,0.25506478548049927,0.23734558,0.21058404,0.82170045,0.6111164,0.17391304347826086,0.82170045,0.6970702,0.5843549,0.61576724,-0.009114643919609285,0.06374187,0.20985907,0.20985907,0.92732733,0.71746826,0.21739130434782608,0.92732733,0.8104757,0.71746826,0.74405056,-0.008383315660265594,0.057708483,0.2961464,0.2961464,1.0001762,0.7040298,0.16666666666666666,1.0001762,0.8307331,0.7040298,0.7195859,-0.009728018822877325,0.075642295,0.40363138914108276
7041.mp4,good,0.98420649766922,0.9442588090896606,0.5934725,0.55133325,0.79987174,0.24853851,0.34782608695652173,0.8211803,0.4836907,0.20639929,0.22611849,-0.029997492525652942,0.22651315,0.23851651,0.20109451,0.91960406,0.71850955,0.17391304347826086,0.9238303,0.803576,0.68108755,0.7189914,-0.011094132725429145,0.08157196,0.11542092263698578,0.20873022,0.119579196,0.91231775,0.79273856,0.08695652173913043,0.91822225,0.83258945,0.70358753,0.79233485,-0.006942001727258727,0.053797502,0.09305692,0.06540221,0.95998824,0.894586,0.08695652173913043,0.95998824,0.918997,0.8669313,0.89547926,-0.003415943311137162,0.025159214,0.06661844,0.054274976,1.0001823,0.9459073,0.25,1.0001823,0.96551603,0.9335638,0.9418474,-0.0026054121618685647,0.019866662,0.3371936082839966
7128.mp4,good,0.9671186208724976,0.9078719019889832,0.4519563,0.38142425,0.61364067,0.23221642,0.2608695652173913,0.6214832,0.36571154,0.16168436,0.20540906,-0.016963604160330527,0.15749723,0.2377491,0.21415639,0.89089596,0.6767396,0.17391304347826086,0.89089596,0.7571898,0.65314686,0.6636444,-0.008926254664013993,0.08240531,0.14755330979824066,0.16000438,0.11537945,0.87892175,0.7635423,0.17391304347826086,0.87892175,0.7954519,0.71891737,0.7318628,-0.005796170752981433,0.0469773,0.07732487,0.058835924,0.9510186,0.89218265,0.17391304347826086,0.9510186,0.9047432,0.8736937,0.87881804,-0.0028265312961910224,0.023032606,0.10211778,0.07400513,1.0000577,0.9260526,0.08333333333333333,1.0000577,0.93545514,0.8979399,0.91279536,-0.0027692277275997994,0.02511749,0.30708059668540955
7517.mp4,normal,0.9858651161193848,0.9655388593673706,0.66928005,0.42554146,0.92404866,0.4985072,0.17391304347826086,0.92404866,0.5148204,0.2547686,0.2935984,0.006129908968101854,0.19041286,0.22113287,0.13575935,0.9602816,0.82452226,0.21739130434782608,0.9602816,0.82409173,0.73914874,0.7463396,0.0021360141957701482,0.06699406,0.10734899342060089,0.13435304,0.12347162,0.9417653,0.8182937,0.13043478260869565,0.9417653,0.8511138,0.80741227,0.81969345,-0.0017517029414535128,0.029371543,0.058002174,0.04975152,0.97168523,0.9219337,0.043478260869565216,0.97168523,0.9314407,0.91368306,0.9180653,-0.0005094815973236719,0.01418573,0.05674064,0.04299742,0.9995781,0.9565807,0.08333333333333333,0.9995781,0.97379714,0.9428375,0.96604776,-0.0010466486474742345,0.011067659,0.5656130313873291
15198.mp4,bad,0.996694803237915,0.9916450381278992,0.050755084,0.012673855,0.98280466,0.9701308,0.17391304347826086,0.98280466,0.9636364,0.9320496,0.94339496,0.0003804772385495326,0.0126195345,0.025708914,0.009410143,0.98735505,0.9779449,0.17391304347826086,0.98735505,0.9779848,0.96164614,0.97095144,7.224842729305377e-05,0.005708254,0.004173260647803545,0.050755084,0.012673736,0.9828046,0.97013086,0.17391304347826086,0.9828046,0.96383756,0.9320495,0.94518125,0.00039038238789252793,0.012486825,0.017709136,0.0061318874,0.990865,0.9847331,0.17391304347826086,0.990865,0.9821582,0.97315586,0.9749385,5.282756132568993e-05,0.004362306,0.0085583925,0.0047219396,0.99980617,0.9950842,0.16666666666666666,0.99980617,0.9944992,0.9912478,0.9923542,-2.7096323345050397e-05,0.0017056024,0.6982535719871521
15703.mp4,normal,0.9896095991134644,0.9778423309326172,0.19795036,0.029833853,0.96534824,0.9355144,0.21739130434782608,0.96534824,0.88178235,0.7673979,0.7850462,0.0016809485764371582,0.06099959,0.09793365,0.012103796,0.98265445,0.97055066,0.21739130434782608,0.98265445,0.94105303,0.8847208,0.8891313,0.0009000787857492859,0.030229855,0.012438872829079628,0.1368953,0.027208209,0.96534824,0.93814003,0.13043478260869565,0.96534824,0.9031232,0.82845294,0.8514558,0.0009527406084679029,0.03670858,0.06657767,0.009616315,0.98310494,0.9734886,0.21739130434782608,0.98310494,0.953492,0.9165273,0.92234343,0.0006201303170132567,0.019570602,0.048846006,0.025924802,1.000542,0.97461724,0.20833333333333334,1.000542,0.9718976,0.95169604,0.9564647,-0.00042843432530116117,0.010958507,0.5224483609199524
15268.mp4,normal,0.9757853746414185,0.9390157461166382,0.6534295,0.6534295,0.878562,0.22513247,0.13043478260869565,0.878562,0.4217268,0.22513247,0.22935796,-0.02745249973455436,0.19179657,0.42178297,0.42178297,0.9493226,0.5275396,0.30434782608695654,0.9493226,0.68006647,0.5275396,0.5300836,-0.01992170347762203,0.13583809,0.14104624092578888,0.292161,0.2333706,0.9126371,0.6792665,0.17391304347826086,0.9126371,0.72182953,0.6204761,0.6278726,-0.0097581628754205,0.07573455,0.21869808,0.18885976,0.9627238,0.77386403,0.17391304347826086,0.9627238,0.82111275,0.7440257,0.75455076,-0.008259008583344026,0.061408356,0.17380512,0.13881528,1.0004063,0.861591,0.16666666666666666,1.0004063,0.8964043,0.82660115,0.8431533,-0.006274850653565461,0.048248366,0.3826153874397278
7268.mp4,bad,0.9881912469863892,0.9727177619934082,0.5425789,0.44767848,0.9387927,0.49111423,0.13043478260869565,0.9387927,0.59773606,0.39621383,0.46679547,-0.008244418373456583,0.12822916,0.17550468,0.12455398,0.9707815,0.8462275,0.08695652173913043,0.9707815,0.865852,0.7952768,0.8392286,-0.0014329941376395809,0.037523557,0.07510823011398315,0.13366944,0.08388418,0.9546573,0.87077314,0.13043478260869565,0.9546573,0.86783046,0.8209879,0.83782655,-0.0002366817398033495,0.024929559,0.055158913,0.037156582,0.97874975,0.94159317,0.21739130434782608,0.97874975,0.94096017,0.92359084,0.9266784,-7.378136216417426e-05,0.011354538,0.038052082,0.01807785,0.99994314,0.9818653,0.125,0.99994314,0.9782851,0.96189106,0.9670768,-1.4550556307263321e-05,0.008527871,0.5288015007972717
17347.mp4,bad,0.9592676758766174,0.8792963027954102,0.2984631,0.29400662,0.38557866,0.09157205,0.0,0.38557866,0.13979898,0.08711554,0.087768875,-0.009321266910421993,0.075391,0.44319755,0.44066596,0.7299282,0.28926224,0.0,0.7299282,0.3867617,0.28673065,0.28733477,-0.016948777342973495,0.12669985,0.3181094527244568,0.3431878,0.30294758,0.7670973,0.4641497,0.043478260869565216,0.7670973,0.54550993,0.4239095,0.45530608,-0.014168931090313457,0.10592108,0.23434895,0.22404885,0.8705128,0.64646393,0.0,0.8705128,0.7048711,0.63616383,0.64425915,-0.010147454592550216,0.07514615,0.643859,0.6348245,0.99966013,0.36483562,0.0,0.99966013,0.545822,0.35580108,0.35849568,-0.02788491957861448,0.20754564,0.2887636423110962
6190.mp4,good,0.9648236632347107,0.8953608870506287,0.7398112,0.5539142,0.93751127,0.38359705,0.08695652173913043,0.93751127,0.38245487,0.19770011,0.219091,-0.014879700841875418,0.1718535,0.32924712,0.18997037,0.9664133,0.77644295,0.21739130434782608,0.9664133,0.75600237,0.6371662,0.64429116,-0.006026877716124758,0.083721586,0.13287582993507385,0.3066836,0.13099223,0.94427973,0.8132875,0.21739130434782608,0.94427973,0.7702771,0.63759613,0.65806055,-0.003868953630387095,0.07990202,0.14618945,0.072332084,0.97492385,0.90259176,0.21739130434782608,0.97492385,0.8888783,0.8287344,0.8332228,-0.0022499745660148596,0.03946624,0.14358091,0.072905004,1.0003347,0.92742974,0.25,1.0003347,0.9267443,0.8567538,0.8731991,-0.0028806457571361466,0.03941278,0.36452850699424744
20364.mp4,good,0.9953283071517944,0.9872837066650391,0.27400964,0.2704051,0.98100775,0.71060264,0.21739130434782608,0.98100775,0.8454263,0.7069981,0.71379036,-0.011981766744564635,0.08755419,0.09106356,0.090348184,0.99034464,0.89999646,0.21739130434782608,0.99034464,0.9431525,0.8992811,0.9004661,-0.0036145144182702688,0.026087191,0.019644182175397873,0.13097298,0.12965137,0.9810077,0.8513563,0.2608695652173913,0.9810077,0.8987648,0.8500347,0.8519505,-0.005491719886719469,0.0410891,0.04797679,0.04784268,0.9903447,0.942502,0.21739130434782608,0.9903447,0.96279657,0.9423679,0.9429307,-0.0018555404758264886,0.013069703,0.044867694,0.044258237,1.0004389,0.9561807,0.25,1.0004389,0.9805823,0.95557123,0.9564729,-0.0018153016463570162,0.014043241,0.5477652549743652
17405.mp4,good,0.9777518510818481,0.942717432975769,0.8134887,0.8110492,0.9749248,0.16387561,0.0,0.9749248,0.36678705,0.16143608,0.16333477,-0.03800838518696341,0.30248338,0.21972084,0.20881218,0.98763263,0.77882046,0.0,0.98763263,0.83237344,0.7679118,0.77663326,-0.009548709797764954,0.07557751,0.09081899374723434,0.19754297,0.19403547,0.97492474,0.7808893,0.0,0.97492474,0.8356294,0.7773818,0.7833948,-0.007665135054720249,0.06169015,0.0917573,0.09056413,0.98801637,0.89745224,0.0,0.98801637,0.9231924,0.89625907,0.89719695,-0.0039017749987100983,0.030496832,0.15171164,0.12425816,1.0005906,0.8763324,0.08333333333333333,1.0005906,0.9094916,0.8488789,0.87417746,-0.004430738039638711,0.044499252,0.48303157091140747
6919.mp4,good,0.9707596898078918,0.919937014579773,0.7574678,0.7160365,0.81165826,0.095621765,0.043478260869565216,0.84950334,0.32821018,0.05419047,0.072940014,-0.018847574711788318,0.26071388,0.39888763,0.3095637,0.91360617,0.6040425,0.2608695652173913,0.93696034,0.7199841,0.51471853,0.568564,-0.009783882220743204,0.13106465,0.17367593944072723,0.19321698,0.18206495,0.90308434,0.7210194,0.2608695652173913,0.90752053,0.79227084,0.70986736,0.7194318,-0.006380350398923089,0.06362704,0.11617589,0.11306524,0.9547986,0.84173334,0.2608695652173913,0.95910895,0.8936602,0.8386227,0.8419854,-0.004100755799429237,0.04005491,0.17890954,0.14119023,0.9995597,0.85836947,0.2916666666666667,0.9995597,0.9212353,0.82065016,0.8430537,-0.005433492945588176,0.05369429,0.3302685618400574
16713.mp4,bad,0.9852597713470459,0.9646399021148682,0.42727503,0.40543175,0.872724,0.46729225,0.2608695652173913,0.872724,0.61886317,0.44544896,0.46753618,-0.01807973209930505,0.12236829,0.1793825,0.1793825,0.9462905,0.766908,0.2608695652173913,0.9462905,0.840221,0.766908,0.77829206,-0.0077231479845499326,0.051763088,0.06878206878900528,0.1205312,0.1205312,0.8926401,0.7721089,0.13043478260869565,0.8926401,0.82296026,0.7721089,0.790795,-0.004086330533027659,0.029150568,0.083607614,0.083607614,0.9635347,0.8799271,0.08695652173913043,0.9635347,0.90900314,0.8799271,0.88807505,-0.003082468634537545,0.021382067,0.11870873,0.11870873,1.0000529,0.8813442,0.08333333333333333,1.0000529,0.9410112,0.8813442,0.91571856,-0.0036156756722408824,0.026326744,0.45515143871307373
15100.mp4,normal,0.9904335141181946,0.9806015491485596,0.70532125,0.70532125,0.9645117,0.25919044,0.0,0.9645117,0.45456877,0.25919044,0.27514395,-0.028196789500977218,0.21069677,0.32661384,0.32661384,0.9783686,0.65175474,0.21739130434782608,0.9783686,0.77385014,0.65175474,0.66121346,-0.014293764360808571,0.09739457,0.14380036294460297,0.14380026,0.13662827,0.96451175,0.8278835,0.0,0.96451175,0.85093915,0.8207115,0.82503647,-0.004173237226697306,0.036649473,0.085569024,0.0807817,0.98054016,0.89975846,0.0,0.98054016,0.91765064,0.89497113,0.89946187,-0.0029981671703662805,0.023111038,0.055669248,0.0525831,1.0004445,0.94786143,0.041666666666666664,1.0004445,0.9614859,0.9447753,0.94796467,-0.0018238553793534257,0.015599754,0.29028600454330444
20333.mp4,good,0.9594829678535461,0.9056439399719238,0.44520998,0.3840143,0.9138269,0.5298126,0.043478260869565216,0.9138269,0.5738191,0.4686169,0.49106544,-0.009520654445109173,0.09693161,0.107902765,0.09817934,0.9588083,0.86062896,0.0,0.9588083,0.8742667,0.85090554,0.8524282,-0.002750092756606842,0.025861353,0.04519016668200493,0.24203002,0.24203002,0.9365624,0.6945324,0.0,0.9365624,0.74891436,0.6945324,0.6982419,-0.0069730831346964195,0.056129515,0.077421725,0.06228596,0.9744778,0.91219187,0.043478260869565216,0.9744778,0.91945684,0.8970561,0.906596,-0.0017993893076779914,0.016686011,0.27327442,0.1711539,0.99985635,0.82870245,0.16666666666666666,0.99985635,0.84209013,0.72658193,0.77467215,-0.004844046390574924,0.062438812,0.24312414228916168
6288.mp4,bad,0.9869643449783325,0.956290602684021,0.3147931,0.29413337,0.46723068,0.17309731,0.13043478260869565,0.6941105,0.35012233,0.15243757,0.16561411,-0.022567082240647483,0.18146597,0.13842797,0.099098265,0.82761073,0.72851247,0.08695652173913043,0.8939132,0.7692684,0.68918276,0.69920665,-0.008442100682277444,0.0722618,0.14143730700016022,0.08553153,0.05595833,0.84943384,0.7934755,0.08695652173913043,0.8766235,0.8132776,0.7639023,0.77845234,-0.0036868032495023795,0.035282414,0.04898131,0.02494669,0.93019855,0.90525186,0.13043478260869565,0.94762087,0.9107056,0.88121724,0.8852973,-0.0023497890813548696,0.022774694,0.048107386,0.03960538,1.0005627,0.9609573,0.20833333333333334,1.0005627,0.97016233,0.9524553,0.9542963,-0.0016136571894521529,0.013861443,0.35255709290504456
5814.mp4,normal,0.9865161180496216,0.9660479426383972,0.67705655,0.672524,0.94066083,0.26813686,0.0,0.94066083,0.47325346,0.26360425,0.2727796,-0.028142330468643336,0.21803449,0.27209675,0.27209675,0.9676235,0.6955267,0.043478260869565216,0.9676235,0.8064031,0.6955267,0.7318145,-0.0103830972561252,0.0773305,0.12293677031993866,0.13219106,0.13219106,0.9467306,0.81453955,0.13043478260869565,0.9467306,0.8557959,0.81453955,0.82614255,-0.00326172683549963,0.027039222,0.07188499,0.07188499,0.97808826,0.90620327,0.08695652173913043,0.97808826,0.9293399,0.90620327,0.9135623,-0.0022369546616972697,0.017001262,0.056972206,0.042910814,1.0003496,0.9574388,0.16666666666666666,1.0003496,0.9660569,0.94337744,0.9454458,-0.0007091336146645171,0.013840186,0.49730467796325684
17066.mp4,bad,0.968218982219696,0.9124764800071716,0.5742538,0.2808993,0.9378879,0.6569886,0.17391304347826086,0.9378879,0.6140324,0.3636341,0.41893536,0.005820163713377918,0.13538915,0.13865507,0.08553648,0.96836185,0.8828254,0.21739130434782608,0.96836185,0.88012594,0.8297068,0.8449961,0.0004662722349166875,0.029927222,0.0528118833899498,0.19022465,0.14206487,0.9421884,0.8001235,0.043478260869565216,0.9421884,0.8326212,0.75196373,0.8007253,-0.0034688642844852343,0.036605168,0.062010646,0.056743145,0.9748595,0.91811633,0.08695652173913043,0.9748595,0.93293786,0.91284883,0.922161,-0.001349134407495794,0.013423884,0.14407289,0.10245752,1.0004134,0.8979559,0.041666666666666664,1.0004134,0.92421985,0.8563405,0.90560734,-0.0023948639631271584,0.027500978,0.4903707206249237
15818.mp4,normal,0.9675943851470947,0.9288538694381714,0.60986763,0.59605,0.76306194,0.16701195,0.0,0.76306194,0.23400396,0.15319431,0.16342637,-0.014379078780002746,0.14339902,0.5705216,0.5705216,0.90498245,0.33446082,0.0,0.90498245,0.451223,0.33446082,0.3374243,-0.020512469407362423,0.16112372,0.3022826015949249,0.3304277,0.3304277,0.84454316,0.51411545,0.043478260869565216,0.84454316,0.61910254,0.51411545,0.5186419,-0.014433837690843426,0.10180767,0.25621814,0.25621814,0.9262332,0.67001504,0.08695652173913043,0.9262332,0.7535055,0.67001504,0.6740748,-0.011693298934476657,0.08171876,0.19701636,0.18990064,1.0001562,0.8102555,0.0,1.0001562,0.86682194,0.8031398,0.80451894,-0.008716594084449436,0.06599658,0.3270384669303894
5803.mp4,normal,0.980823278427124,0.9583429098129272,0.52111846,0.028719604,0.72144127,0.69272166,0.0,0.72144127,0.3250161,0.20032279,0.21375448,0.0026456335404880407,0.15924877,0.14335966,-0.02225697,0.8731301,0.89538705,0.0,0.89538705,0.772367,0.7297704,0.7317635,0.0010188385078558333,0.049031515,0.14969439804553986,0.007996321,-0.060138047,0.8193692,0.87950724,0.17391304347826086,0.87950724,0.83648366,0.8113729,0.81856203,-0.0003413459646843012,0.016443186,0.013007045,-0.023063362,0.92241687,0.9454802,0.13043478260869565,0.9454802,0.92206126,0.9094098,0.9135138,-3.1225883913671395e-06,0.008460744,0.06511402,0.031962037,1.0001969,0.9682349,0.08333333333333333,1.0001969,0.9543743,0.9350829,0.9430664,-0.0004690064554629273,0.013155547,0.3989847004413605
6549.mp4,bad,0.967384934425354,0.9009782075881958,0.3028193,0.2067653,0.3899488,0.18318349,0.21739130434782608,0.3899488,0.17028846,0.08712948,0.09080469,-0.0011634623462503614,0.06299308,0.38341475,0.16455758,0.7744056,0.609848,0.21739130434782608,0.7744056,0.5192433,0.39099085,0.4162582,0.001223917711864814,0.0839304,0.2702271342277527,0.33458942,0.13188607,0.8258389,0.69395286,0.21739130434782608,0.8258389,0.62649447,0.4912495,0.52569276,0.0001532473700790988,0.07716234,0.22203064,0.05960667,0.9097644,0.85015774,0.13043478260869565,0.9097644,0.7894705,0.68773377,0.7179031,0.0005573714556901244,0.050466888,0.22242153,0.1237241,1.0003064,0.87658226,0.041666666666666664,1.0003064,0.8320703,0.77788484,0.79313236,-0.0021376790948536254,0.05325507,0.2480313926935196
6448.mp4,normal,0.96300208568573,0.8763386607170105,0.6830424,0.56272006,0.79763544,0.2349154,0.043478260869565216,0.79763544,0.32133484,0.11459303,0.14397055,-0.0188877524830136,0.19944094,0.24214691,0.16628551,0.92010903,0.7538235,0.21739130434782608,0.92010903,0.7794501,0.6779621,0.7025883,-0.006823721492714575,0.072527945,0.12036750465631485,0.20497656,0.09471011,0.8649169,0.7702068,0.17391304347826086,0.8649169,0.7620848,0.65994036,0.71023387,-0.003165879916296647,0.04637516,0.10009104,0.051480412,0.95103896,0.89955854,0.08695652173913043,0.95103896,0.8998176,0.8509479,0.877819,-0.0021496789728700015,0.023964938,0.1741752,0.09909648,0.9999824,0.90088594,0.20833333333333334,0.9999824,0.8931505,0.8258072,0.8314277,-0.003658732849618687,0.041225888,0.3831881880760193
6545.mp4,bad,0.9807190895080566,0.9522132873535156,0.85622597,0.75809395,0.9905142,0.23242024,0.0,0.9905142,0.26939034,0.13428824,0.16141477,-0.01621278416615702,0.21505155,0.33698463,0.21802771,0.9891721,0.7711444,0.08695652173913043,0.9891721,0.7655764,0.65218747,0.7024054,-0.0028704427212123324,0.072915375,0.14764399826526642,0.24244088,0.24244088,0.9905143,0.7480734,0.08695652173913043,0.9905143,0.8117731,0.7480734,0.7632048,-0.006575861408305248,0.055739295,0.113627136,0.09584522,0.9942682,0.89842296,0.08695652173913043,0.9942682,0.91322047,0.88064104,0.8984568,-0.002347800924843961,0.024871435,0.14324903,0.12141013,1.0001183,0.8787081,0.20833333333333334,1.0001183,0.9230345,0.8568692,0.87936497,-0.005287918811259063,0.039261058,0.4319358468055725
16929.mp4,bad,0.9622620940208435,0.8460174798965454,0.8529467,0.84334797,0.95938575,0.11603777,0.0,0.95938575,0.29018226,0.10643904,0.10934903,-0.03524716926569289,0.29784393,0.36927843,0.35273266,0.98004067,0.627308,0.0,0.98004067,0.72765315,0.61076224,0.6232195,-0.01744726889218266,0.1297457,0.08648118376731873,0.5690696,0.5427964,0.95938593,0.41658956,0.0,0.95938593,0.5583798,0.39031628,0.40604722,-0.0259023913929585,0.19771208,0.25690377,0.24022269,0.98121,0.7409873,0.0,0.98121,0.8141344,0.7243062,0.73621553,-0.012526155342697626,0.092712976,0.6147357,0.55672836,0.9995307,0.44280228,0.041666666666666664,0.9995307,0.63256747,0.38479495,0.40072483,-0.03127442882112837,0.24284655,0.15856674313545227
16658.mp4,bad,0.9881969094276428,0.9721400737762451,0.37815428,0.20889974,0.9719273,0.76302755,0.08695652173913043,0.9719273,0.7523047,0.593773,0.6696776,-0.002228535976805713,0.086792156,0.109251976,0.07448822,0.9798621,0.9053739,0.13043478260869565,0.9798621,0.9089008,0.8706101,0.8825605,-0.0013730348098890592,0.026385307,0.03705453872680664,0.20713508,0.106343865,0.9737499,0.867406,0.13043478260869565,0.9737499,0.86529344,0.7666148,0.8060727,-0.00047987363790807545,0.0428379,0.06818521,0.04495251,0.9879496,0.9429971,0.13043478260869565,0.9879496,0.9459553,0.9197644,0.9300629,-0.0005705804810693612,0.0146579845,0.11443889,0.0700376,1.0002115,0.9301739,0.16666666666666666,1.0002115,0.9322923,0.8857726,0.8985456,-0.0009267588542855555,0.027098777,0.46964436769485474
5835.mp4,normal,0.9358096122741699,0.8796477317810059,0.19281718,0.18292502,0.22305676,0.040131744,0.08695652173913043,0.22305676,0.080816194,0.030239575,0.040386,-0.005258418439257995,0.042973485,0.43737903,0.43737903,0.6696472,0.23226818,0.13043478260869565,0.6696472,0.39397824,0.23226818,0.24983488,-0.019777402988535624,0.13936085,0.3408259153366089,0.29806635,0.28238156,0.7666741,0.48429254,0.08695652173913043,0.7666741,0.55497664,0.46860775,0.47800845,-0.010698139932551396,0.081426024,0.23036557,0.21289247,0.87750405,0.6646116,0.08695652173913043,0.87750405,0.73480415,0.6471385,0.66619,-0.009644308815831735,0.07005537,0.5213805,0.3938532,0.9993534,0.6055002,0.16666666666666666,0.9993534,0.7050056,0.47797292,0.530278,-0.020433909296989447,0.16375844,0.3404352068901062
20164.mp4,good,0.9837408661842346,0.9713270664215088,0.5487367,0.4662119,0.9300328,0.4638209,0.0,0.9300328,0.47801328,0.3812961,0.3902667,-0.00629421461947823,0.1222515,0.16635466,0.14420336,0.9605597,0.81635636,0.0,0.9605597,0.8284643,0.79420507,0.80555826,-0.0028859038833572953,0.03645261,0.07866260409355164,0.20685911,0.17207289,0.9389516,0.7668787,0.08695652173913043,0.9389516,0.7825349,0.7320925,0.74466014,-0.003945787256885455,0.04275746,0.08888066,0.077408195,0.976171,0.8987628,0.043478260869565216,0.976171,0.907127,0.88729036,0.8903563,-0.0018562549069936088,0.01843094,0.08787423,0.042624712,1.000364,0.95773923,0.125,1.000364,0.9462901,0.9124897,0.924676,-0.0011062402569729502,0.020537375,0.3050674796104431
5818.mp4,normal,0.9630802869796753,0.9477706551551819,0.15146954,0.0660432,0.257697,0.19165379,0.13043478260869565,0.38386685,0.21752836,0.10622744,0.13411255,-0.003719930872026642,0.08121636,0.14691669,0.10208064,0.71894675,0.6168661,0.2608695652173913,0.71894675,0.6320017,0.57203007,0.57426685,-0.004187777579537504,0.049326696,0.26481953263282776,0.060272813,0.035337687,0.8427159,0.80737823,0.17391304347826086,0.8427159,0.80117613,0.7824431,0.7833712,-0.0011891792178625295,0.016607935,0.03215617,0.022954106,0.9174574,0.8945033,0.13043478260869565,0.9174574,0.89682114,0.88530123,0.88743335,-0.0008472551116830424,0.009098801,0.060996532,0.04132545,1.0006233,0.9592979,0.125,1.0006233,0.96103877,0.9396268,0.9483041,-0.0013725847264995027,0.012856632,0.39328956604003906
5862.mp4,normal,0.9828978776931763,0.9635650515556335,0.5319797,0.4988109,0.84591484,0.34710395,0.08695652173913043,0.84591484,0.4610367,0.31393516,0.34380394,-0.01923180038749937,0.14517616,0.29261422,0.29261422,0.94039845,0.64778423,0.08695652173913043,0.94039845,0.7487795,0.64778423,0.66410774,-0.0124468570759174,0.0883527,0.14329954981803894,0.18633997,0.18633997,0.88120365,0.6948637,0.2608695652173913,0.88120365,0.7800107,0.6948637,0.70725614,-0.00753253592332834,0.051526997,0.10446805,0.10237789,0.95772314,0.85534525,0.13043478260869565,0.95772314,0.8920789,0.8532551,0.85781986,-0.0039627614464213005,0.027496453,0.2168163,0.07703853,0.9997673,0.9227288,0.20833333333333334,0.9997673,0.8871367,0.782951,0.8003148,-0.00484657790349879,0.05896361,0.4273374080657959
7603.mp4,normal,0.9554457664489746,0.8028270602226257,0.6735107,0.08594549,0.8586978,0.7727523,0.2608695652173913,0.8586978,0.54191524,0.18518712,0.21053788,-0.008310721311055634,0.25195292,0.3636139,0.040796578,0.93340987,0.8926133,0.21739130434782608,0.93340987,0.78525674,0.56979597,0.58978564,-0.002384566801338802,0.1285754,0.10824349522590637,0.22128075,0.020211697,0.88641953,0.86620784,0.21739130434782608,0.90502805,0.8039771,0.6651388,0.6789748,-0.001573049916109072,0.07404225,0.16528475,0.015712738,0.9497505,0.93403774,0.21739130434782608,0.9545231,0.8935002,0.78446573,0.807533,-0.0007174630527911074,0.052904487,0.21921998,0.023863018,0.9994019,0.9755389,0.16666666666666666,0.9994019,0.9363397,0.78018194,0.8269705,7.442479548246688e-05,0.060911894,0.44894006848335266
6809.mp4,bad,0.9835975766181946,0.9392315745353699,0.7938369,0.67032707,0.94408774,0.2737607,0.043478260869565216,0.94408774,0.42151496,0.15025087,0.2747531,-0.01999881234859291,0.17922434,0.37590623,0.26963913,0.975387,0.70574784,0.08695652173913043,0.975387,0.79121053,0.59948075,0.71483785,-0.010521094200639387,0.07844967,0.12198744714260101,0.25352573,0.21759057,0.94554126,0.7279507,0.30434782608695654,0.94554126,0.8195519,0.6920155,0.7278421,-0.00941638088980213,0.067860246,0.13434172,0.11533725,0.98127913,0.8659419,0.30434782608695654,0.98127913,0.9131979,0.8469374,0.8616086,-0.005373224851642221,0.038173463,0.07894951,0.068549216,0.999473,0.93092376,0.2916666666666667,0.999473,0.9592765,0.92052346,0.9250151,-0.003166085222493066,0.02319256,0.40063712000846863
5935.mp4,normal,0.9842754006385803,0.9584211111068726,0.37999213,0.17870265,0.9171356,0.73843294,0.30434782608695654,0.9171356,0.69873005,0.53714347,0.5593527,-0.002356737910994422,0.102934524,0.12517768,0.049104035,0.9554328,0.90632874,0.2608695652173913,0.9554328,0.88761216,0.8302551,0.8414012,-0.0008638985307791606,0.03292026,0.04680612310767174,0.1110909,0.06508958,0.9244169,0.8593273,0.17391304347826086,0.9244169,0.85257804,0.813326,0.82139397,-0.001242295319854977,0.024722286,0.05358684,0.028700769,0.9680352,0.93933445,0.17391304347826086,0.9680352,0.9344182,0.9144484,0.91678375,-0.00045501054982424516,0.012161329,0.06101191,0.031265616,0.9995595,0.9682939,0.125,0.9995595,0.95949835,0.9385476,0.9462127,-0.0007853804723076465,0.013415101,0.4538358151912689
6584.mp4,good,0.9667695760726929,0.9119030237197876,0.6639684,0.14776194,0.80227387,0.6545119,0.2608695652173913,0.80227387,0.4438037,0.13830547,0.20739344,0.008541195671784555,0.1820359,0.31002253,0.032214165,0.91603255,0.8838184,0.17391304347826086,0.91603255,0.78642505,0.60601,0.6557452,0.004622933892864474,0.086439304,0.1243189349770546,0.1625998,0.012718499,0.89992213,0.88720363,0.13043478260869565,0.89992213,0.83240485,0.73732233,0.79158974,0.0017337463943383525,0.03913821,0.11912966,0.011024237,0.95940864,0.9483844,0.13043478260869565,0.95940864,0.9107439,0.840279,0.87287354,0.0011563936594446613,0.028839713,0.1176343,0.021283269,1.0002538,0.9789705,0.125,1.0002538,0.9497638,0.8826195,0.91580826,8.818965891130787e-05,0.028060088,0.48663127422332764
6691.mp4,normal,0.9827594757080078,0.9540358781814575,0.72074854,0.5644203,0.9484216,0.3840013,0.0,0.94851613,0.4323665,0.22767308,0.23104617,-0.01736955946907695,0.21176577,0.32162166,0.17360973,0.9547491,0.7811394,0.30434782608695654,0.96833897,0.7746096,0.63312745,0.6381074,-0.00546242055214441,0.10287954,0.14717750251293182,0.17942464,0.17110014,0.9527867,0.78168654,0.043478260869565216,0.9543955,0.82890505,0.77336204,0.78638816,-0.004934231931041824,0.049166568,0.08302015,0.07404286,0.9797139,0.90567106,0.08695652173913043,0.98411787,0.921787,0.89669377,0.8985337,-0.0025285614337846084,0.024415985,0.08270228,0.04582721,0.9994395,0.95361227,0.125,0.9994395,0.95496446,0.9167372,0.931194,-0.0020224854738816185,0.02304,0.3391731381416321
16351.mp4,good,0.989712655544281,0.9710501432418823,0.7387526,0.7372723,0.93569624,0.19842394,0.0,0.93569624,0.4027552,0.19694364,0.20816031,-0.03156440662360002,0.2500367,0.34196782,0.34196782,0.9683113,0.6263435,0.21739130434782608,0.9683113,0.7664274,0.6263435,0.6348904,-0.016681067203815767,0.11282132,0.13346299529075623,0.19550455,0.19550455,0.94087005,0.7453655,0.043478260869565216,0.94087005,0.80820525,0.7453655,0.75604,-0.008436519637880596,0.062169537,0.11377001,0.10164261,0.9776883,0.8760457,0.0,0.9776883,0.89989066,0.8639183,0.87074107,-0.004852826769644098,0.03609394,0.07015574,0.032272577,1.0000064,0.96773386,0.125,1.0000064,0.96954376,0.9298507,0.9537985,-0.0014765478735384804,0.015030068,0.4408302307128906
6718.mp4,bad,0.9421512484550476,0.8745560646057129,0.80863625,0.47086567,0.9639853,0.49311966,0.17391304347826086,0.96512616,0.4367541,0.15534908,0.15625788,-0.028609025693340256,0.27799782,0.26894516,0.13352555,0.98098296,0.8474574,0.13043478260869565,0.98098296,0.8232642,0.7120378,0.7246432,-0.008142749016935161,0.085369825,0.0915735512971878,0.29554647,0.11564773,0.9639854,0.84833765,0.17391304347826086,0.9651263,0.80812025,0.6684389,0.7142466,-0.00284638311787555,0.076272935,0.12393677,0.053503633,0.9846275,0.93112385,0.17391304347826086,0.9846275,0.9148377,0.8606907,0.86738294,-0.0017774465526987986,0.03576751,0.25772893,0.110958815,1.000146,0.8891872,0.20833333333333334,1.000146,0.85146743,0.7424171,0.7534401,-0.0036324699028678926,0.07449693,0.18855686485767365
20318.mp4,good,0.9937915802001953,0.9888957142829895,0.18200672,0.025427222,0.8720772,0.84665,0.21739130434782608,0.9272989,0.8168307,0.6900705,0.71254754,-0.002636288171229142,0.06677661,0.055594683,0.017876267,0.9538064,0.93593013,0.17391304347826086,0.957895,0.930044,0.8982117,0.90602726,-0.0008992136938298858,0.01581875,0.02968202717602253,0.046643496,0.0031635761,0.91631365,0.9131501,0.21739130434782608,0.9340347,0.8970113,0.86967015,0.8720512,-0.0010294376508049228,0.016605176,0.02322048,0.010712147,0.9744522,0.96374005,0.17391304347826086,0.9744522,0.9597259,0.9512317,0.95290744,-0.0003946189706033415,0.0056821387,0.022825003,0.014072001,1.0006034,0.98653144,0.041666666666666664,1.0006034,0.984159,0.97777843,0.97979885,-0.00040640050950259995,0.0050998745,0.6659830808639526
16415.mp4,good,0.9701826572418213,0.9354157447814941,0.6584961,0.6584961,0.90856445,0.25006837,0.0,0.90856445,0.4119768,0.25006837,0.27230126,-0.025111424357523577,0.20050786,0.3782513,0.3782513,0.9643233,0.58607197,0.21739130434782608,0.9643233,0.7207655,0.58607197,0.5977647,-0.01679748926944884,0.11514048,0.18526963889598846,0.16800857,0.15217942,0.92663145,0.77445203,0.13043478260869565,0.92663145,0.8158765,0.7586229,0.77605546,-0.004706871309299257,0.039984234,0.08812058,0.08812058,0.97230244,0.88418186,0.0,0.97230244,0.9060351,0.88418186,0.886287,-0.002586647750360676,0.0226912,0.16085345,0.130535,1.0005509,0.87001586,0.041666666666666664,1.0005509,0.8846857,0.8396974,0.8561717,-0.004519773307053961,0.04179485,0.3811113238334656
16222.mp4,good,0.9232857823371887,0.791702151298523,0.7839836,0.77410936,0.8782258,0.104116425,0.0,0.8782258,0.18598562,0.094242245,0.10213187,-0.018194256210515628,0.19624086,0.6014666,0.59246945,0.9318727,0.3394033,0.0,0.9318727,0.42806086,0.33040613,0.33827016,-0.018331682022381227,0.17292024,0.27559059858322144,0.42389792,0.38454878,0.8949337,0.5103849,0.0,0.8949337,0.5640963,0.47103578,0.49290255,-0.011834853428154596,0.11476857,0.32470185,0.31690747,0.9507868,0.63387936,0.0,0.9507868,0.70365137,0.626085,0.6379488,-0.011445655240842963,0.09300181,0.5867051,0.49848157,0.99973387,0.5012523,0.0,0.99973387,0.58244586,0.41302878,0.44439542,-0.01988659883322925,0.18674895,0.2728092074394226
17215.mp4,normal,0.9927030801773071,0.9892386198043823,0.48639354,0.38995558,0.9539313,0.5639757,0.13043478260869565,0.9539313,0.65253466,0.46753773,0.49010438,-0.01800314195660263,0.14650385,0.14937007,0.1014719,0.9800403,0.8785684,0.17391304347826086,0.9800403,0.8846596,0.83067024,0.8407481,-0.004201067236101212,0.03957807,0.05957316234707832,0.13875604,0.08352929,0.9551175,0.87158823,0.13043478260869565,0.9551175,0.87012774,0.8163615,0.83527744,-0.003620948421625293,0.034543656,0.060899973,0.03316599,0.98153174,0.94836575,0.17391304347826086,0.98153174,0.9442326,0.92063177,0.92544466,-0.0013440021059730014,0.015068366,0.049759984,0.016725898,1.0001692,0.98344326,0.20833333333333334,1.0001692,0.98018456,0.9504092,0.9690374,-0.0005956591730532481,0.010156778,0.40268415212631226
20024.mp4,good,0.996761679649353,0.9914549589157104,0.66443944,0.13851392,0.96531653,0.8268026,0.2608695652173913,0.96531653,0.61412144,0.3008771,0.3831071,-0.0036508549932434565,0.20991318,0.13566744,0.05457014,0.9786572,0.92408705,0.17391304347826086,0.9786572,0.8965321,0.84298974,0.8484444,-0.0015401694143242302,0.039109442,0.02819136157631874,0.41334713,0.08347541,0.96531653,0.8818411,0.13043478260869565,0.96531653,0.76784605,0.5519694,0.6348545,-0.0020083498224439367,0.12217174,0.10460448,0.042475224,0.98429954,0.9418243,0.21739130434782608,0.98429954,0.9247235,0.87969506,0.8881859,-0.0011835027589157119,0.029946594,0.024208307,0.0076884627,1.0005715,0.992883,0.20833333333333334,1.0005715,0.98943335,0.9763632,0.979892,-0.00035665571689608866,0.0066688065,0.18327414989471436
7085.mp4,good,0.9759277701377869,0.912731409072876,0.3411268,0.28546777,0.45101547,0.1655477,0.0,0.9476545,0.28363448,0.10988868,0.11397019,-0.021963759616252937,0.23905142,0.2398991,0.17337632,0.8203668,0.6469905,0.17391304347826086,0.9705957,0.7053955,0.5804677,0.58288556,-0.009268358055310762,0.111279815,0.20296484231948853,0.08518469,0.05982852,0.86902595,0.8091974,0.043478260869565216,0.95213985,0.8308744,0.78384125,0.7894162,-0.003470930068389227,0.043223336,0.059007883,0.042922497,0.93753076,0.89460826,0.08695652173913043,0.9754636,0.9083604,0.8785229,0.8825391,-0.0022499112508042596,0.026520006,0.12421906,0.08207762,0.99994123,0.9178636,0.041666666666666664,0.99994123,0.93393874,0.87572217,0.91264284,-0.002894586402436982,0.029673731,0.3524423837661743
5946.mp4,normal,0.9920843243598938,0.973908007144928,0.6630977,0.6382059,0.8119915,0.17378566,0.0,0.8119915,0.22116908,0.14889383,0.16239189,-0.009017470576193027,0.13607481,0.25725383,0.21312559,0.9241415,0.71101594,0.08695652173913043,0.9241415,0.7245311,0.6668877,0.67712677,-0.00261987445382733,0.051312145,0.19414810836315155,0.09553808,0.07465291,0.90151143,0.8268585,0.0,0.90151143,0.82835007,0.80597335,0.80958176,-0.0025515703580124946,0.023763947,0.053283155,0.048484087,0.96129155,0.91280746,0.0,0.96129155,0.9186791,0.9080084,0.9106136,-0.001485990205772304,0.013368731,0.0661515,0.041185617,1.0001796,0.95899403,0.125,1.0001796,0.9620829,0.93402815,0.94753605,-0.001317859084709832,0.014423117,0.5361907482147217
16392.mp4,bad,0.9734908938407898,0.9514017701148987,0.4497613,0.44711968,0.54987025,0.10275058,0.0,0.54987025,0.1621963,0.100108944,0.10415546,-0.011351195167705953,0.10608584,0.4961145,0.49310434,0.8564557,0.36335135,0.0,0.8564557,0.4694552,0.3603412,0.36348546,-0.01811522027484984,0.13801408,0.35557132959365845,0.18245304,0.15488172,0.83563244,0.6807507,0.08695652173913043,0.83563244,0.71753395,0.6531794,0.67271125,-0.005806724367876767,0.04789886,0.14050555,0.11893213,0.922611,0.8036789,0.13043478260869565,0.922611,0.82502645,0.78210545,0.7886848,-0.004622833471995586,0.035879865,0.18095851,0.096256495,0.99937165,0.90311515,0.16666666666666666,0.99937165,0.90019625,0.81841314,0.83660394,-0.004715702144995998,0.046574965,0.32723575830459595
16616.mp4,good,0.991029679775238,0.9688318967819214,0.42060435,0.39671558,0.9760816,0.579366,0.0,0.9760816,0.67707425,0.55547726,0.5662495,-0.0177525940973297,0.14016071,0.1542812,0.14994234,0.9838136,0.83387125,0.0,0.9838136,0.8735637,0.8295324,0.83023643,-0.007130906221423719,0.053125367,0.05681122466921806,0.16314614,0.15451896,0.97697115,0.8224522,0.0,0.97697115,0.85398024,0.813825,0.81802475,-0.006198268162874364,0.049202394,0.08508873,0.081564665,0.988786,0.9072213,0.0,0.988786,0.93037474,0.90369725,0.90456927,-0.00402120645102778,0.029345606,0.05283594,0.047037482,0.9995072,0.9524697,0.041666666666666664,0.9995072,0.96881866,0.94667125,0.95268536,-0.002160415157027898,0.016484784,0.4542437791824341
15450.mp4,bad,0.9819159507751465,0.961820125579834,0.437136,0.43389693,0.50970507,0.07580814,0.0,0.50970507,0.11495543,0.07256909,0.075933784,-0.008684818783826511,0.09873916,0.4629833,0.4487394,0.80383646,0.35509706,0.0,0.80383646,0.43539512,0.34085315,0.34503308,-0.015898287973620664,0.1264249,0.3974893093109131,0.2148462,0.15916276,0.81658125,0.6574185,0.17391304347826086,0.81658125,0.7055691,0.60173506,0.6323561,-0.009618025111115513,0.06671155,0.12457836,0.10937357,0.91159,0.8022164,0.08695652173913043,0.91159,0.8328843,0.7870116,0.7957201,-0.005413067611781043,0.038067847,0.18871021,0.1845789,0.9995078,0.8149289,0.16666666666666666,0.9995078,0.879685,0.8107976,0.8169626,-0.00838516271632652,0.060719028,0.4354075491428375
5649.mp4,normal,0.9434024095535278,0.7339497804641724,0.7405114,0.7235702,0.8138356,0.09026542,0.0,0.8138356,0.25862265,0.073324226,0.07617672,-0.032174951290130156,0.27279833,0.5002338,0.4457797,0.9325449,0.48676518,0.13043478260869565,0.9325449,0.616223,0.43231106,0.44437772,-0.021410328332378954,0.17357868,0.24863168597221375,0.34192622,0.30404776,0.8971813,0.5931335,0.2608695652173913,0.8971813,0.7360876,0.55525506,0.58937347,-0.016698878037599722,0.1182907,0.177989,0.177989,0.95872045,0.78073144,0.2608695652173913,0.95872045,0.86485463,0.78073144,0.7844349,-0.009295335223552272,0.064741224,0.3071853,0.28657317,0.99982107,0.7132479,0.2916666666666667,0.99982107,0.85742825,0.6926358,0.71518046,-0.015560963127924047,0.113769226,0.3602360785007477
6356.mp4,bad,0.9508780837059021,0.9004610776901245,0.7039984,0.6970028,0.7841936,0.087190755,0.0,0.7841936,0.14523001,0.0801952,0.08358665,-0.013185463588051649,0.15980041,0.6358733,0.61682516,0.9040181,0.28719294,0.0,0.9040181,0.41329333,0.26814482,0.27875084,-0.023138410989710475,0.17884897,0.339481383562088,0.38056874,0.33731323,0.88151985,0.5442066,0.0,0.88151985,0.6006406,0.5009511,0.510234,-0.013865993958216886,0.1129773,0.2827927,0.24915409,0.94519615,0.69604206,0.043478260869565216,0.94519615,0.7527748,0.66240346,0.67697686,-0.011353292012874314,0.08775201,0.25355607,0.22244245,0.99936116,0.7769187,0.16666666666666666,0.99936116,0.85211986,0.7458051,0.7694651,-0.01013124538504562,0.0764119,0.2810603976249695
15285.mp4,good,0.9841157793998718,0.9630273580551147,0.51166385,0.5015326,0.7254017,0.22386909,0.0,0.7254017,0.26567936,0.21373783,0.22179,-0.008715151194409416,0.109360814,0.33554006,0.33427608,0.8790654,0.5447893,0.0,0.8790654,0.58839697,0.54352534,0.5467062,-0.008547874248546118,0.08390344,0.2935121953487396,0.077444375,0.07195091,0.8552246,0.7832737,0.043478260869565216,0.8552246,0.80045086,0.77778023,0.78598,-0.0018738078859012553,0.01759275,0.053649545,0.053179443,0.9249203,0.8717409,0.0,0.9249203,0.8819092,0.8712708,0.87419564,-0.0012065286457303033,0.012210274,0.07757938,0.065406024,1.0003073,0.9349013,0.041666666666666664,1.0003073,0.94406414,0.92272794,0.9334853,-0.0014041448935218687,0.015566999,0.4687288701534271
6270.mp4,normal,0.9377860426902771,0.8377847671508789,0.26619786,0.25266218,0.4347363,0.18207411,0.13043478260869565,0.4347363,0.24531227,0.16853845,0.18312919,-0.006659466419884341,0.060861878,0.22704208,0.19905603,0.75715697,0.55810094,0.0,0.75715697,0.5706559,0.5301149,0.53481925,-0.004733647635802924,0.050372064,0.24548256397247314,0.27415138,-0.0026913881,0.71781397,0.72050536,0.21739130434782608,0.7287161,0.6306698,0.44366258,0.49356765,0.010327096748728991,0.09340163,0.08203614,0.009650826,0.8501992,0.8405484,0.17391304347826086,0.8501992,0.8161384,0.7681631,0.78016096,0.001835462545217733,0.021774774,0.29864055,0.111712396,1.0001038,0.88839144,0.125,1.0001038,0.8599195,0.7014633,0.78985393,0.0010005912573441032,0.058487505,0.2544649839401245
6865.mp4,good,0.977800190448761,0.9047295451164246,0.80695665,0.7220584,0.9103239,0.1882655,0.043478260869565216,0.9103239,0.38966793,0.10336728,0.19996445,-0.02849496826676749,0.2479834,0.41831887,0.27885753,0.9590966,0.6802391,0.043478260869565216,0.9590966,0.7481537,0.54077774,0.66913354,-0.011830451460223922,0.1064583,0.1696520447731018,0.14035189,0.115383625,0.9303963,0.8150127,0.13043478260869565,0.9303963,0.8409426,0.7900444,0.80808246,-0.004056625981104705,0.03288726,0.08986038,0.06231934,0.96714705,0.9048277,0.08695652173913043,0.96714705,0.91780573,0.8772867,0.9009877,-0.002405212743009013,0.020287976,0.08380997,0.042902112,1.000227,0.95732486,0.125,1.000227,0.9631929,0.916417,0.9456949,-0.0016484089519666944,0.015514089,0.4610987901687622
15475.mp4,normal,0.9835863709449768,0.9596908092498779,0.73128676,0.7248472,0.8700069,0.14515969,0.0,0.8700069,0.22826032,0.13872014,0.14124636,-0.018258887420412116,0.1804989,0.45507017,0.45268124,0.9454137,0.49273247,0.0,0.9454137,0.61359954,0.49034354,0.49411437,-0.017873917614282836,0.12976594,0.22607192397117615,0.3028341,0.28333902,0.9058598,0.6225208,0.0,0.9058598,0.67111444,0.60302573,0.61062205,-0.010122601988287312,0.0824195,0.15822697,0.15615761,0.9632449,0.8070873,0.0,0.9632449,0.83967143,0.80501795,0.8084949,-0.0052709399829268914,0.0416273,0.19739133,0.15971732,1.0001748,0.84045744,0.041666666666666664,1.0001748,0.864728,0.8027834,0.81657034,-0.006838739151540037,0.05886004,0.39023536443710327
5742.mp4,normal,0.9921321272850037,0.987602710723877,0.4405675,0.4405675,0.5928248,0.15225732,0.13043478260869565,0.5928248,0.29511705,0.15225732,0.17051739,-0.015884959311942344,0.11151975,0.3893702,0.3893702,0.8770554,0.4876852,0.21739130434782608,0.8770554,0.6465621,0.4876852,0.51234293,-0.016429010528349598,0.11040056,0.22352775931358337,0.17874599,0.17874599,0.8738673,0.6951213,0.17391304347826086,0.8738673,0.7564492,0.6951213,0.7148981,-0.005188954441914917,0.039444603,0.12518013,0.12518013,0.94803196,0.82285184,0.17391304347826086,0.94803196,0.8700899,0.82285184,0.83058906,-0.004394537257582782,0.030624498,0.10408217,0.10408217,1.0005287,0.8964465,0.16666666666666666,1.0005287,0.9522355,0.8964465,0.91410106,-0.003701646405717623,0.026453862,0.3465726673603058
15007.mp4,normal,0.9146621823310852,0.786677360534668,0.46972704,0.44202244,0.5314883,0.08946586,0.0,0.5314883,0.116568595,0.06176127,0.0681417,-0.004685250144054298,0.09275455,0.45742598,0.45742598,0.8126069,0.3551809,0.0,0.8126069,0.42532897,0.3551809,0.36353365,-0.009932979911919175,0.10364182,0.3695341944694519,0.24685794,0.14913493,0.7779022,0.62876725,0.13043478260869565,0.7779022,0.61277467,0.53104424,0.54757106,-5.853482385869305e-05,0.053660113,0.12583637,0.11823952,0.8911984,0.7729589,0.043478260869565216,0.8911984,0.7948631,0.765362,0.7734129,-0.0020571385212095595,0.02636293,0.42811644,0.42811644,1.0006528,0.57253635,0.125,1.0006528,0.70317864,0.57253635,0.6105786,-0.010714078960211391,0.09453691,0.24932879209518433
5880.mp4,normal,0.9885993003845215,0.9624746441841125,0.36410815,0.36056846,0.9261038,0.5655353,0.21739130434782608,0.962939,0.82976687,0.5619956,0.5663182,-0.016335305783588425,0.14384945,0.11914998,0.11382383,0.96841633,0.8545925,0.21739130434782608,0.96841633,0.931551,0.84926635,0.85506874,-0.004981897447420187,0.042821676,0.03185664117336273,0.123345196,0.12215114,0.9347193,0.8125682,0.21739130434782608,0.9695879,0.90448225,0.8113741,0.82032347,-0.0054319195832188685,0.05153535,0.04662758,0.042910933,0.9733236,0.93041265,0.21739130434782608,0.98452044,0.9634077,0.926696,0.92982674,-0.0021498185608226964,0.01933003,0.053324282,0.042302847,0.9995065,0.9572036,0.20833333333333334,0.9995065,0.9782631,0.9461822,0.9528907,-0.0014062296566755897,0.01575777,0.5570597052574158
15345.mp4,good,0.9609916806221008,0.9358116388320923,0.6507628,0.6507628,0.72436965,0.07360682,0.0,0.72436965,0.1701557,0.07360682,0.08439041,-0.016057523814114665,0.14953312,0.6057996,0.6057996,0.8850191,0.2792195,0.043478260869565216,0.8850191,0.45643,0.2792195,0.30712852,-0.0225905966263986,0.16560464,0.35666102170944214,0.21240956,0.21240956,0.83960617,0.6271966,0.17391304347826086,0.83960617,0.7103856,0.6271966,0.6422952,-0.008929241787303588,0.060745973,0.17175812,0.17175812,0.9214887,0.7497306,0.21739130434782608,0.9214887,0.81309104,0.7497306,0.7552255,-0.00724054284010951,0.049073048,0.24288702,0.23582864,0.9998112,0.76398253,0.20833333333333334,0.9998112,0.8750288,0.75692415,0.76660544,-0.010163826061331736,0.07222147,0.3863144814968109
7421.mp4,bad,0.9928315281867981,0.9814403653144836,0.54170585,0.54170585,0.9529668,0.41126096,0.17391304347826086,0.9529668,0.66086835,0.41126096,0.49390528,-0.019469468313243563,0.13723835,0.20012844,0.20012844,0.96623135,0.7661029,0.17391304347826086,0.96623135,0.868437,0.7661029,0.78496915,-0.007716052970396197,0.05335686,0.0626564621925354,0.16305685,0.16305685,0.957567,0.7945101,0.043478260869565216,0.957567,0.8564038,0.7945101,0.82124704,-0.005143111991316902,0.037640844,0.086236596,0.086236596,0.982437,0.8962004,0.17391304347826086,0.982437,0.93109345,0.8962004,0.9070728,-0.0031101037508885357,0.021293122,0.075767994,0.0717029,0.9993442,0.92764133,0.16666666666666666,0.9993442,0.96802646,0.92357624,0.93085086,-0.002612238500429259,0.020028109,0.3193496763706207
15427.mp4,bad,0.9668416380882263,0.9235438704490662,0.6269882,0.61561954,0.74390113,0.1282816,0.0,0.74390113,0.18993749,0.11691299,0.12102307,-0.013472602824154108,0.13937157,0.61459404,0.61272836,0.89998525,0.2872569,0.0,0.89998525,0.4220405,0.2853912,0.28695682,-0.02258235693213498,0.17145845,0.394932359457016,0.26404965,0.25519353,0.8728578,0.6176643,0.17391304347826086,0.8728578,0.707371,0.60880816,0.62366664,-0.010602055389890562,0.072524175,0.18638355,0.1827119,0.93596107,0.75324917,0.21739130434782608,0.93596107,0.8169728,0.7495775,0.7533079,-0.007845463488884138,0.053223573,0.21803969,0.17056072,1.0005633,0.83000255,0.2916666666666667,1.0005633,0.88749075,0.7825236,0.8186153,-0.007254064886466356,0.056078438,0.4361337125301361
6476.mp4,normal,0.9848727583885193,0.9604752063751221,0.82266283,0.24941921,0.9575197,0.7081005,0.0,0.96138823,0.31143788,0.13485686,0.141947,-0.015580320944310189,0.2403524,0.36127448,0.08874315,0.9823344,0.8935912,0.13043478260869565,0.9823344,0.74399126,0.6210599,0.6293766,-0.00896295563505574,0.108047515,0.18232057988643646,0.18801975,0.079616785,0.9609072,0.88129044,0.17391304347826086,0.96370286,0.83994204,0.77288747,0.78343344,-0.005109458101596756,0.052777886,0.09355837,0.031028628,0.98401517,0.95298654,0.17391304347826086,0.98401517,0.92631185,0.8904568,0.89372253,-0.0026591069142338046,0.026712619,0.070810795,0.024145126,1.000291,0.97614586,0.20833333333333334,1.000291,0.9675415,0.9294802,0.93897986,-0.0018383970727091391,0.018609777,0.44388866424560547
6013.mp4,good,0.9652982950210571,0.8965044021606445,0.18421222,0.15504116,0.25640264,0.10136148,0.0,0.25640264,0.09063887,0.07219042,0.07550808,-0.0017594320721659267,0.03616383,0.3536564,0.19083422,0.7278412,0.537007,0.13043478260869565,0.7278412,0.46247253,0.3741848,0.38747585,-0.004938317853000317,0.07411575,0.37122035026550293,0.19689202,0.119470954,0.8520384,0.7325674,0.17391304347826086,0.8520384,0.7109726,0.65514636,0.6611974,-0.003980362014808203,0.045321323,0.12782222,0.07948917,0.9259872,0.846498,0.17391304347826086,0.9259872,0.8336929,0.79816496,0.8021349,-0.002698425188837295,0.029749924,0.1549437,0.087044716,0.9997361,0.91269135,0.08333333333333333,0.9997361,0.9012284,0.84479237,0.8773813,-0.0017791053782338889,0.027800437,0.30190277099609375
15303.mp4,bad,0.9847251176834106,0.9683147668838501,0.74312085,0.74312085,0.8482275,0.10510667,0.0,0.8482275,0.19734378,0.10510667,0.11257227,-0.016947082291714294,0.1648685,0.56071746,0.56071746,0.91631645,0.355599,0.0,0.91631645,0.4744583,0.355599,0.3595932,-0.01987288471149363,0.1543561,0.3966435492038727,0.16902196,0.15917772,0.8982706,0.7390929,0.13043478260869565,0.8982706,0.779654,0.72924864,0.7331607,-0.006228738504907375,0.046592776,0.112047374,0.10890484,0.9501662,0.8412614,0.043478260869565216,0.9501662,0.87110186,0.83811885,0.8416099,-0.004384405174745407,0.031452127,0.08109033,0.080329716,0.9994433,0.9191136,0.125,0.9994433,0.9400768,0.91835296,0.92091715,-0.002323404887448203,0.019047217,0.4296318590641022
7275.mp4,bad,0.9954859614372253,0.9722713232040405,0.40781814,0.056056082,0.9837144,0.9276583,0.13043478260869565,0.9887408,0.90540564,0.57589626,0.75496185,-4.111006561476381e-05,0.10985796,0.11078274,0.022659183,0.9876908,0.9650316,0.13043478260869565,0.99331695,0.96107036,0.87690806,0.9227796,-0.0001756085355291353,0.029610999,0.01764250360429287,0.10857922,0.05508858,0.98371446,0.9286259,0.17391304347826086,0.9887408,0.9416841,0.87513524,0.89573777,-0.0008191959895635395,0.030616654,0.03946495,0.015290856,0.9919826,0.9766917,0.17391304347826086,0.9947524,0.9787129,0.9525176,0.9623351,-0.00024688102511079296,0.010794357,0.024854422,0.006770849,1.0002102,0.9934393,0.16666666666666666,1.0002102,0.9926078,0.97535574,0.9828683,-0.0001657471190328467,0.0064331577,0.5580545663833618
17285.mp4,good,0.9613231420516968,0.9281479120254517,0.58135706,0.5684766,0.780084,0.2116074,0.0,0.780084,0.28968707,0.19872695,0.2044818,-0.015912068912045305,0.13881677,0.41505167,0.39357835,0.89791125,0.5043329,0.0,0.89791125,0.574808,0.48285958,0.486679,-0.015041256816726438,0.117808476,0.2900281250476837,0.14071333,0.12442887,0.86742663,0.74299777,0.043478260869565216,0.86742663,0.77057153,0.7267133,0.7324321,-0.00509762110210691,0.03915806,0.098475516,0.087074995,0.9338683,0.8467933,0.08695652173913043,0.9338683,0.86483616,0.8353928,0.8416272,-0.003462711518461066,0.0259539,0.12760961,0.10594797,0.9998753,0.89392734,0.16666666666666666,0.9998753,0.9121778,0.8722657,0.8796337,-0.0036095624902974122,0.03005178,0.4374884366989136
15933.mp4,bad,0.9577584266662598,0.8957449197769165,0.7519418,0.72967005,0.8748182,0.14514816,0.0,0.8748182,0.21601169,0.12287642,0.13369939,-0.014024980572372557,0.15784307,0.46950352,0.46950352,0.94383043,0.4743269,0.0,0.94383043,0.57848626,0.4743269,0.48388618,-0.014336776032513793,0.114010856,0.27198877930641174,0.24539638,0.20836782,0.904086,0.69571817,0.043478260869565216,0.904086,0.71492237,0.6586896,0.6705419,-0.0050320834392615565,0.05011705,0.13857341,0.10708916,0.9582418,0.85115266,0.08695652173913043,0.9582418,0.85047495,0.8196684,0.8248821,-0.001993754282299237,0.027751524,0.14459574,0.13003469,1.0001054,0.8700707,0.0,1.0001054,0.88367194,0.85550964,0.85836256,-0.002212469551874255,0.034979764,0.39922523498535156
20168.mp4,good,0.9799138903617859,0.8936285972595215,0.55904603,0.47941786,0.99168086,0.512263,0.17391304347826086,0.99168086,0.6316415,0.4326348,0.44957203,-0.02307242794116967,0.16790594,0.17896074,0.15321416,0.9925925,0.83937836,0.08695652173913043,0.9925925,0.8737416,0.8136318,0.82427084,-0.006959637869959307,0.05140532,0.056697577238082886,0.19961488,0.16345453,0.9918686,0.8284141,0.043478260869565216,0.9918686,0.8457565,0.79225373,0.80570096,-0.005146507276847891,0.047977228,0.09032893,0.07546872,0.9956708,0.9202021,0.08695652173913043,0.9956708,0.93043935,0.90534186,0.9116793,-0.0027552388991292,0.022595618,0.111154616,0.025384188,0.9999425,0.9745583,0.125,0.9999425,0.9556803,0.88878787,0.9253644,-0.000601774661437352,0.029123757,0.49297896027565
7520.mp4,bad,0.9478814601898193,0.7813299894332886,0.57322323,0.4228741,0.65307826,0.23020415,0.0,0.828758,0.26649413,0.079855025,0.13760284,-0.02008446398754366,0.21219279,0.5441348,0.19376045,0.8924996,0.6987392,0.08695652173913043,0.93615264,0.6716907,0.34836483,0.5751034,-0.009510301082972954,0.1300663,0.20324446260929108,0.32855392,0.11561382,0.900447,0.7848332,0.08695652173913043,0.90208197,0.7800377,0.5718931,0.7342062,-0.0050436696516195385,0.07096761,0.23069185,0.07555592,0.9550009,0.87944496,0.043478260869565216,0.9550009,0.8749351,0.724309,0.83735615,-0.0035017187534113416,0.049496382,0.19720757,0.10152006,0.99954796,0.8980279,0.125,0.99954796,0.9077506,0.8023404,0.85038316,-0.0029136371094247797,0.04574988,0.34541741013526917
16748.mp4,bad,0.9968825578689575,0.9914239048957825,0.34068727,0.34068727,0.95598185,0.6152946,0.08695652173913043,0.95598185,0.73256856,0.6152946,0.64129823,-0.013419995371532057,0.094726555,0.070751905,0.06954837,0.97499526,0.9054469,0.0,0.97499526,0.92122656,0.90424335,0.90551156,-0.0026207659319926434,0.020258922,0.04498792812228203,0.08683556,0.076627195,0.96046233,0.88383514,0.2608695652173913,0.96046233,0.9027292,0.87362677,0.87580544,-0.0033929080006633557,0.024286078,0.024392664,0.022248626,0.9836552,0.9614066,0.0,0.9836552,0.96621454,0.95926255,0.9594927,-0.0009827673906394072,0.007037325,0.04010296,0.038543463,0.9999459,0.9614024,0.2916666666666667,0.9999459,0.9759914,0.9598429,0.96220034,-0.0015723970143691542,0.01141875,0.6874500513076782
15841.mp4,normal,0.9623419642448425,0.8616657257080078,0.5782856,0.5238224,0.98441386,0.4605914,0.17391304347826086,0.98441386,0.64777803,0.4061283,0.44300538,-0.02620557719186363,0.18094605,0.16372854,0.15986949,0.98609483,0.82622534,0.17391304347826086,0.98609483,0.8781349,0.8223663,0.8267398,-0.006576880341461999,0.04527519,0.058651313185691833,0.1948784,0.1948784,0.9844139,0.7895355,0.043478260869565216,0.9844139,0.8627275,0.7895355,0.81812215,-0.006634214355540394,0.046821445,0.07806933,0.07806933,0.99111986,0.91305053,0.13043478260869565,0.99111986,0.9367862,0.91305053,0.91637075,-0.002834308288785311,0.01995583,0.122398734,0.08824575,1.0001967,0.91195095,0.16666666666666666,1.0001967,0.9316017,0.87779796,0.8885202,-0.0035660459943439864,0.03639648,0.45816925168037415
15202.mp4,good,0.9816172122955322,0.9475573301315308,0.5247406,0.52247393,0.9558866,0.4334127,0.30434782608695654,0.9558866,0.63487005,0.431146,0.4447735,-0.02449175132357555,0.16595228,0.17780447,0.17780447,0.9728488,0.7950443,0.17391304347826086,0.9728488,0.8577171,0.7950443,0.7970592,-0.007955115892199193,0.054676805,0.0521431602537632,0.18720049,0.15678,0.95629203,0.799512,0.043478260869565216,0.95629203,0.8240217,0.76909155,0.7879914,-0.0056020536794964115,0.04689233,0.10547471,0.09086859,0.9794016,0.888533,0.13043478260869565,0.9794016,0.90986025,0.8739269,0.88210523,-0.00384231064866183,0.028267628,0.10543537,0.08085674,1.0000871,0.9192304,0.08333333333333333,1.0000871,0.93164843,0.8946518,0.90234405,-0.0035935604313145735,0.030390332,0.5456314086914062
16288.mp4,bad,0.9792490601539612,0.9618422985076904,0.5560685,0.5560685,0.8477825,0.291714,0.0,0.8477825,0.44731927,0.291714,0.3302232,-0.020483165655447104,0.15580213,0.30383986,0.30383986,0.9314726,0.62763274,0.17391304347826086,0.9314726,0.72911876,0.62763274,0.639587,-0.012117353941612107,0.08535178,0.1533070206642151,0.12596971,0.12042755,0.89949524,0.7790677,0.17391304347826086,0.89949524,0.8176373,0.77352554,0.7813625,-0.0039213647837695546,0.030048223,0.099188805,0.09686315,0.9477439,0.85088074,0.17391304347826086,0.9477439,0.8824259,0.8485551,0.8551451,-0.0032699023310846062,0.023897445,0.11883652,0.11065972,0.9994852,0.8888255,0.20833333333333334,0.9994852,0.9284665,0.8806487,0.889125,-0.003682726569797697,0.028956223,0.34930387139320374
16282.mp4,good,0.9658752679824829,0.9227849841117859,0.4546631,0.4546631,0.6069644,0.15230131,0.0,0.6069644,0.2027705,0.15230131,0.15410382,-0.00983403481749207,0.10598753,0.43370557,0.43031383,0.8437419,0.41342807,0.0,0.8437419,0.48824522,0.41003633,0.4113051,-0.01426627869780357,0.116776265,0.30612534284591675,0.26407856,0.2432766,0.8579733,0.6146967,0.0,0.8579733,0.658317,0.5938947,0.5994581,-0.009594053795686341,0.07572397,0.1665675,0.15663081,0.9152927,0.75866187,0.0,0.9152927,0.7943705,0.7487252,0.7523537,-0.007146450193974357,0.0540388,0.37418044,0.3592826,0.9996891,0.6404065,0.0,0.9996891,0.7375441,0.62550867,0.62969416,-0.016439125693362734,0.12624735,0.4117324948310852
15819.mp4,bad,0.9733494520187378,0.9433704614639282,0.83090985,0.83090985,0.96826166,0.13735181,0.0,0.96826166,0.4079181,0.13735181,0.14990586,-0.038333150988864334,0.27476862,0.5831804,0.5831804,0.98116827,0.3979878,0.21739130434782608,0.98116827,0.7083819,0.3979878,0.44083565,-0.027134075436903108,0.18107271,0.15906573832035065,0.32313251,0.32023704,0.9682617,0.6480247,0.08695652173913043,0.9682617,0.7494953,0.6451292,0.6587263,-0.01370018496814925,0.09880801,0.1811614,0.1811614,0.9859873,0.8048259,0.043478260869565216,0.9859873,0.8674477,0.8048259,0.8144166,-0.007914612415750975,0.05554046,0.14587295,0.11252719,1.0001801,0.88765293,0.08333333333333333,1.0001801,0.9115456,0.8543072,0.8738133,-0.005041061328805044,0.04207096,0.3862411379814148
15456.mp4,normal,0.9943584203720093,0.9810668230056763,0.13685268,0.012124836,0.9940474,0.98192257,0.17391304347826086,0.9940474,0.94694203,0.8571947,0.8905642,0.0026776138030493346,0.037787467,0.05891657,0.0034330487,0.99052286,0.9870898,0.21739130434782608,0.9916129,0.96673036,0.9316063,0.9404084,0.0013837592875062335,0.020342583,0.009783006273210049,0.08304566,0.012124896,0.9940475,0.9819226,0.21739130434782608,0.9940475,0.9570378,0.91100186,0.93076885,0.0016891174165627597,0.024402618,0.03958237,0.009387672,0.99666417,0.9872765,0.2608695652173913,0.99666417,0.9765133,0.9570818,0.95928836,0.0007660777083498777,0.013223685,0.024912536,0.005618453,1.0006573,0.99503887,0.3333333333333333,1.0006573,0.98770934,0.9757448,0.97828275,0.0002354501123013649,0.0078583,0.5123405456542969
6226.mp4,good,0.9945551156997681,0.9827860593795776,0.5372509,0.5280123,0.8527743,0.32476205,0.34782608695652173,0.8527743,0.52632374,0.31552342,0.32415017,-0.02267543459127071,0.1848578,0.18077207,0.1777705,0.9228028,0.7450323,0.34782608695652173,0.9228028,0.83037335,0.74203074,0.74726635,-0.008010344660800436,0.06720259,0.09769041836261749,0.14693129,0.14693129,0.91103363,0.76410234,0.17391304347826086,0.91103363,0.8461916,0.76410234,0.7878199,-0.005469623761685932,0.046705395,0.06197977,0.06197977,0.95592916,0.8939494,0.13043478260869565,0.95592916,0.92806375,0.8939494,0.90391326,-0.0025629284000208124,0.020282611,0.026382565,0.021020472,0.9997458,0.9787253,0.20833333333333334,0.9997458,0.9833267,0.9733632,0.9758264,-0.0006489283364752411,0.0067548184,0.41840261220932007
7342.mp4,normal,0.967465877532959,0.9300742149353027,0.7666759,0.69439244,0.91642433,0.22203192,0.0,0.91642433,0.29154423,0.14974844,0.17371106,-0.013149108354870981,0.18536808,0.39433146,0.3198365,0.9570301,0.6371936,0.043478260869565216,0.9570301,0.6976661,0.56269866,0.6219856,-0.010488439984472358,0.09868292,0.1963168829679489,0.20624262,0.19971651,0.93647593,0.7367594,0.21739130434782608,0.93647593,0.7944146,0.7302333,0.73563206,-0.006706810456961993,0.051465243,0.110302985,0.110302985,0.9724733,0.86217034,0.08695652173913043,0.9724733,0.89398295,0.86217034,0.86604685,-0.003897957533244578,0.029301971,0.12598413,0.12598413,0.9993985,0.8734144,0.125,0.9993985,0.91882586,0.8734144,0.882433,-0.004013508791508908,0.034451567,0.3753017783164978
15543.mp4,normal,0.9989202618598938,0.9962477684020996,0.3840257,0.00936079,0.99440026,0.9850395,0.17391304347826086,0.99440026,0.779887,0.61037457,0.6168621,-0.0046262718707676415,0.16032217,0.086598635,0.0017315149,0.99283445,0.99110293,0.08695652173913043,0.9942194,0.9436868,0.9062358,0.9077452,-0.0010691186773918299,0.036072664,0.029114531353116035,0.1468435,0.009278357,0.9944002,0.98512185,0.13043478260869565,0.9944002,0.90823656,0.8475567,0.8521111,-0.0019498826722382538,0.054846924,0.03955233,0.0047454834,0.9965781,0.9918326,0.17391304347826086,0.9965781,0.97280145,0.95702577,0.9580303,-0.0005567358887713878,0.014626282,0.0076854825,0.0013418794,0.9996304,0.9982885,0.125,0.9996304,0.9951658,0.9919449,0.9922757,-0.00013276097567189378,0.002858081,0.6730914115905762
20246.mp4,good,0.9784408211708069,0.9466080069541931,0.66456807,0.48198545,0.9774072,0.49542177,0.043478260869565216,0.9774072,0.5004416,0.31283915,0.34129867,-0.009618086247104907,0.16336684,0.17217052,0.12758052,0.98371375,0.8561332,0.043478260869565216,0.98371375,0.8539272,0.8115432,0.8155996,-0.0027360376633203147,0.041701306,0.07433491200208664,0.18810785,0.18713999,0.9774072,0.7902672,0.0,0.9774072,0.82269365,0.78929937,0.7921093,-0.004230304904606029,0.041894335,0.07302916,0.06689727,0.9888302,0.92193294,0.0,0.9888302,0.92826223,0.91580105,0.91737515,-0.0015068496522224987,0.01650367,0.116712034,0.05059254,0.9998426,0.94925004,0.20833333333333334,0.9998426,0.9349018,0.88313055,0.90512437,-0.0003692637319150252,0.027070146,0.4496481418609619
15243.mp4,bad,0.9955903887748718,0.9889888167381287,0.51532185,0.47184363,0.9177638,0.4459202,0.0,0.9177638,0.52305067,0.40244198,0.4088384,-0.017227032645182182,0.15197599,0.1313371,0.1251086,0.9618294,0.8367208,0.0,0.9618294,0.8613433,0.8304923,0.8313042,-0.0043278923147751875,0.038153358,0.07757406681776047,0.11559546,0.10853821,0.9423245,0.8337863,0.043478260869565216,0.9423245,0.8582488,0.82672906,0.83458585,-0.003564988789351092,0.02959708,0.050504267,0.050504267,0.97503245,0.9245282,0.043478260869565216,0.97503245,0.9389172,0.9245282,0.9272406,-0.0015786296058549116,0.013554174,0.037800074,0.03382641,1.0002587,0.9664323,0.041666666666666664,1.0002587,0.9748142,0.9624586,0.9651791,-0.0013898164293040475,0.011494702,0.4726659059524536
6715.mp4,good,0.9650195837020874,0.8030155897140503,0.8131433,0.8088377,0.91076803,0.1019303,0.0,0.91076803,0.2612229,0.097624734,0.10381358,-0.029107689121259533,0.26455167,0.3519333,0.34720248,0.9639061,0.6167036,0.21739130434782608,0.9639061,0.7498546,0.6119728,0.62046456,-0.014771455891518737,0.104791895,0.14353345334529877,0.31029803,0.22845453,0.9426765,0.71422195,0.08695652173913043,0.9426765,0.7560001,0.63237846,0.6786201,-0.009407459570485154,0.08934855,0.13502705,0.1268959,0.9809605,0.8540646,0.08695652173913043,0.9809605,0.89338815,0.84593344,0.8532792,-0.005600106398107513,0.041719876,0.20794237,0.067602456,1.0000983,0.9324959,0.08333333333333333,1.0000983,0.9269135,0.792156,0.88775146,-0.0034396245686904242,0.04830239,0.3800587058067322
17423.mp4,good,0.9640892148017883,0.9305803775787354,0.5590948,0.5434871,0.66346407,0.11997699,0.0,0.66346407,0.1836123,0.1043693,0.11278776,-0.013576521814281766,0.12704517,0.4286863,0.4286863,0.8761026,0.44741634,0.0,0.8761026,0.55300826,0.44741634,0.45118743,-0.01658144569679683,0.123908564,0.251494824886322,0.23892593,0.22324765,0.8133019,0.5900543,0.13043478260869565,0.8133019,0.648444,0.574376,0.59214807,-0.005643829762228868,0.054950207,0.15591097,0.15240914,0.91503966,0.7626305,0.17391304347826086,0.91503966,0.8045031,0.7591287,0.7627256,-0.004659065380397992,0.036902584,0.14025325,0.14025325,0.99998313,0.8597299,0.08333333333333333,0.99998313,0.90719104,0.8597299,0.87963724,-0.00349465691525005,0.02885276,0.28942713141441345
6969.mp4,good,0.9974390864372253,0.9934087991714478,0.57394767,0.57394767,0.9835043,0.4095566,0.2608695652173913,0.9835043,0.6566043,0.4095566,0.4562081,-0.022176670168228312,0.1658009,0.14109111,0.14109111,0.9869715,0.8458804,0.13043478260869565,0.9869715,0.9008621,0.8458804,0.8656749,-0.0046514320397094315,0.03447463,0.04205720126628876,0.29185975,0.29185975,0.9835042,0.69164443,0.2608695652173913,0.9835042,0.8239754,0.69164443,0.7113251,-0.01216769082979723,0.084339276,0.08830124,0.08816153,0.99235284,0.9041913,0.2608695652173913,0.99235284,0.9429194,0.9040516,0.9102936,-0.003643540172237669,0.024982454,0.022050261,0.020471454,1.0001726,0.97970116,0.125,1.0001726,0.98732835,0.97812235,0.98039764,-0.0009372081963912529,0.0068734186,0.33497920632362366
5666.mp4,normal,0.9517196416854858,0.8079687356948853,0.8812707,0.6324387,0.95769894,0.32526022,0.21739130434782608,0.95769894,0.46086282,0.07642823,0.08054304,-0.03219901827042517,0.2998959,0.2912436,0.16679561,0.978408,0.81161237,0.21739130434782608,0.978408,0.8312091,0.68716437,0.6935167,-0.009473132816228023,0.09513738,0.08977781236171722,0.39792877,0.15474641,0.9600886,0.8053422,0.30434782608695654,0.9600886,0.7806908,0.56215984,0.60321534,-0.010194030969510465,0.12629423,0.13510668,0.054409564,0.9839839,0.9295743,0.2608695652173913,0.9839839,0.920987,0.8488772,0.8561218,-0.0034436569972471787,0.04283172,0.40345877,0.04688692,0.99937654,0.9524896,0.2916666666666667,0.99937654,0.87071353,0.59591776,0.6649941,-0.008497627973556536,0.1355097,0.34038716554641724
15700.mp4,good,0.9839456081390381,0.9678795337677002,0.7175116,0.7125616,0.9159871,0.20342544,0.0,0.9159871,0.32738218,0.19847548,0.20320688,-0.02315568725169883,0.19537652,0.44449848,0.4427504,0.9592868,0.5165364,0.0,0.9592868,0.6453027,0.5147883,0.5160414,-0.018466338515281684,0.1314007,0.24231432378292084,0.1827991,0.16628551,0.92988,0.7635945,0.08695652173913043,0.92988,0.79879314,0.7470809,0.7622594,-0.004689412213596904,0.041297097,0.11094904,0.10887921,0.9675702,0.858691,0.17391304347826086,0.9675702,0.88761705,0.85662115,0.85831743,-0.0034277712992528504,0.02594551,0.13154113,0.11938518,0.9996977,0.8803125,0.16666666666666666,0.9996977,0.9210164,0.86815655,0.8799452,-0.004611979567486348,0.033725455,0.4349483251571655
15302.mp4,bad,0.994061291217804,0.971846342086792,0.69895786,0.64889735,0.89152145,0.2426241,0.0,0.89152145,0.27615735,0.1925636,0.2039224,-0.004546921508821109,0.1348051,0.17886597,0.12399846,0.9531233,0.8291248,0.13043478260869565,0.9531233,0.821292,0.7742573,0.786418,0.00044801978490098966,0.033002242,0.10356967151165009,0.15106428,0.07433903,0.91445696,0.84011793,0.08695652173913043,0.91445696,0.83144945,0.7633927,0.8133932,0.0007798734154154582,0.025195183,0.068938375,0.035471797,0.9656507,0.9301789,0.17391304347826086,0.9656507,0.92486155,0.8967123,0.9095636,0.0006007061527651716,0.013126259,0.03486395,0.017163754,1.0002587,0.98309493,0.20833333333333334,1.0002587,0.98134303,0.96539474,0.9696589,0.00026829626249229386,0.008085645,0.46813103556632996
16084.mp4,bad,0.9431138038635254,0.8444641828536987,0.69813883,0.69813883,0.7802975,0.082158655,0.0,0.7802975,0.208188,0.082158655,0.09875178,-0.020425345778111895,0.18091665,0.64361167,0.64262193,0.9069891,0.26436716,0.0,0.9069891,0.4480665,0.26337743,0.2685395,-0.026534125297201495,0.19286858,0.2934722602367401,0.4137199,0.4137199,0.866366,0.45264614,0.21739130434782608,0.866366,0.6178842,0.45264614,0.4575963,-0.01993473698734767,0.13482106,0.35408342,0.34620267,0.9390261,0.59282345,0.21739130434782608,0.9390261,0.7415388,0.5849427,0.59049314,-0.016861171472685163,0.112464614,0.60972357,0.60972357,0.9995462,0.3898226,0.25,0.9995462,0.6980359,0.3898226,0.4661353,-0.026699190774689584,0.18646085,0.323872834444046
6624.mp4,normal,0.9418675899505615,0.8289943337440491,0.762434,0.3450837,0.90962577,0.56454206,0.17391304347826086,0.90962577,0.40527266,0.14719175,0.17570345,-0.020466095918841045,0.20522755,0.41001523,0.107797444,0.9527627,0.8449653,0.21739130434782608,0.9527627,0.74432814,0.5427475,0.5866776,-0.009215915803852764,0.11214572,0.13459095358848572,0.46342853,0.09047794,0.924934,0.8344561,0.13043478260869565,0.924934,0.76411945,0.4615055,0.6515824,-0.004656158034273756,0.095686324,0.2445848,0.044509888,0.9679917,0.9234818,0.13043478260869565,0.9679917,0.8789191,0.7234069,0.80464435,-0.0033049402029618046,0.054808557,0.2994771,0.030824125,0.9997854,0.9689613,0.20833333333333334,0.9997854,0.88430434,0.7003083,0.7352142,-0.0033605415924736,0.08433982,0.2576037049293518
15529.mp4,normal,0.993833065032959,0.9875636100769043,0.7021563,0.7021563,0.9065207,0.20436442,0.0,0.9065207,0.32871583,0.20436442,0.20715663,-0.022350256651522148,0.18770087,0.3969574,0.3969574,0.96165895,0.56470156,0.08695652173913043,0.96165895,0.6907216,0.56470156,0.57876605,-0.016267847696783053,0.11338488,0.19446136057376862,0.20048904,0.19503987,0.91599286,0.720953,0.17391304347826086,0.91599286,0.7762318,0.7155038,0.7256646,-0.006450194556251345,0.047666054,0.11507934,0.11507934,0.9693823,0.85430294,0.13043478260869565,0.9693823,0.8851831,0.85430294,0.85692334,-0.0037929783814509366,0.028290939,0.05251193,0.05251193,0.9994612,0.94694924,0.16666666666666666,0.9994612,0.9650553,0.94694924,0.9486903,-0.0020471440190854466,0.014902329,0.38006120920181274
5770.mp4,normal,0.9912977814674377,0.9675098061561584,0.88668156,0.8783095,0.9844177,0.10610822,0.0,0.9844177,0.4101733,0.0977361,0.10080141,-0.04963754117488862,0.3645217,0.37759483,0.37458402,0.9878095,0.61322546,0.0,0.9878095,0.7513509,0.61021465,0.6119502,-0.02143719656900924,0.15305004,0.15646874904632568,0.24191576,0.2318235,0.9844177,0.7525942,0.043478260869565216,0.9844177,0.8280599,0.7425019,0.7528966,-0.01181056647903835,0.08459669,0.12820393,0.12524986,0.990388,0.8651381,0.0,0.990388,0.90781975,0.86218405,0.8639782,-0.006742091871532992,0.047686752,0.15038288,0.14300466,0.9995415,0.85653687,0.2916666666666667,0.9995415,0.9199281,0.84915864,0.85647976,-0.008002524064934794,0.057609607,0.5500216484069824
5948.mp4,normal,0.98589688539505,0.9707762002944946,0.5467321,-0.04161787,0.87814724,0.9197651,0.0,0.9197651,0.49175146,0.33141512,0.33896965,-0.006135788094620465,0.17871854,0.2739656,-0.017565846,0.9448669,0.96243274,0.21739130434782608,0.96243274,0.7765973,0.6709013,0.6746359,-0.0040280463785050975,0.08863852,0.12919259071350098,0.16815001,-0.017927945,0.9076696,0.92559755,0.2608695652173913,0.92559755,0.8203082,0.7395196,0.756162,-0.0029893298983102693,0.055053268,0.10749668,-0.0055851936,0.9639355,0.9695207,0.2608695652173913,0.9695207,0.90578973,0.8564388,0.8584289,-0.0020473336749397084,0.03564457,0.1287185,0.018745303,1.000229,0.9814837,0.25,1.000229,0.93924284,0.8715105,0.88294333,-0.002533318918684288,0.040005237,0.5418357849121094
16327.mp4,bad,0.9583621621131897,0.7972337007522583,0.63540864,0.63309586,0.83868074,0.20558488,0.0,0.83868074,0.34078425,0.2032721,0.20580639,-0.016600074636724166,0.14057292,0.25863665,0.25863665,0.9262206,0.66758394,0.2608695652173913,0.9262206,0.78674656,0.66758394,0.6843877,-0.00976658432851195,0.07327333,0.1262887716293335,0.16681206,0.16681206,0.91173387,0.7449218,0.21739130434782608,0.91173387,0.8222961,0.7449218,0.7631318,-0.005888576917497521,0.04154334,0.09100044,0.09100044,0.95728576,0.8662853,0.21739130434782608,0.95728576,0.91303533,0.8662853,0.8753868,-0.0034145673390904986,0.025339339,0.2348193,0.21147132,0.9996947,0.7882234,0.20833333333333334,0.9996947,0.8700002,0.7648754,0.79104906,-0.007280226401660784,0.05691254,0.5205177664756775
16120.mp4,good,0.9660051465034485,0.924746036529541,0.80495447,0.79459524,0.8975513,0.10295603,0.0,0.8975513,0.28464124,0.092596814,0.096536994,-0.030669556739243126,0.22904249,0.40410793,0.40410793,0.95901537,0.55490744,0.0,0.95901537,0.66587645,0.55490744,0.5591686,-0.01578420995487998,0.114165515,0.20058156549930573,0.2809397,0.26511455,0.9158951,0.65078056,0.043478260869565216,0.9158951,0.71514356,0.6349554,0.66066635,-0.00794830576704424,0.06643555,0.13306081,0.12868631,0.9650392,0.8363529,0.043478260869565216,0.9650392,0.86645806,0.8319784,0.8373154,-0.004196509247712006,0.03307735,0.32326758,0.2902859,0.9995729,0.709287,0.08333333333333333,0.9995729,0.7939103,0.6763053,0.7088919,-0.012123254770817982,0.091975495,0.41439908742904663
15880.mp4,bad,0.9912711977958679,0.9809943437576294,0.4092359,0.4092359,0.96680075,0.55756485,0.13043478260869565,0.96680075,0.8801144,0.55756485,0.75119156,-0.008380165566568794,0.09391311,0.15078396,0.15078396,0.9832636,0.83247966,0.13043478260869565,0.9832636,0.94208443,0.83247966,0.89880705,-0.003001747748597343,0.033107724,0.0116122392937541,0.1724565,0.1724565,0.9668008,0.7943443,0.17391304347826086,0.9668008,0.9059467,0.7943443,0.8451945,-0.003570926401454936,0.041316018,0.08192301,0.08192301,0.98377645,0.90185344,0.17391304347826086,0.98377645,0.9536967,0.90185344,0.9246328,-0.001759676181751756,0.018864555,0.039093554,0.039093554,1.0002794,0.9611859,0.125,1.0002794,0.9782939,0.9611859,0.97148174,-0.0007337573818538665,0.007638967,0.41573381423950195
6899.mp4,bad,0.988556981086731,0.9736785888671875,0.63038266,0.5227797,0.9515687,0.42878905,0.0,0.9515687,0.44587517,0.32118607,0.3362328,-0.012284239820340865,0.16480795,0.2367065,0.18011886,0.9778886,0.7977697,0.043478260869565216,0.9778886,0.80231565,0.7411821,0.75286794,-0.004871347793948516,0.059053708,0.11194465309381485,0.19619513,0.13989234,0.9574146,0.8175223,0.13043478260869565,0.9574146,0.81908774,0.7612195,0.7714681,-0.004199458381875233,0.0428035,0.10304773,0.0758549,0.98379064,0.90793574,0.13043478260869565,0.98379064,0.91426045,0.8807429,0.8874885,-0.0022046340430678063,0.023048427,0.0892818,0.055111706,0.99956477,0.94445306,0.08333333333333333,0.99956477,0.94885874,0.91028297,0.9308355,-0.0018364846706390664,0.02151353,0.39928704500198364
15601.mp4,bad,0.9791378378868103,0.9161908626556396,0.54894793,0.5012698,0.74350214,0.24223235,0.0,0.74350214,0.2821368,0.19455421,0.20055024,-0.012902837600043649,0.13333347,0.37747467,0.35104036,0.89137185,0.5403315,0.0,0.89137185,0.60699934,0.5138972,0.5257347,-0.01266587328298289,0.10023944,0.25874850153923035,0.26028538,0.1937536,0.8944645,0.7007109,0.17391304347826086,0.8944645,0.77667516,0.6341791,0.70346636,-0.009229458073382307,0.06334452,0.15498352,0.1516515,0.94689834,0.79524684,0.17391304347826086,0.94689834,0.86574787,0.7919148,0.8189341,-0.006160017588864201,0.041378614,0.30750287,0.30750287,1.0002006,0.69269776,0.125,1.0002006,0.89610606,0.69269776,0.8190143,-0.010050420761108424,0.074660234,0.36019429564476013
7274.mp4,good,0.9742876887321472,0.8961421251296997,0.1279597,0.12373181,0.26405314,0.14032133,0.13043478260869565,0.2764028,0.18996431,0.13609344,0.14810622,-0.004675633896127521,0.03874477,0.14222205,0.14222205,0.6945194,0.55229735,0.21739130434782608,0.6945194,0.62800175,0.55229735,0.5644692,-0.004697634827478134,0.040575515,0.21315965056419373,0.25735185,0.22161889,0.7430096,0.52139074,0.043478260869565216,0.7463455,0.60584426,0.48565778,0.49890152,-0.014910721466710918,0.11360052,0.10153639,0.10153639,0.8982395,0.7967031,0.13043478260869565,0.8982395,0.8411615,0.7967031,0.80551684,-0.004288217236873192,0.032047607,0.18520194,0.18520194,0.9998979,0.81469595,0.0,0.9998979,0.852627,0.81469595,0.82523346,-0.0038903053947117153,0.038831096,0.3515942096710205
15197.mp4,bad,0.997140109539032,0.9940019845962524,0.2367937,-0.044269383,0.9360418,0.98031116,0.17391304347826086,0.98471916,0.860264,0.6992481,0.7389642,0.009946777297574063,0.095587514,0.04927337,-0.036126435,0.95401216,0.9901386,0.21739130434782608,0.9901386,0.9434777,0.9047388,0.9092672,0.003089556168661754,0.02878714,0.022114137187600136,0.08944106,-0.03935945,0.9409517,0.98031116,0.21739130434782608,0.98471904,0.91700536,0.85151064,0.86922425,0.004542935507099598,0.04360708,0.035686612,-0.016371548,0.9755628,0.99193436,0.17391304347826086,0.99193436,0.96559185,0.9398762,0.94627094,0.0015449187618941664,0.01696643,0.009938359,0.00091826916,1.0004784,0.9995601,0.20833333333333334,1.0004784,0.9951477,0.99054,0.9914777,0.00015919151513471132,0.0029913252,0.5725720524787903
20118.mp4,good,0.9954649209976196,0.9844131469726562,0.6904127,0.38559413,0.97167134,0.5860772,0.0,0.97167134,0.47939077,0.28125864,0.28639105,-0.013764747311710847,0.21701202,0.171687,0.10797864,0.9844701,0.8764915,0.13043478260869565,0.9844701,0.87323457,0.8127831,0.8310614,-0.004303745660386074,0.0433866,0.03619839996099472,0.5054063,0.23761666,0.97167134,0.7340547,0.13043478260869565,0.97167134,0.644922,0.46626502,0.48156,-0.010665817046353937,0.15306327,0.12436581,0.07590538,0.9869344,0.91102904,0.08695652173913043,0.9869344,0.9094331,0.8625686,0.8799953,-0.0034196634184230352,0.03146691,0.032821417,0.019091666,0.9995488,0.9804571,0.08333333333333333,0.9995488,0.98060083,0.9667274,0.9731197,-0.0006606636099193565,0.007915073,0.28159940242767334
15484.mp4,normal,0.9911004900932312,0.9829995632171631,0.4034618,0.26600718,0.92377067,0.6577635,0.13043478260869565,0.9561404,0.6746681,0.52030885,0.54266983,-0.011592881069352969,0.12574656,0.13010025,0.09111947,0.9655428,0.8744233,0.13043478260869565,0.97630656,0.8817279,0.83544254,0.8404704,-0.004239940890681602,0.041192766,0.045441336929798126,0.13180548,0.07778245,0.9257834,0.84800094,0.08695652173913043,0.9561404,0.8480431,0.7939779,0.809785,-0.0028465605182609916,0.040224135,0.068024874,0.04337156,0.97003573,0.9266642,0.13043478260869565,0.9808631,0.927169,0.90201086,0.9045172,-0.0020416934381832044,0.02229721,0.051581025,0.018788517,1.000148,0.98135954,0.20833333333333334,1.000148,0.9701006,0.94856703,0.95171285,-0.00045522464358290177,0.013817625,0.41435664892196655
15155.mp4,normal,0.9977540373802185,0.9934897422790527,0.0,-0.17455119,0.7957969,0.97034806,0.13043478260869565,0.9740314,0.9308235,0.7957969,0.8652209,0.004837106928052637,0.048296813,0.0,-0.04743564,0.9342312,0.98166686,0.13043478260869565,0.9823561,0.9710481,0.9342312,0.9442483,0.0014167846191542048,0.014259523,0.009688442572951317,0.0,-0.06652486,0.905823,0.97234786,0.2608695652173913,0.97561413,0.94976145,0.905823,0.9195752,0.002103689630983381,0.02054427,0.0,-0.018051267,0.9675682,0.9856195,0.17391304347826086,0.98691916,0.9807366,0.9675682,0.97398657,0.0005497904752082867,0.0051444066,0.0061329007,0.0020606518,0.99944735,0.9973867,0.125,0.99944735,0.99655455,0.99331445,0.99515164,3.8301193195806336e-05,0.0013541589,0.5906425714492798
17348.mp4,normal,0.9919439554214478,0.9832116961479187,0.5363276,0.53429955,0.97180104,0.4375015,0.17391304347826086,0.97180104,0.6311719,0.43547344,0.4487398,-0.024808334385453486,0.17119522,0.23430735,0.23430735,0.9834728,0.7491655,0.17391304347826086,0.9834728,0.8462638,0.7491655,0.76518613,-0.01041361224274391,0.070229426,0.08308736234903336,0.1325199,0.11654407,0.9718011,0.85525703,0.043478260869565216,0.9718011,0.87398297,0.8392812,0.84428686,-0.004403811492938774,0.033624362,0.07875216,0.075707555,0.9871652,0.91145766,0.0,0.9871652,0.92935133,0.90841305,0.90920615,-0.003046752200296288,0.022432178,0.05254793,0.041482687,1.0003424,0.9588597,0.16666666666666666,1.0003424,0.96709424,0.94779444,0.95159286,-0.0015903186279794751,0.0136133665,0.5366042852401733
15251.mp4,normal,0.9637161493301392,0.9149181842803955,0.7058414,0.68307173,0.94885,0.26577827,0.0,0.94885,0.3564401,0.24300857,0.25008705,-0.018680087750843868,0.17850994,0.48063335,0.47233802,0.97381806,0.50148004,0.0,0.97381806,0.612187,0.49318472,0.5008622,-0.017691862000071487,0.13262855,0.20071478188037872,0.39260024,0.39260024,0.9488499,0.5562497,0.21739130434782608,0.9488499,0.6870426,0.5562497,0.5626004,-0.012358252356646079,0.093296476,0.236381,0.22529131,0.9751292,0.7498379,0.21739130434782608,0.9751292,0.81290185,0.7387482,0.74877006,-0.007728269213273137,0.0576851,0.20327574,0.19278163,0.9999188,0.8071372,0.20833333333333334,0.9999188,0.8987085,0.7966431,0.81065,-0.007857476680175135,0.0577661,0.3210867941379547
6801.mp4,good,0.9817115664482117,0.9482038021087646,0.8814497,0.7656704,0.98206633,0.2163959,0.0,0.98206633,0.2509138,0.10061662,0.10465485,-0.02583481533371885,0.2670243,0.36506164,0.22705269,0.99174654,0.76469386,0.0,0.99174654,0.71747714,0.6266849,0.62886655,-0.009946243034992284,0.10951899,0.18224658071994781,0.22849327,0.17457771,0.9820663,0.80748856,0.0,0.9820663,0.80211294,0.753573,0.75929934,-0.0058096995348986885,0.058084898,0.12503624,0.08245158,0.9919348,0.9094832,0.0,0.9919348,0.8997238,0.86689854,0.8712483,-0.0034390266233753357,0.03466768,0.101184726,0.07548624,1.000556,0.92506975,0.041666666666666664,1.000556,0.9347053,0.89937127,0.91510653,-0.0029306126159170586,0.027758185,0.3346395492553711
5699.mp4,bad,0.987433910369873,0.9767805337905884,0.7923813,0.45858288,0.9426123,0.4840294,0.0,0.9426123,0.30443978,0.15023097,0.15301266,-0.0011065251712978211,0.20516902,0.35676372,0.1565255,0.97361314,0.81708765,0.0,0.97361314,0.70851517,0.6168494,0.62292373,0.0009685308919122443,0.10154507,0.185652956366539,0.21935314,0.15508038,0.95594925,0.80086887,0.043478260869565216,0.95594925,0.7880086,0.7365961,0.7577584,-0.0025070445104078895,0.04513805,0.119663775,0.070415795,0.9801985,0.9097827,0.043478260869565216,0.9801985,0.8941681,0.8605347,0.8771104,-0.0009817672459033336,0.02501427,0.05010569,0.032152176,0.99987555,0.96772337,0.041666666666666664,0.99987555,0.9634783,0.94976985,0.9528028,-0.0006749457380046374,0.012879908,0.4774603545665741
7460.mp4,bad,0.958105742931366,0.7999074459075928,0.8333404,0.7741431,0.9660447,0.19190165,0.34782608695652173,0.9660447,0.52010167,0.1327043,0.13978246,-0.04369754509138967,0.3055961,0.41724712,0.32400584,0.9745636,0.65055776,0.34782608695652173,0.9745636,0.7970089,0.5573165,0.59144676,-0.020072721092126128,0.14604934,0.11629809439182281,0.494633,0.21664047,0.9662715,0.74963105,0.17391304347826086,0.9662715,0.80489093,0.47163853,0.59020865,-0.01599885579272222,0.13673225,0.21331608,0.09551942,0.9811686,0.8856492,0.21739130434782608,0.9814388,0.91330695,0.76785254,0.8191563,-0.00723155743990963,0.060004577,0.37207162,0.088092804,1.0002419,0.9121491,0.16666666666666666,1.0002419,0.92216223,0.62817025,0.733115,-0.009514935794083993,0.10578856,0.34311795234680176
5997.mp4,normal,0.9670102596282959,0.9377371668815613,0.78888947,0.77897567,0.8972835,0.118307844,0.0,0.8972835,0.25961888,0.10839403,0.11309475,-0.0256585989721679,0.20568179,0.47002006,0.47002006,0.9448087,0.47478867,0.0,0.9448087,0.6030604,0.47478867,0.4829252,-0.01924480191568141,0.13992281,0.25934192538261414,0.28072608,0.28072608,0.91254735,0.6318213,0.21739130434782608,0.91254735,0.7439227,0.6318213,0.6503403,-0.01015346676935792,0.070694655,0.15919006,0.15919006,0.9592195,0.80002946,0.21739130434782608,0.9592195,0.8624024,0.80002946,0.8074045,-0.0061333744304453465,0.041980684,0.34766465,0.34766465,1.0001408,0.65247613,0.20833333333333334,1.0001408,0.81444097,0.65247613,0.6776114,-0.012976360994836574,0.093907565,0.4406387209892273
7254.mp4,good,0.9675265550613403,0.8647470474243164,0.8085708,0.75611955,0.91446567,0.15834612,0.0,0.91446567,0.27002406,0.10589484,0.10642995,-0.028591604012510055,0.23401634,0.41163385,0.34652227,0.96275955,0.6162373,0.0,0.96275955,0.66194403,0.5511257,0.5570221,-0.01601912799795627,0.124723,0.23063436150550842,0.20471704,0.20252883,0.92391634,0.7213875,0.13043478260869565,0.92391634,0.7877566,0.7191993,0.73257846,-0.007413391539230634,0.055449165,0.10763359,0.10009903,0.9709466,0.8708476,0.0,0.9709466,0.89257854,0.863313,0.865669,-0.003908538300058128,0.02986699,0.2240107,0.2138496,1.000193,0.7863434,0.20833333333333334,1.000193,0.8869596,0.7761823,0.80661184,-0.008123268770134983,0.061450157,0.34325218200683594
7553.mp4,bad,0.9914514422416687,0.9797621965408325,0.69893354,0.30206913,0.8934385,0.5913694,0.21739130434782608,0.8934385,0.43910697,0.19450498,0.20518278,0.007748094737058573,0.17850646,0.29269052,0.08383739,0.9528078,0.8689704,0.2608695652173913,0.9528078,0.79367405,0.66011727,0.6717716,0.005056760881258099,0.08351604,0.12344051152467728,0.19272971,0.048397124,0.91750145,0.8691043,0.2608695652173913,0.91750145,0.81805533,0.72477174,0.75920445,0.0026606467401557254,0.048684288,0.09912443,0.02856183,0.9715749,0.9430131,0.21739130434782608,0.9715749,0.91711444,0.8724505,0.88081914,0.0012648878950375256,0.025751404,0.08943957,0.023268104,0.9999832,0.9767151,0.25,0.9999832,0.95332575,0.9105436,0.92320436,0.0002709364891052038,0.022941973,0.4405774474143982
6996.mp4,good,0.964537501335144,0.8627455234527588,0.5701122,0.14465934,0.87243986,0.7277805,0.30434782608695654,0.9576105,0.6213449,0.30232763,0.36426908,-0.00396215008652729,0.21452922,0.2199837,0.05019325,0.9478778,0.8976846,0.30434782608695654,0.9754051,0.86062014,0.7278941,0.7607521,-0.001987321928084622,0.0765486,0.0720774456858635,0.18480414,0.05691862,0.91926265,0.862344,0.17391304347826086,0.95820457,0.85358727,0.7344585,0.7984087,-0.0008022441223204744,0.052145056,0.086667895,0.025473773,0.96558315,0.9401094,0.21739130434782608,0.9775108,0.9326977,0.87891525,0.8999462,-0.0006258808105830783,0.025656773,0.25518787,0.0532946,1.0000383,0.94674367,0.2916666666666667,1.0000383,0.895216,0.7448504,0.78792435,-0.0025973963478337254,0.075781345,0.5107105374336243
20020.mp4,good,0.9941266775131226,0.9834773540496826,0.7885903,0.54729676,0.9777789,0.43048212,0.043478260869565216,0.9777789,0.40366393,0.18918857,0.21372344,-0.013843048481719775,0.21216877,0.20139098,0.15601861,0.99026513,0.8342465,0.08695652173913043,0.99026513,0.83936113,0.78887415,0.7908015,-0.003837481671171208,0.05038367,0.09419983625411987,0.1745075,0.16388792,0.97777885,0.81389093,0.0,0.97777885,0.8409645,0.80327135,0.807689,-0.00399464940129534,0.040959433,0.07500756,0.070061624,0.99098146,0.92091984,0.0,0.99098146,0.9335609,0.9159739,0.9179342,-0.0019364798139677977,0.018663257,0.031797945,0.031082034,0.99987113,0.9687891,0.041666666666666664,0.99987113,0.97805566,0.9680732,0.9690061,-0.0010667588918105537,0.0093257325,0.43574219942092896
15941.mp4,normal,0.982886016368866,0.9310550689697266,0.38695464,-0.40952587,0.54528224,0.9548081,0.30434782608695654,0.9548081,0.45017096,0.15832761,0.16043939,0.032550065737703575,0.27237734,0.15518957,-0.09643078,0.8759934,0.97242415,0.34782608695652173,0.97242415,0.8283625,0.7208038,0.72241455,0.010025480578068206,0.087635204,0.0993366688489914,0.066699624,-0.17623007,0.7890289,0.96525896,0.13043478260869565,0.96525896,0.8022937,0.72232926,0.7262751,0.008904185514205049,0.075603575,0.047186732,-0.04511553,0.93841076,0.9835263,0.34782608695652173,0.9835263,0.927699,0.891224,0.8935233,0.0034257489230793015,0.030277658,0.13734871,0.0032279491,0.99950564,0.9962777,0.2916666666666667,0.99950564,0.94867086,0.8621569,0.8965862,0.0032720076260359296,0.04285416,0.5243089199066162
20248.mp4,good,0.9724924564361572,0.9218603372573853,0.3247577,0.3247577,0.98482645,0.66006875,0.21739130434782608,0.98482645,0.7932331,0.66006875,0.6928045,-0.010902501436561471,0.08725994,0.10347867,0.10347867,0.9925313,0.8890526,0.08695652173913043,0.9925313,0.9225017,0.8890526,0.9023502,-0.002872419392638527,0.023313561,0.03298814967274666,0.15095145,0.14522761,0.9848265,0.8395989,0.08695652173913043,0.9848265,0.882232,0.83387506,0.8506157,-0.004266373194724674,0.033697147,0.055497766,0.055497766,0.9927248,0.937227,0.08695652173913043,0.9927248,0.95548975,0.937227,0.9445568,-0.0015977980944479173,0.01221442,0.08273083,0.049720883,1.0004339,0.95071304,0.08333333333333333,1.0004339,0.96372086,0.9177031,0.9512764,-0.0008158688441566983,0.016616657,0.3452402949333191
16300.mp4,good,0.9474974870681763,0.8558998703956604,0.8954606,0.8954606,0.97903997,0.08357938,0.0,0.97903997,0.31762147,0.08357938,0.09316948,-0.038347559800673385,0.29241696,0.6728396,0.6728396,0.97009003,0.29725045,0.0,0.97009003,0.53624195,0.29725045,0.30972907,-0.03442376622333828,0.24215697,0.25682970881462097,0.48098254,0.47721,0.9814169,0.5042069,0.21739130434782608,0.9814169,0.6892873,0.50043434,0.51171696,-0.023011710273889707,0.1579942,0.34499687,0.34499687,0.9884518,0.6434549,0.2608695652173913,0.9884518,0.7930717,0.6434549,0.6582732,-0.01759140864898095,0.120388314,0.56628215,0.56628215,0.99993134,0.43364918,0.2916666666666667,0.99993134,0.7312495,0.43364918,0.47707698,-0.029956335166226287,0.21355717,0.29900750517845154
5741.mp4,bad,0.9898781180381775,0.9485074877738953,0.43069142,0.04726523,0.9629666,0.9157014,0.30434782608695654,0.9629666,0.7361421,0.5322752,0.5473741,0.01545007420858376,0.1503832,0.13557559,0.025884569,0.980061,0.9541764,0.30434782608695654,0.980061,0.90192175,0.8444854,0.85229,0.004254575067829245,0.044144478,0.04304366558790207,0.13025331,0.043471336,0.96750164,0.9240303,0.08695652173913043,0.96750164,0.8811539,0.8372483,0.84615684,0.002140519765054748,0.03637693,0.06126702,0.020228326,0.98374826,0.96351993,0.08695652173913043,0.98374826,0.94496554,0.92248124,0.9310754,0.0008882481472294433,0.015582374,0.052348316,0.022659242,0.99939066,0.9767314,0.08333333333333333,0.99939066,0.9749786,0.94704235,0.9655561,-0.0005610805231591999,0.0097534815,0.3074745535850525
17255.mp4,good,0.986041247844696,0.9697369337081909,0.5745068,0.5745068,0.92955124,0.35504442,0.13043478260869565,0.92955124,0.55369645,0.35504442,0.37408373,-0.024053024209063995,0.16942234,0.29755294,0.29755294,0.9640567,0.6665037,0.17391304347826086,0.9640567,0.7841859,0.6665037,0.67682743,-0.01310780597298513,0.08862774,0.1281103938817978,0.12466335,0.12466335,0.93350714,0.8088438,0.08695652173913043,0.93350714,0.84781015,0.8088438,0.8202085,-0.0037795767600357303,0.029413505,0.08449447,0.08449447,0.9712143,0.8867198,0.08695652173913043,0.9712143,0.91229624,0.8867198,0.8923543,-0.0028027651809421103,0.021499056,0.19147801,0.16132045,1.0006695,0.83934903,0.20833333333333334,1.0006695,0.91828245,0.80919147,0.8361272,-0.007470660131910607,0.053567868,0.5831283926963806
5650.mp4,bad,0.9659339189529419,0.9306575655937195,0.5013551,0.46230075,0.6493954,0.18709466,0.0,0.6493954,0.24451229,0.1480403,0.16271943,-0.014263753289643957,0.124584466,0.38659924,0.35663378,0.8713504,0.5147166,0.08695652173913043,0.8713504,0.59489924,0.48475116,0.49746957,-0.014664149302032164,0.107284345,0.2588346004486084,0.2861668,0.20373821,0.87143683,0.6676986,0.13043478260869565,0.87143683,0.72011584,0.58527005,0.6380805,-0.0104157610137472,0.07496046,0.13674325,0.110883355,0.9384234,0.82754004,0.043478260869565216,0.9384234,0.8537339,0.80168015,0.8185114,-0.005170519526296935,0.037516017,0.20425308,0.1330508,1.0004917,0.86744094,0.041666666666666664,1.0004917,0.85980374,0.79623866,0.8180309,-0.005063533290572812,0.04810609,0.3566344678401947
6100.mp4,normal,0.8962568044662476,0.5669938921928406,0.65532166,0.1473878,0.7791968,0.631809,0.17391304347826086,0.8320638,0.40618315,0.123875156,0.16591075,-0.004360778897765134,0.21903995,0.27914405,0.07775873,0.9141782,0.83641946,0.2608695652173913,0.92806256,0.7631841,0.63503414,0.65359396,-0.0026047248614164205,0.09408233,0.09696123749017715,0.6472304,0.13259709,0.91111875,0.77852166,0.30434782608695654,0.91111875,0.6149684,0.26388836,0.30862513,-0.004427084191278979,0.23016645,0.20507431,0.06121385,0.9616642,0.90045035,0.2608695652173913,0.9624045,0.86014533,0.7565899,0.78718245,-0.003157384723071523,0.06351915,0.568791,0.038675785,0.99956906,0.9608933,0.20833333333333334,0.99956906,0.8130825,0.4307781,0.47820252,0.0014271630929863924,0.18954286,0.15845316648483276
7321.mp4,bad,0.9948447942733765,0.9858710765838623,0.48010716,0.47095966,0.59493387,0.12397419,0.0,0.59493387,0.21497457,0.1148267,0.12369568,-0.015823251313783912,0.1292482,0.30258292,0.27527052,0.88271195,0.6074414,0.043478260869565216,0.88271195,0.6705755,0.580129,0.60795975,-0.010798182942179364,0.08663126,0.2016061693429947,0.20720935,0.1532579,0.8465395,0.6932816,0.043478260869565216,0.8465395,0.71633315,0.63933015,0.69047695,-0.004823629799567664,0.0446361,0.10785091,0.09999561,0.94314456,0.84314895,0.08695652173913043,0.94314456,0.8721816,0.83529365,0.842907,-0.0036503958843442253,0.02940209,0.04290867,0.04046899,1.0005593,0.96009034,0.20833333333333334,1.0005593,0.97838694,0.95765066,0.95903635,-0.001334095338116521,0.010467939,0.49142634868621826
16153.mp4,good,0.950078547000885,0.780697762966156,0.37544483,0.32962567,0.93769974,0.60807407,0.17391304347826086,0.93769974,0.7203487,0.5622549,0.6094031,-0.013788922443220273,0.09904019,0.13925338,0.13582093,0.97078025,0.8349593,0.0,0.97078025,0.8722629,0.8315269,0.835008,-0.005503962280250809,0.04221466,0.04560511186718941,0.19869816,0.13296783,0.9431506,0.81018275,0.08695652173913043,0.9431506,0.8326497,0.7444524,0.7898352,-0.004527483474124564,0.048087336,0.08502352,0.07322991,0.974583,0.9013531,0.043478260869565216,0.974583,0.9178681,0.8895595,0.898409,-0.0026520157873395063,0.023293877,0.18190551,0.16245139,1.0000855,0.8376341,0.041666666666666664,1.0000855,0.87702304,0.81817997,0.83565295,-0.0050200384855270475,0.047631633,0.413039892911911
6243.mp4,bad,0.9802493453025818,0.9017910957336426,0.87277585,0.18242055,0.9889193,0.80649877,0.0,0.9889193,0.43286803,0.116143465,0.1170341,-0.03563779005744004,0.31917474,0.40196097,0.08009058,0.9950058,0.9149152,0.391304347826087,0.9950058,0.7559641,0.5930448,0.59452015,-0.017343364449828973,0.15063997,0.15971893072128296,0.25487113,0.09072268,0.9889194,0.8981967,0.08695652173913043,0.9889194,0.8301283,0.73404825,0.7578871,-0.008660555474842973,0.075790375,0.13640893,0.043126583,0.99500585,0.95187926,0.17391304347826086,0.99500585,0.915683,0.8585969,0.8678205,-0.004814186232834481,0.040693995,0.098738134,0.026521385,0.9997787,0.9732573,0.16666666666666666,0.9997787,0.9500516,0.90104055,0.9133439,-0.003553197072899856,0.031645946,0.33397379517555237
16170.mp4,good,0.9851031303405762,0.9723256230354309,0.78479683,0.7804206,0.95802486,0.17760424,0.0,0.95802486,0.32685435,0.17322803,0.17770112,-0.028831776408220957,0.24229951,0.4229089,0.42051578,0.9767504,0.5562346,0.17391304347826086,0.9767504,0.69637084,0.5538415,0.5574912,-0.019398753822085415,0.13526136,0.18802468478679657,0.26409352,0.24028587,0.9598414,0.7195555,0.0,0.9598414,0.76239586,0.69574785,0.70503235,-0.008550408977293675,0.06686007,0.13138664,0.106702924,0.9801136,0.8734107,0.0,0.9801136,0.8843954,0.848727,0.85244215,-0.00407832460441137,0.036581982,0.071256876,0.043777406,0.9999176,0.9561402,0.16666666666666666,0.9999176,0.95586205,0.92866075,0.9359096,-0.0015735705002494686,0.018169457,0.36624494194984436
6290.mp4,good,0.96088707447052,0.8451961874961853,0.8768266,0.8417882,0.98251224,0.1407241,0.0,0.98251224,0.35680094,0.10568565,0.11727137,-0.04098067035817584,0.32772052,0.37124163,0.35036242,0.9876615,0.63729906,0.0,0.9876615,0.73096746,0.61641985,0.61918265,-0.017463875205620472,0.13522045,0.1390068680047989,0.45598596,0.25511962,0.9825122,0.72739255,0.13043478260869565,0.9825122,0.7456012,0.5265262,0.59675986,-0.01644883101636714,0.13509342,0.2004214,0.1429742,0.99037236,0.84739816,0.17391304347826086,0.99037236,0.8699744,0.78995097,0.7946162,-0.008895632895556352,0.06987929,0.21513599,0.113096,1.0002942,0.8871982,0.25,1.0002942,0.89385253,0.7851582,0.7964292,-0.008516541693521623,0.07416343,0.1593240350484848
15401.mp4,bad,0.9724265336990356,0.9358967542648315,0.6718376,0.6647271,0.78851956,0.123792484,0.0,0.78851956,0.19170776,0.116681926,0.118820526,-0.014368277043104179,0.14880107,0.66363764,0.66363764,0.91170675,0.24806908,0.0,0.91170675,0.381162,0.24806908,0.25443223,-0.02309008929215873,0.18381262,0.41379475593566895,0.28618497,0.27551,0.87831813,0.6028081,0.043478260869565216,0.87831813,0.6791761,0.59213316,0.60623825,-0.011702963191529978,0.084835805,0.21472436,0.20935863,0.9426057,0.73324704,0.043478260869565216,0.9426057,0.7949567,0.7278813,0.73645717,-0.009175306782420919,0.065158695,0.23875225,0.23875225,1.000587,0.76183474,0.125,1.000587,0.85961944,0.76183474,0.7851995,-0.009740280794060769,0.07091012,0.39388948678970337
5608.mp4,good,0.9947872757911682,0.9768974781036377,0.76984936,0.76713496,0.8939918,0.12685688,0.043478260869565216,0.8939918,0.33079013,0.12414247,0.12701884,-0.02713416104495762,0.2054525,0.34308952,0.34196866,0.9485915,0.6066228,0.34782608695652173,0.9485915,0.7384555,0.60550195,0.62832403,-0.013995740371259316,0.100854464,0.1840856820344925,0.15215802,0.1282227,0.9216467,0.793424,0.17391304347826086,0.9216467,0.8357335,0.7694887,0.77829003,-0.0058996264524610546,0.043265693,0.07968265,0.07700014,0.97040194,0.8934018,0.21739130434782608,0.97040194,0.92254114,0.8907193,0.8939353,-0.0031458726631323,0.022246657,0.07008767,0.036009908,1.0002303,0.9642204,0.16666666666666666,1.0002303,0.9748959,0.93014264,0.9563641,-0.0018929185038027803,0.017237097,0.4971819519996643
20007.mp4,good,0.9898560643196106,0.9694864749908447,0.7346755,0.3818205,0.97464406,0.59282357,0.0,0.97464406,0.45842072,0.23996852,0.24482563,-0.01514790192423133,0.22190164,0.3414101,0.12876254,0.9831842,0.8544217,0.17391304347826086,0.9831842,0.76835805,0.6417741,0.646865,-0.006129700322396204,0.10838333,0.128167986869812,0.26859057,0.12828797,0.97464406,0.8463561,0.13043478260869565,0.97464406,0.8054952,0.7060535,0.7226876,-0.0048115249325635465,0.06979443,0.13813943,0.06712836,0.98623127,0.9191029,0.17391304347826086,0.98623127,0.89652616,0.84809184,0.85065645,-0.002772879989250852,0.03961969,0.06559682,0.022169232,0.99965966,0.9774904,0.125,0.99965966,0.9641032,0.93406284,0.94585156,-0.0008690610139266434,0.017064704,0.281764417886734
15451.mp4,bad,0.994749903678894,0.9811950922012329,0.0,-0.14022565,0.83599734,0.976223,0.13043478260869565,0.98437893,0.95595634,0.83599734,0.89882857,0.004484070619575588,0.03881976,0.0,-0.052057385,0.93130326,0.98336065,0.17391304347826086,0.9911032,0.9745203,0.93130326,0.94339883,0.0021855854705388343,0.018919451,0.008421579375863075,0.0,-0.07809824,0.89812464,0.9762229,0.17391304347826086,0.98437893,0.96286947,0.89812464,0.92108315,0.003123980972606667,0.026122719,0.0,-0.0268085,0.9606799,0.9874884,0.2608695652173913,0.9917938,0.9829419,0.9606799,0.9683138,0.0012211554606441333,0.0101324385,0.023814976,0.0050418377,0.9996398,0.994598,0.16666666666666666,0.9996398,0.99219084,0.97582483,0.9827961,0.0005612643387006413,0.0065458613,0.5574832558631897
20038.mp4,good,0.9192967414855957,0.6426913738250732,0.84286904,0.83681536,0.9658584,0.12904307,0.0,0.9658584,0.30914286,0.12298933,0.13417162,-0.029060828208687765,0.22834048,0.5142922,0.51118916,0.9799951,0.4688059,0.21739130434782608,0.9799951,0.6666076,0.4657029,0.4710399,-0.02295778026222713,0.15411247,0.14707577228546143,0.6218813,0.6218813,0.9658586,0.34397727,0.043478260869565216,0.9658586,0.52538943,0.34397727,0.37788436,-0.022005841813304203,0.171864,0.26780134,0.25505036,0.9829053,0.72785497,0.21739130434782608,0.9829053,0.8136834,0.715104,0.72743213,-0.010013701887469995,0.06889589,0.40808904,0.34736937,0.99975836,0.652389,0.041666666666666664,0.99975836,0.6967458,0.5916693,0.619617,-0.009080102158629394,0.091904946,0.18358193337917328
17386.mp4,good,0.9764520525932312,0.9572048187255859,0.70994604,0.7039535,0.8187078,0.114754304,0.0,0.8187078,0.22183976,0.10876181,0.114850484,-0.019838898159239626,0.17188276,0.65600795,0.6428252,0.92608273,0.28325754,0.0,0.92608273,0.45896518,0.27007478,0.27454653,-0.028483649310858353,0.20410933,0.37272635102272034,0.32331818,0.26698858,0.8763588,0.60937023,0.21739130434782608,0.8763588,0.6797471,0.5530406,0.5691976,-0.014459257893882735,0.10524267,0.18331534,0.17098206,0.9522556,0.78127354,0.17391304347826086,0.9522556,0.83169156,0.76894027,0.7704935,-0.008602896815703316,0.060105246,0.1696583,0.12889504,1.0002342,0.8713392,0.25,1.0002342,0.9280754,0.83057594,0.866146,-0.006882545559302638,0.050056025,0.2820121645927429
5980.mp4,normal,0.9631406664848328,0.8139938116073608,0.20054421,0.18935034,0.3107889,0.12143856,0.0,0.3629822,0.15523958,0.11024469,0.116321616,-0.00726509568366138,0.07054268,0.32472312,0.3138379,0.7022954,0.38845754,0.0,0.7452566,0.4670723,0.3775723,0.38260224,-0.015031749434150737,0.121079005,0.19948223233222961,0.59865844,0.5962633,0.81603336,0.21977004,0.0,0.83674204,0.35652184,0.21737494,0.21984105,-0.02670275480320802,0.2293524,0.33982104,0.3373416,0.90983504,0.57249343,0.0,0.90983504,0.66655463,0.570014,0.5716063,-0.016660516853389058,0.12713,0.6029719,0.5692698,1.0000614,0.43079162,0.0,1.0000614,0.57736367,0.39708945,0.40606442,-0.02656129183976549,0.22166546,0.17448504269123077
6256.mp4,bad,0.986116349697113,0.9583966732025146,0.6869456,0.6748747,0.90037596,0.22550124,0.0,0.90037596,0.3933965,0.21343036,0.2191005,-0.02458609547834153,0.22781739,0.20825839,0.1932742,0.949249,0.7559748,0.0,0.949249,0.8040964,0.74099064,0.7436952,-0.0068967991431240095,0.066004716,0.13188651204109192,0.108697474,0.094658434,0.92889076,0.83423233,0.0,0.92889076,0.8511156,0.8201933,0.82538664,-0.003906858002715431,0.034079373,0.053509235,0.044041395,0.972286,0.9282446,0.043478260869565216,0.972286,0.93598276,0.91877675,0.92449445,-0.001788231459530913,0.015824333,0.08362484,0.04757881,1.0002707,0.9526919,0.125,1.0002707,0.9576659,0.9166459,0.9312823,-0.0010712654694267263,0.019021204,0.5379862189292908
6300.mp4,bad,0.9789248704910278,0.9138847589492798,0.23401898,0.18384191,0.33701658,0.15317467,0.0,0.59364593,0.19207156,0.10299761,0.14348155,0.00054487329815687,0.10872525,0.15460062,0.147722,0.72750306,0.57978106,0.0,0.83330953,0.6242384,0.57290244,0.5794458,0.0006599893918621567,0.0739765,0.2871346175670624,0.07733667,0.016514063,0.8436078,0.8270937,0.08695652173913043,0.84703636,0.82172495,0.7662711,0.8121013,-0.00032526024952238275,0.017053481,0.046373606,0.022317111,0.9314751,0.909158,0.043478260869565216,0.9314751,0.91137296,0.8851015,0.90472335,-0.0003766601853690934,0.008026271,0.06339276,0.04292959,0.9998189,0.95688933,0.08333333333333333,0.9998189,0.9588894,0.93642616,0.9500168,-0.0007198144041973856,0.010573167,0.4580216407775879
15161.mp4,bad,0.9882988333702087,0.9708884954452515,0.63983667,0.63983667,0.8583654,0.21852872,0.0,0.88093925,0.3704943,0.21852872,0.21958709,-0.027936385127277728,0.22630101,0.19992542,0.18432343,0.95114005,0.7668166,0.0,0.95199025,0.8079484,0.7512146,0.7541632,-0.008968952498417103,0.06806165,0.10449374467134476,0.14039057,0.12722903,0.90345305,0.776224,0.0,0.913454,0.8067091,0.7630625,0.7645001,-0.0063564512922829755,0.050262198,0.07992923,0.06313646,0.9653708,0.9022343,0.043478260869565216,0.9653708,0.912442,0.88544154,0.8942475,-0.0028476586101554733,0.024563508,0.07317531,0.03716159,1.0001569,0.9629953,0.125,1.0001569,0.96791893,0.92698157,0.94770455,-0.0010117994961531345,0.016008189,0.46866267919540405
16714.mp4,bad,0.9945131540298462,0.9903631210327148,0.08951175,0.05842495,0.9277276,0.86930263,0.2608695652173913,0.9277276,0.8819241,0.8382158,0.84555125,-0.000958371598258778,0.025295008,0.037658513,0.032464266,0.96750224,0.935038,0.17391304347826086,0.96750224,0.94530344,0.9298437,0.93298686,-0.0007187330675690663,0.00965023,0.01646391674876213,0.04500276,0.030858994,0.9467921,0.91593313,0.13043478260869565,0.9467921,0.9169064,0.90178937,0.9063853,-0.00038090960781567065,0.010603075,0.024740815,0.019957006,0.97798324,0.95802623,0.13043478260869565,0.97798324,0.96176755,0.9532424,0.95494336,-0.00044408340463526617,0.0057715583,0.02565229,0.017217338,0.99945176,0.9822344,0.16666666666666666,0.99945176,0.9848692,0.97379947,0.9779272,-0.00046938318273297635,0.005667861,0.5884605050086975
6388.mp4,good,0.9670318961143494,0.843368649482727,0.52556396,0.31890765,0.70315737,0.38424972,0.17391304347826086,0.70315737,0.36559573,0.17759338,0.1957924,-0.0037038743554839125,0.11539544,0.32256383,0.1519463,0.85785747,0.70591116,0.17391304347826086,0.85785747,0.6754629,0.53529364,0.55775183,-0.001227120813644935,0.07535501,0.19743375480175018,0.19405591,0.025894642,0.8196819,0.79378724,0.13043478260869565,0.8343953,0.7682913,0.62562597,0.68966174,0.0018172254675461964,0.05217014,0.12960386,0.031409383,0.9200877,0.8886783,0.13043478260869565,0.9200877,0.8728967,0.79048383,0.83013433,0.0006115945431554741,0.030941363,0.18338269,0.04235947,1.0002967,0.95793724,0.125,1.0002967,0.93951637,0.816914,0.88410044,0.000556838927061637,0.04174783,0.35068652033805847
5609.mp4,normal,0.9448063969612122,0.9256929159164429,0.29272714,0.15767461,0.39854473,0.24087012,0.21739130434782608,0.39854473,0.2574046,0.105817586,0.140731,-0.007907313305752088,0.08127173,0.2928115,0.19976193,0.7705753,0.57081336,0.21739130434782608,0.7705753,0.61635256,0.47776377,0.5097892,-0.00759115720926067,0.072715476,0.26637059450149536,0.07712841,0.062794626,0.81864953,0.7558549,0.17391304347826086,0.81864953,0.77135336,0.7415211,0.7476768,-0.0019780886267484876,0.019681025,0.05699694,0.026500106,0.9037868,0.8772867,0.08695652173913043,0.9037868,0.8827232,0.84678984,0.8721782,-0.0012654593221754914,0.012199817,0.2278825,0.16784358,1.0000367,0.83219314,0.125,1.0000367,0.8876791,0.7721542,0.8353668,-0.005838912621788364,0.048171174,0.40524977445602417
7602.mp4,normal,0.9858502745628357,0.9602445363998413,0.4507786,0.37389883,0.794855,0.42095616,0.043478260869565216,0.794855,0.5026106,0.3440764,0.39482749,-0.015429720753737596,0.1361868,0.16919714,0.12749183,0.9269905,0.7994987,0.043478260869565216,0.9269905,0.8331823,0.75779337,0.78730816,-0.006343517791141174,0.050005965,0.0973891094326973,0.0859139,0.034905612,0.8920982,0.8571926,0.17391304347826086,0.90035355,0.847075,0.8061843,0.8112211,-0.002826959071423231,0.030355519,0.051132202,0.036291122,0.96010196,0.92381084,0.043478260869565216,0.96043015,0.9305714,0.90896976,0.9139093,-0.002175437367480742,0.01759291,0.04803759,0.030087829,0.9994105,0.9693227,0.125,0.9994105,0.9752491,0.9513729,0.96198153,-0.001582068723181025,0.013241091,0.49436143040657043
15709.mp4,bad,0.9892377257347107,0.9544878602027893,0.2501464,0.24167794,0.796896,0.55521804,0.17391304347826086,0.796896,0.64200246,0.5467496,0.58146304,-0.008038170547353415,0.057760637,0.08932984,0.08932984,0.8984511,0.80912125,0.21739130434782608,0.8984511,0.84468454,0.80912125,0.81543505,-0.003254896449477289,0.02295334,0.06287182867527008,0.037287712,0.026914835,0.85198736,0.8250725,0.21739130434782608,0.85198736,0.8293004,0.81469965,0.81827116,-0.0008456254665088365,0.010067362,0.02313888,0.022353709,0.9254433,0.9030896,0.043478260869565216,0.9254433,0.9075563,0.9023044,0.903339,-0.0005120971339493457,0.0049624536,0.066184044,0.050926805,0.9996885,0.9487617,0.041666666666666664,0.9996885,0.9500637,0.93350446,0.93807787,-0.0002531773111094764,0.01252107,0.5766407251358032
6875.mp4,normal,0.9929635524749756,0.9557415246963501,0.83165807,0.029931068,0.9790541,0.949123,0.21739130434782608,0.9790541,0.52029556,0.14739601,0.15589993,0.023737544628235657,0.32376674,0.27757394,0.010320544,0.9821875,0.97186697,0.21739130434782608,0.9821875,0.8333003,0.70461357,0.7083814,0.007492498093442965,0.1100166,0.1000267043709755,0.20233619,0.02691114,0.9790541,0.95214295,0.2608695652173913,0.9790541,0.8592654,0.7767179,0.7776485,0.004747741424990258,0.07164296,0.09881127,0.009501994,0.98810875,0.97860676,0.34782608695652173,0.98810875,0.93332696,0.8892975,0.8913472,0.0023716238176398788,0.03726294,0.099707186,0.0030331612,0.9994465,0.99641335,0.4166666666666667,0.9994465,0.9556779,0.8997393,0.90149933,0.001508105397224406,0.04265288,0.4209408760070801
15159.mp4,good,0.9886546730995178,0.9713932275772095,0.495906,0.48250917,0.9271691,0.44465992,0.0,0.9271691,0.5180258,0.4312631,0.4402811,-0.01415893953779469,0.14035675,0.10558134,0.09879303,0.9755061,0.8767131,0.0,0.9755061,0.8897578,0.8699248,0.8763574,-0.002491486696857708,0.024639213,0.04976770281791687,0.17366678,0.13405806,0.94459003,0.810532,0.08695652173913043,0.94459003,0.8223162,0.77092326,0.7963472,-0.0031554615898094674,0.03957024,0.054391563,0.04773885,0.9805928,0.93285394,0.043478260869565216,0.9805928,0.9395254,0.9262012,0.9312136,-0.0013416940162304365,0.013097694,0.054492235,0.028605878,0.99997205,0.97136617,0.125,0.99997205,0.974107,0.9454798,0.96382517,-0.000601076302321081,0.010755471,0.5026729106903076
16358.mp4,normal,0.9826223850250244,0.9529467821121216,0.759218,0.759218,0.93882537,0.17960736,0.0,0.93882537,0.35947302,0.17960736,0.18556373,-0.03100762177597394,0.2405124,0.42197275,0.4201917,0.9696918,0.5495001,0.0,0.9696918,0.66515845,0.54771906,0.5489952,-0.0190534503916978,0.13955623,0.19361045956611633,0.24936152,0.22851497,0.94870305,0.7201881,0.0,0.94870305,0.7587524,0.69934154,0.7086507,-0.008589524878814776,0.06882689,0.15898407,0.14837551,0.9779079,0.8295324,0.0,0.9779079,0.85876894,0.81892383,0.8253318,-0.005804799232087132,0.04505196,0.109148085,0.09944469,0.9995207,0.90007603,0.0,0.9995207,0.9214638,0.89037263,0.8960692,-0.0037526255327722533,0.03268408,0.5160366892814636
7301.mp4,good,0.9697184562683105,0.8887033462524414,0.22207698,0.1295006,0.37175742,0.24225682,0.043478260869565216,0.37175742,0.19480552,0.14968044,0.15610334,0.00072973701558094,0.04493721,0.13634479,0.027713776,0.7783067,0.75059295,0.30434782608695654,0.7783067,0.69498336,0.64196193,0.64383894,0.002763638972293709,0.03949834,0.16023463010787964,0.43882197,0.13140798,0.86538726,0.7339793,0.21739130434782608,0.86538726,0.65227807,0.4265653,0.44750565,0.0023551762339625725,0.12678824,0.15716785,0.050112426,0.9408767,0.8907643,0.30434782608695654,0.9408767,0.855218,0.7837089,0.78895324,0.0011697948096769202,0.04382977,0.21103513,0.09916735,0.9996487,0.90048134,0.2916666666666667,0.9996487,0.87851715,0.78861356,0.81017923,-0.00033551851044533686,0.05224073,0.27156946063041687
20242.mp4,good,0.9301041960716248,0.8589418530464172,0.48467273,0.37670398,0.9158304,0.5391264,0.08695652173913043,0.9158304,0.5958103,0.43115765,0.5306881,-0.010358518880346551,0.11105635,0.14239639,0.14239639,0.95233965,0.80994326,0.043478260869565216,0.95233965,0.84849674,0.80994326,0.8168757,-0.004217175568045383,0.036193993,0.06904703378677368,0.1592555,0.12757576,0.9292389,0.80166316,0.08695652173913043,0.9292389,0.8210737,0.7699834,0.78992933,-0.002496130440546111,0.03441528,0.07369405,0.068733096,0.96911174,0.90037864,0.08695652173913043,0.96911174,0.91754377,0.8954177,0.90091664,-0.0017410688720672918,0.017190263,0.14918202,0.1324383,1.0002906,0.86785233,0.041666666666666664,1.0002906,0.89055777,0.8511086,0.8573215,-0.0026511866631715284,0.035737775,0.39386996626853943
20162.mp4,good,0.9793328046798706,0.9693474769592285,0.58889663,0.52135134,0.90029687,0.3789455,0.08695652173913043,0.90029687,0.48457912,0.31140023,0.36335894,-0.014163772932625586,0.125921,0.20678198,0.1914295,0.95253694,0.76110744,0.08695652173913043,0.95253694,0.8011669,0.74575496,0.759812,-0.004302323865796282,0.043933276,0.0947885513305664,0.16247928,0.1486193,0.9276451,0.7790258,0.0,0.9276451,0.7980856,0.7651658,0.7701753,-0.00298490819959303,0.034280784,0.09404653,0.084917665,0.96862996,0.8837123,0.13043478260869565,0.96862996,0.8959554,0.8745834,0.877496,-0.0015455989733986113,0.019235281,0.06624645,0.05225587,1.0001087,0.94785285,0.041666666666666664,1.0001087,0.9530649,0.93386227,0.9406471,-0.0009666925668716489,0.014840758,0.3439428210258484
6159.mp4,bad,0.9749186038970947,0.8744580745697021,0.48546904,0.47445995,0.59123063,0.11677067,0.2608695652173913,0.59123063,0.24174951,0.10576157,0.117953725,-0.014027951233707401,0.10830788,0.23427725,0.22745138,0.8657758,0.63832444,0.2608695652173913,0.8657758,0.72522086,0.6314986,0.6353672,-0.008200824967486125,0.05976419,0.1415879875421524,0.32315886,0.25871986,0.85371983,0.59499997,0.21739130434782608,0.85371983,0.6935333,0.530561,0.5754557,-0.01132081560937784,0.080746144,0.12619531,0.11202121,0.9388355,0.8268143,0.21739130434782608,0.9388355,0.86680883,0.8126402,0.82302016,-0.004383668185693941,0.030985119,0.21216863,0.17332554,0.9999416,0.82661605,0.20833333333333334,0.9999416,0.9073164,0.78777295,0.8318231,-0.0064207007055697325,0.04900245,0.33876869082450867
16262.mp4,bad,0.9858337640762329,0.9502395391464233,0.35154814,0.08438003,0.9833501,0.89897007,0.2608695652173913,0.9833501,0.8342965,0.63180196,0.71680725,0.004028396172956978,0.097899646,0.105526865,0.04178953,0.98858786,0.9467983,0.21739130434782608,0.98858786,0.93110406,0.883061,0.8907657,0.0005430539723912542,0.029413963,0.023585831746459007,0.13912147,0.056714237,0.98335016,0.9266359,0.2608695652173913,0.98335016,0.90011483,0.8442287,0.85028976,0.0012566881924278388,0.039235573,0.059711277,0.026429713,0.98963803,0.9632083,0.21739130434782608,0.98963803,0.95469004,0.92992675,0.93235743,0.00027996572581203446,0.016353177,0.08956754,0.021158218,1.0000701,0.9789119,0.25,1.0000701,0.9602391,0.91050255,0.91951686,0.0011065089443455403,0.028288433,0.6583406925201416
20203.mp4,good,0.9930561780929565,0.9820199608802795,0.47826368,0.043989062,0.93341434,0.8894253,0.17391304347826086,0.93341434,0.79140365,0.45515066,0.5253577,0.0075727187892193825,0.13494693,0.09148109,0.021887422,0.97466874,0.9527813,0.17391304347826086,0.97466874,0.93508947,0.88318765,0.89142334,0.0010915587659881033,0.02356988,0.02926703356206417,0.08040035,0.02643931,0.9376323,0.911193,0.17391304347826086,0.9376323,0.89449376,0.857232,0.86613595,0.00039382549849424007,0.021584412,0.029498637,0.014005303,0.981639,0.9676337,0.13043478260869565,0.981639,0.9643565,0.9521404,0.9562609,2.7775705567468618e-05,0.006847475,0.039916635,0.023251832,1.0001392,0.9768874,0.20833333333333334,1.0001392,0.9736445,0.9602226,0.9629919,-0.0005913725884064584,0.009370704,0.5061705708503723
16436.mp4,bad,0.9289027452468872,0.8432969450950623,0.6179593,0.6179593,0.65243495,0.034475647,0.0,0.65243495,0.14788036,0.034475647,0.039237212,-0.018442706532570217,0.14698273,0.55380654,0.55380654,0.8817695,0.32796293,0.0,0.8817695,0.4636216,0.32796293,0.33047074,-0.02087746958134203,0.15131277,0.31984183192253113,0.28480506,0.2571091,0.8756608,0.6185517,0.08695652173913043,0.8756608,0.68564254,0.5908557,0.6141694,-0.010100496557390265,0.0731752,0.22371572,0.22129321,0.9374237,0.7161305,0.17391304347826086,0.9374237,0.7834634,0.713708,0.7168596,-0.009081186866571792,0.06388326,0.30284244,0.2877522,0.99968284,0.71193063,0.2916666666666667,0.99968284,0.79965377,0.6968404,0.706126,-0.010471345238063678,0.080963016,0.37325841188430786
5899.mp4,normal,0.9681603908538818,0.877186119556427,0.8607821,0.72851133,0.9452106,0.21669923,0.0,0.9452106,0.20985433,0.08442849,0.092030756,-0.006569606999281375,0.17376854,0.39449495,0.27267134,0.9698671,0.69719577,0.17391304347826086,0.9698671,0.68515956,0.57537216,0.5981515,-0.004379104484211328,0.08246872,0.2199779450893402,0.18314308,0.12565386,0.9522238,0.8265699,0.13043478260869565,0.9522238,0.81571734,0.7690807,0.7751136,-0.0027969483094724247,0.03999073,0.10040885,0.070266426,0.980667,0.91040057,0.13043478260869565,0.980667,0.9051376,0.88025814,0.88359696,-0.001250769722131871,0.021585554,0.12364507,0.052921295,1.0003035,0.9473822,0.08333333333333333,1.0003035,0.9320159,0.87665844,0.9097855,-0.001393329164256229,0.025994644,0.2585878372192383
6071.mp4,bad,0.9775155782699585,0.9502501487731934,0.8147854,0.8060618,0.9309652,0.124903366,0.0,0.9309652,0.3131402,0.11617977,0.12533797,-0.03235997952403054,0.25426325,0.38482803,0.38482803,0.9711298,0.58630174,0.043478260869565216,0.9711298,0.7043486,0.58630174,0.60944265,-0.015669761556881667,0.11341016,0.19000762701034546,0.21840948,0.20249414,0.9361939,0.73369974,0.17391304347826086,0.9361939,0.80213976,0.7177844,0.7337109,-0.007709217872544246,0.054018483,0.11845052,0.11845052,0.97383666,0.85538614,0.17391304347826086,0.97383666,0.89435625,0.85538614,0.86391944,-0.004009096165419575,0.028826391,0.07036966,0.055395365,0.99931276,0.9439174,0.0,0.99931276,0.9480265,0.9289431,0.93091995,-0.0014439558723698693,0.019320725,0.3659490942955017
15544.mp4,good,0.9820136427879333,0.9520958662033081,0.6305783,0.62476635,0.74215215,0.117385834,0.0,0.74215215,0.19955772,0.1115739,0.115250096,-0.01692621389278782,0.15806273,0.3862245,0.3596884,0.8669601,0.5072717,0.0,0.8669601,0.58301264,0.4807356,0.48652798,-0.014556876932208267,0.11029169,0.29201364517211914,0.13979954,0.13309658,0.864545,0.7314484,0.2608695652173913,0.864545,0.7853559,0.72474545,0.73207235,-0.0068673331864737685,0.047643162,0.0895192,0.07390183,0.92704916,0.8531473,0.13043478260869565,0.92704916,0.8750262,0.83752996,0.8470738,-0.0038102468247470317,0.02802359,0.12708414,0.10769153,1.0001693,0.89247775,0.16666666666666666,1.0001693,0.9145368,0.87308514,0.8771565,-0.004026142488355241,0.033864018,0.5056506991386414
7222.mp4,bad,0.9585251212120056,0.8821561336517334,0.62436914,0.54233235,0.7195924,0.17726006,0.0,0.7195924,0.2053662,0.09522326,0.11686821,-0.00829115069725298,0.13109387,0.39894545,0.32485664,0.9009059,0.57604927,0.08695652173913043,0.9009059,0.62420475,0.50196046,0.5657485,-0.006648324989518646,0.08411969,0.22363892197608948,0.26344025,0.16289091,0.8945749,0.73168397,0.21739130434782608,0.8945749,0.71837664,0.6311346,0.6510826,-5.67213584312025e-05,0.05793545,0.14286089,0.119993865,0.94488096,0.8248871,0.043478260869565216,0.94488096,0.84784365,0.8020201,0.8241665,-0.002224723988842125,0.029571155,0.27767414,0.27694732,0.99972624,0.7227789,0.125,0.99972624,0.822447,0.7220521,0.75284296,-0.004846102180688276,0.06545872,0.4445217251777649
15565.mp4,bad,0.9626575708389282,0.8932925462722778,0.4319691,0.38072926,0.79121745,0.4104882,0.0,0.79121745,0.4325636,0.35924834,0.37408227,-0.009258295648654,0.106843054,0.23973906,0.21495843,0.90872264,0.6937642,0.0,0.90872264,0.71063256,0.6689836,0.6754036,-0.006472089014976859,0.062347163,0.1592421680688858,0.17122573,0.09210998,0.874304,0.782194,0.13043478260869565,0.874304,0.769067,0.70307827,0.7211453,-0.0005520773028196711,0.034336977,0.098445475,0.06804556,0.940373,0.87232745,0.17391304347826086,0.940373,0.8698747,0.8419275,0.8451436,-0.0012644291395255138,0.02095269,0.29333723,0.20644581,0.9999281,0.7934823,0.125,0.9999281,0.80048925,0.7065909,0.7207453,-0.003621082876039595,0.062473018,0.444810152053833
20360.mp4,good,0.9895616769790649,0.9789187908172607,0.61688936,0.5880776,0.98990047,0.40182287,0.17391304347826086,0.98990047,0.634997,0.37301114,0.41536638,-0.018822679112080066,0.15952535,0.17487973,0.16867185,0.98820865,0.8195368,0.17391304347826086,0.98820865,0.87860006,0.8133289,0.82150716,-0.005705597313496415,0.044178504,0.06353560835123062,0.17490083,0.16174161,0.9899006,0.828159,0.13043478260869565,0.9899006,0.8700802,0.81499976,0.8303914,-0.0034881111072457504,0.038195927,0.07807535,0.0752095,0.99387187,0.91866237,0.17391304347826086,0.99387187,0.94213563,0.9157965,0.9195628,-0.002410190202030748,0.018784726,0.053654075,0.048882604,1.0003875,0.95150495,0.125,1.0003875,0.96907955,0.9467335,0.95294124,-0.0020004678290823363,0.015001356,0.33469223976135254
16862.mp4,good,0.9863200187683105,0.9769049882888794,0.7698455,0.7698455,0.9297372,0.15989172,0.0,0.9297372,0.32239744,0.15989172,0.16082555,-0.02964319608251567,0.23840389,0.52499014,0.51203465,0.96492374,0.45288908,0.0,0.96492374,0.60383284,0.4399336,0.44930366,-0.024533783906533328,0.17592482,0.28813883662223816,0.2381295,0.14794683,0.93528175,0.7873349,0.17391304347826086,0.93528175,0.7890581,0.69715226,0.7240435,-0.0056980673385703074,0.058449015,0.1159842,0.087394536,0.97154075,0.8841462,0.13043478260869565,0.97154075,0.8919715,0.85555655,0.85957634,-0.0035709281683910495,0.03204078,0.06503379,0.044458807,1.0002589,0.9558001,0.08333333333333333,1.0002589,0.9610434,0.9352251,0.94719154,-0.0013274100552434726,0.016032599,0.445715993642807
15111.mp4,good,0.9645273089408875,0.9142588973045349,0.5398265,0.5214496,0.9582696,0.43681997,0.0,0.9582696,0.57209015,0.41844308,0.43007693,-0.021771373160978564,0.16346501,0.16527355,0.16527355,0.9796143,0.8143408,0.13043478260869565,0.9796143,0.8620535,0.8143408,0.81637836,-0.006311776020781328,0.044997036,0.06270091235637665,0.14803493,0.14803493,0.9582696,0.81023467,0.13043478260869565,0.9582696,0.85449153,0.81023467,0.8172248,-0.004726877737893422,0.036171682,0.08253223,0.07749033,0.98127186,0.90378153,0.08695652173913043,0.98127186,0.9247545,0.89873964,0.9028988,-0.0031602930999085027,0.022388674,0.21039605,0.19636738,1.0000318,0.80366445,0.125,1.0000318,0.8619755,0.7896358,0.79659367,-0.00789946455022564,0.059416443,0.49621403217315674
16011.mp4,normal,0.9938707947731018,0.985974907875061,0.6526891,0.6426116,0.92267543,0.2800638,0.0,0.92267543,0.33936188,0.26998633,0.27745068,-0.01331416717748869,0.15128788,0.38181168,0.38101107,0.9610786,0.5800675,0.0,0.9610786,0.63559896,0.5792669,0.5796768,-0.01144764351514961,0.104054615,0.2751845717430115,0.14795673,0.13326836,0.93931663,0.8060483,0.043478260869565216,0.93931663,0.82844985,0.7913599,0.80687076,-0.003236814979979171,0.032587763,0.07734531,0.075096965,0.97346914,0.8983722,0.0,0.97346914,0.9107836,0.8961238,0.8984963,-0.0020175354754029466,0.018560164,0.033159375,0.022819877,1.0001827,0.9773629,0.08333333333333333,1.0001827,0.98116827,0.9670234,0.97490954,-0.0007274991792181541,0.0072814994,0.5910239219665527
5716.mp4,normal,0.9757717847824097,0.8753305077552795,0.8069037,0.70049846,0.9217631,0.22126469,0.0,0.9217631,0.29689187,0.11485942,0.122002475,-0.006219976511691881,0.18691874,0.3343917,0.22195649,0.95821524,0.73625875,0.17391304347826086,0.95821524,0.740362,0.6238235,0.65016496,-0.0024012729466668234,0.07612702,0.1568518877029419,0.270023,0.16714227,0.94719064,0.7800484,0.13043478260869565,0.94719064,0.7918002,0.67716765,0.7316874,-0.0025670016589372105,0.056094546,0.12675059,0.08407998,0.97113526,0.8870553,0.17391304347826086,0.97113526,0.8972138,0.8443847,0.8646294,-0.0013037675572007128,0.02794497,0.20140326,0.082059145,1.0004364,0.9183773,0.20833333333333334,1.0004364,0.9159579,0.79903316,0.8369538,-0.0008067545942638503,0.05376485,0.4473114609718323
7558.mp4,good,0.9804040789604187,0.945309579372406,0.7418112,0.628737,0.9379351,0.3091981,0.0,0.9379351,0.35746732,0.1961239,0.23161922,-0.009034576137428708,0.16173413,0.26486945,0.22554976,0.97420913,0.7486594,0.08695652173913043,0.97420913,0.77849585,0.7093397,0.73349684,-0.003837712727516545,0.05922061,0.14072909951210022,0.21375453,0.17428291,0.9460026,0.7717197,0.043478260869565216,0.9460026,0.79590756,0.73224807,0.76960754,-0.0029328950191203746,0.0388803,0.07912159,0.07552612,0.9802176,0.90469146,0.043478260869565216,0.9802176,0.9192249,0.901096,0.9050876,-0.001450064095112632,0.01572743,0.0755775,0.06399858,0.9994528,0.93545425,0.08333333333333333,0.9994528,0.9608588,0.92387533,0.944593,-0.0012506901181262777,0.01683076,0.49717089533805847
15043.mp4,bad,0.957251250743866,0.9011250734329224,0.7779731,0.7779731,0.83251953,0.054546423,0.0,0.83251953,0.21459256,0.054546423,0.057553016,-0.02884528087636111,0.23060153,0.58532065,0.58532065,0.92819905,0.3428784,0.0,0.92819905,0.5242893,0.3428784,0.35017443,-0.02736766503851405,0.19377242,0.2929234206676483,0.72600174,0.70443654,0.89871603,0.1942795,0.391304347826087,0.89871603,0.5362014,0.1727143,0.18012068,-0.042384259240782776,0.30464342,0.22382087,0.21151829,0.951009,0.7394907,0.30434782608695654,0.951009,0.8172127,0.7271881,0.73102486,-0.011008354220465725,0.07526003,0.28774846,0.26399893,1.0000085,0.73600954,0.16666666666666666,1.0000085,0.7972463,0.71226,0.7199692,-0.0063026293205178585,0.066886276,0.08537861704826355
20357.mp4,good,0.9383057951927185,0.8770209550857544,0.41545114,0.40666002,0.9056716,0.49901158,0.17391304347826086,0.9056716,0.7007465,0.49022046,0.50165904,-0.01035525502541321,0.11951531,0.123407125,0.121453166,0.9530686,0.83161545,0.21739130434782608,0.9530686,0.8842849,0.8296615,0.8333373,-0.003159689632329079,0.031786505,0.04141082614660263,0.124079466,0.12268436,0.91533005,0.7926457,0.17391304347826086,0.91533005,0.8466221,0.7912506,0.7921193,-0.0036583619391022887,0.03239666,0.07432401,0.071838975,0.96595407,0.8941151,0.21739130434782608,0.96595407,0.92569566,0.89163005,0.89965034,-0.0020796591820924477,0.017184155,0.19033182,0.19033182,0.99984515,0.80951333,0.16666666666666666,0.99984515,0.88212156,0.80951333,0.81871855,-0.0049233118606650614,0.0431703,0.41755324602127075
16162.mp4,good,0.9774996638298035,0.9408740401268005,0.6558156,0.6143247,0.8678662,0.2535415,0.0,0.8678662,0.33133465,0.21205065,0.22166774,-0.01986546724622429,0.17402281,0.38459128,0.37145996,0.94283086,0.5713709,0.0,0.94283086,0.6584714,0.5582396,0.5630483,-0.015498905313815984,0.11533766,0.23106937110424042,0.18396807,0.14309406,0.90652955,0.7634355,0.13043478260869565,0.90652955,0.78305924,0.7225615,0.7315341,-0.005963369261605938,0.04457373,0.09749287,0.09206092,0.95947796,0.86741704,0.13043478260869565,0.95947796,0.8895408,0.8619851,0.8633531,-0.003511896187608899,0.02546805,0.09173632,0.05079055,1.0000058,0.9492153,0.125,1.0000058,0.9505308,0.9082695,0.93103606,-0.0011281336908755145,0.017098876,0.5268980860710144
7467.mp4,normal,0.9942290186882019,0.9843822121620178,0.35955352,0.22346336,0.9667371,0.74327374,0.21739130434782608,0.97134715,0.78160226,0.6071836,0.63123536,-0.012524591015261636,0.13355955,0.10258269,0.07869649,0.97437954,0.89568305,0.13043478260869565,0.97437954,0.91592807,0.87179685,0.878686,-0.0038283949077364955,0.03522496,0.0489947535097599,0.0826807,0.06896937,0.97152704,0.9025577,0.13043478260869565,0.9738239,0.92286724,0.88884634,0.8924988,-0.003513207666487583,0.030531071,0.037428617,0.032520354,0.986836,0.95431566,0.13043478260869565,0.986836,0.9649227,0.9494074,0.9511113,-0.0016396440889524318,0.013894411,0.02460289,0.013792038,0.9999546,0.98616254,0.20833333333333334,0.9999546,0.9864635,0.9753517,0.9785105,-0.0006815594175587697,0.006437159,0.5681272745132446
6119.mp4,bad,0.9844540357589722,0.9617187976837158,0.8172191,0.75874585,0.92906237,0.17031652,0.0,0.92906237,0.24780516,0.111843266,0.124967225,-0.014861303672430078,0.17715947,0.36402375,0.2522003,0.9645012,0.7123009,0.13043478260869565,0.9645012,0.7301965,0.60047746,0.64706147,-0.007577110773961081,0.08334726,0.16555634140968323,0.29330355,0.23380452,0.94278795,0.7089834,0.13043478260869565,0.94278795,0.76509774,0.6494844,0.6928289,-0.008866440637309564,0.07150196,0.14162189,0.10044479,0.97906476,0.87861997,0.13043478260869565,0.97906476,0.8957528,0.8374429,0.8539859,-0.004134262738962887,0.034955945,0.1259448,0.1225943,1.0000978,0.87750345,0.20833333333333334,1.0000978,0.9306216,0.87415296,0.88055986,-0.0048485842735871264,0.034538187,0.29910334944725037
16269.mp4,good,0.9766948819160461,0.9308026432991028,0.10701126,0.08521962,0.9674461,0.88222647,0.13043478260869565,0.9674461,0.9042166,0.86043483,0.8690249,-0.0015600632301903598,0.026600726,0.05558169,0.044895947,0.981691,0.93679506,0.17391304347826086,0.981691,0.94347996,0.9261093,0.92883575,-0.0011780977013554066,0.014439841,0.01751231960952282,0.070236266,0.067626715,0.9691574,0.9015307,0.13043478260869565,0.9691574,0.92082685,0.89892113,0.9035181,-0.0015238091172907968,0.017555803,0.03649795,0.027829945,0.9854013,0.9575713,0.17391304347826086,0.9854013,0.96099216,0.9489033,0.9503807,-0.0008076945901388336,0.009545911,0.19212997,0.101430714,0.9996604,0.89822966,0.20833333333333334,0.9996604,0.88465375,0.8075304,0.82771367,-0.0035006065731463558,0.053915616,0.419878751039505
15297.mp4,bad,0.9859305024147034,0.9697538614273071,0.72307634,0.72307634,0.9266461,0.20356974,0.0,0.9266461,0.37087792,0.20356974,0.21449126,-0.02741888317135955,0.21307185,0.4276772,0.4276772,0.96170616,0.53402895,0.0,0.96170616,0.66806525,0.53402895,0.5458978,-0.01900697349324057,0.13477583,0.2312837839126587,0.20420265,0.20420265,0.94281936,0.7386167,0.08695652173913043,0.94281936,0.80773443,0.7386167,0.7737767,-0.006211755245099428,0.047581222,0.10004276,0.10004276,0.9716254,0.8715826,0.08695652173913043,0.9716254,0.899349,0.8715826,0.8788382,-0.003414861416157071,0.025994819,0.10619748,0.09750342,1.000413,0.9029095,0.0,1.000413,0.9270191,0.89421546,0.8957921,-0.004261126259098904,0.03298637,0.4908198118209839
17457.mp4,bad,0.9676356315612793,0.8904846906661987,0.4347858,0.30086833,0.6100237,0.30915534,0.17391304347826086,0.6100237,0.3104064,0.17523786,0.21031366,-0.0018901411635366856,0.086352505,0.105514765,0.09508127,0.895434,0.80035275,0.043478260869565216,0.895434,0.8111555,0.78991926,0.7971789,-0.001656547483248199,0.021216974,0.0886782631278038,0.09968686,0.08124721,0.8227283,0.74148107,0.17391304347826086,0.8227283,0.7593746,0.7230414,0.7266147,-0.0028124257274296,0.026858585,0.05473876,0.052440763,0.94336605,0.8909253,0.0,0.94336605,0.8998336,0.8886273,0.8908931,-0.0012832249812929218,0.012461839,0.17713565,0.1508075,1.0000849,0.8492774,0.0,1.0000849,0.8615392,0.82294923,0.8323967,-0.0032563236485356867,0.041417632,0.36018139123916626
16235.mp4,good,0.9441651105880737,0.8164666295051575,0.7139753,0.6998372,0.9564378,0.25660062,0.0,0.9564378,0.38179082,0.2424625,0.24839541,-0.023476944271872642,0.19691539,0.4302646,0.4120363,0.97137225,0.55933595,0.0,0.97137225,0.6628816,0.54110765,0.5532623,-0.017752465699972384,0.13377455,0.20041866600513458,0.29632062,0.29632062,0.9599511,0.6636305,0.13043478260869565,0.9599511,0.75150114,0.6636305,0.66880494,-0.011306744672564175,0.08330009,0.16586047,0.16586047,0.97974765,0.8138872,0.043478260869565216,0.97974765,0.86330026,0.8138872,0.8173317,-0.006765807452409182,0.048120495,0.14679927,0.12939835,0.9995285,0.8701302,0.16666666666666666,0.9995285,0.90341854,0.85272926,0.8624555,-0.004737775222114915,0.039999977,0.4143628478050232
15144.mp4,bad,0.9937098026275635,0.9770578742027283,0.44079483,0.03274274,0.97290134,0.9401586,0.2608695652173913,0.97290134,0.8249851,0.5321065,0.56668544,0.01326036052741552,0.14891751,0.13924038,0.006748438,0.9821669,0.97541845,0.21739130434782608,0.9821669,0.9328052,0.8429265,0.86234987,0.003827550842356765,0.0435426,0.022127190604805946,0.19290793,0.03338927,0.97354794,0.94015867,0.2608695652173913,0.97354794,0.8921008,0.78064,0.8027349,0.005314968496914444,0.059234574,0.07049036,0.0080577135,0.9842262,0.9761685,0.21739130434782608,0.9842262,0.9549324,0.91373587,0.9189683,0.0018691209700738883,0.022154378,0.043743193,0.010699689,0.9999599,0.9892602,0.25,0.9999599,0.9784675,0.9562167,0.9578138,0.0005970858750135754,0.012421609,0.5284458994865417
16685.mp4,bad,0.9972500801086426,0.9922410249710083,0.4429689,0.23852664,0.9885674,0.75004077,0.13043478260869565,0.9885674,0.7831944,0.5455985,0.611527,-0.0015810255712200066,0.09915474,0.1139732,0.080847025,0.9881971,0.90735006,0.13043478260869565,0.9881971,0.9251673,0.8742239,0.8901771,-0.0017050217262840875,0.02515599,0.029178539291024208,0.19533682,0.10359597,0.98856735,0.8849714,0.13043478260869565,0.98856735,0.88497585,0.79323053,0.82740164,-0.00034751074587403065,0.040043525,0.0632509,0.04384935,0.99301183,0.9491625,0.13043478260869565,0.99301183,0.9543459,0.92976093,0.937294,-0.0009854194439447115,0.013933068,0.04168737,0.040451407,0.9993583,0.9589069,0.125,0.9993583,0.97753686,0.9576709,0.9606363,-0.0019156152009964437,0.0134058455,0.4690726399421692
17284.mp4,bad,0.997082531452179,0.9918215274810791,0.2537204,0.13219106,0.99537396,0.8631829,0.21739130434782608,0.99537396,0.862605,0.74165356,0.79361826,-0.0021655123106575913,0.06476619,0.070127845,0.061125696,0.9979153,0.93678963,0.0,0.9979153,0.94496053,0.9277875,0.93069744,-0.0017849201623630034,0.019704852,0.015990030020475388,0.13359821,0.103767395,0.99537396,0.89160657,0.043478260869565216,0.99537396,0.9045955,0.86177576,0.8769718,-0.002392603828030622,0.032825556,0.047064543,0.043019414,0.99791527,0.95489585,0.0,0.99791527,0.96095043,0.9508507,0.9523371,-0.0012963966065244563,0.013283449,0.028165221,0.026337147,1.0005207,0.97418356,0.0,1.0005207,0.97916585,0.9723555,0.97264934,-0.0010533146754554965,0.009608592,0.438308447599411
6612.mp4,bad,0.9927096366882324,0.9857702255249023,0.55055237,0.35896474,0.82714987,0.46818513,0.17391304347826086,0.89676416,0.6241726,0.2765975,0.33973607,-0.0024096735204632543,0.178621,0.15606385,0.094011605,0.92190224,0.82789063,0.13043478260869565,0.9490049,0.8715126,0.7658384,0.78176945,-0.0005934757324075501,0.050450128,0.07901434600353241,0.052248716,0.052248716,0.8991556,0.8469069,0.17391304347826086,0.9364848,0.8882006,0.8469069,0.8569531,-0.0001152171918997209,0.021213375,0.033334374,0.031077445,0.96316355,0.9320861,0.17391304347826086,0.9707543,0.9505272,0.9298292,0.93126297,-0.000180599599958877,0.0113174375,0.028673172,0.028673172,0.9995415,0.97086835,0.125,0.9995415,0.9867353,0.97086835,0.9810247,-0.0002307033797969264,0.0053499527,0.5227162837982178
20255.mp4,good,0.9638727307319641,0.8975142240524292,0.7474597,0.33018398,0.928736,0.598552,0.21739130434782608,0.928736,0.41593936,0.18127626,0.20227611,0.005130029419665282,0.1817648,0.2035535,0.08967954,0.9593093,0.86962974,0.2608695652173913,0.9593093,0.81988335,0.7557558,0.7596141,0.001694957081508243,0.05425547,0.09394173324108124,0.50865,0.07198942,0.9453286,0.8733392,0.17391304347826086,0.9453286,0.78681433,0.4366786,0.595918,0.0031204382657062423,0.13191506,0.14204353,0.037983835,0.9774336,0.9394498,0.17391304347826086,0.9774336,0.9138252,0.8353901,0.8549839,0.0007155890403528943,0.03584217,0.1685217,0.044466794,0.9999072,0.9554404,0.16666666666666666,0.9999072,0.92301774,0.8313855,0.84807295,0.0011637040583983274,0.04767025,0.29329586029052734
7001.mp4,good,0.9761878252029419,0.9022394418716431,0.7059846,0.63311374,0.9673343,0.33422053,0.13043478260869565,0.9673343,0.51388615,0.2613497,0.28473794,-0.024576288349779242,0.23175709,0.32585686,0.27579415,0.97882646,0.7030323,0.13043478260869565,0.97882646,0.79885477,0.6529696,0.6920139,-0.009370456099981371,0.10221113,0.10666270554065704,0.26846313,0.1970641,0.9680463,0.7709822,0.13043478260869565,0.9680463,0.81392473,0.6995832,0.73871684,-0.00652473098911315,0.07333054,0.14419061,0.11462891,0.98225117,0.86762226,0.13043478260869565,0.98225117,0.9055176,0.83806056,0.8548677,-0.0035199159572246986,0.041785177,0.10762513,0.078585565,1.0002208,0.9216352,0.16666666666666666,1.0002208,0.9530916,0.89259565,0.9215758,-0.002742713404738389,0.0293996,0.33118772506713867
6480.mp4,bad,0.9662559628486633,0.9387602210044861,0.68785995,0.68785995,0.9223908,0.23453087,0.043478260869565216,0.9223908,0.43955484,0.23453087,0.2686452,-0.02564172658760085,0.19951291,0.27772236,0.27772236,0.9647857,0.68706334,0.08695652173913043,0.9647857,0.7858692,0.68706334,0.71608204,-0.011100954806851785,0.083414465,0.10951131582260132,0.23651803,0.20316577,0.92828095,0.7251152,0.043478260869565216,0.92828095,0.75872487,0.6917629,0.7072553,-0.006480514767612871,0.06377301,0.108985186,0.108985186,0.97525626,0.8662711,0.0,0.97525626,0.8953805,0.8662711,0.8687012,-0.0039311352336830726,0.0335316,0.19377935,0.1447494,1.0003637,0.8556143,0.16666666666666666,1.0003637,0.88674957,0.80658436,0.82489127,-0.0022271247013755597,0.04401824,0.4182286262512207
16188.mp4,good,0.9911354780197144,0.9781283140182495,0.7469182,0.28344607,0.94667673,0.66323066,0.21739130434782608,0.94667673,0.5489359,0.19975853,0.2512113,-0.016365131355910445,0.2235842,0.2443918,0.120696366,0.97466636,0.85397,0.17391304347826086,0.97466636,0.83385926,0.73027456,0.7474214,-0.006873081618618126,0.072860196,0.07631346583366394,0.19455487,0.119021475,0.9466767,0.8276552,0.08695652173913043,0.9488448,0.819212,0.7521218,0.7626537,-0.005745179509456941,0.06061736,0.10706335,0.071288824,0.9783999,0.90711105,0.08695652173913043,0.9783999,0.91017264,0.8713365,0.8811522,-0.0034675819600523653,0.03111155,0.054388523,0.037329435,0.9996567,0.96232724,0.125,0.9996567,0.9670634,0.94526815,0.94978833,-0.001830955666044516,0.016312717,0.5439422130584717
6492.mp4,bad,0.985364556312561,0.938928484916687,0.6437268,0.57913303,0.7023026,0.12316956,0.0,0.9560293,0.27020875,0.058575775,0.08954433,-0.024854478220135107,0.24774891,0.4934729,0.2840755,0.89838135,0.61430585,0.17391304347826086,0.9769809,0.65197116,0.40490845,0.4534706,-0.011882652083168854,0.15502346,0.21923254430294037,0.38279772,0.15321952,0.9033836,0.7501641,0.17391304347826086,0.9587777,0.7669644,0.5205859,0.56114084,-0.004781703703959469,0.115228906,0.21394247,0.100389004,0.95817554,0.85778654,0.17391304347826086,0.9801146,0.8712036,0.7442331,0.7545322,-0.003368818300514821,0.06552669,0.09820455,0.04477662,0.9994573,0.9546807,0.125,0.9994573,0.96567017,0.90125275,0.9245562,-0.0013620309207750321,0.025707066,0.2180314064025879
20329.mp4,good,0.9957574009895325,0.9921016097068787,0.63514924,0.29900402,0.9523333,0.65332925,0.13043478260869565,0.9523333,0.54683256,0.31718403,0.3495528,-0.011060125801874238,0.17413917,0.18373585,0.09270632,0.97949207,0.88678575,0.13043478260869565,0.97949207,0.86618906,0.7957562,0.80819184,-0.0032868419475706196,0.04804817,0.04850403219461441,0.35117018,0.117714584,0.9535419,0.8358273,0.2608695652173913,0.9535419,0.7630066,0.6023717,0.63692117,-0.0029762024464814562,0.09785158,0.11489296,0.04965979,0.98173404,0.93207425,0.2608695652173913,0.98173404,0.914693,0.8668411,0.87264305,-0.0015982441280199145,0.031147351,0.048996925,0.0155518055,0.99968284,0.98413104,0.2916666666666667,0.99968284,0.9769339,0.9506859,0.95845103,-0.0007046530816866347,0.014497032,0.3331734240055084
6298.mp4,normal,0.9839428067207336,0.9319798350334167,0.4251273,0.4251273,0.56056845,0.13544115,0.0,0.56056845,0.20600487,0.13544115,0.15701374,-0.003733148481770466,0.081500925,0.32894492,0.32894492,0.8631381,0.53419316,0.043478260869565216,0.8631381,0.6374598,0.53419316,0.5794362,-0.0036445996860270434,0.062065676,0.24954377114772797,0.21294016,0.21294016,0.86251587,0.6495757,0.13043478260869565,0.86251587,0.77529603,0.6495757,0.7308475,-0.005276105090563475,0.044908423,0.11952579,0.11952579,0.9427585,0.8232327,0.13043478260869565,0.9427585,0.8870036,0.8232327,0.8603637,-0.002950553778603144,0.024592098,0.1396907,0.1396907,0.99973273,0.86004204,0.08333333333333333,0.99973273,0.9552339,0.86004204,0.9377201,-0.0019801004036613516,0.02513779,0.4250507354736328
16108.mp4,normal,0.9316955208778381,0.7684909105300903,0.6638959,0.6464727,0.82376075,0.17728807,0.0,0.82376075,0.23953417,0.15986486,0.17484763,-0.011727903391650545,0.16546161,0.48683104,0.48268503,0.9157721,0.43308705,0.0,0.9157721,0.4998047,0.42894104,0.4329796,-0.013657275602044803,0.13441536,0.28887656331062317,0.25390357,0.21487224,0.870543,0.65567076,0.0,0.870543,0.66202253,0.61663944,0.6297918,-0.004167079572149881,0.060086817,0.17974758,0.17552757,0.9386169,0.7630893,0.0,0.9386169,0.78868127,0.7588693,0.7634566,-0.004767830192807151,0.046936627,0.40534747,0.21674371,1.000331,0.78358734,0.16666666666666666,1.000331,0.77649873,0.5949836,0.63934726,-0.0014053980423056629,0.1021303,0.3452853560447693
15311.mp4,normal,0.9786022305488586,0.949474036693573,0.5175845,0.4926365,0.6104022,0.117765725,0.0,0.6104022,0.16274266,0.092817724,0.100691535,-0.010848659874775674,0.12114748,0.3593091,0.3593091,0.85796505,0.49865595,0.0,0.85796505,0.5679681,0.49865595,0.50634426,-0.011094637215137499,0.093907654,0.29528316855430603,0.10799688,0.097371876,0.82846934,0.73109746,0.08695652173913043,0.8351826,0.7576413,0.72047246,0.7255504,-0.004413042026074966,0.034976754,0.07954556,0.0771904,0.9211085,0.8439181,0.0,0.9211085,0.8632512,0.8415629,0.84397304,-0.002924533700754532,0.023526456,0.110456765,0.09111035,0.9996626,0.9085522,0.16666666666666666,0.9996626,0.9308725,0.8892058,0.9046758,-0.002423778642778821,0.023050033,0.44680869579315186
5782.mp4,bad,0.9523515105247498,0.9002496004104614,0.21286592,0.16746989,0.30286646,0.13539657,0.08695652173913043,0.5792663,0.22263335,0.09000054,0.09672816,-0.015809926561451717,0.12992065,0.3611164,0.28473952,0.75058365,0.46584412,0.17391304347826086,0.85936654,0.57156277,0.38946724,0.4047492,-0.01936750540973641,0.14208885,0.2862410545349121,0.14471722,0.14471722,0.81376326,0.66904604,0.21739130434782608,0.8479098,0.758269,0.66904604,0.69682014,-0.006233034633365077,0.048746765,0.10930449,0.06815487,0.89994603,0.83179116,0.17391304347826086,0.91953886,0.8578037,0.79064155,0.7977739,-0.004154329478976284,0.03553109,0.21697694,0.152816,0.999385,0.846569,0.16666666666666666,0.999385,0.89226484,0.78240806,0.8163635,-0.005458649500556649,0.049874984,0.34426605701446533
17392.mp4,bad,0.9938021898269653,0.9859463572502136,0.32786405,0.05607605,0.9099468,0.85387075,0.21739130434782608,0.92980075,0.78122824,0.58208275,0.6157016,0.010286244832479917,0.12031285,0.1235531,0.03116852,0.9576357,0.9264672,0.21739130434782608,0.96276027,0.90510964,0.8340826,0.84627736,0.0030360564059419334,0.04345611,0.03959769383072853,0.082003474,0.020523429,0.92764294,0.9071195,0.17391304347826086,0.9399482,0.88975656,0.84563947,0.84903,0.0027032915075776956,0.030942313,0.06147605,0.021082103,0.9740128,0.9529307,0.30434782608695654,0.9740128,0.9447074,0.91253674,0.91943413,0.0011522022514004093,0.019561183,0.039085507,0.015800178,1.0004983,0.9846981,0.25,1.0004983,0.97946525,0.9614128,0.9664398,0.00025994813960528976,0.009767048,0.4520109295845032
15775.mp4,bad,0.9728344082832336,0.9502390623092651,0.346493,-0.07610285,0.8869904,0.9630933,0.17391304347826086,0.9655241,0.83925927,0.5404974,0.5855511,0.012187966421658812,0.14362778,0.09047347,-0.040165067,0.9409565,0.98112154,0.17391304347826086,0.98214597,0.9385079,0.850483,0.8698942,0.003909433901074381,0.042488985,0.022773511707782745,0.12419808,-0.03660977,0.92913294,0.9657427,0.2608695652173913,0.9660889,0.90640324,0.80493486,0.8191957,0.005368888908224134,0.056940075,0.042208433,-0.020508349,0.963816,0.98432434,0.21739130434782608,0.9853751,0.9612814,0.92160755,0.92824435,0.0020353362965489434,0.021361094,0.07581568,0.018060327,0.9994452,0.9813849,0.20833333333333334,0.9994452,0.966906,0.9236295,0.9429927,0.0009963263895200612,0.01854341,0.4339253604412079
7219.mp4,good,0.9936268925666809,0.9774438738822937,0.59037083,0.17285001,0.9692026,0.79635257,0.13043478260869565,0.9692026,0.5825786,0.37883174,0.4094263,-0.007841115942585622,0.16987905,0.18207061,0.0646829,0.9834908,0.9188079,0.2608695652173913,0.9834908,0.85979337,0.8014202,0.80246013,-0.002696615551771387,0.05307676,0.08447068929672241,0.14606655,0.0738368,0.97196496,0.89812815,0.043478260869565216,0.97196496,0.8753323,0.8258984,0.85180134,-0.0016262558373537936,0.031207563,0.06457442,0.033463538,0.98845774,0.9549942,0.043478260869565216,0.98845774,0.94426405,0.9238833,0.9321927,-0.0007309494282417312,0.014410034,0.024812937,0.0068838,1.0001918,0.993308,0.125,1.0001918,0.9858871,0.9753789,0.9799107,-0.00022337361522345027,0.00608821,0.4921625554561615
7185.mp4,bad,0.9684303998947144,0.9021066427230835,0.26267168,0.18446934,0.4912085,0.30673915,0.17391304347826086,0.4912085,0.3183719,0.22853681,0.23483904,-0.003770386336349216,0.05815752,0.2478844,0.13605577,0.8137634,0.6777076,0.17391304347826086,0.8137634,0.6858313,0.565879,0.5817798,-0.0025319084819597653,0.05894653,0.17972363531589508,0.15885943,0.07589227,0.7936725,0.71778023,0.13043478260869565,0.8002937,0.73498106,0.6348131,0.68482393,-0.0016439860399532706,0.037998162,0.12820333,0.050819457,0.9102055,0.859386,0.17391304347826086,0.9102055,0.86555487,0.78200215,0.81687635,-0.0014937952926507747,0.030704563,0.18271613,0.08339977,1.0002221,0.9168223,0.125,1.0002221,0.91906613,0.81750596,0.8663454,-0.0021110725143681595,0.036724735,0.27299943566322327
6318.mp4,bad,0.9765156507492065,0.9032866954803467,0.63072443,0.5855895,0.7304107,0.1448212,0.0,0.7304107,0.19955958,0.09968628,0.102252215,0.0020066793684078224,0.144784,0.20244116,0.19398189,0.90629864,0.71231675,0.0,0.90629864,0.744217,0.7038575,0.7074511,0.0002940078615671037,0.047548402,0.16894955933094025,0.15847641,0.14408827,0.9033761,0.75928783,0.13043478260869565,0.9033761,0.7947142,0.7448997,0.76323193,-0.0028027198295819365,0.030271882,0.0736475,0.06456709,0.96323484,0.89866775,0.13043478260869565,0.96323484,0.91316646,0.88958734,0.8995664,-0.0012008044795085247,0.014466808,0.16311061,0.10778254,1.0000553,0.8922728,0.25,1.0000553,0.9376109,0.8369447,0.88888747,-0.004007085069366151,0.03493725,0.26130473613739014
16446.mp4,good,0.952701985836029,0.8777400255203247,0.821803,0.818589,0.9007611,0.082172155,0.0,0.9007611,0.20118017,0.078958146,0.08150561,-0.025336379163232264,0.2450739,0.6527337,0.6519434,0.95306736,0.30112398,0.0,0.95306736,0.46124935,0.3003337,0.30104068,-0.028622419554961052,0.22007486,0.35833367705345154,0.32124728,0.3046636,0.9180103,0.6133467,0.13043478260869565,0.9180103,0.69614565,0.596763,0.60528815,-0.012643024502064396,0.0900374,0.20848048,0.20611298,0.9636154,0.75750244,0.043478260869565216,0.9636154,0.8195829,0.75513494,0.75892127,-0.009015445417095085,0.063181214,0.32707584,0.2800963,0.99932563,0.71922934,0.25,0.99932563,0.8284809,0.6722498,0.7135644,-0.012951320617095297,0.09203219,0.3470420241355896
5772.mp4,normal,0.9704139828681946,0.8734471201896667,0.24371399,0.24371399,0.4481977,0.2044837,0.0,0.4481977,0.25641853,0.2044837,0.2115674,-0.00733779953873676,0.07217257,0.15662599,0.14821589,0.8380662,0.68985033,0.0,0.8380662,0.71371996,0.68144023,0.68316007,-0.005147800261795294,0.04656713,0.13052472472190857,0.34167635,0.3028562,0.8609861,0.5581299,0.0,0.8609861,0.6117078,0.51930976,0.5387799,-0.01126362300908613,0.10178913,0.12635571,0.11279303,0.9401775,0.8273845,0.0,0.9401775,0.84424466,0.8138218,0.82053685,-0.00400396062451389,0.036722362,0.4351197,0.4351197,0.9993463,0.5642266,0.0,0.9993463,0.66820174,0.5642266,0.57322246,-0.014469247693600876,0.13064188,0.3121052086353302
16556.mp4,normal,0.9767776727676392,0.9430984258651733,0.53067577,0.5224694,0.66404605,0.14157663,0.0,0.66404605,0.19229689,0.1333703,0.13556978,-0.01152794251564464,0.116960555,0.50061816,0.49509108,0.86075854,0.36566746,0.0,0.86075854,0.44922364,0.36014038,0.3617851,-0.016658358894317996,0.13640925,0.3306303322315216,0.28682786,0.25947416,0.8659684,0.60649425,0.043478260869565216,0.8659684,0.6760443,0.57914054,0.5933336,-0.012389439309067411,0.08908464,0.21346879,0.2018382,0.92474407,0.7229059,0.043478260869565216,0.92474407,0.779854,0.7112753,0.72296506,-0.009177464800389857,0.065514,0.2619487,0.24925113,0.9998894,0.75063825,0.041666666666666664,0.9998894,0.8244521,0.73794067,0.74918056,-0.011099709453790109,0.08309468,0.39178264141082764
15169.mp4,normal,0.9872593879699707,0.9164103269577026,0.5759352,0.04580927,0.98681307,0.9410038,0.08695652173913043,0.98681307,0.84611344,0.41087788,0.7704657,0.005288640265408252,0.14753805,0.22516912,0.01340884,0.9853517,0.97194284,0.08695652173913043,0.9853517,0.9323277,0.76018256,0.90757436,0.002085784913994122,0.057270702,0.019554369151592255,0.29887855,0.04599321,0.986997,0.9410038,0.08695652173913043,0.986997,0.8892041,0.68811846,0.83220226,0.0038200047294141845,0.07762467,0.14532787,0.016181827,0.9919916,0.97580975,0.08695652173913043,0.9919916,0.951882,0.8466637,0.9344537,0.0014627198338979781,0.037444748,0.11735511,0.012087643,1.0002117,0.9881241,0.08333333333333333,1.0002117,0.9730186,0.8828566,0.95453304,0.0005899716460186304,0.029004682,0.5458405017852783
16955.mp4,bad,0.995692789554596,0.9939116835594177,0.55890095,0.55890095,0.95641786,0.39751694,0.13043478260869565,0.95641786,0.61712354,0.39751694,0.4220244,-0.02832369630044628,0.19600518,0.19774687,0.19774687,0.9789403,0.78119344,0.21739130434782608,0.9789403,0.86063623,0.78119344,0.7880252,-0.009243109539563489,0.062411934,0.07403551042079926,0.12551904,0.118833065,0.9587299,0.83989686,0.043478260869565216,0.9587299,0.8715073,0.8332109,0.8373056,-0.0050242095596705425,0.03619057,0.07019687,0.06669068,0.9832765,0.9165858,0.08695652173913043,0.9832765,0.9346718,0.9130796,0.9142998,-0.0029592744328758944,0.02113585,0.038381398,0.038381398,0.99987453,0.96149313,0.08333333333333333,0.99987453,0.97534066,0.96149313,0.9654425,-0.0012438833195230602,0.010402506,0.5847576260566711
15250.mp4,bad,0.9966514706611633,0.9915856719017029,0.030708015,0.023738205,0.9963369,0.9725987,0.08695652173913043,0.9963369,0.9774927,0.96562886,0.96988106,-0.0010960711085278118,0.008180262,0.031011939,0.027230859,0.9956567,0.96842587,0.043478260869565216,0.9956567,0.9755201,0.9646448,0.9672706,-0.0012587551542892828,0.009663223,0.0066695548593997955,0.030708194,0.023738325,0.996337,0.9725987,0.08695652173913043,0.996337,0.9774928,0.9656288,0.9698812,-0.00109607228648521,0.008180266,0.021352947,0.020317316,0.99628067,0.97596335,0.043478260869565216,0.99628067,0.9821896,0.9749277,0.9756619,-0.0009253285383518697,0.0068175136,0.017847061,0.016498446,0.99990225,0.9834038,0.20833333333333334,0.99990225,0.9892933,0.9820552,0.9831789,-0.0007539657924486157,0.005517549,0.540993332862854
16981.mp4,normal,0.9346525073051453,0.6185449361801147,0.27034217,0.12889826,0.9652591,0.8363608,0.2608695652173913,0.9652591,0.8077599,0.6949169,0.7100072,0.0016015297457163504,0.07719219,0.10781586,0.055058658,0.9793401,0.9242814,0.2608695652173913,0.9793401,0.9133856,0.8715242,0.8756733,0.00036461403954169184,0.02937101,0.030694717541337013,0.11563754,0.07512307,0.96600485,0.8908818,0.13043478260869565,0.96600485,0.88345224,0.8503673,0.85289484,-0.00033198797655670264,0.027668482,0.060394585,0.039477468,0.9840677,0.9445902,0.17391304347826086,0.9840677,0.94408035,0.9236731,0.9247323,-3.41100537258749e-05,0.0154253,0.41681576,0.10290432,1.0000087,0.8971044,0.08333333333333333,1.0000087,0.8735997,0.58319294,0.8137726,0.001328849922055762,0.077286944,0.37896227836608887
6796.mp4,good,0.9608497023582458,0.7971659898757935,0.5563749,0.3893066,0.7300799,0.34077328,0.17391304347826086,0.7300799,0.3568451,0.17370495,0.18231735,0.0014197139930819383,0.16359676,0.17517799,0.08399075,0.91840595,0.8344152,0.21739130434782608,0.91840595,0.8197856,0.74322796,0.7503826,0.0013460971032206628,0.05449527,0.10099554061889648,0.20614219,0.019955277,0.8934796,0.8735243,0.13043478260869565,0.8934796,0.7743106,0.6873374,0.6916386,0.0010457071273223214,0.07021044,0.07221782,0.016349554,0.96318233,0.9468328,0.2608695652173913,0.96318233,0.92078096,0.8909645,0.8962177,0.00018908213014185484,0.022456592,0.21863359,0.0647949,0.9993688,0.9345739,0.16666666666666666,0.9993688,0.8706813,0.7807352,0.78779817,-0.0011190335646919696,0.06430506,0.4187884032726288
6327.mp4,good,0.9800056219100952,0.9086486101150513,0.650429,0.5819684,0.9705849,0.38861653,0.0,0.9705849,0.45127094,0.32015595,0.3243389,-0.017254628329408973,0.16366398,0.25288928,0.23992217,0.979967,0.74004483,0.0,0.979967,0.78793293,0.7270777,0.73209685,-0.008145125899390275,0.06449552,0.10541735589504242,0.24183226,0.23394436,0.97088945,0.7369451,0.0,0.97088945,0.78955144,0.7290572,0.74116373,-0.007997756654566004,0.06265192,0.12450343,0.114824,0.9865951,0.8717711,0.043478260869565216,0.9865951,0.8933502,0.86209166,0.86645246,-0.004025285246343972,0.031152664,0.12885916,0.08167732,0.99950314,0.9178258,0.25,0.99950314,0.92727226,0.870644,0.8849421,-0.003918704571931278,0.037598282,0.3706133961677551
15265.mp4,bad,0.9966867566108704,0.9938536882400513,0.7672907,0.7626485,0.9399137,0.17726518,0.0,0.9399137,0.3622795,0.17262301,0.18554884,-0.03389904313820154,0.28095242,0.18223435,0.18223435,0.9747373,0.79250294,0.0,0.9747373,0.8427976,0.79250294,0.79735535,-0.007750744405000109,0.060398374,0.0975705161690712,0.14348662,0.10984337,0.9448756,0.8350322,0.043478260869565216,0.94500434,0.85296285,0.801389,0.81711614,-0.004320949963901346,0.042964894,0.059930325,0.056951046,0.983173,0.92622197,0.0,0.983173,0.940368,0.9232427,0.92626095,-0.0022535297592638074,0.018392183,0.023374975,0.016504169,1.000071,0.9835669,0.041666666666666664,1.000071,0.98682404,0.9766961,0.981271,-0.0007893663903941434,0.006514381,0.4567851424217224
15949.mp4,bad,0.9840306639671326,0.9538987278938293,0.44896314,0.3997801,0.8864406,0.48666048,0.0,0.8864406,0.53177416,0.43747744,0.46161672,-0.010738916842362623,0.10543042,0.12247604,0.11572325,0.9444422,0.82871896,0.0,0.9444422,0.8474186,0.8219662,0.82404155,-0.0034747882911810224,0.028254965,0.03827904537320137,0.24850762,0.23302263,0.90906644,0.6760438,0.0,0.90906644,0.7040166,0.6605588,0.66480947,-0.005607905006220239,0.061954133,0.094545186,0.09042817,0.961632,0.87120384,0.0,0.961632,0.8856977,0.8670868,0.8673817,-0.002843065577533396,0.022734059,0.086333156,0.074531674,1.0006356,0.92610395,0.0,1.0006356,0.932728,0.91430247,0.9196725,-0.001592942709508153,0.018818174,0.3572475016117096
6010.mp4,normal,0.9524685144424438,0.861679196357727,0.4490639,0.38545457,0.54037684,0.15492228,0.0,0.54037684,0.17246492,0.09131293,0.111660905,-0.006805532902714765,0.1000435,0.37511563,0.36207527,0.8467956,0.48472035,0.0,0.8467956,0.5410624,0.47168,0.48076743,-0.010806516549097228,0.0960973,0.2957321107387543,0.22302163,0.1964879,0.8649514,0.66846347,0.08695652173913043,0.8649514,0.7068241,0.64192975,0.6485893,-0.008201730109957357,0.06249517,0.12937498,0.12489587,0.9303786,0.80548275,0.0,0.9303786,0.8367947,0.80100363,0.80324614,-0.005250797323558656,0.038980234,0.19188613,0.19188613,0.99982244,0.8079363,0.08333333333333333,0.99982244,0.8654116,0.8079363,0.81879103,-0.005734304656153145,0.047918353,0.3776593506336212
15110.mp4,normal,0.9305083155632019,0.7410814762115479,0.5124047,0.46090814,0.663272,0.20236388,0.0,0.663272,0.23709135,0.15086733,0.15892658,-0.01275331189804398,0.11235857,0.41969842,0.399323,0.8556256,0.45630264,0.0,0.8556256,0.5323201,0.4359272,0.44220865,-0.014247638699801068,0.107467085,0.21695932745933533,0.4776789,0.3911756,0.8086004,0.41742483,0.17391304347826086,0.8086004,0.5197499,0.33092153,0.3638664,-0.021250566681147574,0.1523106,0.23463315,0.21127498,0.90377104,0.69249606,0.08695652173913043,0.90377104,0.7492794,0.6691379,0.6800301,-0.00976123169005624,0.06957972,0.3678925,0.26201844,1.0006225,0.73860407,0.08333333333333333,1.0006225,0.79956645,0.63273,0.73288417,-0.008768817549166487,0.08126393,0.24417909979820251
6891.mp4,good,0.9758392572402954,0.9340404272079468,0.9053078,0.38184005,0.9525954,0.57075536,0.0,0.9525954,0.28434047,0.047287576,0.048678324,0.01873024318205273,0.28426644,0.47869545,0.117061675,0.97841424,0.86135256,0.043478260869565216,0.97841424,0.6693454,0.4997188,0.51374996,0.012616808353205439,0.16637391,0.21749316155910492,0.3175665,0.12326908,0.95301676,0.8297477,0.08695652173913043,0.95301676,0.7573262,0.63545024,0.686763,0.003606053621401421,0.07579027,0.13938993,0.049957395,0.98128545,0.93132806,0.13043478260869565,0.98128545,0.88683844,0.8418955,0.84401304,0.00246957085820527,0.040586613,0.103844225,0.03605461,0.9994386,0.963384,0.125,0.9994386,0.9405344,0.89559436,0.9074853,0.0008842330393583525,0.027032373,0.37360915541648865
16994.mp4,bad,0.9592543840408325,0.8935179710388184,0.4967236,0.44847077,0.5755228,0.12705202,0.0,0.5755228,0.13501655,0.0787992,0.0905348,-0.005270282130526466,0.09924718,0.41908363,0.41327414,0.8223099,0.40903577,0.0,0.8223099,0.46423838,0.4032263,0.40697765,-0.010934423669996007,0.099335134,0.3114631772041321,0.23101795,0.22232372,0.79713327,0.57480955,0.13043478260869565,0.79713327,0.64466536,0.5661153,0.5776329,-0.00780212354989863,0.058069017,0.17858356,0.16987634,0.9017792,0.73190284,0.13043478260869565,0.9017792,0.7757016,0.7231956,0.7302673,-0.006151537355698157,0.04462931,0.29277813,0.2690726,1.0002115,0.7311389,0.041666666666666664,1.0002115,0.79378575,0.70743334,0.7171428,-0.010502205413320802,0.07959458,0.29926079511642456
16676.mp4,bad,0.9777677059173584,0.9538851380348206,0.81195366,0.81195366,0.9151914,0.10323774,0.0,0.9151914,0.33437833,0.10323774,0.11585713,-0.034204128555393974,0.24459109,0.49032074,0.47998986,0.95639384,0.47640398,0.391304347826087,0.95639384,0.6742341,0.4660731,0.47372463,-0.026266549268494484,0.18505718,0.20138104259967804,0.29522443,0.27006418,0.93010175,0.6600376,0.391304347826087,0.93010175,0.7625279,0.6348773,0.64793676,-0.012854736254149273,0.09686473,0.17013335,0.16168904,0.96840715,0.8067181,0.34782608695652173,0.96840715,0.87561506,0.7982738,0.80111885,-0.008479075528416247,0.061112404,0.14587766,0.09420329,0.9995704,0.90536714,0.16666666666666666,0.9995704,0.9342006,0.85369277,0.8800682,-0.004186856539353096,0.039228145,0.4473174214363098
17140.mp4,bad,0.9757161140441895,0.9355885982513428,0.6240819,0.60157526,0.9595312,0.3579559,0.0,0.9595312,0.4436712,0.33544928,0.34033823,-0.01895187427050512,0.17590085,0.21914369,0.19717604,0.9697966,0.77262056,0.0,0.9697966,0.8007897,0.7506529,0.7567874,-0.005890100193117912,0.056661002,0.09810728579759598,0.18757176,0.17082274,0.9619087,0.79108596,0.0,0.9619087,0.80448836,0.77433693,0.77963686,-0.004047705074072848,0.043224912,0.097791255,0.09770733,0.9800478,0.8823405,0.0,0.9800478,0.898897,0.88225657,0.8834965,-0.0026177720354479887,0.024489941,0.20136094,0.19370836,0.99960506,0.8058967,0.25,0.99960506,0.86992294,0.7982441,0.8065605,-0.00639194905757907,0.05090058,0.31350356340408325
17235.mp4,normal,0.9820283055305481,0.9397274851799011,0.16493464,0.13079202,0.9715295,0.84073746,0.2608695652173913,0.9715295,0.9093331,0.80659485,0.8150634,-0.0043004323017927166,0.05841995,0.059458196,0.046966612,0.98333627,0.93636966,0.2608695652173913,0.98333627,0.9588566,0.9238781,0.9319059,-0.0013659426817309722,0.019105919,0.011571798473596573,0.09218085,0.074083686,0.9722508,0.89816713,0.17391304347826086,0.9722508,0.9336862,0.88007,0.88933164,-0.0023077033725180805,0.029933041,0.037060022,0.031898737,0.988093,0.9561943,0.30434782608695654,0.988093,0.9704284,0.951033,0.9541085,-0.0007462648181576314,0.011906047,0.07065117,0.026967645,1.000165,0.97319734,0.25,1.000165,0.9657046,0.9295138,0.93980587,0.0007787473305411907,0.01966135,0.5380173921585083
6023.mp4,good,0.9796727299690247,0.8970788717269897,0.85254675,0.85254675,0.98883414,0.1362874,0.0,0.98883414,0.22406662,0.1362874,0.14304863,-0.016151263823975692,0.18219355,0.37501967,0.37501967,0.9875225,0.6125028,0.0,0.9875225,0.69871527,0.6125028,0.6265157,-0.011050950632736147,0.091656625,0.18447040021419525,0.28273368,0.28273368,0.988834,0.70610034,0.0,0.988834,0.7691531,0.70610034,0.70948017,-0.008215613869339113,0.06800525,0.15512079,0.15512079,0.993968,0.8388472,0.17391304347826086,0.993968,0.88318574,0.8388472,0.84322363,-0.00544707789251454,0.039552055,0.2623073,0.23669708,0.99949646,0.7627994,0.2916666666666667,0.99949646,0.8548238,0.7371892,0.75084656,-0.01248107524021814,0.0939081,0.4307376444339752
17155.mp4,normal,0.9783617258071899,0.9197239875793457,0.6596937,0.65245336,0.83280975,0.18035638,0.0,0.83280975,0.2831893,0.173116,0.17867693,-0.01863999981359532,0.16224673,0.4387792,0.43529487,0.9304606,0.4951657,0.0,0.9304606,0.6120184,0.49168137,0.49543133,-0.01702942472437154,0.122324444,0.23853671550750732,0.1934169,0.1479739,0.8811117,0.7331378,0.043478260869565216,0.8811117,0.7468465,0.6876948,0.7185522,-0.00479929903043591,0.041279443,0.13395482,0.121635675,0.95101583,0.82938015,0.043478260869565216,0.95101583,0.85055506,0.817061,0.825983,-0.003978821482111817,0.031348184,0.13052726,0.13052726,0.99946284,0.8689356,0.0,0.99946284,0.8998912,0.8689356,0.8738671,-0.0034317994895189017,0.033587053,0.5075908899307251
7299.mp4,normal,0.9826714992523193,0.9444466829299927,0.5045244,0.485606,0.5873414,0.1017354,0.0,0.5873414,0.124960706,0.08281702,0.08654076,-0.007500983148872146,0.1057921,0.40337843,0.40337843,0.84700763,0.4436292,0.0,0.84700763,0.48812473,0.4436292,0.44735846,-0.008249155676412023,0.09175286,0.3494262397289276,0.21293908,0.15965587,0.8719254,0.71226954,0.043478260869565216,0.8719254,0.71394175,0.65898633,0.6755745,-0.004666627219071981,0.048699513,0.12355262,0.09846783,0.93280315,0.8343353,0.0,0.93280315,0.83755094,0.80925053,0.81085855,-0.003024007197425316,0.030602233,0.22044015,0.16429937,1.0001743,0.8358749,0.125,1.0001743,0.84753466,0.77973413,0.7927516,-0.00552356458228569,0.05451988,0.36447882652282715
5809.mp4,normal,0.9645610451698303,0.9270932674407959,0.67612886,0.6057967,0.8297355,0.2239388,0.0,0.8297355,0.32872283,0.15360665,0.1680907,-0.023667319755073593,0.18402047,0.39779443,0.39779443,0.9320587,0.53426427,0.043478260869565216,0.9320587,0.6553321,0.53426427,0.54863375,-0.016635969987971042,0.118820414,0.21215872466564178,0.20843542,0.19145763,0.88964653,0.6981889,0.17391304347826086,0.88964653,0.75057524,0.6812111,0.692959,-0.007800407383752914,0.056057606,0.13052702,0.11865151,0.95401657,0.83536506,0.21739130434782608,0.95401657,0.8674908,0.82348955,0.8300121,-0.005250887849585349,0.037082687,0.18510062,0.18510062,1.0004466,0.81534594,0.125,1.0004466,0.8853381,0.81534594,0.83562887,-0.006415718482888298,0.04809208,0.3945995271205902
7493.mp4,normal,0.9356409311294556,0.8436499834060669,0.42881006,0.3850955,0.5816703,0.19657478,0.08695652173913043,0.7180846,0.32587636,0.15286024,0.17296864,-0.017242143217753983,0.15976995,0.26577944,0.1782741,0.83615357,0.6578795,0.08695652173913043,0.8827971,0.70461714,0.57037413,0.6439898,-0.007473354224159784,0.08258992,0.15689626336097717,0.19079143,0.17587465,0.85515904,0.6792844,0.13043478260869565,0.8704111,0.75446165,0.6643676,0.68670523,-0.008148022261061682,0.061321944,0.10818505,0.088989496,0.92483723,0.83584774,0.08695652173913043,0.93627,0.8615133,0.8166522,0.826108,-0.004287285943747518,0.03833889,0.15848792,0.12795591,1.0000685,0.87211263,0.125,1.0000685,0.90387005,0.8415806,0.84966874,-0.005222719130308756,0.045520823,0.19457097351551056
17049.mp4,normal,0.9901304841041565,0.9772165417671204,0.28914082,0.03670138,0.96190774,0.92520636,0.2608695652173913,0.96190774,0.80767447,0.6727669,0.67769396,0.0036831982875529957,0.093069196,0.077588975,0.01605028,0.97465456,0.9586043,0.2608695652173913,0.97465456,0.9281307,0.8970656,0.8998271,0.0005254006904104404,0.022545556,0.02267487905919552,0.14555621,0.029753208,0.96591854,0.93616533,0.17391304347826086,0.96591854,0.8834386,0.8203623,0.8367976,0.0012140231641384947,0.03771729,0.050027966,0.009373426,0.9805975,0.97122407,0.2608695652173913,0.9805975,0.9508057,0.9305695,0.93134636,0.0003193791793740408,0.015697032,0.046995938,0.0069867373,0.99974847,0.99276173,0.20833333333333334,0.99974847,0.97798365,0.95275253,0.9583198,0.00017431292844853323,0.013812812,0.40021073818206787
16046.mp4,bad,0.9431056380271912,0.8565345406532288,0.48489165,0.30497175,0.6688754,0.36390364,0.08695652173913043,0.6688754,0.3343208,0.18398374,0.26546013,-0.0019374236523398293,0.08962345,0.32550144,0.20943153,0.8900553,0.68062377,0.13043478260869565,0.8900553,0.6751876,0.56455386,0.5920591,-0.0018824070338675232,0.070527524,0.20892775058746338,0.14637029,0.07094145,0.85395956,0.7830181,0.13043478260869565,0.85395956,0.7758799,0.70758927,0.73755664,4.3946999334999005e-05,0.03269903,0.094214976,0.053752303,0.9386828,0.8849305,0.17391304347826086,0.9386828,0.8841152,0.8444678,0.8595051,-8.272388471444165e-05,0.0183588,0.2593522,0.1448031,0.9998713,0.8550682,0.125,0.9998713,0.86198515,0.7405191,0.7886614,-0.0004973650496939129,0.05927711,0.48374032974243164
16179.mp4,bad,0.9624324440956116,0.8876528143882751,0.5260141,0.5228962,0.6550231,0.13212693,0.0,0.6550231,0.21343032,0.12900898,0.13306485,-0.014658063296744014,0.12906888,0.48663783,0.4835849,0.85830724,0.37472233,0.0,0.85830724,0.46698847,0.3716694,0.37504253,-0.01658919456565804,0.13523391,0.2941668927669525,0.35829005,0.35829005,0.84271675,0.4844267,0.08695652173913043,0.84271675,0.6049922,0.4844267,0.5011148,-0.015261438082564966,0.108149596,0.2300272,0.22617954,0.91215926,0.6859797,0.08695652173913043,0.91215926,0.7611553,0.68213207,0.6860178,-0.010836024470480063,0.075649776,0.31546175,0.2869693,0.99926317,0.71229386,0.2916666666666667,0.99926317,0.8112278,0.6838014,0.6943802,-0.013442078180935096,0.09883516,0.32400697469711304
7464.mp4,normal,0.9632371664047241,0.8090823292732239,0.7983176,0.7913995,0.9562655,0.16486603,0.0,0.9562655,0.38499123,0.15794788,0.16937868,-0.024542373925329666,0.2295479,0.39826548,0.37061656,0.97019833,0.5995818,0.17391304347826086,0.97019833,0.73174906,0.57193285,0.5980682,-0.012235540469644557,0.11428647,0.15833218395709991,0.4255191,0.24239475,0.9600812,0.7176865,0.08695652173913043,0.9600812,0.79001194,0.5345621,0.7165319,-0.0090362901390777,0.097754225,0.19264865,0.15639156,0.98158693,0.8251954,0.17391304347826086,0.98158693,0.8900812,0.7889383,0.82501394,-0.005577190709208307,0.049823638,0.21290404,0.0700351,1.0006473,0.9306122,0.08333333333333333,1.0006473,0.9507838,0.7877433,0.9291117,-0.0030039572197458186,0.051920258,0.164548859000206
15609.mp4,bad,0.9815652370452881,0.9612808227539062,0.70881736,0.69968903,0.83768356,0.13799453,0.0,0.83768356,0.2443817,0.12886621,0.13247374,-0.0220007499893428,0.19646889,0.4933694,0.49319777,0.92140627,0.4282085,0.0,0.92140627,0.55521005,0.42803687,0.42901474,-0.020065391664448474,0.14876229,0.3126905560493469,0.22100043,0.21201646,0.8857666,0.67375016,0.043478260869565216,0.8857666,0.7338203,0.6647662,0.67550945,-0.006965259200499457,0.06075879,0.11918551,0.11918551,0.9487973,0.8296118,0.08695652173913043,0.9487973,0.86790067,0.8296118,0.8425303,-0.004205442935581737,0.031460237,0.18483412,0.06735313,1.0002644,0.9329113,0.20833333333333334,1.0002644,0.9267001,0.8154303,0.87283516,4.7400697417871474e-05,0.04201133,0.4178720712661743
6080.mp4,normal,0.9792545437812805,0.9342242479324341,0.47052544,0.4307927,0.79508567,0.36429298,0.0,0.79508567,0.41052017,0.32456023,0.35642904,-0.005640345776505158,0.091734074,0.15954572,0.1478588,0.9214592,0.7736004,0.0,0.9214592,0.78809273,0.7619135,0.77103853,-0.0024905396191027764,0.03411979,0.11167142540216446,0.17849493,0.1548019,0.8964349,0.741633,0.08695652173913043,0.8964349,0.77701604,0.71794,0.7303004,-0.0061716410246762535,0.0524852,0.07529312,0.07273924,0.9549279,0.8821887,0.0,0.9549279,0.8997641,0.8796348,0.88249815,-0.0026712150206207757,0.021009324,0.090111494,0.08523852,0.99997294,0.9147344,0.125,0.99997294,0.9375942,0.90986145,0.9161563,-0.002725794418998409,0.022236893,0.33008459210395813
6954.mp4,good,0.9912132620811462,0.9515705704689026,0.6153239,0.3914441,0.98072135,0.58927727,0.2608695652173913,0.98072135,0.61143225,0.36539745,0.3819266,-0.01693569730393029,0.1713249,0.25349885,0.13833731,0.9856984,0.8473611,0.2608695652173913,0.9856984,0.8454859,0.73219955,0.7346591,-0.006722806117280203,0.07571373,0.09356681257486343,0.1443609,0.10768199,0.98151493,0.87383294,0.17391304347826086,0.98151493,0.8826639,0.83715403,0.84716314,-0.003313692544288795,0.03262439,0.0811947,0.055953085,0.9922071,0.936254,0.2608695652173913,0.9922071,0.93905276,0.9110124,0.9138267,-0.0021097303143603075,0.020836536,0.030403495,0.023139834,0.99939096,0.9762511,0.16666666666666666,0.99939096,0.982385,0.96898746,0.97320163,-0.0008131914294284541,0.007509813,0.4914608895778656
16341.mp4,good,0.9957848191261292,0.9874316453933716,0.09987044,-0.03271699,0.9427277,0.9754447,0.13043478260869565,0.98275346,0.93259686,0.84285724,0.8776907,0.004726759412071921,0.04170088,0.03528297,-0.015358388,0.971086,0.9864444,0.21739130434782608,0.9894234,0.9641042,0.93580306,0.94154894,0.0020366679773971474,0.019118248,0.012479880824685097,0.042440534,-0.026356697,0.94957864,0.97593534,0.30434782608695654,0.9844003,0.9479362,0.9071381,0.9161092,0.002917597475259202,0.026434602,0.019512653,-0.009816468,0.9792954,0.98911184,0.17391304347826086,0.99108064,0.97658396,0.9597827,0.964012,0.001155077350940624,0.010302938,0.019675016,0.0031445026,1.0001287,0.99698424,0.16666666666666666,1.0001287,0.9922101,0.9804537,0.9864598,0.0002608662584553585,0.00509673,0.6232818365097046
16492.mp4,good,0.9505197405815125,0.8897519707679749,0.5757307,0.56598616,0.7675139,0.20152768,0.0,0.7675139,0.28658563,0.19178319,0.19955546,-0.016378969145504386,0.13972934,0.43526682,0.43526682,0.88543475,0.45016792,0.0,0.88543475,0.55123335,0.45016792,0.45172882,-0.016060480634449984,0.11982302,0.23113538324832916,0.2879365,0.22059542,0.842183,0.6215876,0.043478260869565216,0.842183,0.63451123,0.5542465,0.56581587,-0.008068428915951095,0.073902026,0.18384027,0.17480141,0.91738915,0.74258775,0.043478260869565216,0.91738915,0.7823688,0.7335489,0.7416834,-0.006251953041600606,0.047254708,0.24135327,0.18847466,1.0003657,0.8118911,0.041666666666666664,1.0003657,0.84121484,0.75901246,0.7878341,-0.00677205725856452,0.05869356,0.27981075644493103
17418.mp4,bad,0.9876214861869812,0.951276421546936,0.16983652,0.12966156,0.9430132,0.81335163,0.043478260869565216,0.9430132,0.8199264,0.77317667,0.7884937,-0.00463406134971047,0.039931346,0.06894243,0.062677026,0.9711343,0.9084573,0.0,0.9711343,0.9165707,0.9021919,0.90597165,-0.0014364003192765885,0.01579074,0.033036984503269196,0.07967782,0.063658476,0.94479585,0.8811374,0.13043478260869565,0.94479585,0.8856676,0.865118,0.8672561,-0.001687634839370803,0.018263124,0.035411775,0.029436946,0.9761226,0.9466857,0.08695652173913043,0.9761226,0.9496079,0.94071084,0.94318545,-0.0004472641841225004,0.0072972397,0.14501709,0.101395905,0.9999208,0.8985249,0.125,0.9999208,0.90422535,0.8549037,0.877105,-0.0003753650965898243,0.027438099,0.38497036695480347
15187.mp4,good,0.9447752237319946,0.8957037925720215,0.20129053,0.09451449,0.36468714,0.27017266,0.13043478260869565,0.36468714,0.2611234,0.16339661,0.1970011,0.0008582345434563902,0.043116108,0.25467157,0.10861933,0.7344179,0.6257986,0.13043478260869565,0.7344179,0.6057988,0.47974634,0.53612775,0.002248510659447768,0.05198924,0.2322012037038803,0.10276693,0.07694465,0.7942435,0.71729887,0.13043478260869565,0.7942435,0.7303981,0.6914766,0.706023,-0.001468575519064207,0.022005843,0.07600677,0.058783293,0.89512706,0.83634377,0.13043478260869565,0.89512706,0.838,0.8191203,0.82192487,-0.0008790243873483062,0.015621811,0.118009746,0.0893392,1.0006648,0.91132563,0.16666666666666666,1.0006648,0.9163816,0.8826551,0.8883555,-0.0008844447913377296,0.025153404,0.43157511949539185
15016.mp4,normal,0.9422969818115234,0.8540142774581909,0.22071007,0.21118271,0.3603481,0.14916539,0.0,0.3603481,0.17276376,0.13963804,0.14117971,-0.0053340545432134095,0.052174907,0.43790615,0.42258072,0.7143115,0.29173076,0.0,0.7143115,0.35990056,0.27640533,0.2872495,-0.013273822489698897,0.11057417,0.2694810926914215,0.48608857,0.47225615,0.83283746,0.3605813,0.0,0.83283746,0.44526142,0.3467489,0.3549147,-0.01686007541276722,0.14025061,0.37196314,0.3596303,0.9053242,0.54569393,0.0,0.9053242,0.62938166,0.5333611,0.5428312,-0.015176083318329613,0.11539309,0.38152516,0.318465,1.0005457,0.68208075,0.0,1.0005457,0.7180684,0.6190206,0.6327199,-0.009822548316872669,0.10558542,0.10738762468099594
17350.mp4,bad,0.9967630505561829,0.9926785230636597,0.618523,0.618523,0.9146013,0.29607832,0.043478260869565216,0.9146013,0.47039858,0.29607832,0.32426333,-0.021310918710448542,0.15737846,0.24461591,0.24461591,0.95973086,0.71511495,0.17391304347826086,0.95973086,0.81597966,0.71511495,0.7370088,-0.009133140795786877,0.061724085,0.09453164041042328,0.2578777,0.2578777,0.9367569,0.6788792,0.13043478260869565,0.9367569,0.8225678,0.6788792,0.73364246,-0.007335926409766609,0.058352184,0.120756924,0.120756924,0.9793797,0.8586228,0.13043478260869565,0.9793797,0.9105114,0.8586228,0.8750026,-0.003931637102436181,0.028043056,0.07051849,0.07051849,1.0000225,0.92950404,0.125,1.0000225,0.9755208,0.92950404,0.95239174,-0.001954776592876629,0.016818864,0.3498534560203552
6328.mp4,good,0.894619345664978,0.4919658303260803,0.1851412,0.15362065,0.2939278,0.14030714,0.0,0.2939278,0.14701132,0.108786575,0.11685434,-0.002713251454026804,0.040537972,0.18528652,0.18528652,0.7565652,0.5712787,0.13043478260869565,0.7565652,0.6375293,0.5712787,0.57826483,-0.008025259427402344,0.058238517,0.17944654822349548,0.38533276,0.18316597,0.7530169,0.5698509,0.17391304347826086,0.7530169,0.56516457,0.36768413,0.40224588,0.003145556970547313,0.090740934,0.1135754,0.1135754,0.89456475,0.78098935,0.17391304347826086,0.89456475,0.8169758,0.78098935,0.7875282,-0.0029195822156936582,0.028238064,0.47962427,0.30936718,1.0001166,0.6907494,0.125,1.0001166,0.7309883,0.5204923,0.5765573,-0.0014790286188540484,0.105472594,0.2194732427597046
16501.mp4,good,0.9833545088768005,0.9524006843566895,0.0958986,-0.06442374,0.34174865,0.4061724,0.2608695652173913,0.597716,0.40061155,0.24585006,0.2796871,0.007712794622413725,0.08987716,0.0930267,-0.09176135,0.69127643,0.7830378,0.21739130434782608,0.85161257,0.75023645,0.59824973,0.62137735,0.007766670978116429,0.074897975,0.1275867223739624,0.10625595,0.07367551,0.7682143,0.6945388,0.13043478260869565,0.7682143,0.71033114,0.66195834,0.67628574,-0.0017481988715560262,0.02966935,0.032899797,0.0073320866,0.8843681,0.87703604,0.17391304347826086,0.9053596,0.8778231,0.8514683,0.86190003,0.0007325040964269934,0.012061314,0.075294554,0.06417096,1.0002089,0.9360379,0.08333333333333333,1.0002089,0.94518036,0.9249143,0.9354788,-0.0008918349639229286,0.013930832,0.3791637420654297
16619.mp4,good,0.9892674088478088,0.9699535965919495,0.5844245,0.5669162,0.7603402,0.19342397,0.2608695652173913,0.8072128,0.4669839,0.1759157,0.19803147,-0.032886669186970946,0.22291352,0.35184282,0.35184282,0.91645133,0.5646085,0.2608695652173913,0.92653763,0.7553518,0.5646085,0.5817913,-0.018874031988528397,0.1268237,0.12139426916837692,0.24550378,0.24550378,0.8577028,0.612199,0.21739130434782608,0.8742702,0.74499005,0.612199,0.6295473,-0.012138820036126695,0.08281998,0.14369214,0.14369214,0.95511794,0.8114258,0.2608695652173913,0.95511794,0.876746,0.8114258,0.81699175,-0.00743820338616728,0.05031052,0.08857292,0.07711792,1.0000045,0.9228866,0.25,1.0000045,0.9618912,0.9114316,0.92626745,-0.0037073531098988,0.027237047,0.4945344030857086
15852.mp4,normal,0.9945483207702637,0.9816396236419678,0.7152873,0.6917729,0.94870234,0.25692946,0.0,0.94870234,0.38756508,0.23341498,0.23975912,-0.027299876107646538,0.23829708,0.18167698,0.1682083,0.9761207,0.8079124,0.0,0.9761207,0.8372182,0.7944437,0.8010523,-0.006598086814164175,0.05502494,0.08920062333345413,0.16463304,0.15647954,0.95377886,0.7972993,0.0,0.95377886,0.8287559,0.7891458,0.7946096,-0.005968654697591607,0.049501266,0.071706176,0.06509042,0.98158073,0.9164903,0.0,0.98158073,0.9264189,0.90987456,0.9117625,-0.0025068509720059876,0.021042516,0.05915177,0.04741192,1.0002136,0.9528017,0.041666666666666664,1.0002136,0.9630432,0.94106185,0.949915,-0.0019062731317851809,0.01691832,0.5555328130722046
7037.mp4,bad,0.9409835934638977,0.8734939098358154,0.5123624,0.5123624,0.70363504,0.1912726,0.0,0.70363504,0.27205482,0.1912726,0.20842482,-0.012018714983590506,0.115741916,0.40394568,0.40394568,0.88809854,0.48415285,0.08695652173913043,0.88809854,0.61267227,0.48415285,0.50576377,-0.015198549086397338,0.1094293,0.23452642560005188,0.2601223,0.23830932,0.84626544,0.6079561,0.21739130434782608,0.84626544,0.71763295,0.58614314,0.61204517,-0.009048774249468879,0.068010285,0.15425283,0.14493394,0.93922186,0.7942879,0.2608695652173913,0.93922186,0.84719884,0.78496903,0.79467577,-0.005912852145937586,0.04123704,0.19399798,0.14081818,1.0002387,0.8594205,0.08333333333333333,1.0002387,0.8997505,0.8062407,0.862213,-0.0028199951804202717,0.042860914,0.32194316387176514
6732.mp4,good,0.9931308031082153,0.9796486496925354,0.71754867,0.68709457,0.9461352,0.25904062,0.0,0.9461352,0.35661155,0.22858654,0.23402336,-0.020736039862802386,0.19687681,0.39802837,0.35400552,0.97320324,0.6191977,0.043478260869565216,0.97320324,0.6927394,0.57517487,0.5859403,-0.012902852928214399,0.11355394,0.17941179871559143,0.31442547,0.2698313,0.9551288,0.6852975,0.08695652173913043,0.9551288,0.74852395,0.6407033,0.66582435,-0.006766049404860488,0.08539473,0.16422522,0.14948559,0.98220885,0.83272326,0.08695652173913043,0.98220885,0.87215126,0.8179836,0.8273129,-0.0043334037418893195,0.0475855,0.04271674,0.033890188,1.000062,0.9661718,0.041666666666666664,1.000062,0.9738062,0.95734525,0.9630363,-0.0012929121826006312,0.01310411,0.3652043640613556
7381.mp4,bad,0.9374767541885376,0.8053320646286011,0.9331228,0.8898381,0.97888273,0.08904466,0.0,0.97888273,0.26430038,0.045759924,0.0608525,-0.03408282906877194,0.2786835,0.636464,0.43226087,0.98828924,0.55602837,0.17391304347826086,0.98828924,0.61200637,0.35182524,0.37843418,-0.02106400264110492,0.19100639,0.236529141664505,0.41215938,0.29503334,0.9788828,0.68384945,0.17391304347826086,0.9788828,0.74577105,0.5667234,0.62436956,-0.01413164220073005,0.11337652,0.27477735,0.1555214,0.98934776,0.83382636,0.17391304347826086,0.98934776,0.84853554,0.7145704,0.76535696,-0.008251981242843324,0.07607332,0.26492417,0.13291252,1.0000955,0.86718297,0.20833333333333334,1.0000955,0.88754827,0.7351713,0.7789723,-0.008147785689519805,0.08169561,0.2768280506134033
16163.mp4,good,0.9475670456886292,0.8337603807449341,0.400343,0.38719332,0.5798788,0.19268548,0.0,0.5798788,0.23957883,0.1795358,0.19249263,-0.007642987261529966,0.09391651,0.3871164,0.3868715,0.8512939,0.46442243,0.0,0.8512939,0.5304919,0.46417752,0.4678964,-0.010540473219669843,0.096856795,0.27408820390701294,0.2677127,0.2677127,0.85695845,0.58924574,0.2608695652173913,0.85695845,0.67387253,0.58924574,0.59410566,-0.009195016365748617,0.06743258,0.17870873,0.17870873,0.9217341,0.74302536,0.30434782608695654,0.9217341,0.8045801,0.74302536,0.74606013,-0.006785952290998612,0.0474362,0.41976154,0.41239607,1.0002093,0.58781326,0.2916666666666667,1.0002093,0.74995637,0.5804478,0.5884006,-0.017127087945523468,0.12375061,0.26797235012054443
6346.mp4,good,0.9888997077941895,0.9525124430656433,0.6328733,0.62127054,0.95329094,0.33202043,0.0,0.95329094,0.5142733,0.32041764,0.33216012,-0.03243977128870405,0.25733075,0.22299504,0.20932317,0.9772378,0.76791465,0.0,0.9772378,0.825198,0.7542428,0.7570767,-0.010834198047521067,0.087871596,0.09174042195081711,0.19698614,0.1760093,0.9557817,0.7797724,0.043478260869565216,0.9557817,0.83206904,0.75879556,0.7810098,-0.008449265195918178,0.06501303,0.09929502,0.09454155,0.98498476,0.8904432,0.0,0.98498476,0.9169384,0.88568974,0.8899689,-0.0045558769594539646,0.0364659,0.09006572,0.07381618,1.0005294,0.9267132,0.041666666666666664,1.0005294,0.9457088,0.9104637,0.91536504,-0.0038646582157715738,0.033682566,0.39977890253067017
7438.mp4,normal,0.9826924800872803,0.9115574955940247,0.5130064,0.4293266,0.8966196,0.46729302,0.043478260869565216,0.8966196,0.56222665,0.38361323,0.4112611,-0.019370468826633194,0.15963897,0.16384,0.14635068,0.9562207,0.80987,0.21739130434782608,0.9562207,0.84965086,0.7923807,0.7940691,-0.006514861237390251,0.051281497,0.08494529873132706,0.12161839,0.098844945,0.9360796,0.8372347,0.21739130434782608,0.9360796,0.8579481,0.81446123,0.81893957,-0.00353361860565518,0.030052735,0.059532344,0.04717368,0.9707687,0.923595,0.2608695652173913,0.9707687,0.9345962,0.91123635,0.9145022,-0.0019384814580909865,0.01570193,0.079745114,0.031047523,0.9992997,0.9682522,0.25,0.9992997,0.96446204,0.9195546,0.9399826,-0.0018180642438971476,0.018856145,0.39579808712005615
15506.mp4,bad,0.989879846572876,0.9833804368972778,0.6511203,0.6470965,0.8511579,0.20406136,0.0,0.8511579,0.33035782,0.20003763,0.20175907,-0.02341841881277534,0.18756875,0.23039067,0.22637415,0.94390476,0.7175306,0.0,0.94390476,0.7691059,0.7135141,0.7176211,-0.008968130873126014,0.068176806,0.13667519390583038,0.14560217,0.14560217,0.8927788,0.74717665,0.0,0.8927788,0.79375273,0.74717665,0.7499899,-0.00655806300197194,0.047248907,0.073607564,0.073607564,0.95781434,0.8842068,0.0,0.95781434,0.90578115,0.8842068,0.885945,-0.0031630403321722253,0.023259092,0.052929163,0.047372818,0.99930996,0.95193714,0.16666666666666666,0.99930996,0.96471673,0.9463808,0.94834584,-0.0018342771996622516,0.015482044,0.4019433259963989
6636.mp4,bad,0.9562250971794128,0.8363757133483887,0.0727189,0.016824096,0.19812503,0.18130094,0.043478260869565216,0.20706147,0.18572642,0.12540613,0.17847736,0.00021775211152351968,0.01586271,0.10519773,0.014039218,0.6048078,0.5907686,0.043478260869565216,0.64304787,0.59159255,0.49961007,0.5789462,0.0003995596184560927,0.026392972,0.27074962854385376,0.036411583,0.009916425,0.7419661,0.7320497,0.08695652173913043,0.79629314,0.7395267,0.70555454,0.7272787,-0.0006088797047204165,0.017433666,0.0072722435,-0.012072206,0.8514249,0.8634971,0.13043478260869565,0.89918983,0.8623422,0.8441526,0.8492043,-5.849524448983787e-05,0.013290628,0.15236092,0.083765745,0.99960864,0.9158429,0.041666666666666664,0.99960864,0.91380215,0.8472477,0.9025236,-0.00016544380913610565,0.023181489,0.4680623412132263
6112.mp4,bad,0.9600139260292053,0.8575582504272461,0.69303787,0.33318874,0.75439835,0.4212096,0.17391304347826086,0.7947382,0.36876526,0.0613605,0.11059642,-0.021141984864421526,0.21364942,0.5369069,0.10700381,0.90769506,0.80069125,0.13043478260869565,0.91455877,0.73512244,0.37078816,0.5351147,-0.014491250156885092,0.14676175,0.16883811354637146,0.26777673,0.09446591,0.91297114,0.8185052,0.17391304347826086,0.91297114,0.8105016,0.6451944,0.72252834,-0.008980442883940096,0.07865908,0.17764097,0.042241216,0.959774,0.9175328,0.13043478260869565,0.959774,0.9039604,0.78213304,0.85143435,-0.005510250982559717,0.049871087,0.21014863,0.033226132,0.99992365,0.9666975,0.16666666666666666,0.99992365,0.94613814,0.789775,0.884404,-0.004840773551360444,0.053438712,0.398639440536499
16066.mp4,good,0.9618172645568848,0.870157778263092,0.7410394,0.7410394,0.9137062,0.17266682,0.0,0.9137062,0.30356246,0.17266682,0.17597726,-0.024962397152373902,0.21175323,0.45911545,0.45751435,0.95906276,0.5015484,0.0,0.95906276,0.6321716,0.4999473,0.5051334,-0.020342013463672426,0.1471721,0.22696639597415924,0.29811484,0.2301715,0.93151844,0.70134693,0.13043478260869565,0.93151844,0.73844886,0.6334036,0.65919477,-0.009678567763373806,0.077574275,0.16456282,0.14480227,0.9723406,0.8275383,0.08695652173913043,0.9723406,0.8591379,0.80777776,0.82772666,-0.0055235264447366685,0.04351225,0.1370945,0.12676579,1.000099,0.87333316,0.125,1.000099,0.9121503,0.86300445,0.87396365,-0.004702956184096983,0.037883453,0.37862834334373474
16286.mp4,normal,0.9822810888290405,0.9729383587837219,0.32381797,0.32003194,0.45379865,0.13376671,0.0,0.45379865,0.18380061,0.12998067,0.1345314,-0.008378000863691564,0.07155822,0.45407277,0.45407277,0.7976034,0.34353065,0.0,0.7976034,0.4232911,0.34353065,0.34536043,-0.014217933352756874,0.11718581,0.41324272751808167,0.11195111,0.087281466,0.7870033,0.6997218,0.2608695652173913,0.79036975,0.73525774,0.67505217,0.698099,-0.004502476204054161,0.033467162,0.10667968,0.10667968,0.90082824,0.79414856,0.2608695652173913,0.90082824,0.83653384,0.79414856,0.79672056,-0.004899576895321792,0.033105474,0.0982641,0.0982641,0.99954665,0.90128255,0.20833333333333334,0.99954665,0.94874334,0.90128255,0.904491,-0.0036173892021179373,0.026916508,0.42413079738616943
7221.mp4,bad,0.9800516366958618,0.926719605922699,0.4765622,0.21339482,0.73827016,0.52487534,0.0,0.73827016,0.39066666,0.26170796,0.2666676,-0.0023624653754969363,0.13014431,0.3098815,0.08188915,0.894003,0.8121138,0.17391304347826086,0.894003,0.7098336,0.58412147,0.5984942,-0.0034940908313268832,0.09729907,0.15764616429805756,0.22785646,0.006479323,0.8795671,0.87308776,0.17391304347826086,0.8795671,0.76573133,0.6517106,0.6664013,-0.0030433419547062166,0.08123776,0.14125144,0.014596045,0.9408162,0.9262202,0.21739130434782608,0.9408162,0.86747974,0.7995648,0.8113751,-0.001675054313165876,0.04664904,0.11191189,0.023476422,1.0000992,0.97662276,0.20833333333333334,1.0000992,0.9417241,0.8881873,0.9047389,-0.0012806299199229077,0.029325696,0.48415470123291016
7052.mp4,good,0.929323673248291,0.6160508990287781,0.63330233,0.62203526,0.8189935,0.19695823,0.0,0.8189935,0.2662803,0.18569121,0.19719505,-0.011297649781223348,0.12701385,0.30362916,0.27346933,0.9177171,0.6442478,0.13043478260869565,0.9177171,0.6964113,0.61408794,0.62430286,-0.008775945885379326,0.06958946,0.15737561881542206,0.24347293,0.20022321,0.8670566,0.6668334,0.17391304347826086,0.8670566,0.70703423,0.6235837,0.64492464,-0.007218343526007153,0.05755791,0.13727915,0.115513265,0.9450542,0.8295409,0.13043478260869565,0.9450542,0.8537868,0.807775,0.81946254,-0.003790797334414723,0.030534063,0.33387423,0.2697708,1.0002359,0.7304651,0.08333333333333333,1.0002359,0.7816166,0.6663617,0.7159286,-0.008125293876813825,0.07643904,0.3637920618057251
15870.mp4,bad,0.9954690337181091,0.9838011264801025,0.15508145,0.011896849,0.9815021,0.96960527,0.13043478260869565,0.9815021,0.93013304,0.82642066,0.8527689,0.004149592971142115,0.044789184,0.04905528,0.0044445395,0.9871231,0.98267853,0.17391304347826086,0.9871231,0.968398,0.9380678,0.94488484,0.0014942441533205438,0.015309512,0.008439473807811737,0.075873494,0.011896968,0.98150206,0.9696051,0.17391304347826086,0.98150206,0.94578207,0.90562856,0.91365874,0.0021225473744124713,0.02339044,0.02754116,0.0054692626,0.99023294,0.9847637,0.17391304347826086,0.99023294,0.9768374,0.9626918,0.9652801,0.0007291243599337483,0.008473699,0.019095063,0.00418067,1.0000722,0.9958916,0.16666666666666666,1.0000722,0.991384,0.9809772,0.983163,0.0003107503445251908,0.0055242153,0.5290951728820801
16945.mp4,bad,0.9907614588737488,0.9851875305175781,0.70575166,0.7025284,0.8240891,0.12156071,0.0,0.8240891,0.19098938,0.11833744,0.12169141,-0.014515618333526749,0.16092698,0.45358795,0.45358795,0.92474425,0.4711563,0.0,0.92474425,0.58643514,0.4711563,0.47569486,-0.01829237099221573,0.13588704,0.2867598235607147,0.17830646,0.17425299,0.898276,0.724023,0.043478260869565216,0.898276,0.76676965,0.7199695,0.7241439,-0.0059231467868970785,0.04641986,0.12147367,0.11515266,0.96117383,0.8460212,0.08695652173913043,0.96117383,0.8731949,0.83970016,0.8440269,-0.004203474509857398,0.032871187,0.042079747,0.042079747,1.0002928,0.95821303,0.16666666666666666,1.0002928,0.9736197,0.95821303,0.96113247,-0.0016239924534507566,0.011939921,0.49211636185646057
6428.mp4,normal,0.9748026728630066,0.9286072254180908,0.8183335,0.7022251,0.9835523,0.28132716,0.0,0.9835523,0.28918603,0.1652188,0.17446288,-0.015496312011136376,0.21286374,0.36068386,0.26008916,0.9881924,0.7281032,0.0,0.9881924,0.7156002,0.6275085,0.64744693,-0.0060080547224391585,0.089731306,0.1752452403306961,0.31443423,0.18921143,0.9842308,0.7950194,0.08695652173913043,0.9842308,0.7586589,0.6697966,0.6888856,-0.001650081203860261,0.076248154,0.13988817,0.08439481,0.990775,0.9063802,0.043478260869565216,0.990775,0.8908454,0.8508868,0.8639496,-0.001172453989624484,0.033175293,0.093407094,0.03699386,0.99991715,0.9629233,0.125,0.99991715,0.9394004,0.90651006,0.91164863,-0.0006489004259524311,0.027060455,0.45715203881263733
15407.mp4,normal,0.9620395302772522,0.8903887271881104,0.5109974,0.5109974,0.63575774,0.12476033,0.0,0.63575774,0.2627575,0.12476033,0.14651576,-0.019594503058628608,0.15545253,0.4921006,0.4921006,0.8478151,0.3557145,0.13043478260869565,0.8478151,0.5638,0.3557145,0.41918078,-0.020134364339438358,0.14121136,0.22142218053340912,0.32300544,0.32300544,0.83271456,0.5097091,0.08695652173913043,0.83271456,0.673624,0.5097091,0.61630076,-0.010277923034585046,0.07616397,0.25391614,0.25391614,0.89998204,0.6460659,0.13043478260869565,0.89998204,0.7852222,0.6460659,0.7234323,-0.008605753421312286,0.061855678,0.35004187,0.35004187,1.0006216,0.6505797,0.08333333333333333,1.0006216,0.87341243,0.6505797,0.82904404,-0.008187772735305474,0.06721186,0.3074401617050171
6905.mp4,good,0.9596227407455444,0.8498052358627319,0.83790225,0.83790225,0.97533405,0.1374318,0.0,0.97533405,0.29068634,0.1374318,0.14285478,-0.02550958550494652,0.21022661,0.36682832,0.35608447,0.984298,0.6282135,0.08695652173913043,0.984298,0.7176449,0.61746967,0.628906,-0.012328947132284001,0.09656716,0.1399124562740326,0.37683147,0.37683147,0.9753339,0.59850246,0.08695652173913043,0.9753339,0.70346344,0.59850246,0.6411398,-0.009604644751831494,0.09104899,0.18318689,0.18318689,0.9874082,0.80422133,0.043478260869565216,0.9874082,0.8575575,0.80422133,0.8174962,-0.005502731373658769,0.04720724,0.23275256,0.23275256,1.0002568,0.7675042,0.125,1.0002568,0.8807828,0.7675042,0.8168034,-0.00788771675980611,0.0649387,0.2664335370063782
6716.mp4,bad,0.9930972456932068,0.953761637210846,0.79317886,0.79317886,0.93686557,0.14368673,0.34782608695652173,0.93686557,0.3534746,0.14368673,0.1462694,-0.02592892997820858,0.1948454,0.44890833,0.44890833,0.97071254,0.5218042,0.34782608695652173,0.97071254,0.6975038,0.5218042,0.52447486,-0.019403087232895033,0.13817225,0.18812094628810883,0.27518868,0.2725805,0.9535301,0.68094957,0.34782608695652173,0.9535301,0.77187794,0.6783414,0.6810268,-0.009917529204146212,0.07365659,0.15009731,0.14948839,0.98119634,0.83170795,0.34782608695652173,0.98119634,0.8856246,0.83109903,0.83168286,-0.006041607484515947,0.04330888,0.051240563,0.048585653,1.0004387,0.95185304,0.3333333333333333,1.0004387,0.9735357,0.9491981,0.95162696,-0.00222032248973848,0.016312834,0.35792261362075806
7444.mp4,bad,0.9764112234115601,0.9011967778205872,0.85775065,0.71186364,0.9822327,0.27036908,0.0,0.9822327,0.25649333,0.124482036,0.12910073,-0.011254715957778256,0.20449603,0.4113546,0.14963013,0.9824329,0.8328028,0.13043478260869565,0.9824329,0.7005603,0.5710783,0.57555723,0.00022749602794647686,0.11710468,0.17717008292675018,0.36554325,0.16173398,0.9822328,0.8204988,0.21739130434782608,0.9822328,0.75234854,0.61668956,0.63462466,0.0013489982356195932,0.09112281,0.16960144,0.059288085,0.9874159,0.9281278,0.17391304347826086,0.9874159,0.8777303,0.81781447,0.8215481,0.000545646362153912,0.04520165,0.16308993,0.045547307,0.99983925,0.95429194,0.16666666666666666,0.99983925,0.9074526,0.8367493,0.84769595,0.00019081932047135874,0.0497431,0.3172176778316498
6659.mp4,normal,0.981182336807251,0.9192923307418823,0.66296506,0.65457815,0.94947046,0.2948923,0.0,0.94947046,0.39441586,0.2865054,0.29037938,-0.016888788625185672,0.15969652,0.23460513,0.20321298,0.9654577,0.7622447,0.043478260869565216,0.9654577,0.7955489,0.73085254,0.76141566,-0.005885905192303558,0.05180436,0.11350340396165848,0.17702842,0.1503197,0.95338464,0.80306494,0.0,0.95338464,0.8068205,0.7763562,0.7790284,-0.0027817963611467106,0.037202645,0.08744478,0.077331066,0.976578,0.89924693,0.043478260869565216,0.976578,0.9090524,0.8891332,0.8975234,-0.0020157380301961793,0.018993419,0.08437514,0.058125913,0.99944425,0.94131833,0.08333333333333333,0.99944425,0.94110423,0.9150691,0.9224371,-0.0018450577362724165,0.020445302,0.5274112224578857
6901.mp4,bad,0.9769935011863708,0.955460786819458,0.80357414,0.7400965,0.9719505,0.23185396,0.043478260869565216,0.9719505,0.47608948,0.16837631,0.19897506,-0.04041735658591447,0.29669395,0.43221414,0.38170093,0.97958726,0.5978863,0.13043478260869565,0.97958726,0.72793794,0.5473731,0.55304897,-0.022293556466875364,0.16520593,0.15452398359775543,0.282669,0.25488138,0.9747705,0.7198891,0.13043478260869565,0.9747705,0.7973234,0.6921015,0.69945765,-0.013166333375712148,0.09453095,0.17541152,0.15736455,0.9865398,0.82917523,0.17391304347826086,0.9865398,0.88246197,0.81112826,0.81672305,-0.008803557206990689,0.06350104,0.13679463,0.13675326,0.99968606,0.8629328,0.20833333333333334,0.99968606,0.93291116,0.86289144,0.8739494,-0.006670393295910074,0.049605034,0.17961043119430542
17400.mp4,good,0.9996743202209473,0.9989785552024841,0.043373704,0.027969718,0.993117,0.96514726,0.21739130434782608,0.993117,0.97366107,0.9497433,0.9539291,-0.00023400860106048457,0.012222958,0.020988584,0.013730526,0.99650866,0.98277813,0.21739130434782608,0.99650866,0.9863716,0.9755201,0.98050773,-0.00012197053950766161,0.004973191,0.0027975491248071194,0.041264057,0.026115656,0.993117,0.9670013,0.17391304347826086,0.993117,0.97486687,0.9518529,0.9600933,-0.00025859251323894866,0.011011462,0.013643801,0.009615183,0.99654543,0.98693025,0.17391304347826086,0.99654543,0.9891692,0.98290163,0.98332816,-6.236495236634219e-05,0.0037993253,0.003571391,0.0026862025,1.0004681,0.99778193,0.25,1.0004681,0.9982283,0.99689674,0.99703103,-3.1533681828056564e-05,0.0008751125,0.5990121364593506
7388.mp4,bad,0.9828972220420837,0.8795864582061768,0.7219205,0.7219205,0.8400768,0.118156284,0.13043478260869565,0.8400768,0.40229052,0.118156284,0.28230703,-0.013971356564595304,0.12742996,0.44459018,0.44459018,0.9311272,0.486537,0.13043478260869565,0.9311272,0.75268704,0.486537,0.6821855,-0.008936926869771227,0.07815456,0.15226180851459503,0.20270163,0.20270163,0.8966457,0.6939441,0.08695652173913043,0.8966457,0.83085763,0.6939441,0.80116653,-0.004141028572919326,0.03659181,0.12523508,0.12523508,0.954664,0.8294289,0.08695652173913043,0.954664,0.9049488,0.8294289,0.89117694,-0.0023688655714743795,0.02088831,0.08756888,0.08756888,1.0006161,0.9130472,0.041666666666666664,1.0006161,0.9618309,0.9130472,0.9522546,-0.0013789295113605122,0.014604371,0.4225957989692688
15903.mp4,normal,0.9905738234519958,0.977628767490387,0.7496627,0.7120337,0.94817007,0.23613638,0.0,0.94817007,0.33437675,0.19850738,0.22041444,-0.02049593079702658,0.21661323,0.22783381,0.22783381,0.97299814,0.74516433,0.043478260869565216,0.97299814,0.8077501,0.74516433,0.76156986,-0.007195736461948519,0.05699983,0.08751635253429413,0.22355711,0.17652202,0.9485018,0.7719798,0.043478260869565216,0.9485018,0.7790758,0.7249447,0.7394432,-0.004553337636672456,0.05287453,0.1011799,0.097581565,0.97584444,0.8782629,0.0,0.97584444,0.89526635,0.87466455,0.8776795,-0.002803533974843543,0.025900029,0.037223935,0.033432662,0.9996455,0.9662128,0.041666666666666664,0.9996455,0.9752917,0.96242154,0.9664312,-0.0010028154176214778,0.009555013,0.3141913414001465
5974.mp4,good,0.9288090467453003,0.862874448299408,0.5210219,0.47159562,0.57076025,0.099164635,0.08695652173913043,0.57076025,0.1923302,0.049738333,0.07670386,-0.014303122628701061,0.12284378,0.5413892,0.4388755,0.8440428,0.40516728,0.21739130434782608,0.8440428,0.5243826,0.30265355,0.35198852,-0.019221203836056557,0.14807329,0.33013486862182617,0.21330357,0.17566895,0.86224985,0.6865809,0.13043478260869565,0.86224985,0.7286897,0.6489463,0.6729812,-0.006606731195694855,0.055099122,0.12367183,0.098394156,0.9336027,0.83520854,0.17391304347826086,0.9336027,0.85451746,0.80993086,0.8143973,-0.004375033993494848,0.032165747,0.25603282,0.1790092,0.9998523,0.8208431,0.125,0.9998523,0.8695945,0.7438195,0.8093856,-0.005566497833832464,0.057503622,0.3969123363494873
17148.mp4,bad,0.9995898604393005,0.9982590675354004,0.14038754,0.11869484,0.93925595,0.8205611,0.21739130434782608,0.93925595,0.8673019,0.7988684,0.81358445,-0.0057881783708753414,0.039697263,0.040517867,0.036631644,0.9673723,0.93074065,0.2608695652173913,0.9686557,0.9460271,0.92685443,0.9294062,-0.001912340992995393,0.012888699,0.021200407296419144,0.060553014,0.049830914,0.9572042,0.9073733,0.13043478260869565,0.9572042,0.91944647,0.8966512,0.9026191,-0.00209306092130339,0.015562864,0.021969438,0.018195331,0.98039794,0.9622026,0.08695652173913043,0.98039794,0.9672276,0.9584285,0.96146196,-0.0009127751051672914,0.006399994,0.0045027137,0.004137218,0.99941266,0.99527544,0.125,0.99941266,0.99614614,0.99490994,0.9951128,-0.00013208806514740975,0.0010584696,0.49678319692611694
6418.mp4,bad,0.9484036564826965,0.7310557961463928,0.79505634,0.36361605,0.9427016,0.5790855,0.30434782608695654,0.9427016,0.48095196,0.14764526,0.22484343,0.013044794483971688,0.22213344,0.38333488,0.13069057,0.9681666,0.837476,0.21739130434782608,0.9681666,0.7892273,0.5848317,0.67472047,0.005725527174859187,0.098390326,0.10534299165010452,0.35564637,0.10505605,0.95097625,0.8459202,0.17391304347826086,0.95097625,0.779942,0.5953299,0.6819174,0.005848819677066434,0.08731476,0.1472249,0.058727503,0.9758836,0.9171561,0.13043478260869565,0.9758836,0.89457023,0.8286587,0.85870284,0.0018268584498303416,0.03530744,0.25456226,0.056723475,1.0001925,0.94346905,0.2916666666666667,1.0001925,0.88439584,0.74563026,0.75231546,0.00569332832875457,0.08810101,0.22005930542945862
15756.mp4,bad,0.930162250995636,0.7431080341339111,0.28618035,0.28590935,0.31920344,0.033294078,0.0,0.31920344,0.06328923,0.033023097,0.03446212,-0.0056213665230884415,0.062100094,0.45723853,0.45723853,0.6602296,0.2029911,0.0,0.6602296,0.2755078,0.2029911,0.20518756,-0.0135708988714124,0.12403881,0.2568807899951935,0.585253,0.585253,0.80992717,0.22467417,0.0,0.80992717,0.32928884,0.22467417,0.2301468,-0.0181794788231963,0.16827562,0.46550834,0.46550834,0.8961295,0.43062115,0.0,0.8961295,0.53238857,0.43062115,0.434974,-0.017450022927150425,0.14297472,0.70144725,0.70144725,0.99943745,0.2979902,0.0,0.99943745,0.46368393,0.2979902,0.3176049,-0.025072151577991003,0.21280272,0.15959390997886658
16095.mp4,good,0.9912795424461365,0.9740990996360779,0.42322892,0.38066232,0.95043063,0.5697683,0.0,0.95043063,0.61400527,0.5272017,0.54179484,-0.010568203721121834,0.103354864,0.15091628,0.1468119,0.9726278,0.8258159,0.0,0.9726278,0.85540813,0.82171154,0.82301414,-0.004435086085391129,0.036928985,0.04852081462740898,0.1981641,0.19318783,0.9504305,0.7572427,0.0,0.9504305,0.78976095,0.7522664,0.7586573,-0.005098334355316621,0.047300186,0.09288132,0.09230435,0.9770235,0.88471913,0.0,0.9770235,0.9039291,0.88414216,0.8857178,-0.0026004720817912933,0.022110201,0.043011665,0.043011665,0.9996501,0.95663846,0.0,0.9996501,0.96607924,0.95663846,0.95716697,-0.0012397014058154608,0.010885316,0.5030776262283325
5682.mp4,normal,0.9875634908676147,0.9509661197662354,0.73349434,0.7290254,0.9801324,0.25110698,0.08695652173913043,0.9801324,0.5446847,0.24663804,0.25091502,-0.04142775576517516,0.29383007,0.29971433,0.29754913,0.99098706,0.69343793,0.30434782608695654,0.99098706,0.81962055,0.69127274,0.6928276,-0.0166573625190456,0.11558913,0.10787736624479294,0.21583545,0.20858997,0.98013246,0.7715425,0.2608695652173913,0.98013246,0.8486572,0.764297,0.7719357,-0.010186735231414628,0.06994054,0.10321826,0.10143447,0.99102867,0.8895942,0.30434782608695654,0.99102867,0.9274979,0.8878104,0.8880127,-0.00530996235462988,0.037012454,0.10066903,0.09593558,1.0003033,0.9043677,0.25,1.0003033,0.95580834,0.89963424,0.9071403,-0.004805996184763709,0.03464875,0.5170366764068604
6993.mp4,good,0.9700073003768921,0.8832184076309204,0.6790269,0.30670768,0.8728855,0.56617785,0.0,0.8728855,0.43267307,0.19385861,0.20011333,-0.0082615406322385,0.24478225,0.2777354,0.090937376,0.9358198,0.8448824,0.08695652173913043,0.9358198,0.769135,0.6580844,0.6639314,-0.002952042657867265,0.10616371,0.1282157152891159,0.19289929,0.099436045,0.9177655,0.81832945,0.21739130434782608,0.9177655,0.79824764,0.7248662,0.7344753,-0.0025502205366202584,0.058930747,0.101050794,0.0567078,0.96455675,0.90784895,0.08695652173913043,0.96455675,0.8973507,0.86350596,0.86635697,-0.0015505511652339652,0.031694174,0.16203427,0.083302975,1.0000587,0.9167557,0.16666666666666666,1.0000587,0.9027028,0.8380244,0.8518998,-0.0024825765257296593,0.046895146,0.23465242981910706
20194.mp4,good,0.9956319332122803,0.9856805205345154,0.50697017,0.20720488,0.972306,0.76510113,0.17391304347826086,0.972306,0.6475226,0.46533588,0.49028507,-0.006489224142943452,0.13974687,0.11941177,0.061713398,0.9803702,0.9186568,0.17391304347826086,0.9803702,0.8956239,0.86095846,0.8655143,-0.0018091042168997993,0.029268155,0.052369095385074615,0.13844621,0.11256462,0.972306,0.8597414,0.043478260869565216,0.972306,0.8655535,0.8338598,0.8431303,-0.0028196971407049667,0.029072313,0.050390065,0.039033055,0.9864499,0.94741684,0.043478260869565216,0.9864499,0.9479929,0.93605983,0.9381594,-0.0012037709885435294,0.010975575,0.022053778,0.014102697,1.0000509,0.9859482,0.125,1.0000509,0.98714304,0.9779971,0.9809037,-0.0006077909210454114,0.004954208,0.5748481750488281
5973.mp4,normal,0.9445813298225403,0.8642221689224243,0.23603195,0.21191417,0.35924178,0.14732762,0.21739130434782608,0.43238217,0.24484141,0.12320984,0.14815004,-0.01197606412023895,0.08411284,0.28654242,0.28654242,0.7706963,0.48415387,0.17391304347826086,0.79773253,0.6126952,0.48415387,0.5054776,-0.012475426842572673,0.086464345,0.20642004907131195,0.46043321,0.46043321,0.82016975,0.35973653,0.17391304347826086,0.82016975,0.6535967,0.35973653,0.4948213,-0.015214082133393043,0.10977884,0.16524732,0.16524732,0.90377903,0.7385317,0.17391304347826086,0.90389454,0.8191153,0.7385317,0.7597096,-0.006149183796799709,0.042880386,0.35529065,0.35529065,1.0004311,0.6451404,0.08333333333333333,1.0004311,0.77309924,0.6451404,0.7162851,-0.005971309879551797,0.062983274,0.1652461290359497
7205.mp4,bad,0.9256137609481812,0.6073490381240845,0.8194169,0.5539293,0.8690194,0.3150901,0.21739130434782608,0.8690194,0.39520139,0.04960253,0.10388813,0.000471300957172277,0.23957856,0.6518134,0.18290639,0.9455812,0.7626748,0.13043478260869565,0.9455812,0.72949725,0.29376778,0.41700083,0.0071522835862966455,0.18069696,0.10514772683382034,0.7154002,0.18070948,0.9049543,0.72424483,0.21739130434782608,0.9049543,0.6734911,0.18955407,0.25311393,0.009880206507185222,0.22794595,0.507072,0.08995962,0.96939,0.87943035,0.13043478260869565,0.96939,0.834645,0.46231797,0.61154324,0.006456712400724759,0.1365951,0.6428998,0.04891926,1.0003703,0.951451,0.16666666666666666,1.0003703,0.8496065,0.35747045,0.55433035,0.008868517836798786,0.18007277,0.12333449721336365
6349.mp4,bad,0.9856730103492737,0.9350096583366394,0.561162,0.28550625,0.90143585,0.6159296,0.2608695652173913,0.9149969,0.6764057,0.34027386,0.39725366,-0.02397090170105456,0.19313313,0.17061615,0.09886396,0.9604305,0.86156654,0.2608695652173913,0.9615755,0.8793915,0.78981435,0.7935052,-0.007408967190109218,0.058284614,0.05938616022467613,0.109657764,0.07858837,0.93857825,0.8599899,0.21739130434782608,0.93857825,0.876528,0.8289205,0.8304887,-0.004427735395582282,0.035007954,0.06503606,0.04954934,0.9748521,0.92530274,0.21739130434782608,0.9748521,0.93877757,0.909816,0.9133089,-0.0028957119101121,0.021723924,0.10921788,0.027764559,0.9993695,0.97160494,0.20833333333333334,0.9993695,0.96113306,0.8901516,0.8961911,-0.0029921044474062897,0.035472855,0.5364267826080322
20286.mp4,good,0.9840073585510254,0.9486373662948608,0.8210057,0.72587883,0.9815998,0.25572097,0.0,0.9815998,0.37411088,0.16059414,0.1697299,-0.029844157942552352,0.23776357,0.35285425,0.31680644,0.98877585,0.6719694,0.17391304347826086,0.98877585,0.74721426,0.6359216,0.6377698,-0.01485476498547281,0.10763756,0.13610367476940155,0.26803368,0.21841913,0.98159975,0.7631806,0.17391304347826086,0.98159975,0.79030305,0.71356606,0.7211853,-0.008434468460648442,0.06716363,0.16871911,0.12446612,0.99115485,0.8666887,0.17391304347826086,0.99115485,0.883318,0.82243574,0.8312961,-0.006122275421270737,0.047254372,0.1431104,0.060326695,1.0006535,0.9403268,0.25,1.0006535,0.94136906,0.8575431,0.8694853,-0.005142313034638124,0.044656776,0.5266691446304321
15535.mp4,bad,0.991819441318512,0.9719686508178711,0.61835265,0.5441824,0.98259556,0.43841317,0.13043478260869565,0.98259556,0.574777,0.3642429,0.39624947,-0.024469759536119334,0.17878853,0.2554559,0.2554559,0.9871678,0.73171186,0.13043478260869565,0.9871678,0.81513214,0.73171186,0.734023,-0.011490763293895801,0.079424895,0.08686962723731995,0.21354944,0.20734239,0.9830646,0.7757222,0.0,0.9830646,0.8168468,0.76951516,0.7760154,-0.006743517671178004,0.052472558,0.11867398,0.11867398,0.9916294,0.87295544,0.0,0.9916294,0.9020017,0.87295544,0.8738128,-0.004471930649440764,0.03311131,0.06078297,0.036111295,0.9998242,0.96371293,0.125,0.9998242,0.9652366,0.93904126,0.9493412,-0.0014333180759264438,0.014477353,0.4275825023651123
5927.mp4,bad,0.9884185194969177,0.9374269247055054,0.67766243,0.4637193,0.8295079,0.36578858,0.08695652173913043,0.8295079,0.3389923,0.15184544,0.24856088,-0.004741722990283858,0.12636763,0.25527108,0.2156598,0.9358272,0.7201674,0.0,0.9358272,0.7262722,0.6805561,0.68912435,-0.004012302270991054,0.0519561,0.18508483469486237,0.12601984,0.094397604,0.92915714,0.83475953,0.08695652173913043,0.92915714,0.83411765,0.8031373,0.80821615,-0.0023029506677695478,0.0272946,0.07592273,0.05546689,0.9666071,0.9111402,0.043478260869565216,0.9666071,0.9113571,0.89068437,0.89624876,-0.001653433788435254,0.016630223,0.06422174,0.032459855,1.0004978,0.96803796,0.16666666666666666,1.0004978,0.9654848,0.9362761,0.9477897,-0.001162822142891258,0.013474304,0.5384597182273865
6174.mp4,good,0.9827107787132263,0.9107265472412109,0.4856469,0.21594518,0.9134947,0.6975495,0.13043478260869565,0.9134947,0.63118196,0.4278478,0.50227517,-0.004047391590157989,0.12407732,0.141729,0.08939564,0.9580599,0.86866426,0.0,0.9580599,0.8564949,0.8163309,0.82525134,-0.0024942266257855315,0.040199168,0.04597892984747887,0.19867373,0.11424345,0.9337647,0.81952125,0.0,0.9337647,0.7880968,0.735091,0.7387336,-0.003062304595242375,0.05758454,0.093319654,0.073236346,0.97340626,0.9001699,0.0,0.97340626,0.9024738,0.8800866,0.880444,-0.0025297501695014696,0.028186342,0.14442754,0.090572536,0.9998451,0.90927255,0.0,0.9998451,0.89992636,0.85541755,0.8586122,-0.0039145876013714515,0.04661245,0.22695040702819824
15715.mp4,bad,0.970750629901886,0.9381101131439209,0.79894376,0.79894376,0.9548234,0.15587962,0.0,0.9548234,0.33696303,0.15587962,0.16610011,-0.03253726865875393,0.26596543,0.5440146,0.5440146,0.9800521,0.43603754,0.043478260869565216,0.9800521,0.6244352,0.43603754,0.44807148,-0.025900654524211354,0.18243738,0.2462821900844574,0.2688712,0.2688712,0.9548234,0.6859522,0.08695652173913043,0.9548234,0.78722066,0.6859522,0.7221745,-0.009484391674222683,0.06782409,0.18671328,0.18671328,0.98313177,0.7964185,0.13043478260869565,0.98313177,0.8707174,0.7964185,0.818744,-0.0073404597199481425,0.050803754,0.16285282,0.16285282,1.0000422,0.8371894,0.125,1.0000422,0.92188126,0.8371894,0.8826298,-0.004526706001032957,0.037797235,0.44063085317611694
7365.mp4,bad,0.9764245748519897,0.9192877411842346,0.5609331,-0.20446408,0.7303536,0.9348177,0.13043478260869565,0.9348177,0.37510985,0.16942048,0.19932894,-0.00549814928131612,0.1751781,0.35088056,-0.063379765,0.9049963,0.96837604,0.2608695652173913,0.96837604,0.7320768,0.5541157,0.61454475,-0.00504663215559934,0.0994422,0.18136931955814362,0.16047585,-0.04428327,0.90631974,0.950603,0.08695652173913043,0.950603,0.83787614,0.7458439,0.8015016,-0.0002916880511483754,0.044461463,0.101291776,-0.019972026,0.9586879,0.9786599,0.13043478260869565,0.9786599,0.91344625,0.8573961,0.88589036,-0.0005708952901862861,0.026112115,0.08869493,0.0045621395,0.999704,0.99514186,0.125,0.999704,0.96031904,0.9110091,0.9329553,-1.9532234772412393e-05,0.020674873,0.34016090631484985
15687.mp4,normal,0.96828293800354,0.9048309326171875,0.6630098,0.6111909,0.84943986,0.23824891,0.0,0.84943986,0.30478305,0.18643004,0.20002058,-0.016978271423356808,0.15491422,0.36159217,0.33341336,0.93513346,0.6017201,0.0,0.93513346,0.65441036,0.5735413,0.5758567,-0.0119384013028013,0.09519452,0.20833657681941986,0.20598817,0.1255483,0.8775315,0.7519832,0.13043478260869565,0.8775315,0.73735404,0.67154336,0.69198686,-0.0028295251338378317,0.045376565,0.12528467,0.06782669,0.94767773,0.87985104,0.21739130434782608,0.94767773,0.86274683,0.82239306,0.8315034,-0.0006062323043468811,0.027565598,0.10686064,0.061194003,1.0001218,0.9389278,0.08333333333333333,1.0001218,0.92540693,0.8932612,0.90154666,-0.0006634585494580878,0.026772976,0.2926827669143677
6510.mp4,bad,0.9569016098976135,0.7588002681732178,0.7592383,0.745035,0.8492924,0.10425738,0.0,0.8492924,0.30105656,0.09005409,0.09731425,-0.03394864289009054,0.25205937,0.41674197,0.38440025,0.944952,0.56055176,0.17391304347826086,0.944952,0.6801933,0.52821004,0.5308495,-0.019968002210021516,0.14199688,0.18832936882972717,0.2350496,0.1883027,0.8895299,0.7012272,0.17391304347826086,0.8895299,0.7524263,0.6544803,0.67909616,-0.009568081837397803,0.069309235,0.14339435,0.13043034,0.9616265,0.8311962,0.08695652173913043,0.9616265,0.8685227,0.8182322,0.8226491,-0.006641226618186305,0.047054086,0.41961408,0.31517726,1.000455,0.68527776,0.20833333333333334,1.000455,0.8021206,0.58084095,0.6372821,-0.01829047247119574,0.1468794,0.18372491002082825
20232.mp4,good,0.9843222498893738,0.9712343215942383,0.8868958,0.8868958,0.9864798,0.09958406,0.0,0.9864798,0.25484303,0.09958406,0.107796736,-0.0277854694060893,0.2372664,0.52588576,0.52362925,0.98783386,0.4642046,0.13043478260869565,0.98783386,0.6215772,0.4619481,0.46560952,-0.021372335848836556,0.15084466,0.23657746613025665,0.2985298,0.2985298,0.98647976,0.68794996,0.0,0.98647976,0.74982303,0.68794996,0.69867337,-0.007545731461095259,0.066410765,0.18225521,0.18225521,0.9915124,0.8092572,0.043478260869565216,0.9915124,0.8581547,0.8092572,0.8138229,-0.006236549599368587,0.045978826,0.062027574,0.042226255,0.99927926,0.957053,0.08333333333333333,0.99927926,0.9620282,0.9372517,0.9490188,-0.0015987017362014285,0.01445851,0.4460409879684448
6579.mp4,bad,0.9305994510650635,0.6926120519638062,0.81874776,0.8125483,0.8960676,0.083519325,0.0,0.8960676,0.2622916,0.07731988,0.08106693,-0.02895093715856435,0.21659178,0.48517877,0.46908793,0.9489964,0.4799085,0.043478260869565216,0.9489964,0.62497157,0.46381766,0.47252715,-0.02212736570081221,0.15738377,0.21178483963012695,0.31512213,0.31512213,0.91414464,0.5990225,0.13043478260869565,0.91414464,0.70579606,0.5990225,0.60227185,-0.014539408471744519,0.10306762,0.20195091,0.19443798,0.9623352,0.76789725,0.13043478260869565,0.9623352,0.83675635,0.7603843,0.7682267,-0.009650960976898456,0.067325376,0.38852757,0.38852757,0.99949783,0.61097026,0.3333333333333333,0.99949783,0.7739816,0.61097026,0.6172873,-0.01932565046393355,0.14211722,0.31929337978363037
17060.mp4,good,0.9135937690734863,0.7721891403198242,0.41922426,0.3607565,0.47040993,0.10965344,0.043478260869565216,0.47040993,0.1456957,0.05118566,0.099695936,-0.0054921728849646615,0.086860895,0.4499017,0.4499017,0.81211674,0.36221504,0.13043478260869565,0.81211674,0.48707658,0.36221504,0.36692637,-0.016609876376131313,0.11956277,0.24685457348823547,0.32750118,0.31741434,0.8428066,0.52539223,0.043478260869565216,0.8428066,0.6089793,0.5153054,0.52002347,-0.012514616013044445,0.09003415,0.2714907,0.2714907,0.9204997,0.649009,0.21739130434782608,0.9204997,0.7339312,0.649009,0.65159285,-0.011358376901611525,0.07963064,0.48610926,0.47701383,0.99989927,0.52288544,0.2916666666666667,0.99989927,0.7006642,0.51379,0.5222921,-0.021034653445948744,0.15189654,0.2406410574913025
17169.mp4,bad,0.990709662437439,0.980754017829895,0.6664232,0.5727991,0.87522334,0.30242428,0.043478260869565216,0.87522334,0.34811103,0.20880014,0.23780435,-0.007888026270470602,0.1382894,0.27182412,0.21658862,0.9396945,0.7231059,0.043478260869565216,0.9396945,0.736223,0.6678704,0.697454,-0.003842893266395151,0.056794006,0.1604156345129013,0.13004702,0.1110481,0.9001798,0.7891317,0.0,0.9001798,0.7961267,0.7701328,0.7749592,-0.0015159588557458286,0.027423296,0.075363815,0.061392486,0.9577405,0.896348,0.0,0.9577405,0.8966388,0.8823767,0.8844047,-0.0009266922596415063,0.016207635,0.033507228,0.027691841,0.9998461,0.97215426,0.0,0.9998461,0.97359246,0.9663389,0.9685308,-0.0006642510579980116,0.0074180416,0.4737083613872528
7312.mp4,bad,0.9896621108055115,0.958045482635498,0.90053415,0.57774293,0.9578308,0.38008788,0.0,0.9578308,0.33491609,0.057296623,0.090357296,-0.02132638541267442,0.31962392,0.29057646,0.16843861,0.9748776,0.806439,0.0,0.9748776,0.77777886,0.68430114,0.6905035,-0.0061316918949835915,0.10109849,0.1390984058380127,0.21435219,0.15917438,0.9597061,0.80053174,0.08695652173913043,0.9597061,0.8199668,0.74535394,0.78290933,-0.005648693430565095,0.060361788,0.10244322,0.0838694,0.98589844,0.90202904,0.043478260869565216,0.98589844,0.91687727,0.8834552,0.89419216,-0.0030625268758050234,0.029957674,0.057487845,0.03194177,0.9994868,0.96754503,0.125,0.9994868,0.96746206,0.94199896,0.94730055,-0.001632970623348105,0.017234676,0.38575446605682373
6131.mp4,bad,0.9883038997650146,0.9554418325424194,0.22370541,0.10885665,0.5894119,0.48055527,0.13043478260869565,0.76154584,0.5015789,0.3657065,0.41830835,0.001049159985521564,0.085562505,0.07855773,0.028357446,0.86648214,0.8381247,0.17391304347826086,0.9118968,0.8427582,0.7879244,0.81084365,0.00046002593907443825,0.028020598,0.09543733298778534,0.034581184,0.027124763,0.8560587,0.82893395,0.21739130434782608,0.8717002,0.84307796,0.82147753,0.82614535,-0.0007916168850872547,0.013138031,0.020508647,0.011611819,0.94684803,0.9352362,0.17391304347826086,0.9487494,0.9381954,0.9263394,0.930142,-0.00023049551978884464,0.006171282,0.034244835,0.019128084,0.9996729,0.9805448,0.25,0.9996729,0.9805291,0.96542805,0.9693079,-6.385108698973785e-05,0.0078616785,0.5706866979598999
5855.mp4,good,0.920817494392395,0.7052673697471619,0.027921509,0.025617205,0.06866199,0.043044783,0.21739130434782608,0.18358342,0.09018442,0.04074048,0.043552127,0.0007956842578976982,0.04445082,0.27402762,0.20907205,0.5904357,0.38136363,0.13043478260869565,0.5904357,0.4528117,0.31640807,0.3838492,-0.008109447336479617,0.06580199,0.2971285879611969,0.26714998,0.20859504,0.7273655,0.51877046,0.13043478260869565,0.7273655,0.55101156,0.4602155,0.47306934,-0.006211978026293959,0.071483694,0.18089938,0.09265584,0.84337705,0.7507212,0.17391304347826086,0.84337705,0.7499402,0.6624777,0.6951572,-0.005475132243906563,0.047831442,0.4781685,0.45909727,0.9995142,0.54041696,0.125,0.9995142,0.66815263,0.52134573,0.5603333,-0.007669189365013793,0.097221985,0.16917885839939117
5929.mp4,normal,0.9273502230644226,0.7566299438476562,0.5929937,0.52816594,0.63670814,0.108542204,0.0,0.63670814,0.16011785,0.04371446,0.072519094,-0.01635665280869591,0.15302078,0.5535368,0.4978923,0.8489491,0.35105678,0.08695652173913043,0.8489491,0.46672887,0.2954123,0.33238992,-0.02066540741637762,0.15393315,0.3209530711174011,0.35937136,0.35658014,0.85955626,0.5029761,0.2608695652173913,0.85955626,0.68362,0.5001849,0.51776963,-0.01715914157068305,0.11599408,0.30046737,0.29977345,0.9227729,0.6229994,0.2608695652173913,0.9227729,0.78768194,0.6223055,0.64329183,-0.014593373350946329,0.09937245,0.3588233,0.35039878,1.0004568,0.65005803,0.20833333333333334,1.0004568,0.8332024,0.6416335,0.66237855,-0.014970813497253129,0.11019901,0.3009566366672516
16019.mp4,good,0.9954017400741577,0.9908473491668701,0.2253437,0.19034255,0.963588,0.77324545,0.21739130434782608,0.963588,0.83930814,0.7382443,0.7662741,-0.00655229784283244,0.053438477,0.08179253,0.074923635,0.9793711,0.90444744,0.13043478260869565,0.9793711,0.91986763,0.89757854,0.89954954,-0.0023722792920387835,0.018684415,0.040368061512708664,0.09370065,0.076132,0.9663381,0.8902061,0.13043478260869565,0.9663381,0.9080773,0.87263745,0.8844876,-0.002250018680519726,0.019802427,0.04055339,0.03645581,0.98468417,0.94822836,0.21739130434782608,0.98468417,0.9602356,0.9441308,0.9484749,-0.001243318199169054,0.010012119,0.021296263,0.017832696,0.99953544,0.98170274,0.16666666666666666,0.99953544,0.9889827,0.9782392,0.981829,-0.0005578185423561122,0.0053831376,0.49072694778442383
5846.mp4,normal,0.9907369017601013,0.9454513788223267,0.8000184,0.77987486,0.96912336,0.18924852,0.34782608695652173,0.9720881,0.60072196,0.16910493,0.18817042,-0.0468325154053364,0.32815668,0.31182855,0.27246863,0.97538763,0.702919,0.34782608695652173,0.97593564,0.8439335,0.6635591,0.6991667,-0.016657901964639982,0.11797934,0.09485816210508347,0.16322011,0.14910442,0.97143143,0.822327,0.13043478260869565,0.972088,0.87620336,0.8082113,0.8127955,-0.008733572931628937,0.06251234,0.088045895,0.08042246,0.9882004,0.90777797,0.21739130434782608,0.9882004,0.93879163,0.90015453,0.9054363,-0.004609625565675904,0.032228887,0.067105055,0.056985795,1.0003405,0.94335467,0.2916666666666667,1.0003405,0.9702713,0.9332354,0.9431494,-0.002961093316907482,0.022382243,0.4558239281177521
16935.mp4,good,0.9872156381607056,0.9429103136062622,0.7033292,0.700657,0.8402326,0.13957557,0.0,0.8402326,0.19679442,0.13690338,0.1382381,-0.012723701023183797,0.15599738,0.21445525,0.20933789,0.93822044,0.72888255,0.0,0.93822044,0.7513671,0.7237652,0.7265831,-0.0046538146352579435,0.051734757,0.15152238309383392,0.18381375,0.18058848,0.90423524,0.72364676,0.0,0.90423524,0.76556456,0.7204215,0.72509855,-0.006028473377227796,0.048063077,0.07521117,0.074876666,0.965968,0.89109135,0.0,0.965968,0.9028896,0.89075685,0.89179343,-0.002005025332153076,0.018376194,0.114108324,0.10244185,1.0006013,0.89815944,0.0,1.0006013,0.91257095,0.88649297,0.88871455,-0.0032552664435428415,0.027229251,0.44557395577430725
16047.mp4,normal,0.9961628913879395,0.9887617826461792,0.4021024,0.32175845,0.8844202,0.56266177,0.08695652173913043,0.8844202,0.582376,0.4823178,0.5214584,-0.005931664479108677,0.08256637,0.106734395,0.08420926,0.9437199,0.85951066,0.13043478260869565,0.9437199,0.8700392,0.8369855,0.8471626,-0.0022404437126378267,0.022556657,0.055031366646289825,0.14011788,0.09578574,0.90794826,0.8121625,0.17391304347826086,0.90794826,0.8189998,0.7678304,0.7848949,-0.003215840152601017,0.03018339,0.06350893,0.051383913,0.96500784,0.9136239,0.13043478260869565,0.96500784,0.92507064,0.9014989,0.90657485,-0.002011161665671438,0.016030962,0.028635204,0.019303083,0.9997419,0.9804388,0.125,0.9997419,0.9843182,0.9711067,0.9778361,-0.0006561849946561197,0.006093575,0.43132615089416504
7592.mp4,bad,0.9773646593093872,0.9479239583015442,0.72148365,0.027913332,0.85859895,0.8306856,0.17391304347826086,0.89238995,0.6341387,0.1371153,0.18281639,-0.014722159831773645,0.25248277,0.27275097,0.007961988,0.9428245,0.9348625,0.17391304347826086,0.95032763,0.86780894,0.6700735,0.71750194,-0.0052949649543159024,0.08940509,0.07363510876893997,0.12005317,0.0031179786,0.91103506,0.9079171,0.17391304347826086,0.9319471,0.8742652,0.7909819,0.8022236,-0.002621518941264846,0.043270867,0.085891366,0.0037119389,0.96716774,0.9634558,0.17391304347826086,0.972675,0.94144404,0.88127637,0.88917786,-0.001863610779815056,0.029624965,0.1233834,0.012483418,0.99997824,0.9874948,0.125,0.99997824,0.9656498,0.87659484,0.9213418,-0.0016230922937393352,0.030569028,0.5173351764678955
16423.mp4,good,0.932590663433075,0.8907623887062073,0.59686446,0.36958292,0.73451614,0.36493322,0.0,0.73451614,0.23253223,0.13765165,0.14174923,-0.0103178578079218,0.14140412,0.40625992,0.1174494,0.85453427,0.73708487,0.0,0.85453427,0.5477132,0.44827434,0.45121,-0.006691951054358207,0.11496862,0.2568471431732178,0.1643101,0.07986772,0.7911067,0.711239,0.17391304347826086,0.7911067,0.6849384,0.6267966,0.6337446,-0.0035713394522195775,0.04467558,0.12956971,0.051050305,0.88488746,0.83383715,0.08695652173913043,0.88488746,0.80456036,0.75531775,0.77617407,-0.002030157819095817,0.029794246,0.21756911,0.11855459,0.9999211,0.8813665,0.08333333333333333,0.9999211,0.8499777,0.782352,0.81233025,-0.0028530154280040675,0.04672647,0.3082875609397888
5668.mp4,normal,0.9534969925880432,0.835206925868988,0.9233421,0.8964102,0.9665462,0.07013596,0.0,0.9665462,0.122393206,0.043204095,0.04945688,-0.013810534085415814,0.19471346,0.7062643,0.60024005,0.98098236,0.3807423,0.0,0.98098236,0.40264606,0.27471805,0.28505984,-0.01522800564883727,0.17158937,0.3751260042190552,0.5388711,0.4832734,0.96654606,0.48327267,0.0,0.96654606,0.5736502,0.42767495,0.4353294,-0.020840195769613438,0.15649799,0.26937288,0.24867892,0.9835148,0.73483586,0.0,0.9835148,0.77777225,0.7141419,0.723183,-0.009295237865372619,0.07368618,0.2819805,0.22534025,1.0001502,0.77480996,0.041666666666666664,1.0001502,0.81129616,0.7181697,0.7473582,-0.007873356109080121,0.079028845,0.23910683393478394
15216.mp4,bad,0.9687560796737671,0.9064218401908875,0.8741151,0.828202,0.94938976,0.121187754,0.0,0.94938976,0.18137375,0.07527462,0.08412509,-0.01783653386967927,0.21471141,0.7050091,0.680995,0.97028244,0.28928748,0.0,0.97028244,0.37628394,0.2652733,0.2795907,-0.019697518599598774,0.1929246,0.44011858105659485,0.34312016,0.30053377,0.94938976,0.648856,0.0,0.94938976,0.68471575,0.6062696,0.61966926,-0.009445364296200732,0.08744986,0.2054869,0.17909795,0.9777728,0.7986748,0.0,0.9777728,0.8164026,0.7722859,0.77823967,-0.005596657633310241,0.053932607,0.27819872,0.17158604,0.99941015,0.8278241,0.16666666666666666,0.99941015,0.82260877,0.72121143,0.7277701,-0.006859644003536418,0.08210902,0.23073363304138184
6478.mp4,good,0.9689437747001648,0.8727277517318726,0.85546255,0.06186223,0.94349396,0.88163173,0.0,0.94349396,0.33122864,0.08803141,0.09296655,0.011468944298066643,0.2984717,0.618451,0.028649747,0.9755864,0.94693667,0.30434782608695654,0.9755864,0.6124163,0.35713542,0.3710622,0.012572720057879502,0.2128509,0.23760558664798737,0.39342213,0.027204156,0.94919586,0.9219917,0.30434782608695654,0.94919586,0.7410609,0.55577374,0.5666299,0.008534158406992676,0.12627187,0.25417072,0.013075292,0.9811769,0.9681016,0.30434782608695654,0.9811769,0.85002184,0.7270062,0.73101074,0.006177291745253707,0.08670404,0.22626668,0.013385177,0.9994525,0.9860673,0.2916666666666667,0.9994525,0.9000325,0.7731858,0.7861717,0.0034260093388349976,0.077431686,0.3990214467048645
20368.mp4,good,0.9837027192115784,0.9588470458984375,0.47767803,0.46313977,0.96359754,0.50045776,0.21739130434782608,0.96359754,0.7611736,0.4859195,0.50044817,-0.020370342985914617,0.15268162,0.12706828,0.12201381,0.9782709,0.8562571,0.21739130434782608,0.9782709,0.9144097,0.8512026,0.85546476,-0.005017479417823524,0.037109796,0.03412372246384621,0.1358918,0.13049513,0.96494377,0.83444864,0.21739130434782608,0.96494377,0.8858507,0.829052,0.8383256,-0.004786754903114836,0.035259243,0.05694008,0.052801788,0.98416114,0.93135935,0.21739130434782608,0.98416114,0.9485336,0.92722106,0.92998207,-0.002057451268901007,0.015242798,0.060299397,0.05528021,0.9998766,0.9445964,0.20833333333333334,0.9998766,0.9657402,0.9395772,0.9438828,-0.001921875891478189,0.015056254,0.6197342872619629
6911.mp4,good,0.9692139029502869,0.8945525884628296,0.7206294,0.71001893,0.82676303,0.11674412,0.0,0.82676303,0.28592524,0.10613363,0.1122047,-0.025983004098235393,0.20974378,0.42633152,0.4239533,0.9305824,0.5066291,0.17391304347826086,0.9305824,0.6420619,0.5042509,0.5058012,-0.017671072730433803,0.13220309,0.20317983627319336,0.24639845,0.21636665,0.8651689,0.6488023,0.21739130434782608,0.8651689,0.7095771,0.6187705,0.6313899,-0.009267227628485484,0.06637839,0.16232318,0.15903938,0.9494962,0.79045683,0.2608695652173913,0.9494962,0.8452416,0.78717303,0.7907151,-0.006449576246408605,0.04462385,0.16913968,0.15886015,1.0001209,0.84126073,0.25,1.0001209,0.9010906,0.8309812,0.83745843,-0.00594877937565681,0.04414668,0.3136458694934845
6615.mp4,normal,0.9608597159385681,0.9141338467597961,0.33972573,0.2818791,0.37370282,0.09182373,0.21739130434782608,0.37370282,0.17485459,0.033977084,0.039273925,-0.014174419304304454,0.118983075,0.35856584,0.23999989,0.77837706,0.53837717,0.21739130434782608,0.77837706,0.5883175,0.41981122,0.42209566,-0.013450091829884199,0.11269945,0.22844181954860687,0.3066782,0.18910491,0.76602006,0.57691514,0.043478260869565216,0.76602006,0.6269928,0.45934185,0.5740504,-0.007649904242146151,0.07398391,0.116574764,0.11464304,0.889228,0.77458495,0.17391304347826086,0.8898735,0.81675947,0.7726532,0.7752951,-0.004861883318471347,0.03824151,0.19731414,0.19731414,0.9996457,0.80233157,0.125,0.9996457,0.87591285,0.80233157,0.8322072,-0.005028374739315213,0.042799722,0.15821224451065063
15420.mp4,bad,0.9916818737983704,0.9751410484313965,0.6142765,0.6134285,0.73164487,0.118216366,0.0,0.73164487,0.23605421,0.11736837,0.11881889,-0.019657394955516334,0.15700978,0.448606,0.448606,0.9032387,0.4546327,0.17391304347826086,0.9032387,0.6079966,0.4546327,0.4755257,-0.017800154451560603,0.12268383,0.25428763031959534,0.19044697,0.18133187,0.86351097,0.6821791,0.13043478260869565,0.86351097,0.73949045,0.673064,0.6937197,-0.0056766960696269415,0.04315942,0.12756115,0.12680024,0.9390753,0.81227505,0.17391304347826086,0.9390753,0.8622842,0.81151414,0.8227082,-0.004289695926805735,0.029907277,0.07233989,0.062986255,1.0004663,0.9374801,0.125,1.0004663,0.95905036,0.92812645,0.9432923,-0.001749301345452056,0.014269631,0.39002668857574463
16485.mp4,good,0.9729076027870178,0.8711127042770386,0.11673999,0.10360062,0.95766485,0.8540642,0.043478260869565216,0.9714729,0.885529,0.84092486,0.85455537,-0.0050441299973740346,0.03858034,0.062345445,0.062191606,0.97699034,0.91479874,0.0,0.98391664,0.9335299,0.9146449,0.9160314,-0.0028724863006192283,0.021869794,0.010597534477710724,0.094067395,0.08887941,0.959783,0.8709036,0.043478260869565216,0.97147286,0.898899,0.8657156,0.87094027,-0.0042864032413648485,0.031655766,0.05099678,0.05099678,0.98021805,0.9292213,0.0,0.98438776,0.94412756,0.9292213,0.9300974,-0.0023058467349516038,0.017459001,0.2931829,0.28731716,1.0002744,0.71295726,0.0,1.0002744,0.7554703,0.7070915,0.71139944,-0.008462988993395948,0.080059245,0.281726211309433
16595.mp4,good,0.9944659471511841,0.9876954555511475,0.81886435,0.6638934,0.9925547,0.32866132,0.0,0.9925547,0.4140925,0.17369035,0.19962543,-0.02470351947037128,0.26250875,0.24501598,0.23273051,0.9963397,0.7636092,0.0,0.9963397,0.816323,0.7513237,0.7564811,-0.009641270981475783,0.07819849,0.09671566635370255,0.23227024,0.18040496,0.99255466,0.8121497,0.043478260869565216,0.99255466,0.8337502,0.7602844,0.7763291,-0.006706109042224214,0.06455336,0.1125536,0.109291375,0.9963397,0.8870483,0.0,0.9963397,0.9130386,0.8837861,0.88478845,-0.004614618455939594,0.03507886,0.035869718,0.033037722,0.9997659,0.96672815,0.041666666666666664,0.9997659,0.97661513,0.96389616,0.9647299,-0.0015637319761773946,0.012105147,0.43235862255096436
6677.mp4,good,0.9528992772102356,0.5985996723175049,0.9357648,0.9357648,0.98062223,0.044857442,0.21739130434782608,0.98062223,0.29851276,0.044857442,0.06483204,-0.023975649929564944,0.20310572,0.5860523,0.5762422,0.9803438,0.40410158,0.21739130434782608,0.9803438,0.7042063,0.39429155,0.42729244,-0.01991428529085376,0.15751833,0.19713830947875977,0.39626968,0.39626968,0.9812418,0.58497214,0.17391304347826086,0.9812418,0.8012877,0.58497214,0.65985054,-0.010124174620323018,0.087072566,0.21374923,0.21374923,0.987668,0.77391875,0.17391304347826086,0.987668,0.90134466,0.77391875,0.8162558,-0.006330431391127971,0.052141186,0.5494987,0.5468849,0.99994063,0.4530557,0.08333333333333333,0.99994063,0.9241851,0.45044196,0.8818964,-0.012427561918030646,0.14517838,0.46947914361953735
17431.mp4,bad,0.957144021987915,0.8612196445465088,0.55918545,0.55918545,0.86887693,0.3096915,0.21739130434782608,0.86887693,0.501254,0.3096915,0.32296118,-0.022741542915581718,0.17371829,0.32529926,0.32529926,0.95571095,0.6304117,0.2608695652173913,0.95571095,0.7627629,0.6304117,0.6350198,-0.014663581202623883,0.10391784,0.10868033021688461,0.25971,0.24678022,0.9171147,0.67033446,0.2608695652173913,0.9171147,0.76439375,0.65740466,0.66219497,-0.011457832081044625,0.0834595,0.16287827,0.16287827,0.9697659,0.8068876,0.21739130434782608,0.9697659,0.8714432,0.8068876,0.81455857,-0.006916696964045292,0.048984487,0.22069687,0.20606738,0.99996144,0.79389405,0.2916666666666667,0.99996144,0.8795847,0.77926457,0.78667164,-0.00996167486128602,0.073757395,0.4011954069137573
16388.mp4,bad,0.9611775875091553,0.8723814487457275,0.28314197,0.1375454,0.34942815,0.21188274,0.21739130434782608,0.34942815,0.15238006,0.06628616,0.070450306,0.0036419863359847997,0.06773266,0.33732235,0.26565528,0.7394849,0.47382963,0.0,0.7394849,0.47189552,0.40216255,0.41861048,-0.0035182839561356876,0.070971094,0.3093230128288269,0.2618544,0.2618544,0.8069447,0.5450903,0.13043478260869565,0.8069447,0.63271695,0.5450903,0.5523272,-0.010446568840577194,0.07744275,0.17724836,0.15695137,0.8993319,0.74238056,0.08695652173913043,0.8993319,0.7812186,0.72208357,0.7373328,-0.0064348253925798436,0.05023936,0.22994518,0.20500493,0.99937177,0.79436684,0.16666666666666666,0.99937177,0.84835595,0.7694266,0.7744886,-0.008489609023799076,0.0662083,0.2945363521575928
16032.mp4,bad,0.9717305898666382,0.9108231067657471,0.49111134,0.41846436,0.608809,0.19034462,0.0,0.608809,0.20860204,0.11769764,0.140344,-0.0075102397222292765,0.10264691,0.32067442,0.2964648,0.8668754,0.5704106,0.0,0.8668754,0.5972573,0.546201,0.55409455,-0.00623844616969113,0.07178872,0.26367518305778503,0.18791157,0.10662794,0.8703995,0.76377153,0.21739130434782608,0.8703995,0.75574005,0.6824879,0.69618934,-0.0008364224975759234,0.04107891,0.10043025,0.0717895,0.9302025,0.858413,0.21739130434782608,0.9302025,0.86093247,0.82977223,0.83202505,-0.001009220308937118,0.02197355,0.15369296,0.10076195,1.0000434,0.89928144,0.16666666666666666,1.0000434,0.9096772,0.84635043,0.8594652,-0.0015767734724542626,0.03560277,0.3963889479637146
20315.mp4,good,0.9701066017150879,0.9346315860748291,0.8939795,0.8939795,0.985129,0.091149494,0.0,0.985129,0.2932719,0.091149494,0.097070135,-0.033483219498643295,0.26058877,0.6622928,0.6622928,0.9792806,0.3169878,0.13043478260869565,0.9792806,0.544561,0.3169878,0.3287832,-0.03029142169966529,0.21005568,0.2573053240776062,0.4585371,0.4585371,0.9851291,0.526592,0.13043478260869565,0.9851291,0.69116384,0.526592,0.5543022,-0.017954379850225497,0.12458952,0.33097202,0.33097202,0.9899377,0.6589657,0.17391304347826086,0.9899377,0.80186635,0.6589657,0.6817286,-0.014264039076835273,0.09551035,0.3894546,0.3718928,0.9996065,0.6277137,0.25,0.9996065,0.79477555,0.6101519,0.6299538,-0.018745195191839495,0.1319052,0.3524681627750397
15118.mp4,bad,0.9245272874832153,0.8158050775527954,0.6122856,0.5586818,0.840419,0.2817372,0.0,0.840419,0.3217931,0.22813338,0.23890269,-0.01375056644202222,0.13690722,0.33484268,0.2967258,0.93475616,0.63803035,0.0,0.93475616,0.6694769,0.5999135,0.60574263,-0.01022538271817295,0.08947782,0.20219586789608002,0.40261346,0.40261346,0.90827256,0.5056591,0.13043478260869565,0.90827256,0.6732378,0.5056591,0.529778,-0.01785650001213014,0.12710626,0.11763406,0.10323107,0.952013,0.84878194,0.13043478260869565,0.952013,0.87167275,0.83437896,0.83720934,-0.004537112392455711,0.033644795,0.44188648,0.39047712,0.9998297,0.6093526,0.08333333333333333,0.9998297,0.72288847,0.5579432,0.6095291,-0.01565992267235469,0.1229713,0.30958202481269836
6432.mp4,bad,0.9857287406921387,0.9628118276596069,0.65532285,0.59448344,0.77151394,0.17703052,0.0,0.77151394,0.21223576,0.116191104,0.12952678,-0.011201885657701574,0.13197634,0.2681207,0.21512938,0.9170815,0.7019521,0.0,0.9170815,0.69946605,0.64896077,0.6582629,-0.0041361292713715655,0.056681268,0.19953109323978424,0.18289214,0.11835146,0.9035667,0.78521526,0.2608695652173913,0.9035667,0.78338057,0.7206746,0.7233881,-0.004752307305694098,0.046465017,0.087575674,0.0564453,0.96134084,0.90489554,0.2608695652173913,0.96134084,0.8989972,0.8737652,0.8745994,-0.0017111001631959037,0.021510808,0.07852781,0.05503267,1.0006763,0.9456436,0.08333333333333333,1.0006763,0.9464126,0.92214847,0.9306451,-0.0013179115627123222,0.01728911,0.39634060859680176
17220.mp4,bad,0.9913325905799866,0.97687828540802,0.735224,0.32274115,0.9475161,0.62477493,0.21739130434782608,0.9475161,0.54724365,0.21229208,0.21656956,0.0054438199420927,0.212277,0.16645843,0.06843656,0.9722862,0.90384966,0.17391304347826086,0.9722862,0.87644726,0.8058278,0.8202179,0.0005132333327659047,0.03984631,0.06879138946533203,0.16919631,0.076203406,0.9540896,0.8778862,0.17391304347826086,0.9540896,0.8610789,0.7848933,0.8132514,-0.00041773049492139407,0.037388578,0.06519711,0.023105383,0.98472595,0.96162057,0.17391304347826086,0.98472595,0.9452386,0.91952884,0.92432934,-3.165572057130623e-05,0.015916562,0.06509578,0.020948827,0.99975824,0.9788094,0.125,0.99975824,0.96999925,0.93466246,0.9541986,-0.000577104972756458,0.013881437,0.4745054244995117
6031.mp4,bad,0.9892016053199768,0.9472489356994629,0.73487127,0.67875695,0.95272446,0.2739675,0.0,0.95272446,0.28962976,0.21785319,0.2277806,-0.006944996816485297,0.14563167,0.28370595,0.25713152,0.9696422,0.7125107,0.0,0.9696422,0.7178035,0.6859363,0.68885505,-0.003083580626329411,0.056889467,0.17368553578853607,0.20924276,0.16765225,0.9527245,0.78507227,0.043478260869565216,0.9527245,0.7828194,0.74348176,0.7596284,-0.0014480542641854518,0.039217,0.10229349,0.0793609,0.9757352,0.8963743,0.0,0.9757352,0.89148897,0.8734417,0.8790469,-0.0005276726168606188,0.019721398,0.080423474,0.053413153,1.0004742,0.94706106,0.041666666666666664,1.0004742,0.949763,0.92005074,0.9416108,-0.0010138492739719034,0.015304717,0.3974568247795105
7123.mp4,bad,0.9807813763618469,0.9245860576629639,0.7518336,0.5036508,0.9616357,0.4579849,0.043478260869565216,0.9722106,0.46908185,0.2098021,0.277228,-0.020635869265662837,0.22967389,0.32959378,0.22160703,0.974808,0.75320095,0.043478260869565216,0.98559374,0.77053285,0.6452142,0.6831427,-0.008320292347504678,0.103404954,0.13405631482601166,0.232337,0.21855658,0.96682703,0.74827045,0.08695652173913043,0.9748633,0.8199156,0.73449004,0.75761074,-0.00513187198064075,0.07138037,0.12426734,0.111796975,0.9840157,0.8722187,0.043478260869565216,0.98646444,0.9045892,0.85974836,0.87242246,-0.0028618306157146152,0.038583472,0.08343315,0.050798178,1.000099,0.94930077,0.20833333333333334,1.000099,0.9607021,0.9166658,0.9334763,-0.001550452683282954,0.022936905,0.3914579749107361
15466.mp4,bad,0.9945432543754578,0.9887494444847107,0.6688618,0.66727746,0.89418364,0.22690615,0.0,0.89418364,0.3889387,0.22532184,0.2289193,-0.024338768699423616,0.17862329,0.32927185,0.32927185,0.95686257,0.6275907,0.0,0.95686257,0.7220895,0.6275907,0.63084495,-0.013651880174286271,0.096134715,0.15660519897937775,0.21030235,0.15146488,0.90913343,0.75766855,0.17391304347826086,0.90913343,0.7619249,0.6988311,0.7061205,-0.005269998500469655,0.049616173,0.11595911,0.093569815,0.9639178,0.870348,0.13043478260869565,0.9639178,0.8786948,0.8479587,0.8523718,-0.0028915257439782924,0.026889393,0.049468756,0.04516542,0.9998691,0.9547037,0.0,0.9998691,0.96362424,0.95040035,0.9524037,-0.0014820513517960468,0.01379305,0.42657899856567383
6752.mp4,bad,0.9732770323753357,0.9325530529022217,0.70501894,0.6928834,0.8057906,0.112907216,0.0,0.8057906,0.18170203,0.10077167,0.10783965,-0.011599099830440864,0.1486761,0.36453897,0.35613787,0.9285849,0.572447,0.0,0.9285849,0.63655823,0.5640459,0.5722886,-0.007275934923778893,0.08471511,0.23474560678005219,0.31612426,0.31612426,0.91002494,0.5939007,0.043478260869565216,0.91002494,0.67714155,0.5939007,0.61512196,-0.007032738667231779,0.0713238,0.13243991,0.1280449,0.9612477,0.8332028,0.13043478260869565,0.9612477,0.8713039,0.8288078,0.8397745,-0.002858361884539311,0.028368773,0.18156046,0.17772162,0.9998131,0.82209146,0.08333333333333333,0.9998131,0.8762439,0.8182526,0.8382853,-0.0048593662873558565,0.04430388,0.378358393907547
6121.mp4,good,0.9366453289985657,0.8370540142059326,0.82976294,0.8286071,0.90635586,0.07774876,0.0,0.93102926,0.24523602,0.07659294,0.07833131,-0.03267765774027162,0.28684646,0.44970047,0.3888753,0.9628369,0.5739616,0.043478260869565216,0.9707426,0.66281337,0.51313645,0.5497592,-0.018021548866283293,0.14821367,0.1782115250825882,0.4827218,0.4002176,0.9156746,0.51545703,0.08695652173913043,0.93502533,0.6360497,0.43295282,0.50282013,-0.01780790379160479,0.1521874,0.24854696,0.17860132,0.97561544,0.7970141,0.08695652173913043,0.9775327,0.8410249,0.7270685,0.79049563,-0.00809145857222941,0.07125142,0.2833197,0.24126422,1.0001657,0.7589015,0.16666666666666666,1.0001657,0.8484323,0.716846,0.7367931,-0.012041794579962059,0.097179264,0.2588610351085663
17084.mp4,bad,0.9799425601959229,0.9572402238845825,0.16018546,0.06770241,0.9519081,0.8842057,0.21739130434782608,0.9519081,0.86880934,0.79172266,0.8092372,0.0015505781993564428,0.04482129,0.07861984,0.02739501,0.9756664,0.9482714,0.13043478260869565,0.9794136,0.9322328,0.89704657,0.9064604,0.0008329154827848991,0.02215891,0.019279412925243378,0.12286949,0.05560088,0.9519352,0.8963343,0.17391304347826086,0.9526285,0.8903586,0.8290657,0.85043454,0.0008198716659319704,0.03114601,0.051228106,0.0231843,0.98000383,0.95681953,0.17391304347826086,0.98000383,0.9515123,0.9287757,0.9337899,0.00040985496619002325,0.013496032,0.07665259,0.033697188,1.0000114,0.96631426,0.16666666666666666,1.0000114,0.96380526,0.92335886,0.9351098,-0.00015506493008658493,0.019045025,0.3785671889781952
16938.mp4,bad,0.9744994044303894,0.9323520660400391,0.7199615,0.7199615,0.84324616,0.12328465,0.0,0.84324616,0.24830918,0.12328465,0.12455094,-0.02319420483920415,0.19398892,0.5348141,0.5348141,0.9351065,0.4002924,0.0,0.9351065,0.5459024,0.4002924,0.4093386,-0.022679243575442935,0.16541477,0.32901978492736816,0.17661679,0.1648153,0.8969891,0.7321738,0.0,0.8969891,0.7635411,0.7203723,0.72494674,-0.005561526643900066,0.043272063,0.10933936,0.10933936,0.9541129,0.84477353,0.08695652173913043,0.9541129,0.8749223,0.84477353,0.84941196,-0.0039727115348393805,0.028628267,0.15164375,0.14020765,1.0004742,0.86026657,0.08333333333333333,1.0004742,0.90389806,0.84883046,0.8683103,-0.004563535685124608,0.037191417,0.48437830805778503
7266.mp4,bad,0.9568302035331726,0.8849959373474121,0.34011203,0.31922746,0.39560091,0.07637344,0.08695652173913043,0.39560091,0.16845928,0.055488884,0.076588206,-0.011095616230262607,0.09925858,0.24499214,0.23451793,0.81939805,0.5848801,0.2608695652173913,0.81939805,0.68101996,0.5744059,0.58758724,-0.009483068710259297,0.07328904,0.21579164266586304,0.14951861,0.14951861,0.87139976,0.72188115,0.08695652173913043,0.87139976,0.78428125,0.72188115,0.7491542,-0.004750732788926532,0.036978435,0.08625519,0.08625519,0.9484034,0.8621482,0.17391304347826086,0.9484034,0.89681166,0.8621482,0.8688564,-0.0031912346249041413,0.023115778,0.22909504,0.22909504,1.000484,0.77138895,0.125,1.000484,0.90387607,0.77138895,0.8467189,-0.006799750094828411,0.055317223,0.42242228984832764
6296.mp4,good,0.9909544587135315,0.9555347561836243,0.8466414,0.84264016,0.9147077,0.07206759,0.0,0.9147077,0.20305386,0.06806632,0.07090826,-0.02742112380095387,0.25368106,0.44320524,0.43619597,0.96453893,0.52834296,0.0,0.96453893,0.6206997,0.5213337,0.5243567,-0.017892997903314983,0.14642869,0.22760999202728271,0.3530063,0.28870863,0.9393839,0.6506753,0.043478260869565216,0.9393839,0.67700464,0.5863776,0.6105892,-0.008653725383309982,0.09021118,0.16288531,0.15396047,0.97918,0.8252195,0.0,0.97918,0.8483097,0.81629467,0.8184091,-0.005495601609761532,0.05068647,0.09991109,0.095543504,1.0006174,0.9050739,0.0,1.0006174,0.92678016,0.9007063,0.9022955,-0.003968657410663136,0.03550888,0.420988529920578
20089.mp4,good,0.9658008813858032,0.938341498374939,0.73204523,0.71964955,0.8872135,0.16756395,0.0,0.8872135,0.30051512,0.1551683,0.15918806,-0.022609035046439872,0.18014455,0.4480918,0.4480918,0.94267106,0.49457926,0.13043478260869565,0.94267106,0.63096446,0.49457926,0.50362855,-0.017823802623824186,0.12567374,0.20719315111637115,0.33800286,0.27766997,0.9108936,0.63322365,0.17391304347826086,0.9108936,0.71325415,0.57289076,0.5895891,-0.013640984244968589,0.10097161,0.2122786,0.1830315,0.96215177,0.77912027,0.13043478260869565,0.96215177,0.8381575,0.74987316,0.77544546,-0.008482524469907098,0.06076956,0.30707747,0.22056025,0.99981314,0.7792529,0.20833333333333334,0.99981314,0.8568382,0.6927357,0.75901073,-0.011022028871204532,0.08347897,0.28539690375328064
16367.mp4,good,0.9610044956207275,0.9023997783660889,0.84520555,0.8323541,0.92634624,0.09399213,0.0,0.92634624,0.19810432,0.08114071,0.089282416,-0.022838789594208778,0.2176342,0.6466666,0.6466666,0.9671105,0.32044393,0.0,0.9671105,0.47773734,0.32044393,0.32499832,-0.02634706380574602,0.19934931,0.30481964349746704,0.46767795,0.34797096,0.9345087,0.5865377,0.043478260869565216,0.9345087,0.61162055,0.46683073,0.52724046,-0.00926581737787827,0.10986996,0.23899633,0.23844868,0.97217643,0.73372775,0.0,0.97217643,0.78255695,0.7331801,0.73665094,-0.00794977314858568,0.06672038,0.35834754,0.35834754,1.0002162,0.6418687,0.08333333333333333,1.0002162,0.78067684,0.6418687,0.66209334,-0.016728712734968787,0.12367497,0.2548338770866394
20104.mp4,good,0.9912088513374329,0.9743984937667847,0.55590683,0.51164436,0.9825222,0.47087783,0.2608695652173913,0.9825222,0.68817943,0.42661536,0.4453008,-0.021238731006859794,0.16206005,0.17447269,0.16218507,0.9854857,0.8233006,0.2608695652173913,0.9854857,0.8877285,0.811013,0.8244174,-0.006040407440407953,0.04408194,0.04927600547671318,0.1648019,0.15159011,0.9832161,0.831626,0.08695652173913043,0.9832161,0.85902464,0.8184142,0.82808733,-0.0042836700267942516,0.035589375,0.07457316,0.073011756,0.9898596,0.9168478,0.08695652173913043,0.9898596,0.9370047,0.9152864,0.923832,-0.0020112603785020955,0.015938783,0.08108461,0.048674107,0.99999166,0.95131755,0.041666666666666664,0.99999166,0.9591972,0.91890705,0.9504944,-0.001451613151508861,0.016269676,0.31559252738952637
5657.mp4,normal,0.9578115344047546,0.8810198307037354,0.19705822,0.1043067,0.2898969,0.18559021,0.21739130434782608,0.2898969,0.16988747,0.09283869,0.11925403,0.0030757051417714533,0.04643853,0.20967865,0.1124503,0.71651334,0.60406303,0.30434782608695654,0.71651334,0.5757844,0.5068347,0.51770025,0.002288440058353861,0.051409025,0.28114813566207886,0.08141875,0.015314221,0.7725829,0.75726867,0.2608695652173913,0.7824111,0.742476,0.69116414,0.70451003,0.0020399927621773456,0.03084285,0.08374566,0.018268883,0.89699465,0.87872577,0.21739130434782608,0.89699465,0.85693246,0.813249,0.819857,0.0017440273120940463,0.026324632,0.22318172,0.16204411,0.9997023,0.83765817,0.08333333333333333,0.9997023,0.84120417,0.77652055,0.80093455,-0.0010787794123525254,0.0423481,0.47167766094207764
7599.mp4,bad,0.9643052816390991,0.8701051473617554,0.7296816,0.67410505,0.83546245,0.16135739,0.0,0.83546245,0.2017507,0.10578086,0.10889894,-0.01460636454255214,0.17320523,0.38436842,0.29116946,0.93397796,0.6428085,0.0,0.93397796,0.6369724,0.54960954,0.55133027,-0.008040207235709492,0.10074735,0.20711293816566467,0.3433509,0.25898504,0.8977195,0.63873446,0.043478260869565216,0.8977195,0.69033694,0.5543686,0.6059612,-0.012138255382243834,0.10324762,0.18229568,0.1405536,0.9605328,0.8199792,0.043478260869565216,0.9605328,0.84408534,0.7782371,0.7980082,-0.005582294563059748,0.051033106,0.3452912,0.21688074,0.9998183,0.7829376,0.08333333333333333,0.9998183,0.8285422,0.6545271,0.73375,-0.01149900280910991,0.10292601,0.2839551568031311
16636.mp4,good,0.9973307251930237,0.9910769462585449,0.1793291,-0.21267092,0.773286,0.9859569,0.17391304347826086,0.9871473,0.83091146,0.5939569,0.6568354,0.0059068283073515715,0.11879353,0.021045625,-0.07270479,0.91953945,0.99224424,0.17391304347826086,0.99291575,0.94493866,0.8984938,0.90796506,0.0026242454414782354,0.03010466,0.027013633400201797,0.09292883,-0.08088213,0.90507466,0.9859568,0.17391304347826086,0.9871471,0.9125939,0.8121458,0.8312431,0.0022511963434370167,0.052314214,0.014633477,-0.026251972,0.9659923,0.99224424,0.17391304347826086,0.99291575,0.9719524,0.9513588,0.95630753,0.0009567984950400961,0.012519099,0.021644473,0.0050089955,0.9995829,0.9945739,0.20833333333333334,0.9995829,0.99065703,0.9779384,0.98269576,-5.820779696755243e-05,0.005298292,0.5223467350006104
20237.mp4,good,0.9945088028907776,0.9869059920310974,0.69987655,0.15918356,0.95413214,0.7949486,0.21739130434782608,0.95413214,0.5570506,0.2542556,0.26043466,0.015586939725008887,0.24138287,0.22600281,0.058570802,0.98255056,0.92397976,0.17391304347826086,0.98255056,0.8615827,0.75654775,0.7732999,0.003934711335675994,0.067956395,0.07596341520547867,0.14330441,0.06217593,0.9556103,0.89343435,0.2608695652173913,0.9556103,0.86593133,0.81230587,0.814359,0.0013361060218848636,0.03682981,0.08053082,0.034383714,0.9851261,0.95074236,0.21739130434782608,0.9851261,0.9375462,0.90459526,0.91221154,0.0005151572905981712,0.02011445,0.026693106,0.011570215,0.99997026,0.98840004,0.16666666666666666,0.99997026,0.98581094,0.97327715,0.9788209,-4.476723463639634e-05,0.006101158,0.4011088013648987
17308.mp4,bad,0.9976293444633484,0.9945210218429565,0.6056539,0.6056539,0.9843623,0.37870842,0.13043478260869565,0.9843623,0.61647147,0.37870842,0.3899588,-0.031249457491716388,0.21560225,0.21695435,0.21695435,0.9872447,0.7702904,0.17391304347826086,0.9872447,0.8642933,0.7702904,0.78594416,-0.009825766557761342,0.06601766,0.058201562613248825,0.19973892,0.19904125,0.98436236,0.7853211,0.13043478260869565,0.98436236,0.84640867,0.78462344,0.78948385,-0.007897846665778203,0.056870583,0.10301262,0.10301262,0.9881216,0.885109,0.13043478260869565,0.9881216,0.9224948,0.885109,0.8895441,-0.004661073444389072,0.032319658,0.050641775,0.050641775,1.0006487,0.95000696,0.25,1.0006487,0.9715689,0.95000696,0.9540878,-0.0022893092684124114,0.01636346,0.3300842046737671
7522.mp4,bad,0.9633769989013672,0.9042745232582092,0.72559047,0.45017803,0.9382708,0.48809278,0.13043478260869565,0.9382708,0.4654135,0.21268032,0.26706752,0.004417150167255059,0.16721791,0.29603422,0.15036917,0.97323895,0.8228698,0.08695652173913043,0.97323895,0.8064207,0.6772047,0.7583296,0.0019917066389392958,0.06436777,0.09282109886407852,0.43494546,0.2356373,0.94522846,0.70959115,0.17391304347826086,0.94522846,0.752687,0.510283,0.5561471,0.00444685982856827,0.11030468,0.15121949,0.08568221,0.97649276,0.89081055,0.13043478260869565,0.97649276,0.8992416,0.8252733,0.8602391,0.0008692433358181035,0.03233945,0.15667993,0.10757375,0.9993429,0.8917692,0.125,0.9993429,0.92269534,0.842663,0.88668096,-0.001675559489623381,0.033735856,0.34147149324417114
6036.mp4,bad,0.96190345287323,0.8244709968566895,0.45124206,0.43792796,0.5317013,0.09377338,0.0,0.5317013,0.11434354,0.08045926,0.08968618,-0.004742550630519984,0.08920263,0.38591185,0.38591185,0.7993686,0.41345677,0.0,0.7993686,0.4662386,0.41345677,0.41734496,-0.00787715769921367,0.07792129,0.3112688660621643,0.28639984,0.2834475,0.846737,0.5632895,0.0,0.846737,0.59715915,0.5603372,0.5645882,-0.004983808153231634,0.05901938,0.18013698,0.18013698,0.92000264,0.73986566,0.043478260869565216,0.92000264,0.7775074,0.73986566,0.75114715,-0.004354080251554267,0.03701121,0.38598174,0.34984547,1.0000411,0.65019566,0.041666666666666664,1.0000411,0.7075226,0.6140594,0.63863456,-0.007608505565187217,0.091485634,0.32495737075805664
15592.mp4,good,0.9425440430641174,0.8877578973770142,0.7721816,0.76609635,0.81231785,0.046221524,0.0,0.81231785,0.1536443,0.040136255,0.04238161,-0.02244945863637293,0.20429142,0.42551094,0.38814384,0.921303,0.53315914,0.0,0.921303,0.60596794,0.49579203,0.51066196,-0.015062051033785231,0.12427841,0.17220249772071838,0.56250983,0.5277288,0.8850274,0.3572986,0.0,0.8850274,0.4873138,0.32251757,0.33036274,-0.025006469501101466,0.18452606,0.25140166,0.23948836,0.9585978,0.7191094,0.0,0.9585978,0.7781704,0.7071961,0.7111318,-0.010654549589270196,0.080073595,0.60937357,0.54046535,1.0005581,0.46009275,0.125,1.0005581,0.5998125,0.39118457,0.39993945,-0.026124526003132722,0.19545276,0.13590224087238312
16391.mp4,good,0.9982461333274841,0.9948907494544983,0.100958645,0.088596106,0.985654,0.8970579,0.2608695652173913,0.985654,0.9256038,0.88469535,0.89685774,-0.003116833539348347,0.025489524,0.059256673,0.05595249,0.992106,0.93615353,0.13043478260869565,0.992106,0.9503004,0.93284935,0.93666047,-0.0017690895338774838,0.013602594,0.021215049549937248,0.0716939,0.05382061,0.985654,0.9318334,0.13043478260869565,0.985654,0.9400147,0.9139601,0.9198978,-0.0014489953932554733,0.015160457,0.032384694,0.030569196,0.9932265,0.96265733,0.17391304347826086,0.9932265,0.9715153,0.96084183,0.9626716,-0.0012055992373364837,0.008752729,0.014947176,0.014238119,1.0000618,0.98582363,0.16666666666666666,1.0000618,0.9900727,0.9851146,0.985852,-0.0005601832659348451,0.0041460213,0.3602128028869629
16221.mp4,good,0.9142007231712341,0.6994949579238892,0.68302274,-0.1085006,0.8597584,0.968259,0.0,0.968259,0.45307115,0.17673567,0.19342645,0.02417440550482792,0.28307122,0.48283964,-0.049349904,0.92899203,0.97834194,0.21739130434782608,0.97834194,0.68198776,0.4461524,0.4707378,0.01308975283336263,0.18406206,0.1544027179479599,0.31446087,-0.06931883,0.9005279,0.9698467,0.17391304347826086,0.9698467,0.7570979,0.586067,0.6121219,0.008433139960285236,0.11482902,0.25402802,-0.03293377,0.9495449,0.9824787,0.21739130434782608,0.9824787,0.83639055,0.6955169,0.72430533,0.005545697428963397,0.0875148,0.3759241,0.007172227,0.9994881,0.9923159,0.125,0.9994881,0.8687265,0.623564,0.75766516,0.004309309124946572,0.09667231,0.4143606722354889
20071.mp4,good,0.9945783019065857,0.9871227145195007,0.8063326,0.74409544,0.97545373,0.23135826,0.30434782608695654,0.97545373,0.48895302,0.16912115,0.20762636,-0.02615181149053481,0.24269521,0.21009451,0.18322212,0.9816654,0.79844326,0.17391304347826086,0.9816654,0.8545742,0.77157086,0.79114234,-0.005771271089320121,0.05283796,0.08932974189519882,0.17578328,0.11696637,0.9758456,0.8588792,0.13043478260869565,0.9758456,0.86917067,0.8000623,0.83648586,-0.00250721937818491,0.03363997,0.065027714,0.054172456,0.9877088,0.93353635,0.13043478260869565,0.9877088,0.943904,0.9226811,0.9272264,-0.0011851694508503432,0.013001341,0.021683693,0.011714995,0.99999,0.988275,0.08333333333333333,0.99999,0.9894278,0.9783063,0.9854633,-0.00023850161096326917,0.0044701844,0.5574435591697693
5748.mp4,normal,0.9199725985527039,0.755859375,0.1494697,0.1494697,0.22694513,0.07747543,0.13043478260869565,0.31609142,0.1795818,0.07747543,0.11596421,-0.0086903584819184,0.06462333,0.28820783,0.28820783,0.6512303,0.36302245,0.13043478260869565,0.72502404,0.5269036,0.36302245,0.41756722,-0.012952075468692852,0.09103812,0.28913331031799316,0.31463623,0.29726493,0.8318976,0.5346327,0.30434782608695654,0.8318976,0.6845191,0.5172614,0.552186,-0.01394339748050856,0.1032253,0.20812726,0.20812726,0.91202414,0.7038969,0.17391304347826086,0.91202414,0.816037,0.7038969,0.72413564,-0.00889555703509937,0.06341226,0.32846272,0.29657114,1.0003273,0.7037562,0.25,1.0003273,0.84319323,0.6718646,0.72653395,-0.011499382335206747,0.09113568,0.2519577443599701
6301.mp4,bad,0.970355212688446,0.8534531593322754,0.87971073,0.86256516,0.9846333,0.1220682,0.0,0.9846333,0.17572775,0.10492258,0.109378256,-0.010875372370712379,0.17646894,0.3718655,0.36519575,0.9926764,0.6274806,0.0,0.9926764,0.686955,0.62081087,0.6248215,-0.004426598666684901,0.07908826,0.18507738411426544,0.33947122,0.3111657,0.98481977,0.6736541,0.0,0.98481977,0.71414983,0.64534855,0.6537318,-0.005518173452893742,0.07525375,0.1504457,0.14676487,0.9932927,0.8465278,0.0,0.9932927,0.8720324,0.842847,0.843766,-0.0024885723713358406,0.032825205,0.30892873,0.29440594,1.0005555,0.7061496,0.125,1.0005555,0.7845096,0.6916268,0.69585437,-0.007499463921007918,0.0902959,0.3925992250442505
16650.mp4,normal,0.9797844886779785,0.9415541887283325,0.8118901,0.8118901,0.9576056,0.14571549,0.0,0.9576056,0.29722115,0.14571549,0.14787894,-0.029002037311613327,0.24413824,0.16526747,0.16488683,0.9811368,0.81624997,0.0,0.9811368,0.8492099,0.81586933,0.8161182,-0.005619268054547522,0.04597641,0.09099169075489044,0.18433917,0.18433917,0.96249527,0.7781561,0.0,0.96249527,0.8204374,0.7781561,0.78176886,-0.005902300945854935,0.046187166,0.057776332,0.057776332,0.98478276,0.9270064,0.0,0.98478276,0.94020164,0.9270064,0.92819744,-0.0019223112833829878,0.014971365,0.18394673,0.15470684,1.0002497,0.8455429,0.16666666666666666,1.0002497,0.87953585,0.816303,0.82177484,-0.006466974434645297,0.055431854,0.43320614099502563
17210.mp4,good,0.9663212895393372,0.9106270670890808,0.7693487,0.7639644,0.9427353,0.17877091,0.0,0.9427353,0.36833584,0.17338662,0.18075332,-0.027712215400731627,0.21690017,0.45275116,0.43079758,0.9652027,0.5344051,0.043478260869565216,0.9652027,0.6504201,0.5124515,0.5179863,-0.018719545996236226,0.13549727,0.1871500164270401,0.2831732,0.23240739,0.9464672,0.7140598,0.17391304347826086,0.9464672,0.7572025,0.663294,0.6724711,-0.010350411647393299,0.074784376,0.20218414,0.18391961,0.9737529,0.7898333,0.13043478260869565,0.9737529,0.8375702,0.7715688,0.77958953,-0.007888470890493748,0.056452215,0.19727916,0.18791777,0.99978024,0.81186247,0.20833333333333334,0.99978024,0.8878093,0.8025011,0.8133599,-0.007894713230755026,0.056340374,0.4101410508155823
6284.mp4,normal,0.9917102456092834,0.9778483510017395,0.63431656,0.54048216,0.99059844,0.45011625,0.2608695652173913,0.99059844,0.670739,0.3562819,0.38789222,0.006607610747041441,0.22638236,0.21027291,0.1801632,0.99542135,0.81525815,0.21739130434782608,0.99542135,0.88434607,0.78514844,0.79246044,0.0017190746403494463,0.06931866,0.06937095522880554,0.16446519,0.14182878,0.99059844,0.84876966,0.17391304347826086,0.99059844,0.89300174,0.82613325,0.8391873,0.0003438252705358858,0.0480893,0.070150375,0.06041813,0.99552226,0.93510413,0.13043478260869565,0.99552226,0.9537171,0.9253719,0.9335229,8.769262685134233e-05,0.020277137,0.0496732,0.021634579,1.0003612,0.9787266,0.25,1.0003612,0.9789069,0.950688,0.95630646,-0.0005001442069592878,0.01538895,0.332550585269928
20197.mp4,good,0.971295952796936,0.9310749769210815,0.801191,0.45661694,0.92149794,0.464881,0.0,0.92149794,0.30123594,0.12030695,0.13627604,-0.017420565238288745,0.23650315,0.44102424,0.1599809,0.96549165,0.80551076,0.30434782608695654,0.96549165,0.69821227,0.5244674,0.54164535,-0.011155587882392478,0.13477312,0.1685851812362671,0.323462,0.14311397,0.93412566,0.7910117,0.13043478260869565,0.93412566,0.7456656,0.61066365,0.6627625,-0.007995503339842851,0.078302264,0.1789124,0.082511485,0.97514415,0.89263266,0.2608695652173913,0.97514415,0.86679757,0.79623175,0.80325204,-0.0052199401992112,0.05164687,0.14390558,0.037730873,0.9996415,0.9619106,0.25,0.9996415,0.92150974,0.8557359,0.86651546,-0.002931044464525991,0.044584095,0.33698248863220215
17111.mp4,good,0.9591236114501953,0.8887450695037842,0.7514019,0.71954495,0.8994671,0.17992218,0.0,0.8994671,0.33126926,0.14806524,0.15877187,-0.02564867331164157,0.20078115,0.42398864,0.4168176,0.9494332,0.5326156,0.17391304347826086,0.9494332,0.6561592,0.52544457,0.5332679,-0.01613173471844715,0.11824442,0.19623519480228424,0.22537333,0.19255877,0.9318207,0.7392619,0.0,0.9318207,0.7537319,0.70644736,0.71350104,-0.005300494816463459,0.056577764,0.16037172,0.16037172,0.9699185,0.80954677,0.0,0.9699185,0.85239434,0.80954677,0.813078,-0.0060757925741286144,0.045205966,0.3007741,0.26460487,0.99949485,0.73489,0.041666666666666664,0.99949485,0.79239875,0.69872075,0.71673065,-0.010218007460884446,0.08581882,0.4935319721698761
15135.mp4,normal,0.9900076389312744,0.9608253240585327,0.79075754,0.7797512,0.9511489,0.17139778,0.0,0.9511489,0.3318622,0.16039136,0.1708969,-0.028822894550477096,0.22704934,0.37697852,0.37697852,0.96944916,0.59247065,0.13043478260869565,0.96944916,0.71318835,0.59247065,0.6092487,-0.014516670359924376,0.103814766,0.2024286985397339,0.16242981,0.16184628,0.9547111,0.7928648,0.08695652173913043,0.9547111,0.83289003,0.79228127,0.80389583,-0.004028815407998,0.03780456,0.08251989,0.08251989,0.97892964,0.89640975,0.0,0.97892964,0.915617,0.89640975,0.8992033,-0.0024757347559269324,0.020225642,0.062327027,0.040492713,1.0006416,0.9601489,0.125,1.0006416,0.9667775,0.93831456,0.9532402,-0.0013999724388122825,0.015152247,0.3929760456085205
17240.mp4,bad,0.9271174073219299,0.6135359406471252,0.45268035,0.44497836,0.5481827,0.103204355,0.0,0.5481827,0.18124385,0.095502384,0.10208841,-0.013293630388296644,0.107840255,0.60761,0.5941789,0.79825044,0.2040715,0.0,0.79825044,0.32801387,0.19064045,0.20261605,-0.020882232563768928,0.15883578,0.34030619263648987,0.5309335,0.510645,0.8337258,0.32308084,0.043478260869565216,0.8337258,0.47496867,0.30279228,0.31952286,-0.02288852075460872,0.16180585,0.38624012,0.38035518,0.9169656,0.5366104,0.043478260869565216,0.9169656,0.66832,0.5307255,0.5369597,-0.019276279882480034,0.13546503,0.64070904,0.5545758,1.0002275,0.44565165,0.16666666666666666,1.0002275,0.6438355,0.3595184,0.42668885,-0.028265200218428776,0.2110009,0.19384607672691345
16294.mp4,good,0.9278270602226257,0.8636084794998169,0.43462127,0.43462127,0.4922809,0.057659622,0.17391304347826086,0.4922809,0.1616144,0.057659622,0.06367808,-0.012487800905974254,0.09645271,0.47463536,0.47463536,0.77086496,0.2962296,0.17391304347826086,0.77086496,0.4676418,0.2962296,0.31231818,-0.016531034626744028,0.11470923,0.28405675292015076,0.37007535,0.35724115,0.7959856,0.43874443,0.17391304347826086,0.7959856,0.57793564,0.42591023,0.46465003,-0.014026995556863394,0.09778231,0.2962367,0.2962367,0.8966125,0.60037583,0.17391304347826086,0.8966125,0.75169855,0.60037583,0.62274146,-0.012161742321587357,0.08277221,0.4402715,0.4256341,1.0000484,0.5744143,0.16666666666666666,1.0000484,0.73289704,0.5597769,0.5945294,-0.012623654344807519,0.09731594,0.18812331557273865
16199.mp4,bad,0.9707084894180298,0.942356288433075,0.807556,0.7978022,0.93560255,0.13780032,0.0,0.9609087,0.27694318,0.12804656,0.13173966,-0.029668816022957744,0.26950133,0.5180402,0.51407516,0.96591586,0.4518407,0.0,0.9783665,0.5884433,0.44787568,0.44995704,-0.023391828794959987,0.1780483,0.26547354459762573,0.24869484,0.21595669,0.93819916,0.7222425,0.0,0.9613853,0.7463926,0.6895043,0.69242996,-0.008531858739645598,0.07718441,0.16171277,0.14954162,0.9729481,0.82340646,0.0,0.98218846,0.8539168,0.8112353,0.8148731,-0.006352587297499888,0.051262658,0.13252127,0.08439821,1.0001013,0.9157031,0.08333333333333333,1.0001013,0.9286998,0.86758006,0.9061661,-0.0018790203592051818,0.029463394,0.3837891221046448
15967.mp4,bad,0.9910531044006348,0.9450536966323853,0.51925355,-0.039337993,0.94222414,0.98156214,0.21739130434782608,0.98156214,0.7967518,0.4229706,0.52259403,0.01965116918558189,0.18435337,0.17856616,-0.016105235,0.9673397,0.9834449,0.2608695652173913,0.98466355,0.9200364,0.78877354,0.8197264,0.00680284732179679,0.06356771,0.03446964547038078,0.12572241,-0.0364033,0.9451587,0.981562,0.2608695652173913,0.981562,0.90342695,0.8194363,0.8302838,0.006982182855662624,0.059028614,0.06676936,-0.013490558,0.97515166,0.9886422,0.2608695652173913,0.9886422,0.954506,0.9083823,0.9172103,0.003267275662761431,0.028157672,0.11110622,0.003693521,0.9997855,0.99609196,0.08333333333333333,0.9997855,0.97949106,0.88867927,0.9602251,0.001430931868760462,0.023478696,0.4906795620918274
6555.mp4,normal,0.9462087750434875,0.8654917478561401,0.6020245,0.5913976,0.70743483,0.11603724,0.0,0.70743483,0.1997298,0.10541035,0.112572394,-0.016928003107017215,0.17122057,0.27267444,0.19948143,0.8992037,0.6997223,0.043478260869565216,0.8992037,0.7012516,0.6265293,0.6348455,-0.006125275443193942,0.07394871,0.1701231151819229,0.20823884,0.115179956,0.8748254,0.75964546,0.2608695652173913,0.87680995,0.7526822,0.6665866,0.6818873,-0.00376203279250224,0.058969337,0.1312952,0.07538891,0.94876814,0.87337923,0.21739130434782608,0.94904697,0.8713746,0.81747293,0.8220321,-0.0023843604232011606,0.036312215,0.22191471,0.15481257,0.99951816,0.8447056,0.08333333333333333,0.99951816,0.8606407,0.77760345,0.80392003,-0.005916597765425023,0.061451253,0.16904883086681366
16599.mp4,bad,0.999224066734314,0.9976017475128174,0.061775208,0.0417403,0.9873159,0.9455756,0.13043478260869565,0.9873159,0.94868165,0.9255407,0.9296408,-0.0012925321994562856,0.01632185,0.043216586,0.040323973,0.9925202,0.95219624,0.0,0.9925202,0.95761937,0.9493036,0.95107484,-0.0012227348659349477,0.0118925255,0.015093863010406494,0.053394258,0.041740477,0.98731595,0.9455755,0.13043478260869565,0.98731595,0.9518916,0.9339217,0.9377763,-0.0013972881283213711,0.014281266,0.02508372,0.024124026,0.9929265,0.96880245,0.0,0.9929265,0.9727133,0.96784276,0.9685862,-0.0007637429378720617,0.0068414058,0.0053531528,0.005256355,0.999699,0.99444264,0.0,0.999699,0.99550915,0.99434584,0.99450654,-0.00013927550419518523,0.0013252848,0.5396003127098083
17250.mp4,bad,0.9928433895111084,0.985912561416626,0.16697234,-0.008548498,0.9547826,0.9633311,0.17391304347826086,0.96570957,0.88654435,0.78781027,0.7939221,0.0018567056523952563,0.062585324,0.07006681,-0.0015906096,0.9794327,0.9810233,0.2608695652173913,0.9828827,0.9474044,0.9093659,0.91382056,0.0008112187442101082,0.02563594,0.010340994223952293,0.10180879,-0.008548439,0.9547827,0.96333116,0.21739130434782608,0.9657095,0.9081387,0.85297394,0.85771835,0.0015197270236938917,0.04011984,0.04886353,-0.00092482567,0.9805621,0.9814869,0.21739130434782608,0.98334014,0.95774525,0.93169856,0.93360996,0.0004713756175851693,0.017909221,0.033879578,0.01107049,1.0001442,0.98907375,0.16666666666666666,1.0001442,0.9812498,0.96626467,0.9716963,4.411147988359172e-05,0.008878254,0.5445429682731628
6090.mp4,bad,0.9643762707710266,0.9065975546836853,0.47470748,0.4303991,0.52589643,0.09549735,0.0,0.52589643,0.112714924,0.05118894,0.064327404,-0.0048524478575575555,0.0951226,0.37721956,0.27021545,0.84648436,0.5762689,0.08695652173913043,0.84648436,0.58183676,0.4692648,0.50705624,-0.0025655338651106693,0.07960289,0.2643638551235199,0.21695846,0.17380917,0.85171026,0.6779011,0.043478260869565216,0.85171026,0.69445115,0.6347518,0.66397715,-0.004320999732601788,0.04750279,0.13327676,0.108549,0.9450634,0.8365144,0.043478260869565216,0.9450634,0.8462005,0.81178665,0.83070636,-0.002007813792926052,0.028628292,0.23933709,0.21151495,0.9994036,0.78788865,0.041666666666666664,0.9994036,0.83446735,0.7600665,0.78763556,-0.006411410958870633,0.05799337,0.4321526885032654
7346.mp4,bad,0.9673417806625366,0.8093540072441101,0.30481595,0.10764098,0.49860054,0.39095956,0.2608695652173913,0.64345336,0.34896713,0.1937846,0.20346637,-0.004489610008453673,0.12396874,0.16274744,0.07824826,0.865898,0.78764975,0.2608695652173913,0.8832649,0.7804123,0.7031506,0.71200454,-0.0036378559387719722,0.0550853,0.12250030785799026,0.10700375,0.052506924,0.8249448,0.7724379,0.08695652173913043,0.87096477,0.77530587,0.71794105,0.735946,-0.00471734240827824,0.046700086,0.055400908,0.0371961,0.934768,0.8975719,0.043478260869565216,0.9478358,0.9029126,0.8793671,0.88237476,-0.0021750913424925353,0.022183144,0.21728134,0.2070595,1.0000823,0.79302275,0.0,1.0000823,0.8491114,0.7828009,0.7860849,-0.009775274940159048,0.082092404,0.3538963198661804
7539.mp4,bad,0.954537570476532,0.8619447946548462,0.7061629,0.265651,0.987041,0.72139,0.0,0.987041,0.48659042,0.28087804,0.30543905,-0.009330008841550419,0.2349004,0.2615019,0.09152937,0.9931681,0.90163875,0.13043478260869565,0.9931681,0.820225,0.7316662,0.7367005,-0.0024364586521985567,0.082677945,0.0895581766963005,0.32760656,0.13007152,0.987041,0.8569695,0.17391304347826086,0.987041,0.78048277,0.65943444,0.67976236,-0.005891657982890322,0.09526142,0.118231,0.052363932,0.99354464,0.9411807,0.0,0.99354464,0.90978324,0.87531364,0.878775,-0.0019004833792509522,0.03713734,0.14070433,0.0632835,0.999458,0.9361745,0.041666666666666664,0.999458,0.9177127,0.8587537,0.8808717,-0.003065209932949235,0.04141594,0.3356960713863373
6923.mp4,good,0.9606173038482666,0.7686074376106262,0.43789986,0.4277225,0.48026165,0.052539136,0.21739130434782608,0.48026165,0.2746573,0.042361785,0.052519415,-0.014162851423908598,0.12523246,0.34552404,0.25918597,0.8435809,0.58439493,0.21739130434782608,0.8435809,0.72754174,0.49805686,0.5352525,-0.011753283205475255,0.10399463,0.17356304824352264,0.18263757,0.10889983,0.8357327,0.72683287,0.21739130434782608,0.8571125,0.7935552,0.6530951,0.7252116,-0.004513264644758491,0.04846586,0.08280885,0.06484914,0.93571377,0.8708646,0.21739130434782608,0.93571377,0.9011048,0.8529049,0.86220556,-0.0024922394116405552,0.022747682,0.24206638,0.24206638,0.9995433,0.7574769,0.16666666666666666,0.9995433,0.925226,0.7574769,0.8452883,-0.0062347004983736385,0.055440336,0.3355183005332947
6252.mp4,bad,0.9630853533744812,0.7983119487762451,0.33579284,0.3032255,0.5496189,0.24639341,0.17391304347826086,0.5496189,0.33416042,0.21382606,0.22520354,-0.010231508361727827,0.10060209,0.1597054,0.10170555,0.8599069,0.75820136,0.13043478260869565,0.8599069,0.7730132,0.7002015,0.7264454,-0.003530432466461728,0.038783204,0.10570334643125534,0.33712804,0.20710754,0.85030544,0.6431979,0.2608695652173913,0.85030544,0.72049326,0.5131774,0.54069304,-0.014296621378702625,0.11768414,0.12774086,0.09459281,0.9368174,0.8422246,0.2608695652173913,0.9368174,0.87871635,0.80907655,0.8179142,-0.005781217879457448,0.044518314,0.37514,0.37514,1.000069,0.624929,0.3333333333333333,1.000069,0.8314616,0.624929,0.64241326,-0.017682931475017385,0.13344233,0.18069885671138763
16663.mp4,bad,0.9516290426254272,0.8928688764572144,0.7641079,0.7641079,0.79705375,0.03294587,0.0,0.79705375,0.19486278,0.03294587,0.035708353,-0.0281723513131733,0.21673326,0.7553007,0.7539735,0.915171,0.16119756,0.30434782608695654,0.915171,0.5265581,0.15987031,0.16557269,-0.03935783539011546,0.26512018,0.15027128159999847,0.69687665,0.69687665,0.885332,0.18845537,0.0,0.885332,0.4538097,0.18845537,0.19876185,-0.03733467035319495,0.2655523,0.5936118,0.5936118,0.95306253,0.35945076,0.21739130434782608,0.95306253,0.6768294,0.35945076,0.37213492,-0.03139379850253758,0.21154857,0.68482065,0.68482065,1.0004869,0.3156662,0.20833333333333334,1.0004869,0.6445658,0.3156662,0.34769568,-0.03131636206222619,0.21957722,0.11949090659618378
16728.mp4,bad,0.9751457571983337,0.9489623308181763,0.53314304,0.52291733,0.67616236,0.15324503,0.0,0.67616236,0.2109516,0.14301932,0.14595549,-0.012232789688784154,0.11569904,0.51016754,0.50696766,0.856945,0.3499773,0.0,0.856945,0.4445389,0.34677744,0.34844264,-0.017065185008077296,0.13418847,0.3731386363506317,0.21769285,0.20383626,0.8606501,0.65681386,0.08695652173913043,0.8606501,0.71228904,0.64295727,0.65001833,-0.008642321283167057,0.062344756,0.15217113,0.14768952,0.92498446,0.77729493,0.0,0.92498446,0.81767756,0.7728133,0.7744092,-0.006608250760749388,0.04698929,0.24359846,0.23438954,1.0003569,0.76596737,0.041666666666666664,1.0003569,0.844487,0.75675845,0.7672545,-0.010760258177052392,0.079195626,0.40535998344421387
7213.mp4,bad,0.9800544381141663,0.8596819043159485,0.69865847,0.6760362,0.8306481,0.15461196,0.0,0.8306481,0.23379971,0.13198963,0.13424326,-0.017764059362910953,0.17259724,0.30683434,0.2819155,0.9357125,0.65379703,0.0,0.9357125,0.70058024,0.6288782,0.63614446,-0.008433892498374479,0.08067797,0.1694975048303604,0.21054173,0.19376642,0.89678276,0.70301634,0.0,0.89678276,0.74259645,0.68624103,0.6965491,-0.007220350824325927,0.065013334,0.122193396,0.11279863,0.9609262,0.84812754,0.0,0.9609262,0.8700778,0.8387328,0.84316283,-0.004232889991032755,0.037730407,0.11390853,0.084864736,1.0001504,0.9152857,0.041666666666666664,1.0001504,0.92419267,0.8862419,0.89484984,-0.003705126073049482,0.03427631,0.42380475997924805
15569.mp4,bad,0.9599992632865906,0.848520040512085,0.6896828,0.6849128,0.8619304,0.17701758,0.0,0.8700439,0.38226745,0.1722476,0.17367308,-0.03610980041001154,0.2756058,0.5137608,0.50904715,0.95112234,0.4420752,0.0,0.95112234,0.62091494,0.43736157,0.44017705,-0.02830409114304271,0.20300494,0.22341351211071014,0.20009321,0.1752305,0.87738454,0.70215404,0.0,0.89080054,0.7491879,0.67729133,0.68602765,-0.00975578033876986,0.073709615,0.17325419,0.1622917,0.9599183,0.7976266,0.0,0.9599183,0.8443285,0.7866641,0.7916278,-0.008459319003485878,0.06256469,0.19335508,0.18379772,1.0006332,0.8168355,0.20833333333333334,1.0006332,0.8826022,0.80727816,0.814362,-0.008901534443316273,0.0647549,0.44521063566207886
7391.mp4,normal,0.9892287254333496,0.9266991019248962,0.8234571,0.68826675,0.9803529,0.29208612,0.17391304347826086,0.9803529,0.36355293,0.15689573,0.16028191,-0.020118796321832146,0.19506115,0.3265121,0.25721765,0.98375046,0.7265328,0.21739130434782608,0.98375046,0.75670606,0.65723836,0.6596006,-0.007677268310497875,0.080517106,0.14353719353675842,0.2854498,0.18738514,0.9812924,0.7939073,0.21739130434782608,0.9812924,0.7972102,0.6958426,0.7148054,-0.006982451960032162,0.06700799,0.13421458,0.10063124,0.99053645,0.8899052,0.21739130434782608,0.99053645,0.9002433,0.8563219,0.8585211,-0.00372151983349693,0.034244966,0.091067255,0.06320131,0.9999447,0.9367434,0.125,0.9999447,0.9519724,0.90887743,0.92323005,-0.003079117251479123,0.026970813,0.3394322693347931
5819.mp4,normal,0.9856958985328674,0.970509946346283,0.7404475,0.7339776,0.9411825,0.2072049,0.0,0.9411825,0.31842098,0.200735,0.20355172,-0.02107491893436127,0.20908947,0.3829928,0.3829928,0.96424407,0.58125126,0.043478260869565216,0.96424407,0.68934584,0.58125126,0.59318435,-0.012942846879186358,0.105582185,0.22119282186031342,0.18932086,0.14921784,0.9524844,0.8032666,0.043478260869565216,0.9524844,0.82765585,0.76316357,0.7937133,-0.004313301368664383,0.042481266,0.09002942,0.08920604,0.9795224,0.89031637,0.0,0.9795224,0.91053873,0.889493,0.89051616,-0.002593180937729326,0.023178134,0.06651801,0.04768443,0.99995565,0.9522712,0.08333333333333333,0.99995565,0.9591246,0.93343765,0.94368756,-0.0014293554813965658,0.01722881,0.47957074642181396
15047.mp4,normal,0.9599804878234863,0.9304091930389404,0.7179732,0.7139389,0.9143924,0.20045352,0.0,0.9143924,0.38617867,0.19641924,0.2043363,-0.02785354110563227,0.20254332,0.42516798,0.42516798,0.9636948,0.53852683,0.17391304347826086,0.9636948,0.70408475,0.53852683,0.5763701,-0.017426071784241874,0.11805694,0.12854856252670288,0.36432886,0.34349132,0.9153123,0.571821,0.08695652173913043,0.9153123,0.6610819,0.5509834,0.573446,-0.011190482043466081,0.08934907,0.20136434,0.20136434,0.9657289,0.76436454,0.13043478260869565,0.9657289,0.8326333,0.76436454,0.78092337,-0.00713112255330144,0.050733753,0.33116108,0.33116108,1.0005924,0.66943127,0.08333333333333333,1.0005924,0.79917496,0.66943127,0.7361767,-0.009303482123043246,0.07272432,0.375879168510437
6472.mp4,normal,0.96769118309021,0.8577387928962708,0.7948384,0.66078734,0.97120166,0.3104143,0.0,0.97120166,0.30008587,0.17636323,0.21075481,-0.007528110293178227,0.14905292,0.4560007,0.2962702,0.98856044,0.69229025,0.21739130434782608,0.98856044,0.6620388,0.53255975,0.5461961,-0.0034371752277193254,0.08869003,0.20999951660633087,0.29134816,0.17387402,0.9712018,0.79732776,0.08695652173913043,0.9712018,0.7720988,0.6798536,0.73372704,-0.0023796854047436005,0.051340804,0.18498111,0.09681916,0.9893013,0.89248216,0.08695652173913043,0.9893013,0.87203825,0.8043202,0.84643406,-0.0012568810240553155,0.033264548,0.16690546,0.05481565,0.99951154,0.9446959,0.08333333333333333,0.99951154,0.9226791,0.8326061,0.90193295,-0.002211536739183528,0.035630014,0.3458990156650543
6619.mp4,normal,0.9842754602432251,0.9227243065834045,0.87863356,0.8318292,0.96872365,0.13689446,0.0,0.96967113,0.31019405,0.09009008,0.13697112,-0.032668908947541306,0.30516443,0.36472875,0.27302468,0.98378986,0.7107652,0.08695652173913043,0.98378986,0.7628148,0.6190611,0.70478034,-0.010433306100340248,0.10579108,0.1488012969493866,0.2547062,0.1725964,0.9693532,0.7967568,0.08695652173913043,0.9713875,0.81877345,0.714647,0.78155595,-0.006330182842115171,0.07050089,0.12569374,0.09135622,0.9874117,0.89605546,0.08695652173913043,0.9874117,0.9116162,0.86171794,0.8924643,-0.0034607137615973007,0.034671605,0.12535489,0.060096562,1.000201,0.9401044,0.08333333333333333,1.000201,0.9433608,0.8748461,0.91461635,-0.0021373688656350933,0.031125277,0.29754602909088135
5858.mp4,normal,0.9457765817642212,0.8452680110931396,0.29982927,0.26192576,0.3515608,0.08963504,0.0,0.3515608,0.12378076,0.051731516,0.05555358,-0.00833771356451417,0.083316445,0.34807914,0.29837418,0.7022176,0.4038434,0.13043478260869565,0.7022176,0.4495994,0.35413843,0.35817987,-0.008803460319994,0.08830496,0.3762262463569641,0.17060655,0.1543349,0.81220996,0.65787506,0.043478260869565216,0.81220996,0.68844193,0.6416034,0.6473517,-0.005918771440803766,0.045341402,0.1020174,0.096488595,0.9037436,0.807255,0.0,0.9037436,0.82582563,0.8017262,0.80561453,-0.0032227029913499115,0.025339307,0.4041183,0.4041183,0.99955785,0.59543955,0.08333333333333333,0.99955785,0.7271431,0.59543955,0.6127972,-0.016121597160463765,0.118432015,0.3402423858642578
15628.mp4,bad,0.990872859954834,0.9743731021881104,0.6409761,0.44498026,0.9782095,0.53322923,0.17391304347826086,0.9782095,0.63217306,0.33723342,0.3641331,-0.023407061079980827,0.19511387,0.17711735,0.13866335,0.9834916,0.84482825,0.21739130434782608,0.9834916,0.88017064,0.80637425,0.8117484,-0.006949605147829184,0.05405768,0.053556639701128006,0.23562044,0.12947571,0.9782094,0.84873366,0.21739130434782608,0.9782094,0.8551036,0.74258894,0.78681904,-0.0059524915317301546,0.05805995,0.099889755,0.069493115,0.98966205,0.92016894,0.21739130434782608,0.98966205,0.93372726,0.8897723,0.8983711,-0.003482203768647244,0.028359871,0.06785053,0.030114174,0.9998812,0.96976703,0.125,0.9998812,0.97248167,0.9320307,0.95654374,-0.001432617099388811,0.01557956,0.45269864797592163
15190.mp4,bad,0.9615895748138428,0.8775451183319092,0.6058243,0.6003069,0.7287369,0.12842995,0.0,0.7287369,0.21394463,0.12291257,0.12488144,-0.01614023904084217,0.14157027,0.5814594,0.5814594,0.881727,0.30026758,0.043478260869565216,0.881727,0.4630997,0.30026758,0.32472926,-0.02176489200987837,0.15867351,0.3451997637748718,0.29065776,0.2765876,0.87478495,0.59819734,0.17391304347826086,0.87478495,0.7044884,0.5841272,0.6003505,-0.012414119931548964,0.08400156,0.22352785,0.22352785,0.9346677,0.71113986,0.21739130434782608,0.9346677,0.80829936,0.71113986,0.7285378,-0.01007717665240699,0.06783397,0.2988006,0.1982792,0.9993808,0.8011016,0.16666666666666666,0.9993808,0.87824297,0.70058024,0.79815197,-0.009007299179616192,0.07387222,0.40219846367836
6848.mp4,bad,0.9740996360778809,0.866083025932312,0.7677258,0.7677258,0.9939836,0.2262578,0.0,0.9939836,0.4313982,0.2262578,0.23156826,-0.020700221122960334,0.25598314,0.3098836,0.3088532,0.9907694,0.6819162,0.08695652173913043,0.9907694,0.7937612,0.6808858,0.71402824,-0.00877276062965393,0.09324424,0.12865158915519714,0.2373473,0.21257871,0.9939838,0.7814051,0.043478260869565216,0.9939838,0.8338523,0.7566365,0.77197814,-0.005910081943504414,0.0685925,0.111280024,0.094135344,0.9965127,0.90237737,0.17391304347826086,0.9965127,0.9224129,0.8852327,0.8874344,-0.0027566228812862417,0.0331487,0.12562394,0.06611395,1.000375,0.9342611,0.25,1.000375,0.9509154,0.8747511,0.90570027,-0.002289177879043253,0.034621388,0.40868157148361206
15409.mp4,bad,0.951561450958252,0.9150541424751282,0.5846142,0.5846142,0.89911586,0.31450164,0.0,0.89911586,0.4330689,0.31450164,0.3275371,-0.01860340743550199,0.1594639,0.2603175,0.25971133,0.95514953,0.6954382,0.0,0.95514953,0.75707155,0.694832,0.69855124,-0.008658141604525315,0.07202603,0.12421469390392303,0.20697647,0.20324957,0.91823006,0.7149805,0.21739130434782608,0.91823006,0.7696554,0.7112536,0.7181552,-0.0038900503174589523,0.047647163,0.10552651,0.10552651,0.9655075,0.859981,0.0,0.9655075,0.8812862,0.859981,0.86272717,-0.002670694422344929,0.025758566,0.3079515,0.3079515,1.0002139,0.69226235,0.125,1.0002139,0.8246893,0.69226235,0.7421514,-0.007986447448315854,0.070989005,0.34429988265037537
7351.mp4,bad,0.967003345489502,0.8787189722061157,0.75238305,0.33830535,0.95597684,0.6176715,0.13043478260869565,0.95597684,0.630146,0.20359379,0.38313314,-0.01162877970415614,0.19639575,0.338988,0.138129,0.984032,0.845903,0.13043478260869565,0.984032,0.85551924,0.64504397,0.74679124,-0.0041424375866713015,0.084275454,0.058602768927812576,0.26907218,0.21854383,0.9559767,0.7374329,0.13043478260869565,0.9559767,0.7909995,0.68690455,0.7224184,-0.006250830389294218,0.068140276,0.12193036,0.09612721,0.9843378,0.8882106,0.17391304347826086,0.9843378,0.914122,0.86240745,0.8796868,-0.0028215386415187424,0.031717718,0.093482256,0.067941666,0.9995073,0.93156564,0.20833333333333334,0.9995073,0.9459726,0.90602505,0.9090577,-0.0020409530401230146,0.027361734,0.5018271803855896
7135.mp4,bad,0.9291163086891174,0.8178084492683411,0.27684602,0.25881,0.48548758,0.22667757,0.043478260869565216,0.53291774,0.30799446,0.20864156,0.22863941,-0.002224702859231137,0.089333534,0.18347287,0.16382813,0.7933961,0.629568,0.17391304347826086,0.8146966,0.69594085,0.60992324,0.6163833,-0.0002441025180779059,0.07341642,0.16435270011425018,0.15986967,0.08825046,0.7955946,0.7073441,0.17391304347826086,0.7955946,0.72306997,0.6357249,0.63689965,-0.00032227654230925385,0.050397407,0.08965242,0.05246806,0.900434,0.84796596,0.17391304347826086,0.9008194,0.86029357,0.8107816,0.8136634,-2.1837445587051246e-05,0.028425574,0.25772166,0.17878467,1.0004988,0.8217141,0.20833333333333334,1.0004988,0.83816,0.7427771,0.75046074,-0.002519699568333847,0.05896662,0.34525689482688904
17343.mp4,bad,0.9989698529243469,0.9980814456939697,0.0109779835,0.009181738,0.9927802,0.9835985,0.13043478260869565,0.9927802,0.985273,0.9818022,0.98243594,-0.0002775383089841862,0.002744446,0.004822254,0.0036711693,0.9959909,0.9923197,0.08695652173913043,0.9959909,0.9929023,0.9911686,0.991933,-9.085408783714108e-05,0.0011131347,4.243073271936737e-05,0.01080054,0.008902311,0.9927802,0.9838779,0.13043478260869565,0.9927802,0.98532736,0.98197967,0.98260665,-0.0002754732318546754,0.002717476,0.004676938,0.0036807656,0.996006,0.99232525,0.08695652173913043,0.996006,0.9929447,0.9913291,0.9919617,-9.513973247392904e-05,0.0011229663,0.0054405928,0.004980564,1.0005064,0.99552584,0.08333333333333333,1.0005064,0.9966261,0.9950658,0.9954622,-0.00011918365955353204,0.0012439522,0.5828553438186646
7407.mp4,bad,0.9583722949028015,0.8274511098861694,0.8200713,0.44222176,0.9654286,0.52320683,0.21739130434782608,0.9654286,0.51290166,0.14535731,0.19010006,0.006287629763952826,0.20838194,0.41800797,0.14545065,0.97540426,0.8299536,0.17391304347826086,0.97540426,0.804857,0.5573963,0.6294733,0.005763575434684744,0.10096967,0.10788014531135559,0.32565057,0.108480275,0.96754974,0.85906947,0.17391304347826086,0.96754974,0.8314448,0.64189917,0.71156996,0.004073621138282436,0.07182771,0.18881881,0.055556893,0.9844549,0.928898,0.17391304347826086,0.9844549,0.9127371,0.79563606,0.8360695,0.0027212455809823314,0.044442948,0.23817855,0.0425781,0.9994031,0.956825,0.16666666666666666,0.9994031,0.94396025,0.76122457,0.8561663,0.0029217130723206797,0.058275726,0.379622220993042
6373.mp4,bad,0.9839950203895569,0.931949257850647,0.8316431,0.80901444,0.9561268,0.14711234,0.0,0.9567303,0.30723473,0.12448368,0.13948378,-0.031397020039351096,0.27536044,0.3144892,0.30930585,0.96991926,0.6606134,0.0,0.96991926,0.7337295,0.6554301,0.6624582,-0.01242966761466545,0.10271094,0.17590659856796265,0.2061553,0.14842021,0.96189713,0.8134769,0.043478260869565216,0.96189713,0.8195057,0.75574183,0.77217954,-0.004688037125018271,0.05437339,0.104882,0.07982111,0.97986996,0.90004885,0.043478260869565216,0.97986996,0.90963614,0.87498796,0.8925563,-0.0027882357831057764,0.027390918,0.09244335,0.05437529,1.00055,0.94617474,0.125,1.00055,0.9482115,0.9081067,0.9273304,-0.002428830291913926,0.023598323,0.3970222473144531
6485.mp4,good,0.9847798347473145,0.915520429611206,0.6482671,0.6097385,0.82194054,0.21220201,0.0,0.82194054,0.31030875,0.17367345,0.18554509,-0.02345101476422412,0.2053669,0.3314237,0.2758956,0.92967993,0.65378433,0.043478260869565216,0.92967993,0.70743257,0.59825623,0.6243042,-0.013079082895173398,0.1010874,0.17790307104587555,0.39744556,0.1476937,0.91459596,0.76690227,0.043478260869565216,0.91459596,0.7870356,0.5171504,0.72040427,-0.008869488425405612,0.0848865,0.15434313,0.09377897,0.9653921,0.87161314,0.17391304347826086,0.9653921,0.88533556,0.811049,0.8348506,-0.005717062196241531,0.043637108,0.09886837,0.05865836,0.9993874,0.940729,0.125,0.9993874,0.9570089,0.900519,0.93225557,-0.0028448457821556106,0.024108004,0.3623918890953064
7397.mp4,normal,0.9633661508560181,0.9128122925758362,0.7469168,0.7469168,0.8684437,0.12152697,0.2608695652173913,0.8684437,0.33988103,0.12152697,0.12691762,-0.012928291522113713,0.19496322,0.29323208,0.25108254,0.9222456,0.6711631,0.2608695652173913,0.9222456,0.7643662,0.62901354,0.63940996,-0.007097608428227585,0.08204059,0.10472606867551804,0.24111074,0.14905018,0.901067,0.75201684,0.17391304347826086,0.901067,0.7510708,0.6599563,0.68730575,-0.000590949131566084,0.0565697,0.10940266,0.0711568,0.94643635,0.87527955,0.13043478260869565,0.94643635,0.86909246,0.8370337,0.841705,-0.0002226459061204266,0.026097452,0.15291262,0.0932765,0.99957025,0.90629375,0.041666666666666664,0.99957025,0.89610857,0.84665763,0.8661795,-0.0018680296255194986,0.034818757,0.1572573184967041
15174.mp4,normal,0.9876502752304077,0.9610798358917236,0.6836047,0.66022867,0.8974359,0.23720723,0.0,0.8974359,0.35881022,0.21383116,0.21813256,-0.02428567786461752,0.19471803,0.24643147,0.24143809,0.95789325,0.71645516,0.0,0.95789325,0.78579897,0.7114618,0.71522385,-0.010830231923830853,0.07870843,0.09323131293058395,0.35643685,0.3147775,0.91712844,0.60235095,0.08695652173913043,0.91712844,0.70868677,0.5606916,0.60347134,-0.015434836740550337,0.10911922,0.15127432,0.1427412,0.9722675,0.8295263,0.043478260869565216,0.9722675,0.8790304,0.8209932,0.82995796,-0.0072035638711197975,0.05141392,0.121013165,0.112903535,1.0002277,0.88732415,0.20833333333333334,1.0002277,0.93500185,0.8792145,0.8881762,-0.005518917441368113,0.041951384,0.3257941007614136
15923.mp4,bad,0.938668966293335,0.7832748293876648,0.28767204,0.28221923,0.32801026,0.045791045,0.0,0.32801026,0.06514824,0.040338222,0.04258441,-0.004321605088594172,0.05822026,0.3629602,0.35804367,0.7895051,0.43146145,0.0,0.7895051,0.48492348,0.42654493,0.43161324,-0.010017196769299715,0.08813545,0.35156163573265076,0.15770912,0.08549559,0.7942773,0.7087817,0.08695652173913043,0.7942773,0.6983067,0.6365682,0.67083246,7.700531379036037e-05,0.02962911,0.07821739,0.07280558,0.901739,0.8289334,0.0,0.901739,0.83648515,0.8235216,0.8250678,-0.001445882464114885,0.016659241,0.33755618,0.20396608,1.000422,0.7964559,0.16666666666666666,1.000422,0.7739906,0.6628658,0.68625546,-0.0034819891141808857,0.069161385,0.40574413537979126
7425.mp4,normal,0.9834349155426025,0.9236087203025818,0.5798975,0.11563051,0.87166214,0.75603163,0.0,0.87166214,0.43574035,0.29176462,0.31428906,-0.008040323352860838,0.16115758,0.3062669,0.047611833,0.94705564,0.8994438,0.043478260869565216,0.94705564,0.73048896,0.64078873,0.65063334,-0.004601840798562713,0.08858297,0.1528187394142151,0.19070965,0.0439893,0.9171057,0.8731164,0.08695652173913043,0.9171057,0.79164,0.726396,0.74419576,-0.0027211921017160625,0.053596918,0.117292404,0.023733258,0.9617448,0.9380115,0.043478260869565216,0.9617448,0.8833076,0.8444524,0.8589029,-0.0017740302406280917,0.032922145,0.0888415,0.026854217,0.9997354,0.9728812,0.08333333333333333,0.9997354,0.9495687,0.9108939,0.9310234,-0.0017882898838623956,0.023114085,0.37421318888664246
6435.mp4,normal,0.9803404808044434,0.9495936632156372,0.7649087,0.75403774,0.9243214,0.17028368,0.0,0.9243214,0.2506688,0.15941277,0.16509278,-0.01471577974941891,0.1550592,0.3951124,0.35897017,0.95578396,0.5968138,0.17391304347826086,0.95578396,0.66776127,0.56067157,0.5642105,-0.011165304028469599,0.08944117,0.18785695731639862,0.39365667,0.39365667,0.9416057,0.547949,0.0,0.9416057,0.6752632,0.547949,0.5546403,-0.01761008498696942,0.1279091,0.17050672,0.15629083,0.97312135,0.8168305,0.17391304347826086,0.97312135,0.8556181,0.8026146,0.80357563,-0.006368810774780542,0.04570083,0.26366436,0.25060415,1.0003431,0.74973893,0.16666666666666666,1.0003431,0.8394014,0.7366787,0.74103194,-0.012850389687911357,0.09229261,0.2245132476091385
16861.mp4,good,0.9641128182411194,0.879498302936554,0.6414191,0.6309865,0.7496084,0.118621886,0.0,0.7496084,0.18782686,0.10818931,0.11065557,-0.015611779121424373,0.15125144,0.5836535,0.57212055,0.90189505,0.32977453,0.0,0.90189505,0.43677443,0.31824154,0.32091784,-0.020565361255713618,0.1692543,0.296678364276886,0.40101004,0.38824117,0.89135695,0.5031158,0.0,0.89135695,0.57920104,0.4903469,0.49318293,-0.015124647867067057,0.12172062,0.29216403,0.28772622,0.9478591,0.6601329,0.0,0.9478591,0.73345274,0.6556951,0.66092086,-0.010965195569125088,0.087113366,0.49846375,0.49846375,1.0003564,0.5018927,0.0,1.0003564,0.63404995,0.5018927,0.50660247,-0.018972369147383664,0.15747438,0.3051656186580658
17300.mp4,bad,0.9710138440132141,0.9015548825263977,0.7186046,0.682057,0.9084056,0.22634856,0.0,0.9084056,0.38992032,0.18980098,0.20258856,-0.02850824863955439,0.21680537,0.42114925,0.379498,0.9512352,0.5717372,0.13043478260869565,0.9512352,0.6937242,0.5300859,0.53992105,-0.020382055180817277,0.14818412,0.19781342148780823,0.2619651,0.1950159,0.9245353,0.72951937,0.17391304347826086,0.9245353,0.79317266,0.6625702,0.70408714,-0.009798648388018262,0.07189127,0.13291305,0.10705644,0.96204716,0.8549907,0.17391304347826086,0.96204716,0.8915377,0.8291341,0.8528821,-0.005283142031417056,0.037673913,0.17945433,0.09528631,0.99995714,0.90467083,0.16666666666666666,0.99995714,0.9277746,0.8205028,0.84947056,-0.005420807988747331,0.048893567,0.48760610818862915
5876.mp4,normal,0.8851854801177979,0.7087026834487915,0.15952529,0.12325822,0.20110595,0.077847734,0.17391304347826086,0.20110595,0.10060604,0.041580662,0.058803547,-0.0026576025227430795,0.037604738,0.43406606,0.2573787,0.7238131,0.46643442,0.17391304347826086,0.7238131,0.45338586,0.28974706,0.32174516,-0.0039061313796891605,0.09121098,0.3536668121814728,0.28619707,0.16879427,0.84744704,0.67865276,0.21739130434782608,0.84744704,0.67377406,0.56125,0.5971707,-0.0030238498812136462,0.06740089,0.17204821,0.101225555,0.90619814,0.8049726,0.08695652173913043,0.90619814,0.80705255,0.73414993,0.7711321,-0.0030429421559624035,0.037347283,0.2354114,0.12586313,1.0004137,0.8745505,0.20833333333333334,1.0004137,0.8667075,0.76500225,0.8092424,-0.004785707152408137,0.054668337,0.2600153088569641
6772.mp4,bad,0.9877949357032776,0.9710127115249634,0.683934,0.597548,0.98022294,0.3826749,0.0,0.98022294,0.42778957,0.29628897,0.30892333,-0.01859719650783088,0.18164647,0.23006177,0.20123178,0.98735577,0.786124,0.0,0.98735577,0.8155431,0.757294,0.7654791,-0.007339084454675904,0.059798248,0.11058422923088074,0.2351315,0.19388252,0.98022294,0.7863404,0.17391304347826086,0.98022294,0.8258796,0.74509144,0.7649238,-0.007154677519685205,0.056762055,0.09502286,0.08669865,0.98991334,0.9032147,0.08695652173913043,0.98991334,0.9261275,0.8948905,0.90336907,-0.003215511855871763,0.023944503,0.03843993,0.035018027,0.9997111,0.96469307,0.125,0.9997111,0.97618985,0.96127117,0.9657757,-0.0012358469807583561,0.009734113,0.45586490631103516
7237.mp4,good,0.9732595682144165,0.9351139068603516,0.64470476,0.55910724,0.8505759,0.29146868,0.0,0.8505759,0.289447,0.20587118,0.23805636,-0.004338181375161469,0.12490878,0.2860955,0.20248497,0.9286301,0.72614515,0.043478260869565216,0.9286301,0.7085802,0.6425346,0.678708,-0.0016294824393841708,0.055643033,0.18101866543293,0.18550837,0.08206314,0.89364636,0.8115832,0.13043478260869565,0.89364636,0.77024907,0.708138,0.72836626,-0.00025678646894311823,0.041939132,0.08980608,0.05394876,0.9583529,0.90440416,0.08695652173913043,0.9583529,0.88959885,0.86854684,0.8710983,-0.00039658886877444525,0.019293675,0.14804733,0.049634337,1.0006797,0.9510454,0.25,1.0006797,0.9091046,0.8526324,0.86190957,0.0007838178458421111,0.03875749,0.4938048720359802
15053.mp4,bad,0.9789167642593384,0.9215073585510254,0.1682303,0.035449207,0.96951723,0.934068,0.21739130434782608,0.96951723,0.89423853,0.80128694,0.8275468,0.004936770841538198,0.048791487,0.08154392,0.01964295,0.9855038,0.96586084,0.2608695652173913,0.9855038,0.94657797,0.9039599,0.91393507,0.002383987894171312,0.023298068,0.009631472639739513,0.10909736,0.035449266,0.96951723,0.93406796,0.2608695652173913,0.96951723,0.90855414,0.86041987,0.8643351,0.0029349373616719965,0.032117765,0.05183947,0.0186764,0.9855201,0.9668437,0.21739130434782608,0.9855201,0.95620954,0.93368065,0.9389391,0.0011965572362832072,0.013664807,0.08038688,0.016290605,1.0005419,0.9842513,0.25,1.0005419,0.965233,0.92015505,0.93078274,0.0017544093598489906,0.023746992,0.4853108525276184
7374.mp4,bad,0.9495201110839844,0.8836908936500549,0.7555269,0.58779967,0.89253116,0.30473146,0.043478260869565216,0.9479654,0.4121334,0.13700426,0.21370666,-0.02480331940848838,0.26695636,0.3792277,0.25495338,0.95508313,0.70012975,0.21739130434782608,0.9705547,0.7278476,0.57585543,0.5818847,-0.008500873453532282,0.13682514,0.1617034375667572,0.22720826,0.19162685,0.91849303,0.7268662,0.17391304347826086,0.94796526,0.7826572,0.6912848,0.6940142,-0.0069025018116231135,0.081214085,0.12930983,0.08621293,0.9644939,0.87828094,0.21739130434782608,0.9741858,0.8895509,0.83518404,0.8389387,-0.0028778015978251693,0.044955704,0.1293205,0.0994671,1.0002666,0.90079945,0.20833333333333334,1.0002666,0.9161987,0.87094605,0.87278956,-0.001492550321247298,0.030745894,0.3812485933303833
17446.mp4,good,0.989615797996521,0.9581455588340759,0.086794734,0.04043162,0.94622946,0.90579784,0.13043478260869565,0.94622946,0.8913229,0.8594347,0.86950785,-0.0008044986150010343,0.020037463,0.042830706,0.031936884,0.9710828,0.9391459,0.043478260869565216,0.9710828,0.9388924,0.9282521,0.9308789,-0.0007719650805703547,0.008987569,0.028482284396886826,0.05994016,0.038817167,0.9553459,0.91652876,0.17391304347826086,0.9553459,0.9182943,0.89540577,0.89712405,-0.0012195979653611,0.013972217,0.02289337,0.016153932,0.9817322,0.96557826,0.17391304347826086,0.9817322,0.96737474,0.9588388,0.96219075,-0.0003951446929939237,0.00479085,0.0477401,0.026253164,0.9999938,0.97374064,0.125,0.9999938,0.9694881,0.9522537,0.95788866,-0.0004242829654528091,0.010273396,0.545303225517273
15676.mp4,normal,0.9857595562934875,0.9536972641944885,0.76680124,0.76680124,0.94258976,0.17578849,0.0,0.94258976,0.3322572,0.17578849,0.17827465,-0.026484122728052815,0.20566191,0.43357372,0.4239943,0.9747561,0.5507618,0.0,0.9747561,0.67568064,0.5411824,0.546317,-0.019854507839726844,0.14261998,0.22646649181842804,0.18550646,0.16093951,0.95031685,0.78937733,0.08695652173913043,0.95031685,0.8093576,0.7648104,0.78007144,-0.004140954479398454,0.038931176,0.116425276,0.105924666,0.9843447,0.87842005,0.13043478260869565,0.9843447,0.9021471,0.86791945,0.871621,-0.004068922855166125,0.03038629,0.26390564,0.19392264,1.0002667,0.80634403,0.25,1.0002667,0.91137123,0.736361,0.7707968,-0.011409830036370656,0.08830065,0.43656855821609497
6068.mp4,bad,0.9855431914329529,0.936009407043457,0.6847483,0.67609435,0.7944837,0.118389346,0.0,0.7944837,0.22966257,0.1097354,0.11166361,-0.02171170273464424,0.18379685,0.34673333,0.3393563,0.91601276,0.57665646,0.0,0.91601276,0.6655653,0.56927943,0.5736316,-0.01374317611394665,0.10906868,0.23290205001831055,0.13838494,0.13838494,0.8997605,0.76137555,0.08695652173913043,0.8997605,0.8124587,0.76137555,0.7851161,-0.003965802637955885,0.029946174,0.09455252,0.09416211,0.95554996,0.86138785,0.13043478260869565,0.95554996,0.89846736,0.86099744,0.86936563,-0.0036968413902365525,0.025285544,0.17984712,0.17563725,0.9999989,0.8243617,0.16666666666666666,0.9999989,0.90618515,0.8201518,0.8282877,-0.008122615244077631,0.059104323,0.30158358812332153
6433.mp4,good,0.9376886487007141,0.5041739344596863,0.36178628,0.25409997,0.4895069,0.23540694,0.043478260869565216,0.4895069,0.2015373,0.12772062,0.14284794,-0.002519023792427995,0.06984498,0.27194124,0.21463478,0.80849314,0.59385836,0.0,0.80849314,0.5977758,0.5365519,0.5376772,-0.006892730360445764,0.07382437,0.16251245141029358,0.53718513,0.45133713,0.8550328,0.40369567,0.0,0.8550328,0.44653836,0.31784767,0.3381722,-0.015919497361767444,0.15873432,0.23974311,0.17220843,0.92833936,0.75613093,0.08695652173913043,0.92833936,0.76028824,0.68859625,0.7072339,-0.005116854201663621,0.060633685,0.5097513,0.39252055,0.999639,0.6071184,0.125,0.999639,0.6302889,0.48988765,0.52180976,-0.004840212542077785,0.10856477,0.19568641483783722
15366.mp4,normal,0.9762888550758362,0.9174328446388245,0.66661286,0.6322402,0.8023939,0.17015372,0.0,0.8023939,0.26638088,0.13578105,0.14186467,-0.021034697048631118,0.18630008,0.37407237,0.36174017,0.9183065,0.55656636,0.0,0.9183065,0.6283476,0.54423416,0.5484056,-0.01405620716306061,0.11370666,0.25033217668533325,0.15106386,0.10892677,0.86488307,0.7559563,0.13043478260869565,0.86488307,0.7654481,0.7138192,0.7330565,-0.0031370796822747667,0.032384235,0.08704394,0.07338649,0.9422222,0.8688357,0.08695652173913043,0.9422222,0.8786797,0.85517824,0.8584931,-0.0023637272034709223,0.020885577,0.08234167,0.06997234,0.99950206,0.9295297,0.041666666666666664,0.99950206,0.9423952,0.9171604,0.9275774,-0.0014704878693041863,0.016712738,0.3519275188446045
16268.mp4,good,0.9681511521339417,0.9022293090820312,0.57475936,0.55972815,0.6717336,0.1120055,0.0,0.6717336,0.16252646,0.096974246,0.1066432,-0.011119171631018167,0.12245771,0.3939339,0.38154233,0.8549373,0.473395,0.0,0.8549373,0.5238922,0.46100342,0.4694991,-0.00996821571008961,0.09244466,0.23918640613555908,0.31686926,0.29606307,0.81855965,0.5224966,0.043478260869565216,0.81855965,0.5966614,0.5016904,0.52345854,-0.011816863485946965,0.09387296,0.19563836,0.17687249,0.91181356,0.73494107,0.0,0.91181356,0.76307863,0.7161752,0.72697514,-0.0056973663950154905,0.04900048,0.19119418,0.15503418,0.9994049,0.8443707,0.041666666666666664,0.9994049,0.8592927,0.80821073,0.81834334,-0.0046004150224768815,0.04591523,0.2512040138244629
15358.mp4,good,0.9929004311561584,0.9745575785636902,0.6352072,0.360354,0.8999098,0.5395558,0.21739130434782608,0.8999098,0.46625957,0.26470262,0.29178855,0.0007560790291887857,0.14778182,0.23684669,0.12718964,0.9459735,0.8187839,0.21739130434782608,0.9459735,0.78715026,0.70912683,0.7122895,-0.00018904902953876482,0.058541924,0.12292154878377914,0.13056773,0.060619712,0.92187214,0.8612524,0.2608695652173913,0.92187214,0.8373642,0.7913044,0.797897,0.0006371317173652425,0.030773215,0.075048566,0.046678424,0.9645964,0.91791797,0.21739130434782608,0.9645964,0.91007185,0.8895478,0.8908475,-0.00029150470207802364,0.017507108,0.052701056,0.03278309,0.9999632,0.96718013,0.125,0.9999632,0.96403885,0.94726217,0.95223594,-0.00043997360312422604,0.011035963,0.6226303577423096
6299.mp4,normal,0.9842044711112976,0.9325193166732788,0.50068456,0.33976078,0.8721549,0.5323941,0.17391304347826086,0.8721549,0.5600114,0.37147033,0.3984359,-0.0015101313826594819,0.11658617,0.15438998,0.11317831,0.95342404,0.8402457,0.17391304347826086,0.95342404,0.85266834,0.79903406,0.8135693,-0.0008699433959048716,0.0352339,0.06466611474752426,0.14795756,0.123006225,0.8973417,0.7743355,0.13043478260869565,0.8973417,0.7950333,0.74938416,0.7613789,-0.002721869721714224,0.033244427,0.08395803,0.06007111,0.968094,0.9080229,0.043478260869565216,0.968094,0.9173345,0.88413596,0.904682,-0.0012729882958378213,0.016343502,0.12796992,0.09733701,1.0002862,0.9029492,0.125,1.0002862,0.9179487,0.8723163,0.8882625,-0.002580472438231767,0.02927932,0.32779937982559204
16330.mp4,normal,0.9756115674972534,0.7684246301651001,0.36264926,0.35281813,0.6665695,0.31375134,0.0,0.6665695,0.3438488,0.3039202,0.30840665,-0.004807148084574539,0.0716233,0.12796259,0.123126686,0.9072137,0.784087,0.0,0.9072137,0.79934967,0.7792511,0.77965564,-0.0027259300819969952,0.030244706,0.09191595017910004,0.17817688,0.14133614,0.9205883,0.7792522,0.0,0.9205883,0.78732467,0.74241143,0.7478845,-0.004170432863499331,0.045951102,0.09682363,0.08993149,0.9689307,0.87899923,0.0,0.9689307,0.8912657,0.8721071,0.8733138,-0.0028328896746804984,0.027178397,0.36020637,0.29886544,1.0002066,0.70134115,0.0,1.0002066,0.74606305,0.6400002,0.67809933,-0.01122643102770267,0.10745956,0.29309672117233276
16683.mp4,good,0.9820752143859863,0.9211075305938721,0.4229407,0.4229407,0.6842543,0.2613136,0.08695652173913043,0.6842543,0.3612367,0.2613136,0.29969662,-0.009791363781619926,0.08483911,0.16334045,0.16213953,0.87748444,0.7153449,0.0,0.87748444,0.74148256,0.714144,0.71607983,-0.00442859006257869,0.038289957,0.14704416692256927,0.076855004,0.067491174,0.8611578,0.7936666,0.17391304347826086,0.8611578,0.8107402,0.7843028,0.7874609,-0.0018831345992597313,0.020770675,0.054409742,0.04918641,0.92821383,0.8790274,0.0,0.92821383,0.8885269,0.8738041,0.87752867,-0.001639924442815232,0.01472947,0.13700521,0.11922479,1.0003312,0.8811064,0.041666666666666664,1.0003312,0.9041055,0.86332595,0.8833938,-0.002780336348906823,0.028903808,0.32124561071395874
6951.mp4,bad,0.9696236252784729,0.7582269310951233,0.6440182,0.4229691,0.8270775,0.4041084,0.17391304347826086,0.8748247,0.42047712,0.18305933,0.18765488,-0.01874578284769662,0.22560382,0.29444057,0.1711362,0.93260735,0.76147115,0.17391304347826086,0.94667864,0.76360124,0.6381668,0.6489008,-0.008236671330429352,0.09960986,0.1430801898241043,0.14424431,0.10013491,0.9085927,0.8084578,0.17391304347826086,0.9110991,0.8198248,0.7643484,0.7686517,-0.004698236292529949,0.04623616,0.09884143,0.061650455,0.9604592,0.8988087,0.21739130434782608,0.96612704,0.90668154,0.86161774,0.86845076,-0.0028175072000903288,0.03167906,0.31106758,0.23029917,0.9997498,0.7694506,0.125,0.9997498,0.8127672,0.6886822,0.70405054,-0.011458269824152415,0.11059202,0.4465827941894531
16201.mp4,good,0.9929509162902832,0.9751806259155273,0.81029946,0.8016389,0.9245441,0.12290518,0.0,0.9245441,0.2068774,0.11424463,0.119385876,-0.0189712646421001,0.20470166,0.34045255,0.34045255,0.9605114,0.62005883,0.0,0.9605114,0.67271924,0.62005883,0.62186116,-0.010022674094546933,0.09212808,0.2164706140756607,0.1478129,0.118291914,0.92808133,0.8097894,0.043478260869565216,0.92808133,0.8123587,0.78026843,0.7931921,-0.0026122388161218322,0.030478515,0.09720576,0.09217811,0.97347426,0.88129616,0.0,0.97347426,0.88918984,0.8762685,0.87691724,-0.0023400837135880404,0.023789788,0.0513283,0.04781258,0.9994873,0.9516747,0.0,0.9994873,0.95985216,0.948159,0.95014286,-0.0015216704296029545,0.013814633,0.5644001960754395
6307.mp4,good,0.98921138048172,0.951639711856842,0.6253911,0.5709022,0.910342,0.33943975,0.0,0.910342,0.39947098,0.28495085,0.2900859,-0.014201306896247408,0.13341965,0.2137298,0.17241842,0.961557,0.78913856,0.043478260869565216,0.961557,0.8129274,0.7478272,0.76857084,-0.005555037040955481,0.048921857,0.11243171244859695,0.19301361,0.18756473,0.93008536,0.74252063,0.13043478260869565,0.93008536,0.82293,0.73707175,0.7529463,-0.004229859754502094,0.040119115,0.070067406,0.06955695,0.97215664,0.9025997,0.17391304347826086,0.97215664,0.92535913,0.90208924,0.9073326,-0.0019298753601760296,0.015432102,0.052306175,0.052306175,1.0001907,0.94788456,0.16666666666666666,1.0001907,0.9690318,0.94788456,0.9519992,-0.0013654488843420618,0.011829114,0.5006647109985352
6932.mp4,bad,0.9804086089134216,0.9482005834579468,0.5836439,0.36547035,0.9691011,0.6036307,0.043478260869565216,0.9691011,0.57790107,0.38545716,0.42164296,-0.013489815940263253,0.18548265,0.18459624,0.10993254,0.985113,0.8751805,0.17391304347826086,0.985113,0.860897,0.8005168,0.8014,-0.003627011073907858,0.058674563,0.05291204899549484,0.22611189,0.17667043,0.9691012,0.79243076,0.0,0.9691012,0.8027738,0.7429893,0.74961364,-0.0073470316032176065,0.07483058,0.100047946,0.07241273,0.9865725,0.9141598,0.0,0.9865725,0.91380906,0.88652456,0.8873777,-0.0031690524500820635,0.032579854,0.08072883,0.031088173,0.99939436,0.9683062,0.08333333333333333,0.99939436,0.95595694,0.9186655,0.9346468,-0.001136210379393231,0.022025207,0.2130800485610962
20271.mp4,good,0.9950047135353088,0.981493353843689,0.5852407,0.331658,0.9742765,0.6426185,0.17391304347826086,0.9742765,0.6111993,0.38903576,0.44047692,-0.006810271692841426,0.13048598,0.1335057,0.097782135,0.9838475,0.88606536,0.17391304347826086,0.9838475,0.89038867,0.8503418,0.85813916,-0.0022036661743646516,0.028177956,0.05227961763739586,0.18524587,0.15195823,0.9754267,0.82346845,0.13043478260869565,0.9754267,0.84204,0.7901808,0.8006925,-0.003948064543041794,0.043048732,0.060552537,0.05853051,0.9857361,0.92720556,0.13043478260869565,0.9857361,0.9426685,0.92518353,0.92791075,-0.0016421382959652445,0.014380135,0.028287232,0.028185308,0.9996307,0.9714454,0.16666666666666666,0.9996307,0.9822936,0.97134346,0.97333497,-0.000779041777486417,0.007145811,0.4800122380256653
6468.mp4,bad,0.9502531290054321,0.8140054941177368,0.924788,0.8684155,0.96269184,0.09427635,0.0,0.96269184,0.25317258,0.03790383,0.07449266,-0.025737829668366394,0.2891754,0.6144229,0.458246,0.978498,0.520252,0.13043478260869565,0.978498,0.60822874,0.36407503,0.4312446,-0.016515669468127707,0.17754641,0.2238800972700119,0.55278236,0.26543456,0.9634436,0.698009,0.08695652173913043,0.9634436,0.7040572,0.41066122,0.5954194,-0.008561405327480315,0.13857919,0.3182482,0.16232389,0.9816982,0.8193743,0.08695652173913043,0.9816982,0.83210886,0.66345,0.75949407,-0.005617852562029858,0.08268971,0.30064076,0.17840767,0.9999639,0.8215562,0.16666666666666666,0.9999639,0.87325424,0.6993231,0.7765716,-0.009701261390810458,0.08840135,0.2551163136959076
16204.mp4,good,0.971824049949646,0.8646636009216309,0.67798615,0.5906879,0.96831536,0.37762752,0.0,0.96831536,0.4595728,0.29032925,0.31042337,-0.022140729274203196,0.21301293,0.16347122,0.16347122,0.9813125,0.8178413,0.0,0.9813125,0.85406554,0.8178413,0.8205545,-0.005691989844024414,0.047800332,0.08059822767972946,0.1879518,0.13241792,0.9686681,0.8362502,0.08695652173913043,0.9686681,0.83811843,0.7807163,0.7952886,-0.003627070973041969,0.047165543,0.07024217,0.061276615,0.9855289,0.9242523,0.08695652173913043,0.9855289,0.9346637,0.9152867,0.9207465,-0.002027814096141719,0.017779341,0.1394639,0.03931105,1.0004362,0.96112514,0.16666666666666666,1.0004362,0.92632955,0.8609723,0.8800827,0.0011779506051021944,0.038568664,0.5303843021392822
16258.mp4,bad,0.9757342338562012,0.9489517211914062,0.51349527,0.32050753,0.9341394,0.61363184,0.08695652173913043,0.9341394,0.5965152,0.4206441,0.47885582,-0.01294945059675475,0.12672105,0.19231296,0.11803579,0.963418,0.8453822,0.08695652173913043,0.963418,0.83017707,0.77110505,0.7864788,-0.004423392914500627,0.048164826,0.05277388170361519,0.21566045,0.12560558,0.93646884,0.81086326,0.08695652173913043,0.93646884,0.78653985,0.7208084,0.7405471,-0.0044600736835728755,0.053937837,0.1183365,0.0656957,0.9674855,0.9017898,0.13043478260869565,0.9674855,0.8829509,0.849149,0.8524093,-0.0022767243295790346,0.030738633,0.08294737,0.049110413,0.99959224,0.95048183,0.08333333333333333,0.99959224,0.94372034,0.9166449,0.9294212,-0.0016914389962735625,0.018693037,0.22571133077144623
6350.mp4,bad,0.9853190779685974,0.9630451202392578,0.69660413,0.6866981,0.8359497,0.14925167,0.0,0.8359497,0.2782796,0.13934556,0.14769006,-0.016818499553344943,0.17748989,0.38668114,0.38668114,0.9188393,0.53215814,0.21739130434782608,0.9188393,0.66994905,0.53215814,0.54479676,-0.01147395478406915,0.103433855,0.21847210824489594,0.2279833,0.20523775,0.90760493,0.7023672,0.21739130434782608,0.90760493,0.7966003,0.67962164,0.7031466,-0.007257101328476614,0.05910561,0.12419343,0.12225437,0.95481753,0.83256316,0.21739130434782608,0.95481753,0.8884212,0.8306241,0.83611745,-0.0038982258130439177,0.033143625,0.082424045,0.068226635,1.000476,0.93224937,0.20833333333333334,1.000476,0.96495056,0.91805196,0.93462473,-0.002290450619614676,0.019755011,0.37960875034332275
6787.mp4,bad,0.9909133315086365,0.9754043817520142,0.79162323,0.34322214,0.97241557,0.6291934,0.30434782608695654,0.97241557,0.5072999,0.1807923,0.22067451,0.003026754017403939,0.2389818,0.32278216,0.1240679,0.9854601,0.8613922,0.30434782608695654,0.9854601,0.8110862,0.66267794,0.68696886,0.0018862703807740382,0.09662644,0.12567304074764252,0.15926081,0.09464389,0.97276646,0.87812257,0.17391304347826086,0.97276646,0.87130356,0.81350565,0.8288726,-7.202973950054154e-06,0.03930355,0.079398036,0.046316624,0.9881811,0.9418645,0.13043478260869565,0.9881811,0.9367593,0.9087831,0.91238153,-3.133078102068819e-05,0.02022889,0.031455338,0.013019025,0.9995272,0.9865082,0.16666666666666666,0.9995272,0.9833924,0.9680719,0.97190124,-4.8756029294902176e-05,0.0083512,0.5192192196846008
5891.mp4,normal,0.9890223741531372,0.9745948314666748,0.8367178,0.8367178,0.90813535,0.07141756,0.0,0.90813535,0.28548947,0.07141756,0.08100127,-0.03244170612791783,0.23678079,0.5637707,0.5637707,0.9529608,0.38919008,0.17391304347826086,0.9529608,0.63359964,0.38919008,0.42855066,-0.024916966972143764,0.16648096,0.2549009621143341,0.20448554,0.20448554,0.92863274,0.7241472,0.21739130434782608,0.92863274,0.80289423,0.7241472,0.7530366,-0.0067365012267832786,0.047119174,0.14613843,0.14613843,0.9692248,0.8230864,0.17391304347826086,0.9692248,0.88850045,0.8230864,0.8475243,-0.005044596821894284,0.034668773,0.0710727,0.07077789,1.0001249,0.92934704,0.16666666666666666,1.0001249,0.9609706,0.92905223,0.93255043,-0.0025332886239756965,0.019138964,0.4577512741088867
6761.mp4,good,0.9731669425964355,0.8835832476615906,0.5599154,0.18560922,0.9343738,0.7487646,0.21739130434782608,0.9343738,0.59418887,0.37445837,0.41908592,-0.007293808277652192,0.15186347,0.2163738,0.082086205,0.9724432,0.890357,0.21739130434782608,0.9724432,0.8463107,0.7560694,0.7703154,-0.003738437186587937,0.05701913,0.07737984508275986,0.19207007,0.07272172,0.9360097,0.863288,0.21739130434782608,0.9360097,0.83451635,0.74393964,0.78106576,-0.0016676361263976295,0.047068954,0.08926195,0.040079713,0.98085105,0.94077134,0.21739130434782608,0.98085105,0.92369056,0.8915891,0.89355576,-0.001210321079600947,0.02381263,0.07518667,0.021879137,0.99990267,0.9780235,0.20833333333333334,0.99990267,0.96243113,0.924716,0.9320748,-0.0009290308019389489,0.020987887,0.3338140845298767
17180.mp4,good,0.9787575006484985,0.9693616628646851,0.27244967,0.24791968,0.5978525,0.34993285,0.13043478260869565,0.5978525,0.4360394,0.32540286,0.35104644,-0.01153534689086228,0.08208918,0.15067905,0.1497463,0.87381434,0.72406805,0.2608695652173913,0.87381434,0.7836257,0.7231353,0.72403705,-0.006768106177390337,0.045557525,0.11448616534471512,0.08871871,0.080011904,0.8677086,0.7876967,0.17391304347826086,0.8677086,0.8122094,0.7789899,0.7849937,-0.003101175776112231,0.023845088,0.058160543,0.055461586,0.9371269,0.8816653,0.13043478260869565,0.9371269,0.89811194,0.87896633,0.88197154,-0.002244727413644914,0.016366301,0.09427118,0.09427118,1.0001044,0.90583324,0.08333333333333333,1.0001044,0.9401562,0.90583324,0.9211387,-0.002480794269105685,0.020028476,0.4808301031589508
5725.mp4,good,0.9242062568664551,0.7761919498443604,0.39624557,0.338263,0.4973889,0.1591259,0.0,0.4973889,0.16946039,0.10114333,0.110656805,-0.00452298599593489,0.07861442,0.28563046,0.2416308,0.8064333,0.5648025,0.043478260869565216,0.8064333,0.58901644,0.52080286,0.5390236,-0.006026529688608982,0.060472585,0.2872747778892517,0.13235116,0.08675605,0.84577966,0.7590236,0.21739130434782608,0.84577966,0.767157,0.7134285,0.7179035,-0.002295092631705667,0.039869286,0.06694496,0.060179293,0.9225866,0.8624073,0.08695652173913043,0.9225866,0.8762912,0.85564166,0.8579824,-0.0015780153010673606,0.019334942,0.25313163,0.2194295,0.9999013,0.7804718,0.08333333333333333,0.9999013,0.8421615,0.74676967,0.78069293,-0.003866618094236974,0.06469667,0.47434884309768677
6355.mp4,normal,0.9830900430679321,0.9589324593544006,0.48874313,0.44599435,0.6084273,0.16243294,0.0,0.68006957,0.27532008,0.11968417,0.1408802,-0.0032142824143642544,0.19036768,0.27844584,0.19784284,0.8637699,0.66592705,0.08695652173913043,0.8850107,0.726398,0.58532405,0.6444131,-0.0017007056903462219,0.086268805,0.19615566730499268,0.064709306,0.021927476,0.87316287,0.8512354,0.17391304347826086,0.8813113,0.8537939,0.80845356,0.8232501,-0.0003300344519935582,0.019221764,0.052269816,0.025022447,0.9410956,0.91607314,0.13043478260869565,0.9410956,0.9225536,0.8888258,0.9072977,-0.00024389708230618075,0.012620353,0.07186675,0.052963257,1.0003875,0.9474243,0.08333333333333333,1.0003875,0.96166533,0.9285208,0.9497247,-0.0004952452752901521,0.013600035,0.48911482095718384
17067.mp4,good,0.9943837523460388,0.9601489305496216,0.6068818,0.5875745,0.99660736,0.40903288,0.0,0.99660736,0.48420733,0.38972557,0.40359348,-0.015807644445669997,0.15878019,0.16877794,0.1519134,0.9982017,0.8462883,0.0,0.9982017,0.8620873,0.8294238,0.8385118,-0.0038192694484009437,0.039761215,0.07552598416805267,0.20267957,0.16596502,0.9966073,0.8306423,0.08695652173913043,0.9966073,0.8394661,0.7939277,0.81810135,-0.003018469973043953,0.041912682,0.08498752,0.06467664,0.9982017,0.9335251,0.08695652173913043,0.9982017,0.9376132,0.9132142,0.9265311,-0.0014370703414494706,0.01825285,0.060043395,0.030718565,0.99959064,0.9688721,0.08333333333333333,0.99959064,0.97013307,0.93954724,0.9632932,-0.0006863147538641505,0.013492536,0.5668419599533081
17043.mp4,normal,0.9661528468132019,0.89210045337677,0.83688545,0.8358611,0.97669685,0.14083576,0.0,0.97669685,0.29066926,0.13981138,0.14197369,-0.025060751928171164,0.20755942,0.4612257,0.45753002,0.984706,0.52717596,0.0,0.984706,0.6360543,0.5234803,0.5278316,-0.016891405280870884,0.12651715,0.22665587067604065,0.27851808,0.27851808,0.9766966,0.6981785,0.0,0.9766966,0.7627797,0.6981785,0.70293087,-0.008339238967820137,0.06467539,0.17331111,0.17134064,0.98693657,0.8155959,0.21739130434782608,0.98693657,0.8627102,0.81362545,0.816228,-0.00641902863036973,0.045683987,0.27125037,0.27125037,0.99984646,0.7285961,0.08333333333333333,0.99984646,0.81608933,0.7285961,0.74181116,-0.010363563091858605,0.08126087,0.45846864581108093
16067.mp4,good,0.9817595481872559,0.9637580513954163,0.6553002,0.6519561,0.8752456,0.22328946,0.0,0.8752456,0.30464953,0.21994537,0.22296211,-0.01450181307764393,0.14106002,0.40191114,0.39621878,0.9413948,0.545176,0.0,0.9413948,0.6279237,0.53948367,0.5452907,-0.012957940283028992,0.09943184,0.19010858237743378,0.35357964,0.3148653,0.914037,0.5991717,0.13043478260869565,0.914037,0.6954375,0.56045735,0.6030526,-0.012284168612815649,0.08714958,0.21715498,0.20768613,0.96340156,0.7557154,0.21739130434782608,0.96340156,0.8180322,0.7462466,0.754345,-0.008732644230009549,0.060790993,0.13100761,0.13100761,1.0003899,0.8693823,0.16666666666666666,1.0003899,0.92092556,0.8693823,0.8796358,-0.005033121212669076,0.036007706,0.37947845458984375
6447.mp4,normal,0.9862467050552368,0.9097141027450562,0.7969386,0.79346794,0.9796176,0.18614966,0.17391304347826086,0.9796176,0.5998037,0.182679,0.19856787,-0.02740481916977011,0.2652548,0.3232991,0.3232991,0.9821793,0.6588802,0.17391304347826086,0.9821793,0.84431565,0.6588802,0.66898566,-0.010946714359781028,0.103564315,0.08708702027797699,0.26774615,0.26774615,0.9798708,0.71212465,0.17391304347826086,0.9798708,0.86450344,0.71212465,0.72223127,-0.008344286456409673,0.0827183,0.15030462,0.15030462,0.9912135,0.8409089,0.17391304347826086,0.9912135,0.9314027,0.8409089,0.85048026,-0.004782423259241326,0.045408383,0.11971581,0.11545777,1.0004236,0.8849658,0.16666666666666666,1.0004236,0.96307534,0.88070774,0.89115655,-0.003802102104477275,0.036260612,0.4344595670700073
7372.mp4,bad,0.9804200530052185,0.8761916756629944,0.8313369,0.07484925,0.9894383,0.91458905,0.30434782608695654,0.9894383,0.6955785,0.15810138,0.1965318,0.030481289350703777,0.3352589,0.47317493,0.035910964,0.98356366,0.9476527,0.30434782608695654,0.98356366,0.8381494,0.51038873,0.59160656,0.015235301298586293,0.17219158,0.09530102461576462,0.34406614,0.061098218,0.9894383,0.9283401,0.17391304347826086,0.9894383,0.8837825,0.64537215,0.7697308,0.007125275761713613,0.09834672,0.2120074,0.020934045,0.99115926,0.9702252,0.21739130434782608,0.99115926,0.9334505,0.77915186,0.85923016,0.004838526837910596,0.06376283,0.13351387,0.009158075,0.99947447,0.9903164,0.125,0.99947447,0.9704604,0.8659606,0.92907065,0.002061051026634528,0.038299676,0.3929186463356018
5664.mp4,normal,0.9728073477745056,0.9482516050338745,0.47631824,0.47631824,0.543555,0.06723677,0.13043478260869565,0.543555,0.36898494,0.06723677,0.2866809,-0.00861595370052124,0.09149662,0.39600426,0.39600426,0.83664507,0.4406408,0.08695652173913043,0.83664507,0.71560204,0.4406408,0.6633564,-0.0077015832950004205,0.07818676,0.17502830922603607,0.114133835,0.114133835,0.84669983,0.732566,0.08695652173913043,0.84669983,0.78423995,0.732566,0.7622237,-0.0022225450621292044,0.025026567,0.06306028,0.06306028,0.92681533,0.86375505,0.17391304347826086,0.92681533,0.8906301,0.86375505,0.8757163,-0.0014806188966916924,0.014587363,0.07830453,0.07301402,1.0003728,0.92735875,0.25,1.0003728,0.9486093,0.92206824,0.9266673,-0.0016111759258353286,0.018734274,0.5340988636016846
7567.mp4,bad,0.9584155082702637,0.8959056735038757,0.57550913,0.521591,0.6708218,0.1492308,0.0,0.6708218,0.2090532,0.09531265,0.10026839,-0.018480176776058593,0.14973235,0.4764914,0.31558114,0.8837072,0.5681261,0.13043478260869565,0.8837072,0.59342664,0.40721583,0.44942087,-0.01784135887156363,0.13648084,0.28202682733535767,0.18047649,0.09698343,0.85881495,0.7618315,0.17391304347826086,0.85881495,0.7671551,0.67833847,0.6925936,-0.0072040518988733815,0.055881478,0.12356645,0.0743953,0.93787265,0.86347735,0.17391304347826086,0.93787265,0.8754535,0.8143062,0.82672304,-0.004934789517180248,0.037092827,0.22359467,0.101985514,0.99989223,0.8979067,0.20833333333333334,0.99989223,0.87430984,0.77629757,0.7855435,-0.009909096386121686,0.0812731,0.44188186526298523
15398.mp4,bad,0.9874123930931091,0.9644476175308228,0.3952074,0.2935282,0.93085504,0.63732684,0.13043478260869565,0.93085504,0.6412001,0.53564763,0.5585028,-0.006016791102443299,0.08430767,0.09703374,0.08932626,0.9642432,0.8749169,0.0,0.9642432,0.88494974,0.86720943,0.8727354,-0.002222820586366636,0.022558732,0.045844294130802155,0.16315293,0.15796137,0.94150174,0.78354037,0.0,0.94150174,0.81656533,0.7783488,0.7833617,-0.004628430831102526,0.038603716,0.05583906,0.05480367,0.97717845,0.9223748,0.0,0.97717845,0.9307941,0.9213394,0.92237324,-0.0014043443876764297,0.012908139,0.061380863,0.055909395,1.0004836,0.94457424,0.0,1.0004836,0.951755,0.93910277,0.9438182,-0.0010663750119831302,0.013383557,0.4466133713722229
16349.mp4,bad,0.9715740084648132,0.9503470063209534,0.817138,0.7950805,0.8740939,0.07901339,0.0,0.8740939,0.16093625,0.05695587,0.06482447,-0.01988024102236796,0.20594288,0.66711247,0.6615107,0.94672716,0.28521645,0.0,0.94672716,0.39505303,0.27961466,0.28036812,-0.02251831430338118,0.19862954,0.3734355866909027,0.33916557,0.33075315,0.89648974,0.5657366,0.08695652173913043,0.89648974,0.66043985,0.5573242,0.56595105,-0.013685431699507781,0.09733299,0.29076654,0.28941572,0.9613474,0.6719317,0.13043478260869565,0.9613474,0.7684887,0.67058086,0.67749435,-0.011879659865213485,0.08201932,0.16126037,0.15186954,1.0007046,0.8488351,0.20833333333333334,1.0007046,0.91111785,0.8394443,0.8540551,-0.00626801983169889,0.04524398,0.3649139702320099
17196.mp4,bad,0.9921532273292542,0.9879575967788696,0.37825662,0.37825662,0.95840776,0.58015114,0.21739130434782608,0.9672774,0.7912217,0.58015114,0.6448691,-0.017487523112843635,0.119061075,0.123541474,0.123541474,0.9702563,0.84671485,0.21739130434782608,0.97623247,0.90850425,0.84671485,0.8570186,-0.005891020649035455,0.039766118,0.03683081269264221,0.1215868,0.11956775,0.961363,0.84179527,0.17391304347826086,0.9672774,0.8857119,0.8397762,0.84228,-0.005775739081763464,0.040985893,0.058347344,0.056357026,0.97949314,0.9231361,0.17391304347826086,0.98215175,0.94533515,0.9211458,0.92368656,-0.0027557714536727107,0.018918486,0.034189224,0.03249073,1.0000662,0.96757543,0.125,1.0000662,0.977742,0.96587694,0.9681806,-0.00112111024234609,0.008764357,0.5430391430854797
6975.mp4,bad,0.979793906211853,0.9100891351699829,0.83147454,0.071763575,0.9368916,0.86512804,0.08695652173913043,0.9368916,0.6357292,0.10541709,0.47604018,-0.00520922683856705,0.18641849,0.35239565,0.01715976,0.9645522,0.94739246,0.08695652173913043,0.9645522,0.862001,0.61215657,0.813508,-0.0015466670273792207,0.08067103,0.07784247398376465,0.25742066,0.041508794,0.95776784,0.91625905,0.08695652173913043,0.95776784,0.8654373,0.7003472,0.8377093,-0.0012789531776556434,0.050322466,0.13479418,0.016394138,0.979461,0.9630669,0.08695652173913043,0.979461,0.9398435,0.84466684,0.92772526,-0.0004217045698241229,0.026183004,0.09556234,0.011660099,1.0001643,0.9885042,0.08333333333333333,1.0001643,0.9782977,0.90460193,0.97382396,-0.00039349822894388755,0.01973478,0.500356912612915
15154.mp4,good,0.991509735584259,0.9608206748962402,0.0,-0.80597323,0.14871967,0.9546929,0.2608695652173913,0.9546929,0.67049277,0.14871967,0.2005444,0.04195568413131322,0.2935158,0.0070537925,-0.22422993,0.7495083,0.97373825,0.17391304347826086,0.97373825,0.88163483,0.7424545,0.76227236,0.01193652045821013,0.08108007,0.04460693895816803,0.0,-0.26109618,0.69359666,0.95469284,0.21739130434782608,0.95469284,0.8417935,0.69359666,0.7139045,0.013902195357522483,0.09438887,0.006485462,-0.10144776,0.8745041,0.97595185,0.17391304347826086,0.9760059,0.9262418,0.8680186,0.8707479,0.0059533874861336464,0.0408,0.045504093,0.0086762905,0.99959743,0.99092114,0.16666666666666666,0.99959743,0.9797528,0.95409334,0.9659834,0.0012668706282325257,0.0123735275,0.4540939927101135
5671.mp4,normal,0.9670488834381104,0.8664873242378235,0.26869744,0.26091146,0.384929,0.12401754,0.0,0.384929,0.15455899,0.116231576,0.12434179,-0.0036421011352963124,0.052028976,0.308263,0.30416745,0.79005444,0.485887,0.17391304347826086,0.79005444,0.5800762,0.48179144,0.4943426,-0.010660202577415668,0.07583849,0.22445546090602875,0.26892805,0.25736105,0.791113,0.53375196,0.13043478260869565,0.791113,0.60791904,0.52218497,0.54103416,-0.008894978304625512,0.06752097,0.14141703,0.13035697,0.9060302,0.7756732,0.08695652173913043,0.9060302,0.8045316,0.76461315,0.7742434,-0.004185745661908914,0.031348772,0.19086945,0.17542249,1.000216,0.8247935,0.125,1.000216,0.85497123,0.80934656,0.8129798,-0.0047887201153713815,0.04297884,0.3348490297794342
6896.mp4,good,0.9888179898262024,0.9724136590957642,0.6741044,0.5435057,0.96407187,0.42056614,0.0,0.96407187,0.46527353,0.28996748,0.3021198,-0.015527419274739133,0.19606388,0.22915572,0.19035149,0.9821962,0.7918447,0.0,0.9821962,0.81110823,0.7530405,0.75516737,-0.00518285839453987,0.066530064,0.11034208536148071,0.18176275,0.1614232,0.9655436,0.8041204,0.0,0.9655436,0.83002305,0.7837809,0.7866687,-0.004135185609693114,0.05207691,0.09381139,0.07540023,0.9861015,0.9107013,0.043478260869565216,0.9861015,0.92145026,0.8922901,0.89994204,-0.002283162985865771,0.025677424,0.04740727,0.024413824,0.9993902,0.97497636,0.16666666666666666,0.9993902,0.97635823,0.9519829,0.9622686,-0.0009381232831789188,0.011783267,0.34879204630851746
5684.mp4,normal,0.9785445928573608,0.9221687316894531,0.73998886,0.7216067,0.8178607,0.096254066,0.0,0.8178607,0.19394706,0.07787186,0.078721195,-0.021885278012618258,0.19522227,0.5191018,0.5191018,0.93496716,0.41586536,0.0,0.93496716,0.5452234,0.41586536,0.42425188,-0.02184409253564278,0.17131038,0.2339763194322586,0.37575865,0.35095787,0.8922609,0.54130304,0.0,0.8922609,0.611561,0.51650226,0.52320886,-0.014486712370465404,0.11709857,0.2518903,0.23637784,0.96026003,0.7238822,0.0,0.96026003,0.7791998,0.70836973,0.7176578,-0.009794584317169657,0.080768995,0.16306204,0.14723909,1.0003853,0.8531462,0.0,1.0003853,0.8867081,0.83732325,0.8403291,-0.006544156877890894,0.055750035,0.41375625133514404
20132.mp4,good,0.9938676357269287,0.9884106516838074,0.73009026,0.73009026,0.9663336,0.23624337,0.17391304347826086,0.9663336,0.67573833,0.23624337,0.33540457,-0.026845228825162055,0.19779924,0.18473685,0.18473685,0.9749707,0.79023385,0.17391304347826086,0.9749707,0.895842,0.79023385,0.83357966,-0.006250876152939467,0.043539234,0.04629850760102272,0.23852384,0.23852384,0.9688184,0.7302946,0.17391304347826086,0.9688184,0.8519668,0.7302946,0.78834885,-0.007216263488818519,0.051088545,0.08790648,0.08790648,0.982394,0.8944875,0.17391304347826086,0.982394,0.9421405,0.8944875,0.9161019,-0.0026553111231845516,0.01885726,0.0457983,0.0457983,1.0002294,0.95443106,0.125,1.0002294,0.9813679,0.95443106,0.97021884,-0.0013794779777527055,0.010158119,0.47755953669548035
15896.mp4,normal,0.98065584897995,0.960338830947876,0.62824726,0.47668278,0.8935223,0.41683954,0.13043478260869565,0.9177158,0.50469595,0.26527506,0.29163903,-0.012633818794380546,0.19589281,0.19228858,0.13513446,0.95431465,0.8191802,0.17391304347826086,0.9572555,0.8441685,0.7620261,0.7782868,-0.0029329646364031165,0.055639725,0.08012968301773071,0.13207906,0.114910245,0.9101557,0.79524547,0.13043478260869565,0.9289658,0.8319147,0.77807665,0.7891613,-0.003117750343597935,0.038576398,0.06603503,0.056623638,0.9658079,0.9091843,0.13043478260869565,0.9658914,0.9242982,0.8997729,0.9024807,-0.0013467543445557085,0.018812232,0.071058035,0.038940907,0.99999875,0.96105784,0.16666666666666666,0.99999875,0.96314675,0.9289407,0.93539906,-0.0008623923426089325,0.0173148,0.5799649357795715
15980.mp4,bad,0.9855480194091797,0.9741688370704651,0.8008544,0.79895955,0.9070202,0.10806068,0.0,0.9070202,0.2356596,0.10616581,0.11357457,-0.023094068042079932,0.20782173,0.4863982,0.4863982,0.9503374,0.46393922,0.0,0.9503374,0.5954329,0.46393922,0.47499335,-0.018863922875860493,0.139998,0.2989775538444519,0.17905033,0.17552519,0.9367385,0.7612133,0.13043478260869565,0.9367385,0.8128723,0.75768816,0.7660807,-0.006207531384328623,0.04884899,0.10706645,0.10706645,0.9674065,0.86034006,0.043478260869565216,0.9674065,0.8944103,0.86034006,0.86963195,-0.0037931294544883555,0.027554119,0.10240728,0.10240728,0.99998176,0.8975745,0.20833333333333334,0.99998176,0.9440319,0.8975745,0.90644866,-0.00427148640155794,0.030136034,0.5618795156478882
6678.mp4,bad,0.9590152502059937,0.7401571273803711,0.8842953,0.8192805,0.9851186,0.1658381,0.0,0.9851186,0.46219847,0.10082334,0.11837928,-0.05226224582833736,0.40817007,0.38171315,0.33166873,0.984411,0.65274227,0.0,0.984411,0.7695989,0.60269785,0.60569566,-0.022334832329995086,0.16997628,0.13633638620376587,0.33946592,0.2974741,0.9851187,0.6876446,0.21739130434782608,0.9851187,0.8155045,0.6456528,0.68263537,-0.018200092636078254,0.13083386,0.1589877,0.14594758,0.98994195,0.8439944,0.17391304347826086,0.98994195,0.90593535,0.83095425,0.8365102,-0.009173314915344193,0.06643639,0.2650603,0.22262758,1.0002466,0.77761906,0.3333333333333333,1.0002466,0.8760521,0.73518634,0.74010336,-0.01484312368475875,0.11275784,0.27377188205718994
5794.mp4,normal,0.9895127415657043,0.9738413095474243,0.4894244,0.48109543,0.5897931,0.108697645,0.0,0.5897931,0.14495702,0.10036868,0.10104583,-0.008667788766471765,0.103140675,0.37630928,0.37630928,0.85491467,0.4786054,0.0,0.85491467,0.5607212,0.4786054,0.48245186,-0.011981050222523123,0.09422223,0.3242172300815582,0.07941365,0.07459825,0.84607756,0.7714793,0.08695652173913043,0.84607756,0.7894386,0.7666639,0.7715748,-0.00236832106066316,0.020674385,0.06349486,0.06349486,0.93181366,0.8683188,0.043478260869565216,0.93181366,0.8849384,0.8683188,0.87,-0.002094802531329074,0.016298529,0.08914685,0.07865983,0.9999714,0.92131156,0.041666666666666664,0.9999714,0.94031256,0.91082454,0.92176485,-0.002602358097615467,0.020694667,0.5016958117485046
16560.mp4,good,0.9892929196357727,0.9641306400299072,0.5722512,0.5602057,0.9658388,0.4056331,0.21739130434782608,0.9658388,0.62069756,0.3935876,0.4037519,-0.02599518475207416,0.17545474,0.23800379,0.23726267,0.98255205,0.7452894,0.17391304347826086,0.98255205,0.840775,0.74454826,0.75507045,-0.010244305425953034,0.06885588,0.059316281229257584,0.19937557,0.18880886,0.9658388,0.77702993,0.0,0.9658388,0.8162505,0.7664632,0.7778287,-0.006220892955191988,0.05204166,0.123393774,0.12039697,0.9833679,0.86297095,0.13043478260869565,0.9833679,0.9000912,0.85997415,0.8643295,-0.0048437752271357935,0.034158804,0.07399434,0.0695591,1.0002986,0.9307395,0.0,1.0002986,0.9452305,0.9263043,0.9280438,-0.002602397047955104,0.02146377,0.4975219964981079
6676.mp4,normal,0.9639739394187927,0.8235136270523071,0.7879747,0.55734724,0.9586015,0.40125424,0.043478260869565216,0.9586015,0.38537177,0.17062677,0.30418423,-0.0015290586403000506,0.13862021,0.40774626,0.24571115,0.97487384,0.7291627,0.08695652173913043,0.97487384,0.72597253,0.5671276,0.6744835,-0.000682247014856145,0.0736743,0.17453786730766296,0.2843567,0.12833774,0.96067595,0.8323382,0.13043478260869565,0.96067595,0.814155,0.67631924,0.75342655,0.001002907988582198,0.05051062,0.15906453,0.07465732,0.98209226,0.90743494,0.13043478260869565,0.98209226,0.90051055,0.82302773,0.8554393,0.00043368475003674993,0.030495333,0.17582309,0.05881405,1.0003461,0.941532,0.16666666666666666,1.0003461,0.9312258,0.824523,0.8721263,0.001090871950854412,0.038058553,0.23288315534591675
15578.mp4,bad,0.9799588918685913,0.8937098383903503,0.15886647,0.047215044,0.9056751,0.85846007,0.17391304347826086,0.9056751,0.84258646,0.74680865,0.783736,7.306039333343655e-05,0.043230765,0.062206984,0.025865793,0.9558326,0.9299668,0.17391304347826086,0.9558326,0.9263823,0.8936256,0.9028951,0.0002446655228204015,0.01762079,0.019696282222867012,0.09073061,0.040569603,0.9213864,0.8808168,0.13043478260869565,0.9225708,0.8834759,0.8306558,0.8563872,4.33178522841327e-05,0.023440922,0.04305333,0.023721635,0.96830225,0.9445806,0.17391304347826086,0.96830225,0.94607866,0.9252489,0.93105173,0.00016792931339958516,0.011771078,0.09785026,0.036836743,1.0003271,0.96349037,0.08333333333333333,1.0003271,0.9643224,0.90247685,0.9494278,0.00013757234034329847,0.018397631,0.49905121326446533
15987.mp4,normal,0.9770148992538452,0.8785741329193115,0.33250302,0.33250302,0.9613725,0.6288695,0.17391304347826086,0.9613725,0.7934772,0.6288695,0.67423433,-0.012367312321549842,0.08910531,0.10379279,0.101014495,0.9806143,0.8795998,0.2608695652173913,0.9806143,0.9144656,0.8768215,0.8799322,-0.003990538565537682,0.028687434,0.028826486319303513,0.11540878,0.11009669,0.9644966,0.8543999,0.17391304347826086,0.9644966,0.8923489,0.84908783,0.8556532,-0.0033931841727773155,0.027866984,0.06518173,0.065158725,0.98619354,0.9210348,0.2608695652173913,0.98619354,0.943292,0.9210118,0.92136085,-0.002321143336446853,0.017252425,0.1545769,0.14823347,0.99974096,0.8515075,0.2916666666666667,0.99974096,0.90165395,0.84516406,0.84770536,-0.005736510986867172,0.044028465,0.21099838614463806
16889.mp4,good,0.9481543898582458,0.8459911346435547,0.585929,0.56906533,0.69247234,0.12340702,0.0,0.69247234,0.20013835,0.106543384,0.121757604,-0.014657876008878594,0.13167885,0.5039518,0.5028516,0.878243,0.37539142,0.0,0.878243,0.48321015,0.37429127,0.38175064,-0.017579087715139517,0.13611105,0.3017212450504303,0.31185204,0.3094533,0.8291675,0.5197142,0.2608695652173913,0.8291675,0.63793594,0.51731545,0.52284306,-0.015133477894685018,0.103972696,0.22024798,0.22024798,0.92791104,0.70766306,0.17391304347826086,0.92791104,0.78493124,0.70766306,0.71191746,-0.010240403265349956,0.070797615,0.23384511,0.2042135,0.9996345,0.795421,0.125,0.9996345,0.8434038,0.7657894,0.7754466,-0.008827101717824545,0.071224675,0.2706622779369354
15207.mp4,normal,0.9972860217094421,0.9923889636993408,0.6112036,0.5558227,0.9874793,0.43165666,0.0,0.9874793,0.4840107,0.37627572,0.38328874,-0.013568443654789762,0.15762697,0.11787993,0.10704887,0.99037397,0.8833251,0.0,0.99037397,0.89277285,0.87249404,0.879086,-0.0021536779615718865,0.02561119,0.05813392251729965,0.193546,0.16776502,0.9874793,0.8197143,0.043478260869565216,0.9874793,0.8335719,0.79393333,0.8129991,-0.0029508208804450934,0.039274946,0.05509138,0.04541689,0.99344957,0.9480327,0.043478260869565216,0.99344957,0.9509067,0.9383582,0.94273806,-0.0006714224108594186,0.010788188,0.014268458,0.009650171,0.99981827,0.9901681,0.125,0.99981827,0.9912901,0.9855498,0.987464,-0.00013098773748978715,0.0032582737,0.44176483154296875
6087.mp4,good,0.9139485359191895,0.780726432800293,0.46913117,0.46362218,0.51998866,0.056366485,0.0,0.51998866,0.11848102,0.05085747,0.05573965,-0.009625420136296239,0.096580654,0.5390756,0.47028077,0.808725,0.33844423,0.043478260869565216,0.808725,0.42894647,0.2696494,0.3075386,-0.016181325871247088,0.12747285,0.31938692927360535,0.31802398,0.2869807,0.8054785,0.5184978,0.17391304347826086,0.8054785,0.5917356,0.48745453,0.50571173,-0.01017672064982855,0.07992751,0.20808172,0.160187,0.88475716,0.72457016,0.13043478260869565,0.88475716,0.74833333,0.67667544,0.6896835,-0.0065035173897686725,0.052870635,0.32536632,0.19333506,0.99962753,0.8062925,0.125,0.99962753,0.811132,0.6742612,0.72798723,-0.006828057765960711,0.07025067,0.30699583888053894
15594.mp4,bad,0.9883934259414673,0.969545841217041,0.5554374,0.5554374,0.8948543,0.33941692,0.17391304347826086,0.9088024,0.55833334,0.33941692,0.35859606,-0.02754377620846858,0.19230239,0.19791728,0.19791728,0.94162554,0.74370825,0.13043478260869565,0.9584244,0.83015186,0.74370825,0.76470697,-0.009123343900729552,0.06452935,0.06279859691858292,0.19480509,0.19480509,0.9088282,0.7140231,0.0,0.91101986,0.7788032,0.7140231,0.71701366,-0.009157346995922893,0.06705061,0.09854698,0.09854698,0.95526433,0.85671735,0.13043478260869565,0.9634401,0.89295053,0.85671735,0.8604281,-0.0046208108602305235,0.03361376,0.15541565,0.15541565,1.000054,0.84463835,0.16666666666666666,1.000054,0.93152356,0.84463835,0.87428313,-0.005844826076341733,0.04205594,0.39918631315231323
6843.mp4,good,0.9709329009056091,0.8674318790435791,0.8565034,0.8489943,0.97096944,0.12197513,0.0,0.97096944,0.4189594,0.114466,0.12089217,-0.03922963190249541,0.30661637,0.26838875,0.2677474,0.9833306,0.7155832,0.21739130434782608,0.9833306,0.81417483,0.71494186,0.7157535,-0.011959814507028321,0.09020997,0.1161503791809082,0.20445138,0.18506438,0.97096944,0.78590506,0.13043478260869565,0.97096944,0.8489037,0.76651806,0.78763556,-0.0072910952356022,0.060237862,0.08722496,0.08612704,0.9862828,0.9001558,0.21739130434782608,0.9862828,0.93032503,0.89905787,0.90115255,-0.0036422404140351835,0.027460856,0.11587882,0.11202335,0.9994612,0.8874378,0.25,0.9994612,0.93245,0.88358235,0.8893459,-0.004321901228116924,0.033700574,0.4503994882106781
7284.mp4,bad,0.9162331223487854,0.6592273712158203,0.55345356,0.4476001,0.64122427,0.19362417,0.0,0.64122427,0.22263968,0.08777068,0.0917505,-0.014752455335478537,0.15352194,0.5690855,0.31172192,0.8680645,0.5563426,0.08695652173913043,0.8680645,0.5227502,0.298979,0.37311247,-0.012922109881408593,0.17118178,0.26359137892723083,0.29375458,0.14841104,0.83633244,0.6879214,0.13043478260869565,0.83633244,0.6568247,0.54257786,0.5854193,-0.003489291361669304,0.06957121,0.25903606,0.119100034,0.92308855,0.8039885,0.13043478260869565,0.92308855,0.7863415,0.6640525,0.718237,-0.0034653919605398477,0.062714644,0.38236916,0.18046492,1.0005994,0.82013446,0.08333333333333333,1.0005994,0.76758033,0.6182302,0.670263,-0.007755388513855329,0.10308936,0.2698776423931122
5696.mp4,normal,0.9806467294692993,0.9618121385574341,0.7239406,0.7226511,0.8714377,0.14878657,0.0,0.8714377,0.30178005,0.14749712,0.15777889,-0.021727559624217713,0.17180592,0.500901,0.500901,0.9505168,0.4496158,0.17391304347826086,0.9505168,0.6393208,0.4496158,0.47643605,-0.018475378072073362,0.12643611,0.24347786605358124,0.23476517,0.20278811,0.91233695,0.70954883,0.13043478260869565,0.91233695,0.7960535,0.6775718,0.7164897,-0.0071919930900038636,0.05236221,0.14664817,0.1382178,0.9600954,0.8218776,0.17391304347826086,0.9600954,0.8827987,0.81344724,0.8268178,-0.005271665486893632,0.036092132,0.17083764,0.14112186,1.0005267,0.8594048,0.16666666666666666,1.0005267,0.92445165,0.829689,0.8663293,-0.0050112517242846336,0.039095726,0.5059931874275208
16409.mp4,good,0.9711307287216187,0.9410442113876343,0.82196736,0.82196736,0.9655963,0.14362893,0.0,0.9655963,0.34987822,0.14362893,0.14661972,-0.03380738921728532,0.26319027,0.5256948,0.5256948,0.97155994,0.44586515,0.0,0.97155994,0.6218991,0.44586515,0.4569715,-0.024778855736312198,0.17782107,0.2791458070278168,0.20093262,0.17909944,0.9655963,0.7864969,0.043478260869565216,0.9655963,0.8213232,0.7646637,0.7824838,-0.005307613566458946,0.050444808,0.10983795,0.10628945,0.9851961,0.87890667,0.0,0.9851961,0.9010449,0.87535816,0.879097,-0.003701848769376418,0.031131133,0.0976398,0.095083416,0.9996974,0.904614,0.20833333333333334,0.9996974,0.9402345,0.9020576,0.90416527,-0.004137039987937272,0.031505533,0.48764312267303467
6581.mp4,bad,0.9705905318260193,0.8682968020439148,0.2328667,0.17553966,0.34875605,0.17321639,0.043478260869565216,0.34875605,0.16452198,0.11588934,0.12205787,0.00017812171501839985,0.045099102,0.26815885,0.16039157,0.84786016,0.6874686,0.17391304347826086,0.84786016,0.667427,0.5797013,0.5966289,0.001180568643709414,0.056359246,0.247942715883255,0.13335186,0.03209561,0.87978977,0.84769416,0.21739130434782608,0.87978977,0.8253433,0.7464379,0.7836316,0.003083002308140635,0.032950778,0.07160348,0.026539683,0.9506099,0.92407024,0.21739130434782608,0.9506099,0.91536963,0.87900645,0.89541936,0.0013047449673588513,0.01633042,0.13226032,0.03556788,0.9999937,0.9644258,0.25,0.9999937,0.9454209,0.86773336,0.9101586,0.002228645837825267,0.031232512,0.35291656851768494
6926.mp4,bad,0.9906631112098694,0.9766082763671875,0.7715001,0.3354528,0.9429664,0.6075136,0.17391304347826086,0.9429664,0.5260763,0.17146626,0.23578039,0.0059194881248144276,0.18641455,0.25698012,0.11578536,0.9739691,0.85818374,0.17391304347826086,0.9739691,0.841152,0.716989,0.73092484,0.001680896687413373,0.06364135,0.09497735649347305,0.15576679,0.10380417,0.948832,0.8450278,0.17391304347826086,0.948832,0.85642195,0.7930652,0.7995032,-0.0008152679138975278,0.03356094,0.076713026,0.041780174,0.97952133,0.93774116,0.17391304347826086,0.97952133,0.93612945,0.9028083,0.9055695,-1.4837845983261832e-05,0.017074605,0.049267113,0.019692123,1.000605,0.98091286,0.16666666666666666,1.000605,0.9792616,0.9513379,0.9658931,-0.0002401816585789746,0.010114638,0.32307520508766174
7051.mp4,normal,0.9685174822807312,0.8761762976646423,0.8592773,0.45948142,0.92759025,0.46810883,0.21739130434782608,0.92759025,0.38121778,0.06831295,0.07637334,-0.00718269466970985,0.20183118,0.39750755,0.1468314,0.9552494,0.80841804,0.21739130434782608,0.9552494,0.7610804,0.5577419,0.5757225,-0.0027361708903029815,0.1079266,0.1400659680366516,0.21332908,0.13034773,0.9425601,0.81221235,0.21739130434782608,0.9425601,0.8065722,0.729231,0.7424652,-0.003825901937578993,0.049193997,0.11974442,0.074115396,0.975659,0.9015436,0.2608695652173913,0.975659,0.9011463,0.8559146,0.86553013,-0.0018043472126067423,0.02739704,0.17167634,0.17167634,1.0003183,0.82864195,0.20833333333333334,1.0003183,0.9067626,0.82864195,0.8481931,-0.0043150590554527695,0.043049004,0.20730115473270416
6446.mp4,normal,0.9736974239349365,0.8553237915039062,0.85751146,0.85751146,0.9794278,0.12191635,0.13043478260869565,0.9794278,0.42230552,0.12191635,0.1420006,-0.03353441484537522,0.27982682,0.3373652,0.3373652,0.9891217,0.65175647,0.2608695652173913,0.9891217,0.80624247,0.65175647,0.67168796,-0.01401920251459945,0.10338389,0.1183309331536293,0.24417067,0.24417067,0.9794279,0.7352572,0.17391304347826086,0.9794279,0.8337799,0.7352572,0.76218504,-0.00815777062427384,0.064178,0.11363268,0.11363268,0.9908751,0.87724245,0.2608695652173913,0.9908751,0.9245735,0.87724245,0.88540435,-0.004324700344692592,0.033202138,0.112680614,0.11247951,0.99947774,0.88699824,0.25,0.99947774,0.9407296,0.88679713,0.89259875,-0.0046220435785210776,0.03671191,0.4320286512374878
16887.mp4,bad,0.9748944044113159,0.9273430109024048,0.63753486,0.6083486,0.8261552,0.2178066,0.0,0.8261552,0.28992358,0.18862033,0.20400724,-0.011545220308977634,0.1410623,0.36589915,0.30469894,0.93798923,0.6332903,0.08695652173913043,0.93798923,0.67186034,0.5720901,0.6064065,-0.009267810717401766,0.08309394,0.20433959364891052,0.14778334,0.14778334,0.8630482,0.71526486,0.13043478260869565,0.8630482,0.76787645,0.71526486,0.72741926,-0.002269329112980211,0.034377027,0.1089046,0.1089046,0.95335096,0.84444636,0.13043478260869565,0.95335096,0.8761999,0.84444636,0.8512606,-0.0020352329896844053,0.021991616,0.07987702,0.07987702,1.000519,0.920642,0.08333333333333333,1.000519,0.94364613,0.920642,0.9290631,-0.0014680735961250808,0.01665872,0.37143054604530334
17309.mp4,bad,0.9914246201515198,0.9819755554199219,0.6928382,0.6773602,0.95288265,0.27552244,0.13043478260869565,0.95288265,0.52226526,0.26004446,0.27096123,-0.035664861557983145,0.24902785,0.3303728,0.3303728,0.9688411,0.63846827,0.34782608695652173,0.9688411,0.7871462,0.63846827,0.6564827,-0.017132104385511684,0.11760986,0.1315966695547104,0.13583893,0.1255855,0.9542284,0.8286429,0.043478260869565216,0.9542284,0.85629296,0.8183895,0.8237342,-0.0048250495916298845,0.03683785,0.085576594,0.07961309,0.9771209,0.8975078,0.08695652173913043,0.9771209,0.9187427,0.8915443,0.8931114,-0.0036267567529037737,0.026136829,0.05729407,0.042724013,0.9994321,0.9567081,0.16666666666666666,0.9994321,0.9680333,0.942138,0.948024,-0.0022066266640373136,0.017370984,0.47544875741004944
16733.mp4,good,0.9954991340637207,0.9839078187942505,0.24895418,0.12770021,0.98760927,0.85990906,0.21739130434782608,0.98760927,0.85091054,0.7386551,0.75825447,-0.0015004319635775918,0.06787077,0.077653706,0.04987961,0.9927705,0.9428909,0.17391304347826086,0.9927705,0.9430567,0.9151168,0.92115176,-0.0010535719955391753,0.01901631,0.02389248088002205,0.095466375,0.09263277,0.98760927,0.8949765,0.0,0.98760927,0.91193897,0.8921429,0.8938684,-0.002308833976036957,0.024160014,0.038276553,0.027814269,0.99303436,0.9652201,0.13043478260869565,0.99303436,0.9669492,0.9547578,0.95802176,-0.0006111629395616887,0.008818543,0.063857496,0.022145271,1.0006025,0.9784572,0.20833333333333334,1.0006025,0.96836424,0.936745,0.9393807,-0.0001269071775934091,0.018604321,0.6314090490341187
16233.mp4,bad,0.9713749289512634,0.9032013416290283,0.39413074,0.3589934,0.6796597,0.3206663,0.0,0.6796597,0.3954601,0.285529,0.29964378,-0.015983732027027447,0.12752505,0.29263812,0.2876047,0.8934755,0.6058708,0.0,0.8934755,0.69253457,0.60083735,0.6127288,-0.013585163847259862,0.10058889,0.17312739789485931,0.17070574,0.14837319,0.8086952,0.660322,0.21739130434782608,0.8435107,0.74005926,0.63798946,0.6636378,-0.00940808053073205,0.0656734,0.11238986,0.10471028,0.93015665,0.82544637,0.08695652173913043,0.93015665,0.865662,0.8177668,0.8295233,-0.00525844320949358,0.037082974,0.17624205,0.15785664,0.99935293,0.8414963,0.08333333333333333,0.99935293,0.8901127,0.8231109,0.8395415,-0.006922656634579553,0.052491628,0.3630061149597168
15490.mp4,normal,0.9884157776832581,0.9447731971740723,0.2946123,0.0038068295,0.9807967,0.97698987,0.08695652173913043,0.9807967,0.92060405,0.6861844,0.8856521,0.003508701449326379,0.06365449,0.11941385,-0.0020543933,0.9835751,0.9856295,0.13043478260869565,0.9856295,0.9518147,0.86416125,0.92320067,0.002359657301733118,0.030137753,0.017545295879244804,0.13200366,0.0038066506,0.9807965,0.97698987,0.08695652173913043,0.9807965,0.937828,0.84879285,0.9086388,0.0022650279193056574,0.034015033,0.08059919,0.002128005,0.99052227,0.98839426,0.08695652173913043,0.99052227,0.9693599,0.9099231,0.95912606,0.0010400509881407997,0.019029686,0.063506305,0.0036807656,1.0004714,0.9967906,0.08333333333333333,1.0004714,0.98492056,0.93696505,0.9760058,0.0005228470201077564,0.01442529,0.46106547117233276
17056.mp4,bad,0.944179356098175,0.8469744920730591,0.669134,0.6475317,0.8673238,0.21979213,0.0,0.8673238,0.35518548,0.19818981,0.21916547,-0.022860332425286182,0.17740081,0.45604375,0.45055783,0.93478096,0.48422313,0.17391304347826086,0.93478096,0.63232106,0.4787372,0.48666254,-0.019889383801358504,0.13824287,0.20388300716876984,0.3127023,0.27946496,0.89654267,0.6170777,0.08695652173913043,0.89654267,0.7084967,0.58384037,0.62549186,-0.012263120987669759,0.08561762,0.188277,0.17825335,0.9537207,0.77546734,0.13043478260869565,0.9537207,0.8362041,0.7654437,0.7773136,-0.007817378216110213,0.054269087,0.47934043,0.27924663,0.999372,0.7201254,0.08333333333333333,0.999372,0.73685366,0.5200316,0.6013852,-0.015802883764971885,0.1469377,0.2648718059062958
16306.mp4,good,0.9620082974433899,0.9339158535003662,0.7760341,0.7736397,0.980602,0.20696238,0.0,0.980602,0.32555163,0.20456791,0.20785859,-0.02306720160919688,0.21839099,0.46651,0.46651,0.98545736,0.51894736,0.0,0.98545736,0.62838,0.51894736,0.52670646,-0.018058653169941062,0.14649397,0.2538991868495941,0.23974562,0.19619268,0.9806018,0.7844091,0.043478260869565216,0.9806018,0.796025,0.7408562,0.7509484,-0.0033465477788872417,0.05153282,0.13444698,0.122094095,0.98919106,0.86709696,0.0,0.98919106,0.8822793,0.8547441,0.85635227,-0.003215450130903668,0.034634303,0.19240218,0.10678315,1.0000557,0.8932725,0.16666666666666666,1.0000557,0.8845026,0.8076535,0.8206434,-0.0019249955208405294,0.05275891,0.42355552315711975
