filename,al10_drop,al10_last,al10_mean,al10_min,al10_p10,al10_slope,al10_std,al_drop,al_last,al_mean,al_min,al_p10,al_slope,al_std,mot_max,mot_mean,sf10_drop,sf10_last,sf10_mean,sf10_min,sf10_p10,sf10_slope,sf10_std,sf_drop,sf_last,sf_mean,sf_min,sf_p10,sf_slope,sf_std,worst_patch
exact-r2__017c59f65cabc241c9ef5990259d488a7becfff0__爆炸菇（爆炸后）__v12__eyemask__d50d6fe5__c0.mp4,0.86776495,0.12468039,0.32555372,0.12289503,0.12405514,-0.03058848627971802,0.24051715,0.5773479,0.4139613,0.6596176,0.4139613,0.42178407,-0.026086048116325852,0.17739834,0.3530622720718384,0.19529879093170166,0.453458,0.5372019,0.7015313,0.5372019,0.54322135,-0.01818226766680541,0.13090467,0.22605038,0.76702356,0.85491645,0.7663739,0.7681497,-0.009697081602138035,0.06757363,0.32465311884880066
base-noprop__f4d25ec51527a18f0ee61a4803329a4966535857__粽子菇__v0__dbb2c007__c0.mp4,0.5298946,0.40548325,0.40960357,0.33118582,0.3402516,-0.008933471744003968,0.115456924,0.29072356,0.6915014,0.6977401,0.64058745,0.6489489,-0.005439327286166164,0.062374197,0.18734383583068848,0.15390682220458984,0.19075686,0.72826236,0.7479924,0.69585305,0.71130854,-0.00262792767743349,0.03684349,0.13609129,0.8390875,0.8516468,0.8114405,0.822286,-0.00227868509858022,0.027244259,0.4351884722709656
base-noprop__85485675b9afc7fa463bca0fd81c644d405acb2e__粽子菇__v0__51b32eee__c0.mp4,0.8049896,0.4881525,0.5166316,0.12729497,0.15577239,-0.03542804489788332,0.26625574,0.46343988,0.76297164,0.7594244,0.49972707,0.55564064,-0.018973805334257052,0.14413878,0.2774255871772766,0.11718957126140594,0.31312406,0.8074736,0.7803198,0.6231736,0.66440547,-0.010967334033001085,0.08568586,0.19868374,0.8872321,0.87661386,0.77278507,0.79706377,-0.007550454658010761,0.057572,0.4210014343261719
exact-r1__d1374c7b3666b2856a0808eca3479085172abdaf__蘑菇力__v1297__bubble__7fc52dc4__c0.mp4,0.58078384,0.58548665,0.7243533,0.40778863,0.44988292,-0.02806382446656585,0.199459,0.14671701,0.8803337,0.9189407,0.8480064,0.86177564,-0.006628934868239587,0.046088982,0.05123239755630493,0.025803351774811745,0.33249164,0.78288376,0.8442772,0.6560807,0.72189015,-0.012549249020960971,0.09268149,0.09628391,0.92389417,0.94474405,0.8989341,0.90801233,-0.004327937371646014,0.03043487,0.3043285608291626
exact-r1__51aaa255d1e150f9f845eb0dc6f5cf9ee644d4c2__吐司菇__v515__coffee__49cf7efc__c0.mp4,0.10014379,0.94651854,0.9498868,0.8899313,0.91216135,-0.002791546903580077,0.025717596,0.04430473,0.9639133,0.9687057,0.947163,0.95434105,-0.0014916726134040085,0.0118173,0.01564919948577881,0.008142984472215176,0.059945405,0.948949,0.957034,0.93012995,0.93482566,-0.0022233625645694316,0.017094025,0.030876637,0.9730206,0.97684866,0.9628122,0.9674616,-0.0010964822156627344,0.00850063,0.4324505925178528
base-noprop__c3ad0151cf012ab92fe134a98d4a74d428a02c98__爆炸菇（爆炸前）__v0__f33b086c__c0.mp4,0.7308769,0.4536672,0.43171784,0.18748544,0.18976001,-0.019047015166211982,0.21464524,0.3759793,0.7579533,0.7352505,0.58096635,0.5951723,-0.009742939601773817,0.11529829,0.2796297073364258,0.16470983624458313,0.19613898,0.80057615,0.81749046,0.73992914,0.763019,-0.005158359766477652,0.052106544,0.11447942,0.89230955,0.89996016,0.86049783,0.86253583,-0.003303817550655417,0.03271696,0.41500434279441833
base-noprop__56bc114155a57e47100a6759d7b78d0befdb0a1f__吐司菇__v0__31af3246__c0.mp4,0.5918005,0.93254924,0.7056048,0.38448477,0.40191084,0.007040181414411935,0.23571974,0.1835612,0.96412116,0.9036596,0.8067745,0.814328,0.0015155422711089748,0.067568034,0.10848897695541382,0.04631023854017258,0.19625586,0.93603164,0.87184733,0.7800294,0.7940959,0.000670875485235538,0.06513764,0.079639435,0.9702475,0.94997007,0.91085756,0.9190094,7.091238800244524e-05,0.024195204,0.5114284157752991
base-noprop__1df7005fbb426ec84155f9de604e394437faec56__毒蘑菇__v0__a7cf07d3__c0.mp4,0.21305597,0.9696746,0.91135824,0.77913165,0.7913765,-0.0033352410369239956,0.07237424,0.06754899,0.98083246,0.96472126,0.9284704,0.9305321,-0.0011395847962307874,0.022185873,0.03746151924133301,0.013842012733221054,0.08548057,0.9712758,0.9471429,0.90670705,0.91189027,-0.0015070222818804604,0.026791357,0.030443192,0.98370457,0.97856337,0.96560264,0.9660949,-0.0006341124358384384,0.0092551,0.5222183465957642
base-noprop__ea77208c520ab108b30a7e6f72eddb04638cca12__汉堡菇__v0__cbef9c99__c0.mp4,0.4852951,0.9632143,0.85732716,0.4967086,0.53199875,-0.007544088976185321,0.16401398,0.12729818,0.9805596,0.9505289,0.8635432,0.8754534,-0.0022800520592527345,0.040726714,0.07662439346313477,0.021847067400813103,0.14855546,0.96484303,0.930215,0.83344835,0.86958915,-0.003204950289763943,0.044425223,0.05068177,0.9825828,0.97237605,0.9401676,0.9480678,-0.0011058882055546408,0.01510227,0.6162360906600952
exact-r1__162906640246ef44f99db4ad49276c513665eb1e__蘑菇力__v142__glasses__889682a9__c0.mp4,0.5224894,0.55581903,0.75502396,0.46585155,0.5446127,-0.027215223420749994,0.2005231,0.117079794,0.87417316,0.92008525,0.8722553,0.87431705,-0.005917002089881141,0.042258546,0.06141948699951172,0.03592080995440483,0.23706591,0.76806915,0.87282175,0.75127506,0.76830137,-0.012552242446322696,0.090505704,0.059006393,0.93463993,0.9560061,0.9330627,0.9346808,-0.0027401434927589946,0.019931458,0.4329335391521454
base-noprop__e17297a1dbbf07dbe3fecb987321a5713158816b__爆炸菇（爆炸前）__v0__a239dfdd__c0.mp4,0.11631656,0.9416331,0.9186497,0.8572401,0.87982523,-0.0006404768219107248,0.03184932,0.042814195,0.96226686,0.9601482,0.94338274,0.94855684,-0.0006538272610766248,0.011838294,0.01097792387008667,0.006813334301114082,0.092389286,0.9438876,0.9267408,0.8819152,0.8966552,-0.0004904988726137209,0.026091162,0.03656864,0.9704387,0.9669614,0.9510783,0.95692575,-0.00038026391046323555,0.009844978,0.45747578144073486
base-noprop__58a25304d5897daa19607fb3b5ce8c1f9d1c340f__蘑菇力__v0__8676ccda__c0.mp4,0.546903,0.45090652,0.6155237,0.41971374,0.44203708,-0.02614998914625335,0.19442356,0.17222613,0.8075525,0.86916006,0.80454135,0.80648446,-0.008613264077736934,0.061519653,0.12980341911315918,0.08306436985731125,0.13112807,0.8465133,0.89177215,0.8465133,0.85133106,-0.005688278335827621,0.041160047,0.05606854,0.9343413,0.9522244,0.9335717,0.9338941,-0.00261520827005031,0.019176379,0.5378461480140686
generic__5fcaed1021788750740eaf4cb963c907ca733dc2__爆炸菇（爆炸前）__v363__flag__f28a34da__c0.mp4,0.73323804,0.91100097,0.5624514,0.25863105,0.26315725,-0.00630893593602501,0.29770476,0.17194271,0.94811046,0.8899767,0.8243823,0.8322942,-0.0018620595277062525,0.061333,0.10559391975402832,0.06368713825941086,0.20692039,0.9266619,0.865789,0.78494877,0.79940194,-0.002427619024227747,0.06369682,0.066352665,0.97227365,0.9536637,0.9299762,0.93459177,-0.0008734894010860627,0.0202245,0.5493015050888062
exact-r2__256b55303d2ece49031dba768c8d8f85b8dabced__炸虾菇__v240__eyemask__ac4ffce8__c0.mp4,0.23537993,0.58374393,0.630013,0.56371117,0.56893325,-0.009748834925206763,0.074525066,0.15231693,0.7750772,0.80499876,0.76431024,0.7680068,-0.0059857437968725245,0.047699403,0.05425363779067993,0.04668957740068436,0.16183633,0.7353741,0.7745633,0.7270559,0.72868913,-0.006933174585636423,0.052772317,0.13467759,0.8228252,0.8516884,0.8129364,0.8165496,-0.00544257532702132,0.042616595,0.3193103075027466
exact-r1__64f7ba46c3c16764be8347709ee03ebee90d68c2__炸虾菇__v639__scooter__ac6b2584__c0.mp4,0.8305993,0.1787495,0.44853327,0.14593059,0.16677883,-0.04134118677716954,0.29180878,0.36385393,0.634366,0.7706365,0.61846316,0.63277966,-0.01909861215960837,0.13281709,0.27136945724487305,0.15312577784061432,0.17045367,0.811674,0.8565581,0.8061336,0.81190884,-0.006945121429654446,0.050942127,0.09752184,0.898419,0.9237622,0.8898326,0.8976197,-0.004190677887366203,0.03063927,0.4828954041004181
exact-r1__62671de5d59372c360feb3d41db56086df4cc5db__毒蘑菇__v619__scooter__25ffefbe__c0.mp4,0.917067,0.058397032,0.46710607,0.058397032,0.06529196,-0.05497232731799838,0.38207003,0.35330915,0.63066447,0.82804805,0.63066447,0.6524075,-0.018482807243294406,0.12434368,0.14279162883758545,0.06928177177906036,0.6030754,0.3756049,0.69104224,0.37238875,0.38931084,-0.034415349305382835,0.23347624,0.21383667,0.7734561,0.8973299,0.7734561,0.7907729,-0.011115867158640987,0.074936956,0.2529914379119873
exact-r1__48172f0dfe98550b41a163b5c11c78aa0d297fd9__爆炸菇（爆炸后）__v459__glasses__56625650__c0.mp4,0.87035465,0.06724969,0.22666922,0.058603972,0.06413016,-0.026705169225693225,0.2190766,0.5953618,0.38801032,0.5659803,0.3743898,0.38525486,-0.025062714287414845,0.17965563,0.39251217246055603,0.2758251428604126,0.3393492,0.60909885,0.7366556,0.60909885,0.6116366,-0.015704833707319413,0.11143151,0.22857672,0.7472706,0.8418054,0.7472706,0.7566737,-0.010839337770175568,0.07553859,0.3872060179710388
exact-r1__f267516ee3473fec084aa1cc59888922709abe1d__毒蘑菇__v1526__glasses__ec0ac680__c0.mp4,0.61750865,0.27387416,0.43553588,0.25779888,0.26323208,-0.023921926855569788,0.20877741,0.18215466,0.7750861,0.83121854,0.7720408,0.7734971,-0.007732889927894215,0.06258599,0.1168205738067627,0.0827404335141182,0.2144649,0.6868298,0.7636678,0.6717713,0.67701787,-0.010582784949084049,0.0790906,0.08515549,0.88519144,0.91395885,0.8821516,0.8832502,-0.003966568251372323,0.03007608,0.5003517270088196
base-props__b6bd61a3bd7cb45a64f5f161b4fd05db5645825e__粽子菇__v730__crown__61c95450__c0.mp4,0.0958302,0.92522734,0.9517508,0.89628136,0.90494555,-0.0037530127603545966,0.029081723,0.039990664,0.9599103,0.9743374,0.95316696,0.95780337,-0.0016068233685059882,0.011796059,0.00845569372177124,0.0036612411495298147,0.08375478,0.9287591,0.9550827,0.90839785,0.92160916,-0.003254139140660578,0.024806598,0.034397423,0.9665979,0.97799855,0.96162266,0.96406996,-0.0013832309736093592,0.0099952,0.6611151695251465
base-noprop__2e74efc28325e12fefad6028bd3e1e47f959c336__毒蘑菇__v0__53e5db28__c0.mp4,0.13043588,0.964813,0.9297517,0.85930115,0.86726505,-0.0020225469184958185,0.048983447,0.045494497,0.9830868,0.96751887,0.9440821,0.946518,-0.0005135613350057807,0.017320488,0.019070804119110107,0.008168259635567665,0.069474936,0.9649876,0.95194334,0.9202621,0.92376834,-0.0015679344593771865,0.02535726,0.026981592,0.98370886,0.975687,0.96310574,0.96365,-0.00044815860718136816,0.010198054,0.3869253993034363
exact-r1__4bf0b051761534a857f0e278795a15afb31bef80__毒蘑菇__v485__eyemask__456293b6__c0.mp4,0.59984314,0.36610702,0.56959873,0.36610702,0.37936738,-0.02363215322079866,0.16535358,0.15020823,0.8367942,0.88640875,0.83569026,0.83618903,-0.0058376252533418995,0.041447703,0.07479590177536011,0.041546184569597244,0.3192103,0.6926613,0.738678,0.6494676,0.6707624,-0.008129063566682845,0.06856523,0.08629763,0.9087325,0.927955,0.9024599,0.90590423,-0.0026038723736412383,0.019666966,0.4151999354362488
exact-r1__17267cdbab13c63bd29a987952c0bc6e4a671ac3__蘑菇力__v149__glasses__47690caa__c0.mp4,0.5282457,0.093191266,0.17535838,0.083846495,0.08735282,-0.010902509269978225,0.15926212,0.36077276,0.5027424,0.5970829,0.49624017,0.499502,-0.011825136398609454,0.12206086,0.30744802951812744,0.22667965292930603,0.28487825,0.57958937,0.6761903,0.5698043,0.5839636,-0.011300848642356776,0.091828816,0.17298472,0.77239513,0.82376266,0.7646969,0.7688477,-0.006865548816594205,0.057349782,0.4004119336605072
base-props__b2678863871b99530ba9e74fef126b3d90508f99__粽子菇__v712__flag__594ae7a3__c0.mp4,0.83939666,0.23921026,0.43826666,0.15418494,0.1709146,-0.043406856522376365,0.3515501,0.30224574,0.7737278,0.8230695,0.6946436,0.7083617,-0.01332150776631277,0.11154746,0.13698649406433105,0.07758314907550812,0.47520453,0.592968,0.7006097,0.51837707,0.5357134,-0.022260887349547127,0.18180159,0.17180264,0.87128353,0.9006528,0.8250867,0.8405933,-0.007222102211398114,0.060172234,0.3631247878074646
exact-r2__4b734340dea86eb026518f537642d75cec5d26c7__粽子菇__v480__glasses__09e00568__c0.mp4,0.89917755,0.08412332,0.3087121,0.08184482,0.08234828,-0.04161464601843487,0.3347903,0.74389833,0.23914404,0.4884389,0.2380191,0.2383243,-0.03935204795285648,0.29430735,0.4230220913887024,0.23497973382472992,0.66166115,0.32298657,0.5887207,0.32098314,0.3221018,-0.03320713744686528,0.23013103,0.5094326,0.48900574,0.7234186,0.4807647,0.48493272,-0.027494917185645812,0.19036616,0.18826431035995483
base-noprop__55b63d472e9f15d5bcd1f672b7144ce1726da2f2__爆炸菇（爆炸后）__v0__37f0c1a8__c0.mp4,0.55611765,0.54496795,0.59260195,0.39652956,0.5253633,-0.010037466117987056,0.12896147,0.21958226,0.79973245,0.8316158,0.7559307,0.8014572,-0.0041953251060289996,0.049826648,0.1425139307975769,0.08581850677728653,0.15728873,0.803512,0.84381694,0.79701763,0.81638235,-0.0037620764947220438,0.038833212,0.07951164,0.8996022,0.91743433,0.89844465,0.9044263,-0.0020719628206826123,0.020085145,0.4932737946510315
exact-r1__52e27d0ad2d2890946f1fe6c35b87aaa4541bdc1__吐司菇__v518__coffee__058f0e6c__c0.mp4,0.7653209,0.22683163,0.6227602,0.20688865,0.22702968,-0.04449946399439466,0.334839,0.24480408,0.74589396,0.8742291,0.74098474,0.7464419,-0.013854974284473624,0.10270958,0.12951260805130005,0.057613398879766464,0.29428935,0.68894565,0.8380527,0.6779202,0.6903438,-0.015427654675344234,0.11494945,0.12194276,0.87386405,0.93184257,0.8667691,0.8699496,-0.0067614613785574075,0.049912497,0.34131091833114624
base-props__de80684a473a7265e3fc6883d1373c22b31a0ac7__爆炸菇（爆炸后）__v868__scooter__2f2097c4__c0.mp4,0.22720039,0.96119404,0.83482695,0.7481533,0.76206285,-0.0032906003384722076,0.07438623,0.063511014,0.97791827,0.943591,0.9248115,0.92610896,-0.0008422355995818854,0.020106342,0.023685336112976074,0.0172120351344347,0.14347243,0.96210575,0.88626975,0.83253205,0.842314,-0.001977811512268595,0.04319613,0.041589797,0.98012793,0.96080285,0.9472254,0.9486858,-0.0007607594662504406,0.012861019,0.5440508127212524
base-noprop__ea77208c520ab108b30a7e6f72eddb04638cca12__爆炸菇（爆炸后）__v0__167c3cac__c0.mp4,0.89944017,0.13058022,0.4732377,0.089332916,0.093730345,-0.05154451289077993,0.368984,0.42172694,0.65146685,0.78696966,0.5704905,0.58878493,-0.021937137594807286,0.15608168,0.27384763956069946,0.13279396295547485,0.29088563,0.76996386,0.8261456,0.6978876,0.70316863,-0.01357403244425658,0.096895024,0.15011269,0.88945293,0.9197636,0.8443381,0.85353297,-0.00694509922515736,0.050156776,0.4677289128303528
base-props__929b88500dd26c68400cb2ef5015e7db4f37d194__汉堡菇__v586__coffee__880a1ceb__c0.mp4,0.51293117,0.81416094,0.7779666,0.46409744,0.5151916,-0.005290028547109838,0.16777997,0.12783444,0.92378485,0.92400044,0.85730886,0.8673739,-0.0023788244356750983,0.0412116,0.0753127932548523,0.035675134509801865,0.15664297,0.8945037,0.89878446,0.8223785,0.8441919,-0.0038454782939239818,0.049381103,0.057425678,0.9548759,0.9596755,0.93262166,0.9412718,-0.0014976529853617344,0.01781366,0.5333089232444763
exact-r1__f11cad00ba6f8dcd0db7e9dfcdef26e58638052e__爆炸菇（爆炸前）__v1517__scooter__826b44a1__c0.mp4,0.90727115,0.088904604,0.41968048,0.08286811,0.08728278,-0.05120086013210618,0.36921254,0.71116793,0.28091627,0.64862746,0.28091627,0.28546116,-0.04125525746420909,0.28263697,0.43736928701400757,0.20802095532417297,0.49500936,0.49927342,0.7378871,0.4952557,0.50067145,-0.02758749724612406,0.18756293,0.27796173,0.71828556,0.8566483,0.7151381,0.71904844,-0.015867846344299455,0.10874624,0.3519769012928009
base-noprop__05ac9abf4092d7eda364b995ce814f0c2859bf3c__蘑菇力__v0__cf199693__c0.mp4,0.14266843,0.9101834,0.88428473,0.82994944,0.8576876,-0.001755716419031508,0.030844424,0.04877132,0.94391406,0.9380868,0.92422146,0.92643887,-0.000898955780055692,0.0113265,0.02878016233444214,0.021379882469773293,0.11127609,0.9130124,0.9007414,0.8622501,0.88427895,-0.0013592672560054826,0.021728016,0.035549402,0.96131706,0.9594667,0.9514371,0.95324814,-0.0006053550205683047,0.0075382516,0.6482028961181641
exact-r1__32f237a65638d702e80c66ce6545a75f08d71afa__吐司菇__v340__glasses__49dfb3e2__c0.mp4,0.85042787,0.10968073,0.20843549,0.080862194,0.0860516,-0.021968593202501902,0.20686363,0.57167274,0.40061462,0.5054107,0.38632703,0.39411852,-0.02034118220857953,0.16641976,0.3494126498699188,0.2854565382003784,0.32481682,0.6318331,0.69357663,0.6116259,0.629831,-0.010393998368455497,0.089059226,0.24759018,0.73518085,0.7908672,0.7230846,0.7333409,-0.009608666887396406,0.076070346,0.35753703117370605
base-noprop__85485675b9afc7fa463bca0fd81c644d405acb2e__爆炸菇（爆炸前）__v0__8f198cec__c0.mp4,0.7883137,0.26880848,0.46948484,0.17224115,0.20740654,-0.02586646413379037,0.21476725,0.3589282,0.64331216,0.76550025,0.614886,0.6426145,-0.013024041539595533,0.10427852,0.24015319347381592,0.13374926149845123,0.23027837,0.73027647,0.81692237,0.73027647,0.74716073,-0.007521743713160304,0.059004012,0.1316241,0.8467469,0.89924943,0.8467469,0.8629785,-0.004109332507306865,0.033105448,0.3793441951274872
exact-r1__0399b7e1281139c389c4f871736e53e2fab0d75d__爆炸菇（爆炸后）__v25__eyemask__9d8c5219__c0.mp4,0.55106384,0.36587235,0.54253656,0.309264,0.31704497,-0.026488688859072594,0.18128474,0.18584543,0.77958703,0.84589916,0.7677904,0.77433294,-0.008135628794492948,0.055707518,0.08453369140625,0.05977151542901993,0.34496838,0.6283858,0.7608168,0.5750666,0.6059085,-0.01572377178744365,0.1112881,0.12586778,0.860292,0.90567076,0.8488381,0.85612285,-0.00563294467011931,0.038852125,0.2906001806259155
base-noprop__28a40bdc8031c3ded5a744a31c764d0180862532__爆炸菇（爆炸后）__v0__7ced556b__c0.mp4,0.7854569,0.18702534,0.5266094,0.18599331,0.21864161,-0.0390412775070771,0.2989039,0.34133846,0.63456655,0.7878032,0.63456655,0.6372955,-0.017109530716545494,0.13214502,0.2362823486328125,0.1183452382683754,0.23572272,0.77005327,0.82759625,0.73576665,0.7399709,-0.009689888110745113,0.077190615,0.13568628,0.8708489,0.9061483,0.84915245,0.85422593,-0.005772311873586752,0.045213632,0.5921145677566528
exact-r1__6f6f2d7c0707575b6afdd575fae5abf75eec000d__吐司菇__v706__flag__e18588cd__c0.mp4,0.59658736,0.18001555,0.34096113,0.17958586,0.1804196,-0.026791248396922485,0.19943914,0.47419065,0.44459078,0.5804022,0.4413492,0.4449355,-0.021604134866842647,0.15767042,0.1423727571964264,0.10714435577392578,0.51098216,0.36029327,0.5188383,0.36029327,0.36575127,-0.02380706464113455,0.17250752,0.37718016,0.57338446,0.68754655,0.56819487,0.5738797,-0.017035164027346,0.12338581,0.28492116928100586
base-props__b166561176afda3a52cc9957753e6b2a097c6778__爆炸菇（爆炸前）__v708__glasses__ebc7f03d__c0.mp4,0.3045022,0.73433924,0.72015554,0.5859803,0.6382945,-0.008627331480678367,0.06980001,0.09123242,0.9099538,0.89841306,0.86468816,0.8736876,-0.0026204179633747414,0.02232498,0.07341432571411133,0.05130136385560036,0.10055745,0.8927556,0.8751468,0.84473526,0.8478324,-0.002349656443350876,0.023154853,0.042908907,0.9529493,0.9497144,0.9381025,0.93985337,-0.0011391739246873465,0.00982362,0.6447044610977173
exact-r1__65fa930a2832ed150be2f5f8c6f3014ee7d827a8__爆炸菇（爆炸后）__v648__flag__9e38806b__c0.mp4,0.6733098,0.35138834,0.6101519,0.32013413,0.32706955,-0.03694821802877154,0.25725466,0.21584362,0.7851976,0.85933036,0.7811976,0.7823053,-0.011459515676668051,0.080461785,0.09073913097381592,0.0500812828540802,0.26125038,0.7598369,0.82723516,0.7321936,0.74389243,-0.012086927184003173,0.0864561,0.12897295,0.8719736,0.90941155,0.8680722,0.8691716,-0.006494031239875201,0.04731849,0.34114348888397217
base-noprop__0fdb22578fff87861697db59c5fdafc40b146990__蘑菇力__v0__c4e12003__c0.mp4,0.19053066,0.9770934,0.94390905,0.80077785,0.8684851,0.00042294631362432605,0.052390028,0.066589594,0.9848051,0.97507364,0.92778146,0.94896734,0.00026091668210011357,0.01801065,0.03919517993927002,0.008187741972506046,0.09515387,0.97709334,0.95676184,0.8961546,0.90452695,1.754278957606747e-05,0.02728685,0.02786535,0.9875707,0.98326147,0.96697664,0.97094476,-6.770693030752307e-05,0.0071555497,0.6567107439041138
base-noprop__05dd2b8db67494f0efc8d0fdde03ebfec1ec36bb__毒蘑菇__v0__76d724a6__c0.mp4,0.18204808,0.96846676,0.938698,0.8038088,0.8364633,0.0010702889780753336,0.053473987,0.052422285,0.98061776,0.971651,0.93647945,0.9420761,0.0002313482431554832,0.015907064,0.02749866247177124,0.00843405444175005,0.094074726,0.96846676,0.95188123,0.892146,0.9019524,0.00017925590394514908,0.028047513,0.028239071,0.984395,0.98008513,0.9639781,0.9656787,-7.420666368584284e-05,0.008083197,0.7314035296440125
base-noprop__f4d25ec51527a18f0ee61a4803329a4966535857__爆炸菇（爆炸后）__v0__b7b64ae3__c0.mp4,0.66036946,0.21539086,0.32498485,0.2150318,0.21564801,-0.02176734730012332,0.2072341,0.36556226,0.581009,0.6645221,0.581009,0.585366,-0.013462719474385373,0.10955181,0.22907131910324097,0.17546451091766357,0.25029945,0.6327698,0.70975876,0.6322384,0.63604623,-0.010241880836222959,0.07494525,0.15269065,0.8020687,0.8399866,0.8020687,0.80938584,-0.005050609057599851,0.041951668,0.3364102840423584
base-noprop__0b9d7a9da15b27871886a629df50e17677f0c915__粽子菇__v0__0f454afa__c0.mp4,0.14722621,0.9557663,0.9178744,0.84385777,0.8882023,-0.0008376937492091898,0.030524787,0.03467393,0.9671214,0.9652301,0.9529615,0.95493984,-0.0008326757684526676,0.008380827,0.01256471872329712,0.007879847660660744,0.123667955,0.9557662,0.92328256,0.8677863,0.90315884,-0.0006948076924787678,0.025303112,0.028719306,0.9753958,0.97311,0.9648738,0.96586126,-0.0005692441472894354,0.0064188745,0.5497198104858398
exact-r2__c7ad00b677c45e8f5009f4a0740dfa6c109a6eee__汉堡菇__v1244__glasses__0a8c1553__c0.mp4,0.57870084,0.121012814,0.31774968,0.11263649,0.117714256,-0.025261065602420356,0.22390914,0.452747,0.46238112,0.6447239,0.4439867,0.4559717,-0.022551848011996913,0.16961884,0.2595251798629761,0.18479648232460022,0.3373816,0.5722681,0.72002524,0.54427814,0.54881316,-0.018522926646730185,0.13588408,0.24313086,0.71388495,0.8295204,0.70043373,0.7066554,-0.01356869335231102,0.099733174,0.41301119327545166
exact-r1__4b734340dea86eb026518f537642d75cec5d26c7__粽子菇__v480__glasses__09e00568__c0.mp4,0.8744123,0.10088218,0.19091909,0.07975539,0.08908687,-0.021497421305287985,0.22789143,0.73821706,0.24193648,0.37263718,0.23333491,0.24200505,-0.02554143165705703,0.22229362,0.40449026226997375,0.2671256363391876,0.61757684,0.35857826,0.50594443,0.34247434,0.3502798,-0.02535242867092841,0.18958755,0.4869433,0.50401783,0.6397628,0.49516076,0.5005448,-0.022398480902547424,0.1629289,0.17527957260608673
exact-r2__2542b9c5635f6f39a49c3380e72384f78fd1c0d8__汉堡菇__v238__eyemask__4cce5059__c0.mp4,0.40358245,0.6378236,0.76589495,0.5922849,0.6144021,-0.020349068368376484,0.14291361,0.10307425,0.89989054,0.9332257,0.8940314,0.899955,-0.004473596281213723,0.031021077,0.045111238956451416,0.026966042816638947,0.15010315,0.8465278,0.8865359,0.8457641,0.8519188,-0.005706188235829467,0.043594312,0.05890596,0.9449197,0.96019167,0.9382237,0.94342333,-0.0021278108414924893,0.0148083605,0.1847762167453766
base-noprop__068f87e6d8c098db1a68eaff2a959baa9dd07959__毒蘑菇__v0__6945910b__c0.mp4,0.68593335,0.31694412,0.5585575,0.29222107,0.31363803,-0.03750367079798884,0.28165933,0.31556785,0.71496224,0.81736225,0.66897404,0.6989532,-0.015821071363720518,0.11551636,0.19559013843536377,0.10163776576519012,0.27474463,0.70411247,0.8343535,0.7034098,0.71820927,-0.013794584001005888,0.092679195,0.12944919,0.8613302,0.919,0.8613302,0.86421674,-0.00689242256017541,0.04701164,0.38753682374954224
base-noprop__f64e1c17ba334819ca417f708e64e97d2aba7b05__爆炸菇（爆炸后）__v0__87b92abb__c0.mp4,0.8333218,0.93149686,0.581715,0.14876753,0.16635613,-0.031154610643627168,0.34955978,0.42928636,0.96017444,0.7909849,0.559728,0.5655525,-0.014833247708708861,0.17534952,0.2787677049636841,0.12159212678670883,0.33108294,0.93559283,0.82281095,0.6510064,0.6732885,-0.009866515284941611,0.112501785,0.158292,0.96874595,0.9125769,0.8326666,0.8359078,-0.004916293288879235,0.056806155,0.4448244571685791
exact-r1__3296e3025fe5db65ce1e18e8abd3114afdfdc5da__爆炸菇（爆炸后）__v335__coffee__0714808a__c0.mp4,0.87635124,0.36862928,0.5143572,0.11284916,0.15313569,-0.03782447085903567,0.30301726,0.37679148,0.81491137,0.821228,0.60886395,0.64788157,-0.012515057452582554,0.11874119,0.2440420389175415,0.09631148725748062,0.31695902,0.80850714,0.82265806,0.6722901,0.71305645,-0.010307069058003632,0.089759156,0.14030522,0.8999481,0.91753954,0.852906,0.86665756,-0.005407021038617054,0.044762798,0.28219926357269287
exact-r2__63c6cd5b6ce97c724c348a679627c9f637af97f7__毒蘑菇__v627__scooter__2948a84e__c0.mp4,0.8503698,0.14562742,0.5579982,0.13874164,0.14344762,-0.05041228156728237,0.35171995,0.39743608,0.597965,0.81929374,0.59739786,0.5982462,-0.022356685501313492,0.15555213,0.25182491540908813,0.10392431914806366,0.27610904,0.7143947,0.83714235,0.71300226,0.71763635,-0.014258347657829401,0.09741212,0.14903396,0.84580004,0.92321813,0.84580004,0.8484131,-0.008102282351655927,0.05563032,0.42176705598831177
exact-r2__a9816777eac0a4b87543f0fe4ad36edf6b92ca8e__吐司菇__v1049__crown__a8d4e42e__c0.mp4,0.92759943,0.072922915,0.30029353,0.06477073,0.06693364,-0.043371324416382515,0.34611925,0.6546455,0.3396352,0.5662855,0.3367669,0.33992887,-0.035135175429078444,0.24964409,0.44347083568573,0.2905714511871338,0.3573476,0.6350225,0.76370615,0.6350225,0.64373356,-0.017127187944683663,0.11976679,0.22645247,0.7672994,0.8568569,0.7672994,0.77137333,-0.011759582244360403,0.08045676,0.3845362365245819
exact-r1__967be5bf93e2191527c35a951f196af47aae0dc9__毒蘑菇__v937__bubble__56580119__c0.mp4,0.81732154,0.27729797,0.5219317,0.13177225,0.1610543,-0.044038803474940796,0.31748778,0.25418437,0.75117576,0.83759177,0.7176917,0.7346776,-0.013135153019852321,0.09227542,0.1318066120147705,0.06144523620605469,0.35037506,0.7451222,0.7860051,0.6000618,0.662032,-0.013598552864530824,0.10763873,0.13818592,0.87639636,0.8990369,0.83812296,0.84228027,-0.006481571042019418,0.04958902,0.23016737401485443
generic__961bd0e7dc5dec1e77f826ad3f88dc97e2021663__汉堡菇__v606__glasses__ec6f851a__c0.mp4,0.61299455,0.9606993,0.7096734,0.373032,0.38289705,-0.003000365003295578,0.21631329,0.15309256,0.9710775,0.91302043,0.8407476,0.84380066,-0.0014287413580144574,0.051973473,0.06723791360855103,0.03269904479384422,0.26995224,0.9606993,0.84844637,0.7160744,0.7433983,-0.0022823778183563765,0.09022873,0.08614236,0.972577,0.9457196,0.9077092,0.9097638,-0.0011385001919486312,0.027998924,0.4453946352005005
base-noprop__930af50238c37ebaf442e48b5cf1fdd56a6c5adb__汉堡菇__v0__3b72956b__c0.mp4,0.4348741,0.29994676,0.3921852,0.2824923,0.28989154,-0.010778240270529824,0.10955111,0.2706005,0.68355393,0.72456044,0.63100183,0.6429437,-0.007519357465943803,0.06947477,0.20287644863128662,0.14519719779491425,0.18096542,0.7173352,0.7734006,0.7074847,0.7177398,-0.005562112559914129,0.04377573,0.116488695,0.8446053,0.86975753,0.8240013,0.8415004,-0.00335013748628821,0.026778923,0.40336915850639343
exact-r2__f4391007a9614180b36c5a425ae726846b1ea5a6__蘑菇力__v1539__eyemask__009061a7__c0.mp4,0.41179776,0.5859332,0.7097688,0.57863903,0.6174224,-0.014964090976790478,0.1263795,0.09857011,0.89781785,0.92452097,0.8971029,0.90262014,-0.003659351011038786,0.030407557,0.04721105098724365,0.03746246173977852,0.19570619,0.79473054,0.8559636,0.79473054,0.8041655,-0.0072918625570568725,0.058993004,0.052085876,0.94359004,0.9619835,0.94359004,0.9481481,-0.0019057073847578475,0.014596113,0.4915422201156616
exact-r1__1db18ca5323487563ceb952534de9a3b9af8d9f2__毒蘑菇__v184__coffee__25151478__c0.mp4,0.8228427,0.5331725,0.4580429,0.14002892,0.16316079,-0.022170923370499866,0.23693417,0.40168452,0.83798635,0.79101586,0.5833374,0.6262636,-0.00922698607086667,0.11060928,0.2679581642150879,0.11739897727966309,0.2569313,0.8651039,0.8129986,0.7061764,0.715383,-0.00463176386158457,0.07136561,0.14241117,0.93130165,0.90841484,0.8428264,0.84898037,-0.003223429967763395,0.04117003,0.3477492928504944
exact-r2__4684d4e3cc283d2f82a830567f416163b041076b__粽子菇__v446__scooter__0f8c7e43__c0.mp4,0.41934758,0.81124675,0.8212297,0.57254785,0.61835724,-0.012493116228948003,0.13961394,0.0914858,0.93933237,0.94781744,0.90164566,0.9055716,-0.0032225843121411876,0.030974582,0.06334114074707031,0.02509254962205887,0.13145268,0.86970675,0.91640854,0.86044276,0.87135136,-0.006032666198820956,0.04588181,0.039039373,0.96549,0.97290987,0.95468223,0.9624587,-0.0014732466502623152,0.012128103,0.4894079864025116
base-noprop__746da3c174acbb5da8858bffe05b68335dae3406__汉堡菇__v0__f742b2a7__c0.mp4,0.12153453,0.90839726,0.9263466,0.86190945,0.8835019,-0.004250866327832345,0.032711357,0.04342711,0.94815475,0.9607071,0.9440007,0.947121,-0.001864661694515384,0.013689685,0.023548007011413574,0.015485478565096855,0.08443034,0.92780155,0.93717384,0.90218025,0.9125805,-0.002951961025418981,0.023250284,0.025639474,0.97086155,0.97619253,0.9675487,0.9692308,-0.0009926514545448117,0.007510112,0.6617701649665833
base-noprop__0b9d7a9da15b27871886a629df50e17677f0c915__炸虾菇__v0__23adc1a5__c0.mp4,0.7475313,0.23068178,0.46297076,0.2244668,0.23354563,-0.026779177985172518,0.25533488,0.31460422,0.6907056,0.7980749,0.66857064,0.6859548,-0.011700270498694189,0.1009909,0.17699766159057617,0.09733546525239944,0.2926643,0.6994565,0.78663486,0.6793338,0.6953911,-0.00977623986868048,0.08511766,0.14839083,0.84681535,0.8954105,0.83740354,0.8458177,-0.005290950652167742,0.04577419,0.47238224744796753
base-noprop__1d5a1c958b3030b64164f55cfb9fdefdf2716651__毒蘑菇__v0__5aa3164d__c0.mp4,0.5152147,0.7577675,0.650902,0.4693372,0.47893792,0.002443219833223248,0.13635567,0.16042244,0.9191214,0.8877331,0.8307839,0.8356737,0.0005433120039611646,0.041549467,0.1014663577079773,0.06146889179944992,0.13427532,0.8963065,0.88774467,0.8502767,0.8562244,-0.00016954835695713702,0.029432192,0.062292695,0.9594434,0.94920206,0.93113065,0.932104,0.00010492773395282813,0.0150473835,0.5517765879631042
generic__45160a3209fab0c464a72ff9098bde522b4e0264__爆炸菇（爆炸前）__v254__scooter__4a80b0c1__c0.mp4,0.48511225,0.9506203,0.75704783,0.5063868,0.5207396,-0.002278480369582956,0.17433672,0.16302288,0.9719511,0.9124807,0.83278966,0.8463846,-0.0014703992327211623,0.057274055,0.09919887781143188,0.044926051050424576,0.13468623,0.9519228,0.9116158,0.85681295,0.8594929,-0.0023894502004615883,0.043991894,0.067668796,0.9732877,0.9574068,0.92814374,0.9331472,-0.0013023403440068256,0.021307863,0.5222357511520386
exact-r1__b7d6465a8b59608365b430ec044d2fd40916aca4__蘑菇力__v1146__crown__d5a033a7__c0.mp4,0.76767355,0.18394297,0.29459617,0.158005,0.18409806,-0.02212085586644916,0.21295539,0.5118663,0.5158053,0.6505328,0.43773323,0.5068058,-0.01830578091823066,0.13987267,0.2297183871269226,0.15399092435836792,0.47156948,0.49387604,0.6731733,0.46365422,0.47359908,-0.022328355213398977,0.16138358,0.32185805,0.7055414,0.80452365,0.6416219,0.7061435,-0.012625980871939375,0.0942798,0.3520742952823639
base-noprop__3ea8cf079e959693153dd04695b6f05e21f1dca3__毒蘑菇__v0__cd5fa161__c0.mp4,0.48342603,0.9183376,0.79483473,0.5074976,0.58399236,-0.014278947659160763,0.15821591,0.13058454,0.9648458,0.92592406,0.85993576,0.86962235,-0.004725492754472587,0.049151562,0.0590023398399353,0.02835163287818432,0.22526312,0.94227314,0.86890197,0.7656605,0.78220785,-0.007680857075532921,0.08593391,0.07598066,0.97310555,0.9542756,0.91822755,0.9242343,-0.0027455456643236315,0.026913166,0.5154850482940674
exact-r1__017c59f65cabc241c9ef5990259d488a7becfff0__爆炸菇（爆炸后）__v12__eyemask__d50d6fe5__c0.mp4,0.8412359,0.15134828,0.32619676,0.14745745,0.14974986,-0.0332397631711875,0.28024697,0.46544975,0.5251351,0.6671264,0.516804,0.5242447,-0.022052427702270488,0.1588639,0.29478055238723755,0.192890927195549,0.3666715,0.6496023,0.7155217,0.62202185,0.6334614,-0.012852525051403435,0.11821907,0.18792176,0.8143928,0.8600174,0.80437756,0.80858505,-0.00794955899592915,0.060853243,0.22864075005054474
exact-r2__d1758c15bc02c270105a3d17b4eb3accdc5cee71__蘑菇力__v1300__bubble__af98eeec__c0.mp4,0.7523265,0.30508956,0.4226492,0.2308744,0.25053722,-0.02885538548702309,0.24332711,0.24020058,0.8038104,0.82411337,0.75037163,0.75588006,-0.009177399659345276,0.07600598,0.09639722108840942,0.05945028364658356,0.51673496,0.77450687,0.6460865,0.46646604,0.49013942,-0.00848952754448525,0.15617579,0.1672675,0.89189327,0.88356364,0.82462823,0.83673394,-0.004422685963363061,0.047030523,0.26472988724708557
exact-r1__29f679c8be6e6b658cdfb3ab8df8254b60f131e5__蘑菇力__v272__flag__86d422b6__c0.mp4,0.6927995,0.27676335,0.4426639,0.2661901,0.27758762,-0.026984522111802235,0.20492822,0.33235228,0.6411729,0.75587606,0.6411729,0.6517979,-0.015157446441914267,0.10456914,0.08377444744110107,0.05340570583939552,0.5641813,0.39551127,0.5513082,0.39550507,0.40132672,-0.02272619377718615,0.16903725,0.25841182,0.72327864,0.8092817,0.7212992,0.7304952,-0.011853852585370377,0.082263626,0.2134348303079605
exact-r2__06fa761f552f4726608d396cd74b9485f90f0510__爆炸菇（爆炸前）__v44__crown__bb179f3c__c0.mp4,0.49523872,0.4772939,0.5868308,0.37130088,0.44659197,-0.017896667976860004,0.15257666,0.10841566,0.8652196,0.88260305,0.8425085,0.8585746,-0.003249573613343982,0.029048864,0.057730019092559814,0.04011902958154678,0.20674574,0.8225845,0.8078791,0.69569016,0.76133657,-0.0035835279541995843,0.051069956,0.06914431,0.9082545,0.9227221,0.8962673,0.9040559,-0.0020180063049783773,0.018368904,0.30433183908462524
base-props__1a5e9e21aa5ab5837e37e1d632efa039b57aab7f__蘑菇力__v94__coffee__9813a98c__c0.mp4,0.40768182,0.9420005,0.85902387,0.57885516,0.63193196,-0.0009558237941840011,0.124151334,0.122344375,0.9595772,0.94023365,0.86372256,0.8893962,-0.0005902626768873526,0.032658853,0.0630120038986206,0.021329820156097412,0.17528665,0.94353044,0.9137497,0.8112502,0.8509697,-0.001309146994187441,0.04975363,0.064973354,0.96890366,0.96156347,0.92673457,0.9364453,-0.0006152667664727754,0.017787015,0.45377102494239807
base-noprop__1f66a501aba063a2796ee4f1f4d6082295197784__蘑菇力__v0__bfd0d9e4__c0.mp4,0.050712526,0.96892065,0.9611287,0.9381792,0.94600964,-0.0007960321639366219,0.012835291,0.030094206,0.97930765,0.9734435,0.95804954,0.9615332,-0.000585855761535542,0.009088436,0.016208291053771973,0.007405729498714209,0.040463507,0.9689207,0.9630193,0.9484281,0.9491514,-0.0007205902941142246,0.010577882,0.019063711,0.98408526,0.9808493,0.9730847,0.9739369,-0.000421068590620282,0.005601978,0.6123930811882019
base-noprop__068f87e6d8c098db1a68eaff2a959baa9dd07959__蘑菇力__v0__80996da1__c0.mp4,0.23434603,0.7789588,0.8320934,0.73635745,0.75157547,-0.011366822561727698,0.08908504,0.08122915,0.921021,0.93860644,0.9039784,0.90766746,-0.0036535315480628076,0.030135987,0.05059778690338135,0.02596205286681652,0.09572208,0.88035,0.91436195,0.8749814,0.8817246,-0.004729153551603024,0.033867925,0.041151524,0.9489133,0.9645686,0.94675636,0.9489201,-0.00208045418554616,0.01460522,0.5485051870346069
exact-r1__49fef35b1c962aa22fdd2b3411e53134117a62b6__毒蘑菇__v473__eyemask__fe8ce2b8__c0.mp4,0.67692846,0.30599573,0.5485219,0.30395198,0.30741495,-0.035335651617276344,0.24778695,0.25708526,0.7356778,0.8453348,0.7356778,0.74255043,-0.013314230050965258,0.09061146,0.1316503882408142,0.07394726574420929,0.27264696,0.7082336,0.8105944,0.7082336,0.7215689,-0.013218295491731202,0.092384286,0.1297391,0.8639127,0.9192821,0.863024,0.86973405,-0.00619168008269059,0.04175581,0.2649348974227905
exact-r1__b656711495e9904b44ee1e7c04c210b83cd2ed74__毒蘑菇__v1134__crown__0574677e__c0.mp4,0.8125373,0.24200651,0.4418016,0.16723913,0.18725787,-0.0365711423925496,0.2809688,0.21129781,0.786847,0.84187174,0.77475625,0.779837,-0.009434180709684346,0.07130505,0.09797435998916626,0.06495790183544159,0.3906721,0.6508163,0.7282316,0.5896114,0.6312081,-0.014586953188590835,0.11521407,0.1175524,0.8741417,0.9068298,0.87247586,0.87330765,-0.005053920943746456,0.03855254,0.2479199320077896
exact-r1__d9b45e907f3f46e26cc2c0c367c828a5ba9ab34c__汉堡菇__v1361__flag__17c31c4e__c0.mp4,0.50198543,0.49143478,0.7103617,0.4804722,0.49579564,-0.027560004220885274,0.19106282,0.20673996,0.78336746,0.8754512,0.78336746,0.7930207,-0.01099041758083072,0.07522022,0.07563024759292603,0.042410027235746384,0.32075727,0.6617004,0.8114143,0.6617004,0.67387193,-0.017287261990219238,0.11892893,0.13345146,0.8580499,0.91786116,0.8580499,0.8667321,-0.007195785582772393,0.049599577,0.3656463027000427
exact-r1__55d0a552371088436d3780e0920102745a9833f1__汉堡菇__v546__scooter__2d2219a1__c0.mp4,0.82754076,0.14952737,0.47339883,0.14952737,0.15432127,-0.04450893490446415,0.31074235,0.22577608,0.7747677,0.84993476,0.7579557,0.77393836,-0.01114685197357134,0.07785039,0.1392662525177002,0.08162744343280792,0.21544862,0.79481167,0.8473837,0.76161945,0.7668539,-0.009337733680080519,0.06858591,0.091715634,0.90825224,0.9315624,0.89642096,0.8978622,-0.00432674262834631,0.031015133,0.5621908903121948
base-noprop__51be5b142d9021a3c446702d354fabdf42630fa9__蘑菇力__v0__a429805f__c0.mp4,0.5912628,0.32269067,0.39625797,0.17922857,0.20394447,-0.018596979071618083,0.17438444,0.30769378,0.71690834,0.7454701,0.61371243,0.6365768,-0.009325015568450503,0.09176006,0.2782249450683594,0.16660457849502563,0.1115607,0.79272056,0.8362775,0.79272056,0.81354105,-0.0030604842387640225,0.024650028,0.07307452,0.8887012,0.9120747,0.8887012,0.8926154,-0.0024531206830217134,0.019537728,0.4923251271247864
exact-r1__c14746cc7fb4e3b79deb72aaeea20c288e6ac46f__爆炸菇（爆炸前）__v1205__coffee__60eb71a2__c0.mp4,0.82161844,0.16609693,0.35805777,0.06830695,0.09185194,-0.03423192134134384,0.26163056,0.4313115,0.7347206,0.7516183,0.5186982,0.560365,-0.014126703555404912,0.12515964,0.3080875277519226,0.1470421403646469,0.28857994,0.773878,0.7832947,0.6409443,0.66626936,-0.008943859590843269,0.08048906,0.14155942,0.89112675,0.8986606,0.82678574,0.84250027,-0.0048171466164909525,0.04141645,0.3763192296028137
base-props__cb05660c4b262902ff02becd82b2bbb621c9edbf__吐司菇__v791__eyemask__d3393fa2__c0.mp4,0.16517395,0.86432683,0.8829462,0.81998456,0.84695953,-0.004725653545658591,0.04416675,0.052856445,0.93908566,0.95024467,0.9370083,0.93918407,-0.0018713399473386406,0.015057268,0.027662277221679688,0.018726712092757225,0.0959394,0.89509934,0.9172241,0.88921916,0.89001334,-0.0038058078689537783,0.029094288,0.02981323,0.96111304,0.9689713,0.9606097,0.96102345,-0.0011731930989993017,0.008917328,0.5744719505310059
base-noprop__45ec56f5f20bca20bb45a07b0652cb24f9a8a27f__蘑菇力__v0__f2e75d8c__c0.mp4,0.47377956,0.9620435,0.87677336,0.5153203,0.5886614,0.011216419840989837,0.14898118,0.084685564,0.9730065,0.9564703,0.90165967,0.90861243,0.0017060980848644103,0.02512846,0.04145550727844238,0.01659710332751274,0.21569026,0.96229863,0.9206865,0.7734097,0.7953046,0.00505368741369057,0.06817198,0.049904764,0.9802928,0.9730674,0.94171,0.9493744,0.0007828343291527525,0.0136763565,0.5450755953788757
exact-r1__38b58dfa04037a8d4c73a738d8fd4058766e8609__粽子菇__v370__flag__4e1cd0d3__c0.mp4,0.8190428,0.1691962,0.45861608,0.16827923,0.17184731,-0.032955819910222846,0.23314789,0.43792558,0.56486416,0.7476883,0.5528664,0.56474376,-0.019012368891550165,0.13182333,0.2623257040977478,0.12635257840156555,0.33540493,0.6689856,0.7666571,0.6522583,0.6611091,-0.012850217904026805,0.09245984,0.18907815,0.8122512,0.87404084,0.80505466,0.81253976,-0.00758108679249354,0.053910855,0.3257420063018799
exact-r2__24fd5a5b571589bad02d82bc90600f51cc7bcb81__汉堡菇__v233__eyemask__dfe13e5a__c0.mp4,0.4865008,0.5506946,0.6835137,0.50392544,0.5187705,-0.023128718726719778,0.16956706,0.13460928,0.8831465,0.9149738,0.8603381,0.864644,-0.006124300919031439,0.045046367,0.04788249731063843,0.02574257180094719,0.34175307,0.6725557,0.77701294,0.64867306,0.66231465,-0.016198674150606388,0.117322184,0.08830404,0.9216724,0.9407164,0.90666556,0.90960336,-0.003795221506842502,0.028485179,0.2688736617565155
exact-r1__986d912c264847e31c8f18a969d28d6c5bfafc3a__毒蘑菇__v943__bubble__ecab9665__c0.mp4,0.60706663,0.4864856,0.66029215,0.3776201,0.4208397,-0.030512296723518465,0.21343704,0.2139225,0.78673714,0.883428,0.7747257,0.7876114,-0.010616827093565425,0.07136434,0.10282951593399048,0.04628472775220871,0.30169415,0.7662042,0.8330987,0.6829925,0.7307976,-0.012712497485013803,0.08837297,0.12896627,0.88956666,0.9297127,0.863906,0.8762655,-0.006167516583510565,0.041983362,0.22868280112743378
exact-r2__929b65b28d7fc5f68d6f799d9d758150e4b1155d__爆炸菇（爆炸前）__v914__flag__3302281d__c0.mp4,0.4832129,0.5070854,0.71674913,0.5025115,0.50741595,-0.026265547857454184,0.1789266,0.17522758,0.8123621,0.8828593,0.8121513,0.8131093,-0.009395399524760364,0.064623,0.052345991134643555,0.031075913459062576,0.29276985,0.699901,0.8226903,0.6929545,0.69939744,-0.014957208230561438,0.10107054,0.12897617,0.86470807,0.9139352,0.86335415,0.864233,-0.006980245586911687,0.048327617,0.3434479832649231
base-noprop__556de27b0d0679c58d037153bf13f376557bb4da__汉堡菇__v0__b936b058__c0.mp4,0.07829803,0.8859458,0.922958,0.8847644,0.88986164,-0.003997949625663604,0.02829795,0.03919846,0.9506629,0.962576,0.9471118,0.9486543,-0.0016834071502384157,0.011762822,0.017018020153045654,0.010203630663454533,0.06528056,0.90649045,0.9325611,0.90087366,0.90351707,-0.003408671426678827,0.02391707,0.023732185,0.9637424,0.97277963,0.9637424,0.9638409,-0.0011681546217839128,0.008223233,0.5670667886734009
exact-r1__92d7bb39237f675b3076e7ae79f0ec800ee34bfd__爆炸菇（爆炸前）__v915__flag__4d32b5b8__c0.mp4,0.8511995,0.14759465,0.28467503,0.11260044,0.14622016,-0.019218439442425853,0.22554909,0.41228378,0.6432817,0.7091426,0.5675956,0.6181182,-0.007834273129112645,0.09850436,0.28524893522262573,0.17339499294757843,0.23050874,0.7708036,0.79215765,0.7332912,0.7439836,-0.005059912800788898,0.05263762,0.13025326,0.8662737,0.8825376,0.85284454,0.8572855,-0.003285269963411462,0.031402748,0.4080606698989868
exact-r1__923dbea1c7a98f5a1ad632836be7e11ba23c900a__粽子菇__v906__crown__27970c94__c0.mp4,0.78409564,0.30172592,0.55922467,0.21012202,0.22358966,-0.0419044275823318,0.2935958,0.27106363,0.78172296,0.8639853,0.72587425,0.7616888,-0.012672451291630865,0.09002486,0.11414790153503418,0.057779353111982346,0.5033163,0.66180575,0.78127646,0.49090132,0.6204554,-0.018338656384247587,0.1446229,0.18443048,0.88515127,0.92176473,0.8125074,0.87227654,-0.006761116943811714,0.051877297,0.3751704692840576
generic__546296f7917ec182336f629d3d0c02436cb741ca__汉堡菇__v315__scooter__5d2f2681__c0.mp4,0.2127958,0.9361081,0.88871616,0.7566445,0.7721714,-8.760557579899675e-05,0.06731564,0.057000995,0.9589632,0.95189816,0.92457193,0.9288202,-0.00040800404171699716,0.014185275,0.03798246383666992,0.021083956584334373,0.081336915,0.94944125,0.9349035,0.88810337,0.8956213,-0.0001785319902208918,0.023638183,0.024629235,0.9751722,0.97298205,0.9625544,0.96404505,-0.0002392701245108285,0.005856832,0.5946415662765503
base-props__da845ee71f9cb9c51804ea9e81d440cd088d2805__汉堡菇__v845__bubble__4b8aea7d__c0.mp4,0.15230525,0.89861536,0.896726,0.82479334,0.83823043,-0.00042907546160250433,0.044368826,0.06424868,0.95577174,0.9476909,0.9184098,0.91961336,-0.00012424022783875588,0.021675048,0.02276521921157837,0.01307891495525837,0.101635456,0.9137434,0.92215985,0.87734175,0.88263667,-0.0008263320555329041,0.026622629,0.054578125,0.96542597,0.96076983,0.9351279,0.9378007,-0.00010460515031701255,0.017258873,0.2211914360523224
exact-r2__3550d4d593884e660092f1bb1c9c8c880eb3e04f__吐司菇__v353__glasses__368117e2__c0.mp4,0.90266085,0.115294844,0.26311272,0.07170962,0.08082647,-0.03246119668479024,0.28563538,0.75633305,0.23853585,0.42072064,0.22926758,0.23593901,-0.03296692791604715,0.26607296,0.44512033462524414,0.2775191366672516,0.6427798,0.37247628,0.54887587,0.3315905,0.36013868,-0.030097949616758244,0.21929444,0.47196138,0.5139431,0.6982397,0.5139431,0.52185076,-0.023506159721155866,0.16064802,0.1665172129869461
exact-r1__d23c24b9a061ce56500b538bf57e52a7a8356d7d__炸虾菇__v1306__crown__14945331__c0.mp4,0.8545466,0.13087988,0.4560337,0.13087988,0.14203747,-0.04202184564040114,0.2951833,0.34643483,0.6400745,0.807763,0.6400745,0.64337164,-0.016837269597845126,0.11357165,0.13596445322036743,0.06568293273448944,0.5202421,0.47324443,0.6708348,0.46518442,0.4732707,-0.025146640218764896,0.17789187,0.21485138,0.77603894,0.87344587,0.77603894,0.7773689,-0.010587306420793644,0.07231322,0.24969449639320374
exact-r1__7c8a526968954350424479b1f22cb0375632bc6e__炸虾菇__v775__glasses__253cc752__c0.mp4,0.2530716,0.7229458,0.80314356,0.70836484,0.7271483,-0.009646681163150823,0.073523976,0.079683125,0.90285766,0.9230987,0.9016174,0.9026711,-0.0028873967087787154,0.022434423,0.04200100898742676,0.027519140392541885,0.12765068,0.8446127,0.877118,0.83837795,0.8406977,-0.004733876925212122,0.035145283,0.050358653,0.93928105,0.9506179,0.9367107,0.9380273,-0.0017732835334280373,0.013246892,0.5498276352882385
base-noprop__cd19e3a058e1dc2909d79dd0b89fd5e5cf73511a__爆炸菇（爆炸前）__v0__b7bfe665__c0.mp4,0.77457184,0.93927175,0.56584036,0.20372331,0.2070449,0.0011777392341920966,0.3124749,0.24283844,0.9662541,0.8617053,0.74223304,0.7452905,6.247986211135718e-05,0.09117891,0.15861642360687256,0.0803319439291954,0.20631677,0.94454944,0.86820376,0.77243775,0.78265774,-0.0003738499323841155,0.061816294,0.09020072,0.97416097,0.9420372,0.8977946,0.9014056,-0.0003509142771068681,0.029114783,0.5162166953086853
base-noprop__b281dc2a1f8e99821ca80a015d7a15c12c8925f9__爆炸菇（爆炸前）__v0__ef6e2ca1__c0.mp4,0.7059853,0.855976,0.5296802,0.2517173,0.26182684,-0.011771259129989777,0.26503876,0.28118545,0.9135455,0.8102353,0.6963536,0.70268023,-0.005323254308210543,0.1017806,0.18069708347320557,0.10337578505277634,0.20882088,0.8971025,0.83614856,0.74888176,0.7616608,-0.0044645541623647015,0.06525812,0.10782117,0.94408643,0.91361094,0.8742498,0.87807196,-0.0023905128947359793,0.03485101,0.38134926557540894
exact-r1__49b4745c3f3ae2c858204bfef37fd2132cb50200__毒蘑菇__v469__eyemask__ae7a9e1d__c0.mp4,0.54492545,0.44082853,0.6991311,0.44082853,0.48419034,-0.024673665494551307,0.1730946,0.12996429,0.86251366,0.9111889,0.86251366,0.8656549,-0.005886989560994258,0.04119136,0.04502081871032715,0.025367487221956253,0.22771084,0.7740936,0.8349434,0.7580431,0.7648611,-0.00877604088764417,0.067419305,0.08529335,0.9075345,0.9365562,0.9075345,0.90919584,-0.003600004810118404,0.025410276,0.23479530215263367
base-props__a4ef5a0703d7e77492a6724ff679670b2cb37512__粽子菇__v671__glasses__abfa9230__c0.mp4,0.27075952,0.8013427,0.8218577,0.7255928,0.7341549,-0.009199140924710069,0.09395417,0.08165324,0.9262393,0.9375987,0.9163557,0.91798455,-0.0034917349754115005,0.031223949,0.04674035310745239,0.034028246998786926,0.10447377,0.91392344,0.9254278,0.89187855,0.89522386,-0.003327118490524422,0.035293475,0.037878096,0.9645447,0.9716269,0.9601447,0.96365875,-0.0014527447138850513,0.01288501,0.5523216724395752
exact-r1__32dd046cc33c87913a63ceb3d332e99d5929fcfb__爆炸菇（爆炸后）__v338__coffee__b1adb7ff__c0.mp4,0.73935974,0.19081426,0.28060424,0.15335298,0.16707294,-0.021533945347127246,0.22055402,0.50474936,0.53102875,0.5754955,0.43714315,0.46802545,-0.01411619891408877,0.14677262,0.35772019624710083,0.2634875178337097,0.26051557,0.7252605,0.7345727,0.6542131,0.6640634,-0.006530912791787405,0.066355325,0.16960204,0.83050025,0.83898306,0.7887552,0.7943348,-0.00456855772983414,0.045186676,0.4334437847137451
generic__9b466919eda610e8c73a0bd5a77aa817123053da__粽子菇__v629__scooter__ee29ce26__c0.mp4,0.33580393,0.69963586,0.75319976,0.62604696,0.64458436,-0.011229781352955373,0.10993436,0.10079962,0.9097405,0.9162093,0.88185805,0.88918,-0.0031283056665314954,0.0306273,0.05284339189529419,0.033820200711488724,0.13924909,0.8562896,0.86488,0.8226019,0.82708037,-0.004126676693264217,0.040164646,0.050394773,0.94640046,0.9500294,0.93470144,0.9356265,-0.0016205681878116393,0.01517627,0.5699049234390259
exact-r2__f098f956c8048e901cfef55e3a9c2c1ae2f2ea2b__爆炸菇（爆炸前）__v1512__scooter__23c2e1b2__c0.mp4,0.3786866,0.40918174,0.47998196,0.3373682,0.40276316,-0.004160047755411015,0.08287524,0.10172653,0.8221986,0.84240866,0.7941741,0.82226497,-0.0009492568583356514,0.021174658,0.11158937215805054,0.08716607093811035,0.0682022,0.86300707,0.8499649,0.80244565,0.83469194,-0.0002312865770852641,0.0150496615,0.037956655,0.92685765,0.9295748,0.90576345,0.9244071,-0.0002870322333965419,0.006760888,0.5377004146575928
exact-r2__5dd0b25b8d1b4b0a6283fcc5a61e4dd4413e42f8__吐司菇__v588__scooter__ae43ea86__c0.mp4,0.8854336,0.066461235,0.17744665,0.05733531,0.062496137,-0.020604389020252842,0.2076677,0.60256934,0.36797848,0.5520884,0.3675149,0.38153023,-0.02105905018422916,0.15829672,0.4565861225128174,0.3171067237854004,0.2382549,0.72681487,0.77287734,0.705228,0.71239495,-0.0064671520776899555,0.056236442,0.15263039,0.8242463,0.8691951,0.82410103,0.8271634,-0.005400566067620234,0.03880463,0.4235333800315857
exact-r2__48c861a729f66f679642de5c029313df7a318d4d__粽子菇__v464__scooter__b6246b54__c0.mp4,0.8999754,0.101430304,0.36548233,0.07959048,0.0916582,-0.04615871419784109,0.3444206,0.7516414,0.2886495,0.57216144,0.23426238,0.26904896,-0.042195442224679726,0.30292863,0.48305925726890564,0.2577587962150574,0.42248142,0.58509946,0.7282253,0.55726445,0.5734406,-0.021679361759438343,0.1511562,0.2864468,0.7134492,0.8299203,0.70359194,0.70890504,-0.01620569966527313,0.11246973,0.33099496364593506
base-noprop__f1dad7bb3456b35de8ced7c8026630284b2a0358__炸虾菇__v0__68253e8b__c0.mp4,0.26558816,0.9749829,0.8840645,0.72618175,0.748134,-0.00038173553265130156,0.08686175,0.0758419,0.9804366,0.958025,0.9187724,0.9307348,-0.0002837560982572398,0.021818347,0.03087228536605835,0.013878759928047657,0.15760005,0.97535765,0.9171052,0.83416986,0.8438876,-0.0004548980548919049,0.05336038,0.04523611,0.9862455,0.9719037,0.9496447,0.95630205,-0.00015018014568586615,0.013077878,0.34821411967277527
exact-r2__55c78bf255f3a7b815fa63ec2b487f670c474c05__汉堡菇__v544__scooter__f9fb3109__c0.mp4,0.85667187,0.13758957,0.5252772,0.13683443,0.1397714,-0.05234996325119213,0.37299508,0.3516698,0.645033,0.81743795,0.645033,0.64801115,-0.020839085220819408,0.1467015,0.21313869953155518,0.10604894906282425,0.2759018,0.7176045,0.8336997,0.7176045,0.7187362,-0.015210048659988071,0.106139265,0.14079452,0.8559083,0.92348695,0.8559083,0.8601549,-0.007911837913773272,0.055010643,0.3896367847919464
base-noprop__3bebabbc637c0e47cdac3a89bb497c6c48ee197b__吐司菇__v0__50a6d591__c0.mp4,0.0891031,0.95463395,0.9306118,0.8918922,0.9038545,-0.0005145488755976034,0.024895817,0.03634566,0.97917414,0.97168076,0.9554864,0.9592783,-0.00012221402330362736,0.009772189,0.013908684253692627,0.0047626676969230175,0.07327181,0.96034896,0.93707514,0.9077234,0.913898,-0.0003790563274278168,0.021808773,0.022893608,0.98189837,0.9764436,0.9693951,0.9703731,-0.00024286507382224637,0.0067757424,0.5412451028823853
exact-r2__ba251ea3d223905682930bef46247c2d3538af06__粽子菇__v1161__eyemask__c6bc1f91__c0.mp4,0.48823684,0.22770491,0.29987666,0.21720113,0.22329602,-0.012504010568023203,0.105514646,0.31846833,0.61620355,0.70023954,0.6106341,0.6123769,-0.013169704159729083,0.093401276,0.19525277614593506,0.15205718576908112,0.2849723,0.6531056,0.70388895,0.638466,0.6410358,-0.009073137824714408,0.071603104,0.17283285,0.8095777,0.85229665,0.79811084,0.8051325,-0.0069351579714198135,0.049392954,0.27170875668525696
exact-r2__25242e2c4e978686c1ab0fd42607be6ef25ff215__汉堡菇__v235__eyemask__02246e97__c0.mp4,0.93987256,0.061074108,0.17243664,0.052366637,0.057679504,-0.023143797233082342,0.23214878,0.69678247,0.29777688,0.44658065,0.29692602,0.29968253,-0.02454793379594216,0.1925105,0.36317169666290283,0.2918331027030945,0.62878823,0.36464876,0.53660095,0.36345088,0.37062228,-0.024238001216541644,0.1745143,0.35560048,0.6456442,0.73841363,0.6388274,0.64545745,-0.013876404333491575,0.10036893,0.209015890955925
base-props__11126af44460c58b95d533978e0cf55f002fe629__吐司菇__v66__bubble__f564ca5a__c0.mp4,0.77803373,0.114994705,0.2542529,0.114994705,0.116339356,-0.027675056366227826,0.25193352,0.38176578,0.560987,0.6763827,0.560987,0.5885469,-0.013599784065612238,0.114137806,0.2223600149154663,0.1676730215549469,0.31688392,0.6150869,0.71697766,0.6073512,0.6247142,-0.010642157418454591,0.08394174,0.17863941,0.783347,0.8440558,0.783347,0.7953286,-0.006134729552645929,0.048755344,0.37494295835494995
exact-r1__08bc0b380cf865761826977b4c950791f2b66856__爆炸菇（爆炸前）__v52__crown__f7b25bfe__c0.mp4,0.8486229,0.18912143,0.27049407,0.10705327,0.13218014,-0.01784768674831853,0.1983651,0.4699247,0.6956596,0.71563214,0.51231396,0.5822835,-0.009531712284672391,0.10667965,0.20019954442977905,0.11542206257581711,0.51455104,0.50792897,0.6075562,0.44324914,0.45838743,-0.019089181285366248,0.1482468,0.30764115,0.8056839,0.8310542,0.6754124,0.7547597,-0.007034622751205798,0.06810095,0.2709600329399109
generic__abd3eebc0d8afd79024fb49f40a8b92321223c19__汉堡菇__v686__eyemask__ac9a2e26__c0.mp4,0.5066437,0.8916471,0.83139145,0.47943455,0.7169811,-0.009078234139638462,0.13227081,0.12101501,0.93840003,0.9362342,0.8682336,0.8944066,-0.0032782631193696192,0.033181343,0.0652017593383789,0.024908455088734627,0.22250986,0.8982811,0.89350325,0.7635685,0.8207502,-0.005523952276339174,0.057765964,0.056955993,0.95677286,0.9611427,0.9328248,0.9415396,-0.001707003050642041,0.01532704,0.3961169421672821
base-noprop__0ede95135255948bd4b4397d3ea7c6890ffbbb52__毒蘑菇__v0__a0cb27d9__c0.mp4,0.79899573,0.8545774,0.36598673,0.12950438,0.14029108,-0.01223063262790561,0.2810028,0.5226697,0.9220283,0.6546769,0.43797243,0.45495996,-0.006677599204151997,0.18976416,0.3388481140136719,0.19974729418754578,0.33214808,0.91067946,0.74294424,0.610806,0.6187251,-0.00395413974057073,0.11496286,0.19808966,0.9515228,0.8544243,0.7764348,0.7787817,-0.0024738395991532737,0.07123793,0.3747532367706299
exact-r1__4684d4e3cc283d2f82a830567f416163b041076b__爆炸菇（爆炸后）__v446__glasses__bf74e4b6__c0.mp4,0.60487103,0.091273054,0.3642876,0.08778988,0.08863564,-0.03482728790153158,0.28557673,0.2243638,0.6955086,0.799948,0.689283,0.6921018,-0.013035632993863983,0.09950757,0.21385353803634644,0.13494306802749634,0.24229383,0.70105875,0.8021565,0.6507516,0.66378045,-0.013691916531724913,0.10422948,0.0689975,0.9038284,0.9348911,0.89415765,0.89879256,-0.0039860655078775035,0.030103365,0.46078526973724365
exact-r1__b8e0b9755a51b36875a1ff8ee869e25c5e0b23ff__蘑菇力__v1153__crown__9e2adf71__c0.mp4,0.6986907,0.45852584,0.6247505,0.28839993,0.38580182,-0.028860286820547386,0.22682455,0.18707228,0.85698295,0.8910214,0.7960911,0.8330032,-0.006501992818395131,0.053468477,0.08073568344116211,0.040923990309238434,0.48216295,0.75659317,0.8130979,0.50492775,0.6960044,-0.011074707736610902,0.11010631,0.12312794,0.90919065,0.9319453,0.869143,0.8950568,-0.004136847354206639,0.03369679,0.30863383412361145
exact-r1__26d75a46f6b5232a06d19848323a502357164e90__蘑菇力__v257__flag__c56eb3e3__c0.mp4,0.7693237,0.20296901,0.5366703,0.17402747,0.19990268,-0.031054741603583676,0.22487271,0.3298797,0.64006317,0.8067095,0.6357283,0.6471524,-0.014430208404073585,0.10096252,0.19916170835494995,0.08753625303506851,0.25113767,0.69642395,0.8044892,0.69642395,0.738086,-0.00800362523836582,0.05862674,0.1596204,0.8187218,0.8942458,0.8187218,0.83945453,-0.006227826765874638,0.04278781,0.4555942714214325
exact-r1__9246f4c2cfaf94dbb9aaf761e9ed5784d548c111__粽子菇__v908__crown__619a8663__c0.mp4,0.9164614,0.058055535,0.34348845,0.05160992,0.054596964,-0.046135761094069756,0.3413774,0.5594602,0.4300133,0.65253454,0.42412388,0.42675927,-0.031733171359116866,0.2280716,0.19813188910484314,0.1149805337190628,0.71076673,0.26818812,0.52364385,0.2573046,0.26869226,-0.03619971238223933,0.25690854,0.36991245,0.62365365,0.7675151,0.61513186,0.61698765,-0.020403154341599693,0.14660673,0.16046999394893646
exact-r1__d002e5583f41453bb83d542e6e3c5c3cb84670c8__蘑菇力__v1292__bubble__eaf7d752__c0.mp4,0.506508,0.1691986,0.26348382,0.16901633,0.17120129,-0.012507951439251546,0.10645105,0.30717027,0.57557595,0.7097075,0.57557595,0.587658,-0.012484831124426343,0.088661335,0.2164522409439087,0.1350923627614975,0.3402869,0.5585403,0.67803824,0.5585403,0.5930575,-0.009458265933594686,0.074283704,0.16135722,0.78903353,0.8447998,0.78903353,0.79651976,-0.005259788731341306,0.03752652,0.3151436448097229
generic__73ec88107c787002c08c3232085b5837e0a0a553__炸虾菇__v449__bubble__8ebbfab5__c0.mp4,0.4084056,0.69585216,0.7955621,0.5687397,0.5963579,-0.012515762283396827,0.1301677,0.112398684,0.9079503,0.92750555,0.87679344,0.88348174,-0.002987914700281951,0.033667587,0.07479506731033325,0.03433462232351303,0.094943404,0.8948376,0.9105505,0.8822019,0.8854745,-0.0018557327773731334,0.025975347,0.04075265,0.9534483,0.96184045,0.94935,0.9516801,-0.0009018522595228211,0.010985795,0.613264799118042
exact-r2__95661968e66f7e80c1cfe770235df4b395dab410__毒蘑菇__v930__bubble__db7364e2__c0.mp4,0.3215748,0.79284424,0.7746344,0.6593906,0.68026185,-0.00868261808698829,0.08414909,0.122273505,0.906183,0.8953707,0.8613777,0.87090814,-0.0030194324231430387,0.030274432,0.019958853721618652,0.015810256823897362,0.22241533,0.8388824,0.82366073,0.7585501,0.77861226,-0.005965705799019862,0.056932583,0.11348176,0.9234432,0.91118085,0.8774109,0.88850015,-0.002824703224091664,0.028333329,0.12770435214042664
exact-r2__fa8822b451db86406868163ad6abd81635c99e4c__爆炸菇（爆炸前）__v1579__bubble__a2820fb2__c0.mp4,0.19633585,0.76857936,0.8257944,0.7460466,0.76355445,-0.007035611705346553,0.053266525,0.0765748,0.91707295,0.92140585,0.9009794,0.90316325,-0.0019827699472781727,0.022021394,0.03513491153717041,0.02033841423690319,0.110743225,0.87751544,0.88339823,0.83539546,0.8621231,-0.0017661613673560755,0.024946101,0.062892914,0.94790363,0.94174427,0.917472,0.9219574,-0.000694333505724745,0.017790794,0.1968279778957367
exact-r1__34e339919ebe42baea42c17116629a6037829046__吐司菇__v351__glasses__5c5de906__c0.mp4,0.81626767,0.29031584,0.28990224,0.122614086,0.14357372,-0.0034773814613404575,0.15340707,0.3748653,0.6626424,0.68083376,0.5970866,0.62610084,-0.003992305678341209,0.073749155,0.24626833200454712,0.1503496766090393,0.31908447,0.63353395,0.68704903,0.6208409,0.6272459,-0.009724028496874162,0.0806738,0.17850977,0.8004533,0.8311834,0.7982321,0.79996175,-0.005339034873506294,0.04443759,0.4134753942489624
generic__2a80b5bbf9bfc43cc9607c64804c1876ee75a6f2__吐司菇__v145__flag__d497fcd1__c0.mp4,0.65665066,0.34852326,0.44929355,0.33633783,0.34159553,-0.019916799493693554,0.19695899,0.15188664,0.8451245,0.865036,0.8379554,0.8438503,-0.004327096604547002,0.043787587,0.08296793699264526,0.06727133691310883,0.24156255,0.7850061,0.80230904,0.751426,0.7635871,-0.005969358468244195,0.06459318,0.07353687,0.9215317,0.9323073,0.91980374,0.9204983,-0.002235779354694818,0.020931026,0.4306025803089142
base-noprop__50ad428af3b86412de8a648a8194cebfd6685400__炸虾菇__v0__628e1d4b__c0.mp4,0.30308986,0.96887755,0.88219976,0.6883886,0.7078318,0.00045674650565438675,0.100006975,0.098645985,0.98297614,0.955179,0.8936032,0.9009118,0.00012887537243807862,0.03190358,0.04443317651748657,0.012795282527804375,0.15970999,0.96887755,0.91687155,0.8317686,0.8456443,0.0009249956475887364,0.05154981,0.058405936,0.9837191,0.9679743,0.9346942,0.9390114,3.402400393729493e-05,0.018150644,0.5208520889282227
exact-r2__1d10d72beff724875190e76c7f3249168d25a97a__毒蘑菇__v177__coffee__2132b6bd__c0.mp4,0.69105923,0.46529618,0.3571721,0.105146594,0.10846506,-0.023875386340050358,0.22596921,0.46839893,0.7680862,0.70384467,0.44855428,0.54475814,-0.014807658822168944,0.14181691,0.38057398796081543,0.18779928982257843,0.21864831,0.7831292,0.8043033,0.6926678,0.7441599,-0.0076819923908814074,0.062380165,0.12881267,0.88570637,0.89164394,0.82912827,0.8430427,-0.005053700606813553,0.041495174,0.4589269161224365
base-noprop__3e0263de42d2cb0db2374a5b45278fcc7a471c0b__蘑菇力__v0__de7b3c77__c0.mp4,0.675416,0.30168515,0.43474814,0.2529714,0.26555967,-0.026322149388168195,0.20556939,0.35901093,0.62679005,0.71420693,0.6026037,0.60918415,-0.015020177828464588,0.112454295,0.26006925106048584,0.1739002913236618,0.2609002,0.6754594,0.75595915,0.67477846,0.6818082,-0.010425409662864902,0.07998642,0.10884583,0.86761725,0.88810724,0.8626729,0.8658517,-0.003801780196989001,0.032106917,0.41743889451026917
exact-r1__4750d9b5e622a065f63c02791c5880240fb4ec9a__粽子菇__v455__scooter__8a130adf__c0.mp4,0.8785751,0.43242323,0.35771647,0.110783055,0.11882052,-0.024718622099092834,0.2844923,0.36573154,0.8225614,0.75898516,0.62511516,0.6291551,-0.008518946677328573,0.12101281,0.2177354097366333,0.1334284096956253,0.42791086,0.81808394,0.74196154,0.56168675,0.58037084,-0.007787836929083825,0.1292598,0.17256099,0.9157028,0.8924137,0.8221533,0.8264005,-0.0035757506671159297,0.05253472,0.2756527066230774
exact-r1__c29266a464fea2ac37a8605daf8044b752a1f624__爆炸菇（爆炸前）__v1215__coffee__6da6266c__c0.mp4,0.86490524,0.12295288,0.5047658,0.113501884,0.11728498,-0.05418050267803578,0.40509683,0.3847419,0.60479414,0.78390545,0.60461724,0.6048683,-0.023581948028251597,0.17531012,0.20339828729629517,0.10544198751449585,0.40295357,0.60591954,0.7627905,0.57677,0.58098537,-0.023713624112219688,0.17581122,0.19076264,0.80631614,0.88934743,0.7989657,0.80123335,-0.01115761114203412,0.08296637,0.22494453191757202
exact-r1__95270fa777a6a5cb99054cf707304be40d56acb6__毒蘑菇__v928__bubble__f5d68233__c0.mp4,0.40764904,0.6032201,0.8312263,0.583639,0.61941576,-0.015307954177554905,0.121422745,0.11410141,0.8815614,0.940982,0.8815614,0.88421035,-0.00414723523049487,0.033286918,0.03243380784988403,0.016076063737273216,0.22116268,0.7777275,0.8847342,0.77012545,0.78680706,-0.008121364790460344,0.062195998,0.085555375,0.9139952,0.95705795,0.91010743,0.9155842,-0.0032254489867583704,0.024361627,0.22004613280296326
exact-r2__0482215a70d10901557fd35bdf33f91d111c8bcb__粽子菇__v30__coffee__d4ee31e5__c0.mp4,0.7893988,0.45629734,0.5391148,0.15150607,0.23048112,-0.027895540882476248,0.23891386,0.24108899,0.8183252,0.84578025,0.72894734,0.75135386,-0.008720962897590978,0.07294672,0.1681690812110901,0.07690026611089706,0.19826066,0.8403425,0.83632773,0.74655724,0.777389,-0.004996543639733381,0.051552687,0.10243124,0.9207984,0.9226807,0.8787132,0.88386005,-0.0033863918936770953,0.030765394,0.13793671131134033
exact-r1__79338d48a690fd016313c198f04a3dc484b6e14f__毒蘑菇__v755__flag__ebd0d94e__c0.mp4,0.47153556,0.55432165,0.678693,0.5141111,0.5365105,-0.02086134095908154,0.1562553,0.17986536,0.8097441,0.8631115,0.8097441,0.81044066,-0.008845141047074399,0.066277295,0.06074833869934082,0.040097638964653015,0.23925203,0.7548045,0.8128708,0.7463946,0.7552292,-0.009496660984080767,0.07660835,0.12685686,0.86492586,0.9032091,0.86492586,0.86656964,-0.006140751977683056,0.04636676,0.378747820854187
exact-r2__ef3bed0365ebd4b143e559e9f65fdd3902b7cb46__爆炸菇（爆炸前）__v1501__scooter__163de21a__c0.mp4,0.8611736,0.09699273,0.3527944,0.0963863,0.096992806,-0.044572883333436605,0.33918613,0.40719795,0.57218033,0.7432155,0.57218033,0.5735545,-0.023057699497980554,0.15943807,0.21129882335662842,0.13429515063762665,0.3902263,0.57125306,0.7488554,0.57125306,0.58276796,-0.022288110593090906,0.15519932,0.20937216,0.7791941,0.87751067,0.7791941,0.7814839,-0.012173281533444819,0.0848588,0.2796563506126404
base-noprop__2c164d8e794e57d3dbeecb7a01572c433d3d03f3__吐司菇__v0__8db8e628__c0.mp4,0.80111444,0.7889645,0.51224023,0.18612197,0.22649796,-0.003238220666001442,0.27592623,0.21621728,0.9174007,0.8568455,0.77430034,0.78240216,-0.0017871415544404373,0.06905954,0.12380510568618774,0.07827231287956238,0.21786642,0.9189832,0.85488766,0.7693699,0.7819767,-0.0012654630916392087,0.06552694,0.09316218,0.9625829,0.9351178,0.89810544,0.9013663,-0.0007874169957496421,0.029099895,0.5238668322563171
exact-r2__1e6455b0ff78fa4766a1d5f30413ea1d0429eb99__毒蘑菇__v187__coffee__cf9a2967__c0.mp4,0.72332764,0.5940672,0.67244416,0.26776037,0.31174064,-0.03259774247412625,0.2831991,0.19270307,0.8740436,0.90793645,0.8024546,0.81182235,-0.008580430281963262,0.07401603,0.07911944389343262,0.03860307112336159,0.29757345,0.8312166,0.86189526,0.69351447,0.7084106,-0.011725890542207523,0.107893445,0.11415565,0.9382908,0.9465395,0.88100195,0.88617253,-0.0042544331239617265,0.04108663,0.3169260025024414
exact-r1__f38c85c9dbbd6fe91ebb9c9d9e17e6640548549d__毒蘑菇__v1530__glasses__4c0f5650__c0.mp4,0.50142086,0.5197898,0.6089619,0.47240815,0.4908225,-0.01744090989526554,0.14752126,0.10986811,0.8805591,0.89811224,0.8760943,0.8778167,-0.003456795050692647,0.029809419,0.056510090827941895,0.03910214826464653,0.2965392,0.70327556,0.77357584,0.67728984,0.69659066,-0.01194086011219401,0.09173534,0.06996995,0.92346424,0.9372144,0.9184546,0.92092353,-0.0025820285670842135,0.02030414,0.3403902053833008
base-noprop__701e58d8fd0b9629cc0d3b9aec0136dcfd79a9f4__爆炸菇（爆炸后）__v0__1eef5aea__c0.mp4,0.15120345,0.8760437,0.80753833,0.71372616,0.75113195,0.0018579747248072696,0.050077297,0.05614692,0.9475632,0.91940093,0.89158404,0.8987734,0.0006262848499735509,0.018752545,0.0385279655456543,0.023959895595908165,0.10086393,0.89432615,0.8706087,0.8107017,0.8504919,0.00011318721790088006,0.02323997,0.03913355,0.95669705,0.9433608,0.9260633,0.93102634,3.078102829898943e-05,0.011247398,0.47667235136032104
base-noprop__51be5b142d9021a3c446702d354fabdf42630fa9__毒蘑菇__v0__2e625b4c__c0.mp4,0.58430266,0.39569396,0.56315905,0.33211994,0.34093502,-0.030247000425229445,0.22304423,0.20165211,0.80096143,0.8508316,0.76327115,0.7730125,-0.009577176139759927,0.07276351,0.15342342853546143,0.08562012016773224,0.11335373,0.8377233,0.85588074,0.81740844,0.8266061,-0.004465454651904218,0.035768006,0.056518316,0.92204225,0.936452,0.9166946,0.9173009,-0.0026660791263278887,0.019945603,0.5041772127151489
exact-r1__16d87b7c10ee927fd1e1d2e315f77f610316d154__爆炸菇（爆炸前）__v146__glasses__98277935__c0.mp4,0.92130977,0.4085747,0.44326147,0.06746344,0.09595396,-0.016156537502473978,0.2550412,0.31969965,0.84290236,0.84358895,0.67351866,0.7251147,-0.0033567624365388408,0.0797611,0.21869581937789917,0.09696513414382935,0.24797738,0.8152363,0.83442914,0.74079573,0.76311225,-0.00468723499492224,0.06040387,0.107593834,0.9399009,0.9405541,0.88562447,0.90313214,-0.0010465709234885945,0.024273138,0.4733882248401642
exact-r1__b78000494643dd416d6056e23accb37bf8708a96__蘑菇力__v1143__crown__6e95a9d4__c0.mp4,0.9098109,0.0869371,0.29713088,0.081467256,0.08580519,-0.03815591431741894,0.3238565,0.48413968,0.5136989,0.6782013,0.5095771,0.51245326,-0.02386046410078119,0.17010422,0.22150546312332153,0.1474912166595459,0.47823232,0.5636798,0.683535,0.5130458,0.5237086,-0.021644708490654443,0.15772073,0.27985078,0.73370963,0.8256925,0.713866,0.726131,-0.013472285960973983,0.09361108,0.20472785830497742
base-noprop__f4d25ec51527a18f0ee61a4803329a4966535857__炸虾菇__v0__dfead8ad__c0.mp4,0.70037,0.5108125,0.47227862,0.23775636,0.25025773,-0.01473910683994236,0.2087182,0.4091944,0.7656325,0.7297939,0.55737185,0.5873608,-0.006559234245021342,0.11804208,0.20954108238220215,0.12317489832639694,0.30239064,0.76696694,0.7580724,0.6376866,0.65738416,-0.003647741887409216,0.07780958,0.20392632,0.8704878,0.8529688,0.76691294,0.78629637,-0.002502486580916556,0.05341545,0.45382484793663025
base-noprop__04febc3ea3e866abdf75b3fab9b881e8f80a980a__炸虾菇__v0__67fb9c03__c0.mp4,0.18774831,0.9072454,0.88051647,0.7969613,0.8087084,8.906376927267061e-05,0.053219046,0.04546255,0.9606752,0.95543563,0.93679327,0.93779397,-0.00014368641989031904,0.013600084,0.020612061023712158,0.012960364110767841,0.120351076,0.9183034,0.91316503,0.86435854,0.8701739,-0.0005026885525511126,0.03192627,0.03141451,0.970641,0.9683959,0.9574053,0.95808953,-0.00014314844674274033,0.0090339,0.5141047239303589
exact-r2__7bcdb8d9a74233784e73beaf553f9da6be6bf025__毒蘑菇__v772__flag__65ea2bc6__c0.mp4,0.40188372,0.54745966,0.6783579,0.5171069,0.5433354,-0.017456770885603237,0.12622067,0.12272918,0.84326875,0.8876019,0.8400172,0.84337544,-0.00596488782539668,0.04177533,0.06574571132659912,0.04475706070661545,0.14283204,0.78392124,0.8429927,0.78392124,0.7881413,-0.0071113610809499595,0.050503373,0.07339746,0.90159327,0.9323589,0.90159327,0.90287834,-0.003999121575487453,0.027782673,0.4970974326133728
base-noprop__28a40bdc8031c3ded5a744a31c764d0180862532__粽子菇__v0__e761f249__c0.mp4,0.1957748,0.858273,0.8596924,0.77207154,0.78970945,-0.0024007886883769545,0.059477013,0.07722795,0.9346203,0.93929106,0.9047055,0.9164744,-0.0009274065141150381,0.021253588,0.03578108549118042,0.02044118195772171,0.10908401,0.89517236,0.9008276,0.8595767,0.86744386,-0.0015314396308815825,0.03292211,0.046475112,0.9555034,0.95973223,0.939654,0.946308,-0.0006985145477438224,0.012257489,0.5317344069480896
base-props__61fed9a5970df6669462d6fcf616c133d150bbc0__吐司菇__v373__glasses__dfcca2ae__c0.mp4,0.5446453,0.6293271,0.72622275,0.44403422,0.6324694,-0.012010453129003187,0.125839,0.19106895,0.86293966,0.8986677,0.7978646,0.86350095,-0.004392488671856915,0.043240592,0.13372761011123657,0.052373770624399185,0.14294761,0.8457318,0.8886689,0.8457318,0.85510135,-0.004017576575279219,0.037451793,0.061338186,0.93296266,0.9510415,0.9315922,0.935241,-0.0019138730443984582,0.016206175,0.5467231273651123
base-noprop__08447ead47d19cdf9b918908077ea735b8029732__粽子菇__v0__00723c07__c0.mp4,0.60979056,0.42531383,0.62889934,0.30911595,0.31771445,-0.03501212055032903,0.27585152,0.25454807,0.78476477,0.850177,0.7084986,0.71258664,-0.013288999616864153,0.10808427,0.17833346128463745,0.08663180470466614,0.12837887,0.85378903,0.8830134,0.8131654,0.8229709,-0.006148602357023816,0.050184656,0.08642477,0.92207474,0.93680865,0.88682044,0.88770604,-0.004009708290985933,0.035111446,0.4839361906051636
generic__24dc1f3ba782c8b6cd325590627ea2ed97b93833__毒蘑菇__v126__scooter__6fdbfbad__c0.mp4,0.19945776,0.979483,0.90493757,0.7945454,0.824888,0.0014061961367196028,0.061463945,0.0701381,0.989725,0.9596833,0.9252807,0.9305084,0.0005126520107857392,0.022942329,0.040329694747924805,0.016845233738422394,0.085775375,0.9794831,0.9393488,0.9082279,0.9136132,0.0009315012707540687,0.028134195,0.029875875,0.98972493,0.97652864,0.9656104,0.96766555,0.00025873486939154654,0.009445049,0.5174461603164673
exact-r2__612115080afd9cfcd7bc4fdd21348971b54a34c7__爆炸菇（爆炸后）__v613__scooter__aeb47a72__c0.mp4,0.9251838,0.060386106,0.18581437,0.05245444,0.055386446,-0.02657081487518644,0.24464786,0.5723941,0.41543716,0.5539827,0.4110129,0.41339225,-0.024639022650690425,0.18678537,0.4029797911643982,0.3015250861644745,0.34758127,0.6433241,0.72460985,0.6302601,0.6408692,-0.012493188850022135,0.09397658,0.17752671,0.81116045,0.8555079,0.8094462,0.81122106,-0.00723140041818731,0.05321978,0.35407117009162903
exact-r1__d9657e5af5e0c9e5c71b7d15425af2bf7fc9de96__汉堡菇__v1360__flag__ffb3b643__c0.mp4,0.39015812,0.6628803,0.7322216,0.5834518,0.5954869,-0.014998514249390782,0.11917705,0.1356895,0.8603516,0.8952726,0.8457812,0.85973024,-0.005284049353109512,0.038456965,0.06327176094055176,0.03700880706310272,0.167624,0.81550217,0.85630167,0.8059859,0.80823255,-0.007329931195545581,0.054153204,0.07746792,0.91220266,0.9322815,0.90887296,0.90954316,-0.0035346181025146936,0.025955036,0.44241762161254883
generic__cb05660c4b262902ff02becd82b2bbb621c9edbf__吐司菇__v791__eyemask__d3393fa2__c0.mp4,0.07653594,0.9301742,0.9357675,0.90770686,0.9130482,-0.002533350125131902,0.022554928,0.025841236,0.9703188,0.97324735,0.96350884,0.9668981,-0.0007677836262661545,0.007227489,0.011319577693939209,0.005446146242320538,0.076536,0.9301741,0.9384382,0.9077068,0.91843146,-0.002282402614359808,0.021228556,0.020453334,0.9744061,0.97869366,0.97272223,0.9743977,-0.0006826448110723775,0.0056862915,0.712899923324585
exact-r2__63c6cd5b6ce97c724c348a679627c9f637af97f7__爆炸菇（爆炸后）__v627__scooter__9f990d4c__c0.mp4,0.9111361,0.15500893,0.4974737,0.07878138,0.086672306,-0.05488831680930651,0.39411366,0.6114603,0.5161756,0.73325163,0.37877536,0.41874582,-0.03306655338394783,0.23288493,0.35290300846099854,0.15294583141803741,0.43691778,0.6607235,0.80263406,0.5529997,0.60257196,-0.022026841583930437,0.15257122,0.2627319,0.7740515,0.8861974,0.73113465,0.7373972,-0.013925069464525191,0.0964903,0.40200790762901306
base-props__54b808c68379bb80df935fac20da98e5db366a47__吐司菇__v316__coffee__947501b0__c0.mp4,0.81322896,0.78606373,0.48489287,0.13556787,0.14088148,-0.023441232254971626,0.29422772,0.37492692,0.90400326,0.7954399,0.59731823,0.61237544,-0.009160944065557635,0.12235043,0.27916306257247925,0.12343163788318634,0.18697381,0.8753649,0.83970046,0.77082205,0.77928466,-0.004650038398301644,0.051122576,0.10680908,0.9427748,0.9188717,0.8764813,0.8815663,-0.002691792817455035,0.03101292,0.5691900253295898
exact-r1__044176e563bd0ca37fa16a6ebe34899138633a40__爆炸菇（爆炸后）__v28__eyemask__b7e2f1f6__c0.mp4,0.7400125,0.18505594,0.2617822,0.182286,0.18516594,-0.012450697496827895,0.14772236,0.4471954,0.51936203,0.6253141,0.51876163,0.5193214,-0.013750097143791402,0.10477103,0.27741867303848267,0.19441138207912445,0.33415115,0.62620527,0.6453792,0.6009184,0.6140398,-0.005512932308106559,0.07274279,0.18645191,0.7967807,0.81972545,0.79126537,0.7927264,-0.0045559967577221945,0.043328885,0.3618253469467163
base-noprop__084b3e71188f9a2159d683c11a6ad5bd65815355__吐司菇__v0__a94d2237__c0.mp4,0.5305423,0.44504222,0.5424403,0.38605577,0.41728517,-0.01981294163955529,0.17243423,0.20679134,0.7854892,0.81837064,0.7544688,0.7726886,-0.007610356265848354,0.065158375,0.11649274826049805,0.07909666746854782,0.18706828,0.7634753,0.80341154,0.75212914,0.76339316,-0.007208687868042925,0.06173529,0.10965711,0.88226044,0.89746743,0.86665493,0.8727303,-0.0039487246703724665,0.034818683,0.285396933555603
base-noprop__298931f62e1fcd1c182d348d865aefe21b2f1a4b__蘑菇力__v0__dc9d6ef2__c0.mp4,0.21848124,0.9746324,0.90544313,0.77232224,0.7847268,0.0010607393362776444,0.06887309,0.065874994,0.98626864,0.9644355,0.92812335,0.9395095,0.00031293363203645366,0.017439764,0.03505086898803711,0.01411184761673212,0.11702436,0.9746323,0.9363963,0.87377924,0.88873947,0.0005916824100516985,0.032178134,0.032966256,0.98857296,0.9785473,0.9631742,0.96800977,1.7842285246686703e-05,0.00838103,0.6794381737709045
base-noprop__ccb6b1d206606a8d4ddb34ae7e70a1dfb2cd49ba__汉堡菇__v0__2f0ff66d__c0.mp4,0.6489875,0.443496,0.54816496,0.32367712,0.33963603,-0.030006395468834404,0.24549885,0.2204014,0.79714894,0.8416631,0.7644059,0.768753,-0.01015797922969336,0.08174609,0.1364462971687317,0.08860042691230774,0.2457987,0.8251339,0.83023036,0.72740436,0.74387133,-0.009243368572397171,0.08247402,0.09262538,0.92716503,0.93026334,0.8951349,0.8985769,-0.003595860284778909,0.03172282,0.5063529014587402
exact-r2__5e251213a13de31edf2e489d219063a9041511e3__炸虾菇__v589__coffee__0ec22905__c0.mp4,0.14507985,0.89576197,0.9199281,0.8437717,0.8654868,-0.004900869703575574,0.043068774,0.04812491,0.950736,0.95800704,0.93749666,0.94281435,-0.0015767283826006403,0.014748949,0.02167290449142456,0.013520588167011738,0.10952234,0.9073323,0.93263006,0.8793292,0.89703935,-0.003951096369814965,0.031955957,0.034253716,0.9660231,0.9715277,0.95916957,0.9607859,-0.0011133308938369244,0.01044896,0.4454696774482727
exact-r1__39592fc54ca3ce1fa9f11e0639080d80fdd90784__粽子菇__v374__flag__cb7e2551__c0.mp4,0.7974303,0.34822667,0.32788494,0.12565677,0.145434,-0.0008635820283484618,0.17876193,0.39538866,0.6657626,0.6929356,0.5541858,0.60961735,-0.0017275076963213676,0.08364888,0.2977544069290161,0.16507120430469513,0.25542367,0.74072355,0.74790084,0.6779387,0.7136128,-0.00155478338950236,0.04698072,0.13091445,0.84041536,0.8580068,0.8390058,0.84042,-0.00247163304933918,0.02735781,0.4244030714035034
exact-r1__db6ce3f46aa974538e2bf6288aa30d60f1537602__汉堡菇__v1373__flag__375d8b71__c0.mp4,0.7234571,0.27089489,0.50191027,0.25430888,0.25969025,-0.033352775653831566,0.23727846,0.27759194,0.7102046,0.78855413,0.708431,0.70926875,-0.012254781402618044,0.09003899,0.12071484327316284,0.07122981548309326,0.2843185,0.70712376,0.7579513,0.69344753,0.70756143,-0.009256221206763043,0.082093194,0.16917634,0.82447934,0.859784,0.81974566,0.82516325,-0.006115412346930376,0.051686108,0.41472405195236206
exact-r2__4684d4e3cc283d2f82a830567f416163b041076b__吐司菇__v446__bubble__997c9000__c0.mp4,0.8274854,0.12581547,0.24819109,0.11859488,0.12155756,-0.02539053205179839,0.2330137,0.46668285,0.54149747,0.64503294,0.50656956,0.51501614,-0.019757478251287614,0.15015164,0.2835959792137146,0.17743006348609924,0.61391306,0.6141381,0.5772094,0.3351413,0.416544,-0.004694660013843435,0.13979003,0.20422459,0.79954904,0.82246315,0.7744601,0.78060657,-0.006409528286089543,0.054290198,0.17653541266918182
base-noprop__33159c17b1b4cc97be3acad43a606bfdc0461807__炸虾菇__v0__928aa5a5__c0.mp4,0.11413634,0.97419,0.91573095,0.8778347,0.88155395,0.00018483983433764136,0.033166207,0.04111749,0.9838245,0.9663381,0.9530518,0.9578513,-7.73740733565026e-05,0.010288516,0.013053834438323975,0.008581303991377354,0.10713631,0.9741899,0.92598724,0.88483465,0.8975019,0.0005382546205294382,0.027839873,0.030164361,0.9873259,0.97491944,0.96421707,0.96808547,-7.47461681780813e-05,0.0071078786,0.5194460153579712
exact-r1__3373ae9e4de4dce88d5624681a41f79ac07484f3__蘑菇力__v342__scooter__c3ace3d5__c0.mp4,0.7586503,0.24345914,0.5227899,0.20863044,0.2380272,-0.04403325078986852,0.32806864,0.2111103,0.7722732,0.8577124,0.7722732,0.7738892,-0.01217934235989344,0.08637219,0.06804132461547852,0.040266890078783035,0.38981336,0.6303936,0.7561849,0.5774675,0.59175044,-0.021170195678006057,0.15485108,0.15062875,0.83786905,0.89797914,0.83688116,0.83819443,-0.008689821060938336,0.061299287,0.16457167267799377
base-props__e9b94ecc359c2f277ccefaf7095c17b14b261bcc__爆炸菇（爆炸前）__v909__coffee__12dbfcb7__c0.mp4,0.17513466,0.8401558,0.8734852,0.79224515,0.7995994,-0.007836718745382406,0.058613554,0.06305808,0.93288267,0.9472355,0.919464,0.9215935,-0.002946230144839996,0.02185907,0.03440237045288086,0.01877264864742756,0.09167594,0.9055228,0.91230476,0.8762637,0.8841973,-0.0034034765756177426,0.026706113,0.033208966,0.9601286,0.96600825,0.95386636,0.95490825,-0.001358945732531341,0.010202705,0.5936040878295898
exact-r1__9054fdbc790f3181e453f4f32520b1e358733cb9__粽子菇__v897__crown__d890a9b9__c0.mp4,0.73483497,0.27530393,0.5375806,0.25271738,0.25516856,-0.04281756155222303,0.31472182,0.25366938,0.7485904,0.8458599,0.7376803,0.7468057,-0.014684899581279668,0.10512444,0.11781579256057739,0.0597342811524868,0.57165027,0.46692747,0.7143432,0.41590205,0.46286067,-0.030657638762543803,0.21147516,0.15358222,0.84474516,0.9055942,0.8389814,0.84164196,-0.008814409610782203,0.062239274,0.2295176386833191
base-noprop__13eda229e23f72de63829ca2a162c20a3b56bf44__毒蘑菇__v0__97d11529__c0.mp4,0.22807086,0.8789655,0.85106885,0.7366053,0.7793702,0.0007171328124321598,0.060256947,0.06559527,0.950496,0.9427341,0.9122243,0.92192453,5.048719555021138e-05,0.018549232,0.025106191635131836,0.014077738858759403,0.14526194,0.89858174,0.883885,0.8209094,0.841249,0.00022851725812014634,0.036567457,0.04834783,0.95982206,0.9568119,0.93629694,0.9426896,-4.611991846513985e-05,0.012223789,0.48173800110816956
exact-r2__d2f00eb058f9ce3ba98cf2152e90a803a48e4864__炸虾菇__v1307__crown__79805e5c__c0.mp4,0.82450175,0.27841607,0.42924932,0.16941059,0.20075092,-0.0345492191877761,0.27325627,0.5008073,0.6560979,0.7338019,0.49531016,0.5677909,-0.01879776071889599,0.14746709,0.19955110549926758,0.13319917023181915,0.5123274,0.5209082,0.7175355,0.48158497,0.5088701,-0.024923930320108364,0.17359489,0.30619037,0.8163005,0.86700106,0.6900811,0.7461089,-0.010690122548299348,0.08553513,0.34330469369888306
exact-r1__48043cd413298bba118f12d7404a3ad3aeeeb310__粽子菇__v458__scooter__614502c4__c0.mp4,0.9178338,0.06863166,0.40073615,0.0579407,0.062969014,-0.05427986613507917,0.41489777,0.5281827,0.45240858,0.6875881,0.4523101,0.45465225,-0.032388891332705505,0.23061618,0.12569749355316162,0.06657247990369797,0.7687413,0.2092142,0.5096989,0.2070332,0.21057984,-0.04562466219067576,0.33924186,0.4286468,0.5552298,0.7541605,0.5552298,0.5609607,-0.025822668796471465,0.18262856,0.11035992205142975
base-noprop__30b4282f1742fb0fb6e237b3bacf4fb43522adf0__吐司菇__v0__92db5016__c0.mp4,0.09218186,0.91209793,0.9167546,0.8893198,0.89212453,-0.002315472767287097,0.026427971,0.047177434,0.9591772,0.95717514,0.94284713,0.9455231,-0.0009304164897783073,0.013611488,0.015727221965789795,0.008834177628159523,0.08120406,0.91617465,0.9234113,0.9002975,0.902399,-0.0020191350826632985,0.022531686,0.034256697,0.963884,0.9660093,0.95589566,0.95783275,-0.0007191457060485677,0.009201822,0.45181912183761597
base-noprop__3eb6d97760f838a366c3ddc9c5fe31024af3ddd6__汉堡菇__v0__95f315d5__c0.mp4,0.12096155,0.9413234,0.92727274,0.8581314,0.8837946,-0.0014005364047679973,0.031435873,0.049345553,0.94403017,0.9533571,0.9339068,0.93731195,-0.0019231054622665367,0.015843265,0.02785593271255493,0.017566567286849022,0.07706046,0.9420372,0.9378172,0.9020325,0.91068107,-0.0011955249333098984,0.019504977,0.023512185,0.9670742,0.9709237,0.9612508,0.9636593,-0.0008760334356971484,0.007204773,0.4792749881744385
base-noprop__190a31ba334eafd595032f1742e0cdf9b9183281__汉堡菇__v0__fede9e15__c0.mp4,0.35015982,0.8828871,0.84901,0.6433789,0.7320081,-0.008835117925297132,0.08765625,0.07711363,0.9458351,0.9490227,0.9159591,0.9252186,-0.0023003936167291066,0.020487508,0.043482065200805664,0.027017343789339066,0.122193515,0.9188777,0.9283869,0.8713453,0.90200275,-0.003271442981576733,0.02748112,0.036958575,0.97442186,0.97604024,0.9594412,0.9647363,-0.0010141878142187156,0.008495695,0.593934178352356
exact-r2__66c31723dc12306b4f0c1044a74ebf104e0824d8__爆炸菇（爆炸后）__v652__flag__aa0b5ed5__c0.mp4,0.5808519,0.45147747,0.68954706,0.39177608,0.40452313,-0.03147289810680118,0.21937004,0.19435668,0.7989005,0.8809912,0.7890086,0.7971255,-0.010496825333169332,0.07253189,0.09772121906280518,0.046448346227407455,0.19386941,0.7835234,0.86056477,0.779238,0.7837442,-0.010266306961006819,0.07061548,0.10533726,0.88485897,0.9274396,0.8835119,0.88506246,-0.005812535113967936,0.04042309,0.39088496565818787
exact-r1__e92751ca858d2ff69aed920d5cad82f934c445e3__吐司菇__v1461__eyemask__bccdc7a1__c0.mp4,0.5968207,0.27800614,0.36308822,0.27486053,0.28505847,-0.011028467313103061,0.13024002,0.2236827,0.72084093,0.7953973,0.72084093,0.72982705,-0.0076554180251751005,0.055307686,0.1345212459564209,0.0902964323759079,0.27718663,0.68454665,0.73653144,0.64466405,0.66630256,-0.008701804303840233,0.06533119,0.122419715,0.8553622,0.88569385,0.8471322,0.85083306,-0.004448087495777448,0.03161208,0.30681154131889343
base-noprop__7980439f022908b0edafecd558418e07616aeaf7__爆炸菇（爆炸前）__v0__92289f57__c0.mp4,0.8813788,0.17352138,0.35634083,0.09472332,0.10898491,-0.03574632391657519,0.31575108,0.3764724,0.6645222,0.73582226,0.60479784,0.6120094,-0.013715311178105627,0.12766384,0.27749907970428467,0.18058326840400696,0.20425099,0.8236569,0.84683967,0.77185124,0.79222304,-0.004916808821938266,0.051547684,0.11177188,0.89891803,0.91640556,0.8767458,0.88418394,-0.003279806420265909,0.03135488,0.46200141310691833
base-noprop__b281dc2a1f8e99821ca80a015d7a15c12c8925f9__粽子菇__v0__76f88b80__c0.mp4,0.6619364,0.38417596,0.46606913,0.3230335,0.32971165,-0.01583028528765729,0.1608185,0.26795453,0.75160587,0.782977,0.72306645,0.7309275,-0.00617496027305663,0.06533878,0.16071391105651855,0.12085074931383133,0.21226937,0.7871656,0.81309193,0.77270055,0.7779238,-0.0038092146984673473,0.04450854,0.10913491,0.89149094,0.90382767,0.8823954,0.88802505,-0.002176522266252237,0.024255004,0.5183968544006348
exact-r2__49e4303b44fcc27a48dcbb9fedc8fd22431b34ff__毒蘑菇__v472__eyemask__5bdac16e__c0.mp4,0.6503049,0.14809322,0.2654092,0.1319587,0.14875719,-0.020001817023447856,0.17099857,0.48685962,0.42156607,0.56714475,0.42156607,0.42456883,-0.02025506150698945,0.14944468,0.3126882016658783,0.23699255287647247,0.29066038,0.5778303,0.6670018,0.570506,0.582162,-0.011830059907181932,0.088995375,0.22778445,0.7155124,0.80413735,0.71369845,0.7232998,-0.009730618343994088,0.06830547,0.22030317783355713
base-noprop__479cfaa7ed9751d704a007cccb8dbebcb4fc8765__爆炸菇（爆炸后）__v0__51ba2f4d__c0.mp4,0.36591572,0.66882384,0.720984,0.62366027,0.628484,-0.014452829780314758,0.13578251,0.09834707,0.9006909,0.9167542,0.8911358,0.8954522,-0.003719645703262949,0.032833643,0.06381791830062866,0.048477690666913986,0.11204696,0.89937615,0.91279393,0.8775291,0.88582945,-0.003223627687914103,0.033306655,0.041274548,0.9597034,0.96523196,0.9527664,0.9570637,-0.0012593255801634435,0.011804534,0.5169727802276611
base-noprop__31b74b126f6fafc4629493be8201689f500ebf47__蘑菇力__v0__e3418e90__c0.mp4,0.75045496,0.23034383,0.32529685,0.14981234,0.17254785,-0.018234913218987327,0.20556006,0.4407348,0.63946503,0.66248506,0.5193951,0.5336712,-0.00859268987367276,0.12399952,0.3280845284461975,0.21809425950050354,0.2290616,0.7848582,0.7769122,0.71491134,0.7272357,-0.005395250299231356,0.06545899,0.12641853,0.86377335,0.88057935,0.84747964,0.84817004,-0.002994076359884551,0.03639821,0.42115676403045654
exact-r2__38b58dfa04037a8d4c73a738d8fd4058766e8609__粽子菇__v370__flag__4e1cd0d3__c0.mp4,0.7206225,0.28594232,0.48370793,0.26351917,0.2831642,-0.03185763796092024,0.23384476,0.2844895,0.70391506,0.79529756,0.70320225,0.705268,-0.013604140976672114,0.09763403,0.15606528520584106,0.0992298573255539,0.2742617,0.7173778,0.78117627,0.71000516,0.71750885,-0.010279967438562122,0.078949414,0.13175821,0.85998034,0.89452726,0.8592496,0.8606072,-0.005656325711091995,0.042590193,0.38853737711906433
base-props__58a25304d5897daa19607fb3b5ce8c1f9d1c340f__炸虾菇__v335__coffee__c245ba49__c0.mp4,0.30049455,0.8043902,0.8117461,0.6746969,0.6924598,-0.009825429838636646,0.09048432,0.07376534,0.9309146,0.93440604,0.90658814,0.9085307,-0.002350456806510816,0.021235678,0.04720747470855713,0.029777342453598976,0.114951015,0.90379226,0.9045442,0.86188495,0.86427987,-0.002958462702426987,0.031700697,0.036934793,0.9619298,0.9641832,0.95175934,0.9530554,-0.0011052692478353378,0.01031655,0.41712167859077454
generic__b2d3b11f7cc10d19163a3940e12f64f147409d54__爆炸菇（爆炸后）__v713__eyemask__9658b52b__c0.mp4,0.18618554,0.8306702,0.8951839,0.79484355,0.83081836,-0.008387306933346474,0.06289384,0.061858892,0.9332783,0.9534747,0.9242965,0.93270695,-0.0027668610980859406,0.020859862,0.0337449312210083,0.016834313049912453,0.08007169,0.9137291,0.93627393,0.90095735,0.9099233,-0.0032928879906537504,0.025796568,0.03701389,0.9633824,0.9703089,0.9536407,0.9603547,-0.0011478791477180653,0.009933425,0.3857133984565735
exact-r2__626b6bd3e31f1f1f566ad8589123249d6c71e87e__爆炸菇（爆炸后）__v620__scooter__c59c39e4__c0.mp4,0.84421253,0.18865354,0.31799564,0.1321415,0.1610844,-0.02576156290387919,0.22717413,0.46755958,0.5811757,0.66138077,0.50920033,0.5319464,-0.017112378899758997,0.1446643,0.33117443323135376,0.2147013247013092,0.26649612,0.71670544,0.774359,0.71025854,0.7171773,-0.009302657583485474,0.07197064,0.14845228,0.8404794,0.87608206,0.83831793,0.8426482,-0.0056855063664583445,0.04379519,0.3805951774120331
generic__432eff82630f4ea5c677143ac7a2c056c203e209__爆炸菇（爆炸前）__v246__eyemask__7d24a326__c0.mp4,0.51789844,0.48533395,0.575874,0.43379864,0.45657894,-0.00872852470681602,0.12547514,0.18116379,0.79465806,0.83870715,0.7879826,0.79500574,-0.00306449730405695,0.043999728,0.11425983905792236,0.07446572184562683,0.15505123,0.8116224,0.84002596,0.8007412,0.814132,-0.0033589186286737804,0.03304927,0.08845109,0.88940567,0.91317284,0.88940567,0.8999274,-0.0018241282390511545,0.019554846,0.2856878936290741
exact-r2__17267cdbab13c63bd29a987952c0bc6e4a671ac3__蘑菇力__v149__glasses__47690caa__c0.mp4,0.09667975,0.90820944,0.9166747,0.8703238,0.8948849,-0.0023301115384686093,0.02431455,0.036790967,0.9506245,0.95629436,0.94187045,0.94516104,-0.0011117253378917064,0.010751686,0.014736652374267578,0.0091208815574646,0.0710274,0.9168701,0.9253112,0.895976,0.9102267,-0.001793747362883194,0.017852874,0.028024018,0.9613018,0.9654152,0.9553261,0.9580789,-0.0007958208383778739,0.007329629,0.5637379288673401
exact-r1__11f34e08a6906e27e7c06d8e53c0abd8b0e6a511__蘑菇力__v105__coffee__81ed7854__c0.mp4,0.78060985,0.73920864,0.55965215,0.18196955,0.23961642,-0.018177734209379192,0.2139769,0.29481262,0.907619,0.8395934,0.6816843,0.71250933,-0.006714311395238045,0.080995016,0.21093207597732544,0.08381325006484985,0.23326367,0.8708464,0.83307666,0.7300149,0.7452525,-0.004077100117687166,0.054746967,0.110598445,0.9437945,0.9234066,0.8718715,0.8768714,-0.0023382816743473833,0.028247343,0.24739518761634827
base-props__dd6b0b25684c0bddcc56e9fa41e0a0bb3f55e318__毒蘑菇__v857__coffee__7dfbf06a__c0.mp4,0.3635366,0.6401341,0.83635503,0.61019444,0.6230754,-0.019675247871828647,0.1469742,0.10237956,0.88506824,0.9389488,0.8766649,0.87894756,-0.0055914990044394,0.041366223,0.05692923069000244,0.025599652901291847,0.15854174,0.8458984,0.9117853,0.8198349,0.83480245,-0.0077768803938575454,0.055605207,0.055199265,0.9397285,0.96454847,0.93314135,0.9358455,-0.002791624589871061,0.02012469,0.6191760301589966
exact-r1__06af112cda638917aeaa3b19f63575e6b2cce87e__爆炸菇（爆炸前）__v41__crown__a6645005__c0.mp4,0.7304403,0.29678097,0.4339887,0.25208515,0.25967357,-0.026992890144525314,0.21033561,0.24859643,0.7945113,0.82897997,0.74250114,0.76534194,-0.0075076024522894615,0.06251732,0.10647422075271606,0.06692443042993546,0.4051658,0.5856126,0.7219688,0.5773597,0.5865121,-0.018322995764464747,0.130146,0.15081269,0.86455727,0.89590436,0.8425907,0.85670745,-0.005510943032536124,0.04134773,0.2074364423751831
exact-r1__398db66855bd9f71ccddbebdb893c9052ea19a22__粽子菇__v377__flag__c830a3f9__c0.mp4,0.38121074,0.62715244,0.81746423,0.61383355,0.6249778,-0.022958715913795218,0.16296063,0.14932078,0.85178125,0.924028,0.8484248,0.8508855,-0.008998149527391445,0.06366831,0.047318100929260254,0.02100186049938202,0.17684495,0.82474476,0.903012,0.8181994,0.8221435,-0.010424132462546767,0.07429925,0.10619676,0.89778274,0.94502985,0.8915489,0.8967707,-0.0061492785045751995,0.043640457,0.35386788845062256
exact-r1__612115080afd9cfcd7bc4fdd21348971b54a34c7__爆炸菇（爆炸后）__v613__scooter__aeb47a72__c0.mp4,0.88153327,0.09493524,0.13826644,0.07189955,0.07521889,-0.011638467225868247,0.17677858,0.5991616,0.42586356,0.5044175,0.37585184,0.3865299,-0.015659811939646634,0.13122052,0.3995569944381714,0.30680546164512634,0.3840869,0.5926667,0.65689963,0.57412213,0.59430903,-0.010267161156820206,0.08660228,0.2176581,0.76327956,0.8112229,0.76327956,0.77098894,-0.006254398422278896,0.050578002,0.2796662449836731
generic__9988ed6b8baec6b7f72e2a2f31784ecde8be7eb5__粽子菇__v623__scooter__fee93b7f__c0.mp4,0.38168597,0.670426,0.8450303,0.6001034,0.6711845,-0.015555279351505826,0.112293705,0.09238237,0.9033817,0.94852895,0.8979581,0.9060581,-0.003981956321260203,0.02778176,0.05256497859954834,0.018287640064954758,0.16314638,0.84597725,0.9010287,0.81910264,0.8432719,-0.007233204754444929,0.051703293,0.04527712,0.9501319,0.96681654,0.9456333,0.95021015,-0.002014219113018197,0.01432688,0.3653656244277954
exact-r1__95270fa777a6a5cb99054cf707304be40d56acb6__汉堡菇__v928__crown__febcd7b8__c0.mp4,0.85919964,0.12086616,0.40777415,0.11485861,0.11763199,-0.04626931763979287,0.3484425,0.3157171,0.68283236,0.7862119,0.6616151,0.67435443,-0.01672662388194691,0.123208314,0.18487006425857544,0.1042972058057785,0.49054003,0.5912593,0.70961016,0.48351824,0.53293055,-0.020207835987151392,0.16258307,0.16846919,0.8436986,0.8905091,0.81598794,0.8262616,-0.0077188016751066815,0.059344478,0.29877230525016785
base-noprop__9fe84a46a5b7258d9185e38e64539dfb315c00ea__炸虾菇__v0__d29032ae__c0.mp4,0.06454414,0.9632381,0.9572686,0.9224058,0.94197863,-0.0012061008116002357,0.014831391,0.026803136,0.9727298,0.9740401,0.9624983,0.9682504,-0.0007872115599779134,0.0066109067,0.013124048709869385,0.007453161757439375,0.050659537,0.963238,0.95917857,0.9362904,0.94667935,-0.0011155120586689444,0.012454235,0.019492865,0.9802992,0.98149335,0.97371876,0.9757284,-0.0005778298665412267,0.005020738,0.6467888355255127
base-noprop__152077a5b2e9ecb98c83d24bd2c2d3c0ce349e29__吐司菇__v0__91ffcd2d__c0.mp4,0.818818,0.9508871,0.54633754,0.16821471,0.188761,-0.007779622575628906,0.3151286,0.2752818,0.9699887,0.836726,0.71370685,0.71970534,-0.002429170158540782,0.10295731,0.18239104747772217,0.09571781009435654,0.16887182,0.95239604,0.8790758,0.81816083,0.82054466,-0.001408609476956458,0.054738525,0.09709036,0.97781575,0.9324437,0.8946254,0.89614785,-0.0008771223395238155,0.03426719,0.430523157119751
base-noprop__05dd2b8db67494f0efc8d0fdde03ebfec1ec36bb__吐司菇__v0__daa92d16__c0.mp4,0.045483172,0.95385706,0.95867616,0.9427487,0.9490693,-0.0012432572398732315,0.00988462,0.018751562,0.978022,0.9774786,0.9719264,0.97314245,-0.00046869976954027015,0.0046187756,0.009995877742767334,0.006553940009325743,0.038549364,0.9584432,0.96240884,0.95000976,0.9526172,-0.0011862686029065009,0.009018241,0.012396157,0.9831686,0.9840327,0.9812911,0.9815851,-0.0003672061937128674,0.0030809187,0.7292271852493286
exact-r1__1797a30fd91eff354c236387e11c6718b039aab5__爆炸菇（爆炸前）__v153__glasses__3de29246__c0.mp4,0.8264663,0.14089973,0.27682635,0.13287488,0.14118005,-0.024132526763107474,0.20293672,0.5809645,0.41533497,0.5623428,0.3875864,0.39849094,-0.025343655038021298,0.18548994,0.37882110476493835,0.26697564125061035,0.49816895,0.674867,0.7319103,0.46677125,0.6606608,-0.011555177185375224,0.101026416,0.26725858,0.77233,0.82931834,0.70938194,0.7599301,-0.009728162067209783,0.074068375,0.35687047243118286
exact-r2__162906640246ef44f99db4ad49276c513665eb1e__爆炸菇（爆炸前）__v142__glasses__6207d034__c0.mp4,0.8212894,0.1522102,0.31011924,0.14836249,0.15206692,-0.02445180929107629,0.20877123,0.34938627,0.6263437,0.706782,0.62505627,0.627133,-0.011571311373484482,0.09170938,0.23138296604156494,0.1847894936800003,0.28025818,0.70948803,0.7834397,0.6893939,0.7109281,-0.008921960479186012,0.06619525,0.13456094,0.8525288,0.89157164,0.8500018,0.85479945,-0.004552617315718315,0.033750966,0.4050176739692688
exact-r2__f1498f3a3c3245f137f45ef7171fbad768a30f29__爆炸菇（爆炸前）__v1519__scooter__e1358b4e__c0.mp4,0.84505975,0.10798509,0.17824169,0.10501923,0.106494844,-0.015884105889163485,0.19066207,0.35537726,0.6228875,0.66935366,0.6223467,0.6224461,-0.009580189943784786,0.09151932,0.273604154586792,0.23101389408111572,0.28109056,0.7657614,0.75558937,0.67062277,0.68665725,-0.002392845132605368,0.06142401,0.11702782,0.8949923,0.90036756,0.8669228,0.8797673,-0.0018223924010167488,0.025704907,0.48275575041770935
generic__3ea8cf079e959693153dd04695b6f05e21f1dca3__炸虾菇__v230__flag__575a466d__c0.mp4,0.7653537,0.39780396,0.5436933,0.22158657,0.28038877,-0.02948069651960854,0.24399315,0.25502217,0.8075034,0.85185033,0.7371828,0.7753954,-0.009135296516738868,0.074453264,0.16054952144622803,0.08520139008760452,0.23148859,0.7987588,0.8468483,0.7554518,0.79473823,-0.008132964313737012,0.064111516,0.09478605,0.9165648,0.93705183,0.8977323,0.913576,-0.003407598130787783,0.02652091,0.44829195737838745
exact-r1__48c861a729f66f679642de5c029313df7a318d4d__粽子菇__v464__scooter__b6246b54__c0.mp4,0.9292295,0.07005468,0.34851512,0.04936424,0.06261648,-0.048836099668571616,0.3696026,0.81832397,0.21717809,0.5155424,0.16630535,0.1918871,-0.0465328778202826,0.33458203,0.4343603849411011,0.2620057463645935,0.58439094,0.4321323,0.65875864,0.3945251,0.4288652,-0.031470688877134,0.21656272,0.3981055,0.6184677,0.777548,0.59128785,0.6063511,-0.02261165379299947,0.15720993,0.29294925928115845
base-props__13c5ef355a4677fd006d158853aae7228ec89353__炸虾菇__v71__crown__f2952d0d__c0.mp4,0.42093337,0.7672536,0.7965966,0.5354668,0.7684931,-0.005583552798263655,0.08425257,0.12261158,0.89278275,0.9042614,0.8504961,0.8929436,-0.002178376371210274,0.02576384,0.07180243730545044,0.03735300898551941,0.12096977,0.87195253,0.88314843,0.8354305,0.8719739,-0.0021160226094392776,0.025282366,0.059025943,0.9371587,0.94161433,0.92229855,0.93337035,-0.001099662995149972,0.01309016,0.6199890971183777
exact-r1__5e792b82d424890d709af4c84bfcd10e8071fd48__炸虾菇__v590__coffee__d589a251__c0.mp4,0.83049345,0.20404044,0.45994243,0.14012662,0.1507232,-0.03848064173999511,0.28094488,0.48207867,0.6366195,0.74686855,0.50476205,0.5317662,-0.019687135935772083,0.1517137,0.3369690775871277,0.1479666382074356,0.26897418,0.7415681,0.8003919,0.7032405,0.73558456,-0.009401903675478922,0.0741066,0.14978486,0.86220324,0.8948353,0.837239,0.84876007,-0.005735608428834432,0.043585245,0.39623552560806274
exact-r1__e86d2a316b78bde955a3d36e1105be5da3d55ae9__吐司菇__v1456__eyemask__efc4954f__c0.mp4,0.85314643,0.14368814,0.32351962,0.13859382,0.14630271,-0.03091987428575636,0.25289318,0.5337287,0.47473255,0.6364108,0.46043897,0.46551,-0.024164196884208063,0.17088282,0.3130440413951874,0.21228784322738647,0.3488139,0.6696391,0.7485315,0.6434033,0.6574711,-0.013454867681495758,0.099812396,0.22270185,0.7877766,0.8486987,0.77291965,0.7747777,-0.009901920620631804,0.070034385,0.21324339509010315
base-noprop__050d465c02a6aedcb83961a3f85cf51de88d0d3e__吐司菇__v0__6abc19e8__c0.mp4,0.5469887,0.9801321,0.8444201,0.43976688,0.63370734,0.010396510185931521,0.1502332,0.14085579,0.9891459,0.94625014,0.84715235,0.8825167,0.00286439968192059,0.041373465,0.09775805473327637,0.02767428383231163,0.12081283,0.9801321,0.9346461,0.8659428,0.88350224,0.0017754671719705665,0.03363393,0.046619713,0.9902987,0.97392464,0.9449104,0.9536503,0.0008264952615315762,0.013228626,0.36031171679496765
base-props__50ee01d3a21af2295c697ffe0dcc9d0e2bd3a001__汉堡菇__v299__crown__af1e681c__c0.mp4,0.38225776,0.85864997,0.83565867,0.587483,0.67027897,-0.00880947143664004,0.09952664,0.11962628,0.93622875,0.93143946,0.8626119,0.8791083,-0.0031832471313212748,0.032629486,0.06066685914993286,0.020417436957359314,0.13120192,0.89013165,0.89510536,0.8385387,0.8468338,-0.003837964574810079,0.035668593,0.06570208,0.9472045,0.9518568,0.91922665,0.9245335,-0.0020110267306504967,0.01787793,0.5887398719787598
base-props__deb8dcc91484de67c08304d54dba061741b046a8__毒蘑菇__v870__coffee__64902ddf__c0.mp4,0.10850072,0.9599849,0.9282646,0.8720114,0.8772893,-0.0010345641803364547,0.036155026,0.038526475,0.97613204,0.96358645,0.9457773,0.947885,-0.0002913175835439834,0.0125244595,0.023592710494995117,0.014175293035805225,0.07886416,0.96686554,0.94276977,0.9027527,0.91242343,-0.0005594384764494195,0.024728484,0.024542034,0.983567,0.9777616,0.9672462,0.9693982,-0.0002960068552861498,0.0072364635,0.6810957193374634
exact-r2__e92751ca858d2ff69aed920d5cad82f934c445e3__吐司菇__v1461__eyemask__bccdc7a1__c0.mp4,0.7296442,0.23479009,0.37399736,0.23407903,0.25380915,-0.01939290862074013,0.17819446,0.3196032,0.64664376,0.75407535,0.64664376,0.6588397,-0.01144592422741674,0.0826108,0.18642312288284302,0.1213453933596611,0.25545996,0.7084098,0.75817406,0.7084098,0.710178,-0.007447260288381772,0.06557099,0.14951366,0.8330669,0.87542075,0.8330669,0.8376485,-0.005339821160075215,0.039200794,0.3146122097969055
generic__1cf0944b8af6ac43f6f7e794a0d68118b7de888c__汉堡菇__v105__flag__ced10d12__c0.mp4,0.7723467,0.9716475,0.66125894,0.21886234,0.3212774,-0.0077104017197379094,0.24224587,0.17822212,0.98470443,0.91154176,0.8169706,0.84309095,-0.0017875564310390357,0.053639844,0.10180938243865967,0.0477348268032074,0.202128,0.9720646,0.8862936,0.7890811,0.8044077,-0.002272290497900474,0.062142786,0.07641274,0.9848723,0.9592767,0.91877997,0.929576,-0.001032069796630046,0.021397084,0.44967857003211975
exact-r2__350cfd2dd11a55bba310df263eb011f378987693__爆炸菇（爆炸后）__v352__coffee__114e6de4__c0.mp4,0.8243872,0.24828623,0.5212105,0.16224086,0.23067549,-0.033993679146639456,0.26632896,0.31792325,0.7411424,0.83854353,0.6749014,0.7204558,-0.01137803341795803,0.09137431,0.20588040351867676,0.09371171146631241,0.28644174,0.83067214,0.85673624,0.7010285,0.7604927,-0.005769749403942235,0.06992123,0.12933367,0.91240185,0.9322552,0.8642242,0.8879765,-0.00309981099466093,0.0325342,0.20775450766086578
base-noprop__556de27b0d0679c58d037153bf13f376557bb4da__粽子菇__v0__4121e99a__c0.mp4,0.39033598,0.6281625,0.7192183,0.55240893,0.5854018,-0.0071403434271868965,0.1229541,0.10472864,0.86962605,0.9021276,0.8685482,0.86924756,-0.002930645473860926,0.03517749,0.0672454833984375,0.04442976787686348,0.10988623,0.8469376,0.8736027,0.8402054,0.847146,-0.0029022124680605737,0.031293176,0.045497656,0.93622756,0.9465576,0.9350234,0.935473,-0.0013536081130325495,0.013453565,0.5712605714797974
exact-r1__06c67470cf9be8f025f6e761b17dc1ea2544b027__爆炸菇（爆炸前）__v42__crown__33913395__c0.mp4,0.8809607,0.09550538,0.3186388,0.09550538,0.09725076,-0.036894357155846526,0.2810724,0.461614,0.5260206,0.67605484,0.5234083,0.526061,-0.021944100795527225,0.15480177,0.25844287872314453,0.16303589940071106,0.58137554,0.4295857,0.6326676,0.3964404,0.43070886,-0.027300460595387245,0.19560523,0.25633472,0.7835214,0.83909076,0.7319438,0.7656668,-0.00988760620002219,0.07482616,0.18874147534370422
exact-r2__62671de5d59372c360feb3d41db56086df4cc5db__爆炸菇（爆炸后）__v619__scooter__9a31e29f__c0.mp4,0.5541297,0.3340017,0.3324877,0.15092057,0.19456826,-0.0007431007509410644,0.12805314,0.207461,0.778956,0.77992445,0.6828352,0.71527934,0.00026742430779303167,0.048042886,0.2073243260383606,0.1315653771162033,0.12625176,0.74251574,0.78174895,0.74251574,0.7520677,-0.002767361023209305,0.03222867,0.05546266,0.8970327,0.9114897,0.89015955,0.8977291,-0.0011471364455732094,0.014224995,0.35256919264793396
exact-r2__6caf7c744bba33812d3ae89727b1c9ffa5aa3f71__汉堡菇__v694__coffee__93ceaa68__c0.mp4,0.77159894,0.7408614,0.5524982,0.20993271,0.2621132,-0.013885804772259227,0.23019859,0.30654907,0.8766161,0.8254865,0.6729591,0.70203966,-0.007096089511049608,0.090489954,0.22167080640792847,0.09794683754444122,0.21687162,0.85863143,0.8527836,0.7650782,0.79114366,-0.004546263472364835,0.050488267,0.10930115,0.92353284,0.9234335,0.8810321,0.88564354,-0.002906247148871915,0.029519923,0.23190689086914062
exact-r1__7daadbf57892d5e3abf52d444993e302eae628ab__炸虾菇__v781__glasses__58a7dcd2__c0.mp4,0.8341496,0.17312503,0.45789415,0.15847531,0.16706881,-0.03388937621601957,0.2578997,0.33367056,0.6631231,0.81135046,0.6621847,0.66332555,-0.014440853664055182,0.10527,0.1966174840927124,0.10754261910915375,0.3150664,0.6775586,0.8155994,0.6775586,0.67893106,-0.013127925838877575,0.095358245,0.13915628,0.8569164,0.91889304,0.856882,0.8573362,-0.006012877221164025,0.04358527,0.4861804246902466
exact-r2__28b269cb428b398ae0c461d34d9e6daeeb15dd1c__蘑菇力__v265__flag__6d808d89__c0.mp4,0.6979722,0.646387,0.6425388,0.28713492,0.34645003,-0.019650122982711207,0.22136846,0.27119237,0.83063453,0.8533418,0.7212368,0.7531042,-0.00910122292079474,0.08539109,0.12822961807250977,0.04864397272467613,0.2503286,0.75647986,0.8258144,0.7347785,0.74792254,-0.011866836797578542,0.091226906,0.14317608,0.8578402,0.9019858,0.84946644,0.8516594,-0.007314708039694616,0.05614924,0.4325487017631531
exact-r2__5101800527787a720423bc1b750352a08d3932ce__吐司菇__v512__coffee__7f6ad833__c0.mp4,0.77421284,0.1922073,0.40826207,0.19043219,0.19618466,-0.026999780886140287,0.21888578,0.37061608,0.6085013,0.7513339,0.60846853,0.61307937,-0.013944193367430366,0.10401827,0.272885799407959,0.16104699671268463,0.19290215,0.78737783,0.83149016,0.7720847,0.78860056,-0.005422557472240322,0.044330124,0.10280669,0.8813871,0.9123809,0.87950104,0.8808691,-0.003797867081382042,0.027788902,0.5069310665130615
base-noprop__6789eb569ba9201716016a5c210359d9e3d43278__汉堡菇__v0__68a1ae3e__c0.mp4,0.48452687,0.864122,0.71920455,0.5056169,0.51330876,-0.008900310505520198,0.19275151,0.1564871,0.9365256,0.9054285,0.8377361,0.85169953,-0.003284177113427492,0.05601432,0.08650553226470947,0.042367931455373764,0.14641923,0.8963156,0.89493394,0.8437245,0.8477258,-0.004366293902924879,0.0498791,0.07018542,0.9495495,0.94779646,0.9240378,0.9253809,-0.0021634512974810912,0.024594702,0.5982398390769958
exact-r1__396fd748b71ec7529ed4bf067ba92fdebcc3340e__粽子菇__v376__flag__5f1b510c__c0.mp4,0.65846825,0.46310505,0.54713327,0.32089895,0.399996,-0.01010948507917729,0.14585583,0.23680627,0.80098027,0.8267093,0.74842787,0.7775731,-0.005087294479603826,0.052130625,0.1433178186416626,0.08141738176345825,0.1926682,0.7919632,0.8257759,0.78669906,0.7895441,-0.004909824712474365,0.04479921,0.10186148,0.8920506,0.90812665,0.8856883,0.8882991,-0.003040135613543252,0.026389306,0.47286200523376465
exact-r2__64f24c794aa94f916e4cfb3d08239c8cce08ae8b__爆炸菇（爆炸后）__v638__flag__c23892c5__c0.mp4,0.6757557,0.32131475,0.45771533,0.31297415,0.32182238,-0.021937471840221434,0.189458,0.32811457,0.66525376,0.76907265,0.66525376,0.6845937,-0.012165831247337246,0.08925465,0.18028056621551514,0.12350482493638992,0.29869866,0.71906304,0.8016313,0.6900311,0.7153249,-0.011378133014256797,0.08094707,0.15186757,0.8455343,0.89257747,0.8428334,0.8470722,-0.006186488824399573,0.043696992,0.4142913222312927
exact-r1__b6400262250308b940cca731c04afc1e0661b6e9__炸虾菇__v1132__bubble__8db02a1b__c0.mp4,0.82952714,0.2552206,0.32180828,0.13623771,0.16128452,-0.022511861114044907,0.24325526,0.3295123,0.71672153,0.7463941,0.6530316,0.656031,-0.009988261894746253,0.09752379,0.20246267318725586,0.11551668494939804,0.50917614,0.7605155,0.69706285,0.45658877,0.46769553,-0.000992970150921191,0.15083377,0.20855743,0.8647821,0.8619109,0.77651787,0.8025166,-0.0029356262900612578,0.052815374,0.1683160364627838
base-noprop__143077ed5c3203470357eefbac685c008578ef31__蘑菇力__v0__39ab2b38__c0.mp4,0.116470814,0.9575859,0.918116,0.8741616,0.88690317,-0.0010243235487240718,0.037173577,0.045184076,0.9764434,0.9609851,0.94786495,0.9490335,-0.0003925262703726098,0.014651899,0.021538376808166504,0.012203630991280079,0.10202634,0.95758593,0.9292323,0.8886061,0.90124404,-0.0012296692066984362,0.029724458,0.02898854,0.9798323,0.97318876,0.964685,0.9654451,-0.0005217709913555316,0.008502472,0.5928162336349487
exact-r1__b872a91da124369a0db4f6c8e1f348f11ee5ee45__粽子菇__v1150__eyemask__7cba3ab5__c0.mp4,0.91344184,0.08094522,0.32370707,0.077883996,0.08095541,-0.04202133900828278,0.32668063,0.4759032,0.51802486,0.6821245,0.51802486,0.5303954,-0.023080834404753135,0.16494519,0.2716977000236511,0.18997922539710999,0.37194628,0.6193796,0.7694054,0.6193796,0.6438875,-0.017091150340355424,0.11813306,0.21785206,0.7775541,0.87210387,0.7775541,0.7951733,-0.010244057171429583,0.06979445,0.2337663769721985
base-noprop__36cc3b78b61d9039d9d44b967df0005c6e6e6895__爆炸菇（爆炸后）__v0__6d095306__c0.mp4,0.64915645,0.36700594,0.48759776,0.29813856,0.309547,-0.021996419273110714,0.18641385,0.27633792,0.6978535,0.76834315,0.6905991,0.69803387,-0.010477330727068341,0.08255123,0.18222880363464355,0.11965550482273102,0.23077762,0.78517735,0.7932364,0.7192695,0.7294912,-0.0043785856528715675,0.05261878,0.12832034,0.879526,0.88799876,0.84761536,0.8568685,-0.002920807644783749,0.030277798,0.47497260570526123
exact-r1__730702bed82aaf1a0c1093664b6b45d5254520a9__爆炸菇（爆炸前）__v723__eyemask__f6753a50__c0.mp4,0.73231167,0.31197304,0.59621674,0.25243843,0.26685342,-0.03466496348616634,0.23634964,0.24354595,0.75115716,0.8621527,0.74613,0.7516128,-0.010971620207718706,0.0758113,0.11768484115600586,0.05770460516214371,0.30558765,0.6794023,0.8086979,0.6794023,0.69007534,-0.012254409580362662,0.08384178,0.13235086,0.860428,0.9198574,0.8580333,0.86265486,-0.00555231760848651,0.038127366,0.22936272621154785
base-noprop__66f41d2f3f0f61298257e508840f1163992f0311__爆炸菇（爆炸后）__v0__b1ce0afb__c0.mp4,0.6056521,0.52861786,0.62220615,0.3859899,0.39971426,-0.026520328647769948,0.22511145,0.18963319,0.82002807,0.8653833,0.804288,0.8086509,-0.00924991430501222,0.073552005,0.10285282135009766,0.06456656754016876,0.2099936,0.80440223,0.85156864,0.7816483,0.7895783,-0.010015204313244278,0.07821444,0.09767914,0.9085219,0.92994994,0.89772475,0.90031093,-0.004573950418841682,0.036045253,0.4989285469055176
base-noprop__2c1315bafe71a68bec156d93f1790b9d42e2a44a__毒蘑菇__v0__4f6514c4__c0.mp4,0.73653513,0.6233206,0.52693224,0.2503819,0.2563253,-0.01705383980580469,0.2579979,0.2681378,0.86988145,0.83908933,0.72217226,0.7266994,-0.005556624279663028,0.08807048,0.16799628734588623,0.09197016060352325,0.23396373,0.8659631,0.84808075,0.7529534,0.7705803,-0.005266410383311181,0.06834391,0.10463333,0.938382,0.9310595,0.88694704,0.8926228,-0.0023411627814703827,0.031146947,0.5181673765182495
base-noprop__3ab5e095ea7925663c71572cdf310f6c6d4c208d__炸虾菇__v0__3fbd916e__c0.mp4,0.39359182,0.89707756,0.83262634,0.57441336,0.616627,-0.00831174214366867,0.11087572,0.12902689,0.95107174,0.92955184,0.85348874,0.86508363,-0.002929073489701798,0.03599407,0.06047254800796509,0.02397616021335125,0.15271157,0.9090224,0.89539766,0.8152936,0.8222496,-0.003980221307795993,0.040704563,0.07470012,0.96246827,0.9535281,0.91298234,0.9193617,-0.0018267738724885754,0.019875001,0.5756849050521851
exact-r1__47d052f47f096470284625402d2fc5ab2e2f51ca__爆炸菇（爆炸后）__v456__glasses__4b12d2c4__c0.mp4,0.8912618,0.10210103,0.44041514,0.0976301,0.100728944,-0.04513112835497726,0.3171366,0.39585334,0.6074283,0.78471506,0.5985224,0.6116202,-0.019863676412303476,0.13970892,0.24930953979492188,0.1324295848608017,0.4399004,0.64071107,0.799939,0.54899144,0.64100826,-0.01717550445922278,0.12798117,0.1730249,0.8554685,0.9171447,0.82135093,0.8580079,-0.006696849708029391,0.049114004,0.3213146924972534
base-props__948cf55caa00a45bfcc117ea6e39a73bdfffbf47__汉堡菇__v596__glasses__24eda22f__c0.mp4,0.2301457,0.76819044,0.82935274,0.73864186,0.76277626,-0.007661250268988912,0.05687966,0.08356166,0.9004934,0.92696273,0.9003591,0.90088946,-0.003156946876303497,0.022704748,0.038713812828063965,0.025243885815143585,0.12356371,0.8510711,0.88055885,0.8460503,0.8509789,-0.004020520703123484,0.030346867,0.054569304,0.9392072,0.9522067,0.9328857,0.9387963,-0.0018554628484333965,0.013476047,0.5488364696502686
base-props__084b3e71188f9a2159d683c11a6ad5bd65815355__爆炸菇（爆炸后）__v36__crown__8895be78__c0.mp4,0.21243232,0.67624825,0.7829209,0.67624825,0.6945813,-0.009655982079242056,0.06722221,0.055692554,0.89924335,0.9198678,0.89429307,0.89957696,-0.0024761064603865727,0.01721418,0.04030930995941162,0.030368121340870857,0.08632916,0.8755706,0.8902706,0.8457857,0.8701797,-0.002673981924773209,0.020452539,0.039849162,0.93864024,0.95023614,0.9329438,0.93706673,-0.0015691885128322777,0.011343126,0.5932086706161499
base-props__354f3e4b6107ffa5548e933c67773e98971848fa__蘑菇力__v186__flag__4fbe881f__c0.mp4,0.6534103,0.43724662,0.6924427,0.33600998,0.3670825,-0.03692207503106756,0.2704142,0.2179864,0.79802763,0.8936061,0.776777,0.7846883,-0.012258053002621354,0.08658557,0.11160331964492798,0.05161171406507492,0.22095877,0.79084206,0.8812736,0.7684616,0.7838873,-0.012170193341409747,0.08493178,0.107313395,0.9014706,0.9452179,0.88745,0.893467,-0.005701637256286855,0.040039606,0.4917081594467163
base-noprop__36cc3b78b61d9039d9d44b967df0005c6e6e6895__粽子菇__v0__de6a486b__c0.mp4,0.14009249,0.9685072,0.8797005,0.8216713,0.8274182,0.0032734120551776357,0.049787067,0.054756284,0.97667813,0.946274,0.92304873,0.9297543,0.0005071681478749178,0.016183948,0.02597808837890625,0.01602521352469921,0.104456425,0.96850705,0.89912355,0.8601887,0.8663131,0.0020393452978887824,0.03712567,0.039699554,0.9802249,0.9622991,0.94370925,0.9479496,8.942316407740314e-05,0.0109820645,0.38827037811279297
base-noprop__06b0fe368708d4dd8bc44a345d0c8a6765e4dd6e__吐司菇__v0__bb5309c5__c0.mp4,0.77822864,0.8986656,0.5322142,0.19567731,0.23008229,-0.020867230819737015,0.30366805,0.34047955,0.9335712,0.7967652,0.64008546,0.67128974,-0.008796062158501658,0.12480475,0.207378089427948,0.10678770393133163,0.27852494,0.91787905,0.8188699,0.69854087,0.71329355,-0.007123291139074938,0.099991664,0.14816588,0.9570874,0.90355295,0.8406782,0.84333086,-0.0040292987828198235,0.05568284,0.3723543882369995
generic__b4922b313b5f45658c57e964eec6e061ed1c765b__爆炸菇（爆炸前）__v718__glasses__d9480773__c0.mp4,0.25466383,0.89779603,0.8771184,0.7268795,0.8353772,-0.0017409741053939474,0.050061528,0.0906508,0.9475187,0.940722,0.8964591,0.92078704,-0.0008929606247325229,0.018323552,0.05474448204040527,0.02121749147772789,0.09319067,0.91470754,0.91253537,0.88835263,0.89150965,-0.0012610081745230712,0.022984484,0.039414525,0.9611751,0.9619395,0.9512036,0.9538074,-0.0007709965050927402,0.009159967,0.6856993436813354
exact-r1__95661968e66f7e80c1cfe770235df4b395dab410__毒蘑菇__v930__bubble__db7364e2__c0.mp4,0.79831827,0.21781854,0.38620305,0.17650142,0.1852282,-0.03497508243315307,0.2783225,0.24263835,0.7765176,0.81836295,0.73946166,0.7475893,-0.00956917922251781,0.076415375,0.132593035697937,0.08428828418254852,0.3663484,0.8028314,0.78313357,0.6103122,0.6468719,-0.005879651593125391,0.092931986,0.12570018,0.9065293,0.9026513,0.8630472,0.8674117,-0.003204727655814093,0.03770288,0.16814514994621277
exact-r1__4637c74691052829ffc6d2b99e439250ea0eb7d0__吐司菇__v443__bubble__85fb58a5__c0.mp4,0.8480893,0.121725954,0.39151672,0.11781867,0.12387748,-0.04043116707634551,0.30302924,0.5636345,0.41929096,0.70198506,0.41929096,0.45406854,-0.02766760524082563,0.18434775,0.22771203517913818,0.09521637856960297,0.7390488,0.24803951,0.49977893,0.22711317,0.25098115,-0.03575773222055363,0.26341245,0.33818942,0.647003,0.7972014,0.647003,0.66065145,-0.01637722757965209,0.11076042,0.17010647058486938
exact-r2__392410131274da938ab5d7413fe09371ec7bf3ff__粽子菇__v372__flag__111364cb__c0.mp4,0.3825087,0.71131647,0.76357955,0.6069129,0.65868014,-0.013510100808539425,0.11388674,0.13416946,0.87198323,0.9023917,0.8586552,0.8640765,-0.0053833164127447975,0.04049409,0.052257239818573,0.03211424499750137,0.21123552,0.7883233,0.8515396,0.7786381,0.7874007,-0.008980119652427704,0.065779805,0.08861017,0.9081454,0.93450606,0.90526307,0.9070112,-0.0041820564760049654,0.030039841,0.37733912467956543
exact-r1__1e81b08c00de3e615dc3d3a3e67182d0ec82fafa__毒蘑菇__v188__coffee__d0de2ef0__c0.mp4,0.68912214,0.9404857,0.7049343,0.28391856,0.32708097,-0.0098672069226329,0.24143542,0.19059837,0.9622203,0.90420705,0.79176617,0.8106287,-0.002847547175384807,0.06405366,0.09508752822875977,0.0352657213807106,0.29458547,0.94634986,0.84685713,0.67993057,0.7061533,-0.0038634248284011934,0.09779256,0.10349363,0.9733417,0.9394727,0.8846087,0.88838714,-0.0014094563105360727,0.03440159,0.37665361166000366
generic__a4ef5a0703d7e77492a6724ff679670b2cb37512__粽子菇__v671__glasses__abfa9230__c0.mp4,0.5124738,0.93710274,0.7397715,0.4833095,0.4851256,-0.007258335798389839,0.20083347,0.12369645,0.9678165,0.924469,0.8710903,0.8714405,-0.002119531921247252,0.04753941,0.07449132204055786,0.041056860238313675,0.16214609,0.94509184,0.8982821,0.8336375,0.83412814,-0.0031150603011662753,0.057481896,0.05281788,0.98010767,0.9655258,0.944513,0.9449465,-0.0010326432851934639,0.01880294,0.6064926385879517
base-noprop__e245e3cfc41c9b8a7f3e19965bae1bd8876cb0b0__粽子菇__v0__0e95d33c__c0.mp4,0.57830733,0.4696449,0.61642504,0.4042433,0.41556504,-0.02674622174072644,0.21213318,0.20323539,0.8177215,0.86104965,0.7881197,0.78971636,-0.008774716274540397,0.07108578,0.10966932773590088,0.06766394525766373,0.20619774,0.8170724,0.84533644,0.7763529,0.7850437,-0.006737523222629252,0.056980003,0.09453225,0.9145675,0.9287137,0.8968576,0.898791,-0.0032546919560715016,0.02739672,0.5155472755432129
base-noprop__125de5a624888f2f256cc2f63735a38929203bb9__粽子菇__v0__33e4e6b9__c0.mp4,0.7349229,0.70012295,0.53929824,0.24616253,0.25860792,-0.01649012275246293,0.22806309,0.36189508,0.8936191,0.8087576,0.62189734,0.63760036,-0.007533156765779494,0.11186134,0.2534310221672058,0.12227126955986023,0.21676785,0.8841833,0.8633963,0.76431763,0.77830476,-0.005092973824546273,0.06061733,0.11667961,0.9485395,0.93102884,0.87286687,0.88327765,-0.002541523323699895,0.032352384,0.4450257122516632
exact-r2__913093deac6198ad65ba3e8925974f83e021d41b__爆炸菇（爆炸前）__v902__flag__7a5b4086__c0.mp4,0.40712214,0.6295217,0.6786657,0.5667054,0.5999166,-0.010276370957906086,0.10778788,0.16948998,0.82725716,0.86235964,0.81137305,0.8187499,-0.006031788326063648,0.04758743,0.06911277770996094,0.047374315559864044,0.21545947,0.798045,0.8260458,0.7591226,0.7706637,-0.007542173205157062,0.060287584,0.1103555,0.8862363,0.9097337,0.8774376,0.8788626,-0.00465791269017773,0.035365287,0.5219992399215698
exact-r1__bf87b999122451ffe16ba26acd9a1f4645ce8587__爆炸菇（爆炸后）__v1195__bubble__45856c4f__c0.mp4,0.7213545,0.77485126,0.6151168,0.24454165,0.2855278,-0.005335590879436528,0.24217547,0.2045033,0.91488314,0.8822853,0.7802792,0.8058552,-0.0021095972051733435,0.05906099,0.08436304330825806,0.03805914893746376,0.3567255,0.8581742,0.79657096,0.6096037,0.65521425,-0.0011770290583961221,0.10128221,0.121756315,0.9472481,0.92034453,0.86464226,0.87626386,-0.0005721089397023428,0.03800289,0.2250155806541443
base-noprop__3a66d9c0fbd884130c640c5c48ba2017b2ba1095__毒蘑菇__v0__c80e63de__c0.mp4,0.8555276,0.79682136,0.46648946,0.12941486,0.14094168,-0.02706942131573506,0.31780502,0.40747648,0.91007507,0.75575876,0.5789964,0.5861476,-0.012896720423057602,0.15296535,0.27547991275787354,0.14594200253486633,0.25886345,0.87258255,0.8132358,0.72607905,0.7395917,-0.006437441989367193,0.07162843,0.13896114,0.93933856,0.9017008,0.85155946,0.8566701,-0.003988145191678891,0.042428333,0.5672479271888733
generic__ba3abbfec8cf023cadbbc300cee7b52e6fbf4c0a__粽子菇__v739__crown__1c99a3d6__c0.mp4,0.27859396,0.9114352,0.88124424,0.69853467,0.81094414,-0.005295804484559632,0.068891026,0.06684744,0.9558871,0.94980246,0.9168691,0.92831177,-0.001633800536747515,0.018026652,0.04080277681350708,0.01640709675848484,0.10670221,0.9134586,0.9139989,0.8704264,0.8783384,-0.0032755730180401153,0.032554053,0.034157336,0.96489763,0.9662095,0.9544185,0.9573459,-0.0009851194770910939,0.009182501,0.5793678760528564
exact-r1__5ce68a5ba0874b66f9821e844283d9113ab37ebd__吐司菇__v584__scooter__5f03dc73__c0.mp4,0.936629,0.045167223,0.2348557,0.043985285,0.045845542,-0.035877041312545654,0.29084647,0.7767071,0.21388477,0.44724083,0.21388477,0.21458854,-0.03756178755003943,0.2706349,0.5200590491294861,0.364805668592453,0.43613303,0.5490675,0.697005,0.5444813,0.55241805,-0.019769487821537503,0.1363995,0.2697549,0.7211441,0.8120465,0.720837,0.7214158,-0.012793319204108023,0.08889502,0.394664466381073
exact-r1__47d052f47f096470284625402d2fc5ab2e2f51ca__粽子菇__v456__scooter__7c53a339__c0.mp4,0.9106444,0.12745444,0.44708446,0.0794198,0.09508855,-0.05015054376788527,0.35916024,0.32118565,0.72917265,0.8280782,0.6734304,0.7085134,-0.015456161951359095,0.110239364,0.21182388067245483,0.09789374470710754,0.3042754,0.7243017,0.802684,0.68578875,0.7129084,-0.012890498334240065,0.095363826,0.10936177,0.89069283,0.92597204,0.88525426,0.88714534,-0.00538699535041931,0.037640348,0.3979760408401489
exact-r2__396fd748b71ec7529ed4bf067ba92fdebcc3340e__粽子菇__v376__flag__5f1b510c__c0.mp4,0.41240865,0.65004134,0.73492897,0.5732868,0.5934756,-0.017349996114436828,0.14825997,0.16882241,0.8351243,0.880663,0.82375807,0.82980895,-0.00812833140725675,0.06316984,0.05114787817001343,0.03317723423242569,0.26062435,0.75442684,0.82686335,0.7250711,0.75171375,-0.011186152932200977,0.08690088,0.123878896,0.876081,0.9138402,0.86895454,0.87507755,-0.006169978926775488,0.046748027,0.3420017659664154
base-noprop__298931f62e1fcd1c182d348d865aefe21b2f1a4b__吐司菇__v0__d1334783__c0.mp4,0.4238062,0.8837391,0.8522808,0.5621828,0.60311925,-0.0019248990791117348,0.1273098,0.10586023,0.944488,0.94015163,0.87958074,0.89547426,-0.0008163727790470746,0.026390482,0.05881071090698242,0.030525630339980125,0.19625497,0.93025327,0.91733235,0.79014647,0.8311946,-0.0013992321703273792,0.05002,0.055612028,0.9721918,0.9706771,0.937376,0.9472836,-0.0005510829889727311,0.014120236,0.5178478956222534
exact-r1__6412a059222f17ae5dc01573da2024b28b38fb3b__炸虾菇__v629__scooter__75776486__c0.mp4,0.8682983,0.104233906,0.52695566,0.09918537,0.10494474,-0.04607506799456398,0.32787395,0.39915758,0.5835613,0.8069307,0.58019495,0.5858548,-0.02034405074100721,0.14666626,0.28285640478134155,0.12178350239992142,0.22279549,0.7514719,0.8563526,0.7452409,0.75106955,-0.009555994580856887,0.06832229,0.12551326,0.86099285,0.9287143,0.86099285,0.8650577,-0.005827792489481537,0.04169465,0.3334403336048126
exact-r1__b4bc5d9a39711e181bd7233cb5e38a348642950f__炸虾菇__v1116__bubble__e49f6691__c0.mp4,0.6027579,0.09356551,0.25645235,0.09356551,0.10471773,-0.026246935512001805,0.20189713,0.61013347,0.2907006,0.5528246,0.2907006,0.31031096,-0.032013494388859254,0.21731347,0.3729599118232727,0.209613636136055,0.5615024,0.28385502,0.41410545,0.24012464,0.24965361,-0.02820387217602711,0.227661,0.27577358,0.6537279,0.7624383,0.6537279,0.67579347,-0.013068820942531943,0.09065664,0.15272256731987
exact-r1__46a88b94d8c5451f884baeac062b15b148ad8fe6__爆炸菇（爆炸后）__v448__glasses__d54494ff__c0.mp4,0.78198576,0.20034482,0.32860437,0.1792734,0.19006479,-0.027214255625669197,0.26276788,0.43896902,0.7508335,0.7396565,0.53930354,0.61423427,-0.005446206734114493,0.111730434,0.2670036554336548,0.16078996658325195,0.28912348,0.81694645,0.81375784,0.6727499,0.76504546,-0.0027347659994019884,0.063130826,0.17463696,0.9075573,0.90044653,0.8063072,0.8716659,-0.0010966155604411583,0.037513237,0.30882811546325684
exact-r1__4b73dcb962cbfd0a121d5292b514c93b57ca1509__毒蘑菇__v481__eyemask__9dd97bcd__c0.mp4,0.3035599,0.68847895,0.8072109,0.68760693,0.70180637,-0.01380534051906452,0.09510753,0.08300918,0.90743464,0.93925774,0.90743464,0.9089374,-0.0035664627674540255,0.024296153,0.03649890422821045,0.024272818118333817,0.131625,0.86837864,0.9042675,0.86010593,0.8635741,-0.005398849783678766,0.0386644,0.051187575,0.9437829,0.9635306,0.9437829,0.94535035,-0.002225423577745902,0.01519037,0.35601305961608887
exact-r1__5db4894bfeddbd04cfb6a00ed191a0e8200cac35__炸虾菇__v587__coffee__d00d573a__c0.mp4,0.7372407,0.34091067,0.70381624,0.251487,0.29055196,-0.04085681784765523,0.31408256,0.22865158,0.8039142,0.9025949,0.76127046,0.7790078,-0.011745210221633617,0.08937796,0.12004894018173218,0.041404835879802704,0.2812668,0.7479142,0.87308264,0.70746076,0.7191935,-0.015123536464253932,0.11112978,0.11299616,0.89054644,0.9439998,0.8774603,0.88086545,-0.006262169053903204,0.045875628,0.1962982416152954
base-props__c52c60db374d20e0b184bfe3476d54058ae4bf84__炸虾菇__v773__eyemask__4650b901__c0.mp4,0.6016706,0.6234975,0.59034586,0.35346687,0.38156864,-0.017472065602366617,0.1911708,0.2266308,0.8574892,0.84249544,0.75768256,0.7649771,-0.006506976108306008,0.072771005,0.13635998964309692,0.07492557913064957,0.24248618,0.7991366,0.824176,0.71265143,0.75811607,-0.004181553370396591,0.059421636,0.11219412,0.9129136,0.917421,0.87244815,0.88100296,-0.0026456276654254628,0.03217517,0.42564722895622253
exact-r1__32c709f75cca177d6ecdd8d8c6010b7f68a74ab7__蘑菇力__v337__scooter__8a0fa60e__c0.mp4,0.8520955,0.13830635,0.6747703,0.13830635,0.14154646,-0.04803303626215037,0.35124534,0.2801816,0.74305415,0.8950337,0.7149551,0.74361765,-0.013961899598596597,0.10130762,0.18365609645843506,0.06263318657875061,0.18748987,0.83101106,0.9088181,0.802912,0.8258498,-0.00907080046273031,0.06416347,0.09652984,0.9131658,0.957667,0.8986112,0.9128983,-0.00449813360517677,0.031892847,0.5838630199432373
exact-r1__46efe225dec2d1e5429fa9bf2a6c0d66fc5cb87e__吐司菇__v450__bubble__2ba3618b__c0.mp4,0.845867,0.07746825,0.26566395,0.074073985,0.07752678,-0.03471200471456815,0.28720903,0.66835606,0.29684895,0.5563127,0.28686035,0.29704398,-0.034142888935187125,0.23206942,0.29258960485458374,0.14496371150016785,0.73466694,0.20761059,0.37139055,0.19269308,0.20577528,-0.029936914976406482,0.2622061,0.41005492,0.5613705,0.7012764,0.5593754,0.581671,-0.018886144571153552,0.13696308,0.12623995542526245
exact-r2__7e246fadacbc4777412514b06881f29674ac1928__炸虾菇__v785__glasses__9710d0be__c0.mp4,0.8470497,0.46734512,0.49608302,0.14487979,0.17152762,-0.012402118916214693,0.23861071,0.2832287,0.8535545,0.85359144,0.70880544,0.75465715,-0.0028044527816207146,0.07036549,0.17644137144088745,0.0963430404663086,0.27118385,0.88645244,0.8881387,0.7207457,0.8301249,-0.0021589557408344235,0.05591634,0.10971457,0.9483849,0.9499344,0.8852468,0.9255085,-0.0010400588804554169,0.023237586,0.53030925989151
exact-r1__fa8822b451db86406868163ad6abd81635c99e4c__爆炸菇（爆炸前）__v1579__bubble__a2820fb2__c0.mp4,0.87829906,0.07756172,0.27155632,0.067414716,0.07247229,-0.03554512824671779,0.28648436,0.7281554,0.24806413,0.511288,0.24806413,0.25883204,-0.03614431192634606,0.25096262,0.35519781708717346,0.20763811469078064,0.72075427,0.29723233,0.42919108,0.22555517,0.24782369,-0.026562950960378882,0.23746368,0.41327816,0.5678435,0.71892613,0.5678435,0.604546,-0.017587408305628032,0.12466811,0.1525420844554901
base-noprop__0d8ae407bd2be6cbaf00e2bc407478bbc70e81c2__蘑菇力__v0__17419925__c0.mp4,0.1595015,0.9741809,0.9218366,0.8312053,0.84547734,-0.0013264673854051408,0.057128575,0.056455195,0.9803581,0.9639076,0.9393548,0.94475526,-0.0005731719873639422,0.018082095,0.030956387519836426,0.015775585547089577,0.08113694,0.9741808,0.9471176,0.90956986,0.91536564,-0.0008539052113242725,0.028217938,0.026512027,0.98558325,0.979683,0.96929795,0.9712981,-0.00038721238671556593,0.008217265,0.458805114030838
exact-r1__925f4fc967e14c8e90c385f11e3c899b2fa6c14c__爆炸菇（爆炸前）__v910__flag__913dfdf0__c0.mp4,0.72532845,0.3133027,0.49399352,0.26906395,0.30761373,-0.02871680230255656,0.22508907,0.300094,0.7190336,0.796421,0.6970947,0.7041388,-0.012685132945479141,0.09905716,0.16893672943115234,0.10357821732759476,0.26533926,0.7483236,0.80188054,0.72905314,0.7424412,-0.00986318001634047,0.080610625,0.13591385,0.8690226,0.899999,0.86127484,0.8642845,-0.005799005978663439,0.04504607,0.3373432159423828
base-noprop__18b6b24b18ae837e3278ec0c2498b4f0c0c457b3__毒蘑菇__v0__4f31fb4d__c0.mp4,0.091021836,0.958837,0.93358,0.8814105,0.88477165,0.0008661702805357027,0.032238733,0.031202257,0.97278345,0.96789867,0.9516895,0.95250237,2.6249013870540273e-06,0.009751525,0.01697838306427002,0.009839671663939953,0.073651016,0.9630747,0.94526756,0.8996224,0.9115487,0.000610127750592727,0.023174811,0.019607782,0.98115265,0.9777383,0.9685666,0.9691952,-3.938818637563585e-05,0.0060479883,0.6049107909202576
exact-r1__5309b5b3623be09af91500fec7ff1ea85ea1fd9e__吐司菇__v519__coffee__4483e077__c0.mp4,0.5611111,0.9659613,0.8592052,0.42830238,0.57725376,-0.010480446012123794,0.16166498,0.11687255,0.9837002,0.95589274,0.8781288,0.8991094,-0.0022172112709919816,0.032456722,0.07185864448547363,0.019012372940778732,0.13256764,0.966708,0.9334477,0.85684586,0.8673592,-0.0028448159044439135,0.03847362,0.045265377,0.98609996,0.97490525,0.9499875,0.9520943,-0.00113918835466558,0.013723901,0.43113407492637634
base-props__b4922b313b5f45658c57e964eec6e061ed1c765b__粽子菇__v718__flag__a54f5f92__c0.mp4,0.28114587,0.87239444,0.80332834,0.6903143,0.7060798,-0.004052523567742503,0.08943318,0.08624184,0.93414766,0.9207876,0.89128613,0.8942832,-0.0015889006876662897,0.026783958,0.04910480976104736,0.03083747811615467,0.13703084,0.8984446,0.88500893,0.83724844,0.8510975,-0.002033228871850625,0.038017474,0.052668035,0.95763147,0.95162505,0.93298334,0.93878275,-0.0007966441717072607,0.014648973,0.45901113748550415
exact-r2__65fa930a2832ed150be2f5f8c6f3014ee7d827a8__爆炸菇（爆炸后）__v648__flag__9e38806b__c0.mp4,0.47904664,0.65652615,0.7026208,0.49941856,0.50304097,-0.022484775176161338,0.17483635,0.17174888,0.84423053,0.8789457,0.8105357,0.81242144,-0.00854788443787769,0.06327592,0.05853301286697388,0.03548717871308327,0.25240594,0.75204325,0.82550204,0.7260591,0.7386639,-0.01235005400868744,0.09013716,0.121587634,0.88179827,0.9144329,0.8653461,0.867961,-0.00640295628502434,0.046514306,0.39578160643577576
base-noprop__cd19e3a058e1dc2909d79dd0b89fd5e5cf73511a__粽子菇__v0__e18935fc__c0.mp4,0.72781545,0.48423183,0.56096697,0.26167196,0.27585453,-0.029613093925794615,0.24496867,0.1915102,0.8642809,0.8779023,0.7983868,0.8024481,-0.007077285659171844,0.05914173,0.13442111015319824,0.07562194764614105,0.17125094,0.8764776,0.8756184,0.818382,0.8294506,-0.0044720699429040885,0.041882794,0.061928988,0.95314586,0.9535243,0.93185174,0.9320735,-0.0019283046128721552,0.017129809,0.5856349468231201
generic__30b4282f1742fb0fb6e237b3bacf4fb43522adf0__蘑菇力__v173__crown__17f1e4ea__c0.mp4,0.07086331,0.9205142,0.9495973,0.920256,0.92586464,-0.0028922160859164645,0.021797212,0.035395265,0.96184313,0.9723607,0.95951927,0.9618964,-0.0012455863561554766,0.01080117,0.01118844747543335,0.005579018034040928,0.06816149,0.9326644,0.95150805,0.922958,0.9308679,-0.002698416354156752,0.02052547,0.027807593,0.97143,0.97793967,0.96710694,0.9707873,-0.0009651609324655318,0.0079827225,0.4788495600223541
base-noprop__7d7630861f0f92a7a3103fc3527dbadc1c0cdc15__爆炸菇（爆炸后）__v0__6fe47f2d__c0.mp4,0.7028691,0.29056436,0.5789669,0.27347612,0.30280733,-0.034935477635134826,0.24231312,0.23618066,0.75451696,0.84896576,0.74989307,0.76093674,-0.0112966949878474,0.07729835,0.1259547472000122,0.07542801648378372,0.30906183,0.6808976,0.8195561,0.6672834,0.6826149,-0.014844303604642414,0.101072535,0.1209141,0.87081695,0.92439383,0.8685857,0.8814537,-0.005636177279732445,0.038324263,0.4208253026008606
exact-r1__efbf0d91c10bbe32864ae440f80f77dc5a2388c8__爆炸菇（爆炸前）__v1505__scooter__c081259c__c0.mp4,0.91758657,0.06811792,0.33806437,0.06707645,0.06871156,-0.04663070746266797,0.35478297,0.7260982,0.26603952,0.55420077,0.26603952,0.2751649,-0.04144228285127007,0.29228786,0.4884466230869293,0.2957466244697571,0.43877214,0.5651923,0.7280983,0.54678035,0.55594385,-0.022984961393793576,0.15928757,0.25529164,0.74181885,0.8499474,0.7374669,0.7426847,-0.013986429265836492,0.09557836,0.2956787943840027
exact-r1__f38d3823fc9736b8398e78aa10bbd459e43178eb__蘑菇力__v1531__eyemask__5c177e12__c0.mp4,0.8854734,0.106667124,0.4084162,0.10148038,0.10312372,-0.040180461790427405,0.28211117,0.34617764,0.6427099,0.800322,0.6427099,0.66229653,-0.01601566939721466,0.10903233,0.17558860778808594,0.09919407218694687,0.31740052,0.6695533,0.7788446,0.6695533,0.68684816,-0.012081071970019891,0.08563765,0.17222983,0.8182985,0.899516,0.8182985,0.83667135,-0.007183235860153632,0.0484904,0.1681327223777771
exact-r1__62671de5d59372c360feb3d41db56086df4cc5db__爆炸菇（爆炸后）__v619__scooter__9a31e29f__c0.mp4,0.042957187,0.9632425,0.969386,0.9386569,0.9498227,-0.0007528315773123228,0.011465418,0.031445503,0.9773048,0.9806565,0.9603338,0.9689925,-0.0004054061744524083,0.007550649,0.009724855422973633,0.005717982538044453,0.034462094,0.96768093,0.97161764,0.94715214,0.95941603,-0.0006043137062208348,0.009400805,0.024867773,0.9839714,0.98637456,0.969195,0.97567904,-0.0003907013198603934,0.00639567,0.3650461733341217
base-props__58f1eb94dfa1635a5bd8ef3c9f0f7ca945b65730__爆炸菇（爆炸前）__v337__bubble__f964e72a__c0.mp4,0.86827314,0.1744554,0.4663348,0.1205838,0.13154136,-0.047656356787728706,0.33823112,0.2942232,0.72517586,0.81628484,0.6988934,0.7128424,-0.015475870533422998,0.109978765,0.11394596099853516,0.06976748257875443,0.5027915,0.6428865,0.7440501,0.48606524,0.5471486,-0.022236509844955246,0.15947795,0.18778843,0.8274467,0.8860523,0.80540377,0.81706053,-0.00955865464427256,0.06648467,0.11508288979530334
generic__1f66a501aba063a2796ee4f1f4d6082295197784__汉堡菇__v114__flag__f06d72e5__c0.mp4,0.81696784,0.6465372,0.5733136,0.17069629,0.18454075,-0.018298692456465017,0.24319641,0.21214521,0.8875039,0.8761615,0.777212,0.7817961,-0.0050619696911144724,0.060411625,0.1263178586959839,0.06414845585823059,0.22675157,0.8442992,0.84183884,0.7609124,0.7637057,-0.005801993043055182,0.06168387,0.08925849,0.94405925,0.94030994,0.902836,0.90383744,-0.002202670446968826,0.024803786,0.46514230966567993
base-props__54b808c68379bb80df935fac20da98e5db366a47__蘑菇力__v316__eyemask__a6e4b9f7__c0.mp4,0.21992266,0.8029913,0.85938215,0.75473595,0.77073264,-0.009395281022245246,0.06422329,0.08356464,0.9222041,0.93598235,0.9023175,0.91124713,-0.0033125416210046544,0.023591321,0.023537158966064453,0.015361915342509747,0.14920145,0.88245916,0.89041823,0.8254571,0.8406356,-0.005554993868816498,0.041055687,0.062416017,0.9416559,0.9513443,0.9256204,0.9342169,-0.0025377996825418116,0.01831047,0.2526136338710785
exact-r1__16597e08fbe04aa1b1563b4418564d5f7378092e__爆炸菇（爆炸前）__v144__glasses__c1085498__c0.mp4,0.3742019,0.65288806,0.69889235,0.5955154,0.63493484,-0.0071992214489360155,0.09283975,0.10957831,0.89779556,0.90643007,0.8738108,0.89127934,-0.0014640614095883873,0.023522438,0.0693361759185791,0.05030956491827965,0.11193335,0.89004785,0.89520603,0.8577839,0.87653136,-0.0010964697882121003,0.021731766,0.043774962,0.95212823,0.9567396,0.943147,0.95095706,-0.0007004106468833966,0.009133276,0.5061874389648438
generic__084b3e71188f9a2159d683c11a6ad5bd65815355__爆炸菇（爆炸后）__v36__crown__8895be78__c0.mp4,0.35621393,0.5036895,0.62806845,0.5036895,0.5252872,-0.010715562776614559,0.08126083,0.11663675,0.82990396,0.8598824,0.82990396,0.8332702,-0.003906323622337913,0.03040657,0.05732738971710205,0.049952030181884766,0.20961368,0.7079015,0.7815352,0.69951606,0.7122328,-0.00809175141244068,0.057913147,0.08887029,0.87993443,0.9098345,0.87993443,0.88482153,-0.0032712441423665014,0.023480128,0.3703877925872803
exact-r2__4684d4e3cc283d2f82a830567f416163b041076b__爆炸菇（爆炸后）__v446__glasses__bf74e4b6__c0.mp4,0.8849911,0.072983116,0.26644206,0.06365423,0.0680491,-0.028217391151448962,0.23493332,0.52736676,0.44602165,0.65242964,0.4416448,0.44338596,-0.024227178997908667,0.17898375,0.38443970680236816,0.23047198355197906,0.30949122,0.6729234,0.765094,0.6438722,0.6564961,-0.011556022958793205,0.087478,0.16570729,0.82913464,0.88290167,0.8113799,0.8212039,-0.006765184430736815,0.05018984,0.3559008836746216
generic__edb1f0c36ee48806d99094bace7f3423c10bdc39__毒蘑菇__v925__eyemask__b5908fb5__c0.mp4,0.7151781,0.29486716,0.5873366,0.26600534,0.27387646,-0.042692080022318106,0.3149158,0.3168987,0.68626183,0.8158851,0.6712476,0.6747524,-0.018783435166588893,0.13754094,0.22860807180404663,0.12134556472301483,0.17444652,0.8168309,0.8822331,0.8068606,0.81512,-0.008957115204437899,0.06387808,0.09255111,0.902971,0.9372307,0.89878595,0.9005486,-0.0049732268563372544,0.036151208,0.48598384857177734
exact-r1__b8aae01622b539280aab040bd3a45f4a09b87822__毒蘑菇__v1151__crown__d1cd1e76__c0.mp4,0.8832616,0.10520926,0.3600995,0.08624276,0.09308796,-0.04534882212816022,0.3554215,0.415999,0.6168236,0.7380882,0.56819415,0.6064985,-0.019734025237117377,0.15391664,0.2041788101196289,0.12173319607973099,0.51332974,0.5335751,0.6735023,0.45617458,0.52171844,-0.022328522159412455,0.17416963,0.22491378,0.7921037,0.8598214,0.76361996,0.788189,-0.010275322340222683,0.079737574,0.34988391399383545
exact-r1__f098f956c8048e901cfef55e3a9c2c1ae2f2ea2b__毒蘑菇__v1512__glasses__f866fd2d__c0.mp4,0.80761415,0.10986687,0.26840472,0.105017945,0.10994594,-0.019392834556668175,0.18623945,0.634333,0.32849002,0.590409,0.32099426,0.33007994,-0.020591942306328197,0.16869333,0.45226144790649414,0.27072638273239136,0.33588862,0.6008379,0.7558064,0.6008379,0.62903035,-0.010264586966499515,0.081005976,0.20194012,0.7668993,0.8611354,0.7668993,0.7733786,-0.00683876200626961,0.053270496,0.36866259574890137
base-props__0b0e83bd494c16e5170e432e0697b925efbac110__爆炸菇（爆炸后）__v46__crown__3d886017__c0.mp4,0.16823488,0.94074917,0.89005744,0.8197875,0.83150315,-0.0012730128562497376,0.055345815,0.06740886,0.9683443,0.948401,0.9251516,0.92767054,-0.0006754613912152758,0.021135652,0.03816938400268555,0.020848121494054794,0.10192919,0.9520649,0.9277017,0.88609314,0.89401144,-0.0010052479420726173,0.030865254,0.036427796,0.97569644,0.96924925,0.9569679,0.95932925,-0.0007767432880966912,0.0109353,0.6016669273376465
exact-r1__760285ef5947a16af0c940bb34e75f4a00966d63__爆炸菇（爆炸前）__v738__eyemask__2ae27729__c0.mp4,0.42417186,0.5784731,0.7924108,0.5590144,0.5832442,-0.020948939997216927,0.14713791,0.115248084,0.87727886,0.927503,0.8733164,0.8776566,-0.005591066046194589,0.038274437,0.045456111431121826,0.023799600079655647,0.20614243,0.7853993,0.8737196,0.77704394,0.7878661,-0.009481559334536326,0.065415576,0.076063395,0.91824883,0.95130265,0.9151031,0.91916806,-0.003458836509776204,0.023487195,0.21544060111045837
exact-r1__f16563383dc7f5abb88446494148bd692e6b4a57__毒蘑菇__v1520__glasses__e21d6045__c0.mp4,0.7730494,0.20334184,0.38372475,0.1829366,0.19757831,-0.0336039648372901,0.27147692,0.27774382,0.7116241,0.78493196,0.70233595,0.70673096,-0.012979568641176333,0.09890636,0.14986634254455566,0.10415760427713394,0.34850305,0.62953657,0.7109419,0.61250323,0.6276963,-0.014366877232144465,0.11463563,0.13594788,0.85195327,0.8890896,0.85005546,0.8514189,-0.006365614446255545,0.048751507,0.3231492042541504
generic__e011acdfa772be70a370c32cc68bd1d67b47e245__爆炸菇（爆炸后）__v877__scooter__becb1965__c0.mp4,0.54221004,0.44468567,0.6433583,0.41194332,0.44284308,-0.028328298226646762,0.19759169,0.13920999,0.8508502,0.89274853,0.83592546,0.8473486,-0.006353198009517376,0.045845848,0.0977092981338501,0.05675942078232765,0.106624365,0.84928864,0.88065636,0.84752905,0.85021794,-0.004279540579309572,0.032358676,0.0472126,0.93778473,0.9495079,0.93363476,0.93677795,-0.001804412059161978,0.014135784,0.5537433624267578
exact-r2__b84a69fca80b7f3ae9dfc999d5b9896f6e7dc072__粽子菇__v1148__eyemask__e8f2b594__c0.mp4,0.5863755,0.43547207,0.6463598,0.39654902,0.41745192,-0.031272144450736145,0.21855216,0.13163072,0.85856867,0.908842,0.8566447,0.8580013,-0.006814197707081975,0.047001924,0.05359840393066406,0.030074985697865486,0.3688581,0.6417408,0.7803813,0.61557996,0.6418603,-0.01771007884632456,0.12535018,0.081124544,0.90981066,0.9389169,0.90803254,0.91010785,-0.0039860517257758275,0.027956348,0.4058549404144287
exact-r2__bdebc74b25211ea6cffb432e9c5848b26d88626a__爆炸菇（爆炸后）__v1185__bubble__2caa57df__c0.mp4,0.7937449,0.24177672,0.28343523,0.16137265,0.17837404,-0.016140482171250903,0.20214692,0.34272206,0.6910367,0.71176535,0.62745583,0.641285,-0.009477370635794104,0.08725628,0.1967374086380005,0.13795848190784454,0.6619675,0.77155244,0.6018353,0.2957895,0.30594033,0.005465394835698273,0.2044142,0.18978983,0.8876119,0.8497238,0.7912968,0.8054655,-0.0009225727069990575,0.04302717,0.2015683650970459
base-noprop__7980439f022908b0edafecd558418e07616aeaf7__炸虾菇__v0__7daff488__c0.mp4,0.03506112,0.9785766,0.9680904,0.95384127,0.95590204,-0.0002684398248732608,0.01108217,0.019822478,0.98652625,0.98079824,0.9717295,0.9729299,-0.00014780090731594773,0.0060319523,0.006775200366973877,0.003865415696054697,0.033613265,0.9788503,0.96923167,0.9552892,0.9567895,-0.00025111878577899855,0.010587257,0.016483665,0.98998344,0.98466384,0.97615194,0.97739935,-9.242377497934452e-05,0.0055131908,0.5938225984573364
base-noprop__90d2739dfb7858927d0f47919eb4bdb9a91380c7__爆炸菇（爆炸前）__v0__32bc0f09__c0.mp4,0.5313294,0.3595865,0.44010916,0.35643622,0.3606443,-0.010232936370042947,0.105120905,0.1609723,0.7916858,0.83371013,0.7888932,0.79184884,-0.004007659528566468,0.03361595,0.10201609134674072,0.07954774051904678,0.20587564,0.7388979,0.77023023,0.72845435,0.7369067,-0.004319908060575186,0.043947723,0.08266014,0.8914031,0.9132578,0.890357,0.8914739,-0.0021114963670021986,0.017480463,0.4852063059806824
base-noprop__b281dc2a1f8e99821ca80a015d7a15c12c8925f9__汉堡菇__v0__e02d8808__c0.mp4,0.7024734,0.75379354,0.29179543,0.08376826,0.087675944,0.011318147499040651,0.25153708,0.47541505,0.8759239,0.6109576,0.44000524,0.4435997,0.005786167332541816,0.17155387,0.3433881402015686,0.23361815512180328,0.32183325,0.8639681,0.72942716,0.5821258,0.612453,0.0016687279162199517,0.104472,0.1820414,0.9245932,0.8445757,0.77078724,0.7825538,0.0006302881382199639,0.060376093,0.3475511372089386
exact-r1__91c39501adafbba839f83b6334e1af2e954a86dc__爆炸菇（爆炸前）__v905__flag__04bc6241__c0.mp4,0.44831258,0.60610455,0.65934324,0.5375466,0.5855065,-0.011286044898240463,0.107337594,0.16163206,0.86110705,0.8774495,0.8310245,0.855668,-0.003730564720545843,0.03688347,0.06494367122650146,0.04234030097723007,0.19903708,0.7956923,0.83122593,0.7868221,0.79450417,-0.006461404411217904,0.054714303,0.09889048,0.90390855,0.91978985,0.8944699,0.90010023,-0.003286135821003222,0.028850986,0.36538755893707275
exact-r2__c39c1f9a7737ec2bce1e203f09f772557f7229c4__爆炸菇（爆炸前）__v1223__coffee__4cdd0ec2__c0.mp4,0.887746,0.13610202,0.31420812,0.103915304,0.13094361,-0.026682325149242132,0.23018369,0.44348133,0.6247252,0.7181085,0.5508338,0.57412004,-0.013262197434195405,0.11302565,0.31918150186538696,0.18453633785247803,0.28221297,0.8085917,0.81341594,0.70944834,0.7523142,-0.006834453509259143,0.06160882,0.15368807,0.9001672,0.9026447,0.84063774,0.86028475,-0.004076486401878341,0.035390902,0.25105148553848267
exact-r1__48c861a729f66f679642de5c029313df7a318d4d__爆炸菇（爆炸后）__v464__glasses__6d7807e3__c0.mp4,0.87311137,0.09320325,0.20763221,0.087373845,0.089147426,-0.01907608410704278,0.20193875,0.47504026,0.52923965,0.6348876,0.50795174,0.52936554,-0.013165283344479889,0.12617086,0.30506259202957153,0.22819042205810547,0.31827724,0.6835846,0.74949205,0.6433803,0.68399465,-0.006585474659802909,0.07611711,0.17887843,0.8236058,0.86307794,0.8061602,0.82346094,-0.004494900406584898,0.0458064,0.38807040452957153
exact-r1__f44b249ab205afe2f0029c4e88c48023c974dbc4__蘑菇力__v1540__eyemask__bfca9d9c__c0.mp4,0.4466961,0.5431822,0.6665472,0.5431822,0.58058673,-0.009404307415362885,0.08930969,0.15107173,0.84289414,0.90806013,0.84289414,0.87125725,-0.003955359751056766,0.03095382,0.05624890327453613,0.041886068880558014,0.2381168,0.7517615,0.84454614,0.7517615,0.7973385,-0.005418135007850733,0.046249915,0.09953898,0.8944269,0.9499463,0.8944269,0.92298234,-0.002715040572547158,0.02113813,0.2367849349975586
exact-r1__c201cdfec75485fc44ee9bef9bbf95d338e7ceeb__爆炸菇（爆炸前）__v1210__coffee__d6b09413__c0.mp4,0.85818326,0.08751406,0.3446524,0.08751406,0.09850839,-0.0309088831112201,0.23285697,0.56798685,0.41243654,0.66904783,0.40415215,0.421355,-0.022482722143646276,0.15793014,0.36517971754074097,0.19308245182037354,0.38131922,0.5754021,0.75092655,0.5728765,0.5854699,-0.014792859142005697,0.104069434,0.22048753,0.7629654,0.86213034,0.75731057,0.76754266,-0.008644478064280708,0.060665566,0.2810819745063782
base-noprop__c5e43dd5e62f17a4edf36f4eec759833b39bd954__爆炸菇（爆炸前）__v0__dfff2390__c0.mp4,0.07648504,0.9582845,0.94765955,0.9109769,0.9247273,-0.0015624463558196896,0.018004825,0.032951176,0.9786893,0.9756323,0.96155375,0.9666015,-0.0007082119054002698,0.007821115,0.011731326580047607,0.003963187802582979,0.06080538,0.95844865,0.9498548,0.92665666,0.93073153,-0.0012899665493267783,0.015686035,0.021378815,0.98013777,0.9795954,0.9731261,0.97394013,-0.0005194750345742777,0.0051471093,0.4467531442642212
exact-r2__29f679c8be6e6b658cdfb3ab8df8254b60f131e5__蘑菇力__v272__flag__86d422b6__c0.mp4,0.64284325,0.33877534,0.4971401,0.33877534,0.3557233,-0.024396608881799616,0.18997663,0.27515167,0.71249837,0.7994718,0.71249837,0.7253986,-0.01191995107373701,0.08482591,0.0545504093170166,0.040128741413354874,0.53392726,0.45342845,0.5975364,0.4480036,0.4699486,-0.02108666680664885,0.15811051,0.22594434,0.7661036,0.8396006,0.7661036,0.77778953,-0.010039581847285104,0.07113658,0.34338217973709106
exact-r2__ed2aed62a6cc33d8917e875c075f9a9da2079de2__汉堡菇__v1487__bubble__d6169561__c0.mp4,0.682927,0.36380547,0.60522956,0.29019392,0.35153222,-0.03092855003040299,0.21105398,0.16035074,0.8373187,0.8802763,0.8272819,0.83379304,-0.006721495816358935,0.04776285,0.04030144214630127,0.026526378467679024,0.419533,0.75738466,0.783592,0.55358803,0.7022065,-0.011575029183753398,0.089194134,0.124893546,0.87762016,0.9068027,0.86426735,0.8691699,-0.005357996807268049,0.03826795,0.1363876909017563
generic__93cc4475cf0b1f25f9c50b862890b75be78a9117__汉堡菇__v590__coffee__8a5d7974__c0.mp4,0.72412825,0.32650924,0.41787517,0.26521635,0.29730198,-0.018581861622719905,0.1849523,0.30343223,0.76829505,0.79218566,0.6911287,0.7320349,-0.006292839943184694,0.069339424,0.185133695602417,0.12254860997200012,0.23855442,0.8192418,0.8200173,0.7507902,0.7591345,-0.005128732370764858,0.055344004,0.11840671,0.91141415,0.91473436,0.87626237,0.88565713,-0.0024324212620852083,0.026760895,0.4718548059463501
base-props__9988ed6b8baec6b7f72e2a2f31784ecde8be7eb5__粽子菇__v623__scooter__fee93b7f__c0.mp4,0.21863264,0.8199065,0.8544841,0.75113285,0.76726025,-0.006799069141210791,0.064499065,0.06538743,0.9336765,0.9432186,0.91844505,0.92431045,-0.0018886876082703193,0.017076632,0.031181633472442627,0.020543888211250305,0.12326515,0.8896755,0.89892626,0.8465003,0.85292506,-0.0029751745608484425,0.03332463,0.036010444,0.9601769,0.96376234,0.9496267,0.9513869,-0.0009933668869757353,0.0097076455,0.49602210521698
base-noprop__1cf0944b8af6ac43f6f7e794a0d68118b7de888c__吐司菇__v0__bc7f735e__c0.mp4,0.17952383,0.9224628,0.9281178,0.812945,0.8638758,-0.0056195810967283235,0.047682703,0.05726266,0.9586611,0.9689774,0.93830526,0.9500014,-0.0023502355272119932,0.017656134,0.025951385498046875,0.00993671640753746,0.102464974,0.93226904,0.94560564,0.8900038,0.9052018,-0.0037515818954927675,0.028529232,0.031311274,0.9729907,0.978914,0.96425664,0.9686824,-0.0012468255084493926,0.009135508,0.7342237830162048
exact-r1__b9d03992ce73a0fe5e4ee03adacf38bbabd0be7f__粽子菇__v1158__eyemask__bc8b377f__c0.mp4,0.737444,0.13250905,0.2761857,0.12206689,0.13177101,-0.022993911646689354,0.18452576,0.5269871,0.41555864,0.62686694,0.41259024,0.41511512,-0.026659255030126918,0.18787846,0.3500232696533203,0.2179652750492096,0.3196531,0.64446664,0.72591823,0.59211886,0.59686303,-0.013904022605051643,0.098890744,0.21170843,0.76285744,0.84483224,0.75058657,0.7532453,-0.010486718576416202,0.07406286,0.15898126363754272
generic__13eda229e23f72de63829ca2a162c20a3b56bf44__吐司菇__v72__bubble__b7a22711__c0.mp4,0.5819272,0.46852207,0.47518107,0.33162725,0.35407367,-0.015384827913502938,0.14793345,0.17668092,0.8018733,0.8216531,0.77716935,0.7858692,-0.005700613552402627,0.047636602,0.10909157991409302,0.08555417507886887,0.19499302,0.77644014,0.78113323,0.73195505,0.7390853,-0.005198004688670038,0.048618045,0.08720219,0.89704514,0.90720725,0.8840996,0.8892602,-0.002777168755474777,0.023184089,0.5097622871398926
exact-r1__3473624e34e6ca3ec276f7ca9440e71c53e468d5__蘑菇力__v349__scooter__7b69306e__c0.mp4,0.90471864,0.08562715,0.35588285,0.08282841,0.085015595,-0.046897662104118484,0.37050793,0.44164455,0.55342484,0.73475456,0.55019444,0.5525398,-0.02404741760299141,0.16761693,0.21411138772964478,0.12484050542116165,0.49789178,0.48965532,0.6905326,0.48965532,0.50140804,-0.02571843965015866,0.17916015,0.2332583,0.7646796,0.859595,0.75940806,0.7607544,-0.012606821276924834,0.08757499,0.2415083348751068
base-noprop__f4d25ec51527a18f0ee61a4803329a4966535857__爆炸菇（爆炸前）__v0__76db88a8__c0.mp4,0.74864405,0.8486687,0.5582678,0.19026582,0.24462222,-0.0015994488692330753,0.274159,0.36413866,0.93159914,0.7995797,0.6060714,0.66554374,-0.0011041126703556256,0.12423434,0.24524271488189697,0.10740870982408524,0.22673023,0.89258575,0.8230485,0.71480066,0.7513094,-0.002254658301357221,0.072115995,0.12334454,0.9424535,0.9069884,0.85118663,0.86417747,-0.001179855037112463,0.04127558,0.3327193856239319
exact-r2__f2e592fdf9ea64c3001a6620ae7f5abcb234e05b__毒蘑菇__v1529__glasses__18a1a004__c0.mp4,0.8768219,0.090281054,0.21304782,0.08308627,0.088660516,-0.02522682475861119,0.23414738,0.71771586,0.26225978,0.43374175,0.26225978,0.26564354,-0.028712748244345897,0.22333486,0.44038474559783936,0.31377148628234863,0.5230192,0.45684767,0.6187126,0.43930447,0.45028162,-0.02228197352334915,0.15371314,0.38644207,0.6228111,0.74751323,0.5965618,0.61331654,-0.016837920124822922,0.11647703,0.30454960465431213
generic__e9b94ecc359c2f277ccefaf7095c17b14b261bcc__爆炸菇（爆炸前）__v909__coffee__12dbfcb7__c0.mp4,0.8485791,0.13023871,0.4130191,0.13023871,0.13566847,-0.04399630886763925,0.31591457,0.23970592,0.7510148,0.83716387,0.7510148,0.7538027,-0.011804390389457523,0.08111535,0.15206539630889893,0.09409159421920776,0.21126741,0.7891147,0.83878577,0.7675504,0.76982427,-0.008970813965608958,0.065347746,0.08967644,0.9030599,0.93125534,0.9015204,0.9031469,-0.004018462870431989,0.028285641,0.3374258875846863
base-props__36be73a15cf37206fd7e42ba1a164bb08d4ac477__粽子菇__v192__eyemask__a30556fd__c0.mp4,0.23348671,0.6584898,0.710679,0.6429649,0.6516637,-0.008254712808273532,0.06654635,0.07455236,0.87701297,0.8966034,0.87452173,0.8759758,-0.002797106685845774,0.021227099,0.0455358624458313,0.035900406539440155,0.11781311,0.82018006,0.84389925,0.8055918,0.8118013,-0.004264420082446627,0.03284808,0.054890633,0.9185493,0.93250376,0.9156238,0.9175972,-0.0020303990647726968,0.015260501,0.5093154907226562
exact-r1__6dd3305af84339168c5003d4bf2d991700333485__吐司菇__v699__flag__5a52fed1__c0.mp4,0.61843646,0.35110226,0.6394149,0.34950888,0.35845715,-0.026847682981623044,0.21944359,0.19882756,0.7854123,0.87067705,0.7840045,0.7854473,-0.00946351862236444,0.06836958,0.11257606744766235,0.05853264778852463,0.17316914,0.8164207,0.86164767,0.79477614,0.80898774,-0.007347633951737482,0.053418368,0.09083134,0.8952621,0.92920977,0.89464647,0.8951485,-0.004634470984398618,0.03196817,0.3366021513938904
exact-r1__f38c85c9dbbd6fe91ebb9c9d9e17e6640548549d__蘑菇力__v1530__eyemask__64ba8978__c0.mp4,0.8155675,0.16694865,0.4555497,0.16694865,0.18462387,-0.037969748566862145,0.27314445,0.22094762,0.7797233,0.8508417,0.7646395,0.76739305,-0.010815526244668664,0.075566255,0.12474298477172852,0.07659851014614105,0.2950819,0.731769,0.80231375,0.68906695,0.7094564,-0.012772043231918868,0.09260088,0.111539185,0.8999182,0.9274402,0.8794495,0.8841384,-0.005174951414345742,0.03626483,0.2897455096244812
generic__b2678863871b99530ba9e74fef126b3d90508f99__粽子菇__v712__flag__594ae7a3__c0.mp4,0.57018757,0.74716675,0.7774854,0.42068756,0.47647277,-0.0192063424309252,0.19270916,0.11190045,0.90440357,0.93502134,0.8804858,0.88550335,-0.0055090492304134975,0.042762507,0.0532689094543457,0.02913825586438179,0.19871014,0.8548739,0.88885504,0.7921651,0.8044394,-0.008589390650568275,0.071356915,0.062534094,0.95346487,0.9641596,0.93270206,0.9375691,-0.0026326271385072315,0.021730065,0.413714200258255
base-noprop__54b808c68379bb80df935fac20da98e5db366a47__毒蘑菇__v0__e031863b__c0.mp4,0.035323083,0.94314295,0.9493135,0.9376215,0.9416897,-0.0009736741484389496,0.008229044,0.018810153,0.96475947,0.96776795,0.9626329,0.9646559,-0.0005095242982796589,0.0050024036,0.014980971813201904,0.012051685713231564,0.02905047,0.95144475,0.954647,0.94480574,0.94642806,-0.0007868272513740057,0.006936735,0.010351896,0.9784838,0.97981966,0.97702026,0.97727525,-0.00031602741936923224,0.002655174,0.6871098279953003
generic__9913e00ce076c968bc96c617de2d2d16bf2971d3__毒蘑菇__v622__crown__7885a7b0__c0.mp4,0.75157523,0.84254456,0.4985485,0.2299706,0.23908311,0.012212042457501408,0.25367624,0.30474734,0.9339286,0.815915,0.68115807,0.6921713,0.003849354068281146,0.0966005,0.16802918910980225,0.0926029160618782,0.29096043,0.90195775,0.8151184,0.6909216,0.7024743,0.0017518240943727899,0.08383672,0.14352489,0.95444465,0.908518,0.8455727,0.8541764,0.0009584005760109786,0.04159625,0.2279706448316574
exact-r1__6474718652c3298f3ac628f29426024c3a14fa73__炸虾菇__v630__scooter__a8183c89__c0.mp4,0.7977304,0.24361789,0.4388702,0.19595973,0.20913123,-0.04023160938571093,0.31922022,0.17508936,0.81996065,0.8665268,0.818612,0.8193613,-0.008381732132123869,0.06600727,0.1028972864151001,0.07256606221199036,0.22070277,0.78885055,0.84309655,0.77298737,0.7796518,-0.008986470374194047,0.07459299,0.079793096,0.9177761,0.9390928,0.9163693,0.91793966,-0.003613998826313406,0.02827327,0.5484074950218201
exact-r2__34495e2b0882ddeaad3237f3947906d32c637b3c__爆炸菇（爆炸后）__v347__coffee__78676887__c0.mp4,0.7091732,0.5303025,0.6973869,0.2748834,0.33767092,-0.025327569941286997,0.23604691,0.19771612,0.8724834,0.9028967,0.7835345,0.8109087,-0.006239484421349319,0.058367312,0.09715938568115234,0.04255760833621025,0.25187385,0.8573624,0.87254375,0.73262835,0.7634617,-0.007225001105677939,0.06855117,0.10934591,0.93847376,0.9454544,0.8806939,0.89140326,-0.00295482081151291,0.030721545,0.19311439990997314
exact-r2__795ea87e86ea2b176586612ac5417582a9a6aade__毒蘑菇__v756__flag__8e4f927d__c0.mp4,0.63691014,0.62838244,0.60895574,0.34386522,0.3527186,-0.011804370658670965,0.2163587,0.21854675,0.839777,0.8588379,0.7717464,0.77707845,-0.006089125285035541,0.06850596,0.10384553670883179,0.05123263970017433,0.24619406,0.7639977,0.8159483,0.7345814,0.7558706,-0.009615214975926255,0.079543,0.120521665,0.88322616,0.9100705,0.8711157,0.8759568,-0.004920808399618872,0.04100288,0.3226088881492615
exact-r1__9105e103aa4a36f27aede759ea75c7879796a8fc__粽子菇__v900__crown__401bb7e3__c0.mp4,0.42708066,0.40382552,0.35828832,0.1833733,0.24546614,-0.0058050876549581324,0.1317929,0.18449086,0.8099668,0.7922073,0.7030266,0.7399808,-0.001918929779953643,0.04824449,0.12692147493362427,0.09236650913953781,0.35486078,0.6426084,0.68465406,0.505613,0.59576297,-0.008055063811215499,0.09371721,0.13391465,0.8856947,0.8845739,0.8120643,0.85332257,-0.0015901159863227173,0.02994314,0.17201311886310577
exact-r2__5ce68a5ba0874b66f9821e844283d9113ab37ebd__吐司菇__v584__scooter__5f03dc73__c0.mp4,0.9382798,0.053502,0.42037424,0.053502,0.054536022,-0.05568365545081999,0.4018547,0.7430729,0.25179285,0.6457039,0.25179285,0.25450474,-0.043774109201233403,0.29937544,0.4019850492477417,0.19982384145259857,0.5161392,0.478831,0.75057364,0.47564262,0.48845452,-0.02820830300391428,0.18993664,0.34882468,0.646127,0.84552765,0.646127,0.64980084,-0.019720965400043696,0.1352837,0.2871238887310028
exact-r1__9700a7a9addc20582629c6dd1fdb667f2d2cb24b__毒蘑菇__v938__bubble__ca71b52b__c0.mp4,0.8687364,0.12916455,0.44820306,0.119760275,0.1318308,-0.03671649755107556,0.2709278,0.4082303,0.574559,0.7995285,0.574559,0.62530017,-0.017294109279930348,0.12522161,0.21390342712402344,0.08077634871006012,0.7513825,0.58705926,0.6871813,0.23711413,0.3352102,-0.020676811398724803,0.21895285,0.28972822,0.7884624,0.8803048,0.7023741,0.7803694,-0.00966852903366087,0.082636006,0.1736423373222351
exact-r2__d9b45e907f3f46e26cc2c0c367c828a5ba9ab34c__汉堡菇__v1361__flag__17c31c4e__c0.mp4,0.35988277,0.7060997,0.75438863,0.60484403,0.62849,-0.013727282582535574,0.11898755,0.14993894,0.87575305,0.8905754,0.8291105,0.83793354,-0.00559231668357321,0.048835058,0.06909894943237305,0.0374152772128582,0.17004931,0.81903565,0.85502875,0.7974645,0.8086563,-0.0072069049706101115,0.059124608,0.0873335,0.9056818,0.92799056,0.89820945,0.899585,-0.004209504886107031,0.032957472,0.3960157036781311
base-noprop__3832d04a1cb8b144cb27edf994f26444ef4fd338__毒蘑菇__v0__622f1af8__c0.mp4,0.073194265,0.9362681,0.93331164,0.890959,0.90042466,-0.0015080656576533524,0.022743843,0.03869301,0.97120255,0.9651487,0.9440925,0.94617534,-0.0007661235897908604,0.012251604,0.017346501350402832,0.008530842140316963,0.06370109,0.94008815,0.93757665,0.9004523,0.91458154,-0.0012956322888611675,0.018770698,0.028048515,0.97511834,0.9736796,0.95753694,0.9623224,-0.0005872963445459933,0.008348784,0.5439512729644775
base-noprop__050d465c02a6aedcb83961a3f85cf51de88d0d3e__毒蘑菇__v0__e268c9f8__c0.mp4,0.030373275,0.9775157,0.9662234,0.946716,0.9533981,-7.53519327744157e-05,0.010168674,0.01948917,0.9868146,0.9794507,0.9691899,0.9713458,-4.932166559423701e-06,0.0062775966,0.010760486125946045,0.004425341729074717,0.030373335,0.9775156,0.96622336,0.94671595,0.95339805,-7.535741027636227e-05,0.010168654,0.009628952,0.9874438,0.98387605,0.9790501,0.9801283,7.608839174525568e-06,0.0035331165,0.5209835767745972
exact-r1__3929a8b7e6afe5fd1810927be8a57f7894a5ecbb__粽子菇__v373__flag__30ad4720__c0.mp4,0.51624346,0.47862583,0.6550054,0.47613737,0.47994867,-0.026026302175559544,0.19792308,0.21772194,0.7790022,0.8624221,0.7765637,0.7792051,-0.011505469679832445,0.081057,0.0872684121131897,0.053577154874801636,0.23770225,0.7553655,0.8418175,0.7546786,0.75827557,-0.012259952812326754,0.0882403,0.13603729,0.8588209,0.91599923,0.85824835,0.85972726,-0.007401270121924951,0.050958954,0.4382125735282898
exact-r2__b872a91da124369a0db4f6c8e1f348f11ee5ee45__粽子菇__v1150__eyemask__7cba3ab5__c0.mp4,0.38195634,0.6012169,0.75262976,0.5838264,0.61716205,-0.01464082306552781,0.10656666,0.106597066,0.87493134,0.9148148,0.87220037,0.87553954,-0.004195887875179981,0.030973874,0.04914498329162598,0.035672448575496674,0.16267812,0.8107914,0.8793486,0.8107914,0.82114977,-0.005886683527659998,0.042963002,0.071267486,0.9178722,0.9504872,0.9171981,0.9205092,-0.002992699563267698,0.021283848,0.22130204737186432
base-props__152077a5b2e9ecb98c83d24bd2c2d3c0ce349e29__炸虾菇__v75__crown__25e13e4c__c0.mp4,0.6257827,0.8038989,0.5686649,0.29637364,0.33325446,0.013968956329134604,0.18665525,0.18933165,0.9366828,0.8539662,0.77102137,0.785238,0.004560346188752553,0.058080107,0.13004225492477417,0.08120447397232056,0.19493258,0.924338,0.84169304,0.75114775,0.7812263,0.004412107729157917,0.05745576,0.07752085,0.96614844,0.93517065,0.8996955,0.91342413,0.0015357569036747426,0.02173477,0.47360938787460327
exact-r2__91446ea62cb3f54e6d1bd638f46c2302dc00f82d__爆炸菇（爆炸前）__v903__flag__50b4ea47__c0.mp4,0.6372444,0.36054164,0.604096,0.3477704,0.36056298,-0.029714252873371705,0.21408547,0.21089059,0.78398144,0.851514,0.77428657,0.7810792,-0.009659753781062345,0.06913693,0.09222567081451416,0.05313180759549141,0.2667135,0.7183014,0.8043567,0.7183014,0.7246243,-0.011683600516658522,0.08638793,0.1288746,0.86700565,0.9046459,0.8620073,0.86661094,-0.0059337997624996615,0.04362732,0.3944397270679474
exact-r1__63906d5df56c7aab4ab721f0d0f9233c71af9c5f__爆炸菇（爆炸后）__v626__scooter__3e4bbfb7__c0.mp4,0.6672982,0.38820302,0.3991858,0.13672295,0.15446885,-0.011736201497877066,0.16730477,0.29103017,0.76069534,0.7751028,0.64541435,0.6634609,-0.006043463003022882,0.07578541,0.23400437831878662,0.1457306444644928,0.1544869,0.8377563,0.8392381,0.7666637,0.7754409,-0.0020509358686891846,0.036546223,0.085383415,0.9144678,0.9208334,0.8792001,0.88350934,-0.0015847019762860993,0.021851044,0.5192751884460449
exact-r1__b4dda76fcb4d5ce0a269d5bda4ab6bd412c2999d__炸虾菇__v1117__bubble__ce8000e2__c0.mp4,0.8426863,0.13539943,0.48454335,0.13539943,0.1438307,-0.048955313640503095,0.34500936,0.60607886,0.38172397,0.73790044,0.38172397,0.42728457,-0.031012947056368884,0.20958175,0.35541394352912903,0.11130619794130325,0.7481297,0.4845326,0.611133,0.23016688,0.23937689,-0.041804286419402925,0.30871686,0.2866292,0.7371379,0.84920686,0.7046962,0.7164891,-0.01597526486918862,0.10988641,0.16020645201206207
base-noprop__cf4cabe622b3f02cfc5256b5fcd31ea8829ff9ce__粽子菇__v0__e96afd9a__c0.mp4,0.7417766,0.89317405,0.47171834,0.17938086,0.20533213,0.004407728731396635,0.24096178,0.35869575,0.9494318,0.7620589,0.6038347,0.6224087,0.0010847352121187335,0.113930225,0.2411084771156311,0.13234253227710724,0.19038868,0.90389633,0.81346893,0.74034476,0.7538043,-0.00043692407400711396,0.055350017,0.12684608,0.9558597,0.8944014,0.84494317,0.8508723,-0.00020262663779052728,0.03801972,0.4506554901599884
base-props__db8515de9bb0464fda393bf87d44ee920714f2f6__毒蘑菇__v851__coffee__ff0eaf80__c0.mp4,0.08844745,0.91076946,0.9263747,0.8828263,0.89730096,-0.0025127527742046614,0.023915019,0.039053977,0.94741803,0.9576564,0.9443771,0.9474279,-0.001431687723977773,0.010574103,0.01901531219482422,0.013425985351204872,0.068077564,0.92315537,0.93359965,0.9031962,0.91174513,-0.0020278343570091163,0.018373676,0.023719907,0.9658862,0.9710823,0.9616295,0.9638109,-0.000826532072700513,0.0066464557,0.5053460597991943
generic__948cf55caa00a45bfcc117ea6e39a73bdfffbf47__汉堡菇__v596__glasses__24eda22f__c0.mp4,0.4366542,0.74688244,0.75566053,0.5055645,0.6110534,-0.005145285322732135,0.11532002,0.12536925,0.91121364,0.91102093,0.8480872,0.8614533,-0.001538269133435863,0.03497641,0.06807613372802734,0.0301478523761034,0.16314858,0.8316588,0.8485878,0.7862566,0.8067359,-0.004543521599807285,0.04664682,0.06622803,0.932779,0.94116884,0.9153892,0.9223877,-0.0016675507244856452,0.018791508,0.5102250576019287
base-props__ba3abbfec8cf023cadbbc300cee7b52e6fbf4c0a__粽子菇__v739__crown__1c99a3d6__c0.mp4,0.2856685,0.77385324,0.830168,0.6844672,0.7453737,-0.004018476947022991,0.07055627,0.076579034,0.9135494,0.9333498,0.90511364,0.9133709,-0.0014919793535126972,0.01927407,0.04550117254257202,0.02501082420349121,0.11554748,0.86435866,0.8896832,0.8548909,0.860105,-0.0028712761849754138,0.030364644,0.03874612,0.9491533,0.9583606,0.9476293,0.94938564,-0.0009106736291538747,0.01000987,0.577351450920105
base-noprop__5cd87e0e73b2c6ed3b794bb426544d934c63d371__汉堡菇__v0__64ad9a5e__c0.mp4,0.53659517,0.97746575,0.81966966,0.45450068,0.51402414,0.0018406148131185757,0.17527041,0.12810326,0.9880316,0.94632363,0.8663304,0.8786596,-1.641200936358561e-05,0.041319735,0.07004213333129883,0.023486772552132607,0.17574853,0.9774658,0.91728354,0.8153472,0.8290374,-0.0001317647252629279,0.056123972,0.06054586,0.98815453,0.9698104,0.9340459,0.93943584,-5.372852204816469e-05,0.018483698,0.4470879137516022
base-noprop__682f7d8fb59392161e4d92c0884afcd19b380053__炸虾菇__v0__e8b22ffd__c0.mp4,0.7997134,0.1920134,0.5393671,0.1920134,0.19806685,-0.03255380074615064,0.2394433,0.45420164,0.5399246,0.79437834,0.5399246,0.55671895,-0.018154820199069305,0.13738218,0.28110218048095703,0.11136873811483383,0.2824844,0.70924246,0.8345254,0.70924246,0.7266448,-0.009495522311553664,0.07145176,0.17341721,0.8210268,0.9057471,0.8210268,0.8306385,-0.006355276927646429,0.046529975,0.47161588072776794
exact-r1__24e0c0d7674fed7268d1287a7bec816936c45c1e__炸虾菇__v232__eyemask__68535f4b__c0.mp4,0.7955621,0.1888579,0.40490648,0.18247049,0.19113608,-0.028867855270507326,0.2124493,0.39746135,0.587652,0.732506,0.587652,0.60772693,-0.016311332936814665,0.11327512,0.26481038331985474,0.1725175380706787,0.23393857,0.76062876,0.83275217,0.7449695,0.76065177,-0.008672756522069338,0.06040207,0.13964021,0.8524624,0.9050235,0.85119295,0.86250085,-0.005179334593855807,0.036266986,0.2719065546989441
exact-r2__c62ad43dbd93c19b400a64a74e75a09af8e0c782__汉堡菇__v1238__glasses__e995fbb2__c0.mp4,0.6632328,0.36548156,0.5364513,0.31814548,0.35727116,-0.029904329700196675,0.23351978,0.22100466,0.8117206,0.85285246,0.7687298,0.78872406,-0.008046896384638739,0.067081854,0.11700934171676636,0.07462059706449509,0.22596103,0.80636847,0.8379326,0.75580496,0.7725567,-0.007029669086923698,0.06323542,0.104043245,0.9150226,0.92747307,0.88573915,0.8949205,-0.0029864998556408486,0.027814372,0.5304847359657288
generic__354f3e4b6107ffa5548e933c67773e98971848fa__蘑菇力__v186__flag__4fbe881f__c0.mp4,0.58009624,0.7222314,0.6371819,0.40088484,0.42253488,-0.007862264165294031,0.19140735,0.14086044,0.9125521,0.89840806,0.850276,0.854074,-0.0026349688000358753,0.044723377,0.06446915864944458,0.040935005992650986,0.2619719,0.8247956,0.83737504,0.7190092,0.7400737,-0.004039338160409304,0.07232705,0.08201033,0.93939185,0.9393431,0.9091261,0.91243017,-0.0014926438392857866,0.02329664,0.3445869982242584
base-noprop__4d17fcfde00cb2ae6b544f6fb2233f9c5e1c98bb__吐司菇__v0__50503f43__c0.mp4,0.2971663,0.8784976,0.8375726,0.6912223,0.73057806,-0.0023190041657964416,0.08855129,0.072711885,0.9426037,0.9450874,0.91937304,0.9226467,-0.0014278454625088457,0.021409448,0.03677105903625488,0.02244294248521328,0.13656151,0.915617,0.9085532,0.851827,0.8643737,-0.0014107019415957134,0.03883245,0.037650704,0.9663398,0.9675302,0.9561441,0.9577882,-0.000785566424663824,0.011001279,0.5166366100311279
exact-r1__34b54af8a5899c7c22353eaac7f1689280af08bd__蘑菇力__v350__scooter__5163f449__c0.mp4,0.80782396,0.19445467,0.36113748,0.18667285,0.1921706,-0.02886869282767235,0.27301982,0.2578373,0.7868185,0.8323061,0.73982143,0.75593555,-0.006586564034812546,0.07338119,0.17580318450927734,0.11112203449010849,0.22403419,0.7993196,0.83208716,0.77046263,0.7842783,-0.006168451646099929,0.06054892,0.083705425,0.9334972,0.943428,0.9139533,0.9204221,-0.0018429364493713018,0.021406112,0.34187132120132446
exact-r2__5db4894bfeddbd04cfb6a00ed191a0e8200cac35__炸虾菇__v587__coffee__d00d573a__c0.mp4,0.79405797,0.38092458,0.6293537,0.1916174,0.29221678,-0.04066829515893472,0.31370515,0.32646346,0.8102971,0.8690399,0.66283643,0.7614124,-0.012748642519057513,0.10405072,0.19113516807556152,0.06293223798274994,0.3029381,0.7951727,0.8393856,0.68273723,0.69826514,-0.014844329578603202,0.116351746,0.13736796,0.91167456,0.93197227,0.8539716,0.8786894,-0.006109245327621607,0.048401427,0.2083095759153366
generic__45467bec2e9b047dee0217f2ce7f25cf3110e190__爆炸菇（爆炸前）__v255__scooter__aa891a52__c0.mp4,0.71547294,0.13724823,0.23225375,0.13724823,0.15291198,-0.015489566923954744,0.15195802,0.33295447,0.6065211,0.7031792,0.6065211,0.62824166,-0.009774664115057622,0.07437077,0.2649538516998291,0.19044610857963562,0.1475997,0.77297443,0.80161566,0.76558256,0.7726657,-0.004007711417590224,0.03188541,0.0903126,0.871475,0.89362526,0.871475,0.8754756,-0.002678647931856605,0.020944143,0.26480451226234436
exact-r1__d9c72591547a6b046fa0ac574d4e8ba2273f59df__汉堡菇__v1362__flag__a96a2d87__c0.mp4,0.22382247,0.84559655,0.8603052,0.7590122,0.77260804,-0.0034169866280122354,0.069549076,0.1119985,0.9278066,0.93283457,0.87757015,0.893069,-0.001932723543389493,0.0320742,0.025597453117370605,0.012090027332305908,0.17183393,0.87033427,0.88067925,0.8110006,0.8234019,-0.0034977131681479985,0.05286726,0.09174788,0.9417694,0.9449245,0.90051365,0.9152956,-0.0015900557926992207,0.025812503,0.3997035622596741
base-props__1f66a501aba063a2796ee4f1f4d6082295197784__汉堡菇__v114__flag__f06d72e5__c0.mp4,0.65128523,0.33021182,0.566551,0.33021182,0.39464846,-0.026053036890717845,0.19290781,0.16894454,0.8211306,0.8768391,0.8211306,0.8324698,-0.0064635022355633755,0.047276795,0.10262101888656616,0.06643551588058472,0.18968081,0.79699945,0.85687524,0.79181623,0.80099744,-0.006263378933955585,0.047632806,0.06663561,0.9237516,0.94327456,0.9237516,0.9257268,-0.002321137446659814,0.017313467,0.48008567094802856
base-noprop__2770a5b18a2168d768e14e05d09d180635a509fa__吐司菇__v0__8eef82a6__c0.mp4,0.6568609,0.94747925,0.6406212,0.33441788,0.37219015,-0.009166251853285087,0.2532279,0.2847646,0.96894723,0.8472987,0.7108834,0.7261691,-0.0045529850740206775,0.107200995,0.16064167022705078,0.07935403287410736,0.22492176,0.9525795,0.86368597,0.7663569,0.78854597,-0.0029388629636274604,0.07442485,0.12711799,0.9758653,0.9266527,0.8685299,0.8792403,-0.0019425836358617186,0.043504395,0.3914104700088501
exact-r1__4738bebba8757a16e0b094a37be38bbf14855865__爆炸菇（爆炸后）__v453__glasses__9e868055__c0.mp4,0.9030425,0.058089435,0.43393478,0.056765184,0.058524422,-0.04800440212012282,0.35201058,0.43662572,0.5658659,0.74720025,0.53878856,0.54860276,-0.023756236132425747,0.17432286,0.29414743185043335,0.15069250762462616,0.31609923,0.66844106,0.7841349,0.64443326,0.656107,-0.015503495990523246,0.1131112,0.15270072,0.8372036,0.8978928,0.82733077,0.83301455,-0.007851839418938994,0.057135355,0.3881862759590149
generic__7327bccf5c0ab9eaa9686f4bb89d430405eb16a3__炸虾菇__v446__bubble__82feee5f__c0.mp4,0.7951994,0.15710604,0.38720563,0.15256643,0.17039263,-0.03595791920548373,0.25998375,0.26268172,0.7088193,0.808091,0.7076044,0.71624005,-0.011892275435651259,0.08025456,0.19867706298828125,0.1274915635585785,0.16857743,0.79635406,0.8574496,0.7886175,0.7971508,-0.006800816110942671,0.04610768,0.0766502,0.9048417,0.9355825,0.9048417,0.9119215,-0.003086030012062885,0.02085026,0.5250426530838013
exact-r1__efa3c0b3a59f3044968aa8514b14e13615002297__爆炸菇（爆炸前）__v1504__scooter__bc08d840__c0.mp4,0.9411441,0.13830715,0.37533838,0.048681747,0.09682686,-0.042380297468172706,0.3437625,0.50912654,0.70041144,0.7540946,0.48586085,0.5995377,-0.014452759868542669,0.1429501,0.3478623926639557,0.15017320215702057,0.3102718,0.7567166,0.7992225,0.67955416,0.69513273,-0.0111766575353419,0.096238166,0.16198021,0.88505816,0.90426785,0.83372325,0.8508154,-0.005367275283270668,0.04810139,0.35032200813293457
exact-r2__b7bea756eea719ee9128d28ce8616fadcb177446__蘑菇力__v1144__crown__7883a3fb__c0.mp4,0.6666271,0.39985716,0.58850145,0.2882502,0.362252,-0.031001401424643565,0.23657967,0.20827365,0.81224775,0.86622405,0.7705174,0.812154,-0.008859301449753085,0.06912087,0.08367562294006348,0.051662977784872055,0.45386958,0.79145885,0.80709374,0.5046525,0.7495752,-0.010503804554109993,0.10991901,0.14836955,0.89026964,0.9178871,0.8350183,0.8898717,-0.004921075089175723,0.04125023,0.2837279140949249
exact-r2__e7559760a0cf2b04b9b127f73bc5ed4e714ab9d4__吐司菇__v1450__eyemask__3722b5d8__c0.mp4,0.50415534,0.51305103,0.613545,0.4704066,0.5150333,-0.015027516355863217,0.13027018,0.12647939,0.86272025,0.88982964,0.8528998,0.8605473,-0.004090146584944295,0.031511,0.056898534297943115,0.043369390070438385,0.20255488,0.7893277,0.8173386,0.7738529,0.78099054,-0.00511661136574426,0.050447863,0.08250314,0.912217,0.933199,0.9074548,0.9125572,-0.002508592758725309,0.019483,0.23004209995269775
exact-r2__46ad1d7fc06fae0ddf3af206d3ae023bd4b24aae__爆炸菇（爆炸后）__v449__glasses__697a2609__c0.mp4,0.7716883,0.24726693,0.28864112,0.10146876,0.12824708,-0.010568984294597343,0.16710332,0.3570397,0.7046797,0.71905905,0.5903787,0.6370632,-0.004277538994084231,0.07646655,0.2631021738052368,0.157169371843338,0.20867676,0.7017952,0.7488081,0.7004203,0.70255524,-0.007300804431730585,0.05932451,0.10891396,0.85132855,0.8762284,0.85088444,0.85163677,-0.003518368474579616,0.029423518,0.43174901604652405
generic__58a25304d5897daa19607fb3b5ce8c1f9d1c340f__爆炸菇（爆炸前）__v335__bubble__54c5e930__c0.mp4,0.1925714,0.9239129,0.8876705,0.7848613,0.7991473,0.0008684187067355945,0.056012172,0.0653308,0.96039295,0.9507946,0.921244,0.92778116,-9.298937122811009e-05,0.01683588,0.04261505603790283,0.02228429540991783,0.07503462,0.9286981,0.93623143,0.9054162,0.9230862,-0.0013702602490134723,0.015974816,0.030582905,0.97195923,0.973079,0.9622973,0.9668032,-0.0005420069449503729,0.0071435533,0.37791046500205994
exact-r1__c219d3893a297a9d030244d12b8ed8581b487bce__爆炸菇（爆炸前）__v1212__coffee__40865391__c0.mp4,0.59995794,0.47179347,0.70432323,0.37763605,0.4957175,-0.025994248864914613,0.19368428,0.17581064,0.8094147,0.8878017,0.8066469,0.8165569,-0.009021876828943778,0.06448776,0.10909688472747803,0.04631206393241882,0.20195138,0.7776641,0.8608044,0.77632177,0.78404486,-0.010690984695325279,0.07494934,0.09950161,0.8906136,0.9341138,0.8906136,0.89373636,-0.00512303088022314,0.0349998,0.23697587847709656
exact-r1__b4eae72bed7b19f3df518a28e1218285d7456c4f__炸虾菇__v1118__bubble__a0e2054a__c0.mp4,0.7260757,0.21851575,0.39744788,0.2087825,0.21726832,-0.02876411722936179,0.21999548,0.21782017,0.7584945,0.81383896,0.7347262,0.73880285,-0.009411909657975904,0.0676192,0.15075445175170898,0.0972917377948761,0.22014254,0.7418171,0.80073357,0.7306341,0.73693824,-0.008668040392898287,0.062102504,0.09394193,0.8830627,0.9111307,0.8800997,0.8826816,-0.004108225050651045,0.028896872,0.233073428273201
exact-r2__78ef7e5e758387759b0edeb5d288c14dd38efee1__毒蘑菇__v754__flag__3596f3a9__c0.mp4,0.6711761,0.31640345,0.5165541,0.29622528,0.3082955,-0.032388696557448304,0.23513198,0.22598445,0.7555258,0.8388856,0.75486517,0.7557129,-0.011391884724613261,0.07875774,0.13228946924209595,0.08841290324926376,0.19228685,0.7861118,0.8471848,0.776747,0.78634346,-0.007712924786707165,0.053809427,0.106743574,0.8810546,0.9272986,0.8797679,0.881122,-0.005055983606063329,0.03403189,0.3533446490764618
exact-r1__edbff851b63c30a3fa7e8f354e07a85f34577d30__汉堡菇__v1495__bubble__83e145c8__c0.mp4,0.6906804,0.1513929,0.23985888,0.1513929,0.15902776,-0.01362714582222253,0.14824452,0.46820688,0.45909995,0.6293398,0.45909995,0.47976366,-0.019263559915567097,0.13437627,0.31435471773147583,0.20836780965328217,0.28364778,0.6443003,0.7190089,0.61834085,0.63493985,-0.010823253763051835,0.07602058,0.18224919,0.77345467,0.8377075,0.7731588,0.77709126,-0.007857138754822052,0.053975336,0.1971443146467209
base-noprop__0eaa401fc0b89ae5782586ac9dd79898a8983222__爆炸菇（爆炸前）__v0__5703d2db__c0.mp4,0.48625034,0.88777596,0.82370967,0.4708051,0.64125824,-0.006651271119890494,0.11815499,0.11016381,0.948721,0.9390433,0.8638567,0.9013945,-0.0016172577741117862,0.025820408,0.08200573921203613,0.028893152251839638,0.1004436,0.92389864,0.909814,0.858755,0.88099974,-0.0014468849647657838,0.02245984,0.038813114,0.97102094,0.96793634,0.9458624,0.9557212,-0.0006038282699735814,0.008280479,0.652259886264801
base-props__7327bccf5c0ab9eaa9686f4bb89d430405eb16a3__炸虾菇__v446__bubble__82feee5f__c0.mp4,0.7663449,0.13479461,0.22083257,0.12843516,0.13098519,-0.015856908553320434,0.17400998,0.26220477,0.6915831,0.75709105,0.69089246,0.692009,-0.008425793923408142,0.06395565,0.1932206153869629,0.1567714363336563,0.21784115,0.73996377,0.79973984,0.7181002,0.7386544,-0.007422521945987279,0.055991173,0.0903216,0.8840307,0.91386247,0.8839839,0.8842256,-0.0037207243588602257,0.026149869,0.49927785992622375
exact-r1__90670fc8fcb427723ab341cff42c86190936e160__粽子菇__v898__crown__be383a78__c0.mp4,0.93423694,0.05584232,0.3372748,0.04652674,0.051524118,-0.04295794343347607,0.32192868,0.36031657,0.6730776,0.7690839,0.6168907,0.6493584,-0.015553702007640498,0.11742308,0.20341545343399048,0.11879700422286987,0.46725154,0.6527269,0.73473936,0.51351225,0.63543624,-0.014154232066610605,0.11751123,0.20137328,0.85451293,0.88788116,0.7893196,0.8495264,-0.006310519140228444,0.05212272,0.31809088587760925
base-noprop__1d44abeca76e96eae0662cfdcbc0c67000cc6687__吐司菇__v0__287d53cf__c0.mp4,0.69570947,0.7428206,0.58014894,0.27562702,0.31281447,-0.016208358285690967,0.20667852,0.36918736,0.892297,0.8006462,0.61678886,0.6428342,-0.0078046112781456674,0.1130874,0.2199716567993164,0.1103065088391304,0.29448557,0.8843533,0.8285225,0.67751765,0.7195467,-0.005938090295659698,0.07993769,0.15266103,0.940955,0.9109527,0.83656096,0.85397345,-0.0034093281968308985,0.042727996,0.48409587144851685
exact-r2__c222c0506a97b7a9e8e24f8b8a715d3bd0ecbd85__爆炸菇（爆炸前）__v1213__coffee__f5015232__c0.mp4,0.8287805,0.313528,0.6226039,0.15588349,0.19163117,-0.03245562275231122,0.25757462,0.29408503,0.8111621,0.8760419,0.69519734,0.723224,-0.009599265668231974,0.08364142,0.16882258653640747,0.05929021164774895,0.31198192,0.80026174,0.8477464,0.6726819,0.7066852,-0.009129557390458037,0.081429996,0.12698442,0.9008232,0.9353322,0.86401606,0.8735672,-0.0044566808717524005,0.0364334,0.18331196904182434
exact-r2__7da73bccaac018dfba8c400a2b8c3e42302f427e__炸虾菇__v780__glasses__986387a9__c0.mp4,0.83889514,0.14412102,0.29731524,0.1290459,0.14167047,-0.03023981969994991,0.2606678,0.57320243,0.45191103,0.5805639,0.4039473,0.44106215,-0.022703087936512583,0.18111649,0.43727999925613403,0.2837684750556946,0.3039797,0.6639613,0.7710571,0.6639613,0.67305577,-0.012794156614028426,0.088015236,0.19828796,0.7858077,0.86433244,0.7858077,0.79056746,-0.008586872531020143,0.05843456,0.3968696594238281
exact-r1__470a7aa47f649f4fe10fe13dbfba445b46e71eb7__粽子菇__v452__scooter__0475c49d__c0.mp4,0.79789364,0.9602022,0.5607877,0.18905306,0.20329162,0.0009342303035758481,0.3496085,0.24719757,0.97881925,0.8663283,0.74167854,0.7514063,0.0005264050757932022,0.10045448,0.14442449808120728,0.06326086819171906,0.4210649,0.96020216,0.7921655,0.56588197,0.616564,-0.00022995265811798324,0.15191916,0.12678969,0.98152536,0.92958933,0.86531174,0.8771753,1.9978982186589202e-05,0.04730908,0.23715990781784058
base-noprop__db8692607b532a06def0a9c28e842cfc4dbca1b5__粽子菇__v0__90e65196__c0.mp4,0.55680984,0.4367131,0.6723044,0.4367131,0.44856432,-0.02973284507575245,0.22012886,0.1857838,0.8252393,0.8831703,0.81022495,0.8113181,-0.009521109372259598,0.07333353,0.11764657497406006,0.06869751214981079,0.15291595,0.87983966,0.8948888,0.8406069,0.84493417,-0.00562548172096961,0.04795447,0.06859279,0.93835914,0.9518678,0.92741597,0.9276069,-0.0030188297212359536,0.0237979,0.5729103088378906
exact-r1__32c709f75cca177d6ecdd8d8c6010b7f68a74ab7__吐司菇__v337__glasses__b3a1493e__c0.mp4,0.88069403,0.10589116,0.30564317,0.093627244,0.10294044,-0.03585617452594839,0.29835227,0.5965918,0.41779166,0.62616485,0.3875478,0.41763553,-0.0277000148246882,0.19255234,0.45171862840652466,0.2803319990634918,0.22065902,0.78955793,0.8384395,0.7536622,0.785649,-0.007179926447717572,0.05489818,0.1485523,0.8645983,0.9064968,0.8377582,0.8642112,-0.005084020346992108,0.037337787,0.4357314109802246
base-noprop__36eb6a2b312cae414c0f305a4fd633fb23cd8654__蘑菇力__v0__ef35bbdf__c0.mp4,0.7085677,0.4684328,0.4727045,0.27207625,0.2788976,-0.0077888350712923176,0.19528575,0.25934154,0.80095005,0.8098317,0.72975487,0.7319479,-0.0026126112273559352,0.07244329,0.20004206895828247,0.12833406031131744,0.15220368,0.8385086,0.86763746,0.82844037,0.8413906,-0.0032297747997427186,0.03273949,0.06623322,0.9249395,0.9381657,0.9233507,0.9264935,-0.0014064257795160682,0.015856653,0.5739808678627014
exact-r1__23da2230a72cefbf4cfaa971a6d3952246086a5c__汉堡菇__v223__eyemask__7a57961d__c0.mp4,0.9010274,0.106305696,0.45855525,0.08468945,0.100545615,-0.0476873837956209,0.326851,0.28875118,0.7038228,0.8269463,0.7038228,0.71126515,-0.014986552268620062,0.10285215,0.13967961072921753,0.08039044588804245,0.31723726,0.6684797,0.7790455,0.6684797,0.68652374,-0.013762045165766857,0.09766362,0.15283227,0.8401896,0.9073367,0.8401896,0.8500703,-0.007236282227067605,0.048890386,0.15657703578472137
exact-r1__16eade7b0e21611f64303c64853bbd35f887019e__爆炸菇（爆炸前）__v147__glasses__a5e6108f__c0.mp4,0.87675554,0.11568566,0.3237768,0.109779514,0.11273669,-0.03819800039436742,0.2937317,0.27388614,0.7178486,0.79364985,0.7148215,0.71560115,-0.012847493877523977,0.093516946,0.1772618293762207,0.12320941686630249,0.26023334,0.7423917,0.7927342,0.72630167,0.7357254,-0.009252737044345719,0.071463704,0.10709119,0.8925299,0.9168593,0.8856472,0.8900345,-0.004355893304696665,0.032476634,0.5375325679779053
exact-r2__ed513c133759343ab1260e918b82fed8e1b08af0__汉堡菇__v1489__bubble__1436c561__c0.mp4,0.7341169,0.16821158,0.38352543,0.15731755,0.16547976,-0.029847625731361724,0.22780107,0.40224683,0.55177724,0.72993594,0.5487279,0.5549574,-0.02030897464441215,0.14537735,0.2663641571998596,0.1438627392053604,0.39009005,0.6614454,0.7316772,0.55182225,0.62580353,-0.01267024238590196,0.10787907,0.17342454,0.8181414,0.8737986,0.80320925,0.8163851,-0.007510276415602492,0.054516245,0.1891690492630005
exact-r1__5e251213a13de31edf2e489d219063a9041511e3__炸虾菇__v589__coffee__0ec22905__c0.mp4,0.3182118,0.92893744,0.8548849,0.66587925,0.70362645,-0.008036623182504078,0.10754308,0.07390571,0.9563981,0.9469558,0.9125976,0.91485715,-0.0026592803684619176,0.025692668,0.037342190742492676,0.017987074330449104,0.13377619,0.9351374,0.9154968,0.85031503,0.8646073,-0.003990206617140486,0.0401459,0.045321047,0.9714891,0.9649429,0.9470795,0.9495804,-0.0015403433986332239,0.0141913565,0.4198993444442749
exact-r1__f9d979263ca90b8d782fab2b3ee4583fc05533f7__爆炸菇（爆炸前）__v1573__bubble__9842ef1a__c0.mp4,0.8289623,0.45158443,0.3643699,0.13097422,0.1346334,-0.021494796050513694,0.2598317,0.29109067,0.82309985,0.79150766,0.6878769,0.7030309,-0.007073544584244138,0.07822793,0.10251456499099731,0.05920655280351639,0.75593305,0.8328179,0.5651737,0.20527422,0.2158429,-0.007078444857606786,0.2726423,0.22660112,0.9190347,0.8507144,0.7569009,0.76922095,-0.0029268974489845287,0.06636914,0.13944798707962036
exact-r1__73bf249242912f0ade61fe547d0e5e069f3f56b6__爆炸菇（爆炸前）__v729__eyemask__e8f17ff7__c0.mp4,0.74813473,0.23999867,0.40754348,0.23868194,0.24198222,-0.030686886237544054,0.24975449,0.31440187,0.676942,0.7767671,0.67692757,0.67739195,-0.015071897108564273,0.1066206,0.15673232078552246,0.10841012746095657,0.38166475,0.6102141,0.7215937,0.605152,0.6102604,-0.01782916026859888,0.13035275,0.16416645,0.82977176,0.8851772,0.8294164,0.83044857,-0.007892369458326711,0.054933675,0.32201528549194336
exact-r1__66d87cc94688950f69cb883873f0307161008b73__爆炸菇（爆炸后）__v654__flag__ca7185cd__c0.mp4,0.8570161,0.13592875,0.27385458,0.12953962,0.13432337,-0.027679401291571114,0.25405625,0.5285016,0.46431118,0.6005792,0.46431118,0.4732798,-0.021280373568120223,0.16359347,0.33692824840545654,0.2409532219171524,0.34306687,0.6751698,0.7161056,0.6434889,0.649246,-0.009988241574980995,0.08987967,0.19181412,0.80123943,0.8415324,0.80123943,0.80390155,-0.006889256564053644,0.056038603,0.33985599875450134
base-props__4cb113661e22673b72a3e13f60cc0f8202bd9de8__爆炸菇（爆炸前）__v278__crown__ebb8e940__c0.mp4,0.7097929,0.5824506,0.48762143,0.26743388,0.29194978,-0.007558433434708797,0.18175353,0.32376486,0.8392594,0.78835166,0.6587428,0.675829,-0.002850761762249625,0.08556494,0.1991756558418274,0.110802061855793,0.22673565,0.81254506,0.81358933,0.7504912,0.75754046,-0.004343935034491816,0.051835477,0.13081342,0.90713984,0.89915365,0.857087,0.86061823,-0.0018568201498551837,0.032215957,0.4662073254585266
exact-r1__5db4894bfeddbd04cfb6a00ed191a0e8200cac35__吐司菇__v587__scooter__ab3fa636__c0.mp4,0.7844435,0.22621243,0.655256,0.20794107,0.21384864,-0.047394172638183525,0.3511504,0.2783472,0.73384225,0.88019836,0.717081,0.72310674,-0.01596184693306332,0.117262326,0.18311059474945068,0.0697292611002922,0.2354449,0.80538124,0.8868827,0.75693977,0.7686405,-0.011725626856442038,0.085346736,0.10286021,0.90596545,0.9499277,0.8926245,0.90327466,-0.005347166607973602,0.038259376,0.3589625656604767
base-noprop__04febc3ea3e866abdf75b3fab9b881e8f80a980a__爆炸菇（爆炸前）__v0__c726f2a4__c0.mp4,0.21605098,0.9279222,0.8494682,0.743621,0.77323985,0.0015983861307852707,0.07079872,0.06611407,0.97177106,0.94170403,0.9114083,0.91599447,0.000747007873689693,0.023060076,0.0435146689414978,0.023693708702921867,0.09319955,0.947433,0.90859604,0.87168014,0.8760454,0.00036909310478465374,0.032881916,0.03309703,0.9781906,0.9653978,0.9519205,0.9531549,9.610153469643079e-05,0.011199911,0.5728232264518738
exact-r2__49e4303b44fcc27a48dcbb9fedc8fd22431b34ff__粽子菇__v472__glasses__e8cc5d52__c0.mp4,0.76146364,0.2683245,0.3984832,0.22994694,0.25164402,-0.024217337958897536,0.22785962,0.23425251,0.7739751,0.8180393,0.7600704,0.7696182,-0.007749166825543275,0.069694065,0.14237743616104126,0.09986141324043274,0.3572061,0.681826,0.77566904,0.6342045,0.6781279,-0.012882871707908724,0.09813583,0.116300225,0.88902783,0.9179007,0.87860703,0.8873255,-0.004245994119304941,0.033120975,0.35617557168006897
exact-r2__16597e08fbe04aa1b1563b4418564d5f7378092e__爆炸菇（爆炸前）__v144__glasses__c1085498__c0.mp4,0.32938874,0.70776474,0.7907431,0.6625464,0.68404436,-0.011140764289693881,0.10801446,0.1047287,0.8952153,0.9268299,0.88915163,0.8946714,-0.004039069350529103,0.034144115,0.06669080257415771,0.041240353137254715,0.10145581,0.8996842,0.91951114,0.8904793,0.8960281,-0.003049489243228454,0.026333261,0.0384171,0.95843256,0.9680702,0.95584244,0.9573335,-0.001358671504047077,0.010891083,0.5875141620635986
base-props__b2dc2ae872b575489bad295a459616c0acd91ca9__粽子菇__v714__flag__d6ba270d__c0.mp4,0.79830134,0.58305544,0.5445273,0.18136014,0.18673138,-0.003995635248573407,0.23900554,0.3183694,0.8202476,0.8250875,0.6677687,0.6856823,-0.002197453155819133,0.09081498,0.21278071403503418,0.09850245714187622,0.20677155,0.8314035,0.84962356,0.77289,0.7820639,-0.002647064596767956,0.04984105,0.10985863,0.91287243,0.92358977,0.88054943,0.88622856,-0.001620944427407313,0.028973028,0.5704410076141357
base-props__a72599b49c4b660f3e5b470ed5a8d66283fa20c5__汉堡菇__v676__eyemask__5aabc100__c0.mp4,0.65053487,0.32218367,0.53386086,0.30645284,0.36631054,-0.021743638065492694,0.17691901,0.2968644,0.6887424,0.81639475,0.67387295,0.72752124,-0.010701484477567112,0.079787575,0.19762957096099854,0.10681302845478058,0.20455122,0.76805377,0.8505249,0.7602551,0.8021986,-0.006441670208580429,0.04863721,0.111839354,0.8786907,0.92320776,0.8715025,0.89655375,-0.0034533027603692247,0.026501507,0.61393141746521
exact-r2__92701c4890bfa8037986aa613bac5b8b817f1d93__汉堡菇__v913__crown__84118245__c0.mp4,0.50613815,0.79846466,0.7248115,0.48720264,0.5480104,-0.010977872157756523,0.1408367,0.16268772,0.90351665,0.8900627,0.8337426,0.84489244,-0.0046376840988166645,0.048838705,0.08516007661819458,0.05056414380669594,0.22179413,0.8651053,0.873322,0.7716484,0.8114016,-0.004786419774232671,0.051041998,0.08062649,0.93521357,0.94062674,0.9158305,0.9212986,-0.0024719992762969037,0.022441158,0.4185600280761719
base-noprop__30b4282f1742fb0fb6e237b3bacf4fb43522adf0__蘑菇力__v0__d1ed6740__c0.mp4,0.6435686,0.9624479,0.5962623,0.34250396,0.3851562,-0.004115313379896496,0.26362896,0.2057162,0.9735066,0.8644636,0.78499377,0.7935431,-0.0016463542644214188,0.08202059,0.13819849491119385,0.08205366879701614,0.15500408,0.9650121,0.8915123,0.8310684,0.8379521,-0.0018259915320769707,0.05693599,0.07417023,0.9798322,0.9465173,0.9194579,0.9223003,-0.0009076156517262671,0.027468279,0.6004054546356201
exact-r2__c6d551e2f705a7d57a495d15b9431b5db8120bae__汉堡菇__v1242__glasses__46631ac4__c0.mp4,0.78479445,0.20937794,0.39500028,0.20727184,0.208673,-0.03491355689323468,0.28698364,0.33764303,0.6543684,0.7619241,0.65414906,0.6544332,-0.017015260375535534,0.12408858,0.1853671669960022,0.12995827198028564,0.31905687,0.6942364,0.7817499,0.6730094,0.6867265,-0.014798064830274928,0.108274125,0.16087008,0.83713275,0.89188236,0.8340175,0.8371475,-0.00812395659124426,0.057584174,0.41594934463500977
exact-r1__d0d4cb576fa483b7c2b81f8e6750e75552ba0fa1__蘑菇力__v1295__bubble__ca9dae90__c0.mp4,0.6856046,0.7999808,0.5005556,0.27811217,0.30482858,0.003932928879977204,0.21390481,0.18059915,0.90999836,0.8571941,0.80086195,0.81010765,0.00016924285370370357,0.047532804,0.09224677085876465,0.06274519115686417,0.2050134,0.88116163,0.82301456,0.7614932,0.771445,3.3804373778848534e-05,0.056749858,0.09231144,0.9476528,0.9199393,0.8931087,0.8952362,-0.0002475611188195123,0.027243188,0.28028130531311035
exact-r1__56692a18605af2f263d58cc64535e24b96e865eb__汉堡菇__v550__scooter__50136184__c0.mp4,0.8930259,0.1266628,0.18407741,0.094206184,0.09787408,-0.017174625099294284,0.24704887,0.56784904,0.47399879,0.56362265,0.42533,0.45983988,-0.017753903014151005,0.15073137,0.373675137758255,0.26958152651786804,0.39432508,0.6384596,0.67933273,0.59290725,0.6188283,-0.009988900465456387,0.10019561,0.19877636,0.8135658,0.8332042,0.7944027,0.8035657,-0.005134861165355781,0.052389044,0.3404102325439453
exact-r1__da18f49b2e5b88e15d50da1b25bdc798e18021b7__汉堡菇__v1365__flag__626e9903__c0.mp4,0.372854,0.63922006,0.75588286,0.5930455,0.64092404,-0.01857851345548518,0.13969223,0.123401046,0.86262333,0.9022397,0.85446084,0.8614142,-0.006470240505316518,0.04920404,0.040059566497802734,0.023726439103484154,0.18995678,0.7972182,0.8493586,0.77668095,0.79007304,-0.009355961392990693,0.07616529,0.09098011,0.897311,0.925966,0.89402527,0.89558774,-0.004953940336412134,0.03819632,0.4023389220237732
exact-r1__a9816777eac0a4b87543f0fe4ad36edf6b92ca8e__吐司菇__v1049__crown__a8d4e42e__c0.mp4,0.81015074,0.21322577,0.32436743,0.15199289,0.1780971,-0.023262814614965995,0.21065193,0.37287158,0.6656996,0.7158241,0.60475606,0.622296,-0.011940416670128306,0.10130069,0.22967404127120972,0.16143189370632172,0.38159382,0.6021957,0.73600596,0.58543396,0.627203,-0.012711093889865962,0.09621488,0.17341846,0.8380203,0.87725604,0.811486,0.83750093,-0.005651753410520292,0.0436082,0.34750092029571533
exact-r2__c1f249311adad45f3c16099a7e9941c56910a7a1__爆炸菇（爆炸前）__v1208__coffee__eb648246__c0.mp4,0.73193854,0.36246473,0.5568016,0.24304765,0.28501916,-0.037878343003540656,0.29899755,0.25066233,0.8002714,0.8538135,0.73105025,0.74739033,-0.01180595324444676,0.09398057,0.14284342527389526,0.07617808133363724,0.31023902,0.7979567,0.84103835,0.6660908,0.72678703,-0.011662712917026332,0.0971776,0.12601167,0.9086244,0.9299916,0.8632396,0.88442886,-0.005290725014426525,0.042809755,0.29401668906211853
exact-r1__740682cd2158ca2b38b0a802130d0921d6fa1c72__爆炸菇（爆炸前）__v730__eyemask__91da29c3__c0.mp4,0.65213037,0.33803183,0.5547113,0.32844913,0.33777937,-0.0297440524275595,0.2206008,0.22563314,0.7659197,0.8623005,0.7634727,0.7693153,-0.009853826622246748,0.07069265,0.11294209957122803,0.06302353739738464,0.2713065,0.71141493,0.80195063,0.7098614,0.7242086,-0.012017128142443566,0.09037931,0.11415213,0.8781759,0.9253239,0.8764148,0.8802675,-0.004879224441739413,0.035291165,0.2669171988964081
generic__1d5a1c958b3030b64164f55cfb9fdefdf2716651__汉堡菇__v107__flag__30c943b7__c0.mp4,0.6803317,0.44752538,0.60436827,0.31015563,0.3790317,-0.03202071473768107,0.25375545,0.22409165,0.8115697,0.8626455,0.7681031,0.78287,-0.010312864726239986,0.08185313,0.13355863094329834,0.0703677237033844,0.20554507,0.8159909,0.85903865,0.78494227,0.7965993,-0.009178439324552368,0.07332785,0.09536207,0.91181695,0.9330131,0.8991108,0.9021377,-0.0043966478627660835,0.03498935,0.45931166410446167
exact-r1__15f75abcba4174a7e03174d2ba8fa27b95e7f5ff__爆炸菇（爆炸后）__v140__crown__f2bea4e2__c0.mp4,0.82858825,0.20268166,0.28450963,0.13155913,0.16335653,-0.01997637053723393,0.21333368,0.47980452,0.6970243,0.6890894,0.49958324,0.5330129,-0.010742091673164963,0.12271493,0.19561469554901123,0.1111980751156807,0.67493105,0.28849518,0.50223917,0.28849518,0.29750967,-0.028961700648658387,0.20856184,0.33182645,0.77000904,0.8002875,0.6538198,0.7047395,-0.009024640611509085,0.084295474,0.17571887373924255
base-props__3ea8cf079e959693153dd04695b6f05e21f1dca3__爆炸菇（爆炸前）__v230__eyemask__1ad1dfde__c0.mp4,0.43371475,0.78523624,0.7688711,0.55873513,0.61341274,-0.003115515640601819,0.11742166,0.12263954,0.92518884,0.9227905,0.8711581,0.87750757,-0.001039781707077604,0.031551216,0.07239413261413574,0.033964719623327255,0.15934646,0.85600066,0.87566507,0.8331034,0.83947825,-0.003438797392864022,0.04571789,0.050694764,0.95084834,0.95675534,0.94355226,0.94421494,-0.0010859553992983875,0.0141823115,0.5447441935539246
generic__7674da5ba81befe4b8a9039e9c6b34219152192f__毒蘑菇__v461__glasses__10f004d9__c0.mp4,0.41506732,0.6269281,0.72158563,0.5440538,0.62838185,-0.009962623121710167,0.09671651,0.13168931,0.86266696,0.89427966,0.85135615,0.8629217,-0.0036174691477312035,0.032518253,0.06498652696609497,0.04090594872832298,0.16600221,0.859874,0.85169744,0.7945832,0.811918,-0.00214774641594868,0.04098345,0.06920892,0.9214036,0.93518573,0.9160238,0.92052084,-0.001961242540080568,0.018028868,0.4570363461971283
base-noprop__069c5cf6bb44592f056bdb81b4696b1569957312__吐司菇__v0__c3023f97__c0.mp4,0.18336761,0.7878634,0.88349617,0.7878634,0.7901066,-0.009692259221208883,0.067586266,0.059070587,0.9329072,0.95490843,0.92604494,0.93314946,-0.0027635646431813507,0.019852964,0.03213465213775635,0.016787352040410042,0.11031592,0.8756218,0.91956544,0.86091524,0.8756748,-0.005323108712675054,0.03834863,0.03101778,0.95998466,0.9716957,0.95523113,0.95913625,-0.0014432919001862025,0.010728598,0.641160249710083
base-noprop__50ad428af3b86412de8a648a8194cebfd6685400__粽子菇__v0__b2b67a8e__c0.mp4,0.7242171,0.7072797,0.48124528,0.2552709,0.27630174,-0.01589683331401924,0.19970928,0.27517825,0.9029304,0.81833994,0.7163743,0.72622275,-0.006199397352844396,0.07610081,0.14588749408721924,0.09201724827289581,0.2951827,0.8594128,0.7929518,0.6843053,0.7008602,-0.0067832229636874885,0.074551314,0.12945926,0.9390217,0.9103572,0.8622618,0.8684591,-0.0031244718274580302,0.034373693,0.5225743055343628
base-noprop__1cf0944b8af6ac43f6f7e794a0d68118b7de888c__蘑菇力__v0__56730c75__c0.mp4,0.58405614,0.8161577,0.68451273,0.35561746,0.48603177,-0.0011961454223738414,0.14161299,0.19251692,0.92491126,0.8845101,0.7770939,0.80952775,-0.0004348756060769979,0.046719156,0.12155473232269287,0.055317796766757965,0.18696374,0.91174114,0.8687846,0.77304035,0.787289,-0.0004853044338376962,0.04890068,0.08555585,0.95492613,0.9398278,0.8965043,0.9012742,-0.0004582790871382681,0.022431808,0.46332621574401855
base-noprop__190a31ba334eafd595032f1742e0cdf9b9183281__粽子菇__v0__de8138ae__c0.mp4,0.43600494,0.9768465,0.80730814,0.53053516,0.5632916,-0.0021780181543629164,0.14977226,0.11057401,0.9824435,0.93784136,0.8737769,0.8799587,-0.0005564793296482141,0.036481857,0.07234305143356323,0.02877715416252613,0.10492265,0.9768464,0.91275495,0.86234844,0.8742893,-0.000524441597489971,0.03370526,0.041588485,0.9874591,0.9666186,0.9452616,0.9503506,-0.00022282218744632104,0.012508187,0.6327338814735413
exact-r2__d9657e5af5e0c9e5c71b7d15425af2bf7fc9de96__炸虾菇__v1360__flag__4356cda3__c0.mp4,0.29574662,0.81182265,0.8627353,0.6861544,0.78129494,-0.008133103666098233,0.08434478,0.08845717,0.9111216,0.9357381,0.89858246,0.9013523,-0.004088008356659792,0.032876823,0.051773786544799805,0.016893824562430382,0.1484384,0.85154563,0.9000178,0.83346266,0.8432135,-0.007238084266308279,0.05317208,0.06614113,0.92891115,0.9526319,0.9239731,0.9254968,-0.0035318105588317507,0.02563272,0.3967047333717346
exact-r2__7628869560a690af823a1191809985375c8a2ef9__爆炸菇（爆炸前）__v740__eyemask__36459805__c0.mp4,0.6031368,0.41096577,0.62214094,0.3846073,0.40668994,-0.02912526159536226,0.21675499,0.17566788,0.816358,0.89451873,0.81389904,0.8197352,-0.008023596446033537,0.05615642,0.0866931676864624,0.047813531011343,0.2679072,0.73682594,0.828153,0.7198368,0.7373542,-0.012490587448885326,0.088905275,0.09182644,0.9014708,0.94233215,0.8998457,0.9059835,-0.004107012991377491,0.028154613,0.32105469703674316
exact-r1__7eb0cbcd233663ee2c8dede4eb336850b156427c__炸虾菇__v789__glasses__d984c552__c0.mp4,0.85899764,0.07967076,0.3283242,0.07945182,0.0799478,-0.037930463488570786,0.2811132,0.21770728,0.7492683,0.8191444,0.74822795,0.74929506,-0.009989996024742435,0.07241493,0.1386510133743286,0.09792667627334595,0.31649214,0.67165834,0.7542507,0.62894475,0.66921836,-0.011118539649507287,0.0855194,0.0957492,0.8865242,0.9170712,0.8837609,0.8861716,-0.004242902805682701,0.030718107,0.39624786376953125
base-noprop__db8692607b532a06def0a9c28e842cfc4dbca1b5__汉堡菇__v0__8fdf6456__c0.mp4,0.8168224,0.18354282,0.6350933,0.18127465,0.18158445,-0.0484214803211303,0.3523044,0.38350087,0.6516571,0.8474039,0.6128917,0.65064704,-0.020311912587980027,0.14892894,0.2641944885253906,0.09951214492321014,0.22512168,0.79691166,0.8936741,0.77297544,0.79721856,-0.010495128544422935,0.07361803,0.1219908,0.8842298,0.9469161,0.87613535,0.8845058,-0.006185681982473883,0.044185255,0.533527135848999
exact-r2__49fef35b1c962aa22fdd2b3411e53134117a62b6__粽子菇__v473__glasses__c4511da4__c0.mp4,0.8490772,0.16230085,0.22182664,0.12582204,0.12626646,-0.017044646039664053,0.23062915,0.6163704,0.39234895,0.4793188,0.369883,0.38642535,-0.017008340288056683,0.16812989,0.26354968547821045,0.20620954036712646,0.5328677,0.47323808,0.5348957,0.44203168,0.46021074,-0.013519753079876138,0.14178737,0.3855325,0.61526525,0.6855283,0.6007447,0.60304964,-0.012242567280064454,0.10481453,0.21823203563690186
exact-r1__631681b89d48f73fa9b84e8c908a589e6776cc2c__炸虾菇__v623__scooter__b2f7c4c3__c0.mp4,0.86114466,0.17908931,0.476744,0.11599006,0.16138978,-0.04805526797008139,0.36423346,0.45622897,0.5906058,0.7508408,0.53122294,0.58712226,-0.023659951484250447,0.17576523,0.3079909086227417,0.15810628235340118,0.28795987,0.7798093,0.8422956,0.68917483,0.7551574,-0.010891599205171663,0.08624273,0.15919572,0.86416596,0.90894717,0.8299297,0.8516996,-0.007114910737799105,0.054665774,0.5076128244400024
generic__13c5ef355a4677fd006d158853aae7228ec89353__炸虾菇__v71__crown__f2952d0d__c0.mp4,0.6392093,0.4792902,0.5322266,0.3298442,0.3428913,-0.027190596130290057,0.21882237,0.20915425,0.80353624,0.82840216,0.76456726,0.77252805,-0.008627132288080893,0.06980957,0.16086208820343018,0.10837452113628387,0.1518963,0.8578383,0.8753667,0.81884694,0.84858036,-0.0033249555840322484,0.038848944,0.06625217,0.93126667,0.9367769,0.9183703,0.92293096,-0.0018948672906212184,0.019700436,0.453980028629303
exact-r2__162906640246ef44f99db4ad49276c513665eb1e__蘑菇力__v142__glasses__889682a9__c0.mp4,0.7829455,0.2094194,0.6108505,0.20852304,0.20953594,-0.0466000794363116,0.32933754,0.16989136,0.824038,0.90054345,0.824038,0.8262161,-0.008838211594834148,0.06189436,0.09281682968139648,0.048299696296453476,0.3185469,0.7032631,0.83177507,0.67292154,0.7039051,-0.015911176447340622,0.11233262,0.08113134,0.91685486,0.948843,0.9132848,0.91692895,-0.0038388922162678044,0.02687604,0.5238897800445557
base-props__51be5b142d9021a3c446702d354fabdf42630fa9__汉堡菇__v304__scooter__97551c71__c0.mp4,0.5318193,0.49255317,0.5805621,0.4270571,0.4686965,-0.015838259323076764,0.14274326,0.15360701,0.8411047,0.86427885,0.8231931,0.8291187,-0.004383876684154911,0.039773334,0.09276533126831055,0.06602276116609573,0.15710807,0.8143217,0.8460632,0.8030838,0.8185481,-0.004082231948027015,0.035670165,0.068045735,0.91789234,0.93030167,0.91359365,0.9157682,-0.0020028704946691333,0.017137473,0.4866819977760315
exact-r1__a94f2d44020fa35457be6626fc3248c0fb05adda__吐司菇__v1048__crown__8c48cfa2__c0.mp4,0.83561,0.14983541,0.2839406,0.1345828,0.1510358,-0.02685694720434106,0.24546286,0.5165371,0.5529649,0.6698889,0.46041623,0.5351788,-0.017534891754506607,0.1342654,0.251869797706604,0.15942971408367157,0.6231395,0.3489119,0.6400399,0.3489119,0.37283754,-0.0282285932024477,0.19818887,0.29830772,0.73372555,0.82931864,0.68919796,0.73022544,-0.011702266606417586,0.08359874,0.2134731411933899
exact-r2__c1c8f50e04d9360f9734313b06780f6e0609fa1f__爆炸菇（爆炸前）__v1207__coffee__58598a42__c0.mp4,0.6550561,0.6005629,0.54625034,0.31474498,0.35097244,-0.013291492528123824,0.17908016,0.2380895,0.8565601,0.8379419,0.7457163,0.75990534,-0.005084102156133992,0.062118366,0.1478116512298584,0.08193276822566986,0.21774268,0.8604623,0.8386608,0.7537279,0.8057823,-0.0029561613859395252,0.04790405,0.118691504,0.9289472,0.91987467,0.86962676,0.8919922,-0.002221345489204147,0.026674202,0.20613457262516022
exact-r1__6e9d7ffcb3adf3ebcb80c8b5da0520ff83d8b419__汉堡菇__v702__coffee__d2e63cfc__c0.mp4,0.75604296,0.7905942,0.69362354,0.22958659,0.3682552,-0.012446869311949962,0.19338202,0.20884109,0.9175205,0.9059927,0.7828845,0.8263675,-0.004226365108263839,0.049867053,0.11144018173217773,0.04178296774625778,0.21634781,0.893183,0.8765826,0.7698885,0.7925629,-0.004509785135272939,0.05176803,0.09835267,0.9571534,0.94777566,0.89432466,0.90746546,-0.002171986482360149,0.024991956,0.1759030818939209
exact-r2__c58718035188222cb4ab5a2959917a6fbd3f600b__汉堡菇__v1231__glasses__fe3a03d2__c0.mp4,0.6466888,0.11242382,0.18899457,0.099093884,0.10363135,-0.014354716434250243,0.14617234,0.5198917,0.39532417,0.51922774,0.38953966,0.39562958,-0.01949900415221693,0.15115765,0.34013882279396057,0.26581281423568726,0.34869838,0.56983316,0.6621654,0.5633583,0.5654258,-0.014811927327525481,0.11512238,0.2573598,0.7012019,0.78504056,0.6973705,0.70200646,-0.011986994225045912,0.08826461,0.2980949282646179
base-noprop__479cfaa7ed9751d704a007cccb8dbebcb4fc8765__粽子菇__v0__19c8cd35__c0.mp4,0.06367606,0.9505132,0.9533359,0.9256996,0.9330449,-0.0015738895052506284,0.015722074,0.038334966,0.9798173,0.97591394,0.9556893,0.9589429,-0.0008869384352868645,0.010576662,0.010931015014648438,0.0025810522492974997,0.06367612,0.9505133,0.953697,0.9256995,0.93304497,-0.0015985085794576913,0.015745709,0.02740395,0.9798265,0.97849506,0.9666203,0.96717703,-0.0007168385586719806,0.00754549,0.5423742532730103
base-props__938e01d47782dafc5547713c187bfbca30a0ae08__爆炸菇（爆炸后）__v589__coffee__38b5420d__c0.mp4,0.15017831,0.81628114,0.86738145,0.8152741,0.81650007,-0.006275355462500233,0.043464854,0.055664062,0.9294633,0.94375443,0.9212115,0.92584556,-0.002220092613706485,0.015613305,0.016278564929962158,0.010069380514323711,0.12038195,0.85636973,0.8878983,0.84507036,0.8483426,-0.005014720170394232,0.035135288,0.045756698,0.9457419,0.9538241,0.93582916,0.9388951,-0.0018196405158212709,0.013222541,0.6233006715774536
base-noprop__2276ebe5ea41733077c3d5d88d4cdb9e6f3ef7ef__炸虾菇__v0__8065a18a__c0.mp4,0.13983083,0.8981221,0.899052,0.8245044,0.8390305,-0.005313135359598247,0.045212455,0.062218785,0.9470621,0.94919604,0.91944313,0.9283755,-0.0021069578149101867,0.01706615,0.023948311805725098,0.014236325398087502,0.113025606,0.9062227,0.9168032,0.8540649,0.87689996,-0.003971715866341422,0.032736838,0.042072058,0.9565737,0.9634325,0.94339144,0.94913465,-0.0017615957222437135,0.013052098,0.5025098919868469
base-noprop__9ff16bd9837162a31625505a37953b6d7b6f8bcd__炸虾菇__v0__7e850bd2__c0.mp4,0.38104534,0.93887377,0.8630265,0.60968983,0.76617116,-0.004180483902867142,0.09677877,0.100739,0.9678538,0.95105004,0.8933674,0.92886615,-0.0013817681861018128,0.02474129,0.05682218074798584,0.01973983272910118,0.14720988,0.9443234,0.91463363,0.8435254,0.8595894,-0.002620999933231489,0.042797044,0.044423223,0.9790032,0.97079,0.9501896,0.958945,-0.0006842679185829777,0.011279676,0.5000323057174683
exact-r1__b64e927b147755fae3afe21af5cf55d4d3d529a1__毒蘑菇__v1133__crown__25f11caf__c0.mp4,0.69711125,0.3279606,0.68914336,0.29394367,0.31995115,-0.04130490065327746,0.30778545,0.16106075,0.83763826,0.91330755,0.8252566,0.836801,-0.00886835593715487,0.0640093,0.06194370985031128,0.030326617881655693,0.43333638,0.7284694,0.8469978,0.55771863,0.69985944,-0.01738083162326585,0.13427353,0.11574471,0.89797974,0.9436341,0.87594295,0.89661145,-0.005599832581908355,0.040826302,0.30007970333099365
exact-r1__f0f77d545e150bcc231192eafd1e15432b3925f3__毒蘑菇__v1516__glasses__e077c6f2__c0.mp4,0.7326429,0.18896654,0.24263747,0.16488752,0.17956269,-0.010363445098221067,0.14825387,0.5042236,0.48183364,0.55988187,0.44561368,0.47330815,-0.012482524624926309,0.1240425,0.35245048999786377,0.25459006428718567,0.32672358,0.6226636,0.7042438,0.60218024,0.60789967,-0.011941207491833234,0.09241866,0.22922158,0.73902804,0.814472,0.7349639,0.73635226,-0.010028445320167095,0.075186305,0.45105400681495667
base-noprop__28b20a51fc5023872d19e739ff97172cffc064d5__毒蘑菇__v0__cf7134e7__c0.mp4,0.67828333,0.90057456,0.45747527,0.19633694,0.24515623,0.018235553468286755,0.25921527,0.2841633,0.95162976,0.7926625,0.6587141,0.6962232,0.0062634400699449625,0.10081655,0.22833949327468872,0.13050620257854462,0.14838278,0.92823994,0.83506966,0.766222,0.79074013,0.0036413850402643483,0.052916966,0.08125609,0.9683906,0.92316866,0.8870536,0.896447,0.0016184864425847604,0.027354756,0.466558575630188
base-noprop__c82f72947167e88ffd436a39531a14abf6dee6cf__炸虾菇__v0__9394005f__c0.mp4,0.65804625,0.9045156,0.659478,0.31378454,0.31935254,-0.005431210511757938,0.25020504,0.2739488,0.9485622,0.8520911,0.711949,0.7193858,-0.00225141885959113,0.098791145,0.1870342493057251,0.07992230355739594,0.16791272,0.9114068,0.87207353,0.8050678,0.8149842,-0.001620344493700111,0.047787588,0.09344655,0.9604242,0.9320134,0.8950475,0.9010327,-0.0010926745861415362,0.028000494,0.3882722556591034
exact-r2__b5f3ed9751741b54d2b7860eb77b985aaee98b64__粽子菇__v1128__bubble__6e70acea__c0.mp4,0.62743235,0.5859488,0.6029999,0.33183682,0.3890714,-0.015797280629161796,0.16494432,0.20481306,0.8456323,0.8437216,0.7667301,0.7720692,-0.004097568305584775,0.051212825,0.07246619462966919,0.04234530031681061,0.29072434,0.81474626,0.78337485,0.6690602,0.6833834,-0.0016979103974202965,0.062852755,0.16775149,0.90637064,0.88606685,0.8108493,0.8287488,-0.0017009971170086143,0.041357283,0.17937591671943665
generic__d424d1f21129cb4f5e1724780bc7368fa90c14e9__炸虾菇__v813__scooter__d1ace2f7__c0.mp4,0.32759666,0.6622098,0.78947896,0.6456106,0.66590405,-0.015647649765014655,0.11879462,0.08410573,0.9027567,0.9293898,0.89625835,0.8999281,-0.0038120403826943467,0.029355295,0.05181849002838135,0.03266420587897301,0.11422402,0.8693909,0.9059118,0.8624796,0.8664545,-0.0051000819729250975,0.03731075,0.041832566,0.94881463,0.9620539,0.94741666,0.94861805,-0.0018887155258608466,0.013922576,0.5526715517044067
exact-r1__15e6b3460ae8a842ce658edab362da80dbccd4dd__爆炸菇（爆炸后）__v139__crown__e9064bc2__c0.mp4,0.7731528,0.33762416,0.5543609,0.21756664,0.30401316,-0.03505684170327168,0.26652926,0.24124461,0.8378905,0.8725586,0.7500905,0.7863364,-0.008341556127834696,0.06955217,0.10534083843231201,0.044474538415670395,0.48748964,0.5372813,0.7510528,0.50322974,0.5351416,-0.021820121956436997,0.15463242,0.15373176,0.8730921,0.917033,0.84096706,0.8695185,-0.006122991030395268,0.044585686,0.24994802474975586
exact-r1__d1758c15bc02c270105a3d17b4eb3accdc5cee71__蘑菇力__v1300__bubble__af98eeec__c0.mp4,0.7650177,0.32733828,0.44531885,0.2072733,0.2167431,-0.03252588723429107,0.26275152,0.30086493,0.7930699,0.812346,0.68705475,0.6950789,-0.01191691341607469,0.09734111,0.1675870418548584,0.0805145725607872,0.5194326,0.83469355,0.7086684,0.4528584,0.50162935,-0.009456041596623754,0.16960928,0.18226016,0.91568285,0.89286065,0.8083382,0.8330298,-0.004669777018279409,0.055098295,0.2788642942905426
exact-r1__01a6567f10a570751973e6ec60ed6bde441ec10f__爆炸菇（爆炸后）__v14__eyemask__90e390c5__c0.mp4,0.7645845,0.20500423,0.37314403,0.20131104,0.20442179,-0.027200017168587855,0.21856892,0.4320677,0.5556853,0.7155931,0.5496628,0.5558029,-0.02106228264659759,0.1462148,0.27353107929229736,0.1720862239599228,0.2754262,0.70743996,0.7814473,0.6911159,0.70111156,-0.010462256641727192,0.07798013,0.16445345,0.82917005,0.8876793,0.8212421,0.82575834,-0.007696787182521455,0.052835807,0.1744793951511383
base-noprop__2a80b5bbf9bfc43cc9607c64804c1876ee75a6f2__毒蘑菇__v0__890c7aff__c0.mp4,0.040739,0.30085295,0.3872779,0.28535813,0.29889822,-0.0040975830006034115,0.08769364,0.09480548,0.6727351,0.74040586,0.6727351,0.6819967,-0.004092694153427617,0.04767017,0.21252936124801636,0.1522625982761383,0.014896154,0.7905983,0.796054,0.7658314,0.776919,0.00018278135376956233,0.019034753,0.024732113,0.88526446,0.89266855,0.87854743,0.88108575,-0.0010530396765871068,0.010229508,0.3996107578277588
exact-r1__b5f3ed9751741b54d2b7860eb77b985aaee98b64__炸虾菇__v1128__bubble__06bbf296__c0.mp4,0.660751,0.63030136,0.668336,0.30464092,0.45112488,-0.01923331830341355,0.16912968,0.16621327,0.8459676,0.87335145,0.8110666,0.82594097,-0.005592521530366247,0.044430867,0.05927163362503052,0.03280848637223244,0.25062573,0.8095637,0.81410813,0.71544576,0.73370093,-0.0067809305407784265,0.06494855,0.11746061,0.9049964,0.90615994,0.8636706,0.8653257,-0.003540294443665763,0.033495117,0.20441557466983795
base-noprop__fa699bfb0ad829980890a6fa14ad0c0db8626180__炸虾菇__v0__496ebfd6__c0.mp4,0.7537051,0.34272647,0.45011014,0.22333807,0.27522904,-0.024219104276579834,0.21805936,0.38420588,0.67294705,0.7578473,0.60048693,0.6719973,-0.013871305073674024,0.107532874,0.26647239923477173,0.1561766415834427,0.22145867,0.8206314,0.83141434,0.75619984,0.78928155,-0.0050577393515778965,0.05299103,0.11912042,0.906819,0.914024,0.86695933,0.8895236,-0.0027742973665003754,0.02772124,0.5280966758728027
exact-r2__6e00099ba07748932bf2cc8af1fceef62e8038f4__汉堡菇__v700__coffee__771ca631__c0.mp4,0.6981191,0.6246608,0.7098471,0.28184092,0.4391331,-0.020461534617446642,0.20320089,0.1930821,0.8781078,0.9072509,0.793107,0.8316904,-0.005944576835915057,0.056119535,0.0998963713645935,0.039873357862234116,0.2192443,0.850634,0.8791898,0.76071584,0.79946643,-0.005735277010518108,0.05792261,0.0956893,0.9279406,0.9471244,0.89300334,0.9081875,-0.003179716145097029,0.028212996,0.18531900644302368
exact-r1__753c5537a0badf41766fc2e264e9432a3b9c71fb__爆炸菇（爆炸前）__v735__eyemask__cf61d26d__c0.mp4,0.8414778,0.15035456,0.46228352,0.15035456,0.15696356,-0.02498052401740561,0.22438715,0.26678407,0.72846806,0.84540534,0.72846806,0.7433867,-0.00788984774600846,0.07031198,0.15135198831558228,0.08252022415399551,0.2896211,0.70221126,0.8049358,0.70221126,0.72563046,-0.006216065391250278,0.069267906,0.1157375,0.87951463,0.9279255,0.87951463,0.8931962,-0.0028775747232286423,0.026833234,0.2643512785434723
exact-r2__10c0ac04aeb5d2daab305c2cf0c7c468606b21ab__蘑菇力__v100__coffee__edadca69__c0.mp4,0.76454985,0.61461926,0.5427278,0.18814231,0.24095188,-0.013459956545839195,0.2050614,0.28612435,0.87273806,0.8334495,0.68769276,0.6987821,-0.004651170650960893,0.077444546,0.1841549277305603,0.08459803462028503,0.22636676,0.85755146,0.83582765,0.73060143,0.7480732,-0.003604633358156255,0.056768242,0.11317682,0.9337256,0.91804755,0.86898553,0.8784512,-0.0018185619780197745,0.02935759,0.22975248098373413
base-noprop__f64e1c17ba334819ca417f708e64e97d2aba7b05__粽子菇__v0__e05364c5__c0.mp4,0.5871786,0.9146651,0.7541379,0.3602969,0.42024487,0.00047457017917407337,0.19768809,0.15579534,0.95113957,0.9101368,0.81323576,0.82293135,-3.942010902132905e-05,0.052619122,0.09566265344619751,0.0321161113679409,0.15954578,0.91575336,0.8714865,0.7879298,0.7982298,-0.00044117043376439594,0.050966285,0.0704968,0.9602816,0.94225293,0.9053675,0.9098251,-0.00017692837790540572,0.022672506,0.368913471698761
generic__929b88500dd26c68400cb2ef5015e7db4f37d194__汉堡菇__v586__coffee__880a1ceb__c0.mp4,0.68513626,0.8138815,0.72595894,0.30068845,0.32339454,-0.018895618352494224,0.2182715,0.16464323,0.91769546,0.90880007,0.825859,0.8290262,-0.004524979843452514,0.045727145,0.10007846355438232,0.04597972705960274,0.16909122,0.8878077,0.88984364,0.8167335,0.8219125,-0.004037379747322894,0.0406639,0.068494976,0.9519588,0.95477974,0.9250668,0.92768824,-0.0016824120118212806,0.016361443,0.5412051677703857
exact-r1__f142944f6415cf4e140989e4620f7f0f23645f52__毒蘑菇__v1518__glasses__b904a7f8__c0.mp4,0.6230603,0.41216925,0.52245694,0.35501295,0.4050442,-0.018238449137908213,0.1633734,0.19042635,0.803023,0.8445651,0.8002813,0.8028733,-0.006469970576376805,0.05189859,0.10969680547714233,0.07459685951471329,0.23600078,0.7519344,0.8018199,0.74207234,0.75211394,-0.0070957317653852015,0.054743804,0.09777498,0.8961732,0.91916186,0.89392626,0.8958683,-0.0032865200707092542,0.024520757,0.49005821347236633
exact-r1__f5ba1ce13b37950d02d7e32e049506ff144abc71__蘑菇力__v1549__eyemask__52d2a75b__c0.mp4,0.5971896,0.42682695,0.5901302,0.3946907,0.41887733,-0.023147252414066337,0.18408427,0.17948979,0.8273003,0.8832703,0.81505966,0.81995326,-0.0069583713301557045,0.0517323,0.08415389060974121,0.05763258785009384,0.203937,0.7997366,0.8487231,0.7879432,0.7955886,-0.0077430982834736884,0.062188666,0.097504616,0.90497935,0.9409029,0.89776933,0.90308434,-0.004014426952765403,0.028239071,0.24058738350868225
base-props__e6a6c1053d5efe2e36d668270cf9f895b650e2a1__炸虾菇__v898__glasses__1df276f6__c0.mp4,0.86206806,0.9381622,0.67821085,0.12871134,0.22129938,-0.02180124527734262,0.29791242,0.22919065,0.9636844,0.9006947,0.7647236,0.7920736,-0.005795842397354322,0.07426282,0.10871446132659912,0.04244457557797432,0.41061807,0.94260556,0.83207345,0.58016133,0.64970547,-0.009005944130448947,0.12903228,0.124801695,0.9729151,0.94313926,0.8693566,0.88981736,-0.002987812630272675,0.038029153,0.2989404797554016
exact-r1__1669dffeba5d47e88d54192d09226ea6f70233e4__爆炸菇（爆炸前）__v145__glasses__ce84e222__c0.mp4,0.9177046,0.04154018,0.23198082,0.04154018,0.042087883,-0.033727938596438994,0.2887311,0.60516346,0.37473848,0.5536,0.3642156,0.37432522,-0.026186771101866797,0.2025204,0.38180771470069885,0.2568652331829071,0.4458295,0.55009323,0.682504,0.5134939,0.5387232,-0.01886252034087426,0.13854152,0.2800151,0.7203791,0.8104653,0.70019996,0.7152574,-0.012752368162743197,0.09284788,0.4079931378364563
exact-r1__b84a69fca80b7f3ae9dfc999d5b9896f6e7dc072__毒蘑菇__v1148__crown__0de8e285__c0.mp4,0.868181,0.25133857,0.25918895,0.12312378,0.14624731,-0.014384138592971652,0.17179887,0.4390511,0.7165158,0.7111162,0.55423355,0.56296,-0.006512706164314828,0.09669808,0.20849210023880005,0.14272212982177734,0.5314359,0.6768941,0.6811514,0.45986897,0.5113021,-0.011293878668381767,0.12177511,0.27994215,0.8669735,0.8538384,0.7155477,0.7497007,-0.003706845134614487,0.06416149,0.30151671171188354
generic__e6a6c1053d5efe2e36d668270cf9f895b650e2a1__炸虾菇__v898__glasses__1df276f6__c0.mp4,0.7955947,0.5143585,0.43554017,0.16906926,0.20723616,-0.005967541277526394,0.21438259,0.3850736,0.7858228,0.7451753,0.59291816,0.6211879,-0.0017440104084052576,0.105237916,0.2597197890281677,0.14983545243740082,0.21033007,0.82359225,0.82601,0.7543339,0.78462464,-0.0019719461678516514,0.045664936,0.13026541,0.9057152,0.8950108,0.85263795,0.856794,-0.0010333783895130743,0.03237355,0.49582839012145996
exact-r1__28b269cb428b398ae0c461d34d9e6daeeb15dd1c__蘑菇力__v265__flag__6d808d89__c0.mp4,0.49242538,0.5169977,0.70903814,0.4928177,0.52051634,-0.020262390375137343,0.15088744,0.19728577,0.80365944,0.87640023,0.7933141,0.8045935,-0.008778635692219495,0.06262859,0.08050650358200073,0.038223158568143845,0.2501753,0.7643621,0.8354242,0.73506767,0.7546689,-0.010657606565434003,0.079087086,0.118607044,0.8766447,0.9146233,0.8725773,0.8743389,-0.006005857478488583,0.043709952,0.43058690428733826
base-props__edb1f0c36ee48806d99094bace7f3423c10bdc39__毒蘑菇__v925__eyemask__b5908fb5__c0.mp4,0.7178663,0.27396378,0.49745387,0.26668495,0.26844662,-0.03484508945890096,0.25464332,0.32090116,0.6688589,0.79817474,0.6688589,0.6716511,-0.016032387793299744,0.110374995,0.1865100860595703,0.10600243508815765,0.26412714,0.72562325,0.80650115,0.7204242,0.7279643,-0.012185519627431628,0.08960881,0.13682175,0.855369,0.9041772,0.855369,0.8563815,-0.006684394987675506,0.046891723,0.41581445932388306
base-noprop__90d2739dfb7858927d0f47919eb4bdb9a91380c7__汉堡菇__v0__4d85415b__c0.mp4,0.6457188,0.95333946,0.806917,0.3432523,0.45002595,-0.0026158112664467687,0.19198817,0.24333525,0.9700614,0.92187834,0.7486192,0.7883599,-0.0012537812291397883,0.06955169,0.14270752668380737,0.035249996930360794,0.19098932,0.95333946,0.90833896,0.7979818,0.8188313,-0.00023194917812647726,0.0497227,0.10299069,0.9784851,0.95712817,0.8913267,0.9071002,-0.0003851964893077086,0.028057234,0.4874197840690613
exact-r1__48edbebb09f4066019f3a893bd82184d9bdce8fd__爆炸菇（爆炸后）__v465__glasses__5508a275__c0.mp4,0.8907785,0.10819876,0.24169742,0.09540935,0.1071694,-0.028726316016653312,0.28283843,0.3751825,0.6671251,0.7259727,0.6178138,0.6657551,-0.012122804939511267,0.10820969,0.2339075207710266,0.1578879952430725,0.27616847,0.716674,0.76767266,0.7101859,0.716639,-0.009231936024582929,0.08030377,0.14147162,0.8559904,0.8838607,0.85172135,0.8560703,-0.005152523576506518,0.042833794,0.43235909938812256
exact-r1__ee8ee8f76cc09b62de2c6369c4fbcd0529c0add0__汉堡菇__v1498__bubble__80085a36__c0.mp4,0.48476177,0.7441534,0.7155711,0.49863696,0.5387154,-0.006590088542271027,0.12568837,0.14606136,0.8960498,0.8998791,0.84571236,0.8626893,-0.002975072373043406,0.034944694,0.051602065563201904,0.029831377789378166,0.22576034,0.8558502,0.8506879,0.75763845,0.8157768,-0.004090725551009652,0.04915705,0.10448992,0.92876303,0.92971045,0.88759863,0.9099803,-0.0022468056249995536,0.025683349,0.20927630364894867
exact-r1__a6a9bd897b2a6026ea017159b23d6fe4508c6aef__吐司菇__v1030__crown__5bf3e723__c0.mp4,0.72150373,0.26436734,0.54211944,0.25162944,0.25569165,-0.04159034126007512,0.29565218,0.17791402,0.8019706,0.8785878,0.8015498,0.8036736,-0.01016472709979937,0.0705274,0.07364273071289062,0.044538114219903946,0.4675693,0.505564,0.73672235,0.505564,0.5291757,-0.024962202892473116,0.17124973,0.1159184,0.8739028,0.923126,0.8735309,0.8743856,-0.006560444890746028,0.0458905,0.27746039628982544
exact-r1__5e7b79559f6cc44daddac102e8d214b2aa09cd33__炸虾菇__v591__coffee__6014f87c__c0.mp4,0.67421603,0.36791548,0.31525847,0.18490358,0.19689709,-0.006408640651010248,0.1310807,0.32971293,0.7435419,0.71360976,0.61034775,0.63373953,-0.004230078560090359,0.06784152,0.23617768287658691,0.16435109078884125,0.2386998,0.78164595,0.76387537,0.6539345,0.6919968,-0.003605058070699214,0.05333414,0.1250056,0.8875473,0.87796086,0.83135223,0.83556914,-0.00216404127744818,0.029035732,0.18594221770763397
base-noprop__24dc1f3ba782c8b6cd325590627ea2ed97b93833__蘑菇力__v0__e1721d9a__c0.mp4,0.33535516,0.97735375,0.8882633,0.6602255,0.75237995,-0.0036384019220299397,0.10336163,0.09530407,0.98356664,0.95902807,0.9019455,0.9173878,-0.0012173581382502628,0.03107366,0.046765267848968506,0.017950231209397316,0.16393065,0.9773537,0.93668944,0.8316499,0.8954096,-0.001791595470292744,0.046340607,0.048538864,0.98482376,0.97697836,0.94871074,0.9621481,-0.0006834798650779414,0.013411365,0.5294413566589355
exact-r1__db2ea9a59f8d9bd142cf6ccf99304afecb1195d6__汉堡菇__v1371__flag__8c1c5bef__c0.mp4,0.512614,0.75025254,0.6815553,0.46986422,0.49683556,-0.0052030642807719225,0.13625829,0.20147556,0.84609014,0.85266346,0.78637105,0.7909874,-0.0052769303086247065,0.055547293,0.07217419147491455,0.0377204604446888,0.23060513,0.78958404,0.8170988,0.7523384,0.7683537,-0.0068287593220533625,0.06005892,0.14141166,0.86476123,0.89038384,0.85009074,0.8535437,-0.005448680150179052,0.043691963,0.3198537528514862
generic__edcc9cb357e76382c3dd66231b56a5f4c6ef4e4b__毒蘑菇__v926__eyemask__c1ae514b__c0.mp4,0.7479318,0.9579179,0.49314255,0.23329097,0.23764431,-0.006864870342576927,0.296042,0.25463772,0.97420865,0.832083,0.7332194,0.7365769,-0.0022143933023859924,0.0946681,0.1572943925857544,0.09715066105127335,0.22187293,0.95995885,0.8389923,0.7593497,0.7619478,-0.0018255207025015302,0.07726097,0.09981346,0.9787511,0.9292336,0.8895441,0.8930647,-0.0008888472563664357,0.034539044,0.49336931109428406
exact-r2__3373ae9e4de4dce88d5624681a41f79ac07484f3__蘑菇力__v342__scooter__c3ace3d5__c0.mp4,0.7370471,0.7040544,0.626702,0.24262756,0.29729125,-0.01649205742970757,0.2604293,0.19212866,0.89155126,0.88248104,0.7959207,0.80108845,-0.005098043046449962,0.06631993,0.06246441602706909,0.03167497739195824,0.34033483,0.7869122,0.79644877,0.6396269,0.6595939,-0.010308506107141869,0.1193067,0.13755292,0.91664064,0.914156,0.85184205,0.8580481,-0.003979386724973388,0.047332857,0.1762370616197586
generic__c52c60db374d20e0b184bfe3476d54058ae4bf84__炸虾菇__v773__eyemask__4650b901__c0.mp4,0.72498715,0.25115624,0.50390375,0.25115624,0.31359538,-0.029787547856922687,0.24346589,0.28490663,0.70442367,0.80222005,0.70442367,0.7307788,-0.01177210063331214,0.0944255,0.19247746467590332,0.10715736448764801,0.20784652,0.80997264,0.82166404,0.76875067,0.7714046,-0.007330656169431475,0.06509735,0.1113866,0.89690113,0.9093774,0.8779724,0.87894076,-0.003967530406982056,0.035823878,0.43995240330696106
exact-r2__986d912c264847e31c8f18a969d28d6c5bfafc3a__毒蘑菇__v943__bubble__ecab9665__c0.mp4,0.73697186,0.29524115,0.54723847,0.24090302,0.25458702,-0.03436002850885921,0.24425052,0.1738832,0.8174253,0.87552285,0.8139229,0.8159899,-0.00817903564145915,0.05781563,0.06447935104370117,0.042544055730104446,0.31599283,0.6838715,0.77955186,0.66239405,0.6698822,-0.012010662393136468,0.09094845,0.113279104,0.8757514,0.9180669,0.8757514,0.8791232,-0.0053534154953221525,0.038476363,0.1905001401901245
base-noprop__f4d25ec51527a18f0ee61a4803329a4966535857__汉堡菇__v0__73001002__c0.mp4,0.6156074,0.41974235,0.5817204,0.3323912,0.34438932,-0.029196785343258768,0.22413185,0.32595086,0.7341551,0.7945816,0.6451719,0.6523832,-0.014655301340012689,0.11861033,0.21874994039535522,0.11126155406236649,0.20803607,0.7627835,0.81490606,0.7414434,0.74590087,-0.008634877711416716,0.064530894,0.11322218,0.8829173,0.90584314,0.8639218,0.8653798,-0.004620116513237164,0.03567339,0.5005757808685303
exact-r1__0482215a70d10901557fd35bdf33f91d111c8bcb__粽子菇__v30__coffee__d4ee31e5__c0.mp4,0.68627423,0.5471375,0.5980046,0.28660637,0.3070859,-0.030540279307855425,0.26057416,0.16168422,0.86659354,0.8874594,0.81963086,0.8220758,-0.007412806506684664,0.060308293,0.09177428483963013,0.04647734761238098,0.24676573,0.8491655,0.83326596,0.72611463,0.7427659,-0.007459876094410998,0.071243,0.10242647,0.9389161,0.9339366,0.88584274,0.89286506,-0.0038265393303316916,0.033644095,0.13890689611434937
exact-r1__c222c0506a97b7a9e8e24f8b8a715d3bd0ecbd85__爆炸菇（爆炸前）__v1213__coffee__f5015232__c0.mp4,0.90570545,0.10175316,0.45074823,0.059091724,0.068060815,-0.0424044809779042,0.32635096,0.39299476,0.67654645,0.79404527,0.5843314,0.62171525,-0.01713483165139738,0.13582815,0.24952256679534912,0.11633449792861938,0.3057933,0.73094237,0.8030695,0.6606053,0.6667711,-0.013422868704136186,0.10420109,0.15069461,0.8625586,0.9103798,0.83385396,0.84552443,-0.006793779876863545,0.05283632,0.19192183017730713
exact-r2__91c39501adafbba839f83b6334e1af2e954a86dc__爆炸菇（爆炸前）__v905__flag__04bc6241__c0.mp4,,,,,,,,,,,,,,,,,,,,,,,,,,,,,,,
exact-r1__5f7637850af2f16c03eff8c6fe0c95f65698bcd6__吐司菇__v596__scooter__5cdcac5c__c0.mp4,0.59913415,0.41198528,0.63740396,0.39312738,0.4056638,-0.032745244268607705,0.2277607,0.1721859,0.8305423,0.88871276,0.82295644,0.8308139,-0.00837289403549766,0.058418132,0.09829956293106079,0.060213927179574966,0.1611706,0.84172446,0.8918256,0.8310908,0.8413763,-0.006858741165149847,0.048056427,0.07731736,0.9228259,0.94892675,0.9180081,0.922423,-0.0036771566029122457,0.025572,0.5913996696472168
exact-r1__15f75abcba4174a7e03174d2ba8fa27b95e7f5ff__蘑菇力__v140__glasses__5c91f6c0__c0.mp4,0.7700894,0.29372764,0.4729018,0.20519054,0.27668482,-0.03079190293673001,0.2425708,0.2854926,0.7565975,0.799003,0.70134324,0.7113833,-0.010427675287242944,0.08810797,0.18551558256149292,0.11540655791759491,0.25475717,0.81195796,0.8263267,0.72052276,0.7670573,-0.006701281478282493,0.060999613,0.11045307,0.9022821,0.91440964,0.8773632,0.8868749,-0.0032783928124800834,0.028658956,0.49067994952201843
generic__56bc114155a57e47100a6759d7b78d0befdb0a1f__蘑菇力__v330__eyemask__3f293437__c0.mp4,0.47720474,0.8569815,0.81218314,0.5084474,0.53540367,0.0060751168977601615,0.15173948,0.11964047,0.94304675,0.9384666,0.8712528,0.8766899,0.0007999901008228824,0.03521022,0.07188773155212402,0.02526373416185379,0.15738285,0.92262757,0.90538126,0.82826924,0.84454376,-9.062850899378151e-06,0.04126152,0.054973185,0.96645695,0.96373034,0.9383515,0.94421864,-0.0001929845852343051,0.01334842,0.470208078622818
base-noprop__76415b1f87ca2c2e1e9c5810464d613f3664583d__炸虾菇__v0__cb4effac__c0.mp4,0.7495826,0.21122298,0.46039823,0.20352967,0.21101844,-0.03733244340999326,0.2729091,0.40232694,0.57554865,0.7390847,0.57554865,0.5886395,-0.020416351469609108,0.14259852,0.31523823738098145,0.17280930280685425,0.19567013,0.79772943,0.8369219,0.7612556,0.77106494,-0.006038722961316483,0.057416167,0.11805773,0.8907869,0.9118941,0.8633399,0.88038176,-0.003740473285965301,0.034270804,0.373002827167511
base-noprop__069c5cf6bb44592f056bdb81b4696b1569957312__蘑菇力__v0__043ce7ea__c0.mp4,0.076153874,0.981714,0.95999426,0.91602194,0.927715,-0.0006843152135728397,0.024827566,0.030615032,0.9844966,0.97717524,0.9572714,0.962473,-0.0004420259253309975,0.010425462,0.015643179416656494,0.00731416093185544,0.060037196,0.9817141,0.96341705,0.9321387,0.93664604,-0.000639377493161,0.020810945,0.02278155,0.9887368,0.98448944,0.9729146,0.97540253,-0.0003271621795511345,0.006736635,0.7292929887771606
exact-r2__655591f8a2e3f43e7dd87e08844065a68a1b8e56__爆炸菇（爆炸后）__v642__flag__3196f35d__c0.mp4,0.49947995,0.33034778,0.36755297,0.22880024,0.25167653,-0.0066378724580932556,0.1328901,0.25647712,0.700479,0.72929347,0.64335334,0.66989803,-0.004802228492710432,0.063755915,0.2029339075088501,0.13387872278690338,0.23703742,0.7231058,0.74784106,0.6589093,0.69696,-0.005515572464042024,0.05602224,0.12356955,0.8355255,0.8631722,0.8256306,0.83599913,-0.003552195288447046,0.032551527,0.2936731278896332
exact-r1__350cfd2dd11a55bba310df263eb011f378987693__爆炸菇（爆炸后）__v352__coffee__114e6de4__c0.mp4,0.8634972,0.31309825,0.42340925,0.110709384,0.14514646,-0.02788094389933372,0.24350247,0.45577955,0.7423955,0.7648903,0.52944493,0.5996732,-0.01130772638226687,0.113735564,0.3074367046356201,0.14096449315547943,0.27589607,0.8371436,0.82940376,0.6991637,0.74424195,-0.005980393219842271,0.064329654,0.15111232,0.90708476,0.905855,0.83688164,0.8529637,-0.0038204255546977228,0.039281502,0.20162515342235565
exact-r1__45f95e4ccfc9b15e50ac6f5d00e336f2b5909182__吐司菇__v441__bubble__e2d9b949__c0.mp4,0.70023525,0.7296003,0.63771176,0.2701721,0.32861364,-0.017445121711421863,0.23565769,0.16166401,0.9112678,0.89402795,0.8184955,0.8365354,-0.0044886074636293505,0.052123245,0.04613602161407471,0.027393825352191925,0.61829937,0.88680756,0.78473777,0.3529766,0.4400511,-0.004239954996721558,0.18499053,0.1357249,0.9520227,0.9214217,0.85183656,0.86812824,-0.002390449991810473,0.04234476,0.24144497513771057
exact-r1__f9d1eed7993e0d88c26d3e6c260e0c2c09acd66b__爆炸菇（爆炸前）__v1571__bubble__655e7834__c0.mp4,0.77881086,0.3894502,0.42192248,0.15367487,0.17546144,-0.025574411917109744,0.25359783,0.31203347,0.8329779,0.80533516,0.6598817,0.6784992,-0.008304645657068198,0.09395515,0.08582854270935059,0.05495953932404518,0.6987,0.83743423,0.6205213,0.23857327,0.27513602,-0.013005717926228,0.2580029,0.2533245,0.91880643,0.8602946,0.7227421,0.74552256,-0.005511054055021697,0.08072988,0.15699288249015808
exact-r2__2827cec8374948e9be93fdc1bcf8e9a4b6e4d53c__蘑菇力__v261__flag__2b162223__c0.mp4,0.3743416,0.5246019,0.5585437,0.4520967,0.45626146,-0.013391698154771769,0.10649868,0.21518451,0.7494405,0.79111403,0.7189345,0.72348547,-0.009047309812820951,0.065747134,0.1033816933631897,0.07450524717569351,0.16161203,0.745382,0.7781993,0.7108909,0.7209329,-0.007782113351840754,0.05558083,0.13897693,0.82797396,0.8656193,0.81828225,0.8223944,-0.006146016387129014,0.042872306,0.49829232692718506
exact-r1__a8b82dd68a55ba601c87031486af04c63ac9aca8__吐司菇__v1044__crown__e4c8e642__c0.mp4,0.71854556,0.356282,0.4065048,0.21222542,0.24743336,-0.01692286722744879,0.17578901,0.37746006,0.77169997,0.78550917,0.595773,0.6729381,-0.009425144598418075,0.09588006,0.14986765384674072,0.07680640369653702,0.5208322,0.5085632,0.6546812,0.41980255,0.49197245,-0.021532311976662732,0.16403267,0.2553621,0.84294087,0.8623157,0.72361165,0.7918919,-0.006835266476563311,0.06518758,0.2567272186279297
exact-r1__c303d68368ab9ff7234ad0a2eedb6c8a148c23e3__爆炸菇（爆炸前）__v1219__coffee__4431c54f__c0.mp4,0.6878208,0.6948489,0.59414154,0.25210607,0.27883023,-0.016696117258825798,0.24593441,0.16788065,0.8809284,0.8773728,0.80160475,0.81406915,-0.004626909558009736,0.051938392,0.09652853012084961,0.05064362660050392,0.18924737,0.8370414,0.8387441,0.75883335,0.76968515,-0.005219143723310688,0.053269368,0.08381617,0.92410874,0.9280165,0.89306474,0.90091735,-0.002457434539738406,0.023334494,0.21779274940490723
base-noprop__44edcc4beb7d88d66db3fdea1b606a12e64017fd__毒蘑菇__v0__10f0910b__c0.mp4,0.12239945,0.866239,0.9293656,0.8622385,0.864684,-0.0061614041036297,0.04199751,0.047224104,0.9397824,0.9624691,0.9385323,0.93985397,-0.002540342715889083,0.017455688,0.02201789617538452,0.01069689355790615,0.09590918,0.89860356,0.9394436,0.88913155,0.8965074,-0.00457739441291146,0.031318158,0.03156084,0.96101916,0.973166,0.9595582,0.960644,-0.0015475716986675127,0.010461602,0.5328601002693176
exact-r1__4691ed1843f8b20fbb9d94d74fa655f6e6d960bb__爆炸菇（爆炸后）__v447__glasses__95e1fb58__c0.mp4,0.89500064,0.09572995,0.42642117,0.09351295,0.09485195,-0.04994899649982867,0.35671315,0.39336902,0.5948063,0.76580304,0.59421426,0.5945734,-0.022326035167388767,0.1540585,0.24247074127197266,0.13680286705493927,0.29232132,0.72160625,0.8205422,0.6963879,0.7065865,-0.014737070077963972,0.10248223,0.16211385,0.83727705,0.9026059,0.83080614,0.8357747,-0.008634550239257665,0.0599853,0.4713192582130432
base-props__546296f7917ec182336f629d3d0c02436cb741ca__汉堡菇__v315__scooter__5d2f2681__c0.mp4,0.14902723,0.96067184,0.9419782,0.83867,0.89672095,-0.002573568771479156,0.036221694,0.042253196,0.9795319,0.9720217,0.9474377,0.9571989,-0.0009144184146473843,0.011931491,0.023138821125030518,0.007389426231384277,0.093673766,0.9628978,0.95062613,0.8940235,0.9267484,-0.0017677739321478724,0.023524359,0.025671005,0.9814284,0.97941107,0.96570003,0.97240084,-0.0005477327014146621,0.0062583177,0.5721293687820435
exact-r1__38893d9278824c10a21ee9ebcd4e3948322f309c__粽子菇__v369__flag__c8bd46c7__c0.mp4,0.41629505,0.6483939,0.70846474,0.5647104,0.57609934,-0.01564261865003306,0.12420298,0.17353207,0.8334603,0.86804,0.8148431,0.81910753,-0.006581737118747403,0.050966915,0.06420499086380005,0.03841960057616234,0.22440141,0.78251207,0.8175651,0.75660396,0.7711512,-0.007942119841519081,0.0658389,0.11708748,0.88219076,0.9064596,0.87352777,0.87909967,-0.004562364913258136,0.03579794,0.3428422808647156
exact-r1__49e4303b44fcc27a48dcbb9fedc8fd22431b34ff__粽子菇__v472__glasses__e8cc5d52__c0.mp4,0.22201309,0.14283103,0.2148092,0.1135048,0.14284724,-0.0058106918314935665,0.09213848,0.32914633,0.47723275,0.5846467,0.43888438,0.48014903,-0.009272345706172625,0.106432445,0.3683231472969055,0.2780584692955017,0.2743492,0.73041034,0.76026446,0.5698973,0.6898523,-0.0016104633746882213,0.06597463,0.16760457,0.8455559,0.86270523,0.75474584,0.825656,-0.0013076240719542857,0.036442652,0.4274944067001343
exact-r1__32dd046cc33c87913a63ceb3d332e99d5929fcfb__蘑菇力__v338__scooter__0fb48165__c0.mp4,0.8222605,0.16171202,0.6759643,0.16171202,0.260585,-0.040071942265561475,0.27956906,0.4079671,0.58054364,0.8826667,0.58054364,0.75363886,-0.014150223477555813,0.10476005,0.2318771481513977,0.05672847852110863,0.3205126,0.66345984,0.874243,0.66345984,0.7640039,-0.011397846484843922,0.08040612,0.17838544,0.8124208,0.93939525,0.8124208,0.8944143,-0.0058314964587509585,0.042618137,0.4255894124507904
exact-r1__64b07342bed2a0f5328e22964e543dfbed747f94__爆炸菇（爆炸后）__v632__scooter__0df343bf__c0.mp4,0.87979525,0.12286426,0.47689727,0.10851158,0.12227921,-0.0517944488159046,0.3688251,0.33632755,0.65816444,0.82495385,0.65757084,0.6596336,-0.019006337631832463,0.12893131,0.19871467351913452,0.10018140077590942,0.3030725,0.68718326,0.8244906,0.6852344,0.6896067,-0.016138309428814366,0.109435685,0.13918972,0.8568791,0.9251353,0.85506684,0.85713524,-0.007444519888270995,0.050462898,0.46384966373443604
exact-r2__fbc6cc3e6f358627d84bb3511700ab79cfb3a214__爆炸菇（爆炸前）__v1587__bubble__942f9369__c0.mp4,0.7518559,0.46118492,0.63121736,0.24004667,0.27277976,-0.036884098553021424,0.26125863,0.2462861,0.83334637,0.8884586,0.74959856,0.7796425,-0.01076424569480505,0.0751337,0.1236535906791687,0.04005170613527298,0.46132284,0.82311374,0.79064816,0.53057975,0.5992825,-0.017962455101635143,0.15062931,0.130557,0.9159221,0.92851025,0.86532766,0.8733957,-0.006157270886681275,0.0449611,0.3154377341270447
exact-r1__f209495c1245dd50d55278984d059d319d10dcab__毒蘑菇__v1522__glasses__b71ee6e0__c0.mp4,0.71820796,0.21412055,0.33832002,0.21269003,0.21381159,-0.024489975140499984,0.21944547,0.3169747,0.6443651,0.71046495,0.64189565,0.64459485,-0.012198903579485767,0.09997048,0.22389042377471924,0.17244692146778107,0.21035576,0.7660779,0.7815171,0.73463464,0.73899937,-0.005948944171897984,0.058448073,0.11821723,0.8682555,0.88291186,0.85701835,0.86056066,-0.0038656065822118874,0.033778,0.5162078738212585
generic__aeecb7505b781f5cf42bce5705d3f3bc18c53b56__毒蘑菇__v701__bubble__42af22f1__c0.mp4,0.20058107,0.97302556,0.91415125,0.7909324,0.8263278,-0.0013611388536310018,0.061028216,0.06879544,0.98515403,0.9622442,0.9244783,0.932403,-0.0005218123376605027,0.022177307,0.02842956781387329,0.012458917684853077,0.12314141,0.9730256,0.9349035,0.8683722,0.88251036,-0.0006325287310031082,0.03663443,0.04372406,0.9876958,0.9747033,0.9511374,0.9582122,-0.00032709674401718014,0.012635518,0.6375375986099243
exact-r1__336d65b0699f567902b54ca9b3d4fd081d7a57d0__吐司菇__v341__glasses__4e1a2319__c0.mp4,0.8257703,0.14987499,0.4726859,0.14987499,0.15351713,-0.0464860323536773,0.33341497,0.5135174,0.4731635,0.7023548,0.4731635,0.48161095,-0.0301755158149678,0.21537995,0.3662601709365845,0.19568221271038055,0.4054258,0.6509305,0.75783515,0.5702194,0.60663086,-0.017652665143427653,0.13190465,0.1565125,0.83942366,0.898037,0.8309504,0.8398102,-0.008049464213989459,0.05751044,0.3742557764053345
exact-r1__c345c8555877102cc1df8b6cecd5496eba097b0f__爆炸菇（爆炸前）__v1221__coffee__acd00226__c0.mp4,0.39426643,0.9393368,0.8783826,0.5914551,0.73458976,-0.00828315323520555,0.11290813,0.10016471,0.96686685,0.9479875,0.89281595,0.90754795,-0.002357017852572118,0.028771803,0.05000126361846924,0.018729329109191895,0.13796556,0.9446473,0.9279455,0.847756,0.8729073,-0.0034434542118796313,0.03857635,0.05042827,0.9725971,0.9667168,0.94255245,0.9501568,-0.001240437209841756,0.01325809,0.44497570395469666
exact-r1__ef42d53ed8b791605eae85aa1492240bd9a4a695__汉堡菇__v1502__bubble__5afa3d17__c0.mp4,0.8570669,0.10104851,0.36719313,0.10104851,0.12047737,-0.044304983366442764,0.35449523,0.47651762,0.500863,0.7283323,0.49965304,0.5068122,-0.025135059601704597,0.16907553,0.15374261140823364,0.061786722391843796,0.75217015,0.22044608,0.4625454,0.21018632,0.22050257,-0.04124922891379343,0.31840792,0.3428061,0.6546056,0.7901191,0.6430836,0.65170103,-0.018425733027722043,0.12667823,0.14188143610954285
exact-r1__ed2aed62a6cc33d8917e875c075f9a9da2079de2__汉堡菇__v1487__bubble__d6169561__c0.mp4,0.8946324,0.10826133,0.4069252,0.096607104,0.109608404,-0.045628117323805215,0.33305797,0.5743703,0.42019373,0.7610451,0.42019373,0.53052974,-0.023367967942486634,0.16251911,0.35007327795028687,0.1158972904086113,0.5518541,0.5615587,0.7493946,0.43978125,0.5382206,-0.023377516641918394,0.16033038,0.22758085,0.770267,0.87694246,0.7671835,0.7869612,-0.010912085828102637,0.073159896,0.15136593580245972
exact-r1__5f7fb1ceb4b48f45e4f8bd8b3b86312976e2872e__吐司菇__v598__scooter__b4fb54ed__c0.mp4,0.74545133,0.70276105,0.53516257,0.24787329,0.25933126,0.015271548343741363,0.22199667,0.31906617,0.88587534,0.80739886,0.67744744,0.6854689,0.006552650582177848,0.09598928,0.21186566352844238,0.11056060343980789,0.23512143,0.8526459,0.82838947,0.7582032,0.77196836,0.001642162738581412,0.051937476,0.113613725,0.9345498,0.9179596,0.8829267,0.88716054,0.0011104271699317403,0.026899282,0.31197646260261536
base-props__b2678863871b99530ba9e74fef126b3d90508f99__爆炸菇（爆炸后）__v712__eyemask__532028ec__c0.mp4,0.23767924,0.8109381,0.86385983,0.7533226,0.7875462,-0.009627827306981156,0.07459526,0.07331866,0.9357706,0.9486082,0.92139125,0.92893153,-0.0028114977325846575,0.02264763,0.042867064476013184,0.025765689089894295,0.08996731,0.9215445,0.93222106,0.9010344,0.9079735,-0.0033288625742606834,0.02587542,0.032919645,0.97036475,0.974374,0.9626461,0.9659346,-0.001170670444315144,0.008980138,0.6276524066925049
base-noprop__36cc3b78b61d9039d9d44b967df0005c6e6e6895__炸虾菇__v0__2eb742cc__c0.mp4,0.11455095,0.8891445,0.90684915,0.8768072,0.8803611,-0.0037445719298637788,0.030396363,0.05301267,0.9511184,0.9569541,0.9412053,0.94755393,-0.0013921042911620174,0.011879679,0.01978689432144165,0.012805948965251446,0.10982561,0.9064645,0.9141239,0.88153255,0.8893079,-0.0028679966337596076,0.026394418,0.033451438,0.9675194,0.96976,0.9609922,0.96475613,-0.0007807863913034822,0.0073387455,0.6475889682769775
generic__a5e37a90d98a5994377758364c1e4676cdd9da9a__粽子菇__v673__glasses__0a0c5f9d__c0.mp4,0.26513672,0.8523133,0.8824243,0.71655524,0.733073,-0.00810979306697846,0.0836673,0.08619267,0.93622774,0.9533039,0.9038377,0.90640396,-0.0029392248321427556,0.027095262,0.047539710998535156,0.017044875770807266,0.12364179,0.91086376,0.9212523,0.8580503,0.8690244,-0.0037935247180961294,0.035359807,0.040495574,0.9632137,0.9703487,0.95045036,0.953228,-0.001354376553546783,0.011499653,0.5593760013580322
base-noprop__3b9d1b6c16258908a61bcc8b642c745d0033992e__蘑菇力__v0__7bc8a00e__c0.mp4,0.2574433,0.9168134,0.8652515,0.7064389,0.7922756,-0.0014763936812698672,0.063489676,0.1155228,0.94911885,0.9342373,0.86127913,0.895656,-0.0007866267041255322,0.029656291,0.04848766326904297,0.017365289852023125,0.13131571,0.9263525,0.90011483,0.8336084,0.85632616,-0.0009711185698452636,0.031994097,0.07278508,0.9625938,0.95160234,0.9097668,0.92812383,-0.0005220683078049576,0.018575205,0.6169600486755371
base-noprop__50ee01d3a21af2295c697ffe0dcc9d0e2bd3a001__吐司菇__v0__d0dff578__c0.mp4,0.027976096,0.9619921,0.965161,0.95563406,0.95866334,-0.0007928431976454,0.0062045823,0.012156248,0.97740555,0.98114246,0.97740555,0.9778085,-0.0004158514761642021,0.002976418,0.0022596120834350586,0.0009821368148550391,0.027976215,0.961992,0.965161,0.955634,0.95866334,-0.000792846731517625,0.00620461,0.01060158,0.9793317,0.98212475,0.9790211,0.97936714,-0.000382335996439336,0.002715791,0.6968604326248169
exact-r1__913093deac6198ad65ba3e8925974f83e021d41b__粽子菇__v902__crown__b103009f__c0.mp4,0.6294086,0.3447818,0.6597852,0.340647,0.3450198,-0.035440272346080055,0.2567062,0.16324168,0.82428616,0.89323884,0.81685704,0.82740957,-0.007859727198427386,0.054806665,0.055151402950286865,0.03419112041592598,0.38355106,0.71208394,0.8087801,0.5865045,0.62841815,-0.01666895632922884,0.12963662,0.117836654,0.87943757,0.9274301,0.86977684,0.8808619,-0.005598845983682407,0.03947329,0.30001741647720337
base-noprop__3eb6d97760f838a366c3ddc9c5fe31024af3ddd6__炸虾菇__v0__b205438f__c0.mp4,0.03865695,0.9809613,0.9769673,0.9553689,0.9679047,-0.0006787950695739244,0.007830902,0.03211069,0.98321056,0.97786015,0.95914334,0.9637963,-0.0005028266091591581,0.007912069,0.014809727668762207,0.007340929005295038,0.03865689,0.98096126,0.9769673,0.95536894,0.9679047,-0.0006787961886334376,0.007830888,0.022137403,0.9887508,0.98520094,0.9729986,0.97614235,-0.0003088194979980448,0.0051590004,0.5436462163925171
exact-r2__18ee7b33c99e2e14a3e82fadee1bea64ceed5ede__蘑菇力__v156__glasses__69bca2c2__c0.mp4,0.83678645,0.10348576,0.28028163,0.0806988,0.094778374,-0.02414181667265921,0.19353203,0.4697808,0.5752421,0.66127163,0.48564023,0.510041,-0.01410067929580751,0.114232846,0.2516682744026184,0.18035495281219482,0.4051491,0.6487969,0.7261024,0.5267726,0.57328266,-0.013959628791205967,0.112554416,0.22631502,0.78822094,0.84162647,0.7373085,0.7534888,-0.008448305985201968,0.066200316,0.30143672227859497
exact-r1__db11bfdaff5a33e9c9c53b4ad74b99097274fdf5__炸虾菇__v1370__flag__7aabbc36__c0.mp4,0.75204957,0.2662293,0.3801313,0.1586884,0.18030964,-0.03129788564716876,0.25073156,0.39231408,0.67717886,0.72147155,0.56775844,0.5961466,-0.01697851193281031,0.1302253,0.27612870931625366,0.15449810028076172,0.2666402,0.7313247,0.77684706,0.66824865,0.7034638,-0.009761993828498338,0.07254898,0.15894544,0.8354131,0.8759696,0.8122282,0.82399094,-0.006778712859266851,0.049167786,0.3527379035949707
exact-r2__b5d14e764b870261aa66c7becd1030cb7dd3aff1__炸虾菇__v1127__bubble__35558177__c0.mp4,0.6887172,0.7679684,0.6493284,0.2943334,0.3640187,-0.015146444054695925,0.222198,0.154562,0.9062394,0.90527385,0.8362137,0.8420049,-0.004858857381485194,0.04987738,0.05178380012512207,0.0248784888535738,0.4023593,0.84923506,0.78133774,0.5806912,0.61690754,-0.006415229953324841,0.1279189,0.11003411,0.9307111,0.9301525,0.88157225,0.89071745,-0.00321852253830951,0.034878314,0.25202712416648865
exact-r1__044176e563bd0ca37fa16a6ebe34899138633a40__粽子菇__v28__coffee__6edeef2d__c0.mp4,0.76569754,0.2810502,0.41930827,0.1716298,0.20677513,-0.02441448295717184,0.21234755,0.4176023,0.65126777,0.7381192,0.54941624,0.6188824,-0.013364118667459313,0.10903599,0.2453715205192566,0.13626021146774292,0.3281513,0.71634394,0.77160364,0.6148856,0.6813697,-0.009163729581437111,0.0787367,0.1856035,0.84218955,0.87437946,0.7914886,0.8221096,-0.005783173759935412,0.046969175,0.21802908182144165
base-noprop__182f83da0bcf36703e4fd5d1e28bc4008296ecaa__爆炸菇（爆炸后）__v0__95b8842a__c0.mp4,0.41586834,0.9587656,0.82388645,0.5758453,0.62203646,-0.002009485726771166,0.15399827,0.11659467,0.9755608,0.93736535,0.87680674,0.8800761,-0.0009323822650984838,0.044480916,0.06170123815536499,0.02713925950229168,0.15109009,0.9627086,0.9123947,0.84062356,0.8429646,-0.0015243664089399079,0.054678835,0.058795094,0.9826681,0.9645045,0.9366259,0.93746763,-0.0006122125585088737,0.02104324,0.6256204843521118
exact-r2__c2e9ae96e46e8d80f334d387a13cdcd4b79f15cd__爆炸菇（爆炸前）__v1218__coffee__09c07fe3__c0.mp4,0.80065775,0.7982195,0.67917764,0.1887339,0.22944035,-0.023645855972300404,0.26650712,0.33729565,0.8964918,0.8711662,0.65730226,0.6887574,-0.009860688224140365,0.1053432,0.21326464414596558,0.059198688715696335,0.22057796,0.8779242,0.8759536,0.76909316,0.77575225,-0.007381323769158535,0.06758114,0.13153064,0.9176711,0.93036497,0.86321163,0.87343407,-0.005278750429511532,0.0428523,0.2060629427433014
base-noprop__cf4cabe622b3f02cfc5256b5fcd31ea8829ff9ce__爆炸菇（爆炸前）__v0__f0af4e74__c0.mp4,0.16620636,0.93265045,0.9071431,0.82292306,0.8559157,-0.0044905436133207645,0.048311766,0.04663253,0.9661798,0.96191573,0.94530475,0.9498054,-0.0013797099411251975,0.013853643,0.0194128155708313,0.012527942657470703,0.12787384,0.9372208,0.9268189,0.86125547,0.8946145,-0.0030100554110033097,0.033333033,0.030784726,0.975009,0.9744438,0.9637891,0.9674258,-0.0008895518515892176,0.008343891,0.4532407522201538
exact-r1__327185ae5318bfb2ef8e016f01872c878d2c1fa3__爆炸菇（爆炸后）__v334__coffee__7dec34e4__c0.mp4,0.7101082,0.28750122,0.4220471,0.20238583,0.221376,-0.02380494269811118,0.1839969,0.31102514,0.7126928,0.78260785,0.64586294,0.67132866,-0.011429162305805525,0.0831675,0.1856326460838318,0.11035288125276566,0.33180034,0.7145289,0.7706522,0.60648334,0.64698607,-0.012475495458591605,0.095136985,0.13997191,0.85173213,0.8929607,0.8314956,0.8389678,-0.005890643525971728,0.04246619,0.21230848133563995
base-props__dad4cc0c224921ba2b3e9a82d69f6789dfd1c559__汉堡菇__v847__bubble__069a15c5__c0.mp4,0.26488543,0.7285745,0.79776084,0.68854547,0.70747113,-0.013372683713558634,0.1056467,0.07056582,0.9081718,0.92897224,0.90043676,0.90386003,-0.003809053494996233,0.030674754,0.042706966400146484,0.02803647704422474,0.10681993,0.85527223,0.8903045,0.846611,0.8554069,-0.005337010082520053,0.04417451,0.0350464,0.94599986,0.95700854,0.94253063,0.94371516,-0.0018645096202141733,0.015261007,0.5380950570106506
base-props__c02ecf1932815596cda24fe2696288e3a709c5c2__粽子菇__v757__bubble__942bb2b6__c0.mp4,0.2879367,0.9543443,0.83639145,0.6996441,0.7205709,-0.0013991089559826587,0.08249063,0.09133899,0.96445715,0.9346976,0.89367783,0.90839833,-0.0007922083375011045,0.02480913,0.06009650230407715,0.030483821406960487,0.11362505,0.95470536,0.90716124,0.8739556,0.87793446,-0.0007756957305749875,0.02892748,0.039543092,0.97602654,0.9651814,0.952594,0.95411366,-0.0003897150750216637,0.009853016,0.46659326553344727
base-props__56bc114155a57e47100a6759d7b78d0befdb0a1f__蘑菇力__v330__eyemask__3f293437__c0.mp4,0.44933778,0.93714297,0.84076715,0.5402965,0.5711287,-0.002425917229162373,0.1586129,0.12241429,0.9679946,0.9461939,0.87234306,0.87882125,-0.0009846768595955754,0.03863301,0.06480753421783447,0.020010817795991898,0.16768807,0.9413423,0.9126616,0.8219462,0.8302319,-0.0016332927782073867,0.050433148,0.057749808,0.97394514,0.9662045,0.9371506,0.9416467,-0.0006770495133908614,0.015984897,0.6255618333816528
exact-r1__14befe3436b0276fac0d9e75b9e101c8a7c7b858__爆炸菇（爆炸后）__v127__crown__9788bf56__c0.mp4,0.8067169,0.21695986,0.3899248,0.18014601,0.20303416,-0.032664123466127945,0.26397705,0.4795015,0.61359954,0.7128505,0.51436245,0.54909486,-0.01874778340220923,0.14265765,0.21509093046188354,0.1272110790014267,0.5258088,0.51052797,0.6803633,0.4610541,0.47358555,-0.024096511009889163,0.1667711,0.27823508,0.79586124,0.84006155,0.71599305,0.73380196,-0.010003359244746178,0.07908133,0.3144089877605438
base-props__5fcaed1021788750740eaf4cb963c907ca733dc2__爆炸菇（爆炸前）__v363__flag__f28a34da__c0.mp4,0.39901447,0.9694102,0.82008916,0.5930197,0.61573607,0.001585765200641301,0.14169493,0.10214192,0.98493916,0.9427242,0.8928141,0.8958129,0.00046387662293882964,0.035668716,0.05971658229827881,0.027097929269075394,0.15191114,0.97334456,0.9105786,0.84012306,0.8541913,0.0009682480054410413,0.04729665,0.043582737,0.9886143,0.9698221,0.9517412,0.953033,0.0001799407094834745,0.014357164,0.5511195063591003
generic__58c718f0a628fc78ed40a56ba41c1f7d385533e5__爆炸菇（爆炸前）__v336__bubble__c8edfdd6__c0.mp4,0.6654095,0.4136938,0.67944384,0.3227437,0.3816664,-0.03550709365856036,0.2525933,0.19169319,0.8225142,0.89395803,0.8022984,0.8111292,-0.01056032230260346,0.07395501,0.11551433801651001,0.05501525476574898,0.17462981,0.8361337,0.8913628,0.8135234,0.83701694,-0.007900503902096064,0.057051208,0.087717056,0.92100346,0.9489735,0.90635407,0.92029595,-0.004016686510662794,0.028288161,0.5244906544685364
exact-r1__747711b7d7d492e548ee9d327fa617d3cbb1993f__爆炸菇（爆炸前）__v731__eyemask__66c62407__c0.mp4,0.76222384,0.22150545,0.56547385,0.21889412,0.222352,-0.04180884630724847,0.29278836,0.24729156,0.74138486,0.8541902,0.7385771,0.7410818,-0.01339618602524633,0.09291487,0.13991820812225342,0.07387339323759079,0.21184468,0.7699437,0.85518223,0.7695811,0.7735065,-0.009798887395576055,0.067101076,0.12258625,0.86951745,0.9280635,0.8677528,0.8692936,-0.0063397063921562784,0.04353039,0.22559630870819092
exact-r1__7595de653201daf792ae964617d76e0bd71d2d72__爆炸菇（爆炸前）__v736__eyemask__52c3ff56__c0.mp4,0.9277788,0.059419822,0.24660099,0.059419822,0.060022093,-0.02730349427376223,0.2172578,0.56388056,0.42525327,0.63684034,0.42525327,0.4300769,-0.02289620931205072,0.15774404,0.35082316398620605,0.21823808550834656,0.3839475,0.61708504,0.71749985,0.6032511,0.6146688,-0.011130532139374814,0.087679684,0.21914148,0.77607644,0.8550785,0.7729958,0.77566016,-0.008073427401512527,0.057596724,0.21647000312805176
base-props__e6e98683f20bb8f7f894e3c8abc003b9df6e8bcf__炸虾菇__v899__glasses__b0bc1b47__c0.mp4,0.30159158,0.84410226,0.83572966,0.6808064,0.75833935,-0.0048171052112881045,0.07827876,0.09677553,0.9431578,0.9370245,0.8944565,0.91032887,-0.0016887779881360609,0.025310814,0.048673272132873535,0.021390436217188835,0.13602817,0.8834413,0.8924192,0.8463698,0.8592822,-0.0035481749198182353,0.03636133,0.04829687,0.9571973,0.95841485,0.9431298,0.9462728,-0.0011547697273639052,0.012307185,0.5445608496665955
base-noprop__3ab5e095ea7925663c71572cdf310f6c6d4c208d__汉堡菇__v0__7da88e0b__c0.mp4,0.80642813,0.894811,0.45555535,0.17525584,0.17885673,-0.021083301617929588,0.34682193,0.36436963,0.9517023,0.7619196,0.62451375,0.62863594,-0.008928187162037434,0.15330724,0.20382201671600342,0.12792962789535522,0.27297902,0.91146046,0.8132246,0.70870495,0.71800816,-0.006905898039520045,0.10221706,0.16605544,0.9575983,0.8898491,0.8238989,0.82917494,-0.004244763801691561,0.06479844,0.4937893748283386
exact-r2__91bc629c078edf731cebd1b7daf8cf84bcd0876c__爆炸菇（爆炸前）__v904__flag__c3df8e13__c0.mp4,0.5715564,0.33394605,0.4588726,0.33394605,0.33496228,-0.02129503660522433,0.18183197,0.21771002,0.74370635,0.805652,0.74363625,0.7446528,-0.008913297132541069,0.067046024,0.09304410219192505,0.06440101563930511,0.39577985,0.5742819,0.6484008,0.53629005,0.5702884,-0.013831257466742167,0.12209914,0.13757259,0.83675045,0.870053,0.8366123,0.83740336,-0.005274865997167453,0.042809412,0.32473042607307434
base-props__58c718f0a628fc78ed40a56ba41c1f7d385533e5__炸虾菇__v336__coffee__07074ac5__c0.mp4,0.73431516,0.87594,0.7330878,0.2459411,0.4372577,-0.014529355076461914,0.21033517,0.2520824,0.9331636,0.8967162,0.7357897,0.81114477,-0.005530838968725536,0.06998702,0.13749343156814575,0.04544410482048988,0.23105478,0.9137678,0.8728611,0.7493163,0.8047943,-0.005833518245945827,0.070008956,0.116689086,0.95959747,0.9421605,0.87328315,0.909295,-0.0027381557485331564,0.032464094,0.5676298141479492
exact-r2__b84a69fca80b7f3ae9dfc999d5b9896f6e7dc072__毒蘑菇__v1148__crown__0de8e285__c0.mp4,0.6848935,0.5770048,0.6411161,0.30532175,0.4070822,-0.018066034928376513,0.18740888,0.16547108,0.87661076,0.89386153,0.82926697,0.8532868,-0.004047985074548378,0.040468868,0.07164722681045532,0.03675144165754318,0.3809049,0.81136537,0.80853164,0.6093104,0.6827923,-0.00635685945452437,0.08541643,0.10217911,0.92602193,0.9306129,0.89255893,0.90361106,-0.002239971999594371,0.023414388,0.30432361364364624
exact-r1__023469929148db26d79450784cecf5409c4507e4__爆炸菇（爆炸后）__v18__eyemask__fe0d0e87__c0.mp4,0.4322372,0.5508762,0.7694004,0.54692084,0.551794,-0.021686570623175458,0.14992392,0.12614882,0.8647611,0.924932,0.8647611,0.86561996,-0.00585001978007231,0.039980553,0.05957746505737305,0.027698099613189697,0.17247128,0.8067155,0.87297326,0.8066869,0.8101357,-0.0068810477911719296,0.046930335,0.068421364,0.92255616,0.95263,0.92255616,0.9232179,-0.0029396053123851226,0.01984829,0.21527345478534698
exact-r1__d4ef2d75cf545b684243814b292532151f86acb8__炸虾菇__v1324__crown__071d7250__c0.mp4,0.69760954,0.38260064,0.48714596,0.29409456,0.3112015,-0.022894641244599934,0.19876923,0.21073389,0.8175888,0.84528035,0.7799779,0.79723,-0.006575266952099993,0.05582205,0.09955322742462158,0.0681157335639,0.43251097,0.6401167,0.7349941,0.5591932,0.60934454,-0.01636920038890463,0.1274691,0.13820463,0.89350235,0.9133962,0.853947,0.8881302,-0.0040049897470021845,0.03422881,0.3467680811882019
base-noprop__02649510b01d521437d95658981d30da7d35fe3b__爆炸菇（爆炸后）__v0__9d0e47fe__c0.mp4,0.5018733,0.96420205,0.80853635,0.49087763,0.5102562,0.004435516481578586,0.17013659,0.14104968,0.97306585,0.9277022,0.8534904,0.8573032,0.0014426443769997768,0.047587503,0.07890278100967407,0.02979249507188797,0.17046762,0.9648403,0.9051638,0.82228315,0.83594424,0.002078005977770099,0.057506517,0.074793756,0.98162746,0.9574947,0.91974634,0.92931986,0.0007925875808881466,0.023774512,0.4869418740272522
exact-r2__b7d6465a8b59608365b430ec044d2fd40916aca4__蘑菇力__v1146__crown__d5a033a7__c0.mp4,0.73064256,0.21853802,0.38000214,0.21853802,0.23194112,-0.02829600193283776,0.25066996,0.36666256,0.6055278,0.7283709,0.6055278,0.63343096,-0.016239745638116074,0.1208068,0.1947324275970459,0.12304792553186417,0.4317987,0.58057326,0.6993113,0.5205982,0.5629692,-0.019218996226080812,0.14057426,0.20618367,0.80026025,0.85141885,0.7720377,0.7992464,-0.008472327776105975,0.06359878,0.37643593549728394
base-noprop__0ab9e3bf089c71e2d454a42c0c8b656934192f80__蘑菇力__v0__f7acf8d6__c0.mp4,0.3388613,0.94233125,0.92206365,0.6491853,0.8649458,-0.0038456198255064347,0.084470265,0.108335674,0.96731305,0.96413153,0.8833749,0.9420464,-0.0017516141234650564,0.026306778,0.056052565574645996,0.011660379357635975,0.12383187,0.9493227,0.9461041,0.8642148,0.9134866,-0.0022377443054448004,0.02921244,0.05457133,0.9754361,0.97579175,0.9394275,0.9633135,-0.001070304173725874,0.012860187,0.6275362968444824
base-noprop__507ce1e393891e0f47c90aad7b6087098ce6304a__汉堡菇__v0__fcd4e0ac__c0.mp4,0.5806385,0.5351957,0.55433285,0.3781173,0.42264146,-0.014334140264469638,0.14170638,0.224769,0.81593347,0.81302494,0.74925214,0.76409453,-0.0052544040524441305,0.05499473,0.14704734086990356,0.10229331254959106,0.18062544,0.8413372,0.83987784,0.7798877,0.7899463,-0.0037996410852364553,0.039313726,0.09550315,0.91217494,0.9153184,0.8880743,0.89263046,-0.002337508757595022,0.022137458,0.5046849846839905
base-noprop__5626b130f196987d62f6d0c5c5db38f271c3a918__吐司菇__v0__8e02cd71__c0.mp4,0.6582645,0.49128824,0.514397,0.2751575,0.32055366,-0.01651678525883219,0.18435197,0.24694026,0.79378736,0.8005276,0.7200891,0.72702193,-0.0067948791467154004,0.07293493,0.16952836513519287,0.1105518639087677,0.16052043,0.80911136,0.8287025,0.78059137,0.8010328,-0.00460442771082339,0.03946462,0.091441035,0.903679,0.91107947,0.88473296,0.88846403,-0.0027510590350675102,0.025694955,0.4610777199268341
exact-r1__088126bb925ec5269e2324b070d94c3ec44007e1__爆炸菇（爆炸前）__v51__crown__b17426ab__c0.mp4,0.77893364,0.24572822,0.34683895,0.21012916,0.22280093,-0.021826232477963694,0.22386403,0.3004713,0.7730803,0.79685295,0.68402827,0.7014233,-0.008918866397363863,0.07802838,0.164764404296875,0.09443722665309906,0.44522393,0.6317048,0.7356224,0.5440272,0.5992165,-0.015166523899485482,0.11637985,0.18010902,0.8701292,0.8912902,0.8125099,0.83379143,-0.00548596650715403,0.045156095,0.2584185004234314
base-noprop__0b0e83bd494c16e5170e432e0697b925efbac110__蘑菇力__v0__161d7dc4__c0.mp4,0.9040764,0.20249705,0.43572217,0.08977264,0.13930975,-0.046320452314356095,0.35451978,0.36264932,0.69924325,0.7989665,0.63344634,0.699603,-0.016420085262875316,0.12172912,0.23047614097595215,0.11723840981721878,0.24446607,0.78025347,0.83721673,0.749383,0.7693382,-0.010821859120380263,0.08380715,0.13217318,0.8818121,0.91620505,0.8639225,0.8793548,-0.005990898008403112,0.04527007,0.4501296877861023
exact-r2__e5b3f1c2313f2de2d3a73d70859e4579fa6b248d__吐司菇__v1446__eyemask__ebabc90a__c0.mp4,0.79343015,0.20196779,0.617075,0.20196779,0.21168345,-0.0436341097438524,0.30650225,0.16072214,0.8339947,0.9061273,0.8339947,0.8366301,-0.007960998552590014,0.054241072,0.10217899084091187,0.05440820753574371,0.15747875,0.85317487,0.89176345,0.8379191,0.85238147,-0.005494558292886514,0.040030215,0.061908305,0.9361737,0.96053565,0.9334538,0.9370208,-0.0025855126706036654,0.017603993,0.17495179176330566
base-props__432eff82630f4ea5c677143ac7a2c056c203e209__爆炸菇（爆炸前）__v246__eyemask__7d24a326__c0.mp4,0.76210475,0.35103673,0.44973084,0.21745001,0.2215129,-0.030280872325416604,0.26246876,0.29741353,0.7767312,0.7963643,0.6874425,0.6939866,-0.011430751252551337,0.095354915,0.20599186420440674,0.1198844164609909,0.2295664,0.7499884,0.82909834,0.7499884,0.7717726,-0.008461412469388944,0.06681078,0.104536295,0.8901988,0.9162488,0.8840424,0.8894085,-0.004259114680082913,0.032962322,0.3662232756614685
exact-r1__a898e53d3c72c465b4580f2451c16978e1bd1300__吐司菇__v1042__crown__c8ab1e44__c0.mp4,0.7255921,0.38393232,0.5986214,0.23815626,0.31529334,-0.029481866879189914,0.23040208,0.23834991,0.81622297,0.85655296,0.7414173,0.78753644,-0.007832545654575794,0.06258705,0.07669949531555176,0.045486804097890854,0.4841416,0.70225257,0.7687571,0.48195267,0.62235886,-0.01399592843215926,0.119649686,0.1679942,0.87868476,0.9020398,0.8181168,0.8558926,-0.005174694325141756,0.042735565,0.2744404077529907
exact-r1__62f72d5c5cf16e8ea21e0dfa14695d0513a55d09__爆炸菇（爆炸后）__v622__scooter__6ad027f4__c0.mp4,0.8193042,0.1447874,0.33837643,0.14430952,0.16607907,-0.02599752279138376,0.19697388,0.33005637,0.64528686,0.7766957,0.64528686,0.6707355,-0.012161661395913539,0.08427741,0.21823877096176147,0.13804660737514496,0.23369014,0.7378637,0.8198126,0.7315519,0.74912316,-0.007482889259285599,0.054221522,0.11890519,0.8635256,0.91474235,0.8635256,0.87166613,-0.004415322728307831,0.030558722,0.42777904868125916
exact-r2__64f05b3d914bb69ca68d1d101fb3ac8bca6ac483__炸虾菇__v637__scooter__6ecc2e35__c0.mp4,0.7266121,0.5759284,0.6432914,0.25916892,0.3823282,-0.02145004699470499,0.21627216,0.21580607,0.8655138,0.878988,0.76938075,0.80138993,-0.006187510584654079,0.06261128,0.13792479038238525,0.06306640803813934,0.19837636,0.87842023,0.87379986,0.7874046,0.81041926,-0.005222398478523071,0.05419538,0.08488101,0.9355658,0.9420545,0.9060331,0.9128028,-0.0026134986415682136,0.024390426,0.5674744844436646
exact-r1__55b892894205e7750a2404361426cb70179f139d__汉堡菇__v543__scooter__092fbc76__c0.mp4,0.89278615,0.07526551,0.36526364,0.06512737,0.07816177,-0.037394151489136274,0.25739524,0.683668,0.29251033,0.64808136,0.29090068,0.30704492,-0.031677493111418174,0.2136734,0.418340265750885,0.20675048232078552,0.37555718,0.58772516,0.75513035,0.58324254,0.5887701,-0.016246207323470135,0.10996371,0.2875641,0.7108506,0.85483176,0.6947697,0.7165443,-0.012788093078277805,0.08796482,0.4479024410247803
base-noprop__682f7d8fb59392161e4d92c0884afcd19b380053__爆炸菇（爆炸后）__v0__b8c849c5__c0.mp4,0.86604047,0.8969162,0.4417962,0.10902999,0.12337298,-0.005708547242780935,0.32475364,0.48159313,0.9490508,0.7415608,0.50426686,0.51139426,-0.005059263216177004,0.16993725,0.26706087589263916,0.13830724358558655,0.3760541,0.910959,0.79411167,0.5994862,0.61662954,-0.004582150003655631,0.11711694,0.22602296,0.9580884,0.87986815,0.7604991,0.7663865,-0.002752072137335069,0.073708236,0.36241260170936584
base-noprop__1d44abeca76e96eae0662cfdcbc0c67000cc6687__蘑菇力__v0__b27295fd__c0.mp4,0.15078676,0.89539146,0.89604586,0.8309915,0.8452728,-0.003871453668289026,0.043419458,0.071334004,0.9457278,0.94787705,0.9181136,0.9215365,-0.0019589868694426175,0.019872306,0.025451242923736572,0.013870622962713242,0.10338694,0.9081367,0.91654074,0.8783914,0.8873171,-0.003191247994720691,0.02982644,0.04686749,0.9608996,0.96174765,0.9429289,0.9444176,-0.0012603046983598123,0.013229338,0.5536171197891235
base-noprop__2b1e211233b0f0264e4dfff6fc8d00725b5b956c__吐司菇__v0__5d64f6ca__c0.mp4,0.5490613,0.51939255,0.4381718,0.24234423,0.25600666,-0.006252809475533105,0.19274761,0.24501663,0.8265994,0.77576315,0.68077564,0.6907023,-0.002108761738882715,0.07965566,0.2133089303970337,0.1372629851102829,0.11993885,0.8566704,0.83185965,0.7788526,0.7869884,-0.0011190918123297892,0.03968665,0.06947404,0.9249669,0.9130262,0.8885502,0.8936815,-0.000854774072707414,0.021199694,0.3918491005897522
base-noprop__546296f7917ec182336f629d3d0c02436cb741ca__毒蘑菇__v0__5c44f4b6__c0.mp4,0.028304517,0.9790174,0.9726692,0.95983595,0.9653372,-0.00018595023588701974,0.007848754,0.0155738,0.9876809,0.9821561,0.97537845,0.97613376,5.759322360569189e-05,0.005466781,0.0064171552658081055,0.0026366710662841797,0.028304577,0.9790174,0.9731213,0.9598359,0.96663195,-0.00018959077215005684,0.0075371745,0.010658145,0.9876809,0.9847927,0.98039174,0.9813556,-0.00010037875693777081,0.0036015268,0.5387119054794312
exact-r1__d4b4dc72228046a3528be5b1403d1447c286b9fb__炸虾菇__v1322__crown__384fe161__c0.mp4,0.77349406,0.31434232,0.55487174,0.21239488,0.26296845,-0.037134256449494925,0.27436846,0.255826,0.822138,0.8609105,0.7360085,0.7627164,-0.010158488578475969,0.07991693,0.1042940616607666,0.05428720638155937,0.47787452,0.6159722,0.76110303,0.50801456,0.5851698,-0.02138075691909187,0.15429667,0.16475779,0.8771193,0.91519773,0.82720387,0.8566095,-0.006707544324426305,0.049965136,0.2746853828430176
exact-r1__f098f956c8048e901cfef55e3a9c2c1ae2f2ea2b__爆炸菇（爆炸前）__v1512__scooter__23c2e1b2__c0.mp4,0.885186,0.06615406,0.27031547,0.06407743,0.0667339,-0.03780796463516626,0.30052194,0.7246125,0.25489908,0.4878789,0.2448085,0.24867953,-0.03726741531679753,0.26724884,0.4929746985435486,0.30921807885169983,0.5093064,0.5782958,0.6671403,0.44079238,0.48354727,-0.0167711865407205,0.15156057,0.3132993,0.724138,0.797097,0.6623033,0.7083374,-0.012308466693629396,0.098520376,0.29235100746154785
base-noprop__2e743de79a09fe6b92bd9666baeed5733a188d07__蘑菇力__v0__8feb5e45__c0.mp4,0.04692155,0.94233394,0.95802116,0.93660533,0.94382644,-0.0016680967077436393,0.0127386525,0.020410836,0.959245,0.9688928,0.959245,0.9608312,-0.0008816631297349019,0.0069381916,0.0141715407371521,0.009905511513352394,0.03385991,0.9524777,0.9615523,0.9499348,0.9508817,-0.0012710866014005737,0.010073274,0.015528619,0.97341657,0.9787984,0.97341657,0.9744074,-0.0005203773499477677,0.004436979,0.6334002017974854
exact-r2__7c8a526968954350424479b1f22cb0375632bc6e__炸虾菇__v775__glasses__253cc752__c0.mp4,0.20640087,0.7659253,0.8199398,0.73302907,0.7418052,-0.00970680846762753,0.070804045,0.055057168,0.9139906,0.9310165,0.9109428,0.91280735,-0.002668551069945666,0.020412738,0.03823411464691162,0.02614447847008705,0.08976507,0.85312617,0.88551444,0.85085773,0.8532286,-0.004047122161850141,0.030345656,0.029830277,0.9489213,0.95716095,0.9477121,0.9481687,-0.0012538217508745821,0.009594106,0.6123789548873901
base-props__db8515de9bb0464fda393bf87d44ee920714f2f6__汉堡菇__v851__bubble__5c7bd097__c0.mp4,0.7307644,0.4728536,0.45862672,0.23311102,0.2454416,-0.01935768159835236,0.20246519,0.23108423,0.8346063,0.825189,0.75001967,0.7596316,-0.006177314951014622,0.062189493,0.15647399425506592,0.1006879061460495,0.17766726,0.7942747,0.82937616,0.78898376,0.79229087,-0.005383383733010583,0.0469439,0.08609331,0.9210822,0.925877,0.9012877,0.90674984,-0.0023328879840760325,0.021509975,0.5235129594802856
exact-r2__32c112ea6a7834b77a3fc31159f3dd43a4eb76c4__蘑菇力__v336__scooter__9ac3841d__c0.mp4,0.9448809,0.03280287,0.30950937,0.03187478,0.03457339,-0.04862154443405954,0.37625402,0.5813346,0.4123109,0.65080374,0.4028369,0.41065446,-0.03330015149630108,0.23211145,0.3845796287059784,0.21728739142417908,0.37079942,0.6236471,0.74835587,0.6059563,0.6238324,-0.018063766918634715,0.12532341,0.21115983,0.78913414,0.86809117,0.7765498,0.7868107,-0.011392736917899085,0.079693615,0.32343173027038574
base-noprop__2e743de79a09fe6b92bd9666baeed5733a188d07__吐司菇__v0__6eacff99__c0.mp4,0.7062306,0.5302311,0.6104221,0.2830227,0.31514627,-0.023947790471225854,0.23255426,0.20972711,0.8683685,0.8832578,0.77631164,0.7978818,-0.005961301357378605,0.06451166,0.1015479564666748,0.05443570390343666,0.26552927,0.84767866,0.8459243,0.7237239,0.74069804,-0.006121099643085311,0.08071685,0.11624515,0.9370365,0.93769354,0.8737009,0.89027655,-0.002560315042616363,0.034289822,0.3189167380332947
base-noprop__454fa8dcb586fe5bba7dc4c8fc5beac333fb8f52__吐司菇__v0__a2af9ca9__c0.mp4,0.5130701,0.8965501,0.75075334,0.46119976,0.46914542,-0.01067623831773465,0.18005529,0.20136404,0.948827,0.89645255,0.7808919,0.7916078,-0.004565797245549622,0.06684908,0.09079200029373169,0.03651132434606552,0.2109375,0.9062228,0.8623839,0.76333237,0.7815069,-0.0048067930187632515,0.05649508,0.114215195,0.95584035,0.9329639,0.8716839,0.88052976,-0.0029574484222020165,0.034757502,0.519805908203125
base-props__558e28ebbd5a1e6d7bade4cd30fc31f3ed07c04a__炸虾菇__v322__coffee__40a329ec__c0.mp4,0.41294217,0.76128423,0.7626194,0.5765828,0.64159966,-0.016374798454786007,0.12297293,0.13889241,0.90163314,0.9075654,0.85273266,0.8700929,-0.005080392473771172,0.039506674,0.07540631294250488,0.0430268868803978,0.13693953,0.8848674,0.89582974,0.85258543,0.86143315,-0.004979990864459703,0.038140472,0.06506741,0.94586766,0.95059246,0.928139,0.9332254,-0.002413196702719675,0.018159369,0.5001304149627686
exact-r1__b901df6d48d37ba439b3b2ce4f18d1b9073a8d64__蘑菇力__v1155__crown__7785cc21__c0.mp4,0.8990029,0.102581754,0.25048548,0.07624385,0.085793026,-0.028980234328642676,0.24770875,0.58379024,0.5078466,0.6261369,0.39626008,0.46744338,-0.021371264408228435,0.16359358,0.28342872858047485,0.20213736593723297,0.74523103,0.4092041,0.5791121,0.23162219,0.28556767,-0.03173560036618719,0.24269469,0.35304737,0.78646594,0.82827425,0.63427377,0.71100295,-0.01037597591462343,0.08992822,0.16861096024513245
generic__ab6f99c5549581a128ce6f74321624ef1458176d__汉堡菇__v685__eyemask__62d9e5a4__c0.mp4,0.8566224,0.1374364,0.3326951,0.13727134,0.13804577,-0.038406679399399894,0.34046364,0.25724208,0.7416278,0.796121,0.7359922,0.7367704,-0.011338727688600891,0.099983186,0.16229796409606934,0.12289633601903915,0.29169416,0.7168164,0.77492696,0.7021996,0.7095898,-0.012215353636873566,0.10814173,0.10085851,0.8984325,0.9190172,0.8943737,0.89577645,-0.004251977318360403,0.03678788,0.40060651302337646
exact-r2__48043cd413298bba118f12d7404a3ad3aeeeb310__粽子菇__v458__scooter__614502c4__c0.mp4,0.8918499,0.08413799,0.36296636,0.08188966,0.087320544,-0.04757001758240194,0.368612,0.39543688,0.58574307,0.75602895,0.58574307,0.5899332,-0.021910445256666702,0.1505243,0.10753148794174194,0.06080055236816406,0.75421214,0.22233087,0.478789,0.21952733,0.22137998,-0.041020589383694496,0.30738562,0.2987389,0.68834275,0.8168295,0.68834275,0.6951365,-0.016439380205195895,0.113165244,0.09860240668058395
base-noprop__85485675b9afc7fa463bca0fd81c644d405acb2e__汉堡菇__v0__d3305c19__c0.mp4,0.06962854,0.92636824,0.9372556,0.9168919,0.9211043,-0.002247469109508841,0.01762813,0.032044053,0.9681098,0.96912956,0.95657134,0.9603919,-0.000743244653162763,0.007916283,0.003603219985961914,0.002312043448910117,0.06828797,0.9323766,0.93879163,0.91823256,0.92411745,-0.0020538413595304963,0.01663126,0.032235682,0.9713268,0.9714417,0.9593799,0.96322846,-0.0006018259779737886,0.0073569193,0.412325382232666
base-props__58c718f0a628fc78ed40a56ba41c1f7d385533e5__爆炸菇（爆炸前）__v336__bubble__c8edfdd6__c0.mp4,0.38129938,0.97164756,0.9061073,0.61302316,0.8470494,-0.0005404645275221611,0.09704567,0.096214056,0.9793015,0.96012354,0.89788145,0.9386816,-0.0001571654920050434,0.0258068,0.05305981636047363,0.015682771801948547,0.11259824,0.9716475,0.94627017,0.8817241,0.9134528,4.8733805950431714e-05,0.034118377,0.045088947,0.9857406,0.9758064,0.95094126,0.9630219,-9.833676777336687e-05,0.013051643,0.5083556771278381
base-noprop__454fa8dcb586fe5bba7dc4c8fc5beac333fb8f52__毒蘑菇__v0__9f031f3a__c0.mp4,0.30339777,0.960047,0.8879301,0.6853019,0.7204989,-0.004233278481385458,0.091101885,0.086485684,0.97222245,0.9531659,0.90599984,0.91799104,-0.0010550227678811507,0.023210919,0.05189424753189087,0.016742104664444923,0.105142176,0.9615117,0.92933935,0.8835573,0.8905272,-0.0009740408465796434,0.031278554,0.03643,0.97801095,0.969908,0.9560555,0.9572228,-0.0004672598933042846,0.009989808,0.41641879081726074
base-noprop__3dae41227ff60a4b209b7b13235ac3a5ab6a6106__炸虾菇__v0__61feb769__c0.mp4,0.7275825,0.2604783,0.4531092,0.25957006,0.2628587,-0.01329622753406231,0.20245764,0.34868234,0.6421656,0.7645107,0.6421656,0.6482883,-0.006949739376075673,0.09549092,0.221152663230896,0.139553502202034,0.22229004,0.7837813,0.8275265,0.76486254,0.77523696,-0.0041777510416837445,0.053150054,0.1340884,0.86331826,0.9040642,0.8590442,0.86294705,-0.0029545452872755127,0.03288333,0.5695180892944336
exact-r2__023469929148db26d79450784cecf5409c4507e4__爆炸菇（爆炸后）__v18__eyemask__fe0d0e87__c0.mp4,0.7620678,0.22727655,0.3970964,0.22727655,0.2353131,-0.022292998203411414,0.18911563,0.3818735,0.612056,0.75351095,0.612056,0.6237114,-0.014296526670927127,0.099461876,0.2302752137184143,0.1359739750623703,0.2649529,0.7363794,0.7800588,0.72439146,0.733852,-0.005665017210918938,0.06441636,0.15405333,0.8398762,0.8894849,0.8398762,0.8498077,-0.0048717088967915306,0.036475122,0.26456648111343384
generic__9161487675b9294bb3a885ec183ef372cb601cf9__爆炸菇（爆炸后）__v577__coffee__1fac04fd__c0.mp4,0.71630836,0.26745075,0.74053407,0.2631412,0.3617599,-0.02874561343268446,0.22305137,0.17630655,0.803913,0.9075631,0.803913,0.8202579,-0.006958927973928184,0.051379785,0.10481417179107666,0.04474842920899391,0.22330981,0.7561398,0.8810351,0.7561398,0.78015226,-0.007563633409884612,0.059063558,0.0792706,0.907789,0.95231146,0.907789,0.91584134,-0.0028114877199466974,0.021403575,0.47892412543296814
base-noprop__c82f72947167e88ffd436a39531a14abf6dee6cf__汉堡菇__v0__cc39d456__c0.mp4,0.7797129,0.8898313,0.49274045,0.18976772,0.19947577,-0.00858768545415091,0.28480437,0.50732994,0.9394302,0.70563,0.47387755,0.48090908,-0.006113149314058625,0.18777941,0.26868802309036255,0.1451582908630371,0.41235733,0.9038278,0.7476875,0.5571233,0.57721055,-0.006087032643702666,0.13912661,0.2517122,0.94908684,0.8507883,0.7335601,0.745545,-0.0032217921946830854,0.08760525,0.46135878562927246
generic__de80684a473a7265e3fc6883d1373c22b31a0ac7__爆炸菇（爆炸后）__v868__scooter__2f2097c4__c0.mp4,0.7130281,0.84871936,0.30434647,0.10278881,0.10955156,0.006481767554763745,0.23958345,0.3886888,0.9312756,0.70123357,0.53197,0.5378477,-0.0004270210449874815,0.14083216,0.31028878688812256,0.18719372153282166,0.21162367,0.8919246,0.7604245,0.66621774,0.6748314,0.00034026607223177626,0.074429356,0.11532658,0.9551951,0.8884273,0.8404286,0.8432244,1.447191351485368e-05,0.039541587,0.3622898459434509
exact-r1__c2b078adef47b737301102b36a43fd20619e975a__爆炸菇（爆炸前）__v1217__coffee__f853d071__c0.mp4,0.66717577,0.49867988,0.756995,0.29626465,0.41316986,-0.0327380491869723,0.2539638,0.17014045,0.84019697,0.91837585,0.8052836,0.8305669,-0.009060689877615609,0.069005415,0.0916411280632019,0.03283387050032616,0.21684021,0.80119085,0.89298093,0.7470645,0.7695744,-0.011048482694173531,0.08544688,0.08689761,0.9217865,0.9512096,0.89489114,0.897147,-0.00467194952512447,0.03689836,0.20196832716464996
exact-r1__fb7a38929f54df6df3760fa91fdb2d30eabcc549__爆炸菇（爆炸前）__v1584__bubble__10e67213__c0.mp4,0.824286,0.113577746,0.32108662,0.10333863,0.107324235,-0.0395913194099316,0.31976613,0.65752006,0.3133291,0.55722666,0.3076484,0.31090504,-0.036722295781369284,0.2584634,0.24625027179718018,0.14308881759643555,0.7429149,0.20395568,0.41266122,0.19426419,0.2012125,-0.03732803890945413,0.29706237,0.4322247,0.54565406,0.7003155,0.53952307,0.54451567,-0.02346001447660649,0.16715735,0.1586737036705017
exact-r1__7c07e942a4d471b0e172f1847b7e35ab7ca9e40c__炸虾菇__v773__glasses__3fd44a04__c0.mp4,0.804954,0.05580207,0.2633819,0.050906934,0.051357724,-0.03131480827530029,0.264067,0.32223034,0.62436837,0.7256694,0.6186917,0.62082726,-0.014758491351199245,0.11291458,0.21712541580200195,0.1522064357995987,0.3309968,0.60341966,0.7150561,0.58960503,0.59750885,-0.016093831936361287,0.11917628,0.13545543,0.8344278,0.8778757,0.8305898,0.83291364,-0.00619014803128752,0.046678293,0.4106011986732483
generic__b2dc2ae872b575489bad295a459616c0acd91ca9__粽子菇__v714__flag__d6ba270d__c0.mp4,0.86090934,0.10381423,0.25052252,0.101557344,0.10382004,-0.02654470992182556,0.2220462,0.49360597,0.48793557,0.6426016,0.4802469,0.49178308,-0.02071228161041917,0.1452611,0.349391371011734,0.2335306704044342,0.3316098,0.685472,0.7615869,0.63363355,0.6465447,-0.012119191672962193,0.08928142,0.19603503,0.8366263,0.8761323,0.78906894,0.8049045,-0.007008473215838213,0.0532504,0.37515485286712646
generic__b4922b313b5f45658c57e964eec6e061ed1c765b__粽子菇__v718__flag__a54f5f92__c0.mp4,0.5564009,0.9021684,0.71968144,0.4313302,0.4492914,0.002215770776328367,0.1852458,0.15807563,0.95912206,0.9135617,0.8333828,0.83825845,0.0003594353853949358,0.048034705,0.10279703140258789,0.04149729385972023,0.14697504,0.9053755,0.8808551,0.84075606,0.8497833,-0.00017216624949760966,0.035747908,0.059733212,0.9660946,0.95505905,0.93420523,0.9395052,-5.6863714583770134e-05,0.014674762,0.5994337201118469
exact-r2__6e9d7ffcb3adf3ebcb80c8b5da0520ff83d8b419__汉堡菇__v702__coffee__d2e63cfc__c0.mp4,0.78065675,0.31312078,0.52399683,0.21145445,0.32617247,-0.025863319223106147,0.20493026,0.3431424,0.7699144,0.83809656,0.6492561,0.7744281,-0.009685865209507863,0.077873096,0.23388457298278809,0.09573253244161606,0.21466947,0.85370106,0.86182636,0.77744174,0.82024604,-0.004285587741452257,0.05051387,0.11272502,0.927444,0.933829,0.8820996,0.91450894,-0.0027614455567047023,0.025820717,0.4076683521270752
base-noprop__55b63d472e9f15d5bcd1f672b7144ce1726da2f2__炸虾菇__v0__67c3a118__c0.mp4,0.81919336,0.4347575,0.43312296,0.14444843,0.2010727,-0.015509172272776423,0.22145806,0.34832835,0.7929271,0.77453786,0.6309736,0.651308,-0.005270529818157915,0.09263219,0.22422856092453003,0.12953391671180725,0.20365107,0.83806825,0.8252906,0.7599907,0.77409154,-0.003471507031927006,0.046716943,0.12993944,0.9062906,0.9040718,0.8530423,0.8646778,-0.002026615524480496,0.029566772,0.44196638464927673
exact-r1__01a1dddba7c4429fdbe1cf4a4efc2c79bf9ea344__爆炸菇（爆炸后）__v13__eyemask__4b7eb00f__c0.mp4,0.7357427,0.24782088,0.5130386,0.24782088,0.2505048,-0.037365737374827804,0.26372734,0.2901525,0.70329905,0.82619685,0.7025473,0.7050772,-0.014816759838888293,0.10120663,0.13364046812057495,0.07582434266805649,0.28311664,0.7112916,0.7958933,0.7004469,0.7093493,-0.012234577725056138,0.08977613,0.16249138,0.8369395,0.90202117,0.8305832,0.83657616,-0.007684133210672228,0.052408025,0.17702260613441467
base-noprop__58c718f0a628fc78ed40a56ba41c1f7d385533e5__蘑菇力__v0__f9a43a57__c0.mp4,0.70774096,0.96680796,0.7112442,0.28136855,0.3056404,0.014133856966797066,0.28155655,0.2398597,0.9772146,0.9015185,0.7528908,0.7633729,0.004301997100411664,0.08674868,0.11644196510314941,0.04540953040122986,0.26716954,0.9668081,0.8855811,0.7219401,0.7431181,0.004344593218192749,0.08886365,0.123417675,0.98042095,0.9469281,0.8693328,0.8772293,0.001856604112466789,0.0402681,0.43036454916000366
exact-r1__950a434a553298a5568a9f659ffd1cb7eb0d5940__汉堡菇__v927__crown__2047a56f__c0.mp4,0.7804746,0.26690057,0.37189683,0.19231671,0.24834903,-0.022149680925923378,0.21182837,0.47436047,0.59519196,0.7037372,0.51393497,0.5992331,-0.014829298547605292,0.12499526,0.18307334184646606,0.12562954425811768,0.59004194,0.39026064,0.6007818,0.3827495,0.39028808,-0.027346209575065044,0.19588162,0.3256706,0.7701622,0.8293667,0.66382897,0.7707859,-0.009060449338713196,0.07838762,0.2773871421813965
base-noprop__45ec56f5f20bca20bb45a07b0652cb24f9a8a27f__吐司菇__v0__aacbe02d__c0.mp4,0.6055266,0.84331703,0.7333417,0.38611966,0.44467378,-0.00925836862311534,0.2121564,0.17507428,0.94034135,0.912892,0.8165549,0.84291124,-0.0027230245322577974,0.056285903,0.10721874237060547,0.04650334268808365,0.17576742,0.917434,0.9021482,0.81587887,0.8454164,-0.0035001365210227723,0.04838472,0.070459366,0.96826816,0.95939523,0.92377365,0.9333074,-0.0012088383257153291,0.020766476,0.3160715699195862
generic__b166561176afda3a52cc9957753e6b2a097c6778__爆炸菇（爆炸后）__v708__eyemask__f8083751__c0.mp4,0.31302077,0.6837872,0.6784138,0.5568778,0.58122176,-0.004407894823390967,0.076986365,0.09973538,0.89264965,0.88399106,0.8526322,0.8542135,-0.0015112662268250555,0.0257097,0.07364922761917114,0.05121675878763199,0.10102707,0.84771264,0.84461844,0.81694824,0.82245606,-0.001775835401455874,0.02044903,0.050135136,0.93652344,0.9352078,0.92094517,0.92464244,-0.0010137059118436745,0.011287868,0.5234414935112
exact-r1__709e89aa3bf0db47d57dbae7b7494dc8e7b7db40__吐司菇__v710__flag__0ea85577__c0.mp4,0.2858764,0.7699934,0.83487064,0.70589757,0.73466074,-0.013708404107056127,0.1034894,0.09234649,0.9030881,0.9324033,0.9002718,0.9009567,-0.004853709943209725,0.0348908,0.03659772872924805,0.022103415802121162,0.1478908,0.86182356,0.9021535,0.84388304,0.8616185,-0.006498574091511745,0.04985917,0.06386536,0.93648434,0.95450693,0.9302132,0.9337208,-0.0030429961653094975,0.022738198,0.5044742226600647
base-props__b2678863871b99530ba9e74fef126b3d90508f99__爆炸菇（爆炸前）__v712__glasses__aeeab5ab__c0.mp4,0.07208091,0.9811474,0.97212183,0.9210089,0.9415104,-0.0009557555904501444,0.017557658,0.026970625,0.98406875,0.978886,0.9596391,0.96678823,-0.0003936753089248726,0.0073918826,0.017708301544189453,0.008249931037425995,0.056971192,0.9813279,0.97383654,0.93619066,0.94426006,-0.0008952258368254429,0.015126724,0.015550137,0.98780274,0.98713577,0.9773474,0.9794655,-0.00033452841839771774,0.0043761833,0.4500490427017212
exact-r1__171b01e62180767a46c70dc987e6dd7a7b472e97__蘑菇力__v148__glasses__0b94f1a4__c0.mp4,0.1372621,0.87291825,0.8817317,0.83358514,0.85453427,-0.0028276899939940416,0.03297393,0.056926847,0.9330815,0.94414777,0.9308253,0.9331974,-0.001756852205562975,0.014867823,0.02419191598892212,0.01801050826907158,0.07587552,0.9043785,0.9165376,0.8995184,0.9022365,-0.0019398819905495856,0.019603277,0.03608644,0.9534761,0.96215826,0.9534761,0.9540398,-0.0012237494406492702,0.009945088,0.5904243588447571
base-props__deb8dcc91484de67c08304d54dba061741b046a8__爆炸菇（爆炸后）__v870__scooter__b591c40c__c0.mp4,0.1464647,0.91793025,0.89362675,0.8207592,0.8275064,0.002113218481832822,0.044886533,0.049520493,0.966942,0.9534213,0.9279084,0.9285969,0.0009750521230132174,0.017175483,0.023733675479888916,0.012575400993227959,0.068792105,0.94174564,0.92782634,0.8998275,0.9029384,0.000710576478200471,0.01866403,0.03514701,0.9720473,0.9659966,0.95081806,0.95182127,0.00035091115551973004,0.010181705,0.6349149942398071
exact-r2__3373ae9e4de4dce88d5624681a41f79ac07484f3__爆炸菇（爆炸后）__v342__coffee__db864254__c0.mp4,0.78059655,0.29124844,0.38970527,0.1466221,0.16628337,-0.026735894440897856,0.26727661,0.4511329,0.7109342,0.7413663,0.5190761,0.6270505,-0.011403146291909944,0.12187729,0.26295214891433716,0.14322224259376526,0.4096583,0.7896391,0.78547734,0.52787876,0.71113193,-0.006330007149767984,0.0996194,0.19441259,0.8765616,0.88458866,0.78202826,0.80483896,-0.004525860307716101,0.054993443,0.1871337592601776
base-props__aeecb7505b781f5cf42bce5705d3f3bc18c53b56__毒蘑菇__v701__bubble__42af22f1__c0.mp4,0.4331833,0.55914694,0.72996336,0.55914694,0.5772556,-0.020417507693701587,0.14128633,0.13976806,0.8618936,0.8994505,0.8545082,0.8574701,-0.006158999715869149,0.044561293,0.06826364994049072,0.04416168853640556,0.16677189,0.84785867,0.8755482,0.8255583,0.835132,-0.005845246755558517,0.04520303,0.07237494,0.9281107,0.9436123,0.9223891,0.9245942,-0.0028315248343313186,0.020921785,0.43847745656967163
base-noprop__3832d04a1cb8b144cb27edf994f26444ef4fd338__吐司菇__v0__bbb6e489__c0.mp4,0.087662876,0.9708469,0.9407226,0.89606786,0.90797675,-0.001840796277457063,0.024946155,0.03447187,0.98446035,0.9711618,0.9555087,0.95831656,-0.0006604627540460415,0.009858219,0.015087127685546875,0.007288865279406309,0.07785517,0.9708469,0.9437901,0.90587556,0.9162915,-0.001575592301579793,0.022093376,0.020627856,0.9850145,0.97845054,0.97059584,0.97172123,-0.0004500666036907449,0.0055961725,0.5644360780715942
base-noprop__9219b0c92e3aa27066acadae2a241960308a9587__汉堡菇__v0__5a3df089__c0.mp4,0.7771758,0.4873653,0.41173345,0.19242373,0.20844997,-0.014201233126664829,0.2350464,0.43570292,0.7877902,0.7154847,0.5516709,0.5571492,-0.006105575872504209,0.13145687,0.3229027986526489,0.19164781272411346,0.24124974,0.8357382,0.8263187,0.7283497,0.7710167,-0.003693036057732311,0.06108946,0.13587153,0.9231365,0.90713245,0.8541769,0.872431,-0.0016867551407795207,0.03620981,0.39762353897094727
base-noprop__18b6b24b18ae837e3278ec0c2498b4f0c0c457b3__蘑菇力__v0__8d5517a0__c0.mp4,0.571821,0.68693495,0.6963338,0.40729424,0.44301644,-0.008943855909726378,0.15518802,0.1758045,0.87850446,0.88956517,0.805827,0.81177026,-0.0033172248851640503,0.049243964,0.10142427682876587,0.04885616526007652,0.1964035,0.8754504,0.86704344,0.78363764,0.7953435,-0.0029929254366003926,0.049292002,0.08360326,0.93605053,0.9384215,0.90481025,0.90868515,-0.0017318179013700917,0.022189071,0.3691978454589844
base-noprop__3d26d6f7fd4d6820fa44e7006dd03dd17e6bf2d7__毒蘑菇__v0__d08350d6__c0.mp4,0.64556015,0.33270454,0.63646555,0.33270454,0.3671396,-0.020193066286004112,0.16722998,0.2535985,0.7248757,0.8639933,0.7248757,0.7534966,-0.008054894892123361,0.065244526,0.14766544103622437,0.07220067083835602,0.21108979,0.7770963,0.87411344,0.7671751,0.8144795,-0.005576439113485011,0.046162166,0.11741161,0.8725411,0.93619406,0.8725411,0.89434123,-0.0034603970088506386,0.027742257,0.1895306259393692
exact-r1__d9123fcf5b59450d0a2f6a5ad88295a70a2115f8__炸虾菇__v1355__flag__840b8d48__c0.mp4,0.69790316,0.119143456,0.20517758,0.1109508,0.11282629,-0.011096355928616096,0.15001711,0.25819278,0.6716391,0.728739,0.66960406,0.6733665,-0.0056551369753750965,0.059315637,0.21816420555114746,0.1740574687719345,0.15669954,0.75718164,0.78810275,0.73082566,0.74709177,-0.0025196547211394594,0.037059087,0.08631539,0.887907,0.90279657,0.8789501,0.88339746,-0.0017672523915060916,0.01848855,0.4100348651409149
exact-r1__579b7375a39c56aa97ed82de55ae9d9e7096a3db__汉堡菇__v558__scooter__207a7f1a__c0.mp4,0.887393,0.12439815,0.4164448,0.10125455,0.117753655,-0.04907487343864243,0.36462256,0.5847021,0.40870953,0.6564931,0.40580648,0.4069111,-0.03523062681963321,0.24990728,0.4146401286125183,0.22398054599761963,0.4777344,0.68132615,0.776505,0.51091313,0.6182423,-0.01794589838020415,0.14687914,0.26458925,0.81906074,0.88047373,0.72853714,0.81269103,-0.010459634096254954,0.08256697,0.3253214359283447
base-noprop__2d2951cd69f3a72e2aae75f1d67be6c3db5f524b__蘑菇力__v0__04136747__c0.mp4,0.48725998,0.45017025,0.5313862,0.40031016,0.4216916,-0.013904314237856591,0.13502508,0.23750675,0.7270373,0.7923741,0.70628136,0.7135329,-0.008641805750108037,0.06929835,0.15463340282440186,0.10392498224973679,0.19355893,0.7272397,0.80668914,0.725451,0.7282756,-0.00834675339370849,0.063449465,0.10370684,0.85931814,0.89629894,0.8576813,0.859754,-0.0043691636427589135,0.033013158,0.4857918322086334
generic__36eb6a2b312cae414c0f305a4fd633fb23cd8654__粽子菇__v193__eyemask__b2ee2dfe__c0.mp4,0.6857512,0.30458328,0.568348,0.30063444,0.30755642,-0.03482949121196281,0.24243835,0.26763898,0.72285724,0.84154,0.72077805,0.72411126,-0.013314770851210663,0.09189556,0.1879408359527588,0.09527155756950378,0.1992644,0.8083086,0.8609833,0.78712136,0.8066763,-0.008096115685734373,0.05974419,0.0899601,0.9107981,0.9368114,0.9023001,0.91034067,-0.003954315845203032,0.028266903,0.563204288482666
base-noprop__3dae41227ff60a4b209b7b13235ac3a5ab6a6106__爆炸菇（爆炸前）__v0__f138c6ab__c0.mp4,0.31850833,0.9303076,0.86480653,0.6631476,0.7552443,-0.002734626823734393,0.094565906,0.10189062,0.96451163,0.9422343,0.88315314,0.9020184,-0.0011364391198742353,0.031411823,0.060080528259277344,0.02334791235625744,0.1133917,0.9395281,0.924638,0.86826426,0.8872116,-0.002347431694094857,0.0362837,0.04816115,0.9745624,0.96558225,0.9422051,0.95152164,-0.0008896470894455222,0.0153186135,0.6596914529800415
base-noprop__5cd87e0e73b2c6ed3b794bb426544d934c63d371__炸虾菇__v0__706c5082__c0.mp4,0.81897336,0.18866026,0.3343256,0.17452312,0.18377072,-0.021392725923433612,0.2217239,0.35436273,0.64002717,0.7391743,0.6385504,0.64024025,-0.0101043626724967,0.101749115,0.21636885404586792,0.1478409618139267,0.3000883,0.71080816,0.782614,0.69340813,0.7115774,-0.008124708952639881,0.072436504,0.1460771,0.84845173,0.8870152,0.84845173,0.85026467,-0.004230797231904134,0.03872216,0.36622893810272217
exact-r1__f0ded2281369569374226c3d97d3dbf8e365ae0a__爆炸菇（爆炸前）__v1514__scooter__468bb4f1__c0.mp4,0.80547976,0.08778592,0.3223955,0.0819315,0.088123284,-0.03505403873153591,0.2465056,0.49128637,0.4676068,0.6418098,0.46398535,0.47282612,-0.02340442186641127,0.16046704,0.3215772807598114,0.18604791164398193,0.2948022,0.623839,0.70360696,0.623839,0.65367055,-0.008037443512042051,0.07051111,0.20647514,0.7597337,0.82785773,0.7597337,0.78171897,-0.007364341922899484,0.05491454,0.3712402582168579
base-noprop__3a465276b3c4381b5603d70c17849c8e1edf6d9c__毒蘑菇__v0__ca59e29d__c0.mp4,0.22868633,0.8512813,0.8457423,0.7368719,0.80102104,-0.005615009444033212,0.06066789,0.05209148,0.93470734,0.9389826,0.921021,0.92292726,-0.0015197443985656605,0.017935924,0.041460394859313965,0.026060231029987335,0.10914087,0.8948333,0.90301454,0.8564174,0.86803573,-0.003515875916707183,0.029807784,0.030718625,0.9607192,0.96504295,0.9550185,0.9560643,-0.0010029720694651354,0.008950592,0.5865117907524109
exact-r1__e5b3f1c2313f2de2d3a73d70859e4579fa6b248d__吐司菇__v1446__eyemask__ebabc90a__c0.mp4,0.46131337,0.530006,0.7855563,0.530006,0.5584244,-0.02017800851537305,0.14335038,0.13179874,0.8654053,0.92928356,0.86361766,0.8702705,-0.005420219403481769,0.0381165,0.07020866870880127,0.03435155749320984,0.15993804,0.8352922,0.88903594,0.8313812,0.83614403,-0.006916967776453074,0.053725794,0.06303191,0.9353099,0.9636351,0.9323869,0.9384679,-0.0024911354299590694,0.017544689,0.2645599842071533
base-noprop__b281dc2a1f8e99821ca80a015d7a15c12c8925f9__爆炸菇（爆炸后）__v0__faa2e23c__c0.mp4,0.011202216,0.9930135,0.9909645,0.9853343,0.98785776,-0.00011570357051292137,0.0026496213,0.008292675,0.99639624,0.993606,0.99016166,0.99132174,-5.658224166148415e-05,0.0023812982,3.0040740966796875e-05,4.5273613977769855e-06,0.011202097,0.99301344,0.9909645,0.9853344,0.98785776,-0.00011570910691274974,0.0026496178,0.008280337,0.99639624,0.99361056,0.99017406,0.99135,-5.6726011362947745e-05,0.0023767878,0.6605587005615234
exact-r2__06af112cda638917aeaa3b19f63575e6b2cce87e__爆炸菇（爆炸前）__v41__crown__a6645005__c0.mp4,0.75536287,0.27479196,0.5080218,0.2287744,0.26148152,-0.03864275584578986,0.2860892,0.27557898,0.75149095,0.8313111,0.71232414,0.74673635,-0.012987495469952787,0.09515732,0.10692399740219116,0.06964917480945587,0.45238417,0.5525834,0.7305474,0.5317531,0.53949285,-0.024024374517998694,0.16980058,0.17440408,0.8507397,0.90096015,0.8172584,0.84736896,-0.007867328439776593,0.056816354,0.28107011318206787
base-props__76bedf4133108cb9d6353392af2c7cc998863e38__毒蘑菇__v463__glasses__c059a95f__c0.mp4,0.7558756,0.92748284,0.4799953,0.13011721,0.1829724,0.006486079232259234,0.2673825,0.29855543,0.95840144,0.7963767,0.6464912,0.6569194,0.0016449428358567906,0.110506035,0.2138318419456482,0.11494181305170059,0.21400815,0.9420073,0.81563354,0.7176524,0.7248184,0.00033344028024335365,0.080932416,0.11166036,0.97188854,0.9113186,0.8588437,0.8612199,0.00037840114751824805,0.04022141,0.46187347173690796
generic__143077ed5c3203470357eefbac685c008578ef31__炸虾菇__v73__crown__15d9b9b3__c0.mp4,0.5545552,0.9330188,0.75211626,0.43789002,0.49635336,0.0009708530876947405,0.16994302,0.15686095,0.9638542,0.91100115,0.8347992,0.8404479,-1.5614414403558537e-05,0.048579037,0.09136414527893066,0.045506156980991364,0.16543221,0.9512911,0.90163636,0.8270129,0.8341609,-0.0005435342256259556,0.047082525,0.07035756,0.9762484,0.9565073,0.92438054,0.9279475,-0.0003366889100772104,0.01981268,0.6019151210784912
exact-r2__62671de5d59372c360feb3d41db56086df4cc5db__毒蘑菇__v619__scooter__25ffefbe__c0.mp4,0.356542,0.8615233,0.88716567,0.6373247,0.7118918,-0.01088650459828584,0.1073984,0.10976291,0.9238768,0.94541174,0.88215506,0.88658667,-0.005116133468424376,0.04139025,0.020003914833068848,0.009713911451399326,0.2429061,0.8865324,0.9134739,0.7509606,0.7982136,-0.008042749738975946,0.07548278,0.09315622,0.93733263,0.9551256,0.90191454,0.9058642,-0.004223454905592886,0.03434732,0.18658751249313354
base-noprop__c884f9c5b1342e1e182de98d0015811298454d88__爆炸菇（爆炸前）__v0__9ae9d662__c0.mp4,0.76504767,0.9352416,0.53035814,0.21814501,0.24047196,0.00554412706449568,0.25564495,0.2564513,0.9613545,0.835656,0.7271385,0.72790265,0.0020095413852586116,0.0848569,0.19470703601837158,0.10504524409770966,0.15850008,0.95374954,0.8702736,0.82546365,0.83122534,-0.0002770177696062183,0.0438575,0.0724113,0.9785451,0.9407012,0.92025745,0.92099184,-4.2240139052794766e-05,0.021304281,0.5100961923599243
exact-r1__795ea87e86ea2b176586612ac5417582a9a6aade__毒蘑菇__v756__flag__8e4f927d__c0.mp4,0.85794073,0.12928596,0.24534868,0.12315802,0.12503313,-0.026065081946934635,0.28394848,0.50035584,0.49565184,0.5834082,0.4909887,0.49496877,-0.017342087367306594,0.16084751,0.27689361572265625,0.23073704540729523,0.39282262,0.60321116,0.6891979,0.58827615,0.6155357,-0.013480484956809174,0.117567785,0.24163353,0.7530816,0.81414515,0.74981964,0.760927,-0.009227548309936835,0.07429714,0.29484519362449646
exact-r1__1d10d72beff724875190e76c7f3249168d25a97a__毒蘑菇__v177__coffee__2132b6bd__c0.mp4,0.9440776,0.046757042,0.08650812,0.037049633,0.041525,-0.010415555835653675,0.19076745,0.86545503,0.12969029,0.16420066,0.12380693,0.124419525,-0.009307656245740509,0.17591698,0.2444569170475006,0.22625966370105743,0.75997925,0.2359655,0.26131287,0.2211481,0.2226893,-0.00819481268760716,0.15353478,0.63794947,0.3741472,0.3904604,0.35218644,0.35716602,-0.0069289060802799,0.12796578,0.12411565333604813
exact-r1__bea16ddc55c518bfb574989e59f234823ae28270__爆炸菇（爆炸后）__v1191__bubble__803eb796__c0.mp4,0.7521188,0.23747957,0.42233068,0.22465104,0.24346295,-0.02838572245753801,0.22669142,0.23439115,0.7534901,0.8218487,0.7534901,0.7556989,-0.009695790384126749,0.070798516,0.14023244380950928,0.08599136024713516,0.35858405,0.7640643,0.7900185,0.6181859,0.7208744,-0.005674002846710301,0.07532748,0.112987936,0.89303094,0.9078399,0.8765475,0.88438076,-0.0032651717719353146,0.03176427,0.296464204788208
base-props__9161487675b9294bb3a885ec183ef372cb601cf9__爆炸菇（爆炸后）__v577__coffee__1fac04fd__c0.mp4,0.7410064,0.3028651,0.78563964,0.23718402,0.360007,-0.03001821856842682,0.2325795,0.2872442,0.7378349,0.91214925,0.69794255,0.76038164,-0.010867025600120483,0.084712036,0.19177210330963135,0.042604800313711166,0.17820108,0.81126297,0.91234845,0.79998934,0.8302679,-0.008249592875303491,0.059213787,0.09835535,0.8955006,0.9547541,0.88971466,0.90919566,-0.004240372788764756,0.030625535,0.48170948028564453
base-noprop__746da3c174acbb5da8858bffe05b68335dae3406__炸虾菇__v0__c02853d7__c0.mp4,0.2717291,0.7122126,0.82861036,0.70589095,0.71266586,-0.01445434009840367,0.100915395,0.07346374,0.91262215,0.94337076,0.91258854,0.9127458,-0.004031255664561582,0.027868442,0.043431639671325684,0.022263115271925926,0.140841,0.8497689,0.8921707,0.8383236,0.84269404,-0.006699635636193964,0.047072954,0.055202603,0.9560538,0.965634,0.9359108,0.952904,-0.0018007033191650677,0.013955553,0.4257960915565491
exact-r1__f11cad00ba6f8dcd0db7e9dfcdef26e58638052e__毒蘑菇__v1517__glasses__64600409__c0.mp4,0.79215133,0.1982857,0.36672103,0.16569212,0.18286225,-0.03083388249687998,0.23639181,0.49136364,0.5242954,0.6625832,0.48902476,0.51041794,-0.022198252644934684,0.15866111,0.3655589818954468,0.23804618418216705,0.21590239,0.7509325,0.8191011,0.7457963,0.7510364,-0.008050624560932853,0.0591107,0.12863982,0.85781634,0.9006293,0.85458374,0.862788,-0.005108663746019596,0.036513075,0.5195581316947937
exact-r1__fbc6cc3e6f358627d84bb3511700ab79cfb3a214__爆炸菇（爆炸前）__v1587__bubble__942f9369__c0.mp4,0.7050327,0.42722622,0.58021086,0.26430288,0.2860126,-0.03444401763762411,0.26494572,0.21916944,0.8407375,0.8721623,0.7688598,0.78369814,-0.009318088648818727,0.07280208,0.10349857807159424,0.04496951773762703,0.475589,0.8137137,0.7743926,0.49531582,0.5602068,-0.010427185021370314,0.13952704,0.12763739,0.9069399,0.91713184,0.8613447,0.8728655,-0.0046898402833184605,0.039166518,0.28000444173812866
exact-r1__34b54af8a5899c7c22353eaac7f1689280af08bd__爆炸菇（爆炸后）__v350__coffee__49e9409c__c0.mp4,0.31113303,0.74946165,0.8739988,0.68096876,0.73291826,-0.014199424638107356,0.107998215,0.08231884,0.92315644,0.9588015,0.91322666,0.91919595,-0.004132530317004968,0.02981088,0.03928577899932861,0.014405538327991962,0.14650023,0.88003325,0.92147976,0.84560156,0.86338586,-0.006693818470234943,0.0483146,0.04327345,0.9552542,0.9732069,0.952272,0.95541203,-0.002076416736534924,0.01451906,0.37791892886161804
exact-r1__7bbc9c358d454f3c1ceed7e6ea827dd046ac387a__炸虾菇__v770__glasses__7907da6c__c0.mp4,0.8526733,0.19066605,0.32665962,0.13501045,0.18154067,-0.026412838399999226,0.23461019,0.3376243,0.71304137,0.76152885,0.65370035,0.71039677,-0.009774788919644856,0.08661414,0.18580758571624756,0.1237848550081253,0.33248544,0.67102915,0.7458036,0.6551984,0.67156357,-0.011763544362995463,0.092868716,0.15306091,0.85763085,0.8853137,0.83950794,0.85653067,-0.005064767398853085,0.041580055,0.4197855591773987
base-props__93cc4475cf0b1f25f9c50b862890b75be78a9117__汉堡菇__v590__coffee__8a5d7974__c0.mp4,0.6924927,0.24362466,0.40859824,0.23725483,0.23980905,-0.02928633901029238,0.2351345,0.37253594,0.58619654,0.7091287,0.5856736,0.5900523,-0.016789124888393726,0.124594174,0.2573390603065491,0.1648116558790207,0.24977195,0.7286649,0.7789349,0.68809164,0.72080135,-0.009199247824344722,0.06843596,0.1411627,0.8435356,0.8739403,0.829344,0.83611375,-0.005623603821271973,0.042527325,0.3552391231060028
exact-r2__eef6582250281f857a30d36d3c833cdc382e7548__汉堡菇__v1499__bubble__7c8ac50f__c0.mp4,0.9273787,0.06216955,0.3400941,0.051925205,0.058508497,-0.045480055896484343,0.3379185,0.7048725,0.29423624,0.6071642,0.28322947,0.29230857,-0.038731681116720436,0.26209068,0.35978296399116516,0.1713952124118805,0.7603313,0.25113058,0.47103426,0.21949422,0.24147384,-0.03875994608689675,0.2898881,0.36569393,0.6491147,0.7785593,0.62352514,0.6391831,-0.0191390326489573,0.1325398,0.155294269323349
exact-r2__2542b9c5635f6f39a49c3380e72384f78fd1c0d8__炸虾菇__v238__eyemask__d9177803__c0.mp4,0.41500235,0.59279263,0.7260772,0.5809114,0.5933436,-0.020506567634612678,0.15648045,0.094587445,0.8974047,0.9339709,0.8974047,0.9000315,-0.00434231828795121,0.03112482,0.0478324294090271,0.02956525981426239,0.19181412,0.8054842,0.86885035,0.8040995,0.8067594,-0.008931254622022156,0.06633592,0.050941586,0.94297934,0.9635364,0.94297934,0.9472577,-0.0020925642944607287,0.0150035415,0.34654295444488525
generic__e9b94ecc359c2f277ccefaf7095c17b14b261bcc__炸虾菇__v909__glasses__5feb0285__c0.mp4,0.20204306,0.8019971,0.86036855,0.77782524,0.7830728,-0.008486199991505157,0.062904894,0.070883036,0.92345196,0.9418759,0.9207977,0.92345953,-0.003026082935069382,0.02234208,0.028969645500183105,0.019559573382139206,0.112125516,0.8761419,0.90222394,0.8677428,0.874495,-0.004426796916916438,0.033210702,0.044382095,0.9487001,0.9614354,0.9473522,0.9487367,-0.0018745181353196042,0.013450257,0.5608018040657043
generic__a72599b49c4b660f3e5b470ed5a8d66283fa20c5__汉堡菇__v676__eyemask__5aabc100__c0.mp4,0.2291978,0.9244645,0.78718334,0.654142,0.69820136,-0.0025758467055120903,0.087740146,0.07096827,0.9566898,0.9276655,0.89083683,0.90232784,-0.0009943594927844341,0.02293108,0.03732872009277344,0.023361504077911377,0.13722813,0.93504584,0.85833013,0.7812154,0.7881144,-0.0018982955589595992,0.05090014,0.052713513,0.9706348,0.95102674,0.92301726,0.93143994,-0.0008896813680060968,0.015714647,0.5825889110565186
exact-r1__d2f00eb058f9ce3ba98cf2152e90a803a48e4864__炸虾菇__v1307__crown__79805e5c__c0.mp4,0.7720683,0.33888575,0.50047475,0.2192027,0.27457508,-0.031658756226418984,0.24776353,0.35309827,0.7350061,0.8078407,0.63936377,0.69307756,-0.013785206046500235,0.10641959,0.16954636573791504,0.0894746258854866,0.47493994,0.58300316,0.7473123,0.5166186,0.56185865,-0.021588799510548706,0.15500242,0.20656961,0.85457534,0.8973154,0.7869644,0.84004515,-0.007586420937017974,0.058199696,0.34699907898902893
exact-r2__d002e5583f41453bb83d542e6e3c5c3cb84670c8__蘑菇力__v1292__bubble__eaf7d752__c0.mp4,0.85528934,0.16624767,0.45388857,0.13198805,0.15130281,-0.04297817838580714,0.2974174,0.42169827,0.6740477,0.77018654,0.56919855,0.57541287,-0.02056070791167232,0.14646617,0.18827128410339355,0.08935048431158066,0.52114475,0.5616808,0.6682248,0.4661326,0.50310254,-0.021570607872584132,0.15641268,0.24617636,0.81504107,0.85953707,0.7464824,0.76227105,-0.010755450711419947,0.0766889,0.27875763177871704
exact-r1__fa895dd3bc8c19e16913e0bfdac80c37eee8f48d__爆炸菇（爆炸前）__v1580__bubble__5076be28__c0.mp4,0.91281873,0.067330286,0.42243117,0.067330286,0.08774102,-0.051545875500372304,0.37809363,0.57678336,0.41132522,0.7396256,0.41132522,0.43801147,-0.029035581283183003,0.19487222,0.24779444932937622,0.06376767158508301,0.7829056,0.22821902,0.49475285,0.19724342,0.20138747,-0.04518837240255868,0.33619568,0.37788963,0.65911967,0.8033932,0.61157495,0.64256674,-0.019431729267237213,0.1315708,0.12374736368656158
exact-r1__d8ebb40a2bf7371ffc294d56cd2cf23f8c8e7ae7__炸虾菇__v1354__flag__e2ba55a4__c0.mp4,0.8709761,0.13306135,0.3911351,0.11968885,0.1260195,-0.047037857161326864,0.39186653,0.42357534,0.6313498,0.719173,0.5693375,0.5754244,-0.020555214153919293,0.17773223,0.21778923273086548,0.13755998015403748,0.41786867,0.6695313,0.74528545,0.5727964,0.6142536,-0.018959624965200324,0.1595613,0.22857893,0.81060255,0.85673296,0.7661363,0.7767241,-0.010929926346413226,0.08974455,0.30724918842315674
exact-r2__5309b5b3623be09af91500fec7ff1ea85ea1fd9e__吐司菇__v519__coffee__4483e077__c0.mp4,0.5820073,0.9703605,0.8350961,0.40873754,0.5438725,-0.008348102685019898,0.1953863,0.12106025,0.9842491,0.9502568,0.8727447,0.89044094,-0.0022469300761995604,0.040781636,0.07029896974563599,0.02300853282213211,0.15273786,0.97079957,0.9325967,0.838007,0.858931,-0.002587440456797503,0.04831542,0.052160203,0.9870521,0.97326535,0.94304365,0.94717044,-0.0011028077291405747,0.017453086,0.4157037138938904
base-noprop__33159c17b1b4cc97be3acad43a606bfdc0461807__爆炸菇（爆炸前）__v0__16f6b2cf__c0.mp4,0.8576422,0.590289,0.4978454,0.129863,0.1507183,-0.012847189110493963,0.25768438,0.32812536,0.8283783,0.8070927,0.65978664,0.6650593,-0.005089129619447615,0.09635569,0.22889047861099243,0.11666171252727509,0.18914461,0.85811776,0.86299497,0.79836035,0.80932903,-0.003350664092146843,0.0434565,0.10556769,0.9181969,0.9237545,0.88608396,0.89218485,-0.002182370059103836,0.025860164,0.4124133586883545
base-noprop__55b63d472e9f15d5bcd1f672b7144ce1726da2f2__爆炸菇（爆炸前）__v0__59d095a4__c0.mp4,0.22650385,0.94436747,0.9138605,0.75231224,0.8103729,-0.005609968375311537,0.06495967,0.06211847,0.96955407,0.9604782,0.925003,0.9292804,-0.001881285265029169,0.019536436,0.03845775127410889,0.014671729877591133,0.07780087,0.9472456,0.9441782,0.9016737,0.9103785,-0.00267269153133212,0.023757625,0.030101478,0.9766486,0.9751498,0.9598936,0.9636801,-0.0009936460039832514,0.008668625,0.5720924735069275
exact-r1__ef3bed0365ebd4b143e559e9f65fdd3902b7cb46__爆炸菇（爆炸前）__v1501__scooter__163de21a__c0.mp4,0.86468285,0.4742247,0.6457675,0.1132143,0.13720319,-0.04421400548264442,0.3498278,0.28519487,0.8437456,0.8926103,0.70312154,0.72993714,-0.012196187916480515,0.09803371,0.1912245750427246,0.06267472356557846,0.23107171,0.85793185,0.90055066,0.7477958,0.7758196,-0.009065496591711238,0.072815634,0.110904634,0.9391067,0.955285,0.8804293,0.9036018,-0.004378273022975831,0.035384256,0.4459150433540344
base-noprop__b362aa39df3475305cfa9e011880de6337fbfc66__爆炸菇（爆炸后）__v0__1aa9dadb__c0.mp4,0.566998,0.43390453,0.77343136,0.42745578,0.43256646,-0.029466476100000003,0.21726535,0.21794707,0.7794997,0.90381384,0.7794997,0.78434455,-0.010902001629233845,0.077912256,0.14107537269592285,0.05309760197997093,0.15761441,0.85141176,0.913748,0.8368394,0.8485487,-0.007389832273302336,0.051118057,0.07777846,0.9197501,0.95691144,0.9196682,0.9217638,-0.0038306588829741697,0.026497178,0.6419779658317566
exact-r2__5e7b79559f6cc44daddac102e8d214b2aa09cd33__炸虾菇__v591__coffee__6014f87c__c0.mp4,0.7435504,0.14924501,0.31003076,0.14924501,0.16550697,-0.024086665317946298,0.19220965,0.2089876,0.81332743,0.82337403,0.7474482,0.76620513,-0.005992343185447438,0.051801644,0.12535160779953003,0.094207264482975,0.2460522,0.8507445,0.807123,0.66741234,0.7314417,-0.004624695351472495,0.062226944,0.10946494,0.9255917,0.9175813,0.863931,0.87538606,-0.002938975870844884,0.030578813,0.19666951894760132
generic__36be73a15cf37206fd7e42ba1a164bb08d4ac477__粽子菇__v192__eyemask__a30556fd__c0.mp4,0.3247748,0.7384928,0.763119,0.5955068,0.68836737,-0.008687005389349266,0.08661453,0.08206123,0.90074897,0.9114331,0.87276983,0.8905203,-0.0027656166449837117,0.024326663,0.039366722106933594,0.027667362242937088,0.16465735,0.8423091,0.8551235,0.77083147,0.8076552,-0.004753492566436647,0.043968398,0.0576877,0.93361104,0.93910044,0.91021127,0.9243365,-0.001879523453033953,0.016907519,0.3986903429031372
base-noprop__51be5b142d9021a3c446702d354fabdf42630fa9__吐司菇__v0__865f9652__c0.mp4,0.5866958,0.110362455,0.22259836,0.10865961,0.11069606,-0.01793099491463113,0.14453675,0.4732419,0.4263766,0.5736904,0.4263766,0.4472844,-0.018451358961022412,0.13044204,0.41000989079475403,0.2880922853946686,0.17703557,0.75300705,0.76982576,0.71659946,0.72992975,-0.006024921482259576,0.045303643,0.12069434,0.8363865,0.86178267,0.82677895,0.8283114,-0.004753729689262593,0.03463091,0.4033764600753784
exact-r1__6fe20e2fef23842efac23fc9d37968e3342aa84b__汉堡菇__v709__coffee__de61ba80__c0.mp4,0.3527181,0.9060143,0.9105509,0.6370231,0.86474025,-0.006788614474737585,0.073040105,0.078630686,0.95536816,0.9592328,0.915908,0.9422959,-0.0021655221466019103,0.018396227,0.03370952606201172,0.011088739149272442,0.1718725,0.90601426,0.9255038,0.8178687,0.88405824,-0.004484110257842332,0.03868091,0.04492116,0.9668523,0.9703216,0.9496175,0.9617181,-0.0012050887105964287,0.011337414,0.4222927391529083
base-noprop__7d7630861f0f92a7a3103fc3527dbadc1c0cdc15__爆炸菇（爆炸前）__v0__d33c8c20__c0.mp4,0.5247654,0.40890774,0.71481794,0.40890774,0.48821586,-0.007804132585704566,0.13416868,0.21202612,0.7503284,0.8775348,0.7503284,0.7956656,-0.0042759710738781605,0.051252674,0.1159355640411377,0.05599752813577652,0.16077697,0.7769637,0.8732605,0.7769637,0.8080857,-0.0039738770647953815,0.03653316,0.114467144,0.866264,0.9335323,0.866264,0.8895238,-0.0027870586502693386,0.025914645,0.5270710587501526
generic__5fb311357441af70b6b5eaa1482d7a943ed2f0ac__爆炸菇（爆炸前）__v362__flag__46fe29b1__c0.mp4,0.77368313,0.23456115,0.71216494,0.21833557,0.23535487,-0.037427720345056106,0.2713936,0.16881645,0.8228655,0.9184761,0.82257414,0.8236248,-0.008290980114296014,0.057961043,0.11861920356750488,0.04359519109129906,0.16953897,0.8416176,0.8981283,0.8224797,0.8422936,-0.007641583798902297,0.056099836,0.05815679,0.9387298,0.96207136,0.9362556,0.93889153,-0.0026695733013831625,0.018964076,0.3989507853984833
exact-r2__f098f956c8048e901cfef55e3a9c2c1ae2f2ea2b__毒蘑菇__v1512__glasses__f866fd2d__c0.mp4,0.44631076,0.055675674,0.2073254,0.051721826,0.056870744,-0.02313356066174187,0.20409274,0.5237607,0.29713154,0.520674,0.2884792,0.29029688,-0.028152825951340655,0.20647426,0.36502745747566223,0.26875558495521545,0.3939099,0.47575703,0.6654419,0.47233412,0.476533,-0.02053296536560588,0.14716887,0.29246187,0.63493514,0.78942955,0.63493514,0.63999265,-0.015951763146479614,0.11400132,0.2932870388031006
generic__b2678863871b99530ba9e74fef126b3d90508f99__爆炸菇（爆炸前）__v712__glasses__aeeab5ab__c0.mp4,0.79628277,0.5595213,0.5129898,0.1684698,0.20799825,-0.020851016103514575,0.24322103,0.25081307,0.8615412,0.843991,0.7265623,0.74001235,-0.006467272759426248,0.0773121,0.16584181785583496,0.08640377223491669,0.21331042,0.84590554,0.8399942,0.75559294,0.7742165,-0.005988360452557728,0.06457143,0.09570873,0.9353131,0.93039465,0.88985544,0.894813,-0.0026704785616501526,0.02887071,0.31651771068573
exact-r1__bcff16b3ae281c25ac9b572e2d40114a81b50a5b__爆炸菇（爆炸后）__v1180__bubble__54ee6d6e__c0.mp4,0.8806109,0.06912344,0.32849127,0.05963998,0.06993176,-0.044212970713322815,0.3573978,0.43945497,0.57586884,0.694546,0.52533424,0.54567355,-0.022032799633595307,0.16760965,0.18566137552261353,0.08444678038358688,0.7804632,0.6116886,0.50160533,0.15978768,0.17117336,-0.02325409563928256,0.30446026,0.33628196,0.75470763,0.7789927,0.6328965,0.6526904,-0.012721061353155746,0.1216732,0.11264415085315704
generic__612d49f90c5839a0aeee3644992dde5a2e25df17__爆炸菇（爆炸前）__v370__flag__44b9d3da__c0.mp4,0.8963345,0.10034445,0.4600299,0.092541404,0.099328384,-0.046218998384157654,0.32785153,0.4229499,0.57917964,0.7886075,0.57139647,0.5759689,-0.02118346148093226,0.14642401,0.30470216274261475,0.1376076191663742,0.20580184,0.7831506,0.86579984,0.7831506,0.7921981,-0.00885788212887385,0.06379019,0.11933005,0.87505907,0.92621523,0.87505907,0.87623405,-0.005548134269450492,0.038508464,0.46366414427757263
exact-r2__4691ed1843f8b20fbb9d94d74fa655f6e6d960bb__吐司菇__v447__bubble__317c9c87__c0.mp4,0.8044454,0.8999901,0.7137508,0.17281297,0.23154356,-0.022199809963524133,0.27188712,0.16561627,0.95213866,0.916204,0.8205707,0.82965004,-0.005489671654380834,0.05727237,0.03112548589706421,0.014284978620707989,0.7530732,0.93388957,0.76662236,0.22517875,0.3425433,-0.017665378395983356,0.24052727,0.14442647,0.96410817,0.9304888,0.84407234,0.8541082,-0.004513975600951272,0.04892707,0.1511402428150177
generic__da845ee71f9cb9c51804ea9e81d440cd088d2805__汉堡菇__v845__bubble__4b8aea7d__c0.mp4,0.6401131,0.94813716,0.60585475,0.34594443,0.3587326,0.006468989102265578,0.23849201,0.21030557,0.967199,0.86571336,0.78263295,0.7865558,0.0012532232307162668,0.072466925,0.12375974655151367,0.0674101710319519,0.23571575,0.95239973,0.84604156,0.7503418,0.77613765,0.0013173470501843317,0.07383481,0.09288108,0.97724366,0.93312347,0.9003062,0.90507984,0.0005902800517591293,0.030863116,0.4095800518989563
exact-r2__9044b5fe347fe94eb12e9b0ec747bbc7165f78c0__粽子菇__v896__crown__e3d35b47__c0.mp4,0.78496206,0.24971561,0.42478782,0.20245025,0.21742679,-0.03226302739365299,0.2510268,0.34911072,0.72457504,0.78462946,0.6413317,0.67006034,-0.013787402583676379,0.105624475,0.16003286838531494,0.09323665499687195,0.55183566,0.63330853,0.7159948,0.4355768,0.4877373,-0.01932346137616003,0.16010763,0.22526693,0.8459978,0.87786615,0.7656946,0.8059814,-0.0076058741379161215,0.0620047,0.20942409336566925
base-props__b2d3b11f7cc10d19163a3940e12f64f147409d54__粽子菇__v713__flag__5f4b5c50__c0.mp4,0.3022676,0.8876047,0.84005374,0.6888655,0.72072935,-0.002442726858048572,0.091779605,0.07482225,0.94639325,0.94667625,0.91999227,0.92483234,-0.0015418683233939569,0.021648584,0.03888356685638428,0.022601628676056862,0.10599667,0.9089954,0.9184593,0.88513637,0.8913512,-0.002683978189121604,0.027756277,0.03640932,0.9684773,0.9692777,0.95849156,0.9595466,-0.0007926592006984985,0.009695925,0.5926269292831421
base-noprop__13eda229e23f72de63829ca2a162c20a3b56bf44__吐司菇__v0__64ac0378__c0.mp4,0.81324935,0.15959442,0.36776063,0.13775179,0.14390603,-0.040728349547847945,0.32915467,0.3310727,0.67360365,0.7545562,0.6440777,0.6530418,-0.016869391966243055,0.12975134,0.15910965204238892,0.10504701733589172,0.42770135,0.5490191,0.659722,0.52931905,0.53755176,-0.020980971309507327,0.16373463,0.18203515,0.8128878,0.85960305,0.7987278,0.80389726,-0.009144665754359708,0.07022338,0.2814685106277466
base-props__30b4282f1742fb0fb6e237b3bacf4fb43522adf0__蘑菇力__v173__crown__17f1e4ea__c0.mp4,0.04941374,0.9363421,0.9527996,0.928936,0.93514514,-0.0021663505451481593,0.018508097,0.021467566,0.96618044,0.9707794,0.9618503,0.96252453,-0.0009301804271139959,0.008750412,0.011205673217773438,0.007369746454060078,0.04941386,0.9363421,0.95304984,0.92893595,0.93514514,-0.002159129195062527,0.01855192,0.017474174,0.97290057,0.9781492,0.9700823,0.97163695,-0.0007737217684508439,0.0070434473,0.45156329870224
base-props__6347b4fdacef12020e4808533f7022e254119900__吐司菇__v376__glasses__2acf789a__c0.mp4,0.20216024,0.96151716,0.89064,0.77204144,0.78056026,-0.0013796018635331296,0.06879648,0.06568122,0.97317374,0.95255405,0.9184999,0.9203247,-0.0004962953654202711,0.021791244,0.033172547817230225,0.014021085575222969,0.09760326,0.9644197,0.92032576,0.8770902,0.88100356,0.00011280367496928329,0.03234778,0.03644502,0.9823082,0.966575,0.9509635,0.9516775,-3.729366031090402e-05,0.012443361,0.5411351919174194
exact-r2__6dd3305af84339168c5003d4bf2d991700333485__吐司菇__v699__flag__5a52fed1__c0.mp4,0.84039474,0.14028983,0.47861618,0.13173166,0.13768058,-0.03308842281107847,0.27952045,0.2732135,0.7120007,0.82244223,0.6996945,0.7072104,-0.011895863611707599,0.08826463,0.1600092053413391,0.09010012447834015,0.25717974,0.7472011,0.8320252,0.7174332,0.730791,-0.01036354216191138,0.0737048,0.12881511,0.8599281,0.9125425,0.8597037,0.8599988,-0.006106204901759343,0.042261768,0.29128506779670715
exact-r2__7595de653201daf792ae964617d76e0bd71d2d72__爆炸菇（爆炸前）__v736__eyemask__52c3ff56__c0.mp4,0.7295069,0.36184627,0.49207172,0.26293927,0.28202453,-0.031693125666365805,0.24678923,0.2546264,0.79927427,0.8388695,0.74073637,0.7427005,-0.011507896566579492,0.08342687,0.12146317958831787,0.07705932855606079,0.3279636,0.7929311,0.7917843,0.6644826,0.67453176,-0.012701732544559733,0.10346734,0.13734525,0.91356844,0.9159288,0.85827255,0.8607217,-0.00581293879997119,0.044288684,0.25848472118377686
exact-r2__923dbea1c7a98f5a1ad632836be7e11ba23c900a__粽子菇__v906__crown__27970c94__c0.mp4,0.73931307,0.5009444,0.62511444,0.24643797,0.30021128,-0.03142448862197372,0.25766104,0.21855432,0.868364,0.88945496,0.77266425,0.80054826,-0.008291935025467698,0.070713535,0.10245054960250854,0.045640166848897934,0.4033028,0.77347124,0.826003,0.58244836,0.67160195,-0.01265083064910451,0.11369673,0.13811946,0.9183168,0.935095,0.8547522,0.88702875,-0.004676561994043723,0.039789453,0.41314512491226196
exact-r2__16eade7b0e21611f64303c64853bbd35f887019e__爆炸菇（爆炸前）__v147__glasses__a5e6108f__c0.mp4,0.81606394,0.17711592,0.46668607,0.1747492,0.17628796,-0.04251995395589253,0.31898403,0.23933023,0.7588846,0.84331834,0.75533205,0.7587642,-0.011896843672269905,0.0891372,0.12375140190124512,0.07496022433042526,0.40859282,0.68947214,0.7902965,0.5822203,0.69333696,-0.01275333261536987,0.108971216,0.13750863,0.8786333,0.91827863,0.8572532,0.8755083,-0.005702690232412615,0.044594646,0.33327096700668335
generic__938e01d47782dafc5547713c187bfbca30a0ae08__爆炸菇（爆炸后）__v589__coffee__38b5420d__c0.mp4,0.7661041,0.24608079,0.36116737,0.17917427,0.18434998,-0.027591355586711604,0.23921719,0.41354418,0.6384208,0.68058157,0.5555736,0.56478935,-0.014868841635379866,0.13077348,0.28966420888900757,0.1994325965642929,0.23859012,0.72850657,0.7820595,0.71443677,0.7302209,-0.006365743903774516,0.055844378,0.13278449,0.8561498,0.8800142,0.8431127,0.8455687,-0.004214899813233641,0.036177672,0.3481542468070984
generic__152077a5b2e9ecb98c83d24bd2c2d3c0ce349e29__炸虾菇__v75__crown__25e13e4c__c0.mp4,0.49770117,0.96143997,0.5878118,0.39124656,0.40760383,-0.00037034256420589247,0.16572502,0.1134457,0.9764648,0.8725689,0.83263093,0.8341621,2.2260980172596263e-05,0.041416492,0.09083741903305054,0.07040558010339737,0.09248006,0.9614399,0.8711171,0.82870126,0.8346358,-0.0003616968280241835,0.03704978,0.04367429,0.98041934,0.94297445,0.92337143,0.9244928,-0.0004013828020322009,0.017161977,0.42927584052085876
exact-r2__63906d5df56c7aab4ab721f0d0f9233c71af9c5f__爆炸菇（爆炸后）__v626__scooter__3e4bbfb7__c0.mp4,0.9070485,0.0869103,0.37749526,0.08659655,0.087435424,-0.049903124578208835,0.37903574,0.69420475,0.29940772,0.58706564,0.29940772,0.30086327,-0.04096502581014937,0.28821215,0.4932284951210022,0.27377042174339294,0.33576733,0.6947596,0.78121185,0.6578778,0.66165286,-0.01669836751085968,0.12452456,0.22079957,0.789939,0.8608361,0.7743385,0.7807352,-0.011882768730401061,0.086079895,0.27339252829551697
exact-r2__3439d330fea594468c348215407f915d09361ffb__蘑菇力__v346__scooter__8ffda2ef__c0.mp4,0.9318116,0.05833218,0.278614,0.049072117,0.058408078,-0.0399944332093295,0.3151505,0.5761924,0.4042729,0.6513949,0.4030616,0.40442517,-0.03074364864779086,0.2072023,0.3003867268562317,0.17676439881324768,0.5138812,0.47460705,0.68087244,0.46700248,0.47690174,-0.025196162961688442,0.17013691,0.29172015,0.6979673,0.8281595,0.6955179,0.69998443,-0.015603189411841821,0.105268255,0.30175092816352844
base-props__9913e00ce076c968bc96c617de2d2d16bf2971d3__毒蘑菇__v622__crown__7885a7b0__c0.mp4,0.8209955,0.58828324,0.4421733,0.17187905,0.17624275,-0.017769297724773765,0.27091736,0.3775161,0.8592901,0.77469254,0.6156784,0.6200578,-0.007264223730140042,0.12850079,0.19733905792236328,0.11897500604391098,0.3443706,0.85972685,0.7983891,0.6485039,0.6602168,-0.006399380124133587,0.10883727,0.18672001,0.9322872,0.8936676,0.80873036,0.8150195,-0.0035680809864413613,0.06186387,0.18691906332969666
exact-r1__02eb6b820c7a80e2762b30d738e5e874870367d4__爆炸菇（爆炸后）__v21__eyemask__6453077e__c0.mp4,0.8157798,0.16156879,0.27113932,0.14816055,0.15345377,-0.021398359269139338,0.19484785,0.37879133,0.61850345,0.702012,0.6040838,0.6117597,-0.014125829982192166,0.10621142,0.24740219116210938,0.17697207629680634,0.27427983,0.7257793,0.75455266,0.6906532,0.7040881,-0.006711457027748162,0.06149885,0.13596296,0.85525084,0.8789843,0.848539,0.85122216,-0.004111025055406599,0.03348304,0.21757839620113373
exact-r2__b68bd790b0276728d5b0df42061a7a6cb4e51370__毒蘑菇__v1135__crown__27f578bc__c0.mp4,0.9320895,0.036588307,0.25279385,0.03612943,0.036845386,-0.03949716292954836,0.32517487,0.536883,0.45442712,0.60520303,0.44436568,0.449013,-0.026551053134113444,0.20260614,0.3314542770385742,0.22236552834510803,0.46097946,0.5901984,0.6702316,0.50723934,0.5703492,-0.014800804994794206,0.12840217,0.2203213,0.78172326,0.8275685,0.7623255,0.7734538,-0.008931664904586885,0.07237707,0.23033688962459564
generic__4f2c68a04c7fdb73063336d8553dc1cd8687e038__汉堡菇__v289__crown__3b0f189a__c0.mp4,0.78761065,0.61914617,0.54262125,0.19913146,0.2328218,-0.017567283418692153,0.24784888,0.2933104,0.848876,0.82335943,0.6971112,0.7056525,-0.007154972009036856,0.09125331,0.17433327436447144,0.09278439730405807,0.22564554,0.8276032,0.83837897,0.76109654,0.76807433,-0.006852703485564293,0.06628392,0.11897713,0.91083807,0.9161436,0.87144446,0.87421954,-0.0036706537479468506,0.035795957,0.4188012480735779
exact-r2__6c56d3daf3ea520dfddd0fa0928d5ae2eebb4661__汉堡菇__v691__coffee__599a3d62__c0.mp4,0.90342486,0.10197438,0.35966882,0.0855675,0.08644292,-0.04874957295451241,0.40540776,0.5800438,0.43498895,0.5999984,0.4143338,0.42223638,-0.030768175193443614,0.25520653,0.2875179648399353,0.1927422285079956,0.50730217,0.5031942,0.6453176,0.48169017,0.48736843,-0.026718241100019174,0.21717192,0.30081666,0.7045921,0.79274064,0.69356096,0.7003372,-0.015846919577583503,0.12897351,0.2270456701517105
base-noprop__08447ead47d19cdf9b918908077ea735b8029732__汉堡菇__v0__096129c7__c0.mp4,0.14845121,0.8966989,0.8837814,0.8367673,0.8510857,-0.0013486268256492748,0.0375216,0.056342006,0.949173,0.94777936,0.93238294,0.93494827,-0.0005341817150002796,0.014206813,0.029604077339172363,0.021331297233700752,0.09015739,0.92558056,0.91673106,0.89506114,0.9026112,-0.000842652832095315,0.020924486,0.03372526,0.9717042,0.96911067,0.9589733,0.9637675,-0.0002782650498062102,0.007201174,0.6338903903961182
base-noprop__06b0fe368708d4dd8bc44a345d0c8a6765e4dd6e__毒蘑菇__v0__071da0d8__c0.mp4,0.6518788,0.9331669,0.67025536,0.3297727,0.3457067,0.0024827202494907886,0.25037858,0.22766262,0.9578916,0.87707305,0.7603359,0.7640589,0.00010634899846177945,0.08459327,0.15537256002426147,0.06877145916223526,0.17536664,0.9385821,0.8815432,0.806285,0.81674814,-0.00046889201218903336,0.057993826,0.076031744,0.96778816,0.9458444,0.9146536,0.91745836,-0.0005941979380935553,0.025125317,0.43175870180130005
base-noprop__19c06779695d253483fe999e0232467a7bbc4669__炸虾菇__v0__3b04dfbf__c0.mp4,0.43174052,0.71279967,0.68503284,0.48808694,0.5764454,-0.0020125711506063276,0.09648142,0.15437263,0.87569594,0.87306994,0.80864906,0.832234,-0.0010502111063644289,0.03384516,0.08260476589202881,0.04708922281861305,0.123448014,0.814686,0.8363329,0.8017849,0.81128144,-0.001942900506404068,0.02792255,0.07914895,0.91971713,0.9201592,0.8912538,0.89989144,-0.0006553339863954454,0.017342199,0.4577503204345703
base-noprop__0d8ae407bd2be6cbaf00e2bc407478bbc70e81c2__毒蘑菇__v0__377987ca__c0.mp4,0.38023138,0.97948945,0.8479082,0.6156343,0.628323,-0.00926162214147246,0.1403016,0.09842318,0.98718625,0.95232815,0.8996815,0.9021778,-0.0022076687558366427,0.033579733,0.05607634782791138,0.023772820830345154,0.14419442,0.9794895,0.9361366,0.8516714,0.8808166,-0.0027280367999208597,0.041159615,0.04641664,0.9901912,0.9761011,0.9516881,0.957059,-0.0009723674402877853,0.013834269,0.4347001314163208
base-noprop__36eb6a2b312cae414c0f305a4fd633fb23cd8654__吐司菇__v0__c97ca202__c0.mp4,0.7086021,0.37630993,0.4298738,0.2815622,0.2875177,-0.0085716512304521,0.16887426,0.24180871,0.78340566,0.7995466,0.7481133,0.75131136,-0.0026053697930965374,0.058178063,0.17846477031707764,0.13981963694095612,0.13840353,0.89020944,0.8762519,0.85176075,0.85427374,-0.0011221037905206647,0.028863363,0.06966519,0.94862056,0.93936616,0.9244529,0.92582524,-0.00045208521040061503,0.015507741,0.5367583632469177
exact-r1__b50d470f960d4825813995dc5d495f18601920dc__炸虾菇__v1119__bubble__a58b7a00__c0.mp4,0.92853683,0.037137453,0.30450407,0.037137453,0.12587789,-0.03250056533547848,0.2686429,0.6233349,0.35767892,0.6227384,0.35767892,0.4041662,-0.02879110361512,0.19385798,0.3326711356639862,0.1449894905090332,0.67520225,0.5673566,0.49956545,0.29158214,0.31717414,-0.015551668705911978,0.21050301,0.31948268,0.69035006,0.7677279,0.6669532,0.68175507,-0.013150350849619033,0.09685006,0.23240725696086884
base-props__11126af44460c58b95d533978e0cf55f002fe629__炸虾菇__v66__crown__135b2c59__c0.mp4,0.7166508,0.7297006,0.65322936,0.265943,0.27310652,-0.001660822968002392,0.21002236,0.23984516,0.8945403,0.88052917,0.7514234,0.76096886,-0.001251007551732272,0.066099785,0.16557550430297852,0.06444378197193146,0.13864017,0.8772714,0.88831884,0.8439537,0.8483829,-0.002626610426563538,0.035011575,0.07432622,0.9450635,0.94497293,0.9169989,0.92198,-0.0010194865022252453,0.017777856,0.3729076385498047
exact-r2__94bc06d5bc92583f73830b10dc04994d67cef4b4__汉堡菇__v926__crown__b9235215__c0.mp4,0.7989415,0.17051265,0.49650523,0.1535978,0.1565088,-0.03807666538496734,0.27869186,0.21116835,0.7864021,0.8527679,0.7643825,0.780763,-0.008872701775415168,0.06580593,0.09916305541992188,0.05423169583082199,0.3956747,0.7962463,0.79015535,0.56407857,0.5959454,-0.00686585426094976,0.10361387,0.14138031,0.8845809,0.9069996,0.84195256,0.8505232,-0.0044005390683652945,0.03875233,0.13023002445697784
exact-r1__924031cbf126b245cf9afc8c24e5945a1e2524ab__粽子菇__v907__crown__f744010f__c0.mp4,0.77549815,0.24254483,0.50210345,0.16080204,0.24265303,-0.03946887354252367,0.28548872,0.34279913,0.7020569,0.7999609,0.6225394,0.6942354,-0.01593746032875046,0.117047995,0.1377800703048706,0.07559366524219513,0.5963786,0.59915376,0.6985323,0.3559379,0.50220394,-0.022614625455598118,0.18256979,0.24897802,0.83675504,0.8755546,0.72807765,0.8170432,-0.008957517712483756,0.07385278,0.24339959025382996
base-props__e011acdfa772be70a370c32cc68bd1d67b47e245__爆炸菇（爆炸后）__v877__scooter__becb1965__c0.mp4,0.7597474,0.16685638,0.2527268,0.1366245,0.14191942,-0.022145779265952223,0.22444145,0.2934155,0.71628356,0.72590125,0.659607,0.66603464,-0.007741309908538941,0.08475626,0.14673250913619995,0.12171342223882675,0.31640387,0.6786195,0.6897775,0.6129482,0.62399536,-0.008432269508659612,0.09026818,0.16092563,0.84611654,0.8476145,0.8063395,0.8098174,-0.004267345068483026,0.047064107,0.3927851915359497
generic__c3b08e101b5779ce9c44080f96c8fbe863833c5e__炸虾菇__v770__eyemask__e40dbc9b__c0.mp4,0.21483928,0.41383308,0.50491333,0.41383308,0.4275943,-0.011888723128397958,0.08983204,0.14657891,0.7757168,0.7875426,0.7376108,0.7462063,-0.006355592914720774,0.050940752,0.09502792358398438,0.07877442985773087,0.13868737,0.73740983,0.7468625,0.6974219,0.7065991,-0.005768476444270772,0.051582422,0.09992999,0.8693974,0.866317,0.8320165,0.8382043,-0.0039716478981990655,0.03407967,0.5014933347702026
base-noprop__04febc3ea3e866abdf75b3fab9b881e8f80a980a__汉堡菇__v0__ce7851e5__c0.mp4,0.7556654,0.9597749,0.63384223,0.2300481,0.24059899,-0.02095523045173749,0.30289432,0.2886371,0.977978,0.86019224,0.6966244,0.7000757,-0.007928369073528558,0.11367289,0.20800691843032837,0.08572257310152054,0.18763572,0.9618025,0.89205086,0.79807794,0.8132579,-0.004809731374616235,0.062583394,0.09019905,0.9803667,0.94591486,0.90106934,0.9043122,-0.0024403517425295993,0.032667935,0.5619993209838867
base-noprop__3f2b9963b32e8779b33756a182ccea735aad5b89__毒蘑菇__v0__72c317bd__c0.mp4,0.34872186,0.7633348,0.88262665,0.6436107,0.7141864,-0.01429782436770414,0.11076449,0.091056705,0.9276943,0.9594301,0.9047413,0.9176822,-0.0041382500658864495,0.029758122,0.05109149217605591,0.01786738634109497,0.14898294,0.8785558,0.9335465,0.8433496,0.87128246,-0.006481937622364344,0.04605567,0.039965212,0.9649017,0.9772975,0.9558328,0.96173036,-0.001721767097593759,0.011990572,0.5917202830314636
generic__50ee01d3a21af2295c697ffe0dcc9d0e2bd3a001__汉堡菇__v299__crown__af1e681c__c0.mp4,0.70322305,0.46324885,0.42940873,0.1856888,0.21843494,-0.012427327778970779,0.18489645,0.30127448,0.820833,0.787424,0.6614484,0.6811441,-0.005268702747322363,0.085948154,0.22356641292572021,0.13601870834827423,0.16869223,0.8312465,0.83781266,0.75981796,0.7782842,-0.0029086678513425006,0.047630493,0.08615893,0.9292288,0.92344284,0.88501483,0.89487237,-0.0017386444001329937,0.025306148,0.5038934350013733
base-noprop__930af50238c37ebaf442e48b5cf1fdd56a6c5adb__粽子菇__v0__f5d08145__c0.mp4,0.6167736,0.93132186,0.70769686,0.37072313,0.3811594,0.010115731257223799,0.21538612,0.19887757,0.95702636,0.8928907,0.79320085,0.797814,0.0022737804373262455,0.065018296,0.1211017370223999,0.050033461302518845,0.15757662,0.93709373,0.87972176,0.8299201,0.8330851,-0.00034273265614342106,0.046752535,0.07995051,0.9707668,0.94292414,0.91257495,0.91439104,0.0002557736022670263,0.024320949,0.47822368144989014
exact-r1__55c78bf255f3a7b815fa63ec2b487f670c474c05__汉堡菇__v544__scooter__f9fb3109__c0.mp4,0.9309881,0.055932626,0.33380067,0.055932626,0.075592265,-0.042332369981429335,0.31278718,0.78855455,0.20272183,0.5589983,0.20272183,0.24559051,-0.03999541573255901,0.26931807,0.47748199105262756,0.27770963311195374,0.5033171,0.48583078,0.72646993,0.4836035,0.51380986,-0.0203437639083787,0.13816808,0.31795013,0.67586803,0.83670807,0.67586803,0.71236753,-0.013818415551788723,0.09246898,0.3191584348678589
exact-r1__c39c1f9a7737ec2bce1e203f09f772557f7229c4__爆炸菇（爆炸前）__v1223__coffee__4cdd0ec2__c0.mp4,0.8185818,0.14853892,0.34875202,0.09797935,0.10204465,-0.030494999324556876,0.23359412,0.4901397,0.5736432,0.7014423,0.47028306,0.48054644,-0.020787487947658122,0.15865996,0.3585054576396942,0.1874837875366211,0.25826108,0.7270217,0.788311,0.6918619,0.71045744,-0.008993798447220699,0.07127588,0.15526551,0.85567117,0.888926,0.81887174,0.82781,-0.006106607704294537,0.047524497,0.1971834897994995
base-noprop__4d17fcfde00cb2ae6b544f6fb2233f9c5e1c98bb__毒蘑菇__v0__157f185e__c0.mp4,0.6726072,0.35398403,0.47837585,0.32300517,0.32901502,-0.006225647397427693,0.17004544,0.225537,0.77698326,0.8362427,0.7723231,0.7770546,-0.002529877506697138,0.05839407,0.12394410371780396,0.08570018410682678,0.25248235,0.7807685,0.8325702,0.74313,0.77784586,-0.004017952697079183,0.04912682,0.11293548,0.89142466,0.92194283,0.88500565,0.89002067,-0.0018206781785007464,0.026031066,0.26392659544944763
exact-r2__37cf5b3121da345790097e2efc56911fb8dea3af__粽子菇__v364__flag__fb092b3e__c0.mp4,0.4318667,0.6338561,0.7631147,0.55722916,0.5728839,-0.02175426854210881,0.15633903,0.1648804,0.84604746,0.90032434,0.82962835,0.83399355,-0.008362340008317246,0.058649354,0.05251908302307129,0.025207394734025,0.26656282,0.74304914,0.84177065,0.7225331,0.73622394,-0.013407614921392657,0.093557686,0.12369895,0.879766,0.9255318,0.8708116,0.8739845,-0.006576196890574664,0.045782797,0.29094332456588745
base-noprop__b281dc2a1f8e99821ca80a015d7a15c12c8925f9__炸虾菇__v0__a2c78121__c0.mp4,0.84972984,0.5482199,0.4452959,0.13451344,0.13625821,-0.020461293077280413,0.2616427,0.49897718,0.8115027,0.7392379,0.4885549,0.49931422,-0.012408577200216733,0.15785354,0.3082752823829651,0.1534431129693985,0.3345664,0.83707964,0.8024888,0.6496769,0.66343546,-0.0076939434755461215,0.09576475,0.19667512,0.9057325,0.8926811,0.79489607,0.8021135,-0.00488563806643127,0.057393245,0.47662678360939026
generic__546296f7917ec182336f629d3d0c02436cb741ca__吐司菇__v315__coffee__948b91c9__c0.mp4,0.05025959,0.938589,0.952037,0.9323435,0.93709284,-0.0021979335268495492,0.017469209,0.029469788,0.9654975,0.9710069,0.95612967,0.9609214,-0.0009137943917112586,0.009140298,0.012675225734710693,0.008918368257582188,0.039521337,0.94702417,0.9575125,0.9437114,0.9440573,-0.0018986889378355383,0.015102162,0.023016155,0.9772189,0.97992516,0.96807224,0.97040784,-0.0006090264782132913,0.0069991685,0.46554794907569885
base-noprop__4cb113661e22673b72a3e13f60cc0f8202bd9de8__吐司菇__v0__e9ee2df5__c0.mp4,0.7170226,0.21884257,0.35671565,0.20036693,0.21074471,-0.02896149054523043,0.2582733,0.32480234,0.62422264,0.70394284,0.62422264,0.6379187,-0.013215875201545676,0.116547756,0.22571927309036255,0.16999131441116333,0.25631928,0.7190544,0.7535587,0.67413676,0.69606555,-0.00803643064536595,0.07643457,0.115778685,0.8499419,0.87393415,0.846553,0.8504336,-0.004411385405676167,0.039641105,0.4184456765651703
generic__b166561176afda3a52cc9957753e6b2a097c6778__粽子菇__v708__flag__6c9c8153__c0.mp4,0.34792876,0.6696025,0.76658356,0.625177,0.6696929,-0.0016364812733156567,0.07712412,0.09915954,0.8862982,0.9174961,0.8817913,0.88609016,-0.0004344520714914399,0.023470495,0.057623863220214844,0.03617353364825249,0.16153926,0.84368396,0.87007505,0.81223977,0.8200886,-8.590436971235796e-05,0.035955142,0.049967468,0.9391183,0.95366967,0.9391183,0.9396457,-0.0004254716187126663,0.011045914,0.4495807886123657
exact-r1__eda6528f2e08aaadb4cc84f8c996eac073cc3a6a__汉堡菇__v1494__bubble__bd0adbc6__c0.mp4,0.5161737,0.1331209,0.20295547,0.1331209,0.14656973,-0.009873479958108302,0.10285276,0.38507277,0.49496275,0.58741575,0.49496275,0.5066029,-0.013428382487165132,0.10236066,0.3584313988685608,0.2860276699066162,0.1327312,0.7076813,0.763961,0.7076813,0.7229111,-0.0047813774686557104,0.038096752,0.09169227,0.85339415,0.8734434,0.85339415,0.86084855,-0.00238209491661885,0.021282362,0.46925827860832214
base-props__068f87e6d8c098db1a68eaff2a959baa9dd07959__粽子菇__v24__coffee__cd2a73a3__c0.mp4,0.6521792,0.39102018,0.44411424,0.33540028,0.36074746,-0.011468989222417245,0.16187112,0.2781337,0.76090854,0.76456636,0.7159631,0.7189523,-0.004103852590553388,0.07027994,0.17246270179748535,0.140319362282753,0.21549904,0.8314251,0.8233098,0.7720804,0.7822932,-0.0014384379499985684,0.048748948,0.10876328,0.90673244,0.90488565,0.88533354,0.8869687,-0.0012307583461165863,0.02597419,0.3986577093601227
exact-r2__46fdb8adba853657fade52d259f8ee4cb1b28dde__爆炸菇（爆炸后）__v451__glasses__c87c68d3__c0.mp4,0.5646332,0.15884736,0.21220754,0.13272709,0.1497157,-0.01055573633772583,0.12127889,0.44321883,0.47240362,0.53762984,0.4291923,0.46674433,-0.012670579458413865,0.10743347,0.3171197772026062,0.25382333993911743,0.3874035,0.5359745,0.61023515,0.49257696,0.5286059,-0.012845467731886705,0.09524386,0.20110953,0.7531309,0.7914532,0.73289365,0.74631107,-0.0065891233239720555,0.05101168,0.33776694536209106
base-noprop__c884f9c5b1342e1e182de98d0015811298454d88__炸虾菇__v0__189e57f5__c0.mp4,0.89326155,0.10402063,0.34696048,0.0877316,0.08807052,-0.045372659421485426,0.35388568,0.5782124,0.45685992,0.635656,0.41108245,0.41567138,-0.03207025023199354,0.23527011,0.35543113946914673,0.22100163996219635,0.3953495,0.64141536,0.7404539,0.58564365,0.59967494,-0.019827681567829113,0.14614387,0.22707933,0.7924408,0.8566577,0.76271117,0.76455855,-0.012289035461636906,0.09101466,0.29381293058395386
base-props__567f0abcb0cf6a5bcee6cad1571c9b7164cd9790__蘑菇力__v327__eyemask__70ecb658__c0.mp4,0.136024,0.85959995,0.8946982,0.858273,0.86489916,-0.004137029525319557,0.039054632,0.05012536,0.9456266,0.95921564,0.94374955,0.94701016,-0.0016032920877923993,0.013924252,0.01765751838684082,0.011982888914644718,0.11416298,0.887655,0.91203606,0.8801341,0.8910332,-0.0032071121949923524,0.0313444,0.036106348,0.95998013,0.97119844,0.95998013,0.9611837,-0.0012297302837899662,0.009705368,0.6260666847229004
exact-r1__cf74c350c79d0b0215dc7dda7d44e9eb626b6204__蘑菇力__v1289__bubble__ed3d7cd2__c0.mp4,0.6496628,0.5739262,0.7126942,0.33363777,0.46858397,-0.025441575515647206,0.1910905,0.1528371,0.8729122,0.9093363,0.83133173,0.84782135,-0.006223496653345728,0.046404127,0.05767631530761719,0.030774462968111038,0.29073006,0.8473989,0.8660308,0.69257057,0.7513219,-0.009675159461413457,0.07901287,0.10538751,0.9199703,0.94011074,0.88504773,0.90170604,-0.003928866311024288,0.030321196,0.2623443305492401
base-noprop__4de2aa1e433a559a98b48c7eccf7684f044f0cc9__毒蘑菇__v0__41b5cc15__c0.mp4,0.7086233,0.6577507,0.46681288,0.23714629,0.24560013,-0.013256166174477722,0.22826351,0.34604627,0.88414097,0.7688151,0.6194177,0.62018716,-0.005955627961121084,0.11020595,0.17817902565002441,0.10763249546289444,0.29115164,0.7982993,0.7763705,0.6607791,0.67632926,-0.007732808707731039,0.07527874,0.1859684,0.91396797,0.8764475,0.78997624,0.7980152,-0.004072914128246996,0.053997677,0.2892264127731323
base-noprop__691bb9a71d598e287cbef46044bd6aef8fa79960__粽子菇__v0__b0bc1b99__c0.mp4,0.84769773,0.15242916,0.48433748,0.13826856,0.13959298,-0.05221341833059969,0.3943123,0.4688148,0.52392197,0.72819793,0.5216976,0.5231218,-0.02940548090595501,0.21618846,0.2512032389640808,0.13684557378292084,0.3906985,0.6108482,0.76770467,0.59526783,0.60289353,-0.023546392738583534,0.17105275,0.23094559,0.76420397,0.8650436,0.7616713,0.76179487,-0.014428141677803681,0.10536688,0.36110660433769226
generic__4cb113661e22673b72a3e13f60cc0f8202bd9de8__爆炸菇（爆炸前）__v278__crown__ebb8e940__c0.mp4,0.8039494,0.44923759,0.47459114,0.17406374,0.18589969,-0.02166433507215835,0.26560304,0.352305,0.7675188,0.76876485,0.63690764,0.6455183,-0.009713883986586173,0.11594732,0.21160370111465454,0.12382613867521286,0.24893308,0.7979202,0.809729,0.72907996,0.74013436,-0.006942626515867207,0.07171345,0.14395809,0.88768756,0.89259106,0.84571123,0.84781134,-0.00406473038696016,0.04421008,0.31187185645103455
generic__dad4cc0c224921ba2b3e9a82d69f6789dfd1c559__汉堡菇__v847__bubble__069a15c5__c0.mp4,0.22940552,0.9655379,0.8971073,0.76118445,0.78868604,0.004257782645847482,0.065187216,0.07778108,0.97431505,0.95214576,0.91661036,0.92331505,0.0008783405830737707,0.019348973,0.03909766674041748,0.017293261364102364,0.12008411,0.9674965,0.9226161,0.8705058,0.874865,0.001830477665064378,0.032240897,0.038896203,0.98306847,0.969439,0.95549524,0.9564855,0.0002718264524173188,0.009739196,0.6177173852920532
base-noprop__9ff16bd9837162a31625505a37953b6d7b6f8bcd__爆炸菇（爆炸后）__v0__6c081db1__c0.mp4,0.6392359,0.7816124,0.64054847,0.35226125,0.37176865,-0.019098405899266462,0.22375259,0.18781173,0.9036377,0.87910634,0.80356944,0.8064465,-0.005670873308370242,0.06053156,0.11487472057342529,0.05993872135877609,0.17015219,0.8832262,0.87069356,0.82134485,0.82667005,-0.004504506825929573,0.044056933,0.077934265,0.9461303,0.9390452,0.91419363,0.9151821,-0.0024570621874021553,0.023055334,0.4951333999633789
base-noprop__50ee01d3a21af2295c697ffe0dcc9d0e2bd3a001__毒蘑菇__v0__75b7cf35__c0.mp4,0.44907123,0.5471828,0.736074,0.5360922,0.5403212,-0.021616634290680108,0.1511039,0.1271807,0.8648622,0.9159258,0.8622135,0.8642596,-0.005872364984199458,0.041004058,0.0697551965713501,0.035598691552877426,0.16820359,0.8200389,0.8786689,0.8169601,0.8249931,-0.007174902989459147,0.05202756,0.059999526,0.93104196,0.9515245,0.9308706,0.93138576,-0.0025928787327566616,0.018600868,0.5712432265281677
base-props__d424d1f21129cb4f5e1724780bc7368fa90c14e9__炸虾菇__v813__scooter__d1ace2f7__c0.mp4,0.16967952,0.93523264,0.85447127,0.766737,0.79256374,0.005128781903873778,0.054099023,0.048975527,0.96773696,0.94589514,0.922994,0.93158096,0.0011955502593941428,0.014666327,0.03121429681777954,0.0215144082903862,0.069238305,0.94390446,0.9156943,0.8867315,0.89294326,0.0012449121522338051,0.019727541,0.029584348,0.9781224,0.96740955,0.95395786,0.9589752,0.0004184948714825681,0.007832082,0.6564152836799622
exact-r2__5c4b08b050f4083c0288f844c4f063b4c7586eb9__炸虾菇__v582__coffee__677017ce__c0.mp4,0.3868224,0.8530921,0.84647304,0.5947771,0.6218516,-0.009226563243055555,0.13925,0.09456855,0.93780625,0.94619757,0.8916796,0.89531505,-0.0030462123424168123,0.03447342,0.04957234859466553,0.018389662727713585,0.1716733,0.9040332,0.91219944,0.80992615,0.8355892,-0.004944257290938153,0.054494802,0.051834047,0.9599112,0.96458715,0.9377154,0.94340885,-0.0018786625428633234,0.017608691,0.36989811062812805
exact-r1__474f385571ae5a110c7956cc929fee320bb370da__爆炸菇（爆炸后）__v454__glasses__cfb81219__c0.mp4,0.6901467,0.13247728,0.30906662,0.12316869,0.12706788,-0.02434570654461036,0.21281953,0.4792402,0.4389643,0.6391999,0.43211618,0.43482152,-0.02405543696032211,0.18043694,0.30350345373153687,0.19533956050872803,0.36261272,0.5274905,0.70193976,0.5092758,0.52468634,-0.02020360276161918,0.1536016,0.2185291,0.74246776,0.8345394,0.7229717,0.72617525,-0.011759772602277304,0.08993008,0.34881964325904846
base-noprop__454fa8dcb586fe5bba7dc4c8fc5beac333fb8f52__蘑菇力__v0__b12715e0__c0.mp4,0.6614389,0.1092595,0.25103456,0.10719381,0.11124245,-0.02244771618705259,0.17902161,0.30259657,0.63189197,0.67568284,0.60157764,0.6174083,-0.008720716998982345,0.07510189,0.2571883201599121,0.20850445330142975,0.13418847,0.7706999,0.78998226,0.74306744,0.75788534,-0.0043094319552772105,0.03478795,0.097169995,0.8755106,0.8841873,0.8474896,0.8680401,-0.0026131627470137005,0.021614837,0.4426576495170593
generic__558e28ebbd5a1e6d7bade4cd30fc31f3ed07c04a__蘑菇力__v322__eyemask__1cc0cdde__c0.mp4,0.14946848,0.8333617,0.9041313,0.8333617,0.8622691,-0.0024505000222812996,0.035074536,0.06275761,0.92946625,0.95318246,0.92946625,0.93921065,-0.0012349845039043342,0.012838123,0.018019497394561768,0.009061883203685284,0.122003615,0.8608265,0.9136287,0.8608265,0.8885433,-0.002337220688111228,0.02727049,0.044738173,0.94748574,0.9622444,0.94748574,0.95043814,-0.001085529921083122,0.009636698,0.5106476545333862
base-noprop__07c58fa6b177896d1bf3bafc1798b4388f51e9a6__吐司菇__v0__249899b6__c0.mp4,0.1238426,0.85771537,0.88808936,0.83264446,0.85791665,-0.0037157380651579547,0.031641167,0.05407107,0.928921,0.948247,0.92536724,0.93011445,-0.0017787640391602345,0.014166295,0.021751821041107178,0.011513573117554188,0.07440984,0.88644916,0.91373163,0.88644916,0.88803834,-0.0023792483825457555,0.020682722,0.037229776,0.9463763,0.9597606,0.9463763,0.9473311,-0.0011895277754591393,0.010123621,0.578499436378479
exact-r1__929b65b28d7fc5f68d6f799d9d758150e4b1155d__爆炸菇（爆炸前）__v914__flag__3302281d__c0.mp4,0.38513988,0.64752424,0.7727538,0.60314375,0.61766654,-0.019667921212350906,0.14735396,0.13227475,0.86235714,0.90821326,0.8564565,0.8598817,-0.006831653681197192,0.050523147,0.0444028377532959,0.027625013142824173,0.23797804,0.78640497,0.85621244,0.7503055,0.77232516,-0.010735321775255494,0.08014066,0.09273678,0.905906,0.9358383,0.8987851,0.9033154,-0.004660202109295384,0.034320306,0.4427247643470764
base-noprop__54b808c68379bb80df935fac20da98e5db366a47__吐司菇__v0__f034c0d7__c0.mp4,0.11554557,0.92741895,0.9138171,0.85448766,0.87380314,-0.0005899266056392465,0.027559344,0.035920084,0.9651392,0.96425647,0.9492403,0.9521968,-0.0002928571738744587,0.008222685,0.01750725507736206,0.010248349979519844,0.0738436,0.9359002,0.92982507,0.896875,0.909992,-0.00039507713713665953,0.015367275,0.023259401,0.9743911,0.9745048,0.96507114,0.96850556,-0.0002787832332694059,0.005047867,0.5396801829338074
base-noprop__3eb6d97760f838a366c3ddc9c5fe31024af3ddd6__爆炸菇（爆炸后）__v0__588452da__c0.mp4,0.27467686,0.92970854,0.8593545,0.7028478,0.75784135,-0.004355530788304787,0.08287612,0.0704419,0.9657261,0.9469425,0.912246,0.9182903,-0.0013665768351008244,0.02294284,0.037180185317993164,0.018674571067094803,0.1653831,0.941129,0.90030736,0.8131358,0.8361588,-0.002969842831136672,0.050511483,0.039121985,0.9735471,0.9656171,0.9486635,0.95146674,-0.0008516233900318922,0.012428226,0.4409540891647339
exact-r2__7d44a2bbd0f494878694a9248530e08a9227affb__炸虾菇__v779__glasses__89eee02e__c0.mp4,0.298005,0.13787732,0.24487378,0.13241726,0.13412598,-0.01153893318218677,0.1231886,0.27571028,0.53865755,0.64720494,0.53432673,0.537213,-0.01233438046082207,0.10638884,0.25458669662475586,0.20263375341892242,0.20054102,0.6716353,0.75176287,0.66375506,0.670333,-0.009423487506836288,0.07456919,0.14327902,0.7871522,0.8498387,0.7837271,0.7883416,-0.0072312414528353,0.055202384,0.5199245810508728
exact-r1__05e26f5e60986d81eb27d3bff555fb6e8b76fd97__粽子菇__v37__coffee__5e8d49dc__c0.mp4,0.7392066,0.23840092,0.30812684,0.17548187,0.22122589,-0.01310270117676777,0.16387469,0.37009996,0.6503178,0.6890908,0.5842968,0.62856853,-0.0058378439411344235,0.085439146,0.23113799095153809,0.16527047753334045,0.28575248,0.69148123,0.71993995,0.6510728,0.66013765,-0.006284937615922322,0.071083054,0.15437973,0.8304367,0.8543612,0.8154348,0.82465184,-0.004091359586583774,0.038910724,0.18098196387290955
base-noprop__36cc3b78b61d9039d9d44b967df0005c6e6e6895__汉堡菇__v0__0f68f4e0__c0.mp4,0.17336679,0.815361,0.9121589,0.815361,0.82192254,-0.008221443816135985,0.058524173,0.055344105,0.9348784,0.96064276,0.9322225,0.9341222,-0.002729645006270265,0.01921585,0.026467740535736084,0.010559245012700558,0.107669234,0.88750803,0.9311077,0.8810586,0.88682973,-0.004897701351538953,0.03403257,0.030785501,0.9589946,0.97120196,0.9577846,0.9588985,-0.0014467073876867193,0.010185375,0.26498982310295105
exact-r1__91c39501adafbba839f83b6334e1af2e954a86dc__粽子菇__v905__crown__2115ef43__c0.mp4,0.906585,0.1034082,0.18032683,0.08502501,0.10773663,-0.013764567746828675,0.17945398,0.5995898,0.44570726,0.54061455,0.39330125,0.4440187,-0.014428639305910117,0.12449121,0.2858935594558716,0.2380797564983368,0.6677426,0.34348407,0.5689334,0.32386732,0.34349042,-0.028852120689723808,0.20763716,0.38456643,0.70216954,0.77869433,0.6099521,0.70265055,-0.010894682273092012,0.086844325,0.22525963187217712
exact-r1__db92b798e1aadc60fbbe4052b859fdc5d2a7e46f__汉堡菇__v1374__flag__7d619672__c0.mp4,0.39439046,0.75650513,0.8028799,0.59859574,0.6858185,-0.014658624652346137,0.12467878,0.13144064,0.8934176,0.91781765,0.8644295,0.8774197,-0.005660329411623526,0.04513529,0.05297374725341797,0.025364194065332413,0.1932689,0.8382808,0.875675,0.7997174,0.8120572,-0.009095063322617601,0.07168906,0.08097565,0.9231098,0.94318193,0.91489446,0.9167136,-0.0041472334635587575,0.03192638,0.5921595096588135
base-props__b4922b313b5f45658c57e964eec6e061ed1c765b__爆炸菇（爆炸后）__v718__eyemask__c2a091da__c0.mp4,0.5023969,0.8261319,0.7871923,0.47405642,0.6039764,-0.01213729982319556,0.11699591,0.13502336,0.9285628,0.922839,0.848833,0.88108575,-0.002987711267037809,0.02855496,0.08208173513412476,0.028822872787714005,0.17119932,0.84667,0.86699396,0.8064039,0.8154864,-0.005423839266592336,0.04086784,0.056637883,0.9499148,0.9516619,0.93091476,0.9348237,-0.0014656839870181562,0.012286629,0.4451826214790344
base-props__558e28ebbd5a1e6d7bade4cd30fc31f3ed07c04a__蘑菇力__v322__eyemask__1cc0cdde__c0.mp4,0.26742464,0.82980496,0.8300214,0.71830183,0.7326138,-0.00686947748123892,0.08361717,0.09286082,0.9288577,0.9341494,0.9004715,0.9051943,-0.0024034539348052057,0.028444983,0.04443639516830444,0.02591305784881115,0.12646031,0.88316053,0.8942988,0.85926604,0.8629766,-0.0035868456123374633,0.035523135,0.04850304,0.95765156,0.96006244,0.9449079,0.9478394,-0.0010072904613178195,0.0133125335,0.5456281304359436
exact-r1__7ceede470341c8d14addf43fd499af7151c8d1c0__炸虾菇__v778__glasses__55737115__c0.mp4,0.84011555,0.559897,0.4859812,0.113980286,0.16462111,0.00022399265009895612,0.18959552,0.31417447,0.8334886,0.8190715,0.6585341,0.7094337,-0.0005011110908900333,0.06732116,0.2005341649055481,0.10321333259344101,0.22623426,0.84033084,0.84121937,0.7293553,0.7880868,-0.0016195961962575515,0.043999597,0.12197745,0.9233896,0.92228484,0.8590683,0.8919519,-0.0008209380707722018,0.024018807,0.5202257633209229
exact-r1__18550aeb254f3fee4e7bf9994a4d3d285dbf113e__蘑菇力__v155__glasses__6c05197a__c0.mp4,0.6436467,0.08827471,0.092043854,0.027255751,0.037751544,-0.00517382494104003,0.12529881,0.6205257,0.39995682,0.4038315,0.2746489,0.33094075,-0.005787860204579809,0.116716616,0.48602449893951416,0.37162676453590393,0.34489346,0.6191704,0.6437644,0.53697956,0.5824132,-0.006788763368553799,0.06722448,0.24410343,0.760002,0.7754582,0.70500433,0.7305638,-0.004673332800507061,0.048443273,0.42247265577316284
exact-r1__c4b5a3cb49158de742fefc2345a959ab56706aa5__汉堡菇__v1228__glasses__7aa56a66__c0.mp4,0.8182874,0.16331252,0.27499017,0.1501354,0.15391941,-0.022384858679158896,0.20451403,0.49084705,0.508252,0.5927138,0.48780447,0.5029917,-0.016410872222406593,0.13734564,0.39649641513824463,0.23786087334156036,0.41756177,0.6450802,0.7291037,0.5517038,0.5997672,-0.015531290602307091,0.12624231,0.26207733,0.7686529,0.8305745,0.7246635,0.7572278,-0.010823638660634453,0.084353484,0.44207102060317993
exact-r2__d4b4dc72228046a3528be5b1403d1447c286b9fb__炸虾菇__v1322__crown__384fe161__c0.mp4,0.7861287,0.34283692,0.46376532,0.20655091,0.3079834,-0.023495482833017944,0.19354706,0.24955648,0.81595236,0.8440711,0.74441755,0.7938781,-0.005739364758310592,0.053063095,0.09666872024536133,0.06478045135736465,0.49863076,0.7034821,0.74100477,0.4940487,0.6172865,-0.012307363477620221,0.11942915,0.15543687,0.8850572,0.90885156,0.84108627,0.87538666,-0.004111574867026135,0.036392566,0.25461119413375854
base-noprop__701e58d8fd0b9629cc0d3b9aec0136dcfd79a9f4__炸虾菇__v0__fbd5f3e0__c0.mp4,0.35970277,0.9223045,0.82835853,0.5969251,0.6039944,0.0010764558795883547,0.12819344,0.10589725,0.96331567,0.9369662,0.8753749,0.88275796,0.00010349386529959542,0.033278096,0.07194548845291138,0.024380983784794807,0.112487555,0.9266314,0.9032159,0.8470863,0.85808355,0.0004019855039392882,0.034360945,0.0444237,0.9711876,0.96134716,0.9404691,0.94457436,5.174478287753641e-05,0.0125873005,0.5605650544166565
exact-r1__6f6f2d7c0707575b6afdd575fae5abf75eec000d__汉堡菇__v706__coffee__a22a6a77__c0.mp4,0.7418442,0.39926723,0.5040401,0.21549597,0.22767065,-0.02778945071070562,0.23192014,0.3633502,0.7515521,0.7803966,0.61527854,0.625263,-0.012827570200437627,0.11306604,0.19061678647994995,0.10444987565279007,0.4019848,0.8160702,0.77688223,0.5594463,0.59030896,-0.009768821446320755,0.12451175,0.1902268,0.8942821,0.8848463,0.7923856,0.8026718,-0.00544871313298644,0.059407834,0.20779705047607422
exact-r2__f0ded2281369569374226c3d97d3dbf8e365ae0a__毒蘑菇__v1514__glasses__6529c6b9__c0.mp4,0.8351477,0.07792927,0.26610002,0.07792927,0.07977765,-0.03296409523769802,0.2547806,0.37549067,0.5996147,0.69042665,0.58609784,0.6104701,-0.01297774363176625,0.105394505,0.2267715334892273,0.15296673774719238,0.30848032,0.7078651,0.72405356,0.6253372,0.6592465,-0.006534469634176707,0.07033104,0.1952241,0.8263862,0.8433933,0.77859324,0.80194163,-0.004298510758773128,0.045570903,0.3732026219367981
base-props__45467bec2e9b047dee0217f2ce7f25cf3110e190__爆炸菇（爆炸前）__v255__scooter__aa891a52__c0.mp4,0.59509385,0.366819,0.47533542,0.3314484,0.35013205,-0.013857558310738677,0.14657332,0.221677,0.739629,0.80742884,0.739629,0.7520719,-0.0068667068665206905,0.05796469,0.17710459232330322,0.11752933263778687,0.12927842,0.8353007,0.85400754,0.8067435,0.83122164,-0.003389391149927972,0.0269959,0.06494373,0.91673356,0.92495817,0.9070274,0.9110677,-0.0020167272788262857,0.015848933,0.47790831327438354
exact-r1__10c0ac04aeb5d2daab305c2cf0c7c468606b21ab__蘑菇力__v100__coffee__edadca69__c0.mp4,0.18483114,0.8131106,0.8547564,0.7613688,0.7796403,-0.008221730413173027,0.059490163,0.07860929,0.9105547,0.9266136,0.8869604,0.89529914,-0.0033798569982702283,0.024841746,0.03515934944152832,0.021064866334199905,0.09449351,0.88523245,0.9013146,0.8539525,0.86484706,-0.0037581734506509108,0.028677857,0.049530506,0.9414801,0.9476784,0.92211974,0.9255396,-0.001981486150398561,0.01547973,0.24676965177059174
exact-r1__c1fe0f34398dd6713cc94ea5a6ef326f8c54ec0d__爆炸菇（爆炸前）__v1209__coffee__a7f57350__c0.mp4,0.9254239,0.05032506,0.3462908,0.0493455,0.051187534,-0.04551281832644472,0.32237795,0.6983991,0.3437369,0.61659485,0.28824216,0.3019468,-0.03831480614281454,0.28261983,0.5239871740341187,0.273929625749588,0.35658228,0.71618646,0.7887334,0.61818707,0.6537308,-0.013272954187845519,0.10418975,0.19316745,0.8379449,0.8905245,0.79565054,0.81318945,-0.008580486765020918,0.06428136,0.19599181413650513
base-noprop__6789eb569ba9201716016a5c210359d9e3d43278__粽子菇__v0__ade83f0a__c0.mp4,0.726055,0.9446384,0.7161606,0.26030195,0.266632,-0.009598038855041926,0.28656694,0.22801942,0.9724139,0.9039479,0.7649771,0.7665279,-0.0030878507219284446,0.08588182,0.1340758204460144,0.046036649495363235,0.21573997,0.94629943,0.89077336,0.77061707,0.7823518,-0.003559932583876763,0.07141412,0.09582251,0.9750227,0.9499846,0.89802426,0.89926594,-0.0016459059927303435,0.032484114,0.427359402179718
exact-r1__2526bb599376b9015ca0eea713a0fb5afae34359__汉堡菇__v236__eyemask__9225dd36__c0.mp4,0.81939936,0.17693779,0.36824256,0.16770282,0.17046317,-0.03305867105251246,0.27142248,0.50664365,0.48393083,0.6793671,0.48077384,0.48439378,-0.024267954464722068,0.16703478,0.32708555459976196,0.1898910105228424,0.29133445,0.69890165,0.7619313,0.69576764,0.69694877,-0.011026197035793269,0.0926618,0.18794757,0.80772346,0.8692581,0.80376136,0.80967915,-0.00790425222146182,0.056858435,0.32178276777267456
exact-r1__f0acf58daf5bb6ba0cded2f57ccf6bb43ceb78e5__毒蘑菇__v1513__glasses__300f23a6__c0.mp4,0.23582375,0.80850935,0.84995484,0.7496747,0.8007716,-0.0041213086235664656,0.056571912,0.067211926,0.92672896,0.9441548,0.9212869,0.9265069,-0.0017176868298308143,0.018514376,0.03526490926742554,0.019519714638590813,0.123740435,0.8676282,0.8978611,0.861758,0.86616385,-0.003143547434109482,0.0316806,0.04254073,0.95054257,0.96367455,0.95014167,0.95073444,-0.0013230205053397235,0.0114995465,0.5216500163078308
exact-r2__f16563383dc7f5abb88446494148bd692e6b4a57__爆炸菇（爆炸前）__v1520__scooter__ad0ffcf2__c0.mp4,0.88081115,0.59370667,0.5464489,0.108458295,0.13363354,-0.020609429540488097,0.31122074,0.45553154,0.8895825,0.81987107,0.5291666,0.56028503,-0.005882743731317801,0.1554435,0.25823521614074707,0.0898301899433136,0.49328536,0.8596748,0.79069495,0.49614114,0.56880325,-0.008359863470665557,0.1487063,0.24453819,0.9463372,0.9097012,0.7478914,0.7870373,-0.0029835361737036723,0.07633413,0.2985069751739502
base-props__dfb07d087bbb45ae4ec093956c13cbcc5ca2bb4f__爆炸菇（爆炸后）__v873__flag__0921f662__c0.mp4,0.79710555,0.24958289,0.42690906,0.17394842,0.19280632,-0.0330623574702165,0.24371743,0.42686415,0.62357086,0.7326582,0.55515385,0.5978255,-0.019311156020805277,0.13711879,0.22510510683059692,0.12682893872261047,0.5398808,0.4615204,0.7084075,0.43117326,0.48705125,-0.023606500606763035,0.15955463,0.24468493,0.76776445,0.8594871,0.7429354,0.75629884,-0.01119911894496721,0.07596909,0.2676784098148346
exact-r1__6474718652c3298f3ac628f29426024c3a14fa73__爆炸菇（爆炸后）__v630__scooter__cfbf8e28__c0.mp4,0.42538232,0.98503757,0.83473355,0.5701989,0.6192841,0.001762324877878433,0.15056999,0.10201144,0.9898212,0.95297235,0.8933625,0.9042083,0.0002465235739357402,0.034700934,0.06643372774124146,0.02565416507422924,0.1106652,0.9850375,0.94168043,0.88491607,0.89443064,0.00039425280254349465,0.038756747,0.03781432,0.990133,0.9786266,0.95979625,0.9642421,-6.933045010321428e-06,0.012063715,0.5892592668533325
base-noprop__3832d04a1cb8b144cb27edf994f26444ef4fd338__蘑菇力__v0__f57985eb__c0.mp4,0.11493051,0.97061044,0.93983525,0.8706111,0.8847323,-0.0016662577395382603,0.03219054,0.03317666,0.9767,0.96805376,0.9498149,0.95246506,-0.0004302184336741467,0.0098932255,0.024254560470581055,0.012383728288114071,0.06685305,0.9711125,0.9506564,0.91868865,0.9298081,-0.0008623995210813557,0.016982237,0.017223537,0.98507833,0.98043746,0.972984,0.9746463,-0.0002547304620855707,0.004782901,0.6092810034751892
base-props__ab46352316dd303e2692bf4e35d24794f50ca8f1__汉堡菇__v684__eyemask__f96abc17__c0.mp4,0.31290877,0.7166089,0.7798318,0.67980266,0.6914393,-0.013984108866439054,0.11392544,0.1064679,0.8913888,0.91796035,0.8890214,0.8897945,-0.005031380846566387,0.039521333,0.041990697383880615,0.027736252173781395,0.16582155,0.85048914,0.8806723,0.8268899,0.84517074,-0.00628198583135493,0.052740842,0.06898278,0.92902255,0.9456967,0.9265065,0.927264,-0.003060704340105485,0.023648573,0.5125463008880615
base-noprop__02649510b01d521437d95658981d30da7d35fe3b__汉堡菇__v0__262e0805__c0.mp4,0.85221356,0.18992445,0.4191953,0.1364184,0.14198622,-0.044925814501852866,0.34532645,0.36207622,0.73273444,0.78787744,0.62440133,0.64818907,-0.0160604358426196,0.12850623,0.21750760078430176,0.11658366024494171,0.3062504,0.73248154,0.8018841,0.6823817,0.70031524,-0.014085577116182193,0.10879893,0.15028584,0.8783163,0.90446115,0.83886755,0.8466222,-0.006788611529844089,0.054293863,0.39620330929756165
exact-r2__46efe225dec2d1e5429fa9bf2a6c0d66fc5cb87e__吐司菇__v450__bubble__2ba3618b__c0.mp4,0.8510919,0.09761281,0.29471856,0.090303935,0.09298486,-0.03479911068918206,0.264329,0.51703674,0.4499895,0.65148443,0.4499895,0.46108183,-0.024293653843666753,0.16405734,0.2755456566810608,0.13304947316646576,0.6883485,0.34348685,0.47669905,0.25552016,0.29252824,-0.02187720562511754,0.1996364,0.25053942,0.72553515,0.7845338,0.72121465,0.7265694,-0.009439326204330092,0.07209386,0.1495530903339386
exact-r1__53600e19bd030f125b130556b2ab1372a845cf17__吐司菇__v521__coffee__aa14839c__c0.mp4,0.8339469,0.4039436,0.49436325,0.12029291,0.16414021,-0.03204730384257944,0.28937358,0.45293063,0.76606405,0.7861496,0.5195121,0.61005634,-0.013042381865233784,0.13868488,0.29706186056137085,0.11748772114515305,0.29107875,0.8121975,0.80468553,0.6633059,0.6933139,-0.007958410933554892,0.084199116,0.16071475,0.8988843,0.90363735,0.816574,0.84186727,-0.004585915992382487,0.04797074,0.3503762185573578
generic__b5751664c907d7f8d89a1aa58474e961773ea73a__粽子菇__v722__crown__72c9a4ea__c0.mp4,0.77133656,0.36338484,0.5908884,0.19115755,0.20848379,-0.028195254534129577,0.2700666,0.23870444,0.82005394,0.87047625,0.73199487,0.7414281,-0.006972085463670862,0.07680689,0.14555585384368896,0.06586934626102448,0.27983117,0.7730344,0.8347505,0.68358207,0.6978733,-0.007756247527514523,0.08521486,0.10894531,0.9151784,0.9363456,0.8727856,0.880694,-0.002919374365109229,0.033420213,0.4584612548351288
base-props__ab46352316dd303e2692bf4e35d24794f50ca8f1__吐司菇__v684__scooter__10c24871__c0.mp4,0.72358125,0.58852553,0.57658184,0.26471424,0.32061866,-0.02709412910485928,0.25889632,0.24310762,0.85792625,0.8527412,0.74335974,0.7764881,-0.008925016159596656,0.083318114,0.15611833333969116,0.08393200486898422,0.18233496,0.8790488,0.87502164,0.8060741,0.8234542,-0.006215949833628682,0.05702347,0.09342158,0.93610144,0.93667334,0.8994781,0.90974855,-0.0033828095485099407,0.0297656,0.560004472732544
exact-r1__16597e08fbe04aa1b1563b4418564d5f7378092e__蘑菇力__v144__glasses__5def49b2__c0.mp4,0.85192585,0.0946719,0.31972164,0.08502571,0.09041274,-0.03410899790055432,0.2582407,0.47546786,0.49370915,0.66018766,0.490314,0.49537012,-0.02260402386838739,0.16074678,0.31188827753067017,0.19047804176807404,0.30339265,0.6648484,0.76413405,0.63918805,0.6514081,-0.01342372295884746,0.09359119,0.21417129,0.77278066,0.85066557,0.7610134,0.76464164,-0.010314362499082536,0.07220739,0.4270252585411072
exact-r2__c56f18183843ecc10f4a0c80a71cf74a3281b10f__汉堡菇__v1230__glasses__aa624b16__c0.mp4,0.30412507,0.16384025,0.27468985,0.13887553,0.15129821,-0.016856526565763794,0.17988698,0.19169784,0.6119197,0.6597406,0.5512868,0.596499,-0.00789734844869306,0.09298128,0.2528393864631653,0.1905261129140854,0.14758795,0.7179369,0.7602243,0.68360853,0.7037328,-0.005223926583768826,0.055867873,0.10721862,0.82753867,0.85026675,0.7997157,0.80972266,-0.00430924436556021,0.04138079,0.4545589089393616
exact-r1__c623c242446d6fd4f71cfb5843407de981af5e77__汉堡菇__v1237__glasses__082e1f5e__c0.mp4,0.53665936,0.6105689,0.6892544,0.44612053,0.5168713,-0.014430794349536613,0.15569967,0.12421584,0.88401854,0.9131631,0.8622643,0.8733771,-0.0038557745840238637,0.037259746,0.06699323654174805,0.04001964256167412,0.21656191,0.7913116,0.8559895,0.7664021,0.7860262,-0.006585691462863586,0.060287658,0.06333345,0.93717396,0.9531829,0.92903966,0.93228084,-0.0018939771671069132,0.01789513,0.4225642681121826
exact-r2__55da22abe11d7537f6c455032f1fb4e7bbd78acf__汉堡菇__v547__scooter__b9c909ae__c0.mp4,0.77295923,0.17779621,0.51953197,0.17179176,0.17675145,-0.043291362760802046,0.29532832,0.4216718,0.5606797,0.78481203,0.55544865,0.55965006,-0.022531320867331155,0.15458114,0.2540159225463867,0.11303117126226425,0.25950706,0.7051246,0.8164732,0.68990636,0.70143074,-0.013210157631885398,0.08964625,0.18136054,0.8146956,0.89784306,0.79977745,0.8113583,-0.008936556902798728,0.060670175,0.40996116399765015
base-noprop__db8692607b532a06def0a9c28e842cfc4dbca1b5__爆炸菇（爆炸前）__v0__619b605f__c0.mp4,0.7916888,0.7992948,0.51436585,0.20070437,0.21457376,0.0168587248404271,0.23442435,0.34284377,0.9152147,0.80205625,0.65067697,0.6590444,0.007018209446089067,0.10024135,0.2107861042022705,0.1110207736492157,0.22472656,0.87928635,0.8429513,0.7676666,0.776064,0.0019160907848079253,0.04942408,0.13462889,0.9466015,0.91307706,0.8612658,0.861958,0.0019993430423171053,0.034491852,0.5563755035400391
exact-r2__d8ebb40a2bf7371ffc294d56cd2cf23f8c8e7ae7__炸虾菇__v1354__flag__e2ba55a4__c0.mp4,0.7818531,0.21605529,0.4288295,0.21188979,0.2166805,-0.03076470391493541,0.25652185,0.3217141,0.68973434,0.77455026,0.6724318,0.68376845,-0.013107255631284762,0.10084026,0.19380104541778564,0.12383013218641281,0.2524408,0.7521845,0.81178755,0.74130213,0.74696535,-0.0094924876576827,0.074643485,0.14086777,0.8670531,0.89838046,0.85551083,0.8628691,-0.005537696918951196,0.04236786,0.42866280674934387
base-noprop__b362aa39df3475305cfa9e011880de6337fbfc66__爆炸菇（爆炸前）__v0__bdbf3b4f__c0.mp4,0.3168248,0.92886996,0.85973024,0.6520066,0.6986157,-0.0048277023517096125,0.09720943,0.10246873,0.96974146,0.9446765,0.88376033,0.89570034,-0.0017411334241331784,0.03273619,0.057370781898498535,0.019038913771510124,0.10775542,0.94195354,0.9147644,0.86438227,0.87271595,-0.0017679308360744575,0.034480628,0.047706366,0.975134,0.96371543,0.9409286,0.9444069,-0.0008355177084919034,0.014982006,0.5985444784164429
exact-r1__ce89e39196c51aba08cf41d6463ef9d5a4b7cd6d__蘑菇力__v1285__bubble__7e9b6253__c0.mp4,0.5702586,0.62146735,0.64463186,0.3750005,0.3916406,-0.022067563865966946,0.17753176,0.17298204,0.8917687,0.8854075,0.799582,0.82083005,-0.005626973780718714,0.047909074,0.0546112060546875,0.03297385573387146,0.38784266,0.81417704,0.7964793,0.56007767,0.64487416,-0.009576962399388498,0.09842252,0.13316786,0.93919563,0.9183816,0.84757864,0.8615061,-0.003952509800907185,0.03881229,0.15007737278938293
exact-r1__b4dda76fcb4d5ce0a269d5bda4ab6bd412c2999d__粽子菇__v1117__bubble__f1b925ce__c0.mp4,0.8531732,0.112547755,0.485159,0.112547755,0.14565128,-0.046690572156265306,0.32181767,0.57638973,0.40459222,0.7694554,0.40459222,0.46289772,-0.026830566023649458,0.18478113,0.34655076265335083,0.10708469897508621,0.7218814,0.59088475,0.67630863,0.2463773,0.32350668,-0.030715883072657064,0.24811868,0.2363149,0.751143,0.8765401,0.751143,0.7694265,-0.012519586463219573,0.0855343,0.1864357590675354
exact-r1__1ecebc7f54d7e71e18d80da4cf31f84e2352d630__毒蘑菇__v191__coffee__2aa01e1c__c0.mp4,0.90463334,0.11585508,0.35541198,0.06098052,0.10221167,-0.03539172136648137,0.25808764,0.5410934,0.5431555,0.70040643,0.44056326,0.5127758,-0.02168320272515416,0.1598509,0.3452911972999573,0.16608336567878723,0.4876401,0.6976625,0.7382213,0.4803675,0.58199394,-0.012234265242405108,0.11133646,0.23163903,0.835791,0.8664898,0.7541572,0.79135394,-0.007055854903379433,0.058606986,0.19805482029914856
exact-r1__91bc629c078edf731cebd1b7daf8cf84bcd0876c__爆炸菇（爆炸前）__v904__flag__c3df8e13__c0.mp4,0.5397017,0.47761005,0.583083,0.4411964,0.44315743,-0.021180604669180782,0.17693968,0.20094019,0.81834805,0.8469094,0.7874191,0.7965387,-0.007291011600626337,0.060579438,0.07466673851013184,0.04816138371825218,0.3311404,0.7054125,0.74989426,0.65064657,0.66981936,-0.011239263203304282,0.10302071,0.1290018,0.8746497,0.89507085,0.8620858,0.86459714,-0.004990366725582391,0.042008266,0.3543044328689575
exact-r1__f1498f3a3c3245f137f45ef7171fbad768a30f29__爆炸菇（爆炸前）__v1519__scooter__e1358b4e__c0.mp4,0.92587686,0.07233821,0.4058473,0.06881808,0.07128026,-0.048971691908749185,0.34863025,0.6815135,0.3145805,0.6476817,0.3145805,0.32091346,-0.03837109778238379,0.26372424,0.5061644911766052,0.2513090968132019,0.32797724,0.68842983,0.8090212,0.66671777,0.68882865,-0.0141535030876695,0.09595603,0.18606448,0.820745,0.89899087,0.8101516,0.8208177,-0.009275907230942633,0.06292596,0.4840671718120575
exact-r1__037c5682bf3ce681096350171ef6542110f90174__粽子菇__v23__coffee__0407dc1e__c0.mp4,0.8357477,0.25987974,0.55188566,0.15749404,0.21475221,-0.04615326007835479,0.3466639,0.22732311,0.8037102,0.8757316,0.76675874,0.79507035,-0.011397060905049427,0.085280925,0.13128429651260376,0.06754045933485031,0.26589113,0.8006791,0.8559059,0.7273508,0.7703365,-0.011305520774818684,0.086915776,0.09734774,0.9185601,0.9432721,0.89804304,0.9125168,-0.0044317564120876915,0.03318989,0.4359704852104187
base-noprop__55b63d472e9f15d5bcd1f672b7144ce1726da2f2__汉堡菇__v0__f3eb98fe__c0.mp4,0.42580903,0.47869265,0.6495138,0.47869265,0.53092843,-0.01944068698543805,0.13937114,0.17012388,0.7950965,0.8633251,0.78189063,0.8117254,-0.007544002514111681,0.052549217,0.11443030834197998,0.06816978752613068,0.10972661,0.8321152,0.86851436,0.8158083,0.84489876,-0.003518884007638627,0.030541213,0.066776395,0.90551436,0.9314948,0.89632094,0.9144758,-0.002532923763448545,0.018631892,0.5542181134223938
base-noprop__3ab5e095ea7925663c71572cdf310f6c6d4c208d__粽子菇__v0__d2b285ff__c0.mp4,0.73451537,0.22059663,0.5638232,0.21444486,0.24293724,-0.017142856721821514,0.29127964,0.33871436,0.659016,0.7994474,0.6325753,0.6387837,-0.006580946709327554,0.13345395,0.2446739673614502,0.11304324865341187,0.19023931,0.7603461,0.8430171,0.7602774,0.7675395,-0.005137536718911343,0.06099788,0.120943666,0.8550767,0.9124906,0.8550767,0.8629473,-0.0032870430837978128,0.03913536,0.3460872769355774
base-noprop__28a40bdc8031c3ded5a744a31c764d0180862532__汉堡菇__v0__aad8abb6__c0.mp4,0.7379027,0.36694586,0.41870782,0.23283125,0.25569707,-0.013147993904093049,0.20331506,0.28570014,0.7754819,0.7812638,0.6981608,0.70286584,-0.004356181256384701,0.07862502,0.18065625429153442,0.1252358853816986,0.19029951,0.7962614,0.8223186,0.78043437,0.78176165,-0.005436347642906095,0.051733416,0.110550284,0.8995546,0.9064997,0.87482405,0.88105243,-0.00248954559974521,0.028906109,0.49227213859558105
base-props__b166561176afda3a52cc9957753e6b2a097c6778__粽子菇__v708__flag__6c9c8153__c0.mp4,0.42192996,0.6738354,0.7243943,0.5524018,0.63322496,-0.009894673355483255,0.096381806,0.12524688,0.87061316,0.8945404,0.85900474,0.86765933,-0.004056001310291983,0.03389214,0.059940993785858154,0.043748315423727036,0.17223692,0.8299159,0.84253097,0.8020947,0.8113452,-0.004258011876358827,0.039701357,0.06938189,0.9301199,0.93828875,0.91890347,0.92678374,-0.001770236157617073,0.016162798,0.5088012218475342
base-noprop__e245e3cfc41c9b8a7f3e19965bae1bd8876cb0b0__炸虾菇__v0__90094473__c0.mp4,0.25816345,0.9724973,0.86858284,0.71806777,0.7586056,-0.0051597448676942255,0.08111837,0.06058395,0.98066753,0.9480684,0.91820836,0.92272717,-0.0011539572901405558,0.021537421,0.03574550151824951,0.02088134177029133,0.11231673,0.97272944,0.91827184,0.8639145,0.8753265,-0.0022920753527064432,0.037165742,0.03484261,0.9869918,0.9689498,0.95395386,0.95432055,-0.0007262119191437533,0.012245867,0.5600737929344177
exact-r1__b5d14e764b870261aa66c7becd1030cb7dd3aff1__炸虾菇__v1127__bubble__35558177__c0.mp4,0.71701807,0.90205216,0.7324969,0.27551514,0.37392724,-0.0015771613997433017,0.22179022,0.12824398,0.9623083,0.91863996,0.86021584,0.86620724,-0.001052598119253219,0.042771764,0.03628981113433838,0.02235480025410652,0.50188774,0.9342033,0.8311988,0.49136466,0.5977402,-0.001034079215272154,0.13898425,0.10789257,0.9755315,0.9409946,0.88766545,0.8951228,-0.0007438716798902979,0.034324706,0.23126950860023499
exact-r2__3296e3025fe5db65ce1e18e8abd3114afdfdc5da__爆炸菇（爆炸后）__v335__coffee__0714808a__c0.mp4,0.85298705,0.29950815,0.5504182,0.14061761,0.3184254,-0.024765408321802816,0.19200394,0.2844919,0.7664747,0.8572177,0.7116538,0.782375,-0.007827472368719094,0.06127261,0.18454653024673462,0.08173485100269318,0.2032274,0.8279683,0.8719246,0.79037726,0.8044816,-0.0065961148545675965,0.049574863,0.10087347,0.9166369,0.9389525,0.89527225,0.8982707,-0.00364827467754425,0.02666314,0.23122501373291016
base-props__13eda229e23f72de63829ca2a162c20a3b56bf44__吐司菇__v72__bubble__b7a22711__c0.mp4,0.7056402,0.40157515,0.66319823,0.23201698,0.28905475,-0.034855876338811737,0.24398258,0.20348078,0.8225068,0.88894767,0.7661487,0.79094017,-0.009646019092190414,0.06731135,0.13490307331085205,0.05590038746595383,0.16685188,0.79698086,0.87433356,0.7713829,0.7899958,-0.007830972963642232,0.054607917,0.08124226,0.9055824,0.9448481,0.8969375,0.90212125,-0.0037323156953329175,0.025867146,0.5765087604522705
base-noprop__16fe9365e7037fa8c4a99e77960da17eca362165__炸虾菇__v0__1e3c4480__c0.mp4,0.2619455,0.95643663,0.8942362,0.717129,0.7274961,-0.0038137868812432923,0.08757457,0.073818624,0.9686694,0.9506199,0.9059984,0.9079782,-0.0009759540849994795,0.023539431,0.05173850059509277,0.02333999238908291,0.097589254,0.9604074,0.93849856,0.88156426,0.8908582,-0.0008804595517546853,0.02693479,0.03274679,0.98172873,0.97395986,0.9557306,0.95796573,-0.0003913526125105192,0.009371365,0.5891473293304443
exact-r2__5374332efc1c0d8835fbbff686d292f356e467e9__吐司菇__v522__coffee__2f4946ce__c0.mp4,0.5337878,0.17898723,0.33743787,0.1293775,0.14743783,-0.026559493846808502,0.20834239,0.32622457,0.683077,0.73422396,0.5543016,0.6203145,-0.01365023639362321,0.1079578,0.2893803119659424,0.15924577414989471,0.18376821,0.7517112,0.78514105,0.6949288,0.7086836,-0.008398584874251158,0.06273088,0.102965236,0.8614379,0.89346975,0.84368193,0.8517357,-0.005137062002076449,0.038244616,0.21133780479431152
exact-r2__05e26f5e60986d81eb27d3bff555fb6e8b76fd97__粽子菇__v37__coffee__5e8d49dc__c0.mp4,0.8642915,0.14326538,0.4489725,0.1102522,0.11701678,-0.049595327922713615,0.37022826,0.32092708,0.6653362,0.8155442,0.6653362,0.6817691,-0.017906784834597924,0.12380871,0.14570492506027222,0.07559193670749664,0.46755958,0.5287329,0.7048569,0.506984,0.5231014,-0.025261271553548445,0.17865519,0.17729318,0.8110411,0.89113635,0.8110411,0.81437033,-0.00995939675527127,0.06860404,0.18245726823806763
exact-r1__5a2b80d25bdac954a2b5eea6b09fb441b660473c__炸虾菇__v572__coffee__c14202ca__c0.mp4,0.5558037,0.7078967,0.6790596,0.4351477,0.4568112,-0.01760966475066459,0.15680252,0.152076,0.9170494,0.9121151,0.843238,0.84700114,-0.004993199948736816,0.04392747,0.06174302101135254,0.03384488448500633,0.2555437,0.8485135,0.83820456,0.7354077,0.7563766,-0.006182399074079515,0.06108812,0.09408885,0.9557625,0.9459599,0.90122527,0.9086636,-0.00265378231116435,0.025555806,0.21404123306274414
base-noprop__e245e3cfc41c9b8a7f3e19965bae1bd8876cb0b0__爆炸菇（爆炸前）__v0__40be3b2c__c0.mp4,0.5633777,0.42947745,0.6541382,0.4293167,0.43136317,-0.02252413494431454,0.19949195,0.1300937,0.865651,0.90578395,0.8649683,0.8655162,-0.005110587586056106,0.04230857,0.07126712799072266,0.04734155535697937,0.16643596,0.84323484,0.8845598,0.8262584,0.8295708,-0.005994100285613019,0.048847184,0.06320578,0.93638235,0.9531256,0.9318562,0.9343625,-0.00231133949144085,0.018518219,0.6157700419425964
exact-r1__c2e9ae96e46e8d80f334d387a13cdcd4b79f15cd__爆炸菇（爆炸前）__v1218__coffee__09c07fe3__c0.mp4,0.7852764,0.28676546,0.59913826,0.14835238,0.17352113,-0.03574046198087249,0.28391832,0.3509251,0.7291502,0.83904153,0.61700606,0.6454223,-0.014826709456123396,0.11975123,0.22149401903152466,0.08234094828367233,0.30176532,0.69960964,0.83413786,0.6457391,0.6913656,-0.013075981510015353,0.10218791,0.14371264,0.8640582,0.9213824,0.83061635,0.85710776,-0.00591130089382883,0.045710735,0.23006297647953033
exact-r1__48172f0dfe98550b41a163b5c11c78aa0d297fd9__粽子菇__v459__scooter__53010f1f__c0.mp4,0.72765654,0.11154574,0.22957249,0.079084314,0.09097495,-0.01903657981087804,0.1862723,0.4457491,0.5204314,0.5899872,0.4698016,0.47537926,-0.014708993404279122,0.1306645,0.3909969925880432,0.27423033118247986,0.17057931,0.740814,0.7778326,0.7219298,0.73931307,-0.005981960492171794,0.046151403,0.1278888,0.8359432,0.8642176,0.82598424,0.8297002,-0.00515821252180182,0.038752858,0.5300490856170654
base-noprop__0eaa401fc0b89ae5782586ac9dd79898a8983222__汉堡菇__v0__9c680cc7__c0.mp4,0.0857839,0.97430694,0.947982,0.9073296,0.9139193,0.0010927526258197348,0.0254101,0.032334805,0.98272157,0.97358996,0.9605421,0.96088105,0.0002245539026297997,0.009892343,0.01443934440612793,0.007495393045246601,0.06231129,0.97600865,0.9561623,0.93080217,0.9340653,0.000676726517469975,0.018303633,0.021496415,0.986967,0.9810853,0.9737333,0.9741246,2.8600511343589284e-05,0.005788433,0.7147263288497925
base-noprop__7980439f022908b0edafecd558418e07616aeaf7__汉堡菇__v0__0ee32b99__c0.mp4,0.7673969,0.27194256,0.5698104,0.22548774,0.27287754,-0.03536440935648479,0.26297763,0.33828872,0.65609795,0.8341096,0.65609795,0.67344975,-0.015334039396448113,0.1106139,0.21653646230697632,0.09832421690225601,0.27362716,0.766119,0.86495924,0.7192576,0.7672374,-0.010226620103530717,0.074687414,0.12341511,0.8726344,0.9324339,0.87221605,0.8740912,-0.005309484162820633,0.037833076,0.5513973832130432
exact-r1__2542b9c5635f6f39a49c3380e72384f78fd1c0d8__炸虾菇__v238__eyemask__d9177803__c0.mp4,0.6054421,0.4908719,0.6803371,0.39108747,0.45375463,-0.030367258509157224,0.22008619,0.14435667,0.86087525,0.9240568,0.85331243,0.8630114,-0.006898351160905134,0.048954096,0.084727942943573,0.04157775267958641,0.20090044,0.8013797,0.8765414,0.795629,0.81074166,-0.009939531387076551,0.07384362,0.061353087,0.94414485,0.9656347,0.93638444,0.9445216,-0.0027355358534650966,0.019581383,0.2874109148979187
exact-r1__747d3ed757b17ee3ce426d2b1db8de235748f40c__爆炸菇（爆炸前）__v732__eyemask__9058c319__c0.mp4,0.5016327,0.48910153,0.7328608,0.48910153,0.54693335,-0.02110028213898656,0.14765804,0.13867104,0.8564345,0.9194928,0.85563445,0.86464345,-0.0056120345126027755,0.040057864,0.06856364011764526,0.035128913819789886,0.18264687,0.80808735,0.8737392,0.80808735,0.8223773,-0.006663916787139981,0.049232263,0.07173455,0.92499816,0.9546217,0.92257094,0.9329842,-0.0024342203564323432,0.017705465,0.30124467611312866
base-props__abd3eebc0d8afd79024fb49f40a8b92321223c19__汉堡菇__v686__eyemask__ac9a2e26__c0.mp4,0.5002645,0.59646326,0.7422598,0.48983774,0.56154066,-0.013418061990040565,0.1480702,0.15600067,0.85147655,0.899556,0.8339009,0.8462293,-0.004372984877688146,0.04406031,0.10499292612075806,0.04705040529370308,0.14316809,0.8709666,0.8937933,0.8469341,0.85149336,-0.004039692489997202,0.036289457,0.06968337,0.9288422,0.94660646,0.92347085,0.92717427,-0.0023020116001249923,0.01888417,0.5012178421020508
exact-r1__f4dcc4ddd6ed29902730ed3dd92d434381273e1b__蘑菇力__v1544__eyemask__69342e96__c0.mp4,0.7683794,0.23632883,0.48531786,0.22566575,0.236873,-0.03693984794934748,0.26874182,0.31118053,0.6862539,0.811223,0.68587744,0.6866614,-0.01545709660166337,0.106721155,0.18432778120040894,0.10747610032558441,0.28257543,0.7322947,0.81562704,0.7114697,0.7165528,-0.012723154642365191,0.09200099,0.13327318,0.8705817,0.9186991,0.8637848,0.86676216,-0.006126511415002836,0.042645432,0.26461902260780334
base-noprop__27feb807011584368c25fbbf65625d279657f562__蘑菇力__v0__f6483797__c0.mp4,0.3400203,0.79630923,0.79793906,0.61581266,0.7061195,-0.00873897151042353,0.07870708,0.1390611,0.89595914,0.9057497,0.8361044,0.86318743,-0.00436177431594713,0.034948535,0.06365567445755005,0.03012371063232422,0.15178227,0.8604505,0.8722422,0.8115668,0.83573216,-0.004103953305911646,0.035955172,0.083200276,0.9271941,0.9358734,0.89976007,0.9138086,-0.002738401588243913,0.021776276,0.4926311671733856
exact-r1__06c6d021fcbe5dc10a2370f9e8a54eb80625959d__爆炸菇（爆炸前）__v43__crown__46f796dd__c0.mp4,0.8711026,0.11187866,0.36468536,0.10462454,0.10939654,-0.04331616574360919,0.3347186,0.53866315,0.47569466,0.66049445,0.44446084,0.45599735,-0.029243965128900512,0.21336186,0.2513841986656189,0.1470605432987213,0.6790836,0.34388867,0.6046342,0.2966435,0.32423866,-0.03730450016943363,0.27008036,0.33768559,0.68362105,0.807555,0.6496928,0.66960454,-0.018053360607313083,0.13137802,0.20930194854736328
base-props__31b74b126f6fafc4629493be8201689f500ebf47__爆炸菇（爆炸后）__v174__glasses__c872a838__c0.mp4,0.43572506,0.6869786,0.37648314,0.18423381,0.2035254,-0.000723986036103715,0.14897002,0.29319113,0.8683082,0.6920714,0.56188715,0.58536536,-0.001550769205149923,0.09978925,0.24901890754699707,0.1721755862236023,0.24717844,0.8695034,0.7303789,0.62882197,0.64034766,0.00021974012078975445,0.07634746,0.13487405,0.9350694,0.86424696,0.79977584,0.82344604,-0.00020736291003321008,0.037512135,0.3512576222419739
base-noprop__0eaa401fc0b89ae5782586ac9dd79898a8983222__粽子菇__v0__f095b3f4__c0.mp4,0.4423139,0.97556543,0.87121195,0.54854727,0.65412307,0.0009614593780087756,0.13477376,0.11375803,0.9857647,0.95585805,0.8806004,0.89644355,-7.968292877275363e-07,0.036493376,0.06840288639068604,0.017831455916166306,0.112989485,0.9755653,0.9402324,0.87787163,0.8864676,-0.0005870907909785657,0.03950275,0.046656787,0.9861464,0.97368944,0.94785124,0.95408946,-0.0002861343353633618,0.015071273,0.7055840492248535
exact-r1__481d9ee16b0383918a4b3e6293cda09b3f1d61b8__爆炸菇（爆炸后）__v460__glasses__217712af__c0.mp4,0.9263433,0.06593676,0.21050783,0.055593595,0.066551335,-0.025722064475414783,0.24805982,0.6497003,0.33973292,0.5139843,0.33973292,0.36653838,-0.02291583844088755,0.18139872,0.38371825218200684,0.25735199451446533,0.46945763,0.52889705,0.6526415,0.5124794,0.5243251,-0.0184165075598027,0.13032606,0.32850283,0.6719428,0.77133644,0.6616922,0.67491806,-0.014008165348188677,0.097663775,0.3034110367298126
exact-r2__08bc0b380cf865761826977b4c950791f2b66856__爆炸菇（爆炸前）__v52__crown__f7b25bfe__c0.mp4,0.828544,0.15991238,0.3026024,0.097717315,0.11241704,-0.0300155946535791,0.27163434,0.50617194,0.62775695,0.6862415,0.47312865,0.48656148,-0.01685497585846032,0.14853749,0.23544275760650635,0.1261010617017746,0.5818337,0.3534672,0.5918303,0.349719,0.35271907,-0.027364689518104886,0.193829,0.31494975,0.7454031,0.8123426,0.66528213,0.70282596,-0.01145447602149526,0.090089686,0.21732640266418457
base-noprop__16fe9365e7037fa8c4a99e77960da17eca362165__爆炸菇（爆炸后）__v0__640054da__c0.mp4,0.11604351,0.972744,0.92773587,0.871814,0.90036356,-0.00031134509757573035,0.031314485,0.045160115,0.98221827,0.9581509,0.944138,0.94538295,-2.1846692552694948e-05,0.013513419,0.020888864994049072,0.013647152110934258,0.093013525,0.972744,0.9374344,0.8948441,0.9079795,-0.00021290631869094208,0.025004055,0.03075111,0.982853,0.9717981,0.9597938,0.96514976,-0.00020005745378877979,0.0077529647,0.3647195100784302
exact-r1__06fa761f552f4726608d396cd74b9485f90f0510__爆炸菇（爆炸前）__v44__crown__bb179f3c__c0.mp4,0.8560611,0.12738214,0.34046474,0.12204935,0.12538786,-0.031279501869626664,0.23667121,0.570791,0.41950455,0.6658023,0.41783985,0.41900307,-0.030167086499010634,0.21723273,0.28093191981315613,0.1531541496515274,0.56025124,0.43696383,0.6386989,0.41838238,0.43108848,-0.026323260260900493,0.19066122,0.31735116,0.6929016,0.8189564,0.6731775,0.6911997,-0.015739811797858244,0.11433299,0.3099956512451172
base-props__5626b130f196987d62f6d0c5c5db38f271c3a918__蘑菇力__v324__eyemask__8aa782fc__c0.mp4,0.76817095,0.18901065,0.2436841,0.13838467,0.14529178,-0.0160821855009309,0.17896083,0.37741578,0.6144136,0.65578634,0.5664966,0.57949203,-0.01021584155766861,0.08981793,0.24985378980636597,0.1953217089176178,0.21852922,0.7269309,0.7570383,0.70398754,0.71819854,-0.005594631134285767,0.050692905,0.1432234,0.826268,0.85110795,0.8163504,0.8235097,-0.004254997424457396,0.03436832,0.44021081924438477
base-noprop__570ddf635a3d56fb1f5c3aa1b95e854782191387__爆炸菇（爆炸前）__v0__bc5ddf67__c0.mp4,0.4753313,0.9084844,0.8073784,0.45782107,0.53691363,-0.003197951632526086,0.16162412,0.15923381,0.9500339,0.92322886,0.80945694,0.83687556,-0.00040039602711266695,0.048533324,0.10272610187530518,0.037005506455898285,0.13353175,0.92223597,0.9077431,0.8102199,0.83326817,-0.0001524638517100873,0.041548055,0.066844106,0.96784693,0.96023446,0.91218305,0.9242034,-0.00022840140600920755,0.019517755,0.5696061253547668
generic__567f0abcb0cf6a5bcee6cad1571c9b7164cd9790__蘑菇力__v327__eyemask__70ecb658__c0.mp4,0.47464848,0.51274526,0.67220736,0.51274526,0.52232045,-0.02277246194159091,0.17056927,0.13379091,0.86286926,0.8954574,0.85789657,0.8628739,-0.005802448205797102,0.045688972,0.08281087875366211,0.05896540358662605,0.139839,0.88245153,0.8946932,0.8475547,0.8593143,-0.004818637439384766,0.04145753,0.055006146,0.94568014,0.95442283,0.93684196,0.94136864,-0.002028716764902408,0.016605888,0.6121337413787842
base-noprop__b362aa39df3475305cfa9e011880de6337fbfc66__炸虾菇__v0__c359489c__c0.mp4,0.2603678,0.91459095,0.8676851,0.71824586,0.78797543,-0.0010666363088509716,0.06979495,0.07135433,0.9573507,0.9466391,0.910986,0.91769296,-0.0004935317006506933,0.021161463,0.04015737771987915,0.018243027850985527,0.14284158,0.9229883,0.9081581,0.83577204,0.8686818,-0.001416091214526785,0.035391185,0.04529518,0.9703084,0.96488225,0.94322395,0.95166713,-0.0004965795476446171,0.011954003,0.5882409811019897
generic__1a5e9e21aa5ab5837e37e1d632efa039b57aab7f__蘑菇力__v94__coffee__9813a98c__c0.mp4,0.057036817,0.94438505,0.9386563,0.91296506,0.92136717,-0.0008811623211434834,0.015662286,0.03118807,0.9720322,0.96743244,0.9512921,0.957015,-0.0005562006249258348,0.008386862,0.013589799404144287,0.004922384861856699,0.05527413,0.9460331,0.9425615,0.9147277,0.9277512,-0.0010482859116769116,0.013792068,0.026316464,0.9756485,0.97235465,0.9589787,0.9644232,-0.00045965888754654786,0.0066730636,0.6200231313705444
exact-r1__b856a1d79624bd047e5d93374c319a973d73e62e__蘑菇力__v1149__crown__12fea823__c0.mp4,0.7408885,0.24014859,0.40671867,0.15515466,0.20085457,-0.030412589240333313,0.23813684,0.43744612,0.6662339,0.7411584,0.5151564,0.6039102,-0.015566639219348146,0.12752557,0.1784800887107849,0.10545391589403152,0.47912842,0.46903104,0.668466,0.42321163,0.43085167,-0.02611241451365202,0.1895411,0.27200776,0.78215784,0.84661245,0.6872938,0.7556439,-0.010135314445721761,0.07922674,0.2533363401889801
base-props__961bd0e7dc5dec1e77f826ad3f88dc97e2021663__汉堡菇__v606__glasses__ec6f851a__c0.mp4,0.11128676,0.89468545,0.9315258,0.8755976,0.89076006,-0.005563055868205342,0.040026456,0.04201168,0.9539373,0.96957994,0.9525597,0.95302933,-0.0022483047524930956,0.016127177,0.01637786626815796,0.007732020691037178,0.06853944,0.92280424,0.94573677,0.91834503,0.9201248,-0.003617293808771207,0.026915284,0.026468933,0.9688672,0.9773119,0.96810246,0.9686034,-0.0012987274308449597,0.009402798,0.5666740536689758
base-props__5b25b451ba447539ebbed136a0d3bcf3025f8863__爆炸菇（爆炸前）__v346__bubble__c741a081__c0.mp4,0.36206698,0.8945408,0.86652297,0.62894976,0.77866036,-0.003567403660932557,0.07551531,0.08655667,0.9557532,0.9467089,0.9022677,0.91999465,-0.0007270967418497252,0.01835861,0.0510520339012146,0.020195230841636658,0.12405145,0.9103225,0.90985143,0.8669654,0.87078106,-0.0019912368695255375,0.027152574,0.041893363,0.96648717,0.9669041,0.9525515,0.9560829,-0.000732692039531204,0.008722958,0.49198639392852783
exact-r2__4b73dcb962cbfd0a121d5292b514c93b57ca1509__毒蘑菇__v481__eyemask__9dd97bcd__c0.mp4,0.5751722,0.46846646,0.7132831,0.4106506,0.42072478,-0.02983612399327424,0.21663004,0.1529687,0.85388875,0.9121028,0.8349222,0.8415102,-0.007457959911097662,0.053478103,0.09911584854125977,0.046761687844991684,0.13573325,0.8782996,0.9036551,0.8500898,0.8598609,-0.005558781767551142,0.041939713,0.05860442,0.948264,0.95886445,0.9324353,0.9346286,-0.0024752348308035646,0.018577263,0.30259913206100464
exact-r1__b6387d6187a3435f57004a2d043d191ad76a9ced__炸虾菇__v1130__bubble__3f98ead1__c0.mp4,0.7405169,0.46881595,0.66402465,0.23795983,0.36059922,-0.027635202724707462,0.23608327,0.21130705,0.8072615,0.87839997,0.7729368,0.781558,-0.008905488276198928,0.065454505,0.0973101258277893,0.0343121774494648,0.5175775,0.825227,0.83491117,0.46172976,0.73205376,-0.00836793271449244,0.11251405,0.13479936,0.9002397,0.9127121,0.85420686,0.8640496,-0.00497376465279124,0.04229963,0.19433069229125977
generic__7477a8f5fd3a13dfd6406e169f1243b5549b5cc2__炸虾菇__v452__bubble__e02ebc45__c0.mp4,0.15351653,0.9605032,0.94728106,0.8342108,0.8965569,-0.0026682240100717376,0.0404158,0.06413722,0.9782279,0.9703952,0.9261522,0.94133735,-0.0013231691635644388,0.02018261,0.039939284324645996,0.01166892796754837,0.07401234,0.9611052,0.9568816,0.913715,0.9182943,-0.0019712603021516235,0.023751944,0.027940154,0.9845003,0.9820642,0.9655851,0.96736944,-0.0007075756317070749,0.008812729,0.7493168115615845
exact-r1__b9a30f48e83d3a6f856772d9db5ce9ffdbec4263__蘑菇力__v1156__crown__cbeb6f3f__c0.mp4,0.25370538,0.83332944,0.86214525,0.7136905,0.7894414,-0.007392042298090787,0.06614635,0.08409566,0.9274564,0.94069225,0.894855,0.91714257,-0.002545869161960171,0.021122625,0.034839093685150146,0.014114071615040302,0.15263098,0.872658,0.88686204,0.8147649,0.8388782,-0.005285514967714844,0.043356426,0.053465188,0.94747895,0.95480615,0.9296941,0.9395474,-0.001859422964540874,0.014871141,0.4744732081890106
base-props__3ea8cf079e959693153dd04695b6f05e21f1dca3__炸虾菇__v230__flag__575a466d__c0.mp4,0.8026552,0.18555802,0.53075945,0.17628744,0.1851071,-0.05018402092718324,0.3798008,0.2636364,0.7428479,0.8434139,0.72494155,0.72974074,-0.015421882566256042,0.11806731,0.15477049350738525,0.08108027279376984,0.2827983,0.7392045,0.8429295,0.6974199,0.73933244,-0.014968712103696689,0.111931846,0.12749666,0.8746016,0.92449427,0.8637352,0.8719633,-0.007188307261278505,0.05302064,0.41649293899536133
base-props__546296f7917ec182336f629d3d0c02436cb741ca__吐司菇__v315__coffee__948b91c9__c0.mp4,0.04964304,0.93853134,0.9458576,0.9289079,0.9351685,-0.001376581109559597,0.013403713,0.025300145,0.96728945,0.9676614,0.9589952,0.96131766,-0.000490838124346818,0.0061337478,0.01891911029815674,0.011953465640544891,0.038186193,0.9435144,0.9525026,0.9403647,0.9415687,-0.0012122627067942902,0.010849392,0.014388859,0.97733605,0.97961485,0.9752161,0.97634166,-0.0004983590290009428,0.003974009,0.6637409925460815
exact-r1__55da22abe11d7537f6c455032f1fb4e7bbd78acf__汉堡菇__v547__scooter__b9c909ae__c0.mp4,0.6849225,0.17725334,0.5639711,0.1770975,0.17788868,-0.04429232155381456,0.31202218,0.39995533,0.5586067,0.79320675,0.54936,0.5563643,-0.023275950739506203,0.1644256,0.2681635618209839,0.10659661144018173,0.1867072,0.6937345,0.81224585,0.6878855,0.6939709,-0.013231486494362125,0.09272181,0.14102829,0.81532663,0.89980334,0.81532663,0.8175716,-0.008573656437896463,0.05919235,0.4746980667114258
exact-r2__ed08b2ae756811846b134fba32ac65464ff1469d__汉堡菇__v1485__bubble__44a26c4a__c0.mp4,0.7652071,0.39113033,0.59612215,0.22796804,0.2708857,-0.0357417583229985,0.24301857,0.19243443,0.83605343,0.8868185,0.80142415,0.80884963,-0.008460178676801247,0.057843592,0.07272595167160034,0.037954751402139664,0.423957,0.7195662,0.78795946,0.56921816,0.6164369,-0.018583752126561798,0.12912901,0.123579144,0.9053946,0.92477334,0.87281823,0.8745103,-0.005694006448206694,0.03958843,0.1879725158214569
generic__deb8dcc91484de67c08304d54dba061741b046a8__爆炸菇（爆炸后）__v870__scooter__b591c40c__c0.mp4,0.92463064,0.034330018,0.19922136,0.031572923,0.033320986,-0.03388573370299675,0.29968035,0.69421375,0.27832833,0.4597536,0.27832833,0.28005168,-0.03205602524780004,0.24754624,0.33149200677871704,0.23631791770458221,0.5702991,0.40835166,0.53359187,0.39017564,0.40751302,-0.023337242690470873,0.19258435,0.3791725,0.6028007,0.69607157,0.6028007,0.60486394,-0.016939354920575765,0.13627057,0.24062788486480713
exact-r1__ba251ea3d223905682930bef46247c2d3538af06__粽子菇__v1161__eyemask__c6bc1f91__c0.mp4,0.7661576,0.2217475,0.30607015,0.21513869,0.2218985,-0.017504182154599857,0.19204599,0.47880524,0.513987,0.6438646,0.5107697,0.5127644,-0.018271809097806478,0.13157143,0.25064975023269653,0.19223102927207947,0.3731113,0.6156007,0.7201652,0.60818505,0.6164802,-0.013123712638621282,0.09649682,0.23074496,0.76463675,0.8360956,0.76128566,0.76256084,-0.009467506420470988,0.06605578,0.20051048696041107
exact-r2__d36eed25472a949e97ad36dd59ce8359fe0c3013__炸虾菇__v1310__crown__87836f8d__c0.mp4,0.80593103,0.18658966,0.2499967,0.16407771,0.17363223,-0.014693528516843862,0.20029321,0.50435054,0.5579668,0.6126165,0.4720154,0.5044201,-0.009505072512881095,0.11469476,0.23711037635803223,0.19260136783123016,0.46438897,0.56916153,0.6566056,0.5072844,0.53593725,-0.012000324815629518,0.10771531,0.3383783,0.76978517,0.8052178,0.6453991,0.7042663,-0.006422362779911343,0.07393816,0.26750051975250244
exact-r1__c1f249311adad45f3c16099a7e9941c56910a7a1__爆炸菇（爆炸前）__v1208__coffee__eb648246__c0.mp4,0.8533446,0.14803238,0.35649794,0.12521763,0.13684766,-0.033085103768840614,0.25770566,0.52515435,0.4937408,0.6612652,0.45825267,0.48722866,-0.02289897480265426,0.16588126,0.3802999258041382,0.2307041585445404,0.25813073,0.7448927,0.8060407,0.7210117,0.7450435,-0.008828678385542318,0.06644655,0.15018749,0.85110223,0.8919693,0.8385526,0.85090137,-0.005754817733651555,0.041654013,0.4804430603981018
base-noprop__069c5cf6bb44592f056bdb81b4696b1569957312__毒蘑菇__v0__6fc0a54c__c0.mp4,0.50599366,0.47291952,0.64045984,0.47291952,0.49208522,-0.021311705762689776,0.16839957,0.13345116,0.8660378,0.8924982,0.84954226,0.85449684,-0.005344093788282668,0.043206062,0.10122132301330566,0.0660099983215332,0.09978688,0.88757527,0.90139616,0.8791263,0.88304186,-0.0029283756088362544,0.026864262,0.042325675,0.9524125,0.9585082,0.9474522,0.9505268,-0.0013565172555418546,0.011516686,0.5582669973373413
exact-r2__c345c8555877102cc1df8b6cecd5496eba097b0f__爆炸菇（爆炸前）__v1221__coffee__acd00226__c0.mp4,0.862569,0.6960106,0.5741024,0.1281791,0.16273819,-0.021864965042695687,0.28112793,0.30387032,0.89158976,0.8645823,0.6909399,0.75756764,-0.00628166018502985,0.0778118,0.19990122318267822,0.07818187028169632,0.21850383,0.8593587,0.86506957,0.77224433,0.7977846,-0.005516798835498065,0.05340671,0.1039691,0.94634867,0.9427643,0.8908411,0.90429944,-0.0021944043075614295,0.024849296,0.18884128332138062
base-props__07c58fa6b177896d1bf3bafc1798b4388f51e9a6__粽子菇__v33__coffee__8258b5f3__c0.mp4,0.6140197,0.5278176,0.62213296,0.31633043,0.33011347,-0.015718387196893287,0.21718077,0.28539115,0.8077994,0.83395743,0.68211484,0.6872301,-0.007013595622518803,0.097803935,0.1811201572418213,0.08043251186609268,0.19241595,0.8219298,0.8402805,0.742641,0.75763744,-0.005329236741593695,0.06395892,0.111387074,0.90198207,0.9143897,0.85861665,0.86433077,-0.0030638320526115456,0.037148796,0.5460712909698486
exact-r1__3373ae9e4de4dce88d5624681a41f79ac07484f3__爆炸菇（爆炸后）__v342__coffee__db864254__c0.mp4,0.6454158,0.8169043,0.7865244,0.33156404,0.47671065,-0.023714213002576208,0.21805288,0.15101492,0.9034955,0.92582744,0.8303827,0.8605059,-0.006933070571997423,0.054570526,0.0340999960899353,0.017106644809246063,0.47427243,0.87548655,0.85349077,0.5047599,0.66394305,-0.015187514747084352,0.14457208,0.13293433,0.92991775,0.9429341,0.8570811,0.8880105,-0.005503195371081247,0.04482236,0.15755751729011536
base-noprop__682f7d8fb59392161e4d92c0884afcd19b380053__汉堡菇__v0__64770511__c0.mp4,0.69200766,0.4805786,0.6250484,0.29371846,0.3566327,-0.026344570069916175,0.21087831,0.31070298,0.8214873,0.8484355,0.6765254,0.7438219,-0.009538002400530186,0.08074631,0.15864044427871704,0.06366381794214249,0.28955483,0.8246598,0.836064,0.69617116,0.72511464,-0.007935765114697553,0.07018411,0.16351801,0.907446,0.9120994,0.8279159,0.8542143,-0.004612367379335531,0.040684305,0.42537349462509155
exact-r2__95270fa777a6a5cb99054cf707304be40d56acb6__毒蘑菇__v928__bubble__f5d68233__c0.mp4,0.7187567,0.38974577,0.35559398,0.1947268,0.21926813,-0.014691168758944568,0.17511313,0.24267447,0.7994585,0.7923703,0.7123879,0.7155526,-0.004564365202730354,0.061818615,0.13677746057510376,0.08496318012475967,0.47574627,0.77705085,0.6560025,0.4410544,0.48634115,-0.01147857240655207,0.1438549,0.14645231,0.8939327,0.87733346,0.82881916,0.8374162,-0.003679900006814451,0.03963702,0.2140960693359375
generic__11126af44460c58b95d533978e0cf55f002fe629__炸虾菇__v66__crown__135b2c59__c0.mp4,0.84303653,0.14260224,0.31541175,0.1307553,0.13255358,-0.03302010341654184,0.26124424,0.47855943,0.51943505,0.64517915,0.5069609,0.5092505,-0.0222494074478451,0.16585025,0.34368252754211426,0.23753924667835236,0.28217816,0.7183366,0.77878076,0.6916137,0.7029715,-0.011260790904991252,0.08407999,0.14824265,0.8479699,0.88271844,0.8408811,0.8437988,-0.006193332403544845,0.045762528,0.44733619689941406
base-noprop__c884f9c5b1342e1e182de98d0015811298454d88__爆炸菇（爆炸后）__v0__4ffca5e3__c0.mp4,0.8850931,0.10871571,0.2647597,0.10416803,0.10769202,-0.03250602682087968,0.3109848,0.3526007,0.64265424,0.7085908,0.64104944,0.64235884,-0.013301741228744442,0.123941034,0.23505675792694092,0.18748675286769867,0.2521199,0.76298857,0.7962635,0.73714125,0.75331247,-0.007817376802561305,0.07805558,0.12292874,0.8761506,0.8960777,0.8716744,0.8725886,-0.0043194506008163444,0.04134819,0.3116142749786377
exact-r1__48527ae6d45c7d5a7ee96a9ad1c1ac0882d24266__爆炸菇（爆炸后）__v461__glasses__456ff117__c0.mp4,0.64246184,0.35422906,0.55603975,0.34169072,0.3479718,-0.026609802758505226,0.2110827,0.19611555,0.7992654,0.85860765,0.79563767,0.79833096,-0.007921916340650797,0.061610986,0.10597753524780273,0.07079382240772247,0.22048128,0.7722771,0.83306015,0.76367116,0.7724508,-0.007649914725967082,0.05956903,0.091353536,0.90281093,0.9294016,0.9012686,0.9026342,-0.0034993374536160054,0.026298497,0.5475934743881226
exact-r2__11f34e08a6906e27e7c06d8e53c0abd8b0e6a511__蘑菇力__v105__coffee__81ed7854__c0.mp4,0.86808777,0.22890502,0.5009182,0.12539977,0.1387071,-0.024329442810635347,0.24817626,0.46032548,0.7174443,0.801249,0.53569114,0.5546391,-0.012706041159365961,0.13405697,0.3056708574295044,0.11591832339763641,0.34642482,0.78897655,0.824305,0.64706266,0.6838151,-0.008998357966954544,0.08264986,0.15783662,0.89095163,0.9171673,0.83818,0.8495612,-0.004706665637936045,0.04097556,0.24519698321819305
base-noprop__2236ddd1a25d7ae2e190062eb0a1d6d87088db82__爆炸菇（爆炸前）__v0__63954187__c0.mp4,0.56400293,0.88528764,0.5439327,0.368968,0.39447552,0.005459356537685098,0.1726195,0.23705465,0.94326144,0.8134414,0.72927827,0.7457583,0.002281080003783639,0.06818255,0.16462326049804688,0.10155495256185532,0.1615017,0.9032463,0.83858746,0.7752144,0.7987843,0.0007977884395320395,0.03851668,0.100580096,0.95801896,0.9149963,0.87569845,0.89411795,0.0007932819278814989,0.024217762,0.3404224216938019
base-noprop__3dae41227ff60a4b209b7b13235ac3a5ab6a6106__爆炸菇（爆炸后）__v0__e8aeb1f9__c0.mp4,0.48237857,0.40797472,0.4150909,0.2351847,0.25114536,-0.014261842569108079,0.16653742,0.26793742,0.7393173,0.7260916,0.61571586,0.62664473,-0.006929353468502953,0.084557444,0.2526701092720032,0.16220229864120483,0.07758212,0.77743965,0.8009461,0.77038276,0.77548975,-0.0026741375918444958,0.026638744,0.07122332,0.8824849,0.888294,0.86570674,0.8674384,-0.001813213462414948,0.02032515,0.46891066431999207
base-noprop__11126af44460c58b95d533978e0cf55f002fe629__蘑菇力__v0__2ab802e4__c0.mp4,0.18724477,0.8614172,0.8340554,0.7477907,0.75752735,-0.003276738606893975,0.059257954,0.055042088,0.94260955,0.938484,0.9191211,0.920932,-0.0011934338233216565,0.016664114,0.03039449453353882,0.02044772356748581,0.12328011,0.89710116,0.88226044,0.8174848,0.8376352,-0.0021085246160567482,0.03185286,0.03195685,0.96083105,0.95893174,0.94739276,0.94929105,-0.0006480454927376883,0.008913841,0.6071212291717529
exact-r1__3296e3025fe5db65ce1e18e8abd3114afdfdc5da__蘑菇力__v335__scooter__d7fc43bc__c0.mp4,0.94268245,0.03943555,0.18690094,0.030589158,0.036898684,-0.031464487849826764,0.3038493,0.51496315,0.49513915,0.6033144,0.47358462,0.4859942,-0.021192490671698754,0.16978125,0.10485148429870605,0.07331596314907074,0.81702346,0.17299423,0.30785933,0.15878682,0.16414843,-0.029064512299925925,0.2671057,0.4178509,0.58497417,0.67663044,0.57330084,0.57916147,-0.01758905137951667,0.13927871,0.10108253359794617
exact-r2__f142944f6415cf4e140989e4620f7f0f23645f52__毒蘑菇__v1518__glasses__b904a7f8__c0.mp4,0.7974956,0.20762295,0.43091014,0.1857774,0.20592988,-0.03825251746319029,0.28437087,0.24386543,0.75215167,0.8260782,0.7492572,0.7502883,-0.011901206414218954,0.085708514,0.13660776615142822,0.09224211424589157,0.25975138,0.72519875,0.8082562,0.7235217,0.727972,-0.011833220249108194,0.08277803,0.11098015,0.88875943,0.91832036,0.8821546,0.88404286,-0.005182577628392008,0.036913816,0.35839033126831055
base-noprop__66f41d2f3f0f61298257e508840f1163992f0311__粽子菇__v0__97bb35d4__c0.mp4,0.423782,0.6809179,0.7934025,0.56580913,0.6616909,-0.016262661680402503,0.14706017,0.14839095,0.8941134,0.9265327,0.8460729,0.8838053,-0.005425655676913363,0.049240395,0.08475637435913086,0.03237774223089218,0.124836564,0.88222134,0.9152701,0.86475444,0.8749425,-0.006048075884227212,0.04814067,0.06451535,0.9416752,0.9589106,0.92994857,0.9385506,-0.0029047821821431507,0.023460932,0.4604406952857971
exact-r2__4ad750ed37eb0ade2e0d9bf6801c7c417a005531__毒蘑菇__v478__eyemask__4d71b6ae__c0.mp4,0.71076846,0.28182766,0.48491308,0.27201962,0.27679846,-0.028946665848196745,0.22335052,0.23556197,0.7617582,0.8475378,0.75700766,0.7576328,-0.0102440680086377,0.07323309,0.11503183841705322,0.06712359935045242,0.32964885,0.6768441,0.7529534,0.65313923,0.6665723,-0.012247658294180192,0.09968679,0.12670189,0.8728927,0.9146614,0.86599857,0.8706331,-0.005170849648860134,0.0378108,0.46771934628486633
exact-r1__b7d6465a8b59608365b430ec044d2fd40916aca4__毒蘑菇__v1146__crown__e4c782a0__c0.mp4,0.65234154,0.15162915,0.21841602,0.14321417,0.14643511,-0.011937662546813735,0.14766806,0.62039113,0.43578362,0.53137076,0.29989526,0.40398216,-0.016848371640260058,0.154404,0.3062509298324585,0.23395812511444092,0.5333799,0.40008754,0.49790224,0.3523821,0.37429184,-0.016665387442225062,0.13954826,0.42483902,0.74203455,0.7653289,0.5225978,0.70457673,-0.006191710945174626,0.08379364,0.20542529225349426
exact-r2__b9d03992ce73a0fe5e4ee03adacf38bbabd0be7f__粽子菇__v1158__eyemask__bc8b377f__c0.mp4,0.37339365,0.42839935,0.5571064,0.41758275,0.4345039,-0.013715156924583232,0.095118545,0.16076928,0.77804106,0.8290557,0.77804106,0.7814772,-0.006511105968075776,0.045424685,0.09135133028030396,0.07053479552268982,0.17806858,0.73299813,0.78245825,0.72456086,0.73538375,-0.006034958562832119,0.04518698,0.104788244,0.8651245,0.8995904,0.8651245,0.8678522,-0.004140382404383925,0.028872032,0.2770592272281647
base-noprop__9ff16bd9837162a31625505a37953b6d7b6f8bcd__汉堡菇__v0__250d3ab9__c0.mp4,0.8241983,0.66938394,0.40274724,0.153448,0.16615349,-0.019930243079841377,0.26599452,0.42924237,0.8691195,0.71672076,0.55769974,0.5644003,-0.008758598047754052,0.14301649,0.29745548963546753,0.17900478839874268,0.24071902,0.843423,0.81275594,0.7369273,0.7537532,-0.0039501912862415734,0.06004431,0.14435184,0.9265938,0.8957256,0.84409344,0.8567035,-0.0024228990666951256,0.03783878,0.522185742855072
base-noprop__5e06a30f57a1e29064223f472aaad6de9925490a__爆炸菇（爆炸前）__v0__90eaaa81__c0.mp4,0.6672419,0.7433475,0.682207,0.29459047,0.40144628,-0.007112496278502721,0.21705088,0.23440331,0.90771437,0.8910831,0.7499066,0.8122518,-0.0026687644569299046,0.06675486,0.16146010160446167,0.059023402631282806,0.15643603,0.8808463,0.8864447,0.80633694,0.8514076,-0.002683342504407098,0.040186103,0.07504302,0.9474694,0.95010656,0.9113667,0.9326526,-0.0012005166456162215,0.019404827,0.5282683968544006
exact-r2__6f6f2d7c0707575b6afdd575fae5abf75eec000d__吐司菇__v706__flag__e18588cd__c0.mp4,0.7981962,0.153178,0.35482332,0.11780072,0.14337602,-0.033745355241501296,0.24031836,0.6166133,0.4060207,0.58856124,0.34171897,0.38918206,-0.02873874918038667,0.19859631,0.1533864140510559,0.10400348901748657,0.5869707,0.37097263,0.5327129,0.34635904,0.3582768,-0.026710323194270066,0.18973215,0.47929552,0.5564665,0.6925647,0.49258992,0.5403527,-0.02229115272699139,0.1543535,0.26401031017303467
exact-r1__5374332efc1c0d8835fbbff686d292f356e467e9__吐司菇__v522__coffee__2f4946ce__c0.mp4,0.42602015,0.9737638,0.8989171,0.56594586,0.7833757,-0.007050731789924429,0.10038803,0.11246997,0.9822917,0.95782095,0.8839703,0.9233046,-0.002713751828246446,0.03085929,0.037851929664611816,0.00783285591751337,0.123503804,0.9737638,0.93294275,0.8684621,0.87579876,-0.0035567019767911985,0.041679386,0.07467395,0.9845756,0.9656539,0.92182225,0.9379635,-0.0019904356817954175,0.02274741,0.172938734292984
base-noprop__9fe84a46a5b7258d9185e38e64539dfb315c00ea__汉堡菇__v0__319b699a__c0.mp4,0.61443466,0.31471607,0.33806837,0.15633176,0.18805882,-0.016224388033151637,0.13933553,0.41409332,0.63038343,0.62631696,0.48398358,0.50200325,-0.013594924196188641,0.10872684,0.3234000504016876,0.2399085909128189,0.24205571,0.7810229,0.7569165,0.6446543,0.6621648,-0.005330331299615943,0.05931886,0.13612342,0.87859845,0.86622554,0.80676347,0.8174867,-0.003546897425010743,0.03211298,0.24154533445835114
base-noprop__5f7a925cfccbd70c7926ffccbda6a7e438b86228__粽子菇__v0__c23d8dea__c0.mp4,0.529127,0.5806925,0.60072416,0.41718408,0.44972622,-0.015326518167855706,0.14525536,0.21995264,0.8216868,0.8357728,0.7520108,0.7712658,-0.005961627828273848,0.058245096,0.1419672966003418,0.08142685145139694,0.1352492,0.8155183,0.8466574,0.8155183,0.8170262,-0.00454776695830079,0.038540687,0.08614141,0.9079734,0.9171997,0.892167,0.8962524,-0.0025941775485932113,0.023434486,0.4847586154937744
exact-r1__1d249695899125959cd9f370cf25dbddf67887e7__毒蘑菇__v179__coffee__93aa473c__c0.mp4,0.6532138,0.13722682,0.26159686,0.0898903,0.100827955,-0.024203554215461852,0.19531752,0.5169513,0.5011187,0.59379125,0.38818282,0.4069315,-0.018940523384588043,0.16122942,0.40574169158935547,0.26529866456985474,0.26423883,0.72033584,0.7484205,0.6391252,0.66000545,-0.009235248676401827,0.079669036,0.16159892,0.8422229,0.8590899,0.7925984,0.8028319,-0.005727289870322469,0.049702857,0.46810829639434814
exact-r1__5c4b08b050f4083c0288f844c4f063b4c7586eb9__炸虾菇__v582__coffee__677017ce__c0.mp4,0.6494677,0.39208513,0.64969236,0.30975384,0.3702042,-0.027345327167171744,0.20684429,0.17546785,0.8539823,0.8902707,0.8061681,0.8201764,-0.006035552488956521,0.0477504,0.08465659618377686,0.04747084900736809,0.23224598,0.7921883,0.850119,0.7381193,0.7653735,-0.007697858888170012,0.06239205,0.10046041,0.90436655,0.93774164,0.885339,0.89607376,-0.004052411013912325,0.030921822,0.23847045004367828
base-noprop__c3ad0151cf012ab92fe134a98d4a74d428a02c98__粽子菇__v0__eff98913__c0.mp4,0.6755494,0.7494422,0.6317261,0.3171942,0.4100679,0.0011374738965580953,0.19470142,0.24845386,0.9089497,0.87174755,0.74658275,0.79610515,-9.19093020820011e-05,0.06365586,0.16309255361557007,0.070782370865345,0.17624718,0.8907596,0.87048644,0.8164965,0.8305514,-0.0007773008742351184,0.041419793,0.086205006,0.94925207,0.94252986,0.9096753,0.92561066,-0.0006259842352433667,0.01853207,0.5552993416786194
base-props__a5e37a90d98a5994377758364c1e4676cdd9da9a__粽子菇__v673__glasses__0a0c5f9d__c0.mp4,0.5261196,0.47808,0.68071204,0.4653652,0.48337403,-0.023294706530721767,0.16576393,0.12450057,0.869951,0.9122705,0.8685677,0.8712138,-0.005171740184659549,0.03844795,0.08148640394210815,0.04644221439957619,0.16158795,0.85386217,0.87079495,0.8298967,0.8380693,-0.004460194365309163,0.045803834,0.05218798,0.95067704,0.9587127,0.94238734,0.94484663,-0.0015713492401032661,0.014082225,0.5195989608764648
exact-r1__64783e1e5fb746625a458b8881d56270ee007ae9__炸虾菇__v631__scooter__b41ea89e__c0.mp4,0.8077274,0.13160835,0.49132472,0.13160835,0.13422804,-0.043992064937419084,0.29945162,0.5234715,0.44929972,0.7417141,0.44687885,0.454398,-0.026979383007575398,0.18342759,0.34634315967559814,0.13434578478336334,0.32226884,0.6661192,0.77516305,0.6264602,0.64271873,-0.01554288235106488,0.10660221,0.18431342,0.79421484,0.87606007,0.7911942,0.7942863,-0.009700849652290369,0.06592341,0.22785097360610962
exact-r1__2827cec8374948e9be93fdc1bcf8e9a4b6e4d53c__蘑菇力__v261__flag__2b162223__c0.mp4,0.5171289,0.38572407,0.5718397,0.37643564,0.39230254,-0.021172014002507865,0.15611844,0.27814704,0.67440593,0.78415644,0.6720845,0.68047947,-0.012466800365994587,0.08677313,0.12388718128204346,0.07831642031669617,0.23837048,0.6854006,0.77915686,0.6767548,0.6851083,-0.010947155210340441,0.07583241,0.17108327,0.7945567,0.8624728,0.7945567,0.79680914,-0.00779013942352868,0.053384572,0.38796281814575195
exact-r2__23da2230a72cefbf4cfaa971a6d3952246086a5c__汉堡菇__v223__eyemask__7a57961d__c0.mp4,0.7987908,0.2132591,0.5252326,0.19074413,0.2210464,-0.03939502433001291,0.2749491,0.22624332,0.7690357,0.8600119,0.7680586,0.76949954,-0.011806758142742726,0.08161871,0.11090576648712158,0.0647563487291336,0.29156113,0.72433555,0.8035802,0.6979737,0.723059,-0.012756986992632448,0.09502991,0.11761409,0.87800837,0.92476827,0.8767204,0.87836313,-0.005765960503943813,0.039721534,0.1740221381187439
exact-r1__4574a77b2aa1d6a74d0ea3b334fbbd5cc92d1419__吐司菇__v438__bubble__3207ebe3__c0.mp4,0.8867414,0.59410036,0.495557,0.102996394,0.13586977,-0.01844517332998662,0.29717422,0.22920775,0.87709135,0.8551598,0.7440607,0.7594761,-0.004343742026170712,0.071346134,0.0816202163696289,0.05799145624041557,0.7151563,0.8864323,0.6978855,0.27458155,0.32801837,-0.0027852040152304704,0.25463146,0.16814023,0.9519239,0.9131514,0.8177549,0.8335639,-0.0016536805116140647,0.056428656,0.15602105855941772
exact-r1__926b75ca53aa1b77cedc8561681d4d79a3dc51b8__爆炸菇（爆炸前）__v911__flag__da5610be__c0.mp4,0.7157707,0.35453227,0.39498308,0.27343833,0.31186503,-0.008319450638039794,0.13399097,0.24861443,0.7709191,0.7884884,0.7440299,0.7568209,-0.004878549884430507,0.05148605,0.13952314853668213,0.10727059096097946,0.24496597,0.7621965,0.79708415,0.744243,0.7546056,-0.006827629013023837,0.058625616,0.12454122,0.87556446,0.895759,0.8698951,0.8732229,-0.004021494461613693,0.032032616,0.4516255855560303
exact-r2__a8b82dd68a55ba601c87031486af04c63ac9aca8__吐司菇__v1044__crown__e4c8e642__c0.mp4,0.32240617,0.84252405,0.88970757,0.6710664,0.8386835,-0.006775665719047359,0.075362764,0.07360035,0.9417962,0.95284015,0.92192143,0.9388778,-0.002049006904537975,0.017741326,0.021911025047302246,0.011366232298314571,0.15398055,0.89843565,0.9195939,0.83949214,0.8823878,-0.004580864734329256,0.039099775,0.053633988,0.95771486,0.96420634,0.9431389,0.9539917,-0.0015005174832852803,0.01272999,0.22254538536071777
exact-r2__f142944f6415cf4e140989e4620f7f0f23645f52__爆炸菇（爆炸前）__v1518__scooter__c7ec759a__c0.mp4,0.8508804,0.13700956,0.37125692,0.116056055,0.12038306,-0.042931241347737945,0.32823336,0.3582194,0.65020835,0.74990785,0.62968683,0.6324834,-0.018573833489606503,0.13718171,0.23503422737121582,0.15249718725681305,0.2155757,0.76540023,0.81867963,0.7513608,0.7618206,-0.009313996483685957,0.06916525,0.12996197,0.87141037,0.90240514,0.85883117,0.86451966,-0.0060294438374372305,0.044626184,0.41130393743515015
base-props__1cf0944b8af6ac43f6f7e794a0d68118b7de888c__汉堡菇__v105__flag__ced10d12__c0.mp4,0.2638765,0.9688549,0.9107124,0.7293383,0.8107122,-0.0012454501842792955,0.07705464,0.079857826,0.9844966,0.9644631,0.9135982,0.93243843,-0.00030377147932770295,0.02445576,0.049281179904937744,0.014818406663835049,0.113005936,0.9699402,0.9427162,0.88020885,0.9154254,-0.0006046680358087732,0.030854471,0.032844543,0.9866837,0.9792815,0.96266186,0.9678797,-0.00023923831966082994,0.009436066,0.543491005897522
base-noprop__507ce1e393891e0f47c90aad7b6087098ce6304a__爆炸菇（爆炸后）__v0__d6797fa8__c0.mp4,0.83293253,0.75158095,0.51827055,0.06658537,0.07636712,-0.00420695589671257,0.2713096,0.48548958,0.8975643,0.77911294,0.4564171,0.46898085,-0.0036176448106294565,0.16873221,0.3294771909713745,0.1237606555223465,0.263892,0.85773987,0.8232255,0.6628963,0.6681029,-0.002856107038471539,0.08393664,0.17847878,0.93963647,0.9028736,0.78538185,0.79213244,-0.0014893337789731597,0.0596316,0.49032074213027954
exact-r1__edf6d83472f153c2ece46ef36e248394c76e5bf1__汉堡菇__v1496__bubble__b4ea12f8__c0.mp4,0.21550459,0.7760907,0.9232089,0.7760907,0.83207756,-0.007737951787564101,0.058132168,0.07966232,0.9165442,0.96358675,0.9165442,0.9252955,-0.0034882588820023858,0.024575446,0.014330506324768066,0.004132656846195459,0.1545915,0.83700365,0.93139166,0.83700365,0.8619904,-0.006024977317440658,0.043509506,0.06533182,0.9308747,0.96771926,0.9308747,0.9370824,-0.002885320735543153,0.020337034,0.19378547370433807
exact-r1__f49464637e52e497fb011eb2e718248b86f69c24__蘑菇力__v1542__eyemask__596e3d84__c0.mp4,0.79456633,0.20252867,0.3612795,0.20252867,0.20720872,-0.02525175031524873,0.21982427,0.4134099,0.58800834,0.71782815,0.5843571,0.58736795,-0.017322322478878667,0.12289723,0.2376319169998169,0.1611599326133728,0.3011508,0.7140633,0.76915026,0.6959442,0.70562184,-0.009747010563673227,0.08060411,0.17680824,0.8235129,0.8789881,0.821115,0.8232465,-0.0071123556303883655,0.05058512,0.18210726976394653
exact-r2__c219d3893a297a9d030244d12b8ed8581b487bce__爆炸菇（爆炸前）__v1212__coffee__40865391__c0.mp4,0.3409238,0.77182186,0.8262211,0.6357577,0.733267,-0.0056994579761867155,0.08973332,0.106657445,0.8923217,0.92837983,0.8754991,0.8927814,-0.0026745928134842777,0.029062347,0.07381099462509155,0.026111839339137077,0.123833776,0.8573806,0.9043085,0.8540813,0.8561642,-0.003547867296241494,0.035053276,0.064805806,0.922902,0.95449156,0.9223516,0.923177,-0.002097799608358782,0.01796571,0.2199670374393463
base-noprop__ccb6b1d206606a8d4ddb34ae7e70a1dfb2cd49ba__粽子菇__v0__369abf23__c0.mp4,0.6372047,0.90938747,0.6718958,0.3316667,0.35874638,-1.2897455645172135e-05,0.24456424,0.14959359,0.95439243,0.90303755,0.83345777,0.8373311,-0.0004935597360369708,0.05512205,0.09793579578399658,0.048704177141189575,0.14567053,0.92687285,0.89780575,0.8241447,0.8556125,-0.001789324957391517,0.0387184,0.059074104,0.9664085,0.9517416,0.9275888,0.93127584,-0.0006034944957424124,0.018337397,0.6118815541267395
base-noprop__479cfaa7ed9751d704a007cccb8dbebcb4fc8765__炸虾菇__v0__0063e959__c0.mp4,0.12176579,0.94383216,0.935419,0.8674743,0.8820931,-0.0032182247506771,0.034469698,0.058902085,0.9641249,0.9615775,0.93474483,0.9403623,-0.0015173964938627342,0.014535648,0.034861743450164795,0.014790008775889874,0.07850587,0.95121074,0.94706047,0.9107342,0.91803753,-0.002094581723213175,0.020524377,0.02803725,0.9775523,0.9763675,0.96560967,0.9681605,-0.0007285055789080623,0.006786477,0.5397062301635742
exact-r1__1849b841bfaf3b41a1264b8d374e3a4228c3cdd4__爆炸菇（爆炸前）__v154__glasses__30a40fb2__c0.mp4,0.84416497,0.1569037,0.35802308,0.13820055,0.14776364,-0.02670204758703002,0.23239782,0.31430292,0.6932271,0.7735626,0.67682886,0.6895137,-0.01067684755730537,0.084151134,0.1731100082397461,0.12722840905189514,0.31011283,0.7468021,0.8030048,0.6722528,0.68806154,-0.010183506273469436,0.08026672,0.14597338,0.86393446,0.9007909,0.8458629,0.85184443,-0.005207754170941723,0.038600426,0.44608426094055176
base-noprop__556de27b0d0679c58d037153bf13f376557bb4da__爆炸菇（爆炸后）__v0__dff6e0c9__c0.mp4,0.19010007,0.95580924,0.9097205,0.7904443,0.81388026,-0.0007895092836953156,0.057472356,0.06893659,0.9776363,0.96089643,0.922363,0.930249,-0.00027083508346393117,0.0192107,0.03995019197463989,0.013734781183302402,0.09129715,0.9570824,0.9368415,0.8892472,0.8984736,-0.0005288857362958266,0.025750633,0.02958107,0.9803379,0.97463137,0.9623132,0.96320736,-0.00022692012457036534,0.008169486,0.5659981369972229
exact-r1__03871bf6cf5c0739b48217be31ce8ad9cfaabe33__粽子菇__v24__coffee__921adf8f__c0.mp4,0.76776195,0.2529785,0.4475496,0.22136317,0.23156387,-0.033179737303568,0.25349614,0.3547765,0.71030205,0.77538294,0.63764644,0.6561629,-0.015212283421882066,0.11433728,0.17955130338668823,0.10936794430017471,0.35544187,0.70565414,0.76593786,0.6339989,0.64808524,-0.013354612080004852,0.10433088,0.18630856,0.85804313,0.88475084,0.8082099,0.81652164,-0.0073516183337675265,0.056869376,0.2830488085746765
exact-r1__b84a69fca80b7f3ae9dfc999d5b9896f6e7dc072__粽子菇__v1148__eyemask__e8f2b594__c0.mp4,0.38659048,0.6499677,0.7595811,0.5989678,0.6165192,-0.016066188279819114,0.117444515,0.12380123,0.8925249,0.9118443,0.8681507,0.87192136,-0.004564700567204019,0.03409692,0.04050165414810181,0.021448874846100807,0.21958882,0.78138614,0.84052175,0.7659693,0.7754153,-0.007930170936075608,0.05966942,0.08443743,0.9210485,0.9332932,0.9078576,0.90883744,-0.00288512319208603,0.022391198,0.2512989640235901
exact-r1__48527ae6d45c7d5a7ee96a9ad1c1ac0882d24266__粽子菇__v461__scooter__f904d3a8__c0.mp4,0.8620436,0.10345063,0.3489991,0.09281385,0.094439365,-0.03849016664468725,0.28453472,0.6472032,0.3400014,0.58650076,0.32808965,0.3323967,-0.03526389089379857,0.2527959,0.42063748836517334,0.24786700308322906,0.39316845,0.58068097,0.7119164,0.5633354,0.573239,-0.01850500355360537,0.13031119,0.23997843,0.7483155,0.83436793,0.73900366,0.74562675,-0.01206768625102966,0.08505241,0.32663217186927795
generic__c02ecf1932815596cda24fe2696288e3a709c5c2__粽子菇__v757__bubble__942bb2b6__c0.mp4,0.11844498,0.92983603,0.9122135,0.8635161,0.87259,-0.0018197040666233567,0.034218885,0.045022666,0.96180004,0.9590995,0.9410678,0.943712,-0.0007120038091900794,0.012488123,0.022045910358428955,0.01165269035845995,0.08152354,0.9318405,0.9271261,0.90043753,0.9043163,-0.0019676347259476247,0.023680322,0.029179394,0.9706474,0.97075224,0.9621837,0.96333426,-0.0006864760586395654,0.008018207,0.6343745589256287
exact-r1__32c112ea6a7834b77a3fc31159f3dd43a4eb76c4__蘑菇力__v336__scooter__9ac3841d__c0.mp4,0.96401817,0.031203292,0.2534419,0.018016273,0.0238267,-0.043550921442068145,0.3606385,0.8339534,0.16868505,0.47426137,0.15444715,0.16604924,-0.04662720078653969,0.3288654,0.4867974817752838,0.30302003026008606,0.5697751,0.42266876,0.6206805,0.41225946,0.42220688,-0.028822777328990676,0.2002547,0.37454945,0.62098944,0.7772814,0.61558473,0.62146753,-0.020540051662874804,0.13979551,0.23423737287521362
exact-r2__4ad750ed37eb0ade2e0d9bf6801c7c417a005531__粽子菇__v478__glasses__d4b6bdd0__c0.mp4,0.8095312,0.21701154,0.35300097,0.17424121,0.19044867,-0.02925122002132325,0.28038162,0.35412782,0.6959659,0.7431551,0.63470256,0.65986466,-0.011735434235320261,0.11374578,0.18898773193359375,0.1357807070016861,0.35009706,0.7156184,0.76448816,0.63367534,0.67916703,-0.01081442697481675,0.10292435,0.17900151,0.85221434,0.8789357,0.81291616,0.840585,-0.005834665281970518,0.054062333,0.42332595586776733
exact-r1__79c0eabb9fc79170fac30a00668c1fcae3a9bc2d__毒蘑菇__v760__flag__f12fff08__c0.mp4,0.48487478,0.6734684,0.66821635,0.49971265,0.5674344,-0.009293406200503177,0.10969267,0.1649518,0.84522855,0.8663726,0.827001,0.828483,-0.004957390632554018,0.043842196,0.054572224617004395,0.0365409217774868,0.23555171,0.76688534,0.8088108,0.7490356,0.7637051,-0.006522340972432983,0.058551002,0.11646819,0.8773295,0.9029133,0.8755411,0.8774537,-0.004349997333387154,0.035388187,0.36187323927879333
base-noprop__29af5842d44da656007592c88ff0c6c1e5b6fe39__爆炸菇（爆炸后）__v0__552d495b__c0.mp4,0.7012958,0.16294795,0.2919713,0.16294795,0.18322635,-0.017254532826512244,0.17119753,0.298688,0.6485975,0.68417466,0.62690777,0.6413671,-0.007118330289252662,0.076307476,0.224481463432312,0.18723806738853455,0.17874342,0.7691017,0.7761018,0.7231721,0.7385854,-0.0015405561377408567,0.04058433,0.11819011,0.8721005,0.87141275,0.83610106,0.8505402,-0.001123546788343799,0.025728626,0.41323286294937134
exact-r2__c5e92feff814cee1504a5a7ab9b6cab00e51b167__汉堡菇__v1234__glasses__971e688b__c0.mp4,0.9247552,0.10379013,0.4183532,0.06550492,0.101831816,-0.04753337474355822,0.33367977,0.30557936,0.72471887,0.8209236,0.68810725,0.7115952,-0.014409627780141572,0.10072194,0.1291424036026001,0.06906428188085556,0.4905609,0.6173,0.69528407,0.4996994,0.55931515,-0.018485485506151977,0.14887914,0.19920295,0.8511679,0.889988,0.79499596,0.8322998,-0.00774452431871015,0.05861883,0.23029957711696625
base-props__ea0af3c357ca9e440d20ba13a8d5e54a56d394ba__炸虾菇__v912__glasses__0a785c0f__c0.mp4,0.05331248,0.93606395,0.9524307,0.9329079,0.9379053,-0.0019489159225946403,0.014258291,0.02767706,0.9638246,0.9690995,0.96074057,0.9618155,-0.0009618531691698003,0.007967562,0.012587189674377441,0.007688626181334257,0.050616205,0.9360639,0.9532646,0.93560416,0.9412832,-0.001883803973556045,0.013646329,0.020495415,0.9726347,0.97678804,0.9698155,0.9723537,-0.000662589497245824,0.005399595,0.5021777153015137
exact-r2__1849b841bfaf3b41a1264b8d374e3a4228c3cdd4__爆炸菇（爆炸前）__v154__glasses__30a40fb2__c0.mp4,0.6663424,0.058799554,0.19041719,0.046479687,0.049992286,-0.020014194937297714,0.16969354,0.4806895,0.4189861,0.5922603,0.4189861,0.4278493,-0.021507138938536292,0.15726939,0.337922602891922,0.24911054968833923,0.33938092,0.56154096,0.7148434,0.56154096,0.5667392,-0.018593507852007755,0.13611898,0.19908625,0.7569087,0.8413709,0.7560643,0.7569759,-0.010573680280696742,0.076622024,0.46025407314300537
exact-r1__0fa48e022fb40e890a70ca08b0c86169e9c6be01__蘑菇力__v91__coffee__7ac9b924__c0.mp4,0.803254,0.800923,0.73705214,0.18802452,0.2864475,-0.016695584822078006,0.24321544,0.20863545,0.9197319,0.9165985,0.78311133,0.8264291,-0.004707859203278327,0.05616855,0.11775892972946167,0.04043889790773392,0.27521807,0.89831346,0.88524014,0.7160604,0.76752144,-0.006026988031835893,0.07452113,0.098546565,0.96401405,0.9570374,0.8964064,0.90931636,-0.0021203182667140397,0.027492197,0.2281496822834015
exact-r1__923dbea1c7a98f5a1ad632836be7e11ba23c900a__爆炸菇（爆炸前）__v906__flag__9cc40444__c0.mp4,0.60871774,0.39904547,0.69839007,0.3791712,0.41207004,-0.029595860202793072,0.20413259,0.18531525,0.8068963,0.88657165,0.8068945,0.8097445,-0.008808864906371349,0.060930077,0.09605085849761963,0.04661516100168228,0.23574245,0.76466227,0.8509223,0.7521466,0.7629982,-0.011184796396451502,0.076985694,0.102455616,0.8958431,0.933187,0.89097506,0.89593136,-0.004983987379451043,0.034503628,0.3984851837158203
base-noprop__0ede95135255948bd4b4397d3ea7c6890ffbbb52__蘑菇力__v0__406e95d9__c0.mp4,0.4545964,0.5553871,0.70830446,0.51211154,0.52723986,-0.018856000582220044,0.14607872,0.14012492,0.8622413,0.8977327,0.83850014,0.8500654,-0.005286804536585755,0.041828476,0.10247015953063965,0.05477036535739899,0.097463906,0.88293225,0.8999215,0.872408,0.8770376,-0.002910385548832869,0.026793944,0.045890808,0.9424455,0.9525028,0.9408766,0.94210005,-0.0016554457396857896,0.0137861455,0.4314015805721283
exact-r2__e788516b536549b961694ff7e61e27486033c7f1__吐司菇__v1452__eyemask__4ec83f1f__c0.mp4,0.47999,0.50799084,0.6628442,0.50799084,0.524852,-0.02143060301132355,0.15222326,0.1419422,0.85042614,0.9032413,0.85042614,0.85934025,-0.005921943385610464,0.04041382,0.056375324726104736,0.03722751513123512,0.18957508,0.79870594,0.8411702,0.79840577,0.8029892,-0.006428060206499986,0.052122485,0.08666861,0.90680146,0.94046867,0.90680146,0.9130612,-0.0035668956079030747,0.024315452,0.22190715372562408
exact-r1__7ac6567de87801f30846991c8126b0179ea55aa6__毒蘑菇__v766__flag__dc7b0b7e__c0.mp4,0.69688135,0.4307067,0.5131966,0.276469,0.31873706,-0.02583878033834955,0.2275788,0.270225,0.7530414,0.8090045,0.7151206,0.7293732,-0.011676885099279083,0.089129545,0.12292355298995972,0.07706064730882645,0.27103078,0.7287185,0.783134,0.7023194,0.7254028,-0.010708561292278923,0.08885798,0.14793426,0.8492299,0.8860651,0.8379159,0.8444009,-0.006791838720853137,0.05063187,0.4055684208869934
base-noprop__2a80b5bbf9bfc43cc9607c64804c1876ee75a6f2__蘑菇力__v0__eb50a25c__c0.mp4,0.24612832,0.9461757,0.9146993,0.7447823,0.7774737,-0.0023995195570670484,0.079104595,0.07037777,0.96848863,0.9638839,0.9206945,0.92540765,-0.0011892705095615241,0.023295168,0.0464472770690918,0.016457347199320793,0.09757626,0.9523885,0.94776076,0.89333427,0.89658386,-0.001813670450990841,0.031612083,0.028283477,0.98047435,0.98034114,0.9663389,0.9676623,-0.0006715145860264808,0.008656531,0.5679363012313843
exact-r1__bdebc74b25211ea6cffb432e9c5848b26d88626a__爆炸菇（爆炸后）__v1185__bubble__2caa57df__c0.mp4,0.2470892,0.9082328,0.8505679,0.7304479,0.7666711,-0.003512322078109273,0.06782695,0.08160055,0.9482711,0.93642086,0.9079373,0.91446126,-0.0009974205917991608,0.020907266,0.024251818656921387,0.014105302281677723,0.15228826,0.9164873,0.8870066,0.8252489,0.8363368,-0.002071266942344641,0.042203784,0.062366128,0.9602542,0.9505261,0.9275141,0.93436366,-0.00047127666916302487,0.016296994,0.23266923427581787
base-props__990a5c189a868ed25f5694947f8062340a1d1df7__粽子菇__v620__scooter__e38c10af__c0.mp4,0.22435164,0.80369914,0.8201108,0.7220676,0.7897241,-0.005361410822321795,0.0488752,0.072710335,0.9034076,0.9196876,0.8894164,0.9012577,-0.002332105702562281,0.01734164,0.04740685224533081,0.03385785594582558,0.09646827,0.88268125,0.89766985,0.85203296,0.87386405,-0.0031868220553567875,0.025245935,0.042690635,0.9438422,0.9535455,0.93682325,0.9421468,-0.0016214399351904278,0.011869192,0.6638685464859009
base-noprop__7d7630861f0f92a7a3103fc3527dbadc1c0cdc15__炸虾菇__v0__75e61775__c0.mp4,0.20893145,0.7949517,0.8464039,0.7682159,0.79645616,-0.006151811643080282,0.04891824,0.09069359,0.8918867,0.92119896,0.8918867,0.8962133,-0.003256638353992385,0.023766292,0.03705567121505737,0.023858996108174324,0.11974734,0.8767049,0.8948898,0.8578079,0.87100434,-0.0033153122946207765,0.027606161,0.060455203,0.9289424,0.945058,0.9275709,0.93070513,-0.002004929446420167,0.015680468,0.4794331192970276
base-noprop__3eb6d97760f838a366c3ddc9c5fe31024af3ddd6__爆炸菇（爆炸前）__v0__fd4594db__c0.mp4,0.8279531,0.5211466,0.54833513,0.15239069,0.16622463,-0.026389308052925244,0.28159088,0.29826462,0.848943,0.8466161,0.6873405,0.70859694,-0.007896888338530033,0.097402565,0.18701767921447754,0.08615303784608841,0.26102567,0.8483956,0.85023177,0.71931815,0.7306117,-0.007089355423045229,0.084442094,0.11545539,0.9317453,0.9327691,0.87376654,0.8804866,-0.003067522828757987,0.037536908,0.4790598452091217
exact-r2__747711b7d7d492e548ee9d327fa617d3cbb1993f__爆炸菇（爆炸前）__v731__eyemask__66c62407__c0.mp4,0.76325744,0.21957019,0.6617736,0.21316665,0.318019,-0.030465913001492095,0.21717569,0.24290258,0.7454397,0.88936317,0.74072266,0.7894635,-0.00879982078499474,0.06500987,0.1336442232131958,0.05431278422474861,0.21139997,0.7654498,0.8682312,0.7654498,0.8156479,-0.008185079505321068,0.058498606,0.1151306,0.8743358,0.94367605,0.8743358,0.8975477,-0.00435026225600788,0.031636775,0.23740234971046448
exact-r1__3373ae9e4de4dce88d5624681a41f79ac07484f3__吐司菇__v342__glasses__06dd0820__c0.mp4,0.696849,0.3068475,0.28625864,0.05732628,0.094538376,-0.002708503431658975,0.16152014,0.36280334,0.7189032,0.7084652,0.5401751,0.60171014,-0.0008394371261709837,0.089661956,0.30997174978256226,0.15888413786888123,0.28639567,0.66534513,0.7412879,0.59985614,0.63110423,-0.010147541996989789,0.08607371,0.12867278,0.845466,0.86734945,0.8212062,0.8320141,-0.0035858275037509188,0.038071383,0.4498422145843506
exact-r1__48edbebb09f4066019f3a893bd82184d9bdce8fd__粽子菇__v465__scooter__e0849fdb__c0.mp4,0.9400105,0.0519543,0.41343054,0.049052395,0.055188507,-0.052966410102757065,0.38611862,0.7384732,0.27135623,0.6233513,0.2514409,0.26063755,-0.0442324960125765,0.3112866,0.40862035751342773,0.20309056341648102,0.5177956,0.51628554,0.7038701,0.4712674,0.48741046,-0.028716305027837365,0.20141852,0.3362919,0.67787147,0.82644194,0.65693164,0.66573864,-0.019526703555593376,0.13746606,0.30655810236930847
exact-r1__5d5db7eba64f43d1a188b30aa7a5cea4dac3fc6d__吐司菇__v585__scooter__f7e524ef__c0.mp4,0.78738534,0.21229549,0.6466762,0.20491171,0.21181516,-0.04355841526106416,0.31143862,0.2644593,0.7340742,0.88343173,0.7248179,0.7338348,-0.013167482237570844,0.09413178,0.17630553245544434,0.0715956762433052,0.23244154,0.7897136,0.88663393,0.7598556,0.7855539,-0.009811958541040815,0.0686544,0.09448165,0.90826774,0.9550275,0.90073764,0.9080117,-0.004145907849191224,0.029419009,0.5918163657188416
base-noprop__1f66a501aba063a2796ee4f1f4d6082295197784__毒蘑菇__v0__4fd553e2__c0.mp4,0.384318,0.93505424,0.8310822,0.60782206,0.63473445,-0.0035176111068650376,0.1254089,0.11503744,0.96150815,0.93776,0.8771395,0.89068764,-0.0012577879923605765,0.03472815,0.07180684804916382,0.031916361302137375,0.10322988,0.9402635,0.9295729,0.8889102,0.89508647,-0.002250181945416301,0.032143284,0.04671645,0.9758166,0.9696763,0.94894636,0.9544418,-0.0009263128395608351,0.0141822705,0.5360817909240723
exact-r1__f142944f6415cf4e140989e4620f7f0f23645f52__爆炸菇（爆炸前）__v1518__scooter__c7ec759a__c0.mp4,0.90605146,0.08186979,0.2949581,0.066758946,0.07844393,-0.04049139472070653,0.32780737,0.7212899,0.28598312,0.50695944,0.26609266,0.26873547,-0.038527516449393014,0.29353157,0.43383151292800903,0.28211691975593567,0.45756125,0.55936396,0.66725725,0.51524925,0.5346144,-0.020434704399391615,0.16078876,0.3264333,0.7156225,0.7890763,0.663003,0.6721672,-0.014812731519046997,0.12044326,0.3205041289329529
exact-r2__79f230727aabe8ef102ae19bed33d5a83a2045ee__毒蘑菇__v761__flag__c45f48b5__c0.mp4,0.58724254,0.4042566,0.6686495,0.3905657,0.40327215,-0.029892360386641132,0.20477311,0.2467233,0.7441424,0.85209507,0.74301,0.74619406,-0.012553587496987467,0.08571748,0.07386356592178345,0.04285027086734772,0.34160137,0.63682383,0.80009544,0.63682383,0.6490933,-0.016199395355028595,0.109797075,0.17868227,0.81520724,0.8949454,0.81221545,0.8168097,-0.009375283722820984,0.06406663,0.31357845664024353
exact-r2__2a49798dc05c009b89cb369fc4b3bc369f2300af__蘑菇力__v275__flag__ce0c86f0__c0.mp4,0.42622638,0.56646645,0.6482595,0.515779,0.5381808,-0.015400774747486638,0.12084495,0.19569361,0.7832643,0.8334564,0.776595,0.78129053,-0.007648266586861601,0.056507256,0.06962037086486816,0.04423060268163681,0.31254566,0.7291661,0.75804836,0.6312722,0.68752503,-0.009868858360019127,0.08726262,0.13981408,0.85079825,0.877687,0.8380402,0.8414416,-0.00569976501078474,0.044293217,0.3346751630306244
generic__b4922b313b5f45658c57e964eec6e061ed1c765b__爆炸菇（爆炸后）__v718__eyemask__c2a091da__c0.mp4,0.8045523,0.18390241,0.4553882,0.17094366,0.18452843,-0.039742521853315046,0.29888457,0.28835452,0.70132864,0.80866855,0.69891393,0.70352536,-0.014131345649952966,0.10205757,0.1883748173713684,0.11336977779865265,0.21321887,0.7697829,0.8397125,0.76227707,0.77055544,-0.009669745745866194,0.072600216,0.10106939,0.88733244,0.9220384,0.88701594,0.88904685,-0.004880234422419874,0.035622668,0.5161981582641602
exact-r1__7d44a2bbd0f494878694a9248530e08a9227affb__炸虾菇__v779__glasses__89eee02e__c0.mp4,0.8818189,0.10590403,0.26420447,0.09923646,0.10584068,-0.023000294968426944,0.2454446,0.47876048,0.5181375,0.6526241,0.5119828,0.51592255,-0.016346666299307307,0.13328905,0.3159264922142029,0.22324343025684357,0.25799072,0.73728275,0.7966521,0.7238351,0.73109174,-0.007276191718493535,0.06480266,0.16605341,0.83032614,0.8758675,0.8251995,0.82749456,-0.005248505666321918,0.04481039,0.5118295550346375
generic__11126af44460c58b95d533978e0cf55f002fe629__吐司菇__v66__bubble__f564ca5a__c0.mp4,0.6988244,0.49546683,0.5357666,0.26401046,0.27489272,-0.022928392580846543,0.19316544,0.26536137,0.81778324,0.83225393,0.71900463,0.7332686,-0.008022725523224947,0.068312384,0.14683926105499268,0.07757873833179474,0.22139966,0.8009001,0.8308549,0.74169296,0.75772357,-0.006886397543632003,0.055805117,0.119541764,0.89400506,0.90983266,0.8658439,0.8680613,-0.003988789534380327,0.03170002,0.4371171295642853
exact-r1__46ad1d7fc06fae0ddf3af206d3ae023bd4b24aae__吐司菇__v449__bubble__638fa554__c0.mp4,0.618897,0.17218661,0.2117788,0.122510776,0.13402995,-0.012331977236294471,0.14236096,0.2987873,0.6457572,0.66753745,0.6020195,0.6144855,-0.006779003166869694,0.0725854,0.19899094104766846,0.1618192493915558,0.63095593,0.6998787,0.530443,0.24755129,0.28105158,-0.0015928476400997376,0.21757968,0.17139572,0.82917964,0.82935673,0.7782614,0.78422904,-0.00423642710263549,0.05085292,0.1648951768875122
exact-r2__5566445313c3d7b276fc02faebe4c1c684f1934d__汉堡菇__v541__scooter__2a78d5cd__c0.mp4,0.7532232,0.9618666,0.7924973,0.23792395,0.3266806,0.01483909859369865,0.2679392,0.26860178,0.9763795,0.92219645,0.7247667,0.7617615,0.004810055254005175,0.090398215,0.1981775164604187,0.042233604937791824,0.16274971,0.9618666,0.931625,0.82839733,0.8537315,0.002091260295611593,0.050050486,0.08408004,0.9778482,0.96443003,0.9093235,0.9223922,0.0010233033787120512,0.026365312,0.49191075563430786
exact-r2__b6400262250308b940cca731c04afc1e0661b6e9__炸虾菇__v1132__bubble__8db02a1b__c0.mp4,0.7652622,0.112689115,0.35006395,0.10500363,0.10574967,-0.03860638083764922,0.29150787,0.5363381,0.42129177,0.6338036,0.41561738,0.41894746,-0.030314374376427037,0.21633895,0.31052643060684204,0.18000634014606476,0.71781385,0.26006114,0.5031354,0.2100682,0.21587847,-0.04153308740599825,0.31199893,0.27073228,0.7318182,0.8138101,0.6982362,0.71085,-0.014124715928974836,0.106436774,0.11728066951036453
exact-r1__f2e592fdf9ea64c3001a6620ae7f5abcb234e05b__毒蘑菇__v1529__glasses__18a1a004__c0.mp4,0.015311316,0.071570955,0.073610485,0.06519058,0.06769546,-0.0004391722793400078,0.006575051,0.06626287,0.2399959,0.24704921,0.23185524,0.23240754,-0.0019842471794884195,0.018383317,0.45097970962524414,0.3895348310470581,0.04352638,0.4627,0.46705216,0.44471204,0.4484263,-0.001992293674012885,0.0211919,0.05252683,0.6318288,0.636584,0.59429765,0.61320263,-0.0024870883805949806,0.02363764,0.29501187801361084
generic__51be5b142d9021a3c446702d354fabdf42630fa9__汉堡菇__v304__scooter__97551c71__c0.mp4,0.43776637,0.50193375,0.63974535,0.50193375,0.52363575,-0.019401423544751797,0.14239997,0.12949294,0.8670181,0.88605225,0.84729964,0.8529139,-0.004880179235115351,0.03843709,0.0790255069732666,0.05217548459768295,0.107515216,0.85594714,0.8619239,0.8334601,0.8353947,-0.003793640629104956,0.032131977,0.05660397,0.93064404,0.9382276,0.9238318,0.9255219,-0.0019414810088312286,0.016096478,0.5625936388969421
exact-r2__ba85413746dea437ec08f5638d106fcbddab3966__粽子菇__v1165__eyemask__ee2bc5e8__c0.mp4,0.78555244,0.17868951,0.36427024,0.1684025,0.17441972,-0.03191508707616169,0.24405669,0.34472704,0.6397911,0.73944056,0.631711,0.6338923,-0.01618647728512881,0.11627931,0.1813737154006958,0.1283799409866333,0.3858292,0.59515357,0.71327394,0.5768072,0.5848753,-0.017901064967920655,0.1272966,0.18140829,0.8161204,0.8678204,0.80114925,0.80764306,-0.00836759222590404,0.05961684,0.33787959814071655
exact-r1__91446ea62cb3f54e6d1bd638f46c2302dc00f82d__爆炸菇（爆炸前）__v903__flag__50b4ea47__c0.mp4,0.37855053,0.63077736,0.72347105,0.60972464,0.6197721,-0.01654924947046952,0.12556657,0.15304637,0.8371338,0.8821613,0.83199346,0.83530813,-0.007220837968611448,0.052156176,0.05181264877319336,0.033927153795957565,0.2236433,0.77356744,0.82657206,0.76463187,0.772386,-0.009325969419460536,0.07301311,0.1100809,0.8826266,0.91608846,0.8826266,0.8845035,-0.005061739989420181,0.036842953,0.4662269353866577
exact-r1__7628869560a690af823a1191809985375c8a2ef9__爆炸菇（爆炸前）__v740__eyemask__36459805__c0.mp4,0.8939608,0.08113386,0.2662111,0.077470936,0.08406691,-0.02328403132853538,0.19918413,0.5036681,0.48717368,0.67770743,0.4829446,0.4888182,-0.019247158713962726,0.13517267,0.3000922203063965,0.1820795238018036,0.3609919,0.6192901,0.70923847,0.61171407,0.61470574,-0.010957780268352512,0.08667117,0.2134834,0.7872659,0.859787,0.7752354,0.78202003,-0.007958711666080798,0.0563992,0.20085275173187256
generic__ab46352316dd303e2692bf4e35d24794f50ca8f1__吐司菇__v684__scooter__10c24871__c0.mp4,0.31121874,0.783931,0.8790355,0.6772703,0.76441824,-0.011416783328112906,0.089165665,0.09329504,0.9060641,0.9402412,0.88879067,0.9054433,-0.0035164218999651654,0.026303919,0.04635101556777954,0.020238472148776054,0.14495993,0.8740596,0.9193476,0.8435289,0.8696798,-0.005445136324219092,0.039739374,0.050763786,0.9403513,0.96047974,0.9351417,0.94059247,-0.0019515649132106597,0.014373844,0.3038943409919739
exact-r2__64f7ba46c3c16764be8347709ee03ebee90d68c2__爆炸菇（爆炸后）__v639__flag__116680dd__c0.mp4,0.936751,0.050201893,0.24174589,0.040433876,0.043276377,-0.03986646559295565,0.3680044,0.7445109,0.24880055,0.40753332,0.24483407,0.24655971,-0.03241971403124777,0.29742938,0.43630731105804443,0.3275607228279114,0.48960322,0.4964678,0.6033586,0.48758155,0.49229252,-0.020940666760616174,0.1811321,0.3389302,0.6533741,0.735094,0.6504843,0.65388376,-0.014837720530777586,0.12787677,0.2719767689704895
exact-r2__46a88b94d8c5451f884baeac062b15b148ad8fe6__吐司菇__v448__bubble__66e4b2cb__c0.mp4,0.87567866,0.08536084,0.2891483,0.0813281,0.08714829,-0.036086984332135544,0.30248502,0.6327494,0.39097244,0.58112776,0.3452688,0.38726047,-0.029583783430073115,0.21095733,0.2803829312324524,0.10818777233362198,0.794314,0.4442123,0.38842487,0.16381553,0.18660821,-0.022854061510134135,0.27191854,0.50443333,0.67135537,0.68931544,0.47712362,0.5588551,-0.016241160364961444,0.14683586,0.10253362357616425
base-noprop__5e06a30f57a1e29064223f472aaad6de9925490a__爆炸菇（爆炸后）__v0__7a2c212b__c0.mp4,0.6448728,0.74121255,0.70579934,0.32375312,0.5084141,-0.010427823179795336,0.1702182,0.21215874,0.89969784,0.89390206,0.76664305,0.83568275,-0.0035609111130944296,0.051531143,0.16253304481506348,0.056274570524692535,0.11904323,0.8912395,0.893494,0.85228026,0.86330235,-0.002748862910176448,0.031877134,0.058642507,0.94651973,0.9501767,0.9291761,0.93256164,-0.001487140952362829,0.01680561,0.5115298628807068
exact-r2__f38c85c9dbbd6fe91ebb9c9d9e17e6640548549d__毒蘑菇__v1530__glasses__4c0f5650__c0.mp4,0.65439093,0.39449218,0.5339871,0.33311936,0.3656181,-0.02607141361523994,0.21653765,0.1460706,0.85674155,0.8873428,0.84082234,0.8549655,-0.005183689266796638,0.04494106,0.07018458843231201,0.047783203423023224,0.34963804,0.7585355,0.797784,0.63787246,0.7166885,-0.005678246673859166,0.08220314,0.09539628,0.9194758,0.9351261,0.8944081,0.91442055,-0.002463851816098204,0.025027731,0.3552611470222473
exact-r1__25242e2c4e978686c1ab0fd42607be6ef25ff215__汉堡菇__v235__eyemask__02246e97__c0.mp4,0.5002408,0.52852833,0.67483705,0.48799753,0.5154715,-0.02078415117716129,0.1537013,0.17660493,0.821382,0.8921651,0.81269014,0.8182545,-0.007647490901909338,0.053355556,0.09048396348953247,0.04681243747472763,0.20504117,0.8053285,0.83368415,0.78319716,0.7903627,-0.007036905868251335,0.06629131,0.08822048,0.909541,0.93897736,0.9027909,0.9074784,-0.0036259410762975257,0.02603509,0.31572437286376953
generic__0ab9e3bf089c71e2d454a42c0c8b656934192f80__爆炸菇（爆炸后）__v44__crown__c5344dbf__c0.mp4,0.25998962,0.75593865,0.883659,0.72565645,0.8073405,-0.009306000921094851,0.069608316,0.090393245,0.89956695,0.94925845,0.89956695,0.91589594,-0.003698810051552405,0.027231375,0.046569764614105225,0.015135628171265125,0.11592698,0.86971915,0.9147021,0.86971915,0.8797822,-0.004997544609039676,0.040438067,0.0456028,0.9461367,0.9643941,0.9461367,0.94913304,-0.002003031757038125,0.0154530965,0.49172067642211914
exact-r1__1fe1da738e16ac905f6dd4b6247a4e5e3a33f7e2__毒蘑菇__v194__coffee__dfa9b371__c0.mp4,0.81623805,0.37813562,0.4429669,0.13210437,0.13804877,-0.03639609222355568,0.28511038,0.46565348,0.7439702,0.72741354,0.50221986,0.52978957,-0.018309440714097312,0.15701176,0.3198108673095703,0.15332083404064178,0.26934868,0.80958337,0.7911401,0.68013334,0.6950315,-0.009074368731306492,0.07831636,0.15382439,0.88805676,0.8807343,0.82176363,0.82360137,-0.005649704648100799,0.04829881,0.24892915785312653
generic__31b74b126f6fafc4629493be8201689f500ebf47__爆炸菇（爆炸后）__v174__glasses__c872a838__c0.mp4,0.6832081,0.3770557,0.6433189,0.30606762,0.31990382,-0.03937471920086933,0.29523146,0.32628316,0.7310763,0.8366254,0.6689891,0.68849,-0.017465557799980123,0.13111176,0.17810440063476562,0.0795886293053627,0.2810461,0.7327944,0.84383184,0.70822966,0.7280389,-0.014522602612322036,0.105874635,0.15259135,0.8581493,0.9162138,0.8427588,0.85457003,-0.007946960775277373,0.057863433,0.4807618260383606
exact-r1__be704d41e34020ce8aa75f334f1de5e2a052e0f9__爆炸菇（爆炸后）__v1189__bubble__9885cfed__c0.mp4,0.81005466,0.15622017,0.3263008,0.14258137,0.15173769,-0.032081345515877845,0.26339588,0.45354587,0.5271368,0.6757967,0.52087384,0.52268004,-0.02268054103662843,0.15820424,0.2000199556350708,0.11792178452014923,0.53308,0.43661457,0.54576,0.42069545,0.4341377,-0.01930227896323789,0.16804689,0.2702971,0.7191533,0.7937183,0.7096697,0.712628,-0.012338403303161433,0.0892693,0.2506568133831024
exact-r2__c4bc889e53e3b7c097389fd3251b96bb18d2cf89__汉堡菇__v1229__glasses__4f6633c0__c0.mp4,0.7363814,0.34344143,0.5561042,0.23418579,0.3019871,-0.03500585814591925,0.2766207,0.19164288,0.82754755,0.872117,0.7894068,0.8213782,-0.007574699436251829,0.060235087,0.07568782567977905,0.04679323360323906,0.5114801,0.7328875,0.7624808,0.4601856,0.5443857,-0.012540628610863538,0.14078407,0.13616931,0.89951,0.9189102,0.850225,0.8852757,-0.004081766301464185,0.036882363,0.30470526218414307
exact-r1__f39b3a414eafab14a5cc8ef9210f5114fb7c24e0__蘑菇力__v1532__eyemask__57c54345__c0.mp4,0.6612386,0.358933,0.5568706,0.33036256,0.34160477,-0.025439738078786467,0.17825074,0.2429514,0.7579455,0.84107596,0.7514677,0.75494754,-0.009770654760330557,0.06765214,0.10111534595489502,0.06441231817007065,0.27600485,0.7170752,0.7978489,0.7155965,0.72137773,-0.009055156481595845,0.06685023,0.14522827,0.8531285,0.90548813,0.8500557,0.8532652,-0.005553918099214908,0.03921429,0.250358521938324
base-noprop__2b1e211233b0f0264e4dfff6fc8d00725b5b956c__毒蘑菇__v0__99a6c3a2__c0.mp4,0.08474356,0.87586695,0.9042894,0.87586695,0.8795825,-0.002971145298641191,0.021583328,0.03195083,0.9499941,0.95683306,0.94842875,0.9494986,-0.0010560981840955607,0.008028487,0.011159539222717285,0.007417119108140469,0.067126095,0.896536,0.9215773,0.896536,0.9063902,-0.0021029724316163497,0.015416883,0.02685225,0.95752543,0.96425015,0.9570464,0.9583645,-0.0008906286224546427,0.0066596693,0.694097638130188
exact-r2__f5ba1ce13b37950d02d7e32e049506ff144abc71__蘑菇力__v1549__eyemask__52d2a75b__c0.mp4,0.5605913,0.4342715,0.5738301,0.43046987,0.45142907,-0.020981595420790294,0.16999517,0.17984337,0.81466496,0.87163204,0.81466496,0.8250963,-0.006531389157762636,0.048812654,0.08227837085723877,0.06426145881414413,0.25556546,0.73549575,0.82765114,0.73549575,0.7501515,-0.010372248975184607,0.07367487,0.10137552,0.8932284,0.93589354,0.8931328,0.9046943,-0.004053405151065622,0.027949063,0.25473225116729736
exact-r2__45f95e4ccfc9b15e50ac6f5d00e336f2b5909182__吐司菇__v441__bubble__e2d9b949__c0.mp4,0.59259236,0.72993636,0.6742567,0.3729241,0.47516388,0.0006962205934901527,0.14332712,0.1462534,0.9196138,0.89666367,0.8325015,0.8476669,0.000542703647858527,0.03609609,0.045081138610839844,0.032424792647361755,0.46722314,0.8968917,0.832836,0.4982933,0.6645467,0.0055206200998762275,0.10688745,0.12261236,0.96028864,0.92908853,0.86240923,0.8777299,0.0020807604544718595,0.034569092,0.2258232682943344
generic__58f1eb94dfa1635a5bd8ef3c9f0f7ca945b65730__爆炸菇（爆炸前）__v337__bubble__f964e72a__c0.mp4,0.72076225,0.19901769,0.31801423,0.17616364,0.18658619,-0.02304141076185959,0.20102233,0.23762262,0.75548184,0.78986675,0.71673894,0.7427129,-0.006939500452501486,0.058378387,0.16412365436553955,0.12103136628866196,0.15924901,0.79118264,0.8099058,0.7637448,0.78016824,-0.003718506088369922,0.0337594,0.0924446,0.9023433,0.91089815,0.8808626,0.8972886,-0.0022115192630074365,0.019705042,0.45716893672943115
exact-r1__d36eed25472a949e97ad36dd59ce8359fe0c3013__炸虾菇__v1310__crown__87836f8d__c0.mp4,0.56028557,0.79182696,0.76653826,0.41784465,0.4827927,-0.018576433300500822,0.18095255,0.10922873,0.91890013,0.9319715,0.87952554,0.89045084,-0.0043502961811811925,0.034804866,0.0418623685836792,0.01994321122765541,0.27814603,0.8615229,0.85805804,0.69998413,0.7457037,-0.00940101137274338,0.08049639,0.06957388,0.94571775,0.9519146,0.9213879,0.92422545,-0.002766227003613943,0.02242384,0.30368471145629883
base-noprop__19c06779695d253483fe999e0232467a7bbc4669__爆炸菇（爆炸前）__v0__5f65d818__c0.mp4,0.78380406,0.61296964,0.5199076,0.19520867,0.24464136,-0.008258181392204147,0.2530207,0.3218215,0.8638617,0.81010205,0.66450155,0.6769741,-0.0027660718666234875,0.10366374,0.20380955934524536,0.1035228744149208,0.23516017,0.8500259,0.8371947,0.74385256,0.7650536,-0.00324661405425769,0.06368637,0.12162477,0.92395747,0.91362506,0.8683111,0.8736003,-0.0018936437462629648,0.036611326,0.42752939462661743
base-noprop__08447ead47d19cdf9b918908077ea735b8029732__爆炸菇（爆炸前）__v0__c1be1aeb__c0.mp4,0.6590124,0.7858734,0.62631476,0.3040052,0.3100347,-0.024540943649446548,0.26941055,0.21973252,0.91553915,0.865129,0.75549847,0.76005703,-0.007859874443103192,0.08759679,0.1577625274658203,0.07745407521724701,0.13505834,0.8695017,0.8799353,0.82891303,0.83243454,-0.005046107964553362,0.043817107,0.076508105,0.9436557,0.94258314,0.91087705,0.9129608,-0.00262204637169366,0.025579572,0.3812938630580902
generic__dfb07d087bbb45ae4ec093956c13cbcc5ca2bb4f__爆炸菇（爆炸后）__v873__flag__0921f662__c0.mp4,0.60326207,0.45893174,0.50115794,0.3536695,0.37369016,-0.019926746195484065,0.17641671,0.21039015,0.8134169,0.8251987,0.76910365,0.7782003,-0.0062374977372851815,0.05955321,0.11742216348648071,0.08683326840400696,0.1980235,0.81489277,0.820207,0.7618692,0.7730218,-0.0041368374004665575,0.04731914,0.09711063,0.9127021,0.912032,0.88633704,0.89088327,-0.0024293259434077993,0.025873484,0.5069019794464111
exact-r1__79aac7243697f42e910ae6d4b6bf107bbdc52ab9__毒蘑菇__v758__flag__9622a734__c0.mp4,0.57064223,0.4003768,0.58220845,0.4003768,0.4129231,-0.020408660409007625,0.15428819,0.18950993,0.7918316,0.8440437,0.7917622,0.7928535,-0.007315746998127257,0.054758925,0.07001549005508423,0.04644389823079109,0.2673095,0.7312391,0.7746285,0.70449775,0.7175624,-0.008985449968590577,0.0694403,0.13041556,0.8618471,0.8904876,0.8571594,0.8610409,-0.004912855537983745,0.037227016,0.27382320165634155
base-props__4f2c68a04c7fdb73063336d8553dc1cd8687e038__汉堡菇__v289__crown__3b0f189a__c0.mp4,0.73155034,0.3047154,0.3750016,0.22984776,0.26368824,-0.014638878316747343,0.1710655,0.27944505,0.70335686,0.75768703,0.6904243,0.7025424,-0.008007850218196161,0.06797615,0.1944568157196045,0.14284773170948029,0.18930227,0.79573274,0.8104252,0.77625483,0.7824024,-0.003707041853501393,0.039934196,0.10047799,0.88446504,0.9005347,0.8803063,0.88383037,-0.0024873802195424506,0.022923458,0.4208470284938812
exact-r1__b6f0ebc5fde8d5c7e26e23c7ad4b472e8dc0a955__毒蘑菇__v1139__crown__5e91c671__c0.mp4,0.81936336,0.25873816,0.41713876,0.15349025,0.17437254,-0.029681932122222057,0.23991553,0.38817757,0.7457434,0.78587085,0.5948737,0.6285795,-0.011716541977739145,0.107960604,0.1585320234298706,0.08029189705848694,0.65066147,0.43738875,0.6483233,0.3221923,0.38254592,-0.02812008895421688,0.21336906,0.2523558,0.82840157,0.8661628,0.7351829,0.77068317,-0.008064246754872453,0.06919936,0.22264966368675232
exact-r1__4684d4e3cc283d2f82a830567f416163b041076b__粽子菇__v446__scooter__0f8c7e43__c0.mp4,0.9861618,0.0035553845,0.4367701,0.0019869036,0.0027422542,-0.05924625660517351,0.41623765,0.6278395,0.39442974,0.6954509,0.36571294,0.39601868,-0.03644634476999048,0.25343895,0.41395747661590576,0.19814728200435638,0.4884429,0.6241588,0.7775565,0.49970597,0.6049699,-0.021923943058304172,0.15419564,0.21421641,0.80751973,0.89359814,0.7796704,0.8074915,-0.011087977956877399,0.07709468,0.33690235018730164
base-noprop__0d8ae407bd2be6cbaf00e2bc407478bbc70e81c2__吐司菇__v0__90509702__c0.mp4,0.12990272,0.90387535,0.9122829,0.8574507,0.87437797,-0.0017859592385914024,0.028576111,0.062610865,0.95404136,0.9546873,0.9248483,0.9447638,-0.001149372208730974,0.0131639205,0.032588183879852295,0.020286021754145622,0.08464241,0.93937796,0.9338076,0.90271115,0.9090225,-0.0011861339623748925,0.018576985,0.0330351,0.97357213,0.97497326,0.956745,0.9714833,-0.0006668475776792966,0.007025262,0.4361352026462555
exact-r1__37d6f23402e29597d71fc201777a1c65e4013d32__粽子菇__v365__flag__c00e4a65__c0.mp4,0.6364144,0.46097547,0.63330114,0.3460542,0.44942638,-0.026695175928325057,0.2014862,0.27969712,0.7518528,0.83844316,0.7089974,0.74118745,-0.013253172513524536,0.09545656,0.0834473967552185,0.04160624369978905,0.38576585,0.637777,0.7750111,0.5967029,0.6306717,-0.01926069397464573,0.1361258,0.19851708,0.8007213,0.8800494,0.7924448,0.79718167,-0.011083707743482604,0.0780201,0.2859572172164917
exact-r2__b4dda76fcb4d5ce0a269d5bda4ab6bd412c2999d__粽子菇__v1117__bubble__f1b925ce__c0.mp4,0.85911536,0.09020822,0.37678784,0.09020822,0.10087383,-0.04314562753431883,0.30930468,0.62770444,0.35295895,0.63617027,0.350379,0.35915667,-0.03523529836311644,0.24287255,0.343253493309021,0.1711040586233139,0.51205313,0.44223204,0.6400027,0.44223204,0.47698963,-0.023919133329579977,0.17248005,0.29669625,0.6842612,0.8072743,0.6842612,0.6905805,-0.01551439604269189,0.10681549,0.2030392736196518
generic__ef01e3e16837353e5fa278ba9d8c3a02e714ae93__毒蘑菇__v931__eyemask__80d334ac__c0.mp4,0.43926775,0.64366055,0.72570306,0.54820186,0.5917925,-0.01206761916635537,0.1469321,0.10386741,0.90172386,0.9211921,0.8817574,0.8915335,-0.0027727434639874034,0.032919474,0.06298524141311646,0.03735975921154022,0.15080988,0.8685597,0.887474,0.83665955,0.8466496,-0.0033098296096673637,0.042838376,0.046654522,0.95195436,0.9585519,0.9447426,0.9461952,-0.0012096617768404495,0.013754965,0.4822719097137451
base-props__ab6f99c5549581a128ce6f74321624ef1458176d__汉堡菇__v685__eyemask__62d9e5a4__c0.mp4,0.018605947,0.97551167,0.98027503,0.9747362,0.9759605,-0.0005800924282300155,0.0046024974,0.011501074,0.9840627,0.98765796,0.9840627,0.9845227,-0.00041454170532378965,0.0029695134,0.0024350881576538086,0.0012234216555953026,0.018605947,0.9755116,0.98027503,0.97473633,0.97596055,-0.0005800933705959509,0.0046024984,0.009391427,0.98649776,0.9888814,0.98649776,0.98658854,-0.0003225107202416861,0.0024036001,0.7880434989929199
exact-r1__63c6cd5b6ce97c724c348a679627c9f637af97f7__爆炸菇（爆炸后）__v627__scooter__9f990d4c__c0.mp4,0.86590594,0.11725484,0.50361496,0.112910084,0.11719165,-0.05275152420455761,0.37468857,0.47285396,0.515039,0.7722113,0.515039,0.52334714,-0.02719062619765287,0.186392,0.2740553021430969,0.12478150427341461,0.41508996,0.57635003,0.78225553,0.5640819,0.57963514,-0.022672647602944504,0.15366627,0.20267999,0.7890943,0.8969928,0.78723335,0.7944292,-0.011240763744346731,0.07650218,0.33693307638168335
exact-r1__d159c2b2b1965c390ab45ec6dc4d5bc86ee54588__蘑菇力__v1299__bubble__7591476c__c0.mp4,0.47101033,0.07089048,0.10099854,0.05320818,0.05853438,-0.007422627792822517,0.11121898,0.55117303,0.23995532,0.34943843,0.23995532,0.26198366,-0.012093659019163948,0.13254938,0.3444446325302124,0.28765377402305603,0.38792554,0.31064197,0.4346897,0.31064197,0.34936973,-0.011399532465831093,0.09299335,0.3458016,0.5084369,0.63709223,0.50752866,0.5232976,-0.010410866777416285,0.08118619,0.20913715660572052
base-props__9b466919eda610e8c73a0bd5a77aa817123053da__粽子菇__v629__scooter__ee29ce26__c0.mp4,0.22653425,0.895371,0.90824723,0.76233447,0.82949734,-0.005493813293724686,0.055451624,0.06701577,0.9590844,0.965899,0.92593396,0.93898857,-0.0018976877918356616,0.017498864,0.03209108114242554,0.006464647129178047,0.13542652,0.90736234,0.9259027,0.8534422,0.8952104,-0.0041633976306840025,0.034974944,0.038764715,0.9644159,0.9723638,0.95418495,0.9593032,-0.001396537651657584,0.011081592,0.566967248916626
base-props__45160a3209fab0c464a72ff9098bde522b4e0264__爆炸菇（爆炸前）__v254__scooter__4a80b0c1__c0.mp4,0.49992478,0.5073349,0.7532671,0.4851936,0.547037,-0.009250913566280277,0.13549194,0.15504432,0.8338101,0.90097,0.8338101,0.8450928,-0.0031188204001061245,0.037137683,0.08523648977279663,0.044030021876096725,0.14124644,0.84799993,0.88760984,0.84387195,0.84938246,-0.0027180275780410174,0.03161099,0.07146233,0.9190466,0.9449999,0.9190466,0.92257786,-0.0016521205426204763,0.016183734,0.5580607652664185
base-props__7477a8f5fd3a13dfd6406e169f1243b5549b5cc2__炸虾菇__v452__bubble__e02ebc45__c0.mp4,0.7633163,0.26695487,0.44893438,0.22181931,0.24171144,-0.035484023495271765,0.27402395,0.2623037,0.74915946,0.8111458,0.72717595,0.7421181,-0.011086422523019827,0.08780265,0.1769382357597351,0.11168872565031052,0.2115022,0.786169,0.84095156,0.7736336,0.7870933,-0.008001092276554328,0.063056335,0.09573799,0.89956367,0.9228344,0.895583,0.8998298,-0.0038943861430812735,0.030529117,0.563142716884613
base-props__a3ea0638c0bec1fb0f4c997a373d36ead037e385__粽子菇__v665__glasses__a3923a49__c0.mp4,0.09793329,0.92218673,0.8929085,0.85490435,0.86626375,-0.000447868476272103,0.022222053,0.030460238,0.9635839,0.95701295,0.94441366,0.94930214,-0.00016311700400628942,0.006404684,0.011657357215881348,0.006511537823826075,0.071534336,0.9246849,0.90303254,0.8813035,0.8856424,-0.00039832199750681227,0.016163839,0.023029506,0.9677234,0.96352434,0.95423883,0.9580384,-0.0002396343489409488,0.00485123,0.3134031295776367
base-noprop__28a9118cfcb39ecdaa356dae1cfd75d6409d77fc__毒蘑菇__v0__5a4d667e__c0.mp4,0.7725302,0.5228149,0.54550153,0.18633193,0.23548386,-0.026458398332237735,0.25582772,0.33865583,0.832463,0.8229283,0.64084005,0.67977625,-0.009227689134744768,0.105328135,0.2154303789138794,0.09562196582555771,0.20557594,0.8648764,0.85168284,0.7627542,0.7775567,-0.0058403039284845495,0.062317844,0.13500166,0.92207193,0.91855025,0.8534625,0.86829686,-0.0038113913870611673,0.041175973,0.31912368535995483
exact-r2__474f385571ae5a110c7956cc929fee320bb370da__爆炸菇（爆炸后）__v454__glasses__cfb81219__c0.mp4,0.5984334,0.4008332,0.6670701,0.39008793,0.41098285,-0.032849883373547,0.22777766,0.13928545,0.851634,0.90765697,0.8511101,0.85240805,-0.007148428809030275,0.049748737,0.08116203546524048,0.04660804942250252,0.21877658,0.7737216,0.85708195,0.76974475,0.77476704,-0.01047480630544806,0.074542984,0.066191256,0.9276562,0.95426494,0.9276562,0.92996216,-0.0030900856605160405,0.021676423,0.4946805536746979
base-noprop__182f83da0bcf36703e4fd5d1e28bc4008296ecaa__爆炸菇（爆炸前）__v0__4846a627__c0.mp4,0.50007296,0.9737667,0.7481304,0.49127626,0.49581048,-0.007302239949524169,0.2136805,0.1063295,0.98219025,0.93349624,0.8865027,0.8867878,-0.0016087179363009495,0.043957252,0.06638109683990479,0.03490637615323067,0.11888468,0.97414577,0.9211372,0.8724646,0.87441385,-0.0017151862618480372,0.045446504,0.044581294,0.98506844,0.9684025,0.94937146,0.9519061,-0.0006653391443222327,0.016107865,0.3536279499530792
exact-r1__37cf5b3121da345790097e2efc56911fb8dea3af__粽子菇__v364__flag__fb092b3e__c0.mp4,0.5967356,0.42605248,0.6118059,0.3951249,0.41093612,-0.03139682496960458,0.23303562,0.19602829,0.8049514,0.87021255,0.79956555,0.80176634,-0.010628096317585281,0.07745697,0.07347345352172852,0.045965973287820816,0.31346476,0.7184266,0.80847824,0.6783958,0.6909809,-0.014678837989158812,0.10440571,0.12844944,0.8724228,0.9161786,0.86714435,0.86890244,-0.006939180754861344,0.05040197,0.3106558620929718
exact-r2__ef42d53ed8b791605eae85aa1492240bd9a4a695__汉堡菇__v1502__bubble__5afa3d17__c0.mp4,0.7948966,0.31351393,0.45505425,0.15418819,0.22647965,-0.02906256325160091,0.23557332,0.23509282,0.7841095,0.8204289,0.7418578,0.7479576,-0.009142694796026937,0.07029962,0.10235583782196045,0.05866703391075134,0.51915085,0.73255837,0.6865167,0.43397224,0.50769526,-0.011321255429224544,0.14974932,0.16187304,0.8809135,0.879096,0.8203397,0.83772564,-0.004561141663389263,0.044763993,0.1642206907272339
exact-r2__01a6567f10a570751973e6ec60ed6bde441ec10f__爆炸菇（爆炸后）__v14__eyemask__90e390c5__c0.mp4,0.7812737,0.21482727,0.3566616,0.21458569,0.21557912,-0.026066095196446884,0.22928709,0.4484015,0.5518317,0.6915785,0.5492293,0.55180895,-0.01918934715595171,0.13763551,0.27239322662353516,0.1852363646030426,0.32812488,0.6755016,0.7527748,0.6677345,0.6696434,-0.01200040379767362,0.09222539,0.17600816,0.82239497,0.8768147,0.82162255,0.8221915,-0.007340116993240691,0.052180152,0.2012605369091034
base-noprop__85485675b9afc7fa463bca0fd81c644d405acb2e__炸虾菇__v0__68bece95__c0.mp4,0.59702826,0.29357687,0.42225373,0.25431252,0.28140238,-0.019601068978488678,0.15366775,0.27612782,0.717727,0.76832,0.6585338,0.67442155,-0.009242118523997271,0.07649828,0.21026712656021118,0.1397518813610077,0.16154802,0.83174634,0.82275516,0.75302625,0.77642924,-0.0023368794927483985,0.03474701,0.10656297,0.9038749,0.9080719,0.85453725,0.8742759,-0.002450910599335385,0.026345428,0.381427139043808
base-noprop__1d5a1c958b3030b64164f55cfb9fdefdf2716651__蘑菇力__v0__a7cebd0b__c0.mp4,0.13300365,0.96394956,0.92732656,0.8441831,0.8847789,-0.0017425490933444718,0.03759827,0.044101357,0.9760749,0.9625876,0.93752944,0.9465971,-0.0006482764901851073,0.013990336,0.0221402645111084,0.01221348438411951,0.09354985,0.96437454,0.94104147,0.8841127,0.91561353,-0.0013241058163963426,0.025538363,0.027260303,0.9823539,0.974801,0.9596697,0.9656182,-0.0005007014562018738,0.00882573,0.49727967381477356
base-props__24dc1f3ba782c8b6cd325590627ea2ed97b93833__毒蘑菇__v126__scooter__6fdbfbad__c0.mp4,0.3519001,0.85055804,0.76269233,0.5756571,0.640371,-0.004393357768831531,0.110469565,0.08128965,0.93343854,0.91012067,0.8761898,0.88119626,-0.0009344463409642417,0.024409061,0.059173583984375,0.03910209611058235,0.08348858,0.8993021,0.880675,0.8451395,0.8516201,-0.0007366854329354231,0.023863848,0.03879893,0.9578874,0.9492228,0.93534195,0.93738306,-0.00041885026123214227,0.0104101775,0.6490262746810913
base-props__1cf0944b8af6ac43f6f7e794a0d68118b7de888c__蘑菇力__v105__coffee__c045b076__c0.mp4,0.3087147,0.97151816,0.8277247,0.6791064,0.6935746,-0.002117189435148429,0.117552966,0.085314035,0.9848577,0.942515,0.90860033,0.90975064,-0.0006475348482018925,0.03220834,0.047072768211364746,0.026262620463967323,0.13671994,0.97173506,0.9098882,0.85110104,0.8607326,-0.0012682190996856075,0.048144728,0.040368676,0.98592985,0.9687776,0.9537121,0.9541884,-0.00048012136235067276,0.0140361525,0.5449740290641785
exact-r2__6474718652c3298f3ac628f29426024c3a14fa73__炸虾菇__v630__scooter__a8183c89__c0.mp4,0.84081745,0.16094136,0.41161758,0.14661631,0.14866903,-0.045153338226522885,0.3514801,0.38202316,0.6084898,0.78447026,0.6084898,0.6259588,-0.019674652826644688,0.13438883,0.25963395833969116,0.13199786841869354,0.26135302,0.7396394,0.8238192,0.7260808,0.74144083,-0.01183898517265621,0.086085595,0.12872589,0.86812377,0.9164681,0.86368966,0.8670898,-0.006402539111408785,0.044263776,0.3158501386642456
base-noprop__2158ac4b40c183c04669f63ff768ba9ca348a0c7__蘑菇力__v0__d2d49a05__c0.mp4,0.6351984,0.6028161,0.56939745,0.34377187,0.36254662,-0.021061614420809758,0.195463,0.26512778,0.8315555,0.82324326,0.72545636,0.7291127,-0.00900741916871354,0.08075353,0.18094700574874878,0.10605836659669876,0.16536582,0.868747,0.86814165,0.81494,0.82912177,-0.00395260132819767,0.038585823,0.086735666,0.9289391,0.9293016,0.9050213,0.9063268,-0.002501576844411428,0.023713036,0.5131710767745972
exact-r1__4ad750ed37eb0ade2e0d9bf6801c7c417a005531__毒蘑菇__v478__eyemask__4d71b6ae__c0.mp4,0.832052,0.13195753,0.22060414,0.118389115,0.119981274,-0.017654724374943576,0.17450768,0.5654647,0.4101022,0.5745135,0.40602243,0.40852058,-0.023007823897915863,0.16102743,0.3593142330646515,0.24886561930179596,0.37458843,0.57932884,0.67647743,0.57932884,0.60299796,-0.011106552813835303,0.08843161,0.21829534,0.7595322,0.8233791,0.7595322,0.76351124,-0.00814912047075189,0.05841282,0.4705868363380432
exact-r2__32dd046cc33c87913a63ceb3d332e99d5929fcfb__爆炸菇（爆炸后）__v338__coffee__b1adb7ff__c0.mp4,0.65504426,0.36455593,0.65006673,0.3311916,0.3509175,-0.023426883217138747,0.21590956,0.18476397,0.82358444,0.89405566,0.8075087,0.8116697,-0.006605635989796057,0.057047535,0.10816323757171631,0.05050011724233627,0.17542982,0.8110505,0.8771592,0.8110505,0.82148457,-0.0050319825472096655,0.0460209,0.08400643,0.9103403,0.9445557,0.90940726,0.9108814,-0.0028512170427872764,0.024268897,0.19587023556232452
exact-r1__60d3f25a0f1d299931711b15c4b35f349c86c157__毒蘑菇__v612__scooter__1d27755f__c0.mp4,0.77162033,0.06489329,0.14198224,0.061079923,0.06692453,-0.016411689161635917,0.20944786,0.6122678,0.37237626,0.52551425,0.32810497,0.34155813,-0.023194873815939848,0.17475353,0.2406999170780182,0.18219301104545593,0.70450026,0.22909673,0.41501883,0.21221489,0.22879797,-0.02467060608885035,0.19302388,0.39690143,0.5879717,0.7077073,0.5670109,0.57342714,-0.016372357138060768,0.119694464,0.1288338303565979
exact-r1__f0ded2281369569374226c3d97d3dbf8e365ae0a__毒蘑菇__v1514__glasses__6529c6b9__c0.mp4,0.79096746,0.1922907,0.26946267,0.08571636,0.1329698,-0.014016803206780216,0.15606289,0.39153272,0.5702894,0.6546212,0.55224854,0.5618873,-0.012817161003120333,0.09497845,0.24917256832122803,0.1784982532262802,0.24066901,0.70549107,0.7353071,0.66380334,0.69414514,-0.006307058595857128,0.054652296,0.17095262,0.8112086,0.83311945,0.78832483,0.80066824,-0.005127774691393247,0.04246946,0.33511883020401
exact-r1__ba85413746dea437ec08f5638d106fcbddab3966__粽子菇__v1165__eyemask__ee2bc5e8__c0.mp4,0.46345234,0.52193666,0.7261878,0.51757133,0.523868,-0.02306449919821246,0.15637268,0.1275695,0.86480254,0.91798,0.8612031,0.8650995,-0.0058636685369514345,0.03974509,0.051983535289764404,0.03136385977268219,0.23278213,0.76421165,0.84933555,0.74824166,0.7644338,-0.010527647413283965,0.072616115,0.07809013,0.9159953,0.94934386,0.9131866,0.91621846,-0.003685256296938129,0.024814187,0.21260890364646912
exact-r2__924031cbf126b245cf9afc8c24e5945a1e2524ab__粽子菇__v907__crown__f744010f__c0.mp4,0.7980714,0.29357624,0.6034954,0.17702045,0.28911942,-0.04118848846776212,0.2998813,0.32765168,0.7246756,0.84777915,0.6529335,0.72404754,-0.015395046458413962,0.11263218,0.13994884490966797,0.06053296476602554,0.556324,0.6998378,0.78265315,0.4187678,0.6130686,-0.018899402010582197,0.16251965,0.20960593,0.86449134,0.908312,0.7789862,0.84617704,-0.008092206928569818,0.06400374,0.32367199659347534
generic__deb8dcc91484de67c08304d54dba061741b046a8__毒蘑菇__v870__coffee__64902ddf__c0.mp4,0.11629808,0.94219357,0.9149015,0.8632554,0.86810225,-0.0021554016666450013,0.03407395,0.04397112,0.96951175,0.9603551,0.9437051,0.9464381,-0.000988739281303823,0.01200702,0.023363173007965088,0.014038399793207645,0.08286816,0.95031,0.9339385,0.8966854,0.91217595,-0.001362194951343918,0.02043038,0.028733432,0.97776663,0.9743935,0.96281964,0.9671505,-0.0006140881611895821,0.007262023,0.7139158844947815
base-noprop__3bebabbc637c0e47cdac3a89bb497c6c48ee197b__蘑菇力__v0__9b911419__c0.mp4,0.28861487,0.9715776,0.84711987,0.6971215,0.7213149,0.001705181810695666,0.1071477,0.07414317,0.98155963,0.9491035,0.91658735,0.91807675,0.000488285137259434,0.027055824,0.04448390007019043,0.022838346660137177,0.10000533,0.9727994,0.9228206,0.88573086,0.88880086,0.0015256242907565518,0.03424282,0.032479644,0.9861946,0.97194177,0.96080995,0.9610193,0.0003046395750384996,0.0106714135,0.610721230506897
base-noprop__6789eb569ba9201716016a5c210359d9e3d43278__爆炸菇（爆炸前）__v0__f822ca90__c0.mp4,0.74359256,0.65151,0.60317266,0.23168166,0.24996579,-0.010505488532569569,0.2648489,0.24639368,0.8864351,0.86456496,0.73139966,0.7433242,-0.0028918142257471848,0.08522462,0.1914188265800476,0.0825955718755722,0.14234698,0.8758253,0.88644296,0.8331759,0.83630025,-0.0038796554323241726,0.046975117,0.06506568,0.94464725,0.94716054,0.9209975,0.924022,-0.001702996758604249,0.021275405,0.40776580572128296
exact-r2__bbfb3f8d2ea190b8b909c93b9f01e4a1965419b1__爆炸菇（爆炸后）__v1178__bubble__a0db171b__c0.mp4,0.73620754,0.1632474,0.3407413,0.1632474,0.18833727,-0.021471772077879887,0.18423049,0.4156704,0.5290561,0.7170826,0.5290561,0.5604359,-0.016453284814423725,0.11359717,0.30902034044265747,0.15504223108291626,0.20940828,0.7133893,0.7743645,0.7066822,0.71450514,-0.007418901140510809,0.06174608,0.13268197,0.8380764,0.8721248,0.8322474,0.8391714,-0.004753748418785375,0.03724752,0.34222614765167236
exact-r1__b5f3ed9751741b54d2b7860eb77b985aaee98b64__粽子菇__v1128__bubble__6e70acea__c0.mp4,0.8595521,0.084302574,0.27351236,0.076479375,0.08001359,-0.03488360696542169,0.2768382,0.56085646,0.40822157,0.6221851,0.40710726,0.41695124,-0.02763936751091435,0.18886033,0.33745133876800537,0.18817918002605438,0.4784858,0.5901393,0.6647834,0.45916846,0.554762,-0.012398263417449387,0.12334542,0.24056107,0.7428617,0.81036425,0.7347617,0.74359864,-0.009211383377139287,0.069875605,0.16640517115592957
base-noprop__36eb6a2b312cae414c0f305a4fd633fb23cd8654__毒蘑菇__v0__5010e42b__c0.mp4,0.45562226,0.7761559,0.7238392,0.5154354,0.55454224,0.003414827490983739,0.12107147,0.14813155,0.9002012,0.89462805,0.8366376,0.85188824,-2.6112724198657192e-05,0.035660073,0.09429585933685303,0.04376606270670891,0.15794289,0.86121076,0.86147624,0.81311476,0.8233204,-0.001321397751216366,0.03895383,0.064285696,0.9316796,0.93839407,0.9226588,0.92449385,-0.0009716482972910369,0.016001571,0.5011071562767029
exact-r2__926b75ca53aa1b77cedc8561681d4d79a3dc51b8__爆炸菇（爆炸前）__v911__flag__da5610be__c0.mp4,0.818895,0.47969303,0.4196028,0.15584889,0.19536422,-0.016690152921813275,0.21156383,0.34634793,0.79887486,0.7583057,0.63626826,0.6677251,-0.00660425813301751,0.09043931,0.24470484256744385,0.13790053129196167,0.22931838,0.83212185,0.8336002,0.7454254,0.7913886,-0.00534624497409866,0.049837276,0.13786668,0.8926956,0.89620626,0.85092604,0.8657774,-0.003821112127172143,0.033302974,0.4465552270412445
base-props__b4b495bee5ab16d6e8983a341ab6f3d948ed5f6c__爆炸菇（爆炸后）__v719__eyemask__b58922f7__c0.mp4,0.1902721,0.7681066,0.86860865,0.7681066,0.79497755,-0.007413583605185798,0.051230304,0.063170314,0.9144914,0.94507307,0.9144914,0.9205968,-0.002516427647926133,0.017045768,0.025889337062835693,0.010952441953122616,0.12156987,0.8391645,0.8881586,0.8391645,0.85737556,-0.004496681360387996,0.031485755,0.041915774,0.9398122,0.9560256,0.9398122,0.9454568,-0.0015689605780741034,0.010915559,0.5200332403182983
generic__ea0af3c357ca9e440d20ba13a8d5e54a56d394ba__炸虾菇__v912__glasses__0a785c0f__c0.mp4,0.4693581,0.5277954,0.8630911,0.510077,0.5579732,-0.018970571546686535,0.15849744,0.10587782,0.8795605,0.9410992,0.8774922,0.8798871,-0.004960989056839762,0.035259534,0.03833824396133423,0.017980078235268593,0.20658255,0.8094643,0.91183835,0.77285266,0.78917587,-0.008828270517790287,0.06753771,0.07237387,0.91704917,0.9590794,0.91540015,0.91754574,-0.0034398438902240305,0.024355717,0.3282356262207031
exact-r2__f5956eb61a549d5be8e0160eeae49cb4cbf25a86__蘑菇力__v1548__eyemask__6bd3e0ce__c0.mp4,0.8018386,0.20491078,0.35233298,0.18586792,0.2017824,-0.02966891741564152,0.26036,0.42280382,0.59066236,0.702721,0.5712822,0.58343726,-0.016423875223035404,0.12851395,0.26035791635513306,0.1686907559633255,0.31673598,0.6907557,0.74867815,0.67097044,0.6761081,-0.011375545336323768,0.09244534,0.16622835,0.830521,0.8714117,0.8280288,0.8319042,-0.006134880154500357,0.050404314,0.19998015463352203
base-noprop__06e63e8138296f08358590534d1c65535297e3a7__毒蘑菇__v0__1ed754bc__c0.mp4,0.46422857,0.7303729,0.672806,0.52739376,0.53265685,-0.005718425034063129,0.14558224,0.13105494,0.9054427,0.9016738,0.86456156,0.86835,-0.0023080892124666018,0.038181197,0.08735764026641846,0.05531774461269379,0.13869923,0.8653233,0.88607264,0.8529231,0.86029327,-0.004278904423412136,0.03895883,0.04969418,0.94988513,0.95699143,0.9459223,0.94650745,-0.0015413852430615099,0.014177027,0.6344884037971497
exact-r1__90782196f289a65e2ba2d9252e68e2e48e27ced0__粽子菇__v899__crown__269e9a7a__c0.mp4,0.6173006,0.585935,0.6447039,0.37329954,0.4579118,-0.013116327199068929,0.14875771,0.15653515,0.88957787,0.90070426,0.836315,0.8726888,-0.0027453637877000647,0.031216219,0.045792996883392334,0.029673008248209953,0.48047185,0.77486026,0.7897709,0.51012826,0.65344626,-0.005600728418516094,0.10485732,0.116175234,0.92199457,0.93037736,0.87747735,0.9068056,-0.0020766993285167776,0.02323849,0.3652123212814331
exact-r1__162906640246ef44f99db4ad49276c513665eb1e__爆炸菇（爆炸前）__v142__glasses__6207d034__c0.mp4,0.18941325,0.85836583,0.8876245,0.8038161,0.8392619,-0.0056563786602774144,0.050692115,0.06061977,0.94396085,0.9554471,0.9345555,0.9424324,-0.0021791351524737515,0.018165294,0.03478926420211792,0.02034737542271614,0.09741044,0.90087557,0.9221692,0.89581895,0.89818704,-0.0035525191678360004,0.029926492,0.028661072,0.97181153,0.9757945,0.96686584,0.9703376,-0.0008783612562262529,0.0077415956,0.3269502520561218
base-props__36eb6a2b312cae414c0f305a4fd633fb23cd8654__粽子菇__v193__eyemask__b2ee2dfe__c0.mp4,0.66503376,0.6444341,0.6184723,0.3153503,0.32452855,-0.011966567059515022,0.2222425,0.30153388,0.860191,0.8432032,0.6892088,0.7082791,-0.00482013703806128,0.09269772,0.22073477506637573,0.09307927638292313,0.15239501,0.8592293,0.87817955,0.827989,0.8353831,-0.004757823974718712,0.04588265,0.0822497,0.92700934,0.9362825,0.90894693,0.9107939,-0.0026655556420563556,0.025950005,0.5999425649642944
base-noprop__11cbd6bb7e2ef5f62a971e19d40e2ef2d0d3b3f7__爆炸菇（爆炸后）__v0__a6c62d12__c0.mp4,0.60583967,0.29089862,0.4500921,0.23031573,0.2501268,-0.0238931041814593,0.19992065,0.24420023,0.7184586,0.7918391,0.6937974,0.7087932,-0.009808061151165273,0.081497036,0.2260674238204956,0.14094822108745575,0.08335656,0.856021,0.8681401,0.8324423,0.84722346,-0.002549771558154704,0.02262749,0.04820484,0.9177484,0.9327873,0.91589594,0.91777086,-0.0018828797481747874,0.014551853,0.6058306694030762
generic__b2d3b11f7cc10d19163a3940e12f64f147409d54__粽子菇__v713__flag__5f4b5c50__c0.mp4,0.88111573,0.11394154,0.31020713,0.109967366,0.11148733,-0.039029329124352204,0.35301796,0.47286952,0.5240134,0.66251683,0.5223038,0.5230832,-0.023706758917555984,0.18069188,0.1615932583808899,0.10908666998147964,0.6878946,0.31766105,0.47980088,0.30318853,0.3104881,-0.03098300137656481,0.2650222,0.32149875,0.67905486,0.77160347,0.6736746,0.67812043,-0.015662347846351603,0.11962547,0.19559620320796967
exact-r1__46fdb8adba853657fade52d259f8ee4cb1b28dde__爆炸菇（爆炸后）__v451__glasses__c87c68d3__c0.mp4,0.7856494,0.14590083,0.33976546,0.1451863,0.15139827,-0.03030969133313466,0.2368856,0.50061274,0.46458253,0.63660413,0.46320784,0.47652638,-0.02212875144990535,0.15533806,0.2983973026275635,0.21569952368736267,0.2811097,0.6614641,0.7650391,0.6545522,0.6694672,-0.011332972483201469,0.07837312,0.21108824,0.7607756,0.8523037,0.7583084,0.77128786,-0.009072961661184263,0.06221709,0.3134050965309143
exact-r2__0399b7e1281139c389c4f871736e53e2fab0d75d__爆炸菇（爆炸后）__v25__eyemask__9d8c5219__c0.mp4,0.4442037,0.35043123,0.5938276,0.35043123,0.35937065,-0.023678842711118846,0.16443615,0.15466058,0.784466,0.8615064,0.784466,0.7922137,-0.0074923572686349995,0.05155517,0.08912813663482666,0.05066029354929924,0.20730877,0.71442145,0.80176675,0.687991,0.71217996,-0.00947401881689141,0.06827037,0.09877908,0.87359416,0.9121668,0.8668909,0.87734985,-0.0045684060089201855,0.032475885,0.26874351501464844
exact-r2__631681b89d48f73fa9b84e8c908a589e6776cc2c__爆炸菇（爆炸后）__v623__scooter__7a01a60b__c0.mp4,0.69266886,0.38184345,0.7803324,0.28687757,0.50514376,-0.025874145446794315,0.19552691,0.19417113,0.82371634,0.92330664,0.795246,0.8572414,-0.0075069945673697566,0.054178696,0.13451886177062988,0.034327488392591476,0.15263534,0.8469602,0.89884275,0.8269112,0.8340618,-0.006774743555091588,0.048114944,0.059942245,0.9311812,0.95763403,0.92976487,0.9309892,-0.0027631097749287897,0.019447852,0.6012358665466309
generic__db8515de9bb0464fda393bf87d44ee920714f2f6__汉堡菇__v851__bubble__5c7bd097__c0.mp4,0.48029894,0.46823996,0.6415804,0.46276593,0.5064718,-0.01873677904191226,0.1321465,0.14902747,0.83302903,0.8709167,0.8165666,0.8239885,-0.00566757367298066,0.04019457,0.08912378549575806,0.06346017122268677,0.13931167,0.82038754,0.855759,0.8087681,0.81590664,-0.00465318584159428,0.03519404,0.07294589,0.9164079,0.9343769,0.9056904,0.90894294,-0.002854245100096761,0.020442417,0.5978468656539917
exact-r1__62c4b310812464715b031f8b6b51ec5b65e0d3ee__毒蘑菇__v621__scooter__765f63a6__c0.mp4,0.91710746,0.0678066,0.31040815,0.05301917,0.059995912,-0.043801829553846094,0.3367611,0.63845444,0.38499266,0.6088954,0.34725332,0.37931457,-0.032920473384056174,0.23607755,0.4745372533798218,0.25806137919425964,0.3566457,0.6540886,0.7611804,0.6134808,0.6528392,-0.015603242537720887,0.1109148,0.20397866,0.79524916,0.86695695,0.7827872,0.79600406,-0.009753235479588576,0.06820218,0.3272283673286438
base-noprop__90d2739dfb7858927d0f47919eb4bdb9a91380c7__粽子菇__v0__89b8b153__c0.mp4,0.6663799,0.24619293,0.4286137,0.23966421,0.24872968,-0.014884538521526382,0.16883935,0.37305653,0.5923296,0.7546035,0.5838872,0.5994603,-0.010141871545625767,0.093773104,0.2755652666091919,0.13956725597381592,0.16998398,0.7879,0.80583155,0.76750565,0.77578396,-0.0024632583022588823,0.039252438,0.12074822,0.8658528,0.8941707,0.85787207,0.8667928,-0.0025084377984284393,0.02782331,0.4333396852016449
exact-r1__b68bd790b0276728d5b0df42061a7a6cb4e51370__毒蘑菇__v1135__crown__27f578bc__c0.mp4,0.69617903,0.34743518,0.4258994,0.23737302,0.26140592,-0.018942537765375723,0.19494854,0.29762572,0.7614897,0.7844662,0.6649351,0.71388364,-0.006527690960484541,0.071158774,0.08650374412536621,0.0638066753745079,0.4421458,0.7082461,0.71384394,0.49252358,0.5646746,-0.007644458751197872,0.103586964,0.21935183,0.83129764,0.8482729,0.75143886,0.79566836,-0.005015876747873937,0.052641295,0.3063601851463318
exact-r1__e788516b536549b961694ff7e61e27486033c7f1__吐司菇__v1452__eyemask__4ec83f1f__c0.mp4,0.5303551,0.45809042,0.6699903,0.45464885,0.45678455,-0.022867592044263023,0.16034344,0.16068369,0.82900596,0.9010838,0.8264985,0.82927537,-0.006972734282610472,0.049498748,0.0727459192276001,0.04076199606060982,0.19537681,0.78971946,0.85391486,0.78971946,0.79434,-0.006821387370113345,0.051569656,0.094736874,0.8989558,0.941846,0.89773524,0.9012774,-0.003970177041683263,0.028307235,0.1808660924434662
base-noprop__33159c17b1b4cc97be3acad43a606bfdc0461807__粽子菇__v0__2af2fcd8__c0.mp4,0.12179303,0.97026134,0.9288837,0.8639681,0.88048697,0.00013500304796949426,0.03974434,0.049416125,0.9812216,0.9654125,0.9421261,0.94628406,-2.348275759474636e-05,0.015917698,0.021800696849822998,0.008491546846926212,0.0961498,0.97026134,0.93958026,0.88961124,0.91175836,-0.00023735694498886562,0.029593017,0.03455931,0.98261446,0.973904,0.9570615,0.96394026,-0.000257234328349115,0.009985078,0.49426719546318054
exact-r1__2554fe92bd1bd8c064abb9c345b6a326d198823d__炸虾菇__v239__eyemask__99b2f130__c0.mp4,0.678257,0.3272497,0.56741786,0.28515384,0.30910516,-0.025099369524260305,0.17988932,0.22753805,0.7613673,0.85738146,0.7491464,0.7675137,-0.009278483247097307,0.063263014,0.11230188608169556,0.06270324438810349,0.23007333,0.7336526,0.8133394,0.7333374,0.738754,-0.008370183143219944,0.05957474,0.12003279,0.86755335,0.92008483,0.8614483,0.8687165,-0.00504744912795868,0.034263927,0.23053711652755737
base-noprop__2c164d8e794e57d3dbeecb7a01572c433d3d03f3__毒蘑菇__v0__ff0057fc__c0.mp4,0.27572185,0.9620042,0.8683296,0.71887565,0.76344794,-0.0017751669695254973,0.0899859,0.06949061,0.98177683,0.9541229,0.9209469,0.9246148,-0.0008462183324716012,0.02564707,0.03337186574935913,0.015988921746611595,0.12741518,0.9627719,0.9196516,0.86718225,0.87238586,-0.0013966901971417393,0.04265407,0.041679084,0.98262435,0.97011185,0.9532364,0.9539919,-0.0006862036559892658,0.014023678,0.5410673022270203
base-noprop__24dc1f3ba782c8b6cd325590627ea2ed97b93833__吐司菇__v0__72a2ef73__c0.mp4,0.2913797,0.9514483,0.91986936,0.69844747,0.76337624,-0.004072562154573916,0.08971281,0.08579737,0.97341764,0.9646885,0.90397304,0.90756434,-0.0013708317939471837,0.029111162,0.03743928670883179,0.011385772377252579,0.11341697,0.9535187,0.9505628,0.87641007,0.8899884,-0.002326415225922365,0.033881962,0.053272307,0.9802331,0.9760743,0.94102466,0.9427636,-0.0009619534133451302,0.01754044,0.42877456545829773
exact-r1__626b6bd3e31f1f1f566ad8589123249d6c71e87e__爆炸菇（爆炸后）__v620__scooter__c59c39e4__c0.mp4,0.8401973,0.17868496,0.35521403,0.14845052,0.15796418,-0.03546538726673298,0.30237335,0.34231025,0.75680315,0.7790321,0.65108025,0.6607151,-0.012986631614888621,0.11154433,0.20077955722808838,0.12114763259887695,0.34810495,0.696428,0.75866205,0.64054286,0.65731615,-0.013915331526236113,0.1150358,0.14729351,0.87917954,0.90017974,0.8468025,0.8562352,-0.005845225081142249,0.047597524,0.3469296395778656
exact-r1__372c7ce27e46c7f4d9e0604e9cd9045cf4bdec52__粽子菇__v362__flag__cffdcb8f__c0.mp4,0.5478938,0.44399968,0.64171875,0.42940754,0.43907118,-0.024829691901744128,0.17420515,0.20290631,0.7919929,0.857127,0.78408283,0.78624046,-0.00932676030006336,0.06580193,0.0761113166809082,0.04344555735588074,0.27578717,0.75006485,0.7996071,0.701514,0.7236343,-0.010622640018877784,0.078963816,0.12774432,0.86548305,0.9005724,0.8599782,0.8609471,-0.006025415929881018,0.043907523,0.44254976511001587
exact-r2__9246f4c2cfaf94dbb9aaf761e9ed5784d548c111__粽子菇__v908__crown__619a8663__c0.mp4,0.93734705,0.06372662,0.14785202,0.052072026,0.057793885,-0.018139221668685153,0.2166878,0.5833764,0.47683555,0.5831631,0.41052124,0.47114503,-0.01708738977023265,0.14086033,0.18454322218894958,0.13515082001686096,0.773471,0.23005298,0.40978757,0.21594821,0.23462339,-0.024817213371926154,0.18953349,0.43695444,0.62840515,0.7183138,0.5572532,0.62312233,-0.013520952269965027,0.106759556,0.13935035467147827
base-noprop__9fbd18735103fe1b5d2240e6fd020546f1e15e3a__粽子菇__v0__e694f714__c0.mp4,0.78332615,0.21101761,0.4225021,0.1980691,0.20085165,-0.03776711464046018,0.29018515,0.46741533,0.53599536,0.6938992,0.52246463,0.5301102,-0.025000618851703148,0.1787598,0.3162362575531006,0.19823598861694336,0.26079535,0.74145925,0.815531,0.7206,0.7229675,-0.012483123203982491,0.089988016,0.15683585,0.8429964,0.89213514,0.83304614,0.8349435,-0.00788112055407211,0.056376476,0.4585212767124176
exact-r2__60d3f25a0f1d299931711b15c4b35f349c86c157__毒蘑菇__v612__scooter__1d27755f__c0.mp4,0.77003205,0.19846514,0.59097445,0.18607832,0.19266836,-0.038722524544584885,0.27924222,0.1901927,0.7932546,0.88186204,0.7886299,0.79407257,-0.00883815646642755,0.06276175,0.11247187852859497,0.05805855244398117,0.17809838,0.8145355,0.8613141,0.7804025,0.8089217,-0.006021164622702624,0.045751996,0.08461285,0.9052308,0.9399206,0.89745,0.9018515,-0.003535497565514488,0.025053421,0.38409191370010376
base-props__5fb311357441af70b6b5eaa1482d7a943ed2f0ac__爆炸菇（爆炸前）__v362__flag__46fe29b1__c0.mp4,0.36721098,0.68082416,0.7903743,0.62497675,0.65162337,-0.015558971541201175,0.12067818,0.107474804,0.9013181,0.9315576,0.8854464,0.8982613,-0.004414510703369541,0.0334801,0.06244474649429321,0.030978959053754807,0.15779036,0.8668698,0.8921727,0.8343974,0.84549576,-0.00599737406483751,0.048923552,0.046185076,0.9530375,0.96253663,0.94709736,0.949566,-0.0018645868353221922,0.014729784,0.427318811416626
exact-r1__34495e2b0882ddeaad3237f3947906d32c637b3c__爆炸菇（爆炸后）__v347__coffee__78676887__c0.mp4,0.77205414,0.34491253,0.65516204,0.21659584,0.24779046,-0.040056878708214616,0.2919286,0.23082674,0.7842586,0.8856364,0.76073706,0.7693319,-0.01145890814513558,0.08176709,0.13254553079605103,0.05411146953701973,0.19895154,0.8048545,0.88310033,0.7896985,0.7936355,-0.009711610057608431,0.06791288,0.10863167,0.8834196,0.93974787,0.88293207,0.8887616,-0.005285244744285781,0.03641678,0.1932818442583084
exact-r1__18550aeb254f3fee4e7bf9994a4d3d285dbf113e__爆炸菇（爆炸前）__v155__glasses__f5b23df7__c0.mp4,0.72030413,0.11533918,0.25760183,0.10784653,0.11255723,-0.018060261692866505,0.15847114,0.53729403,0.40626273,0.5909633,0.3936836,0.3992424,-0.020065925661989836,0.15049784,0.35458874702453613,0.252592533826828,0.3144275,0.6217574,0.7374572,0.58950937,0.5984146,-0.011692496156504023,0.08933153,0.21235543,0.75113845,0.8435557,0.7470556,0.74841917,-0.008873942989134506,0.06575251,0.3180537819862366
base-noprop__26dbb8ae31663566874e3c69116675e0a5c2f687__吐司菇__v0__fb6841e0__c0.mp4,0.16665328,0.8334569,0.857268,0.7644614,0.7928748,-0.001578952660673694,0.049356464,0.06836659,0.9236287,0.93360585,0.89994645,0.90772074,-0.0007277020352631111,0.01962781,0.03909868001937866,0.018702877685427666,0.06834638,0.86720526,0.8980881,0.86720526,0.8765674,-0.0012904925073088393,0.019070012,0.035099268,0.93981355,0.95230883,0.9373999,0.93998176,-0.0006496609435250944,0.010104225,0.48722174763679504
base-noprop__28a40bdc8031c3ded5a744a31c764d0180862532__炸虾菇__v0__390f19c5__c0.mp4,0.48239452,0.5876523,0.6056799,0.43875962,0.44802693,-0.017246273548706743,0.14947245,0.17130393,0.84410715,0.84913826,0.78842443,0.79778504,-0.005856934154457721,0.051557254,0.11627763509750366,0.07230798155069351,0.1272012,0.83639723,0.84139574,0.8070806,0.80841017,-0.004297478632493449,0.037938744,0.07047176,0.9209287,0.92144626,0.89959717,0.903873,-0.0021253626926143183,0.02059345,0.6363905072212219
exact-r1__95d180ac0df94262f8aebe30fe54f9db640fe821__毒蘑菇__v935__bubble__8f7ac22e__c0.mp4,0.63080585,0.53641236,0.7041748,0.356185,0.4014996,-0.028557426078988635,0.20543545,0.17366433,0.8733636,0.9026745,0.818722,0.835235,-0.007510298266712361,0.054541316,0.06242024898529053,0.026363063603639603,0.29571152,0.7871258,0.83066905,0.6912792,0.73858017,-0.01098710545909263,0.0887627,0.11562562,0.92771345,0.92903745,0.8767607,0.8799624,-0.004455742451984417,0.036376074,0.19676922261714935
exact-r1__4738bebba8757a16e0b094a37be38bbf14855865__粽子菇__v453__scooter__bbb8a614__c0.mp4,0.88080305,0.10143936,0.27050227,0.09620217,0.09694266,-0.033667035702719054,0.2916932,0.5057025,0.47917357,0.6641118,0.47917357,0.48768893,-0.023903914708865038,0.16590232,0.24789798259735107,0.1623333990573883,0.45784414,0.52894235,0.6515059,0.5193435,0.527628,-0.020740725482876598,0.15385634,0.26161993,0.7250334,0.8264452,0.7250334,0.73309714,-0.012699363377725672,0.08678274,0.33577197790145874
generic__1cf0944b8af6ac43f6f7e794a0d68118b7de888c__蘑菇力__v105__coffee__c045b076__c0.mp4,0.31876767,0.71177906,0.835565,0.6691272,0.68749285,-0.015401900580278035,0.11170751,0.09636742,0.905252,0.939053,0.8964553,0.90372115,-0.004747076585829962,0.034633674,0.05116105079650879,0.026497378945350647,0.1309604,0.8694645,0.9089061,0.8569344,0.86295056,-0.006535931184828985,0.050256547,0.04593438,0.9499018,0.9655503,0.9468941,0.95032525,-0.00216051641660246,0.0161643,0.519950270652771
exact-r1__45443570796936e108082092b3fa858f1cf9ba6f__吐司菇__v435__bubble__d4476470__c0.mp4,0.62847817,0.33726507,0.5369466,0.32011178,0.3344289,-0.030741592876524792,0.22180463,0.33339536,0.62467355,0.7755973,0.62467355,0.6468164,-0.016743275605642736,0.113683455,0.22200673818588257,0.0908699780702591,0.38228053,0.7543106,0.7537039,0.568007,0.6126989,-0.010243168697055625,0.104199305,0.17523754,0.8466803,0.8664673,0.7999662,0.8098883,-0.006740113492068559,0.055385537,0.23334480822086334
generic__152077a5b2e9ecb98c83d24bd2c2d3c0ce349e29__蘑菇力__v75__scooter__f217b500__c0.mp4,0.91054845,0.85217303,0.39665815,0.07181323,0.07304165,-0.019940488379110013,0.34395567,0.56241614,0.93415624,0.7056335,0.42704624,0.4325122,-0.011731018809226189,0.20302463,0.4100770950317383,0.20898883044719696,0.28095198,0.9127414,0.83212996,0.7014097,0.7077069,-0.005744705617192218,0.09066882,0.15501744,0.96170723,0.91462237,0.8370705,0.839118,-0.0033411049088941753,0.052015968,0.5128567218780518
exact-r1__623a70f05bf53aa3dd7e02808f409d8dafde1d7c__爆炸菇（爆炸后）__v617__scooter__b8963715__c0.mp4,0.9734589,0.027172254,0.44831648,0.01201985,0.023867361,-0.05615838555243647,0.39309135,0.6035524,0.4094445,0.72041893,0.38494116,0.40714565,-0.03373183972632933,0.23484643,0.31603091955184937,0.14813387393951416,0.47549176,0.57785964,0.7875379,0.5099871,0.56698626,-0.023259669542312622,0.163128,0.2914716,0.7084578,0.8685528,0.7009721,0.7034603,-0.01606169089733848,0.11344578,0.2750827670097351
exact-r1__db5946ea1cbac3f670575cbc00262fee4918e14a__炸虾菇__v1372__flag__e3021cc8__c0.mp4,0.5705234,0.37621146,0.59463304,0.35301456,0.36168942,-0.029978550469922458,0.20330004,0.23899055,0.7360976,0.82843906,0.7325792,0.7327542,-0.012677409785538331,0.08650196,0.07346618175506592,0.041028644889593124,0.4085467,0.52730006,0.69150156,0.51499116,0.5218047,-0.022218779318417477,0.15129468,0.17751014,0.80411017,0.8694677,0.80148625,0.8038126,-0.009249662634412296,0.0637889,0.3581424355506897
exact-r2__730702bed82aaf1a0c1093664b6b45d5254520a9__爆炸菇（爆炸前）__v723__eyemask__f6753a50__c0.mp4,0.5620602,0.41045743,0.65559584,0.4086097,0.41068488,-0.026544560615724248,0.1889159,0.15338981,0.83382034,0.8919323,0.83382034,0.83473843,-0.00647629296826751,0.046510614,0.08635455369949341,0.048475123941898346,0.17401987,0.79768395,0.84712106,0.79768395,0.79960185,-0.0058974445808546395,0.046550322,0.06801021,0.91961145,0.94040745,0.91961145,0.9204326,-0.002545717205454725,0.018523106,0.41827014088630676
exact-r1__392410131274da938ab5d7413fe09371ec7bf3ff__粽子菇__v372__flag__111364cb__c0.mp4,0.860224,0.13421114,0.49625415,0.13324587,0.13491786,-0.046819437501341,0.3232519,0.36147112,0.63404256,0.7967414,0.63404256,0.642146,-0.019131410322170472,0.13062984,0.19539660215377808,0.10330475121736526,0.27232063,0.72435194,0.82051444,0.7211493,0.72624433,-0.013439788472039912,0.09451672,0.16612798,0.82943916,0.90004605,0.82943916,0.8335534,-0.00869846980091142,0.059993464,0.35293012857437134
exact-r2__34b54af8a5899c7c22353eaac7f1689280af08bd__蘑菇力__v350__scooter__5163f449__c0.mp4,0.8723787,0.1108129,0.43492803,0.11016402,0.11096927,-0.04791820255428437,0.33618718,0.3715043,0.62086236,0.8031748,0.6206707,0.6218852,-0.02051710988221906,0.13859338,0.2487543821334839,0.1266036182641983,0.28288788,0.7058767,0.82337606,0.6996548,0.7039284,-0.014209872649121201,0.095693424,0.124862194,0.86881983,0.9297784,0.8675469,0.86984754,-0.006484384416591507,0.043851316,0.49130961298942566
generic__b166561176afda3a52cc9957753e6b2a097c6778__爆炸菇（爆炸前）__v708__glasses__ebc7f03d__c0.mp4,0.17506075,0.79621506,0.7894065,0.7292552,0.7440332,-0.0027756166787958,0.04046588,0.05830419,0.9152856,0.91924435,0.90204096,0.90844023,-0.0011453668001612251,0.013201604,0.04909694194793701,0.03750317916274071,0.04763317,0.8943014,0.8960223,0.8843858,0.888428,-0.0005172426874929631,0.009333469,0.025231779,0.9539119,0.9567477,0.9511379,0.9528688,-0.0004973115892749506,0.005521705,0.5493743419647217
base-noprop__691bb9a71d598e287cbef46044bd6aef8fa79960__爆炸菇（爆炸后）__v0__8dfaef03__c0.mp4,0.71349764,0.9696864,0.5860065,0.26803446,0.27919674,0.006074183837698369,0.29239967,0.16241568,0.9826597,0.89886945,0.82994694,0.8312631,0.0011634649966545361,0.062462218,0.08061563968658447,0.04482526704668999,0.20881587,0.96968645,0.86368775,0.7727163,0.7830532,0.0014616598489256229,0.075880304,0.08385426,0.9841504,0.9436947,0.9085084,0.9105271,0.00047072803550085704,0.031166509,0.3544486463069916
exact-r1__c3ddf9205086e5bee83b50f2c6758e8462dc5ace__爆炸菇（爆炸前）__v1224__coffee__a6ddb6ff__c0.mp4,0.7824565,0.86467886,0.669138,0.19026467,0.19847183,-0.01772393000573509,0.30293536,0.3502561,0.9440721,0.86399525,0.63535947,0.67667,-0.007179409265518195,0.11970078,0.2230115532875061,0.07179290056228638,0.22444111,0.91125077,0.87453425,0.7501248,0.7844607,-0.0034319697161437155,0.059837937,0.12987441,0.9610781,0.9357882,0.858371,0.87554693,-0.0022153467411109005,0.03749631,0.23512525856494904
exact-r1__631681b89d48f73fa9b84e8c908a589e6776cc2c__爆炸菇（爆炸后）__v623__scooter__7a01a60b__c0.mp4,0.42716873,0.72323906,0.8040367,0.55264044,0.6424672,-0.011451094223576586,0.12727484,0.13765144,0.90517664,0.9269475,0.8531532,0.87170696,-0.003992526604252836,0.03988549,0.0717843770980835,0.029172513633966446,0.1751579,0.8707322,0.8939059,0.8046513,0.835552,-0.005194070782114887,0.049823854,0.06700212,0.94555193,0.95612013,0.9249376,0.9352304,-0.002215309812146224,0.020137545,0.5751410126686096
exact-r1__49e4303b44fcc27a48dcbb9fedc8fd22431b34ff__毒蘑菇__v472__eyemask__5bdac16e__c0.mp4,0.88130033,0.09349168,0.24956341,0.09349168,0.094351165,-0.02894100934090351,0.25579184,0.622121,0.35950267,0.52148825,0.3585764,0.36385733,-0.025803221308666736,0.19413254,0.351777583360672,0.2678500711917877,0.42637813,0.56860536,0.6525455,0.5484139,0.5602617,-0.01598783826875121,0.12620248,0.28153425,0.7104285,0.7893383,0.7074588,0.7105019,-0.01224591727313319,0.08852078,0.20909667015075684
exact-r1__bbfb3f8d2ea190b8b909c93b9f01e4a1965419b1__爆炸菇（爆炸后）__v1178__bubble__a0db171b__c0.mp4,0.7302081,0.20949222,0.43485814,0.20949222,0.2231557,-0.03513605969225465,0.27286395,0.57079756,0.40570638,0.6618047,0.40570638,0.43209228,-0.02935096276960826,0.19906707,0.25508153438568115,0.14261631667613983,0.44769207,0.49489,0.6276517,0.49200824,0.4976744,-0.02165110809765315,0.17464559,0.32190388,0.65752405,0.80442095,0.65752405,0.68451333,-0.015533428536102262,0.10520232,0.30066990852355957
exact-r1__f5956eb61a549d5be8e0160eeae49cb4cbf25a86__蘑菇力__v1548__eyemask__6bd3e0ce__c0.mp4,0.9253532,0.07047082,0.23853253,0.06947971,0.07023684,-0.024390238392435513,0.21770442,0.5516667,0.4485949,0.60599905,0.44370013,0.44641367,-0.018264986368507246,0.14048643,0.3386131525039673,0.2313595712184906,0.38115704,0.62886673,0.69409317,0.61367583,0.6298133,-0.011525393828101782,0.10024144,0.22308451,0.77228236,0.83735853,0.77228236,0.77902734,-0.007382286454849087,0.056354336,0.21304896473884583
exact-r2__d1cbac6a456f79a41730e92a0d258e6c48cc9f72__蘑菇力__v1303__bubble__187cc260__c0.mp4,0.88906753,0.15022272,0.29192775,0.10371652,0.10756363,-0.031217510889288,0.28409508,0.68515825,0.34996712,0.5613479,0.31095266,0.3199184,-0.03520580451832459,0.25674194,0.40592294931411743,0.2176705300807953,0.68715525,0.3329924,0.46652144,0.30562887,0.3139156,-0.024229562712516715,0.22466207,0.33132756,0.66987026,0.77901846,0.66478336,0.67694527,-0.01544901204439023,0.10988206,0.15960896015167236
generic__5626b130f196987d62f6d0c5c5db38f271c3a918__蘑菇力__v324__eyemask__8aa782fc__c0.mp4,0.6379214,0.29434097,0.4317011,0.28102773,0.2945727,-0.02093387412812871,0.17663822,0.20968801,0.74218595,0.7989688,0.74218595,0.74842507,-0.007421450652623855,0.059216335,0.154549241065979,0.11630310863256454,0.13558686,0.80868137,0.8371881,0.80031514,0.80770755,-0.0039011592803736565,0.034185432,0.07538712,0.8967352,0.91527194,0.89487267,0.8969824,-0.0026658468331272962,0.0204989,0.4549022614955902
exact-r2__79338d48a690fd016313c198f04a3dc484b6e14f__毒蘑菇__v755__flag__ebd0d94e__c0.mp4,0.4610713,0.52806824,0.68847674,0.5005628,0.5158123,-0.02192841199311344,0.15427677,0.18449116,0.7944255,0.86075217,0.7920071,0.7944863,-0.009145902845228144,0.06391462,0.07067751884460449,0.041600726544857025,0.22766382,0.73742765,0.8095723,0.7339704,0.73731565,-0.010371524708073135,0.073935054,0.12705809,0.8590008,0.90235287,0.8571093,0.8588717,-0.006344080206904946,0.044970512,0.33109617233276367
base-props__1d5a1c958b3030b64164f55cfb9fdefdf2716651__汉堡菇__v107__flag__30c943b7__c0.mp4,0.83244693,0.1523641,0.62706244,0.1507636,0.15224192,-0.045864930207079116,0.3382187,0.34056938,0.646991,0.8608447,0.64549845,0.64852923,-0.01719764628900371,0.1257784,0.22188448905944824,0.07999237626791,0.23691589,0.7472204,0.8807557,0.7472204,0.7523945,-0.011646874808511272,0.08217269,0.12654519,0.865898,0.940837,0.865898,0.8690594,-0.006173635129872062,0.043836407,0.5583329796791077
base-props__58a25304d5897daa19607fb3b5ce8c1f9d1c340f__爆炸菇（爆炸前）__v335__bubble__54c5e930__c0.mp4,0.4336809,0.92352355,0.8018572,0.5388899,0.58242095,0.0002750019899941265,0.13554056,0.13226902,0.9610251,0.92864454,0.8479394,0.866409,-0.00022508421905426555,0.038650736,0.09641152620315552,0.038578640669584274,0.088499725,0.9447049,0.9259226,0.8855357,0.89455956,-0.00029647462217233765,0.0239397,0.044184804,0.9792915,0.9672232,0.9443509,0.9508452,-0.00010487449027804258,0.01213765,0.6663032174110413
exact-r1__98e308331e62de84e949c3e924bcff35f3f6c9bf__毒蘑菇__v946__bubble__f8dd16ce__c0.mp4,0.732729,0.6811496,0.6548124,0.23070222,0.2850859,-0.026459413643175438,0.2398718,0.18301344,0.8747258,0.8880484,0.7994654,0.81390274,-0.007798526303570289,0.062382676,0.05578237771987915,0.027528861537575722,0.34546274,0.8065157,0.8037098,0.61796856,0.67946756,-0.010743882992993219,0.102465555,0.14067,0.9233446,0.9155773,0.84521264,0.8584182,-0.005174352246310894,0.0471548,0.15274536609649658
exact-r1__10f08b45f5b437b36ac2c7a288fa49b307a4fdb7__蘑菇力__v102__coffee__0ac3f68e__c0.mp4,0.690376,0.72222364,0.7311652,0.27560323,0.45312348,-0.0226372237438741,0.20420533,0.20965505,0.9010892,0.90022594,0.77229226,0.82464546,-0.006898498405580951,0.060239386,0.10894876718521118,0.03789425641298294,0.24536926,0.87579817,0.8728354,0.72218823,0.7788951,-0.00798946789837638,0.0692956,0.107295334,0.9424618,0.93812025,0.8757315,0.9015663,-0.0037936981723242632,0.031557158,0.20645247399806976
generic__6347b4fdacef12020e4808533f7022e254119900__吐司菇__v376__glasses__2acf789a__c0.mp4,0.10740417,0.954103,0.917917,0.85178035,0.86057115,0.0004015348174355156,0.03700995,0.04101181,0.97634804,0.9638111,0.9401374,0.9415857,0.00013425486832267412,0.014066098,0.017557501792907715,0.009316226467490196,0.06659162,0.9557954,0.93423504,0.8925929,0.9007498,0.00012123802669432742,0.022177193,0.02903843,0.98163104,0.9731273,0.9573631,0.9576604,1.1799422648573437e-05,0.009856894,0.6407380104064941
exact-r1__f9aacc031f16f9d76920841e54cb3bc2de5ee57e__爆炸菇（爆炸前）__v1569__bubble__b5c942fa__c0.mp4,0.77416515,0.25769764,0.52618444,0.21089362,0.23655328,-0.041082511394627014,0.29280695,0.24134415,0.74755555,0.8408829,0.74380916,0.7503258,-0.011721592470120076,0.07988453,0.06794846057891846,0.034460946917533875,0.48867366,0.5542648,0.71440125,0.49638525,0.5382148,-0.022519125945483276,0.15951294,0.17768651,0.8128091,0.8753438,0.8117576,0.8132584,-0.008539763187231292,0.059040308,0.17747248709201813
exact-r2__79aac7243697f42e910ae6d4b6bf107bbdc52ab9__毒蘑菇__v758__flag__9622a734__c0.mp4,0.61285305,0.346951,0.46969628,0.32627136,0.34114456,-0.022275290205309044,0.17036483,0.22497916,0.74438226,0.804473,0.7419237,0.7466515,-0.009093856799743848,0.06567964,0.1180119514465332,0.08850129693746567,0.21274287,0.7358466,0.7905902,0.73583615,0.737913,-0.0074839429421858375,0.05461736,0.117765665,0.8623942,0.8929742,0.8565115,0.8620813,-0.0048402976612799764,0.034537982,0.44551974534988403
generic__b2678863871b99530ba9e74fef126b3d90508f99__爆炸菇（爆炸后）__v712__eyemask__532028ec__c0.mp4,0.23374546,0.97571087,0.8725727,0.75679415,0.78916556,-0.0011125204591411859,0.08059642,0.06558621,0.9847342,0.95310575,0.92713636,0.93121994,-0.0004337495965919968,0.023631327,0.03212583065032959,0.019725773483514786,0.13031542,0.9757108,0.9199085,0.8602241,0.8803205,-0.0008258472671621987,0.04216006,0.034402966,0.9879645,0.97283167,0.9586379,0.9602705,-0.0002271142519509991,0.011670874,0.4751301109790802
exact-r2__b5b06b57ef9e8b2cf1280a5501a7a89f0d45f8b4__粽子菇__v1125__bubble__fe0344a1__c0.mp4,0.9306161,0.05201263,0.32609263,0.051889263,0.055169355,-0.04423398482926162,0.32507524,0.6128541,0.38000232,0.6706997,0.3778404,0.39792532,-0.03175353794818812,0.2131719,0.3978683352470398,0.1774754673242569,0.5888551,0.58614403,0.6438672,0.39365035,0.48564172,-0.020254889613554882,0.16527186,0.22074771,0.7710881,0.8481752,0.7710881,0.77686435,-0.010462431686197812,0.07279409,0.17422811686992645
base-noprop__3e0263de42d2cb0db2374a5b45278fcc7a471c0b__毒蘑菇__v0__5fc71fd5__c0.mp4,0.8167826,0.8089578,0.42072996,0.15564775,0.20192082,-0.0029819744672228607,0.22460085,0.4550984,0.92060065,0.7353369,0.5345101,0.63555646,-0.0027246067057485088,0.11381855,0.2929399609565735,0.15890416502952576,0.259843,0.8513377,0.81194305,0.71258724,0.767889,-0.0033107144912712196,0.049009766,0.16245311,0.938916,0.8942411,0.82745004,0.8704606,-0.0013992461880205159,0.032680754,0.4939092695713043
base-props__143077ed5c3203470357eefbac685c008578ef31__炸虾菇__v73__crown__15d9b9b3__c0.mp4,0.3392961,0.9711598,0.89889574,0.6498916,0.73682,-0.005019433825854703,0.09700617,0.08671385,0.98140156,0.96132725,0.90723133,0.9249824,-0.001185138411672688,0.02304668,0.048687636852264404,0.012408740818500519,0.13243824,0.9711598,0.9352528,0.8567495,0.8855581,-0.0017796747180313063,0.03633114,0.040289164,0.9838131,0.973736,0.9536561,0.95804185,-0.0005917082662167822,0.01071601,0.5163673162460327
exact-r1__da37f786e8b4ef0d7e9d8762ea49af897cc15b9d__汉堡菇__v1366__flag__bcb00b8b__c0.mp4,0.6857998,0.3183632,0.6738076,0.28837854,0.32271037,-0.038020542134409384,0.26644114,0.2109983,0.77740926,0.8858689,0.77740926,0.7816275,-0.011531927486653392,0.07904137,0.10710108280181885,0.0444621741771698,0.23684889,0.73809636,0.8498597,0.7373294,0.7455162,-0.012471658321237379,0.08648634,0.10768068,0.8836598,0.93033105,0.8813858,0.8854015,-0.005780904660583015,0.04005834,0.31089773774147034
exact-r2__372c7ce27e46c7f4d9e0604e9cd9045cf4bdec52__粽子菇__v362__flag__cffdcb8f__c0.mp4,0.3955319,0.61589533,0.76102257,0.5916276,0.60743487,-0.017640495076481078,0.12297579,0.17440265,0.82977843,0.899918,0.8201131,0.8306479,-0.007987430326552256,0.055204418,0.037596821784973145,0.024886082857847214,0.2835409,0.7097295,0.8357505,0.7036186,0.7246288,-0.012511371388265748,0.0865842,0.13859999,0.85995495,0.92480403,0.855919,0.86374265,-0.006732773816161496,0.046365514,0.41066694259643555
exact-r1__295ec2fac111fb5afa6570ecaff44ee23b6282e7__蘑菇力__v270__flag__1f2f782d__c0.mp4,0.45537472,0.4454497,0.6989258,0.42040902,0.43693328,-0.02740344967648919,0.19905177,0.17485255,0.77380234,0.86864364,0.7675451,0.77146995,-0.010989941921629926,0.07790957,0.1003568172454834,0.052722081542015076,0.15334636,0.7828917,0.8579702,0.77566487,0.78045,-0.009550495463397648,0.068159595,0.10957277,0.867834,0.92136574,0.86392236,0.865739,-0.006737843862635333,0.047355723,0.4561450779438019
exact-r1__172a155e787da9a4c0e06a8d4aeb9f7404e81fd4__爆炸菇（爆炸前）__v150__glasses__7547fad3__c0.mp4,0.7528995,0.12696208,0.23189689,0.124304675,0.12714204,-0.01703633830363572,0.17454523,0.38061976,0.59196234,0.66147953,0.5677731,0.57240266,-0.011873961614054665,0.09999455,0.2514587640762329,0.2023593634366989,0.29139477,0.6269478,0.7241489,0.62178534,0.62455237,-0.014105111949528626,0.10352267,0.15639812,0.8209071,0.863839,0.8122788,0.81502956,-0.006857164528058929,0.050340015,0.5013619661331177
base-noprop__4de2aa1e433a559a98b48c7eccf7684f044f0cc9__吐司菇__v0__c1d4c5db__c0.mp4,0.73428106,0.3207987,0.38295022,0.23303258,0.24982212,-0.009091518554291718,0.16085175,0.25527215,0.7627363,0.775549,0.72745955,0.73368406,-0.0026562314024084718,0.05361649,0.16470223665237427,0.12305733561515808,0.20579046,0.7740295,0.8006731,0.76274693,0.768922,-0.003618043343069047,0.041895792,0.10038799,0.8859415,0.8986065,0.8836794,0.88522536,-0.0016010336489545448,0.020607859,0.4772675931453705
exact-r2__f1498f3a3c3245f137f45ef7171fbad768a30f29__毒蘑菇__v1519__glasses__ecf6838e__c0.mp4,0.8584428,0.121237025,0.35243958,0.11511266,0.12151097,-0.0344098120589148,0.24446309,0.47687542,0.51080036,0.68149924,0.50838184,0.51823163,-0.02242319173963645,0.15363728,0.35332274436950684,0.21811071038246155,0.23655486,0.7385956,0.8038942,0.73700047,0.73887986,-0.008296234864491266,0.060862873,0.12930256,0.8641231,0.8996099,0.86098117,0.8622343,-0.005222349181005608,0.03677497,0.3391975164413452
base-noprop__58c718f0a628fc78ed40a56ba41c1f7d385533e5__吐司菇__v0__4a89ed6f__c0.mp4,0.6495686,0.79402184,0.6709722,0.28201932,0.31830668,-0.005196240285168525,0.23483393,0.251975,0.9133377,0.86412543,0.70797545,0.7265512,-0.002260045336169214,0.08494911,0.19064080715179443,0.0723409652709961,0.12455785,0.8763819,0.87853754,0.8154435,0.8257725,-0.001576996721297855,0.036310542,0.073427916,0.94254154,0.93646646,0.89861625,0.90385634,-0.000961551494277962,0.021330504,0.5083128213882446
base-noprop__66f41d2f3f0f61298257e508840f1163992f0311__炸虾菇__v0__194587c6__c0.mp4,0.10961884,0.9443971,0.93776727,0.8759096,0.8933191,-0.003068326254607181,0.03116229,0.04688698,0.9695683,0.9698539,0.94546014,0.9545179,-0.0012279495066805084,0.011382648,0.009517133235931396,0.004571341909468174,0.089369655,0.95007896,0.942542,0.8961588,0.9010513,-0.002693952543462225,0.02645223,0.037371278,0.9740802,0.97442526,0.9549773,0.96150416,-0.0010114303337255507,0.00907633,0.2953333258628845
generic__b4b495bee5ab16d6e8983a341ab6f3d948ed5f6c__爆炸菇（爆炸后）__v719__eyemask__b58922f7__c0.mp4,0.12174451,0.86961687,0.8560965,0.79710793,0.81130123,-0.004315706227607894,0.03900329,0.046915412,0.9319917,0.93780816,0.91854894,0.919984,-0.001819475012805628,0.015348056,0.018023669719696045,0.011561469174921513,0.091388345,0.88395333,0.8796629,0.8307041,0.8485085,-0.002411291886695296,0.026005628,0.040766895,0.9446467,0.9493695,0.93154925,0.9367937,-0.001274555685963063,0.011784731,0.3691544532775879
base-noprop__c5e43dd5e62f17a4edf36f4eec759833b39bd954__粽子菇__v0__8775ea40__c0.mp4,0.25482428,0.9538803,0.9158834,0.7320217,0.7647873,-0.0026803914855120254,0.07605501,0.084337234,0.97462726,0.9599456,0.90658236,0.912241,-0.0009193448681133961,0.024890454,0.03371793031692505,0.011701412498950958,0.15720665,0.955214,0.934814,0.8296393,0.85460967,-0.002085425813678701,0.043346465,0.052574337,0.9777224,0.971647,0.9403003,0.9450128,-0.0007836488866994685,0.014764508,0.5643365383148193
exact-r1__f22c2c3174baabfeb05464668cbd01f44b487560__毒蘑菇__v1524__glasses__ae8ba618__c0.mp4,0.8201222,0.32974204,0.35561067,0.15471496,0.19732702,-0.008271588314427697,0.17091902,0.29184574,0.7950871,0.8029742,0.6987525,0.75511867,-0.002108487157011242,0.0555377,0.20148468017578125,0.11084441840648651,0.23036003,0.77959055,0.79888,0.7444769,0.771875,-0.004080290085242165,0.04656984,0.09588343,0.9041336,0.9138184,0.8947314,0.90072346,-0.0018830427774798784,0.0203752,0.4787472188472748
base-noprop__190a31ba334eafd595032f1742e0cdf9b9183281__炸虾菇__v0__d4a9a588__c0.mp4,0.10718286,0.96436024,0.7347508,0.6258498,0.6310003,0.0066862717683136095,0.092609875,0.043433607,0.9774208,0.87818974,0.8334412,0.83652455,0.002624451053943546,0.039308053,0.07308685779571533,0.047746140509843826,0.058082283,0.9660444,0.85563594,0.80565125,0.81275386,0.0026326557039743383,0.03866758,0.024961293,0.9820114,0.9259359,0.90255594,0.90813756,0.0013132154823762988,0.019623818,0.5198589563369751
base-noprop__2e743de79a09fe6b92bd9666baeed5733a188d07__毒蘑菇__v0__7246878b__c0.mp4,0.5635622,0.556865,0.52213293,0.36450034,0.39243606,-0.0003067009710511667,0.117928796,0.25958234,0.811725,0.7985632,0.703695,0.7327634,-0.000826306906142275,0.054776613,0.17432701587677002,0.1160963699221611,0.16267842,0.8128289,0.8326236,0.77875847,0.8050721,-0.0031895250553198944,0.03236967,0.09655011,0.905335,0.9146595,0.878022,0.8919526,-0.0018008522129812703,0.019798225,0.4083065390586853
base-noprop__5cd87e0e73b2c6ed3b794bb426544d934c63d371__粽子菇__v0__b1a5b234__c0.mp4,0.08471656,0.9720508,0.9586967,0.90795827,0.9250714,-5.591799147985471e-05,0.022810033,0.04234034,0.9840845,0.97681403,0.9524382,0.9590239,-7.432887676677099e-05,0.012418918,0.01657843589782715,0.004406553227454424,0.07476902,0.9720507,0.96011144,0.9179058,0.92972004,-6.428914579007666e-05,0.020637996,0.025996208,0.9856354,0.9812207,0.96898997,0.96928066,-7.94913928970426e-05,0.007998227,0.44246381521224976
exact-r2__925f4fc967e14c8e90c385f11e3c899b2fa6c14c__爆炸菇（爆炸前）__v910__flag__913dfdf0__c0.mp4,0.40228057,0.53996193,0.75456506,0.53768873,0.5458653,-0.020000834945633487,0.14378408,0.14183056,0.8196878,0.8935589,0.8185446,0.82110953,-0.0073969991428579004,0.051957045,0.05788975954055786,0.03275056555867195,0.2137019,0.7520304,0.8486668,0.73614836,0.7430231,-0.011130874159307828,0.07888526,0.10294354,0.87757754,0.9263094,0.8720505,0.87774694,-0.005540223696486276,0.038851872,0.39883461594581604
exact-r1__79f230727aabe8ef102ae19bed33d5a83a2045ee__毒蘑菇__v761__flag__c45f48b5__c0.mp4,0.6661998,0.33144534,0.53410155,0.32605672,0.3323491,-0.03229413266945263,0.24014717,0.27575248,0.72596097,0.8116032,0.71860665,0.72463197,-0.013996662005134258,0.10229491,0.13242340087890625,0.08641987293958664,0.2859069,0.71801746,0.8039776,0.7063496,0.71462035,-0.014260937279392136,0.10589058,0.1504687,0.8583844,0.8980231,0.84478503,0.8476071,-0.007467768585729041,0.056344945,0.30829980969429016
base-noprop__11cbd6bb7e2ef5f62a971e19d40e2ef2d0d3b3f7__炸虾菇__v0__17c05d5f__c0.mp4,0.65139264,0.44308925,0.44991863,0.30008388,0.31308195,-0.010898002346042593,0.14466374,0.26017588,0.79498726,0.79593855,0.71094805,0.7410992,-0.004216645369416643,0.056229252,0.2066589593887329,0.13378509879112244,0.121527135,0.86380756,0.8650534,0.83525985,0.8404011,-0.0020856106351957887,0.026034504,0.06725043,0.9232393,0.9297237,0.9149516,0.9169207,-0.0015252002260901724,0.015020208,0.5206940770149231
exact-r1__44993cb2159040cd5c551870f50670ead8e9a055__吐司菇__v434__bubble__97241be1__c0.mp4,0.58994365,0.72849315,0.7759785,0.39493373,0.54025346,-0.021254475291067446,0.17863318,0.14079565,0.91142213,0.9208962,0.84942913,0.8667478,-0.005823721527582123,0.043522846,0.031231582164764404,0.01634873077273369,0.2856046,0.89939165,0.8813625,0.69927275,0.7970619,-0.007989325660019527,0.071008906,0.113182366,0.9372101,0.937245,0.88022965,0.8934099,-0.004400615341107346,0.034411248,0.1996041238307953
base-noprop__45ec56f5f20bca20bb45a07b0652cb24f9a8a27f__毒蘑菇__v0__a60b4536__c0.mp4,0.64290273,0.9742051,0.66719025,0.35057285,0.38768944,0.005959129940144153,0.2212803,0.15069854,0.9792296,0.9120767,0.8428967,0.8531835,0.001148008605237078,0.048320204,0.08974814414978027,0.049912575632333755,0.32024723,0.97420514,0.8753026,0.6732283,0.69980204,-0.0021369012565952074,0.092254125,0.07668841,0.9860611,0.9619892,0.9194493,0.9263423,-0.00035719985782864215,0.020609166,0.478534460067749
base-noprop__3dae41227ff60a4b209b7b13235ac3a5ab6a6106__粽子菇__v0__9dd8bd65__c0.mp4,0.510986,0.81060654,0.7169764,0.4816455,0.48439068,-0.015067223474206673,0.20535506,0.19657981,0.9213318,0.88675916,0.7932324,0.7953668,-0.005479999622808604,0.075567335,0.10040992498397827,0.049396369606256485,0.18888634,0.863804,0.8747906,0.8037451,0.8085897,-0.007100751336384201,0.06686924,0.10144663,0.9441509,0.9361554,0.89312077,0.8953743,-0.003376218405636881,0.0364998,0.5608368515968323
base-noprop__29af5842d44da656007592c88ff0c6c1e5b6fe39__汉堡菇__v0__90efa81e__c0.mp4,0.48062456,0.90266865,0.69606185,0.44856477,0.48267677,0.005702663257187997,0.16181849,0.17910922,0.9474013,0.8770958,0.78779936,0.80224574,0.0014091134660328749,0.056490317,0.11716103553771973,0.05298834294080734,0.11579424,0.915586,0.86902,0.81510115,0.83088946,0.0018140119997409009,0.039340805,0.066599846,0.9554803,0.9300843,0.90160155,0.9069984,0.0007403970589279573,0.021573829,0.49699902534484863
generic__3ea8cf079e959693153dd04695b6f05e21f1dca3__爆炸菇（爆炸前）__v230__eyemask__1ad1dfde__c0.mp4,0.4897933,0.9469955,0.7568359,0.49732494,0.5112805,-0.015741906147229354,0.19991656,0.13601178,0.9609088,0.92084986,0.8526959,0.8550908,-0.004667088389396666,0.052151162,0.07108372449874878,0.03594861179590225,0.19643158,0.9484345,0.8832453,0.7906867,0.7947138,-0.0070672893359256,0.07833208,0.06915486,0.97368056,0.9567985,0.922215,0.9243133,-0.002401777348028346,0.02560591,0.4942035377025604
exact-r1__4912cf7d31eb5fe829404518396c23ded5f669ac__粽子菇__v466__glasses__1a4e2b7c__c0.mp4,0.91099864,0.10320996,0.2152495,0.056350663,0.061213158,-0.025900216611183212,0.26369008,0.69724125,0.49706197,0.54570544,0.2758667,0.37284476,-0.01632415464979858,0.18289004,0.5012211799621582,0.2822318971157074,0.37725854,0.6206771,0.7088773,0.59149194,0.61003155,-0.01450798610453549,0.10901319,0.22712094,0.7774945,0.8279373,0.7571622,0.77134836,-0.008660524553461044,0.06771181,0.3985467553138733
exact-r2__b9a30f48e83d3a6f856772d9db5ce9ffdbec4263__蘑菇力__v1156__crown__cbeb6f3f__c0.mp4,0.7808975,0.2629006,0.42166212,0.19614162,0.20777988,-0.033913409624528504,0.27798182,0.30329543,0.7913103,0.8217367,0.6815175,0.7029081,-0.01089094944386612,0.09399431,0.12757068872451782,0.07261393219232559,0.47818238,0.5284367,0.6980773,0.49987978,0.5285997,-0.023251246322285046,0.16744569,0.18115216,0.8650472,0.8943505,0.8090882,0.8148676,-0.007077725508467489,0.05770878,0.24723806977272034
exact-r1__b82c22aabf22370980516e8553f71b8cb79dce6c__蘑菇力__v1147__crown__72609b7f__c0.mp4,0.58834475,0.46523345,0.7513169,0.4018976,0.46980283,-0.031221251949491255,0.21932532,0.16743076,0.85034645,0.9216722,0.8233174,0.85082567,-0.008128531365526537,0.05675133,0.06883949041366577,0.03076562099158764,0.36352718,0.77255696,0.8712241,0.6267152,0.7381666,-0.01436533669944809,0.11199218,0.107625365,0.91918594,0.9524379,0.8844775,0.9135629,-0.004393360183644177,0.03221795,0.4635199308395386
base-noprop__28a9118cfcb39ecdaa356dae1cfd75d6409d77fc__蘑菇力__v0__f7fe2916__c0.mp4,0.15018964,0.90152174,0.89687234,0.80960447,0.8577573,-0.0024593911269907938,0.03645664,0.049413502,0.95787024,0.95047796,0.92308503,0.9280145,-0.0007584785284261223,0.016710388,0.030180275440216064,0.013219102285802364,0.10705185,0.9051589,0.9147294,0.85722816,0.8844671,-0.0023785616922755467,0.02608257,0.035611987,0.96422005,0.963697,0.94635504,0.95160484,-0.0008212887486921456,0.00950259,0.4472304880619049
exact-r1__2501c3780339f5d59c1798b6a6ec028ad77dfb93__炸虾菇__v234__eyemask__e07c8387__c0.mp4,0.24878138,0.7510484,0.8553461,0.7425552,0.7524449,-0.009945231110682157,0.07404446,0.09466922,0.9008594,0.9438763,0.9008594,0.90494716,-0.0035022792844432967,0.025859244,0.03153711557388306,0.017983529716730118,0.15387118,0.83746535,0.89520323,0.83746535,0.8421086,-0.0052912551541573535,0.042933624,0.06313217,0.93239653,0.9618598,0.93239653,0.93474054,-0.002332494605200096,0.017120874,0.3109067678451538
base-noprop__58f1eb94dfa1635a5bd8ef3c9f0f7ca945b65730__吐司菇__v0__6517c5cf__c0.mp4,0.71880496,0.90936387,0.5934918,0.24099734,0.249204,-0.006464912692313136,0.2685543,0.25813234,0.9560586,0.85253084,0.72286296,0.72621214,-0.002325466616822808,0.09177203,0.16622400283813477,0.08342746645212173,0.2125302,0.93854296,0.85608035,0.7478044,0.75786805,-0.0015623677271628155,0.062779754,0.101133406,0.97089195,0.93595827,0.88233185,0.88663006,-0.001051575475530646,0.031276345,0.4014711380004883
exact-r2__579b7375a39c56aa97ed82de55ae9d9e7096a3db__汉堡菇__v558__scooter__207a7f1a__c0.mp4,0.91005176,0.11384294,0.5058373,0.07972489,0.1027386,-0.05451364106988246,0.39847097,0.6359853,0.42944992,0.69504315,0.35438246,0.3923359,-0.0364215132806141,0.27108794,0.3490469455718994,0.169257253408432,0.46726054,0.5313796,0.75794667,0.5225162,0.53229713,-0.028005191754446664,0.201069,0.2948073,0.7561675,0.86430055,0.6967455,0.72491354,-0.015418383149290293,0.117510006,0.3480788767337799
exact-r1__5ab5a9fe0160f015289953c92ae280e9b992230a__炸虾菇__v575__coffee__0e40ace4__c0.mp4,0.83938324,0.19777733,0.49505734,0.14732948,0.19666517,-0.041100401490219964,0.30286658,0.43021703,0.68379796,0.8010905,0.5623667,0.67099965,-0.017076195169814484,0.12589625,0.2587919235229492,0.11328740417957306,0.38710266,0.71610415,0.826209,0.5996101,0.7107293,-0.013457793374306587,0.10371754,0.17822236,0.86292017,0.9143778,0.8143891,0.85929084,-0.006806149725386265,0.050351482,0.4309365153312683
base-noprop__3ab5e095ea7925663c71572cdf310f6c6d4c208d__爆炸菇（爆炸后）__v0__52ea9b94__c0.mp4,0.8224123,0.70415616,0.515711,0.16928057,0.20298052,-0.031676278387016005,0.30951524,0.36668283,0.8693533,0.7782961,0.62872434,0.63822377,-0.013946385369470468,0.13625368,0.2213423252105713,0.12443190813064575,0.24050933,0.84688604,0.8323534,0.75118357,0.75316846,-0.008658998391845014,0.07774131,0.1453405,0.91817284,0.902728,0.85006666,0.85322595,-0.005542366047621721,0.048897106,0.48344436287879944
exact-r2__2501c3780339f5d59c1798b6a6ec028ad77dfb93__炸虾菇__v234__eyemask__e07c8387__c0.mp4,0.4474485,0.5832016,0.7213472,0.54299283,0.56459415,-0.019889929313433516,0.14557728,0.1246317,0.8763832,0.9220576,0.8702621,0.874468,-0.005360619411638121,0.037941743,0.044023215770721436,0.028902610763907433,0.19508576,0.8054222,0.85457546,0.79535544,0.7996234,-0.00766239577366899,0.06243458,0.0820626,0.91855055,0.9509602,0.9128312,0.9179349,-0.003432026081405594,0.024118595,0.2864820659160614
generic__58a25304d5897daa19607fb3b5ce8c1f9d1c340f__炸虾菇__v335__coffee__c245ba49__c0.mp4,0.4372074,0.56665283,0.7904788,0.54436475,0.592648,-0.023680011627702356,0.17099774,0.097283065,0.8884625,0.93829054,0.8884625,0.8963162,-0.005207391595651992,0.036731504,0.06609106063842773,0.032448023557662964,0.11898559,0.8625865,0.9208064,0.8625865,0.88262635,-0.0054962486028671195,0.038595557,0.036326587,0.95307034,0.97073853,0.95307034,0.95648575,-0.0019190070539595132,0.013481357,0.6222416162490845
exact-r1__3550d4d593884e660092f1bb1c9c8c880eb3e04f__吐司菇__v353__glasses__368117e2__c0.mp4,0.16124588,0.61099964,0.53776556,0.21584225,0.26325402,0.009613844628626179,0.1509041,0.059964836,0.89759064,0.8815835,0.7962617,0.81795853,0.0020372027111618986,0.034424525,0.11085385084152222,0.055094003677368164,0.092179656,0.80604184,0.8063974,0.7264117,0.7738861,-0.0004920782190066797,0.028754737,0.026664495,0.9405262,0.93667734,0.9070673,0.91391885,0.000440308522329974,0.0127046285,0.4790674149990082
base-noprop__3eb6d97760f838a366c3ddc9c5fe31024af3ddd6__粽子菇__v0__16c5c924__c0.mp4,0.6648752,0.96292186,0.6140136,0.32017726,0.34029,0.013114058894837792,0.23130603,0.21800297,0.9784647,0.8689188,0.7724779,0.7855898,0.003560975606262445,0.071638495,0.13035863637924194,0.06413615494966507,0.22008789,0.96292186,0.8435785,0.7649647,0.7717734,0.0033793461181429543,0.07534952,0.09213412,0.98177874,0.93305486,0.90022355,0.90185493,0.0011957599947103898,0.031228403,0.3778095543384552
generic__e6e98683f20bb8f7f894e3c8abc003b9df6e8bcf__炸虾菇__v899__glasses__b0bc1b47__c0.mp4,0.18570018,0.791339,0.8341813,0.7759131,0.7923467,-0.0048646344379945205,0.04498166,0.053059816,0.92687815,0.931357,0.914606,0.9199736,-0.0011565449680735558,0.012525299,0.03218734264373779,0.023873284459114075,0.106681585,0.8808944,0.8849014,0.8551005,0.8633026,-0.0021989206551563207,0.024659934,0.034971237,0.95247597,0.95523036,0.9460639,0.9484433,-0.0008120580388623483,0.008547426,0.5678554773330688
base-noprop__2276ebe5ea41733077c3d5d88d4cdb9e6f3ef7ef__粽子菇__v0__474a165b__c0.mp4,0.06957054,0.95208097,0.93744594,0.9079078,0.9107249,-0.0007732458736585637,0.020586977,0.02482903,0.9725708,0.9713063,0.9604832,0.9634704,-0.0005155692223032505,0.00645324,0.007594704627990723,0.004727918189018965,0.06895709,0.9543719,0.93916404,0.90976,0.91391224,-0.0007452970672502093,0.020408915,0.02156943,0.979216,0.97603434,0.9677852,0.9698064,-0.0003041650348972613,0.005814793,0.5818055868148804
exact-r1__f16563383dc7f5abb88446494148bd692e6b4a57__爆炸菇（爆炸前）__v1520__scooter__ad0ffcf2__c0.mp4,0.88942015,0.099898905,0.45151278,0.0855532,0.094610125,-0.05324672905382198,0.39200127,0.48793727,0.49723682,0.73576945,0.4938898,0.4973415,-0.029092355620248502,0.20235102,0.28630685806274414,0.14606541395187378,0.42398506,0.5555542,0.7512947,0.5509884,0.556475,-0.023792801167182766,0.16373129,0.20930457,0.7795713,0.8818348,0.77718014,0.77962637,-0.012079405101391653,0.083316006,0.3449791371822357
exact-r1__655591f8a2e3f43e7dd87e08844065a68a1b8e56__爆炸菇（爆炸后）__v642__flag__3196f35d__c0.mp4,0.8008381,0.14657786,0.37690607,0.13972932,0.15604503,-0.02543949740736382,0.19520575,0.42697865,0.5256244,0.7208012,0.5256244,0.55478597,-0.016417925124583028,0.11460214,0.2639724016189575,0.14725711941719055,0.30032754,0.64701915,0.764332,0.64701915,0.6790483,-0.011152723737856161,0.07711452,0.18372273,0.7895968,0.8680581,0.7895968,0.80288553,-0.00747043506901253,0.05017959,0.38720953464508057
exact-r1__c007a585fe1a51f120df3496d8ad08b0ae893f04__爆炸菇（爆炸后）__v1197__bubble__06bd52b6__c0.mp4,0.68208396,0.35517168,0.60560906,0.3033846,0.3344473,-0.032150900587734024,0.22726272,0.17125934,0.8210751,0.88667977,0.8210751,0.83214635,-0.007497939608784997,0.051618427,0.05564206838607788,0.029864471405744553,0.30470985,0.6807589,0.81157154,0.6807589,0.7160036,-0.012696737946257784,0.086390875,0.11839348,0.87671715,0.9165442,0.87528217,0.8754446,-0.0053694701124085975,0.03707508,0.1964935064315796
exact-r2__48edbebb09f4066019f3a893bd82184d9bdce8fd__粽子菇__v465__scooter__e0849fdb__c0.mp4,0.90334594,0.08845694,0.42396003,0.08815937,0.09034678,-0.05234934907892479,0.38132107,0.39104474,0.6002447,0.7780194,0.6002096,0.6024052,-0.022766564144447384,0.15590689,0.2084357738494873,0.1153460144996643,0.3516336,0.6422451,0.7719139,0.63987166,0.64120644,-0.01923694122921337,0.13729438,0.1866746,0.8081038,0.8933654,0.8079934,0.81002986,-0.010351157294431706,0.070138365,0.3187495768070221
base-props__b5751664c907d7f8d89a1aa58474e961773ea73a__粽子菇__v722__crown__72c9a4ea__c0.mp4,0.71388316,0.7884412,0.6540582,0.19555598,0.22214116,0.0006742946538529504,0.2500849,0.27607745,0.927158,0.87437457,0.6878169,0.7071944,0.0003333001033119557,0.09024767,0.16100674867630005,0.05885966867208481,0.24702913,0.8565772,0.8381206,0.68126833,0.68838793,-0.000171151969272649,0.08164526,0.13117784,0.9478052,0.9332341,0.84735954,0.8553905,-4.452019340907873e-05,0.041512772,0.3987025320529938
exact-r2__c5d4f69fc5cf3a4abccb8fe4f3a2132f7aeb0be7__汉堡菇__v1233__glasses__b62890cf__c0.mp4,0.5222523,0.13609415,0.32423303,0.13609415,0.1368743,-0.015501804178646902,0.17724432,0.31923485,0.57637787,0.6996246,0.5571083,0.5701498,-0.010689567082484247,0.10205579,0.24947893619537354,0.1656063050031662,0.28571683,0.6119404,0.7361557,0.59971774,0.61003506,-0.01109325850433984,0.09024874,0.13940126,0.80179316,0.865231,0.80179316,0.8039229,-0.005524508566724469,0.043432403,0.32848691940307617
exact-r1__7e246fadacbc4777412514b06881f29674ac1928__炸虾菇__v785__glasses__9710d0be__c0.mp4,0.81503475,0.12371491,0.33489546,0.0996189,0.123111576,-0.02334393158908419,0.22172756,0.23953456,0.7378725,0.8005153,0.723646,0.735961,-0.006649232841291925,0.06818528,0.1694866418838501,0.11348861455917358,0.2472145,0.7365082,0.7683037,0.67834646,0.6921004,-0.005090728166546278,0.07232754,0.09443349,0.9048486,0.91400385,0.87663054,0.8821651,-0.0016042636670614082,0.025773011,0.3206765055656433
base-noprop__50ad428af3b86412de8a648a8194cebfd6685400__汉堡菇__v0__22c66e78__c0.mp4,0.3357485,0.7193708,0.80116767,0.65335184,0.6799803,-0.015289442871399083,0.12315105,0.101640105,0.90001774,0.9299869,0.89224935,0.89394945,-0.004986618170625145,0.038757935,0.04015105962753296,0.023189863190054893,0.16354465,0.843435,0.8818736,0.82555556,0.82747763,-0.00788052598007113,0.06422504,0.06320846,0.9358268,0.9531767,0.930681,0.93200713,-0.0030304860809574983,0.023453988,0.5866066217422485
base-noprop__cd19e3a058e1dc2909d79dd0b89fd5e5cf73511a__炸虾菇__v0__5af0724a__c0.mp4,0.28490746,0.96182424,0.86037,0.7029425,0.71962535,0.00023775167851581205,0.11145842,0.091474056,0.9721704,0.94510525,0.9033679,0.90697473,-0.0003721634507650432,0.033140928,0.05416750907897949,0.02540110982954502,0.10030699,0.96337736,0.93065035,0.8875431,0.8910724,-0.0006671404178905788,0.03627121,0.039628267,0.9798045,0.9705064,0.95521367,0.9560926,-0.00043539844247194004,0.0133972,0.5459282994270325
exact-r1__256b55303d2ece49031dba768c8d8f85b8dabced__炸虾菇__v240__eyemask__ac4ffce8__c0.mp4,0.27452332,0.5548941,0.67756045,0.5548941,0.571552,-0.012066339197837322,0.08340549,0.14495605,0.78023165,0.8379797,0.7799453,0.78313094,-0.006891992252334762,0.048627585,0.07447707653045654,0.05164739862084389,0.1592611,0.7593298,0.8173108,0.754948,0.7626899,-0.00719091331534707,0.053313293,0.10144657,0.85470873,0.8896271,0.85340285,0.85559016,-0.004744673552720438,0.03534209,0.5424966216087341
exact-r1__5ec48c31e3fd972fc72bf195943b25096d9ca8c4__吐司菇__v594__scooter__71275745__c0.mp4,0.88983494,0.082122244,0.43160206,0.07870106,0.09327415,-0.051758146966281164,0.37886116,0.69239056,0.28764018,0.65771866,0.28360212,0.30133238,-0.03841755377209703,0.26019078,0.36027613282203674,0.19307741522789001,0.5242047,0.45393673,0.74308985,0.44433135,0.45940682,-0.026733734008116218,0.18174718,0.33925194,0.6479163,0.850796,0.6429327,0.6527104,-0.017300805261012603,0.119280815,0.31780412793159485
exact-r1__ef123ce1074347b28af71845b5364e749c42bcbc__汉堡菇__v1500__bubble__e51c62cd__c0.mp4,0.6123182,0.6905304,0.7471529,0.37643862,0.43745354,-0.0226763639407667,0.18666251,0.16182971,0.9088648,0.9116857,0.8281754,0.8459039,-0.0051499583386621075,0.042560734,0.053969383239746094,0.025486471131443977,0.32344472,0.87693346,0.85709506,0.66531205,0.7262562,-0.008823388473318507,0.084408276,0.11435455,0.95156914,0.9371723,0.8785403,0.8952892,-0.0032524941231422216,0.03105735,0.14662817120552063
exact-r2__ed98d430cfc74099d974a69750bfeda82a103b4a__汉堡菇__v1493__bubble__55c2eb70__c0.mp4,0.87207323,0.14473405,0.41459504,0.11219542,0.1228112,-0.04675738020200033,0.34221026,0.34796894,0.6601176,0.7927815,0.6387588,0.64724576,-0.018137557351070914,0.12286026,0.2002764344215393,0.0918104350566864,0.33622158,0.6949794,0.7609859,0.6483444,0.6695184,-0.012068365814657549,0.11151644,0.16358429,0.8546556,0.8845919,0.82950824,0.8382288,-0.007075547111835389,0.053442046,0.16366606950759888
base-noprop__507ce1e393891e0f47c90aad7b6087098ce6304a__粽子菇__v0__6c9fdee3__c0.mp4,0.7216903,0.84445804,0.5871318,0.25889707,0.29716188,0.0021154727094729493,0.23870723,0.33839637,0.9349615,0.83233434,0.6502582,0.67469513,-0.0004887182132999877,0.10105614,0.16980504989624023,0.08444352447986603,0.35015154,0.89709634,0.83399945,0.63043576,0.688185,-0.0030125338333868794,0.08982419,0.1733411,0.95041406,0.9167781,0.8179309,0.83585805,-0.0014735881990123561,0.0458689,0.41825902462005615
exact-r1__33d714d07ed58707502e0cad0672a54b727a5a41__吐司菇__v344__glasses__22f7b751__c0.mp4,0.8612589,0.13114347,0.4297125,0.12760216,0.12998366,-0.03830046561572393,0.31118575,0.36726356,0.62534523,0.78211594,0.62324846,0.6250261,-0.01746774774059477,0.13030374,0.25210094451904297,0.13756869733333588,0.23291993,0.7559703,0.84033036,0.75594115,0.7566204,-0.010178013163592984,0.0750254,0.12000024,0.8732566,0.9196846,0.8724065,0.87288445,-0.00550992398158366,0.040274743,0.4482302665710449
base-noprop__558e28ebbd5a1e6d7bade4cd30fc31f3ed07c04a__吐司菇__v0__2cc58210__c0.mp4,0.55715144,0.6355519,0.60091317,0.42994946,0.43215954,-0.011720301811638563,0.15987872,0.18557888,0.8620708,0.8591879,0.8062427,0.8108075,-0.004062675675855814,0.046717472,0.11185038089752197,0.07553408294916153,0.1693281,0.85949945,0.8648821,0.81777275,0.8331565,-0.003158876547229159,0.034839556,0.078804195,0.9275248,0.9347221,0.91495734,0.9200751,-0.0018486212129178294,0.017552378,0.42680078744888306
exact-r1__d1421700ee76ec45f316995b2b67134842993c43__蘑菇力__v1298__bubble__4135c74b__c0.mp4,0.8549141,0.12991853,0.47114274,0.12991853,0.15643063,-0.04545744658694438,0.31739825,0.62187666,0.36480206,0.72634417,0.36480206,0.42454615,-0.03143365389626962,0.2117751,0.4739651083946228,0.16313649713993073,0.48760587,0.68588173,0.7535294,0.49722677,0.5986743,-0.01795726525689304,0.14083414,0.17396629,0.8387672,0.88948077,0.8170432,0.82894063,-0.008506550678151384,0.06171854,0.18495409190654755
exact-r1__4baf0c3670d0d31b9712fc59c41fa5508370fc1f__粽子菇__v483__glasses__48c341d3__c0.mp4,0.86887586,0.18646446,0.38928452,0.12270984,0.14191116,-0.039003904452437,0.3147574,0.36385745,0.7588402,0.80499685,0.6287887,0.64151514,-0.01115609087020513,0.11202336,0.1553952693939209,0.0898265615105629,0.69398016,0.65440345,0.7049919,0.29760545,0.373484,-0.016625772646293346,0.19888556,0.2461003,0.8813143,0.8948233,0.7481357,0.7752425,-0.005510365362223913,0.07066764,0.23151564598083496
exact-r1__d9c72591547a6b046fa0ac574d4e8ba2273f59df__炸虾菇__v1362__flag__04df131e__c0.mp4,0.38899022,0.59713477,0.76538694,0.59713477,0.6172125,-0.021110194297176133,0.14911371,0.14861166,0.84682095,0.9010732,0.84076285,0.84638196,-0.007956861094994987,0.057198755,0.03142613172531128,0.01964988186955452,0.2860092,0.72791815,0.8231843,0.7001158,0.723607,-0.014657744305878313,0.10591386,0.12538755,0.87811506,0.920723,0.8652313,0.87504596,-0.006616827939810006,0.04813297,0.3422192335128784
exact-r1__336d65b0699f567902b54ca9b3d4fd081d7a57d0__爆炸菇（爆炸后）__v341__coffee__edb5f1f3__c0.mp4,0.8093131,0.47802424,0.7229985,0.17522657,0.36136803,-0.02249249078245034,0.22154619,0.33092505,0.8357593,0.8936782,0.65777874,0.78826123,-0.007663302918667876,0.07997825,0.2072276473045349,0.04720575734972954,0.27162468,0.8006636,0.87519014,0.7129152,0.77881974,-0.0069656405642098684,0.06288789,0.12669086,0.90006214,0.94088405,0.8650064,0.8971807,-0.003206904815590909,0.03105801,0.32178038358688354
exact-r1__b4eae72bed7b19f3df518a28e1218285d7456c4f__粽子菇__v1118__bubble__a39f354f__c0.mp4,0.6858762,0.6038848,0.5794592,0.2885849,0.31133616,-0.020854542584051734,0.23353979,0.15312892,0.88972235,0.882242,0.8259109,0.833629,-0.0037814559554865267,0.044628344,0.04482084512710571,0.025642013177275658,0.38476235,0.7727485,0.7378977,0.58969873,0.59466904,-0.012103961449366778,0.12690638,0.11304569,0.9127091,0.907884,0.8692025,0.8730842,-0.002330705994673864,0.030446481,0.12868574261665344
base-noprop__3ffac087311686944bd2b516eff9fa75861a7c9d__炸虾菇__v0__6cf917bf__c0.mp4,0.5783746,0.4238879,0.5635326,0.3872149,0.40258348,-0.026312338004234766,0.1940609,0.2699145,0.7237322,0.79693246,0.7077429,0.7146378,-0.012476895637663004,0.08941716,0.15817046165466309,0.09513981640338898,0.22316241,0.7610439,0.8134554,0.742427,0.75926596,-0.008341452114195702,0.06196564,0.13637519,0.8662529,0.8920723,0.84657395,0.85374063,-0.005141351416176945,0.039078973,0.3891110420227051
generic__990a5c189a868ed25f5694947f8062340a1d1df7__粽子菇__v620__scooter__e38c10af__c0.mp4,0.29146826,0.73456466,0.7673696,0.65880215,0.66717166,-0.006680750858642356,0.08052724,0.08928931,0.9271536,0.9213268,0.8876296,0.88917965,-0.001389985558072575,0.023309298,0.06893205642700195,0.03709110617637634,0.106104314,0.8513216,0.8857013,0.8464647,0.8540733,-0.0026057555152493752,0.023958188,0.033958733,0.9526552,0.95841795,0.9495039,0.95275396,-0.0007740209107342252,0.007530906,0.6682348251342773
exact-r2__17267cdbab13c63bd29a987952c0bc6e4a671ac3__爆炸菇（爆炸前）__v149__glasses__abaa048b__c0.mp4,0.3859974,0.087905556,0.13742335,0.078859106,0.08744488,-0.009017402401908119,0.090690546,0.34432462,0.46561426,0.54310447,0.45886746,0.4624971,-0.012332947917370937,0.09815014,0.32663172483444214,0.2529832124710083,0.21491861,0.59272873,0.65012777,0.57368493,0.5821252,-0.009348098056118475,0.071194775,0.17424327,0.73542184,0.7960877,0.7306477,0.7318493,-0.00893271770401906,0.06547373,0.32933369278907776
exact-r1__46ad1d7fc06fae0ddf3af206d3ae023bd4b24aae__爆炸菇（爆炸后）__v449__glasses__697a2609__c0.mp4,0.833183,0.14118516,0.27851,0.10960966,0.1316092,-0.023702489440384594,0.19480702,0.37517595,0.60218215,0.6983127,0.5962373,0.5995625,-0.01405655307025307,0.1032309,0.2209547758102417,0.16049320995807648,0.33159858,0.62945735,0.73523295,0.61745316,0.6242276,-0.014089266714371253,0.10165745,0.18794322,0.79609,0.85880584,0.78916675,0.7947095,-0.008246605869809617,0.05927342,0.4021848142147064
exact-r1__24fd5a5b571589bad02d82bc90600f51cc7bcb81__炸虾菇__v233__eyemask__101863ea__c0.mp4,0.43528128,0.5690863,0.8043882,0.5566882,0.5742459,-0.02393984824065637,0.16698729,0.10983181,0.88503563,0.93456995,0.8813002,0.8841612,-0.006194684521954066,0.042886198,0.05559134483337402,0.029620522633194923,0.18944395,0.80623114,0.8973681,0.8025255,0.80624676,-0.010416945037634476,0.07123143,0.057596922,0.93793833,0.96419054,0.9362035,0.93652093,-0.0031655616911032587,0.02159341,0.32794851064682007
base-noprop__479cfaa7ed9751d704a007cccb8dbebcb4fc8765__汉堡菇__v0__1056d238__c0.mp4,0.56701124,0.57892025,0.6728249,0.41902566,0.4390176,-0.020661933148802523,0.19100106,0.12667835,0.8814515,0.9054757,0.8587216,0.86047107,-0.005244053635201434,0.044450276,0.09259772300720215,0.0567365325987339,0.117458105,0.90620846,0.904687,0.869483,0.8713981,-0.003998008287942444,0.035267208,0.044905007,0.96106374,0.9622124,0.9479876,0.9506389,-0.0014891572620557723,0.0131627135,0.5210028886795044
exact-r1__b5c8a38b966307c4b2025faa44a1c0ba9856fd43__炸虾菇__v1126__bubble__27c917b3__c0.mp4,0.71273035,0.62458575,0.68794423,0.26544565,0.30975595,-0.027785897019352374,0.22880873,0.17349434,0.8794529,0.90520775,0.81860185,0.8281519,-0.006542340745567806,0.052327506,0.0494999885559082,0.023967670276761055,0.6096387,0.7248898,0.79203516,0.36924475,0.53098214,-0.01898061598949283,0.17013176,0.13753271,0.9197731,0.9291753,0.8547733,0.8714069,-0.004596582985678224,0.0394828,0.19256550073623657
base-props__b2d3b11f7cc10d19163a3940e12f64f147409d54__爆炸菇（爆炸后）__v713__eyemask__9658b52b__c0.mp4,0.6871483,0.29359463,0.5862512,0.27719063,0.29506743,-0.03342769895735465,0.2284656,0.20583934,0.7721609,0.87071776,0.7676411,0.77250504,-0.010055417953272578,0.06825002,0.1392325758934021,0.07027387619018555,0.16620374,0.81148857,0.863853,0.79813516,0.8041567,-0.007462219758467237,0.051831473,0.07361907,0.9090922,0.9409916,0.9031368,0.90703356,-0.0036899651227732437,0.025174322,0.4207054376602173
base-noprop__2236ddd1a25d7ae2e190062eb0a1d6d87088db82__爆炸菇（爆炸后）__v0__5c6b2b31__c0.mp4,0.33563745,0.5232595,0.35676754,0.20898293,0.22456717,0.0005834581617545689,0.109755054,0.27602565,0.8119197,0.69246316,0.5558289,0.56435573,0.0006369047838708657,0.08974311,0.27523207664489746,0.17122751474380493,0.12693888,0.8284396,0.7574815,0.683069,0.6941359,0.00245332765013804,0.044261795,0.081211686,0.90686023,0.86369056,0.82305336,0.82790506,0.0007385782926921291,0.02784291,0.3615052103996277
base-noprop__07c58fa6b177896d1bf3bafc1798b4388f51e9a6__毒蘑菇__v0__3077dfa3__c0.mp4,0.7485386,0.7313827,0.54658777,0.19743666,0.21543168,0.013407344786310385,0.26394016,0.29544246,0.8722523,0.82251406,0.6773776,0.69056404,0.004233668915367876,0.09627034,0.17448925971984863,0.08403459191322327,0.23635733,0.8397136,0.8194411,0.7121662,0.7339433,0.002525417406568409,0.06464643,0.13286614,0.91697043,0.90654886,0.8459302,0.8524295,0.001331729792323504,0.038913198,0.44559329748153687
base-noprop__9fe84a46a5b7258d9185e38e64539dfb315c00ea__粽子菇__v0__44a6634a__c0.mp4,0.5548327,0.421726,0.7040023,0.421726,0.50821894,-0.018506399256438603,0.13661844,0.23927653,0.74615717,0.87350273,0.74615717,0.79444194,-0.007753095372392267,0.056129105,0.1537085771560669,0.06087841838598251,0.14254099,0.83401763,0.88113016,0.83401763,0.8498171,-0.0037955884405746813,0.0305124,0.08608019,0.89986575,0.934381,0.89986575,0.9157715,-0.002539535932861317,0.018753204,0.5240042209625244
base-noprop__0eaa401fc0b89ae5782586ac9dd79898a8983222__炸虾菇__v0__258a056e__c0.mp4,0.1074819,0.96711344,0.95062006,0.88582695,0.9061115,-0.0014649362785542975,0.02823353,0.043178797,0.9844375,0.97372854,0.9525837,0.9551058,-0.0004747173649520334,0.011947397,0.01965266466140747,0.007583257742226124,0.08427775,0.9671135,0.95495796,0.9090311,0.92407197,-0.0013418907940152005,0.021996193,0.024888217,0.9849807,0.98131174,0.97089094,0.973843,-0.0003953763972158102,0.005836609,0.5505855083465576
exact-r1__4684d4e3cc283d2f82a830567f416163b041076b__吐司菇__v446__bubble__997c9000__c0.mp4,0.87226516,0.10030879,0.37101904,0.09920925,0.10437607,-0.04437760371170027,0.339296,0.6248379,0.35266444,0.66616964,0.35266444,0.36993945,-0.034059540615251405,0.22943456,0.40465331077575684,0.1763383001089096,0.6375483,0.46476775,0.576268,0.33577988,0.3683576,-0.024425936310658848,0.22860922,0.23559928,0.7523022,0.8425079,0.7523022,0.76219314,-0.011313803111140438,0.08002429,0.18157078325748444
base-noprop__068f87e6d8c098db1a68eaff2a959baa9dd07959__吐司菇__v0__09f67355__c0.mp4,0.6127544,0.82280135,0.613181,0.3726893,0.42320365,-0.0037439158959350996,0.1961491,0.22635299,0.9201441,0.8462206,0.7642103,0.7721277,-0.0016832895311913456,0.07091034,0.14491868019104004,0.08431263267993927,0.15521723,0.9041585,0.8772244,0.83022654,0.8348088,-0.0020637703625109925,0.038138412,0.090070724,0.9486451,0.9305331,0.9018583,0.9093123,-0.0011504480961283094,0.023129229,0.5268215537071228
base-noprop__fa699bfb0ad829980890a6fa14ad0c0db8626180__粽子菇__v0__ead9b5b4__c0.mp4,0.72604483,0.62077916,0.51322633,0.26327044,0.2845724,-0.0235040669031294,0.25406256,0.3293494,0.8347433,0.7838784,0.66327226,0.6784518,-0.01047732966690667,0.114092015,0.22888243198394775,0.13489843904972076,0.17868137,0.84787226,0.85937387,0.810634,0.81731,-0.005389757719435718,0.0491397,0.110455215,0.9160617,0.9187768,0.8837094,0.8953539,-0.00357796799524027,0.032117486,0.5316580533981323
exact-r1__4691ed1843f8b20fbb9d94d74fa655f6e6d960bb__吐司菇__v447__bubble__317c9c87__c0.mp4,0.24079478,0.8341664,0.90455884,0.74763095,0.82781005,-0.008385946863724793,0.06477122,0.09371102,0.9382979,0.9521249,0.89811087,0.9129533,-0.003702751497034983,0.028558305,0.03000771999359131,0.009800483472645283,0.10941321,0.9046185,0.9301595,0.87901264,0.8897788,-0.0043783786268573426,0.03210125,0.068142295,0.960642,0.9619253,0.9250231,0.9283021,-0.0026124647483524153,0.021607716,0.18562442064285278
exact-r1__17267cdbab13c63bd29a987952c0bc6e4a671ac3__爆炸菇（爆炸前）__v149__glasses__abaa048b__c0.mp4,0.83231664,0.12947103,0.2930409,0.1263722,0.12865627,-0.023979316601757963,0.21304081,0.39285934,0.58702016,0.70394903,0.58407927,0.5852512,-0.014905476228521761,0.11239937,0.22853755950927734,0.17382459342479706,0.28295243,0.68199956,0.78284216,0.6779951,0.68062574,-0.011837268417531807,0.08631971,0.1774534,0.8083419,0.87777364,0.8057772,0.8070434,-0.007978583866428475,0.05698333,0.41754043102264404
generic__6612290f63285f5c6f418d9a0bf7cc9e8ad3a7e6__吐司菇__v388__glasses__cde9ea13__c0.mp4,0.7001676,0.34021956,0.6960523,0.2946943,0.32139742,-0.035160001058116765,0.2668052,0.3280164,0.7085486,0.8636915,0.6630578,0.7039606,-0.015060617695212854,0.11469587,0.24408382177352905,0.08637914061546326,0.16110629,0.86082625,0.90189636,0.8337556,0.8443544,-0.005467894696906628,0.04364377,0.08799857,0.9223762,0.9500705,0.9071416,0.9180677,-0.003219470617328232,0.024458392,0.5167981386184692
base-noprop__125de5a624888f2f256cc2f63735a38929203bb9__爆炸菇（爆炸后）__v0__bf097b54__c0.mp4,0.57521266,0.3636155,0.49524638,0.34524363,0.36433953,-0.023308557483989748,0.21743985,0.1539619,0.8123676,0.8499629,0.8100827,0.8121067,-0.006080156788524445,0.05651017,0.1167752742767334,0.08636263012886047,0.109906495,0.84452355,0.8589481,0.83004534,0.8326688,-0.004080947326577248,0.037938025,0.052890897,0.9282662,0.93632543,0.92338055,0.9238817,-0.0018632275313727872,0.01777715,0.5247805118560791
exact-r2__55d0a552371088436d3780e0920102745a9833f1__汉堡菇__v546__scooter__2d2219a1__c0.mp4,0.7785978,0.019961845,0.09777284,0.010968319,0.020049635,-0.016183836737154393,0.16775411,0.7604952,0.14469105,0.26997295,0.13534227,0.14267167,-0.024160933986365096,0.20066655,0.45123541355133057,0.3947639763355255,0.53623545,0.40828454,0.5107893,0.33625218,0.35791272,-0.022423275580754874,0.17144397,0.39300817,0.57304883,0.66473705,0.5378874,0.5507057,-0.01695104337963662,0.1268855,0.2187383770942688
exact-r2__b6387d6187a3435f57004a2d043d191ad76a9ced__炸虾菇__v1130__bubble__3f98ead1__c0.mp4,0.74780303,0.40088528,0.38183194,0.20160383,0.21851593,-0.01850435934342416,0.2178214,0.3125096,0.72458625,0.7615246,0.65665954,0.6650509,-0.011162551848784745,0.089041375,0.14233684539794922,0.08617866784334183,0.6068201,0.7938144,0.6821574,0.34704307,0.50601363,-0.0009090687505341326,0.14531095,0.18111408,0.86138064,0.84770334,0.79467905,0.7993377,-0.0044855439498019435,0.048561744,0.17905193567276
exact-r2__2495cb6a02eecbe6b15ad5481af9e0812f316e44__炸虾菇__v230__eyemask__37c59cc4__c0.mp4,0.7940864,0.21205345,0.42184746,0.2002395,0.21014497,-0.03342967378822239,0.2510276,0.28275973,0.72052944,0.81784624,0.7125853,0.71401,-0.012925725975055475,0.08867101,0.17483729124069214,0.1001957431435585,0.33478594,0.7425989,0.7782678,0.6595398,0.66961837,-0.009189565956828166,0.09432424,0.11096877,0.8918592,0.9180418,0.8843762,0.8884805,-0.004419624039778152,0.03322893,0.3069920539855957
exact-r1__66c31723dc12306b4f0c1044a74ebf104e0824d8__爆炸菇（爆炸后）__v652__flag__aa0b5ed5__c0.mp4,0.45211744,0.5328858,0.75101113,0.5166149,0.5282686,-0.025789516304321445,0.17729083,0.17149174,0.8119858,0.890742,0.8074672,0.8095668,-0.010044889664461489,0.069512606,0.08439439535140991,0.040727339684963226,0.17436182,0.80266285,0.87066233,0.7964753,0.8030297,-0.010163499903773118,0.07378492,0.09446365,0.8913537,0.9314694,0.89118785,0.89173776,-0.005728759313289354,0.04106963,0.5019681453704834
exact-r1__64f7ba46c3c16764be8347709ee03ebee90d68c2__爆炸菇（爆炸后）__v639__flag__116680dd__c0.mp4,0.5146022,0.519965,0.6743436,0.45025402,0.5138818,-0.021105033665777678,0.15288149,0.21102303,0.79003716,0.8583605,0.77284396,0.7891362,-0.00919455984835568,0.06453883,0.09764337539672852,0.050972405821084976,0.2219708,0.7635342,0.8209702,0.7428856,0.75899154,-0.00948118727668943,0.06800301,0.115404725,0.87348425,0.90933305,0.86908066,0.87187934,-0.005191231197990453,0.03640853,0.5329821109771729
exact-r2__04dc11f346bd2c0253418f8edd6a7187fb43f805__粽子菇__v32__coffee__f33e0d36__c0.mp4,0.4990566,0.16007419,0.2310783,0.14155838,0.15725005,-0.010970460125815729,0.10310833,0.4091659,0.5994194,0.6408056,0.4620659,0.5353352,-0.00906226242130455,0.08584561,0.32180383801460266,0.2133125364780426,0.25852752,0.71784,0.7412588,0.607605,0.625599,-0.007306961850686528,0.07489598,0.15754825,0.8428699,0.85411817,0.77978975,0.7936561,-0.00453594586123589,0.042974826,0.19204434752464294
exact-r2__3550d4d593884e660092f1bb1c9c8c880eb3e04f__蘑菇力__v353__scooter__f9ccfe72__c0.mp4,0.92525953,0.075046584,0.12613983,0.06576614,0.07122562,-0.0114781696776392,0.1851902,0.7926606,0.20932257,0.26848486,0.20092992,0.20868878,-0.011465841749675671,0.15724936,0.35069990158081055,0.30417776107788086,0.70829916,0.28597146,0.35044116,0.28272662,0.2851005,-0.01090022582899441,0.14140365,0.46100926,0.55375767,0.57266253,0.53415895,0.5410739,-0.00474867395497123,0.09049625,0.16725148260593414
exact-r2__f11cad00ba6f8dcd0db7e9dfcdef26e58638052e__爆炸菇（爆炸前）__v1517__scooter__826b44a1__c0.mp4,0.79439175,0.14762607,0.47636357,0.13942638,0.14978288,-0.042636578365159127,0.30451384,0.5037381,0.4663542,0.7332583,0.4616863,0.46832278,-0.027077425668833296,0.18712007,0.32057297229766846,0.15404601395130157,0.41526687,0.53211594,0.78265035,0.53211594,0.5564219,-0.01822652011049596,0.12941763,0.20013314,0.7744244,0.8873043,0.773791,0.77737415,-0.00959260679280807,0.06661056,0.25573262572288513
exact-r1__71e12148011f61cd348e6d50e16951a7d46be83f__吐司菇__v715__flag__38022f2f__c0.mp4,0.49766633,0.11049547,0.2279423,0.080637254,0.0963458,-0.016117613350332023,0.2147197,0.36523023,0.5240842,0.64274085,0.49207065,0.5172079,-0.01266016905369023,0.12866834,0.3150804340839386,0.2154940962791443,0.340914,0.5638657,0.7000688,0.54727966,0.55975527,-0.014816099475966137,0.11627143,0.151375,0.80149454,0.8582349,0.79712003,0.80262583,-0.006249044605865767,0.04988144,0.2858714163303375
exact-r1__7da73bccaac018dfba8c400a2b8c3e42302f427e__炸虾菇__v780__glasses__986387a9__c0.mp4,0.9207588,0.085466415,0.32892495,0.06874816,0.086358465,-0.03962484630111886,0.3086556,0.5899341,0.4081217,0.62421674,0.40128264,0.4036513,-0.03001330386508596,0.21481168,0.31210267543792725,0.1986776888370514,0.49318057,0.5664778,0.7141949,0.4963264,0.5401652,-0.021902105200432048,0.15763098,0.30961943,0.7104205,0.8228944,0.68547344,0.7032522,-0.015473382628482309,0.11020923,0.30018946528434753
base-noprop__746da3c174acbb5da8858bffe05b68335dae3406__爆炸菇（爆炸后）__v0__c6b383bd__c0.mp4,0.3669163,0.9564161,0.8067366,0.6220477,0.6378749,-0.003415773449679144,0.13945293,0.10285133,0.9753556,0.9335418,0.88456535,0.8916858,-0.0008534780839686184,0.038900696,0.0728456974029541,0.034217607229948044,0.12728065,0.9588268,0.9223766,0.861995,0.86581874,-0.001833305705206211,0.039635837,0.045835912,0.9800488,0.96775925,0.9480279,0.9488386,-0.0006999835195277385,0.014217455,0.5270580053329468
base-noprop__182f83da0bcf36703e4fd5d1e28bc4008296ecaa__汉堡菇__v0__ceef1214__c0.mp4,0.4669732,0.9692905,0.8345038,0.52644837,0.6021367,-0.0017011646814496953,0.14636292,0.12278044,0.9852093,0.94808203,0.87261987,0.894899,-0.0008780993373968904,0.037727125,0.06899064779281616,0.02040151134133339,0.16505396,0.9694438,0.9136925,0.8283675,0.84091383,-0.0014682809119168,0.055749793,0.05389774,0.98601013,0.96848375,0.9416105,0.94486517,-0.0005859637802297413,0.017839635,0.5977136492729187
base-noprop__28a9118cfcb39ecdaa356dae1cfd75d6409d77fc__吐司菇__v0__7c71d183__c0.mp4,0.2975062,0.7002369,0.71580696,0.6672046,0.6787402,-0.004360110156620934,0.06663251,0.096105635,0.9027937,0.9049535,0.8853633,0.89197755,-0.0015847394942295032,0.021166742,0.040627241134643555,0.03179627284407616,0.18138576,0.8123278,0.8171893,0.7837002,0.78853434,-0.0025351852649756652,0.038585942,0.06015891,0.93408656,0.93674964,0.9252867,0.92841494,-0.001009552610721528,0.012893218,0.5068740844726562
exact-r1__48edbebb09f4066019f3a893bd82184d9bdce8fd__粽子菇__v465__glasses__ce906ac5__c0.mp4,0.5729579,0.30892366,0.44051278,0.30551335,0.30762845,-0.021218593795544548,0.1746063,0.15283304,0.80867434,0.84915686,0.80738974,0.8080012,-0.006078853732041229,0.04718565,0.10002964735031128,0.07966774702072144,0.16561705,0.74351025,0.7889119,0.7197575,0.72852784,-0.008467772673712442,0.06274341,0.065262794,0.908704,0.92882454,0.90334797,0.906387,-0.003142297562403175,0.022802567,0.4526293873786926
exact-r2__4750d9b5e622a065f63c02791c5880240fb4ec9a__爆炸菇（爆炸后）__v455__glasses__5c410dcd__c0.mp4,0.43060702,0.09393756,0.17024837,0.09393756,0.09619501,-0.011354960317138158,0.11920001,0.37672567,0.461826,0.5718963,0.46151888,0.46290362,-0.014137742989383669,0.11190941,0.3456410765647888,0.27868396043777466,0.24182695,0.6513463,0.7425151,0.63006634,0.6356378,-0.01127215848845457,0.08333552,0.15768981,0.7823787,0.85058004,0.77769744,0.7797023,-0.007572488586893197,0.055902228,0.4432451128959656
exact-r1__3550d4d593884e660092f1bb1c9c8c880eb3e04f__蘑菇力__v353__scooter__f9ccfe72__c0.mp4,0.8846986,0.1319646,0.45658088,0.104952365,0.11883728,-0.05167701616588791,0.40393752,0.45423263,0.6339456,0.75326926,0.53601795,0.57302845,-0.0222690368122734,0.18295051,0.2887970209121704,0.13748586177825928,0.5160061,0.6039759,0.74045944,0.47364482,0.57910585,-0.02329987290466254,0.1881088,0.24101847,0.843326,0.8907551,0.7532284,0.82486624,-0.009441849919175906,0.0788791,0.2740131616592407
base-noprop__182f83da0bcf36703e4fd5d1e28bc4008296ecaa__炸虾菇__v0__8c812082__c0.mp4,0.595497,0.9539465,0.7824581,0.3923609,0.4208859,-0.012872065715639033,0.21908145,0.16486877,0.9764054,0.92997617,0.8290353,0.8359757,-0.0038746085327133455,0.05755164,0.10384678840637207,0.035781633108854294,0.15622765,0.95444167,0.91385126,0.83163023,0.84076506,-0.004745277844870041,0.05154167,0.061682224,0.98185784,0.9657578,0.9323518,0.93304485,-0.001664518721018848,0.020576216,0.6059014797210693
exact-r1__46a88b94d8c5451f884baeac062b15b148ad8fe6__吐司菇__v448__bubble__66e4b2cb__c0.mp4,0.8850528,0.055451278,0.21905638,0.055451278,0.06870804,-0.029112873050446807,0.27058044,0.5677345,0.40315807,0.5528492,0.40315807,0.40762162,-0.02487534099063385,0.18810387,0.24783402681350708,0.1302250325679779,0.7855578,0.48592412,0.3634663,0.1592719,0.17453338,-0.013397815449553522,0.24598698,0.43531078,0.6503608,0.68307436,0.53935987,0.5965156,-0.012020971110686963,0.12325611,0.0957680493593216
base-noprop__f64e1c17ba334819ca417f708e64e97d2aba7b05__爆炸菇（爆炸前）__v0__5f404b24__c0.mp4,0.61435616,0.882182,0.69868785,0.33328044,0.37461215,-0.009280131268407045,0.21833588,0.25448567,0.9392325,0.8753983,0.7203125,0.73884535,-0.004366409990627306,0.08557377,0.1599406599998474,0.055124346166849136,0.17204177,0.89725304,0.8675865,0.7767089,0.80386555,-0.0030999154205850047,0.046770908,0.10207963,0.9495373,0.9305227,0.8789793,0.88531977,-0.002059684263858868,0.030744467,0.5963502526283264
exact-r1__63c6cd5b6ce97c724c348a679627c9f637af97f7__毒蘑菇__v627__scooter__2948a84e__c0.mp4,0.8182105,0.18340266,0.46972772,0.16786331,0.17978194,-0.04106276497068142,0.2952039,0.44139254,0.5935564,0.74748147,0.5522715,0.57852244,-0.02259135682121098,0.16456206,0.313460111618042,0.16928111016750336,0.21286535,0.7732084,0.8496191,0.7732084,0.7755545,-0.0095983105214688,0.06790992,0.12928176,0.8704157,0.9167625,0.86438227,0.87031496,-0.006174967753086164,0.044437062,0.5685683488845825
exact-r1__2476217f1ef403570cab61bc600a1590bb5c33b0__汉堡菇__v228__eyemask__1f5e8f4e__c0.mp4,0.51946735,0.4700446,0.80207175,0.4700446,0.6105029,-0.023244238418081552,0.16197784,0.10990149,0.8862817,0.94192445,0.88480693,0.9033172,-0.004976884826369914,0.03381593,0.05093991756439209,0.025774981826543808,0.22531348,0.7690572,0.8825158,0.7641984,0.77879226,-0.01169625643213749,0.08033524,0.059984863,0.93722165,0.9676993,0.93472356,0.9465498,-0.002576191788134372,0.017410457,0.37135347723960876
exact-r1__357d37772683c7c8ff2944404f39eed890de66ab__吐司菇__v356__glasses__c2530ae8__c0.mp4,0.803557,0.6614526,0.72279465,0.1662999,0.24639986,-0.02789598257233033,0.26787937,0.15637177,0.8826298,0.9154614,0.8232622,0.8381198,-0.006675263756348704,0.053024042,0.1097644567489624,0.04478176683187485,0.14316261,0.83993053,0.9039877,0.830268,0.83540106,-0.007894197118140966,0.055414267,0.054211736,0.9409595,0.96024305,0.9330267,0.9368481,-0.0026178248079398226,0.018780194,0.4883386790752411
base-noprop__3a465276b3c4381b5603d70c17849c8e1edf6d9c__蘑菇力__v0__83fb4f4c__c0.mp4,0.4252965,0.5928881,0.78119236,0.555566,0.5715528,-0.020580136316567077,0.14821656,0.10095447,0.88848054,0.9261219,0.87447,0.87972075,-0.004594850563720277,0.033211626,0.07601869106292725,0.03810206800699234,0.12677693,0.86985886,0.90624976,0.85408556,0.8706855,-0.004419392983432804,0.032752585,0.043332517,0.95142895,0.9642239,0.9446565,0.95051175,-0.0015670182441063114,0.011278621,0.524204671382904
base-props__9988ed6b8baec6b7f72e2a2f31784ecde8be7eb5__毒蘑菇__v623__crown__7de73eb3__c0.mp4,0.061501384,0.9219179,0.9544857,0.9219179,0.93746287,-0.0026210303834304652,0.019065658,0.027087629,0.96903706,0.9751043,0.96187687,0.9629666,-0.0011251528154720023,0.010336635,0.008756875991821289,0.00452047074213624,0.04212302,0.9503561,0.9613622,0.94194937,0.9483917,-0.0017396179819295355,0.014089739,0.02368772,0.97524667,0.9796248,0.9692291,0.97140515,-0.0009383371342783388,0.008257531,0.6168279647827148
base-noprop__701e58d8fd0b9629cc0d3b9aec0136dcfd79a9f4__粽子菇__v0__69c312f2__c0.mp4,0.3351274,0.8522763,0.7643647,0.5341669,0.620757,0.0042759534634149035,0.10516963,0.08712137,0.9275407,0.9083189,0.8613069,0.8727207,0.0006536220019984967,0.025119781,0.06654977798461914,0.03362855687737465,0.094093144,0.8765856,0.8650108,0.8102669,0.830622,0.0005391832043530831,0.024706937,0.035725713,0.9439871,0.94194746,0.9268774,0.929321,-5.8937920883248707e-05,0.008697352,0.532766580581665
exact-r1__04df965f1463854b338ef365bd1c58499ad56d97__粽子菇__v33__coffee__421152c0__c0.mp4,0.734682,0.7971267,0.7234823,0.24463958,0.28447947,-0.020401357927105644,0.2459335,0.20019007,0.92008257,0.9140011,0.79091656,0.81536573,-0.005998456254306995,0.06281613,0.10690343379974365,0.03364336118102074,0.24276352,0.8576258,0.8667859,0.7365581,0.7682777,-0.007852155288217557,0.07105574,0.09354615,0.94896746,0.9476444,0.89782,0.89952654,-0.00335893176289886,0.032299988,0.2341611683368683
exact-r1__63f03d9dd9794eff85cfc7b301e8768d91c5ed15__炸虾菇__v628__scooter__8d993de5__c0.mp4,0.89139104,0.06900178,0.3713257,0.06783441,0.069038324,-0.04629418860546687,0.3355893,0.52196777,0.4557778,0.698999,0.45496288,0.45623922,-0.028620747149932995,0.19535497,0.370522677898407,0.19812233746051788,0.29166353,0.6727605,0.80078745,0.6683867,0.6762586,-0.013217970669976346,0.090302676,0.16022795,0.8233421,0.89712125,0.82206285,0.82380164,-0.008109714556117314,0.055111527,0.4292741119861603
base-props__612d49f90c5839a0aeee3644992dde5a2e25df17__爆炸菇（爆炸前）__v370__flag__44b9d3da__c0.mp4,0.60709125,0.43625495,0.43662456,0.28061843,0.30536088,-0.004538059970842531,0.15038879,0.2599342,0.78901565,0.77417094,0.6862767,0.7139091,-0.001366540318421235,0.06384604,0.1952587366104126,0.12757042050361633,0.15184563,0.81415594,0.81473815,0.76014626,0.7787254,-0.0023484540433280515,0.035072386,0.08669084,0.9066193,0.9017414,0.87320197,0.8815488,-0.0007536520835439153,0.019624855,0.4700186550617218
exact-r1__037c5682bf3ce681096350171ef6542110f90174__爆炸菇（爆炸后）__v23__eyemask__0ab7bcf3__c0.mp4,0.5860287,0.41956645,0.70534664,0.4062159,0.4208318,-0.028178913673393334,0.19329347,0.16981196,0.8221997,0.90399545,0.82025003,0.82418126,-0.007857686858403348,0.05382899,0.08695179224014282,0.04307905584573746,0.19995493,0.79228973,0.86954546,0.79228973,0.80074334,-0.008274288870129178,0.05658522,0.08746523,0.9091515,0.94707453,0.90605277,0.9104656,-0.0038666957805279178,0.026171321,0.4383709728717804
exact-r2__66d87cc94688950f69cb883873f0307161008b73__爆炸菇（爆炸后）__v654__flag__ca7185cd__c0.mp4,0.8226421,0.42426085,0.3708694,0.16457221,0.17563045,-0.022181371116473274,0.26409078,0.4028762,0.78498447,0.7179939,0.5820018,0.5932562,-0.008812622001519794,0.12951374,0.27254462242126465,0.16926872730255127,0.27415985,0.80049354,0.79431295,0.7132702,0.73021847,-0.008864733423640147,0.085288934,0.14944804,0.89113796,0.8872628,0.84387064,0.84676486,-0.004477739805289394,0.04717173,0.4130971431732178
exact-r1__b901df6d48d37ba439b3b2ce4f18d1b9073a8d64__粽子菇__v1155__eyemask__3bd84047__c0.mp4,0.8733897,0.07229573,0.24842165,0.065554135,0.069061734,-0.018301311063142166,0.18994947,0.45990098,0.53986156,0.6699567,0.5084241,0.51926434,-0.012881290889069029,0.11540662,0.2834669351577759,0.19192972779273987,0.31547248,0.63740003,0.7288338,0.63740003,0.6456708,-0.008862956651585836,0.06844784,0.18556094,0.79136074,0.8618863,0.79136074,0.79612905,-0.006161203320789707,0.046485275,0.18837682902812958
exact-r1__57b60835a5265c7f59de17f5f821162644546334__汉堡菇__v559__scooter__89620044__c0.mp4,0.91826046,0.06737964,0.38302404,0.063908555,0.066430815,-0.05198183294989375,0.38837042,0.5101639,0.48000076,0.72490805,0.48000076,0.4840685,-0.029372081337238974,0.19935845,0.07235270738601685,0.03777380660176277,0.8186208,0.17187226,0.46209148,0.16371402,0.16765948,-0.047441589885313995,0.3555758,0.44497055,0.54657376,0.76268196,0.5463638,0.55048996,-0.025730401748725096,0.17486942,0.10945448279380798
base-noprop__354f3e4b6107ffa5548e933c67773e98971848fa__毒蘑菇__v0__cea99c8a__c0.mp4,0.5578176,0.9627021,0.8463066,0.43376353,0.59449524,-0.009143851726893863,0.15810849,0.13659751,0.98180985,0.94599384,0.8593069,0.8928479,-0.0022034251642792666,0.039483365,0.06631749868392944,0.01722019910812378,0.19976604,0.96270204,0.90574604,0.7918149,0.8330289,-0.003498576493131302,0.058537047,0.070279956,0.9818099,0.9632141,0.9256244,0.93761843,-0.0012608069205001552,0.020614449,0.3268904685974121
exact-r1__626b6bd3e31f1f1f566ad8589123249d6c71e87e__毒蘑菇__v620__scooter__78f5bda9__c0.mp4,0.77278876,0.22302343,0.50964105,0.22005606,0.22120944,-0.04226922623724805,0.2970028,0.23003495,0.76612973,0.8560089,0.7650683,0.7663037,-0.012296750316977976,0.08435293,0.14003682136535645,0.07722219824790955,0.2878254,0.7557595,0.8104235,0.70501924,0.746961,-0.010833363523596356,0.084870845,0.09313995,0.9056431,0.93323094,0.9021315,0.9051637,-0.004346868678515129,0.031234562,0.5222555994987488
exact-r2__3296e3025fe5db65ce1e18e8abd3114afdfdc5da__蘑菇力__v335__scooter__d7fc43bc__c0.mp4,0.935685,0.03856518,0.20109172,0.02674321,0.029655503,-0.03413706265110156,0.29974034,0.78698444,0.1971984,0.38827062,0.18444046,0.19626802,-0.035880841727077714,0.28433847,0.5401033759117126,0.3916876018047333,0.45642066,0.54809916,0.6368762,0.5066281,0.5192011,-0.01862868219025049,0.14720048,0.31024212,0.73730177,0.77995825,0.6712077,0.6849979,-0.011309409153320116,0.099995606,0.20810317993164062
exact-r1__6ecf3f0f4225021b452259474775f15784e9d0b5__汉堡菇__v703__coffee__80f515e1__c0.mp4,0.8124474,0.18568355,0.3134973,0.15291375,0.16052487,-0.020749926640699988,0.17887074,0.58873355,0.45703608,0.6007461,0.39868677,0.42659274,-0.02038109414426706,0.153266,0.3641672134399414,0.2571316957473755,0.36159337,0.7061548,0.7552729,0.6037679,0.63173294,-0.012338582882768082,0.09764015,0.22466385,0.80625176,0.8578778,0.762854,0.7790344,-0.008446537753338899,0.06409783,0.41727107763290405
base-noprop__c5e43dd5e62f17a4edf36f4eec759833b39bd954__炸虾菇__v0__e7716b84__c0.mp4,0.13826299,0.95944786,0.92921025,0.8470119,0.8778256,-0.0013265933090518928,0.0380865,0.06725955,0.9781132,0.9659933,0.9227079,0.93983877,-0.0006010405748729423,0.017643105,0.03022623062133789,0.006661873776465654,0.11746979,0.95944786,0.93387985,0.8678051,0.8943937,-0.001261611170919517,0.031457186,0.037044644,0.9781596,0.9726551,0.95293415,0.96215045,-0.0004884875103419106,0.009334605,0.20476794242858887
base-props__edcc9cb357e76382c3dd66231b56a5f4c6ef4e4b__毒蘑菇__v926__eyemask__c1ae514b__c0.mp4,0.5287321,0.92809343,0.7918453,0.4556827,0.50308007,-0.003334485612839114,0.1726967,0.14538938,0.9656934,0.92908925,0.84452736,0.86517966,-0.0010850607406480495,0.043372758,0.09261959791183472,0.03602863848209381,0.13840461,0.9290981,0.91511995,0.8463799,0.8657502,-0.0021225466087401767,0.03679718,0.056020558,0.97277284,0.9651178,0.93714696,0.9457025,-0.0007584836525408119,0.014998318,0.5233200788497925
base-noprop__c884f9c5b1342e1e182de98d0015811298454d88__粽子菇__v0__70c1de11__c0.mp4,0.6173016,0.9538706,0.74624187,0.3694553,0.38775378,-0.00220389157651442,0.25265133,0.15710926,0.97131276,0.9228177,0.8324027,0.8354757,-0.0009714974009472505,0.062025655,0.09373676776885986,0.03809976577758789,0.17924267,0.95516324,0.90215445,0.80751425,0.8119417,-0.0016036284535298649,0.06959488,0.06771338,0.9788139,0.96091753,0.92471635,0.9265687,-0.0007304198185917041,0.025080122,0.5429871082305908
generic__58c718f0a628fc78ed40a56ba41c1f7d385533e5__炸虾菇__v336__coffee__07074ac5__c0.mp4,0.7526921,0.28119308,0.62496674,0.23728903,0.26007453,-0.042917642948537976,0.30002487,0.2584917,0.76427376,0.8652965,0.73384005,0.7427058,-0.014048372627246982,0.09882411,0.13461321592330933,0.06400974094867706,0.25702596,0.7977121,0.86003983,0.7329551,0.7471064,-0.01230700637983241,0.08861114,0.12577522,0.8890134,0.9293062,0.86845326,0.8722352,-0.006417841956078304,0.04504455,0.5191650390625
base-noprop__084b3e71188f9a2159d683c11a6ad5bd65815355__毒蘑菇__v0__952a718c__c0.mp4,0.3951466,0.5418255,0.6965181,0.5418255,0.6018457,-0.011545704228604731,0.10697351,0.13796079,0.8210784,0.88163656,0.82101834,0.83460855,-0.004815901221022789,0.038774405,0.09333086013793945,0.05555347353219986,0.1293484,0.8234996,0.8762237,0.8234996,0.83455265,-0.0045987553747275,0.03311447,0.06620824,0.91439533,0.93719,0.9140166,0.9151294,-0.0025563399075519354,0.019107712,0.5427172780036926
exact-r2__ed679bf8d7bd4623332c2f7947931f6f01737729__汉堡菇__v1490__bubble__5ee6a125__c0.mp4,0.6623231,0.36346054,0.40665588,0.1302222,0.16516317,-0.02608780736626375,0.24360445,0.26602602,0.743503,0.7771396,0.648502,0.6692148,-0.011475434946448437,0.09493641,0.11517095565795898,0.06961160898208618,0.63811445,0.6879686,0.59083074,0.2342013,0.33675689,-0.01479901953530406,0.21002212,0.20212245,0.8512776,0.8467511,0.7517928,0.76646376,-0.006558665527185451,0.066716716,0.11945444345474243
exact-r1__95470d11e964ab0d3fa582e69f2b2efcc08ad121__汉堡菇__v929__crown__10d3d173__c0.mp4,0.7747909,0.29457867,0.45814437,0.20692185,0.25050402,-0.028692368256009165,0.23425062,0.22778034,0.78772366,0.84468716,0.7543889,0.7877454,-0.007514659065031733,0.06026946,0.08152800798416138,0.054222553968429565,0.57369256,0.54161024,0.6711629,0.40802008,0.48458984,-0.018896849376882026,0.16218841,0.16968381,0.86925167,0.8989099,0.8208803,0.8597494,-0.005285672460620118,0.04308258,0.2690695524215698
base-noprop__e245e3cfc41c9b8a7f3e19965bae1bd8876cb0b0__爆炸菇（爆炸后）__v0__e7140f13__c0.mp4,0.13469648,0.96365416,0.9272917,0.8568766,0.8866357,-0.00016411273140209766,0.039030995,0.053638756,0.9788499,0.96456385,0.9416319,0.94741666,-0.00024356195342401486,0.016448176,0.02066504955291748,0.011507985182106495,0.1281488,0.9636541,0.9317864,0.8634243,0.8946513,-0.00025334341723927644,0.034991957,0.033496916,0.98317814,0.9760719,0.96229696,0.96672857,-0.00021977545951195698,0.009467383,0.6210402846336365
exact-r1__46efe225dec2d1e5429fa9bf2a6c0d66fc5cb87e__粽子菇__v450__scooter__3d08f725__c0.mp4,0.76917315,0.9315138,0.6409647,0.20330307,0.21696149,-0.004084028657010436,0.3038418,0.20531702,0.9634823,0.8965252,0.7761718,0.7851074,-0.0013240701831847815,0.07289205,0.12098538875579834,0.041376993060112,0.23493183,0.93848056,0.8573143,0.73856986,0.7632498,-0.0009546270483567149,0.08045059,0.102626204,0.96967584,0.9379022,0.8830254,0.896844,-0.0008392619639046198,0.033597615,0.3062620759010315
generic__068f87e6d8c098db1a68eaff2a959baa9dd07959__粽子菇__v24__coffee__cd2a73a3__c0.mp4,0.7204479,0.44999284,0.5375739,0.259832,0.2709262,-0.016826486752438467,0.25825644,0.31275237,0.81081474,0.804738,0.6756282,0.6786493,-0.005454991233678687,0.10963818,0.20303010940551758,0.10842727869749069,0.22516847,0.77916354,0.83627367,0.75511146,0.77408016,-0.007422166320646257,0.06549423,0.13540304,0.9099817,0.9131654,0.8551613,0.87564224,-0.0026346207136221985,0.037354264,0.4462433457374573
exact-r2__b69d2742a4ef7e4ca827e3e4c6d1452155aa6e09__毒蘑菇__v1136__crown__b097a968__c0.mp4,0.67324376,0.40008882,0.5314969,0.3172702,0.3366838,-0.025128827264657608,0.19945529,0.14335448,0.86476755,0.88408303,0.85053974,0.852486,-0.004192108575534445,0.035340965,0.06128758192062378,0.04550381377339363,0.3589263,0.78187823,0.79069746,0.6315875,0.68607455,-0.007790898204792174,0.084119976,0.09443188,0.91239953,0.9295868,0.9010843,0.906355,-0.0029592125312141644,0.023619419,0.28086477518081665
base-props__0ab9e3bf089c71e2d454a42c0c8b656934192f80__爆炸菇（爆炸后）__v44__crown__c5344dbf__c0.mp4,0.123699784,0.964272,0.9281366,0.86206114,0.8895149,-0.0003881830825164887,0.03307805,0.054350197,0.9743953,0.9611308,0.937951,0.9412408,-0.00033479669819709275,0.015879922,0.023951232433319092,0.010609484277665615,0.078451276,0.96471196,0.93984586,0.9073096,0.91046655,-0.0003049978507837293,0.022317218,0.03226626,0.97873425,0.97174037,0.9600537,0.9606398,-0.0002506811746024474,0.0088721635,0.6172796487808228
exact-r1__b8e76f1c0df38ab538fd59b261f5e83e3a03beb1__粽子菇__v1154__eyemask__4595dd7c__c0.mp4,0.620129,0.3409934,0.54785204,0.335519,0.34805423,-0.029668982379992503,0.21479127,0.19198811,0.7784989,0.8571001,0.7784989,0.7822698,-0.009385099524094675,0.06421658,0.09052884578704834,0.05483483895659447,0.2909209,0.6747085,0.777458,0.6686637,0.67510647,-0.013862293876206928,0.09625803,0.11266124,0.86902773,0.911935,0.86546254,0.8668926,-0.005499043189018607,0.037513394,0.23782531917095184
base-noprop__26dbb8ae31663566874e3c69116675e0a5c2f687__蘑菇力__v0__9d644c99__c0.mp4,0.6049274,0.8105031,0.56317836,0.34471095,0.36519513,0.0068987393862173915,0.2064951,0.2593372,0.91430557,0.81793886,0.70783675,0.7207816,0.0034908319532635586,0.08743654,0.1698647141456604,0.0992986336350441,0.15979385,0.89950037,0.853683,0.79212946,0.7987365,0.0014740109090277415,0.044592034,0.100508034,0.9491426,0.9172376,0.87722254,0.87785226,0.0012296504771756541,0.03238588,0.5613690614700317
generic__938e01d47782dafc5547713c187bfbca30a0ae08__汉堡菇__v589__coffee__25daa877__c0.mp4,0.58783334,0.46797693,0.4948461,0.35008627,0.3660817,-0.01581923245441301,0.1645595,0.23826605,0.78801394,0.79948515,0.7356454,0.7448737,-0.00649150434454441,0.06531244,0.14261096715927124,0.09725745767354965,0.20665699,0.77405906,0.7907376,0.7398109,0.74952364,-0.004448740732057298,0.05124232,0.09804094,0.8867726,0.8967427,0.87775505,0.87936187,-0.0028608564449393377,0.027178625,0.49605822563171387
base-noprop__556de27b0d0679c58d037153bf13f376557bb4da__爆炸菇（爆炸前）__v0__a5015c22__c0.mp4,0.44863522,0.90664804,0.83808905,0.5170833,0.5622365,-0.00520719269754387,0.13542278,0.11242336,0.9547985,0.9389915,0.8681687,0.8751505,-0.001388368399246875,0.034116812,0.07385337352752686,0.024923961609601974,0.104350865,0.91148245,0.9110578,0.8613675,0.874288,-0.0016748948766309088,0.027386004,0.044400632,0.9685316,0.96391565,0.94193983,0.94426155,-0.0006585746650168063,0.012828174,0.6710271835327148
base-noprop__ea77208c520ab108b30a7e6f72eddb04638cca12__爆炸菇（爆炸前）__v0__a47be7c4__c0.mp4,0.7307924,0.9632288,0.77176726,0.26225832,0.30824408,0.0017951779921535468,0.2565063,0.23542053,0.9814377,0.9214535,0.7598763,0.7922365,0.0005396655779110748,0.076398715,0.12463933229446411,0.0367484875023365,0.26849806,0.9641532,0.90494406,0.7245526,0.7755642,0.00026093282011657975,0.07909616,0.111950755,0.9834602,0.95820194,0.88451564,0.9079695,-2.2490151786042322e-05,0.032525405,0.3970257043838501
exact-r1__fbdd191de8c08cfe552110874ac9775d322eb9cb__爆炸菇（爆炸前）__v1588__bubble__ad548802__c0.mp4,0.86185783,0.11232734,0.5417338,0.11232734,0.1175141,-0.04850343653100282,0.32929912,0.6143575,0.37129188,0.7566498,0.37129188,0.4453244,-0.029378232247980224,0.20214103,0.4197074770927429,0.12363068759441376,0.4785224,0.50756216,0.74944097,0.49588844,0.5516475,-0.021441448818553584,0.14557022,0.20501423,0.79099935,0.88028044,0.7827468,0.79677755,-0.009711396670624189,0.06551654,0.11452890187501907
base-noprop__5cd87e0e73b2c6ed3b794bb426544d934c63d371__爆炸菇（爆炸后）__v0__322e22bc__c0.mp4,0.5739192,0.9041238,0.7212191,0.39875457,0.41530737,-0.01226642297897414,0.21841401,0.17616844,0.95252436,0.8987778,0.80156267,0.8080958,-0.003937408210260602,0.06645057,0.10914784669876099,0.05093811824917793,0.17706758,0.92813593,0.88834757,0.7962325,0.80184937,-0.004573657401936791,0.061846282,0.07861483,0.9691237,0.949716,0.9097187,0.9120363,-0.001936501606179784,0.028128745,0.5733413696289062
exact-r1__e7559760a0cf2b04b9b127f73bc5ed4e714ab9d4__吐司菇__v1450__eyemask__3722b5d8__c0.mp4,0.52510333,0.50586855,0.6206401,0.45155048,0.47641572,-0.018593676712202006,0.13970584,0.13890159,0.8543279,0.8904018,0.8410554,0.84443367,-0.005067094865994958,0.038139023,0.06541562080383301,0.04305030032992363,0.24005234,0.7582679,0.8070564,0.7387692,0.7410853,-0.0074145804516411624,0.062097795,0.08436608,0.9156542,0.9334521,0.9055365,0.90891623,-0.0026503663524808595,0.021448983,0.2918619215488434
exact-r1__5792b571d04839ed3272dd104d55b0487c87cd92__汉堡菇__v557__scooter__98e3edc3__c0.mp4,0.8769923,0.26660222,0.43343025,0.09851299,0.10100217,-0.043082660866584715,0.33541703,0.5556795,0.6988417,0.72547257,0.42932314,0.4937014,-0.0213163093969285,0.1887212,0.34729909896850586,0.14655441045761108,0.4331993,0.7246871,0.7647201,0.5423059,0.55700827,-0.017157457562774533,0.14064282,0.24278784,0.8478639,0.87202704,0.7467468,0.7617925,-0.009890756706004098,0.083419316,0.3736562430858612
base-noprop__556de27b0d0679c58d037153bf13f376557bb4da__炸虾菇__v0__ed462b1e__c0.mp4,0.09751725,0.9461522,0.9178846,0.8774353,0.88284713,-0.002395432987231988,0.029806275,0.044746757,0.96404886,0.958648,0.94051516,0.94609,-0.001286548293626374,0.0125926435,0.022769451141357422,0.013788537122309208,0.0732882,0.9493941,0.932178,0.9023466,0.909616,-0.0017197714610533003,0.021226494,0.026090622,0.9764563,0.97243667,0.9632269,0.96399933,-0.0006795077927027818,0.0075898804,0.7282454967498779
base-noprop__39be581d9da2322344f235ccd87fa0ac2a6a333b__吐司菇__v0__c5fb379d__c0.mp4,0.68358505,0.8119636,0.62681454,0.30596554,0.31883895,0.009872069413011726,0.2240242,0.20032263,0.924428,0.8777547,0.79133916,0.7933842,0.0020774124050328626,0.06123251,0.13855582475662231,0.07258091121912003,0.13629478,0.90317816,0.894352,0.85325587,0.86104286,-0.00025076916802070355,0.029904129,0.06926739,0.95712304,0.9503356,0.9248272,0.93141884,8.011836072670832e-05,0.016439954,0.3435000777244568
base-noprop__570ddf635a3d56fb1f5c3aa1b95e854782191387__爆炸菇（爆炸后）__v0__7365be7b__c0.mp4,0.75793934,0.678756,0.5927951,0.22593331,0.28931892,-0.010204412661522276,0.20428199,0.2955612,0.89538974,0.85544014,0.6965301,0.742574,-0.0039223741165734256,0.074379064,0.19868344068527222,0.0708320140838623,0.2073046,0.78812784,0.8404209,0.7765682,0.7869936,-0.007405644231162986,0.056274503,0.098530054,0.91810834,0.92627203,0.89362884,0.8985127,-0.0027365280469887066,0.024741776,0.47479447722435
exact-r1__f23a5817d62daff5e4ed3e570e64d38eb22a9abd__毒蘑菇__v1525__glasses__45b7a72b__c0.mp4,0.4441343,0.57449377,0.6399786,0.5353713,0.54480135,-0.013885649826686846,0.12721881,0.08550745,0.90372175,0.91655916,0.90208435,0.9033546,-0.002476064348409316,0.022026569,0.04570639133453369,0.03842921555042267,0.17997211,0.8207349,0.84625715,0.80051136,0.80437356,-0.004481185684091008,0.046239875,0.048576176,0.9484151,0.9549885,0.94356215,0.9457782,-0.0014569725208131783,0.012355701,0.5037813186645508
exact-r1__5101800527787a720423bc1b750352a08d3932ce__吐司菇__v512__coffee__7f6ad833__c0.mp4,0.8372717,0.7262565,0.4879956,0.14845666,0.25776517,-6.717069464709935e-05,0.2222187,0.39386284,0.879987,0.80548114,0.59808433,0.7089969,-0.0024641946017035458,0.088914715,0.24311387538909912,0.10446751862764359,0.27147746,0.8515949,0.8247053,0.714251,0.7729766,-0.0036422466572094336,0.05450877,0.1565144,0.92341316,0.9099485,0.8356321,0.8669601,-0.0025075716463473343,0.033068717,0.4754515290260315
exact-r2__90670fc8fcb427723ab341cff42c86190936e160__粽子菇__v898__crown__be383a78__c0.mp4,0.9480798,0.06559525,0.31930947,0.0379959,0.052104346,-0.04230340280139401,0.32228813,0.38009334,0.6828087,0.7649028,0.60379195,0.6376487,-0.015358616947656558,0.11804562,0.23527681827545166,0.13201043009757996,0.3857013,0.69872713,0.7646845,0.60037446,0.6735187,-0.01230145537334942,0.10309455,0.17573375,0.8662329,0.8969133,0.8164295,0.8513643,-0.006053399662726499,0.048311234,0.3549617528915405
exact-r2__d9657e5af5e0c9e5c71b7d15425af2bf7fc9de96__汉堡菇__v1360__flag__ffb3b643__c0.mp4,0.41561317,0.6390071,0.6989856,0.5773772,0.60209227,-0.013472025926876434,0.116130725,0.14824635,0.8669467,0.891513,0.8469316,0.8552442,-0.005213811875803222,0.041026406,0.06918704509735107,0.04449039325118065,0.20530021,0.84014153,0.85740066,0.7876903,0.8210566,-0.004616807807575581,0.04854053,0.079422235,0.9219279,0.93600357,0.9161186,0.9177041,-0.00284493175655486,0.022968689,0.40158700942993164
base-noprop__45160a3209fab0c464a72ff9098bde522b4e0264__蘑菇力__v0__757bca6f__c0.mp4,0.5557991,0.859579,0.4246824,0.20967485,0.24316308,0.019958080142265255,0.21814702,0.27571046,0.9402487,0.75589037,0.6375397,0.65619326,0.008440660393756367,0.10088425,0.24715250730514526,0.15447266399860382,0.10515356,0.92335653,0.8384054,0.785612,0.7979954,0.003688350378760212,0.04119768,0.07058734,0.9628694,0.91036314,0.87832785,0.882707,0.002238217608730781,0.027736714,0.4983925223350525
exact-r2__626b6bd3e31f1f1f566ad8589123249d6c71e87e__毒蘑菇__v620__scooter__78f5bda9__c0.mp4,0.78451025,0.25954366,0.5047873,0.20798826,0.22903621,-0.043071909413742934,0.32611978,0.22923064,0.7847848,0.8557419,0.76616776,0.77388746,-0.011924759083585772,0.08821263,0.1297590732574463,0.07733078300952911,0.24406153,0.7834265,0.835253,0.74843705,0.75406593,-0.01130658582500789,0.088007905,0.09973633,0.90445423,0.9330728,0.89578724,0.8984206,-0.004997831029383116,0.0364497,0.41249021887779236
base-noprop__50ad428af3b86412de8a648a8194cebfd6685400__爆炸菇（爆炸前）__v0__f9d43491__c0.mp4,0.0854429,0.92950755,0.938776,0.8961468,0.9127766,-0.0023550358214397223,0.022288943,0.038633287,0.95777714,0.96561617,0.9494984,0.95270544,-0.0013283987643690695,0.011590136,0.009448766708374023,0.004750570748001337,0.0787406,0.9307635,0.9412281,0.9028491,0.9173883,-0.0022789857133103824,0.020881658,0.030411601,0.96406883,0.97036684,0.95783496,0.9613847,-0.0010430866432755218,0.009016055,0.4584181308746338
base-props__938e01d47782dafc5547713c187bfbca30a0ae08__汉堡菇__v589__coffee__25daa877__c0.mp4,0.44549435,0.4727769,0.54775923,0.38891822,0.42370015,-0.015414169566197825,0.119580224,0.17018992,0.8094542,0.8319768,0.76665914,0.77829605,-0.006101380577200487,0.04731202,0.1307368278503418,0.08517301082611084,0.14579028,0.78920364,0.81646883,0.76734364,0.7746281,-0.005583026251302878,0.0419164,0.07024628,0.90655196,0.91714984,0.8929906,0.89521813,-0.0026084682333610753,0.02010839,0.39853253960609436
base-noprop__50ad428af3b86412de8a648a8194cebfd6685400__爆炸菇（爆炸后）__v0__ecd0b051__c0.mp4,0.6858496,0.38283518,0.39276928,0.21903212,0.23370923,-0.02340525447615523,0.1947985,0.35399538,0.70266885,0.70307755,0.59777313,0.6067619,-0.013361540530981288,0.10713266,0.2611404061317444,0.17973165214061737,0.17997926,0.7596884,0.7831056,0.7389319,0.7474988,-0.005529383661247537,0.04386574,0.107034504,0.8728256,0.8828093,0.8554868,0.8592017,-0.0035563084212216567,0.027709737,0.47934356331825256
base-noprop__c5e43dd5e62f17a4edf36f4eec759833b39bd954__爆炸菇（爆炸后）__v0__68e38ee4__c0.mp4,0.89574283,0.90987784,0.37408254,0.097110815,0.11607638,0.0016664408014814861,0.34541157,0.4044478,0.9605962,0.7514593,0.5902556,0.61743784,-0.0006619256593493399,0.14158086,0.2541762590408325,0.15843519568443298,0.3081262,0.921713,0.8121223,0.68472743,0.69389033,-0.002713853957153598,0.08985812,0.15071064,0.9680165,0.90989447,0.84428525,0.85248244,-0.0013470506008434657,0.045663755,0.41444799304008484
exact-r2__bf87b999122451ffe16ba26acd9a1f4645ce8587__爆炸菇（爆炸后）__v1195__bubble__45856c4f__c0.mp4,0.13598748,0.116371065,0.16359708,0.105087236,0.11170919,-0.005935310507598135,0.052126523,0.2952037,0.46743536,0.5840838,0.46743536,0.48098454,-0.012267879464409562,0.09090327,0.36199137568473816,0.255074679851532,0.49752283,0.74605906,0.6867947,0.3216322,0.44834507,0.0004605124649323009,0.13237499,0.14880413,0.8281144,0.83915854,0.7662219,0.7899024,-0.002658074198975401,0.038229384,0.1688307225704193
exact-r1__79ae8c767fab8a728134bca96fd05a6c7030961f__毒蘑菇__v759__flag__982edf73__c0.mp4,0.61647254,0.3716166,0.6288563,0.35170072,0.37177056,-0.021028026585051207,0.16105257,0.28000522,0.7089092,0.83985245,0.7000201,0.70705396,-0.011218453937839606,0.07977038,0.15699553489685059,0.0706087127327919,0.21200913,0.7670822,0.83536696,0.7563543,0.7675772,-0.009170973136019812,0.06433573,0.13162273,0.8577288,0.910461,0.85493153,0.85781765,-0.006166000316736724,0.04229059,0.3476676046848297
base-props__e9b94ecc359c2f277ccefaf7095c17b14b261bcc__炸虾菇__v909__glasses__5feb0285__c0.mp4,0.76007074,0.62717414,0.36563003,0.15268916,0.17357248,0.005959807368724241,0.2038645,0.31810445,0.8783621,0.7598476,0.64190567,0.6552947,0.0022425803506798403,0.08855896,0.2560308575630188,0.16384510695934296,0.1644401,0.87392616,0.84375536,0.7811923,0.7959576,0.00022596992522831583,0.037890177,0.0812664,0.9440392,0.92369264,0.8946768,0.89775527,6.117439081547186e-05,0.02104568,0.4690913259983063
exact-r1__6f5210c6783fc671391513b74395f4627c0723d8__汉堡菇__v705__coffee__7c7aa96a__c0.mp4,0.26715457,0.9364551,0.9036171,0.7266243,0.74714345,-0.007214825379518655,0.08845422,0.0818038,0.97349715,0.9644148,0.9145904,0.91772544,-0.002459847644383733,0.027483841,0.03312462568283081,0.009682675823569298,0.15145963,0.94099367,0.930016,0.8423193,0.8524079,-0.004609197378158561,0.04851365,0.052847862,0.9787751,0.97409743,0.9435463,0.9479615,-0.0016184387942076723,0.017074158,0.2738989591598511
exact-r1__48043cd413298bba118f12d7404a3ad3aeeeb310__爆炸菇（爆炸后）__v458__glasses__2deb31a3__c0.mp4,0.859748,0.079460055,0.30052602,0.079460055,0.08601152,-0.03725685741708214,0.28220227,0.53135467,0.43867365,0.63821465,0.4364069,0.43849787,-0.027481891862724133,0.188691,0.25041067600250244,0.14857132732868195,0.5774089,0.41130918,0.5779894,0.3617992,0.37406075,-0.02790092179190971,0.20445989,0.29333526,0.68639773,0.78678596,0.68002474,0.6835763,-0.015388208238974858,0.108504675,0.2067837119102478
exact-r2__edf6d83472f153c2ece46ef36e248394c76e5bf1__汉堡菇__v1496__bubble__b4ea12f8__c0.mp4,0.6301279,0.36138916,0.65976155,0.36138916,0.40998363,-0.029497520549024037,0.21856727,0.17677528,0.83315194,0.89179796,0.8171758,0.83759177,-0.006945144223130284,0.053027526,0.08437049388885498,0.04097385331988335,0.2672088,0.7919071,0.8576845,0.7243083,0.79566824,-0.008451188270282364,0.06924149,0.12325078,0.91752243,0.93277174,0.87293816,0.9049761,-0.002829854431830841,0.029077867,0.1927209198474884
base-noprop__3d26d6f7fd4d6820fa44e7006dd03dd17e6bf2d7__吐司菇__v0__0d71622f__c0.mp4,0.10368234,0.8987209,0.88725585,0.83871394,0.8473176,-0.00026954686924402703,0.026274366,0.03877455,0.950353,0.9497992,0.93682057,0.9400805,-0.0006590623393831329,0.008735396,0.02309030294418335,0.01766052655875683,0.054326355,0.9251763,0.9199196,0.8897351,0.90018994,-0.00030168195958195425,0.014004985,0.026576877,0.96900237,0.96745974,0.9551259,0.95872706,-0.0002518797462636837,0.0062957,0.5491995811462402
exact-r1__4baf0c3670d0d31b9712fc59c41fa5508370fc1f__毒蘑菇__v483__eyemask__ad4b7148__c0.mp4,0.37599635,0.61144817,0.7941428,0.6085571,0.6161968,-0.020609506505280158,0.14597137,0.12145817,0.8701587,0.9337781,0.8701587,0.87777644,-0.005812526691572471,0.0401493,0.04310035705566406,0.020005173981189728,0.23107535,0.76483536,0.8820972,0.7534781,0.7755644,-0.010446597877227275,0.071798265,0.088635445,0.9071889,0.9537832,0.9038451,0.9119895,-0.0038621242456285394,0.026393134,0.20010730624198914
exact-r1__73b1e560833d7bd494868de8fb6f302e613dd17f__爆炸菇（爆炸前）__v728__eyemask__d4e52714__c0.mp4,0.7502389,0.11555122,0.3212777,0.11555122,0.12273703,-0.02866996573689192,0.23735091,0.47330332,0.45886135,0.63659936,0.45666987,0.4616282,-0.01986146626971927,0.14814804,0.3038455843925476,0.19870948791503906,0.31226903,0.6213577,0.70812315,0.593713,0.6123195,-0.01258225356166071,0.09508335,0.19608045,0.7620944,0.83530873,0.75881827,0.761292,-0.008350311944136041,0.06078508,0.36928173899650574
exact-r2__c007a585fe1a51f120df3496d8ad08b0ae893f04__爆炸菇（爆炸后）__v1197__bubble__06bd52b6__c0.mp4,0.90644914,0.052375715,0.23742098,0.052375715,0.05574277,-0.029654736833080005,0.23350152,0.7099457,0.2711419,0.5849519,0.2711419,0.30458564,-0.03261665287225144,0.21861272,0.33865660429000854,0.17282433807849884,0.6965871,0.3167868,0.4777651,0.26629952,0.27157694,-0.025693893579861855,0.22757949,0.37697804,0.6071316,0.75777626,0.6071316,0.6380588,-0.01594702604966673,0.11337555,0.15040245652198792
exact-r1__039b1158329dca7566a3c69e1213eb7fbe6b8daf__粽子菇__v26__coffee__b10bc92a__c0.mp4,0.58103377,0.7290361,0.69656515,0.4055788,0.5577318,-0.012923828050081906,0.1493399,0.18980521,0.8965146,0.8978746,0.80374205,0.8428458,-0.0053085921545744765,0.049421933,0.09495401382446289,0.04253546893596649,0.20868605,0.8455708,0.86778724,0.7779265,0.80027,-0.007283076702841672,0.058208313,0.09555668,0.9350058,0.94041,0.8979906,0.9061073,-0.0033896203215414275,0.026965324,0.22774749994277954
exact-r2__157a3a1a49eb383698eb95ee0d106bb10ea0c17c__爆炸菇（爆炸后）__v135__crown__9d29bbe4__c0.mp4,0.8169452,0.28886086,0.37688765,0.17070587,0.22302721,-0.0210200059466918,0.21126452,0.30762666,0.7798693,0.8010371,0.68627477,0.74150753,-0.007054097803213851,0.071809486,0.11961233615875244,0.08886581659317017,0.5278093,0.6191778,0.69111156,0.4598418,0.5854184,-0.014224609014073849,0.12547563,0.20568424,0.8816936,0.8899028,0.78828907,0.85388386,-0.0037900159363690082,0.043017466,0.30559664964675903
exact-r2__c29266a464fea2ac37a8605daf8044b752a1f624__爆炸菇（爆炸前）__v1215__coffee__6da6266c__c0.mp4,0.36357903,0.71341,0.8143558,0.61505663,0.7121253,-0.013386842820484206,0.099558786,0.11081016,0.8830346,0.9256494,0.87888515,0.883402,-0.004912210900792972,0.03421486,0.0382726788520813,0.018043840304017067,0.17480695,0.8038287,0.8717987,0.8038287,0.809897,-0.006891518360070087,0.051873587,0.07972038,0.9106257,0.9436932,0.9106257,0.9135083,-0.003471868841544436,0.024720471,0.23849961161613464
base-noprop__c82f72947167e88ffd436a39531a14abf6dee6cf__粽子菇__v0__1ec8f933__c0.mp4,0.48844227,0.89903075,0.54824126,0.34434798,0.39804026,0.00574009267709,0.14991352,0.25146258,0.9465443,0.7807891,0.66366065,0.70720446,0.0027573076279267033,0.07402828,0.22118490934371948,0.10989414900541306,0.17127907,0.9107239,0.80489516,0.7059856,0.74516654,0.0035831574276973077,0.04774056,0.08366662,0.9545846,0.89068323,0.8538974,0.8621082,0.001851633250006571,0.02563326,0.36797040700912476
exact-r1__be7cbb62d9ac6cbffa816aa6aaf03d573485656b__爆炸菇（爆炸后）__v1190__bubble__c1133c49__c0.mp4,0.6556389,0.15892494,0.34519163,0.15892494,0.16787137,-0.029689938580919166,0.23900457,0.3999225,0.5230789,0.70159066,0.5230789,0.54448354,-0.019727357468115006,0.13453081,0.3315097689628601,0.16036514937877655,0.4328516,0.75116557,0.7182214,0.46661335,0.51163197,-0.004721522625727144,0.1342602,0.15321112,0.8545887,0.8619558,0.80487204,0.81873983,-0.0041958024143701495,0.047785867,0.1682179570198059
base-noprop__0b9d7a9da15b27871886a629df50e17677f0c915__汉堡菇__v0__abe94fa7__c0.mp4,0.47056454,0.5558645,0.6626722,0.5100625,0.54064286,-0.010809709962177666,0.13542257,0.16656613,0.8294045,0.8768698,0.82222354,0.82948726,-0.003837223992988527,0.048055224,0.08111459016799927,0.05061820149421692,0.19171047,0.7940124,0.84047395,0.7889167,0.7960773,-0.004847525018948346,0.051282868,0.08654559,0.90572387,0.9274879,0.90264183,0.90612674,-0.0021775788351481172,0.023613352,0.48693567514419556
base-props__3e0263de42d2cb0db2374a5b45278fcc7a471c0b__炸虾菇__v226__flag__7051c29c__c0.mp4,0.695702,0.8282632,0.5928143,0.2946425,0.33225402,-0.015224270728737003,0.21348915,0.23317587,0.9233216,0.8640171,0.7552005,0.77343726,-0.0038363584298861486,0.061827324,0.14970242977142334,0.07322800904512405,0.17582804,0.90623057,0.8745371,0.8145164,0.8205173,-0.003191284688093929,0.043922953,0.08772749,0.9497036,0.93724525,0.9027019,0.9064222,-0.0016301322006896588,0.021619525,0.36462098360061646
base-props__b4922b313b5f45658c57e964eec6e061ed1c765b__爆炸菇（爆炸前）__v718__glasses__d9480773__c0.mp4,0.42855042,0.9716196,0.7931321,0.5407846,0.5597414,0.002434660029034366,0.16732842,0.110729575,0.98233855,0.9288874,0.8672918,0.87198013,0.0009134387074723091,0.04461205,0.0772852897644043,0.03516707569360733,0.11256999,0.9717806,0.9133407,0.85726714,0.86272454,0.0011017516903255292,0.041858606,0.04283279,0.98329514,0.9640547,0.9430742,0.94553494,0.0003082434179283415,0.015341517,0.5834734439849854
exact-r2__d9ee34f4257cc9a297f03496a5a5d1d1e0c7e782__汉堡菇__v1363__flag__f4786680__c0.mp4,0.8094668,0.1605374,0.37838626,0.15217894,0.15417358,-0.037065063894030616,0.2873372,0.4219507,0.5524769,0.70691067,0.5524769,0.5696099,-0.0199189713232131,0.14989325,0.24444180727005005,0.1499302089214325,0.32193196,0.65874445,0.74796575,0.6433497,0.65573317,-0.012267443266781902,0.095650695,0.1985817,0.7831049,0.8568409,0.7831049,0.7990336,-0.00861447136628299,0.06343072,0.30595943331718445
exact-r1__9044b5fe347fe94eb12e9b0ec747bbc7165f78c0__粽子菇__v896__crown__e3d35b47__c0.mp4,0.8334003,0.15357299,0.36308882,0.14157057,0.14569305,-0.03900015541157234,0.31146437,0.54739773,0.44023234,0.6209723,0.43467665,0.43932134,-0.028816915253405503,0.21342629,0.24811801314353943,0.1604088842868805,0.59648305,0.4135875,0.59370893,0.37848788,0.39121804,-0.029297547289740898,0.2182413,0.35686427,0.68225706,0.78138125,0.6292033,0.6655243,-0.016545565349782413,0.1261422,0.2576710879802704
base-noprop__2770a5b18a2168d768e14e05d09d180635a509fa__毒蘑菇__v0__dd02e971__c0.mp4,0.19705111,0.8655359,0.869779,0.72514987,0.82368004,-0.0044495059920865105,0.049583744,0.075184464,0.9382014,0.94106185,0.90346783,0.9158451,-0.0020302231957318737,0.01940216,0.03295391798019409,0.01314860861748457,0.09507167,0.88141227,0.893028,0.82800853,0.86447954,-0.0026029364864816836,0.023680836,0.043106854,0.9455801,0.95421034,0.93642175,0.9430012,-0.001523794746210441,0.011542665,0.5551893711090088
exact-r1__34e339919ebe42baea42c17116629a6037829046__蘑菇力__v351__scooter__2770d7bd__c0.mp4,0.8833301,0.07672111,0.26321015,0.07010707,0.07586562,-0.03786069809978188,0.34825194,0.80904883,0.17645827,0.37375566,0.16348273,0.17775628,-0.036527537854881637,0.31235844,0.18337590992450714,0.1285243034362793,0.77459127,0.1930216,0.36392274,0.18623345,0.1931141,-0.03383642856193626,0.3051581,0.6520316,0.3300533,0.50228,0.32811886,0.3308193,-0.030178865837485445,0.2517039,0.10474292933940887
base-noprop__cd19e3a058e1dc2909d79dd0b89fd5e5cf73511a__汉堡菇__v0__5e557382__c0.mp4,0.07490879,0.9581789,0.91195595,0.82673234,0.83744884,0.0033090728898293436,0.04626704,0.0220958,0.9786638,0.96000135,0.9316969,0.9328223,0.0012293069258980016,0.017117636,0.026175498962402344,0.012484732083976269,0.061476827,0.9599997,0.92583483,0.8657398,0.8716072,0.002302142000009883,0.033057358,0.01993978,0.98287725,0.9724859,0.95534194,0.957854,0.0006453065061757682,0.009532926,0.6857051849365234
base-props__b2dc2ae872b575489bad295a459616c0acd91ca9__爆炸菇（爆炸后）__v714__eyemask__62befacd__c0.mp4,0.4179443,0.809605,0.7389761,0.53229606,0.5864921,-0.0017754013241515387,0.121085875,0.09578717,0.9186585,0.9092871,0.8659589,0.8730465,-0.001135902560275525,0.026231684,0.06710219383239746,0.0408439114689827,0.12782109,0.8922782,0.87591153,0.82759464,0.8312422,-0.0014604038518408126,0.03400668,0.04748535,0.950899,0.9501309,0.9328151,0.93541074,-0.0008770417083393442,0.01215762,0.4955563545227051
generic__5b25b451ba447539ebbed136a0d3bcf3025f8863__爆炸菇（爆炸前）__v346__bubble__c741a081__c0.mp4,0.52472305,0.5448699,0.6774042,0.46650612,0.4742966,-0.027674085626253515,0.22325385,0.12721777,0.88267034,0.9135861,0.86331046,0.8684039,-0.006600576486040954,0.052867718,0.07309472560882568,0.04283730685710907,0.17971623,0.827457,0.89000285,0.8115128,0.81206816,-0.009273444239801091,0.0663483,0.06015998,0.9413089,0.95642346,0.9334465,0.9341521,-0.0030681581600852654,0.023495283,0.420758992433548
exact-r1__b5a50aacc5f4dc6e4b7914385f29189875682f86__炸虾菇__v1124__bubble__c88adb01__c0.mp4,0.9102223,0.05923116,0.3130393,0.055774823,0.058702994,-0.04525467705923932,0.35401928,0.6227537,0.3597675,0.643135,0.3597675,0.38270223,-0.03294888592284661,0.22158442,0.26850616931915283,0.11956395953893661,0.7718222,0.19785494,0.42001185,0.19573787,0.20055813,-0.038957421207734266,0.30371073,0.3642277,0.6232832,0.76269895,0.6232832,0.6249222,-0.018905946388546188,0.13095388,0.14532239735126495
exact-r1__d1cbac6a456f79a41730e92a0d258e6c48cc9f72__蘑菇力__v1303__bubble__187cc260__c0.mp4,0.8736272,0.1334432,0.374257,0.117750786,0.12953936,-0.040022014960528846,0.30121607,0.39241016,0.60660976,0.75570357,0.59958076,0.6006034,-0.020561008761994,0.14212005,0.22253936529159546,0.11261386424303055,0.5816982,0.540748,0.6289917,0.40967965,0.48654315,-0.018863929207381527,0.1713886,0.19371933,0.81456095,0.8683175,0.8003184,0.8066703,-0.008154807177928136,0.058281682,0.1842978149652481
exact-r1__f1498f3a3c3245f137f45ef7171fbad768a30f29__毒蘑菇__v1519__glasses__ecf6838e__c0.mp4,0.934529,0.047964618,0.21975073,0.043256924,0.05046292,-0.03049468912419831,0.2540717,0.70483816,0.27425906,0.4895275,0.27425906,0.2891574,-0.0307354969469455,0.21843117,0.43076974153518677,0.3208318054676056,0.5021183,0.4774981,0.70413554,0.4774981,0.5309784,-0.02110780475167889,0.14138615,0.33812666,0.65096915,0.8103593,0.65096915,0.6794338,-0.01526219895470285,0.10197543,0.3467385172843933
base-noprop__3a66d9c0fbd884130c640c5c48ba2017b2ba1095__吐司菇__v0__061a54d6__c0.mp4,0.5381663,0.9261831,0.6681395,0.4546765,0.48344344,0.002010320751327752,0.18491276,0.16704464,0.9695015,0.89431113,0.82872844,0.8405321,0.00036453022787220023,0.05534099,0.09732556343078613,0.05902441591024399,0.17770207,0.93141896,0.8837596,0.8151407,0.8428316,-0.000576483579021213,0.044362366,0.069719076,0.9768462,0.95333564,0.926054,0.93696654,-4.9483399146153284e-05,0.018589517,0.533210039138794
exact-r2__ce89e39196c51aba08cf41d6463ef9d5a4b7cd6d__蘑菇力__v1285__bubble__7e9b6253__c0.mp4,0.6857686,0.55399144,0.6640374,0.30380604,0.41976053,-0.020436604709728922,0.19012229,0.19043422,0.849449,0.8851513,0.8042252,0.83331406,-0.005686564584494582,0.046818458,0.061702072620391846,0.02848799340426922,0.4163078,0.81591904,0.80057925,0.57326686,0.6145093,-0.007383444799264921,0.10661135,0.15795755,0.91115105,0.9136393,0.83701074,0.8657276,-0.0032863497380682645,0.03720257,0.1459595412015915
base-noprop__5f7a925cfccbd70c7926ffccbda6a7e438b86228__汉堡菇__v0__08d6b496__c0.mp4,0.5282046,0.43569452,0.64557654,0.43569452,0.4653315,-0.021619309490848438,0.15480506,0.19100893,0.7820232,0.8668247,0.7820232,0.80371404,-0.007714554490779235,0.053075705,0.1415170431137085,0.07083553075790405,0.141406,0.85670626,0.8724236,0.82406926,0.8415913,-0.004767125892073728,0.03857255,0.07040328,0.92354023,0.93766016,0.9127065,0.9222736,-0.002503683974620381,0.019149648,0.4420773983001709
exact-r1__1e6455b0ff78fa4766a1d5f30413ea1d0429eb99__毒蘑菇__v187__coffee__cf9a2967__c0.mp4,0.6056039,0.3909127,0.69818014,0.38767678,0.42785797,-0.03403209712312157,0.24418688,0.14553481,0.85453975,0.9177465,0.8516774,0.85447264,-0.008246068780130084,0.059855778,0.06879168748855591,0.034169621765613556,0.21344352,0.78918916,0.8692146,0.77983725,0.78938186,-0.010961393122616504,0.07953212,0.081739664,0.9210678,0.95191616,0.91547257,0.91948056,-0.004270099957469888,0.030744756,0.3640836179256439
base-props__6612290f63285f5c6f418d9a0bf7cc9e8ad3a7e6__吐司菇__v388__glasses__cde9ea13__c0.mp4,0.2037045,0.3331454,0.4178168,0.32517835,0.3324519,-0.008587585636985163,0.07172085,0.22207868,0.6211352,0.73786306,0.6211352,0.6358641,-0.009665507749606493,0.07462956,0.2516764998435974,0.17358079552650452,0.11112738,0.78731275,0.8462742,0.78731275,0.7921663,-0.005002216093625014,0.03873332,0.071778655,0.8728117,0.91144377,0.8728117,0.87516654,-0.0034172157407278015,0.026324363,0.46280398964881897
generic__dd6b0b25684c0bddcc56e9fa41e0a0bb3f55e318__毒蘑菇__v857__coffee__7dfbf06a__c0.mp4,0.11503202,0.8384589,0.87401986,0.82971615,0.83760214,-0.004593591091661107,0.035682995,0.050573707,0.91766167,0.938349,0.91766167,0.91954076,-0.00241883487805076,0.017297445,0.027769029140472412,0.017814604565501213,0.08485681,0.8742935,0.89973617,0.86791533,0.8745018,-0.0034445326907832615,0.027226504,0.034019947,0.9454307,0.95616376,0.943707,0.9447906,-0.0015232131297409387,0.011733296,0.7200895547866821
exact-r2__c598e7ae54efed410150f649ba15baf25c397db9__汉堡菇__v1232__glasses__1b102f91__c0.mp4,0.7429655,0.2763762,0.51949424,0.24793153,0.27200612,-0.034612378068710044,0.261853,0.27282548,0.742664,0.83164865,0.7225559,0.74132925,-0.01246568413355606,0.0936786,0.13197487592697144,0.08192045986652374,0.359105,0.6772972,0.7794189,0.63179207,0.6495942,-0.015856955656892237,0.11958613,0.14306653,0.87302935,0.913569,0.85231483,0.8692002,-0.005889393536469691,0.044622134,0.3793570399284363
exact-r1__568c28419b302ba9d011b3b1da871ae013cff766__汉堡菇__v552__scooter__a57a87ad__c0.mp4,0.83066237,0.16681044,0.42177814,0.1605055,0.16923158,-0.04077742908429723,0.31344876,0.45783556,0.5353906,0.7293822,0.5353906,0.544069,-0.023914919658140684,0.16464007,0.3252267837524414,0.18045853078365326,0.22987366,0.76176035,0.83839124,0.7612941,0.7641977,-0.01117012564372638,0.081472814,0.13941306,0.8582871,0.90984076,0.85679805,0.8599525,-0.0069460281034703355,0.048770487,0.33274757862091064
base-props__152077a5b2e9ecb98c83d24bd2c2d3c0ce349e29__蘑菇力__v75__scooter__f217b500__c0.mp4,0.6350238,0.11073503,0.21023487,0.09715215,0.09839013,-0.006126022201929645,0.15743865,0.35727566,0.59213364,0.6728798,0.55560386,0.56334144,-0.0028858032857947617,0.10126883,0.33157283067703247,0.2341163456439972,0.12061477,0.7876416,0.80557287,0.76850545,0.770813,-0.0010853357937025054,0.029079624,0.07082188,0.89002043,0.9069962,0.8840363,0.8872544,-0.0008832222152604473,0.019075474,0.42443808913230896
exact-r1__17789a41d67e541a263d512ae6fa1ba305bd6974__蘑菇力__v152__glasses__15a24ce1__c0.mp4,0.9436119,0.049582366,0.28586522,0.049582366,0.051477477,-0.03181774191293322,0.28235936,0.47513878,0.5256436,0.71372336,0.5193782,0.5220398,-0.02077426051669442,0.15388677,0.29197174310684204,0.1765974909067154,0.38013273,0.6650559,0.78710264,0.6130615,0.6295974,-0.015356464878372538,0.112928115,0.19430947,0.81761533,0.89032096,0.80102205,0.8037748,-0.00841239595366089,0.061758943,0.3302156329154968
base-noprop__3f2b9963b32e8779b33756a182ccea735aad5b89__吐司菇__v0__c8a50578__c0.mp4,0.08997804,0.9558537,0.9553133,0.903071,0.9354395,-0.0014772802120140822,0.019794831,0.03625518,0.9743684,0.97492003,0.95694995,0.96469474,-0.0006648933463416964,0.008527157,0.01805877685546875,0.008078046143054962,0.060301304,0.95585376,0.95964515,0.9327476,0.9423188,-0.0013623110979442295,0.015124648,0.020769656,0.9814683,0.9829981,0.9750087,0.97745013,-0.00046704291354997696,0.005015275,0.6523662209510803
generic__b2dc2ae872b575489bad295a459616c0acd91ca9__爆炸菇（爆炸后）__v714__eyemask__62befacd__c0.mp4,0.818606,0.1607095,0.42165145,0.1607095,0.17243491,-0.028410334729041045,0.26848343,0.40811396,0.57005334,0.75245583,0.57005334,0.59081465,-0.014578705130829622,0.13079804,0.22854042053222656,0.1304929107427597,0.37144995,0.60816646,0.7637162,0.60816646,0.64856744,-0.011113378488028002,0.1039439,0.19299287,0.79150105,0.8829488,0.79150105,0.81641996,-0.006276583541994502,0.0541088,0.2654561996459961
exact-r1__768d4b3fd1d91c8959eb42c24afd92da0bc48cea__爆炸菇（爆炸前）__v741__eyemask__b2117952__c0.mp4,0.71257293,0.19049336,0.52800417,0.19049336,0.23511969,-0.0357200418536371,0.25236905,0.2367397,0.7306078,0.85191095,0.7306078,0.74279714,-0.011281760726050416,0.07892552,0.12593603134155273,0.06854253262281418,0.3154267,0.6217052,0.780792,0.6217052,0.6497705,-0.012504051914328171,0.088370204,0.12111789,0.85654384,0.92045355,0.85654384,0.86444175,-0.0052184719342016905,0.036948495,0.22060757875442505
exact-r2__2554fe92bd1bd8c064abb9c345b6a326d198823d__炸虾菇__v239__eyemask__99b2f130__c0.mp4,0.49934155,0.48497018,0.6794146,0.4796331,0.4863363,-0.02250755151269934,0.1562611,0.17177624,0.8094348,0.8820311,0.80814826,0.8124613,-0.007728831923526273,0.052397422,0.07954013347625732,0.046101704239845276,0.17862129,0.80105317,0.8534878,0.80105317,0.8113276,-0.006025831689947681,0.049462926,0.10104966,0.88697624,0.9281328,0.88682264,0.8915776,-0.004309717374356824,0.029427279,0.2362140715122223
base-noprop__cf4cabe622b3f02cfc5256b5fcd31ea8829ff9ce__汉堡菇__v0__eb785b64__c0.mp4,0.2234338,0.960827,0.9007502,0.76818275,0.774755,0.00386822441585449,0.07684341,0.06614125,0.97484535,0.960143,0.9261815,0.92665195,0.0007676008661745317,0.02112004,0.03562772274017334,0.01560781616717577,0.11989993,0.9626176,0.93046397,0.8717166,0.874694,0.001456469591898403,0.03961052,0.033793926,0.9819223,0.9757508,0.96164906,0.9620386,0.00015870631919076013,0.0099556,0.4963127672672272
exact-r1__b7bea756eea719ee9128d28ce8616fadcb177446__蘑菇力__v1144__crown__7883a3fb__c0.mp4,0.7003623,0.32703876,0.54834974,0.27815953,0.29129064,-0.03598524276682511,0.2695205,0.22683728,0.8000382,0.8543654,0.76048803,0.77853245,-0.01008964097311374,0.07558478,0.08110034465789795,0.048920802772045135,0.40390944,0.57461244,0.74046725,0.57461244,0.58540887,-0.020502295889873304,0.15029512,0.14925313,0.86078525,0.9032862,0.8415884,0.8562349,-0.006899807410749066,0.050957426,0.2248157262802124
exact-r1__62c4b310812464715b031f8b6b51ec5b65e0d3ee__爆炸菇（爆炸后）__v621__scooter__081e2711__c0.mp4,0.79303,0.040660318,0.31945264,0.02736855,0.03290999,-0.04302086735239968,0.31110865,0.6971775,0.45385364,0.5971511,0.23261991,0.262886,-0.03579208946864125,0.2633294,0.5574097633361816,0.2702595591545105,0.33731192,0.566553,0.75437313,0.566553,0.6378758,-0.014184545740308517,0.097610176,0.19204038,0.78041583,0.8674106,0.77491605,0.7817465,-0.009536474766467415,0.06515486,0.3119471073150635
exact-r2__470a7aa47f649f4fe10fe13dbfba445b46e71eb7__粽子菇__v452__scooter__0475c49d__c0.mp4,0.7931924,0.2008645,0.5378738,0.19764546,0.2009802,-0.04695716859559299,0.3337812,0.26523745,0.7279718,0.86027914,0.7268199,0.7307156,-0.014949573711915475,0.101585425,0.16112029552459717,0.07585404068231583,0.27842033,0.71661794,0.84172714,0.7124176,0.71883386,-0.014306437710057142,0.0966352,0.10934341,0.8889167,0.9361332,0.8858273,0.8880243,-0.005833964161722071,0.039678834,0.46800532937049866
base-props__7674da5ba81befe4b8a9039e9c6b34219152192f__毒蘑菇__v461__glasses__10f004d9__c0.mp4,0.74220514,0.7979435,0.6128249,0.24591962,0.3935627,-0.01098828530123111,0.19798592,0.34168625,0.92665756,0.83848315,0.65052414,0.7435529,-0.0049498694923084344,0.091039084,0.23078620433807373,0.08323938399553299,0.23675138,0.90912676,0.8462332,0.7513734,0.76493293,-0.0028241690793056255,0.06334494,0.11681795,0.95612884,0.9217226,0.87539244,0.8801078,-0.0016578425296210433,0.034329094,0.504012942314148
base-noprop__3ea8cf079e959693153dd04695b6f05e21f1dca3__蘑菇力__v0__c61d7abd__c0.mp4,0.14351511,0.963235,0.9269382,0.8439405,0.88585013,-0.001456018964292503,0.037699763,0.049032748,0.97636926,0.9651083,0.94287413,0.9471931,-0.0004740235480395347,0.013628266,0.017363429069519043,0.008654356002807617,0.09652525,0.963235,0.9374402,0.8909305,0.9108415,-0.0010944662593570147,0.02575949,0.0346967,0.9804274,0.9737627,0.9579843,0.96363574,-0.00044279430694731705,0.009164617,0.3468349575996399
exact-r1__338cad74e1b34cf14302e8a7a7770bff072e14d8__爆炸菇（爆炸后）__v343__coffee__cc41379d__c0.mp4,0.7688832,0.3007999,0.42484495,0.123623654,0.307118,-0.01731045165728675,0.15599121,0.40107572,0.70060015,0.7514596,0.55448914,0.6990058,-0.008976158476158593,0.07970342,0.27205872535705566,0.1272573173046112,0.24003631,0.7586862,0.7839465,0.6835064,0.7133116,-0.005685495647045937,0.053489737,0.14055878,0.8661978,0.878717,0.8241323,0.8371729,-0.004049350386080532,0.034397896,0.25433167815208435
exact-r1__64f24c794aa94f916e4cfb3d08239c8cce08ae8b__爆炸菇（爆炸后）__v638__flag__c23892c5__c0.mp4,0.5064545,0.58000576,0.67517185,0.48923618,0.5712651,-0.01468675839806733,0.13167286,0.17297733,0.8384105,0.8835549,0.82507765,0.8360438,-0.007010023820070424,0.05239277,0.05591052770614624,0.036820389330387115,0.23312068,0.78169245,0.83298045,0.76257,0.78190994,-0.008383166589755808,0.06593395,0.12045646,0.880437,0.9203752,0.8775985,0.8810289,-0.005677077668928829,0.040119592,0.37190043926239014
base-noprop__05ac9abf4092d7eda364b995ce814f0c2859bf3c__毒蘑菇__v0__64ae6c86__c0.mp4,0.7874327,0.7216133,0.5667901,0.20266674,0.22059521,-0.012498470295677066,0.3116683,0.2310496,0.879731,0.8578548,0.7628228,0.7665151,-0.005334845998070449,0.084136255,0.13505196571350098,0.07371433079242706,0.21521765,0.8729239,0.85982436,0.7748817,0.7848553,-0.00562708533328512,0.07122315,0.09770107,0.93208814,0.9315692,0.89621174,0.89820814,-0.0028166818053354894,0.03267258,0.4514504373073578
exact-r1__4750d9b5e622a065f63c02791c5880240fb4ec9a__爆炸菇（爆炸后）__v455__glasses__5c410dcd__c0.mp4,0.81708986,0.1851143,0.39395088,0.16453332,0.1762107,-0.037183481183919044,0.3035276,0.26816267,0.72491705,0.80047286,0.7227029,0.72373587,-0.012559059226936968,0.09777511,0.17443984746932983,0.11936561018228531,0.27058035,0.73945403,0.8107964,0.7137037,0.7390759,-0.010895038664105369,0.08383632,0.10579318,0.88987416,0.91983837,0.8871327,0.8906481,-0.004509710982854184,0.034646444,0.45441025495529175
exact-r1__78ef7e5e758387759b0edeb5d288c14dd38efee1__毒蘑菇__v754__flag__3596f3a9__c0.mp4,0.72438264,0.2160715,0.36872387,0.15414312,0.20434372,-0.027007867534287845,0.22971454,0.3847968,0.6023719,0.68969345,0.5593284,0.59025854,-0.01571271306441236,0.12829648,0.26429182291030884,0.1629139482975006,0.25083166,0.68351567,0.7275933,0.66437095,0.66928667,-0.009575249531523514,0.077012114,0.15647143,0.8256477,0.8526073,0.81499213,0.81843275,-0.005959057996395557,0.049743474,0.426586389541626
exact-r1__4ad750ed37eb0ade2e0d9bf6801c7c417a005531__粽子菇__v478__glasses__d4b6bdd0__c0.mp4,0.34450245,0.14979202,0.18411747,0.12480039,0.13322785,-0.007111546410461187,0.076897636,0.41778943,0.40245908,0.5222576,0.40033486,0.40429357,-0.015336847499660832,0.110509895,0.3157981038093567,0.24694465100765228,0.38036126,0.47470602,0.5606464,0.44539207,0.46418113,-0.014046705169640041,0.11301507,0.20129251,0.7182572,0.7692023,0.7123027,0.71925384,-0.00739362005424122,0.055177953,0.29895925521850586
exact-r2__60a81de5057115bd0b3452e8e8309f1f536ac3b7__毒蘑菇__v609__scooter__51bd992f__c0.mp4,0.9306131,0.06629218,0.25783923,0.0630499,0.06671476,-0.03539788539672323,0.29938173,0.7492303,0.24818091,0.5116756,0.24442673,0.24738067,-0.039343746474726896,0.27738598,0.4553929567337036,0.30625033378601074,0.5247135,0.479259,0.6795502,0.4689494,0.48234984,-0.02422521637362454,0.16297755,0.3230229,0.67173606,0.8179258,0.67173606,0.6778769,-0.016568166641849794,0.11070987,0.2982839345932007
exact-r2__5f7fb1ceb4b48f45e4f8bd8b3b86312976e2872e__吐司菇__v598__scooter__b4fb54ed__c0.mp4,0.8275223,0.16843988,0.37885532,0.14046755,0.16103457,-0.038522309980727,0.3041786,0.3723668,0.6284121,0.7502228,0.61267513,0.6294891,-0.018298240047198513,0.13012314,0.24192506074905396,0.14621767401695251,0.3068688,0.69763505,0.78054684,0.66218233,0.6899949,-0.01289124368678912,0.09471796,0.14794183,0.8540199,0.8964405,0.8390665,0.84734726,-0.006800224246243733,0.048593037,0.441470742225647
exact-r1__b4bc5d9a39711e181bd7233cb5e38a348642950f__粽子菇__v1116__bubble__457c7996__c0.mp4,0.7162816,0.100953296,0.39949778,0.09694898,0.101265386,-0.03609774345642495,0.24943614,0.6100112,0.33252764,0.69834626,0.33252764,0.38380402,-0.02873332318463347,0.19835547,0.35008788108825684,0.1173664778470993,0.6662241,0.29032975,0.5589693,0.2328965,0.26807827,-0.03710967381834512,0.27023524,0.30434853,0.6826155,0.81571275,0.66637063,0.67186207,-0.0160806889943926,0.11096617,0.14218196272850037
exact-r1__b6f0ebc5fde8d5c7e26e23c7ad4b472e8dc0a955__蘑菇力__v1139__crown__0b1fbd3d__c0.mp4,0.8326688,0.20046613,0.33180377,0.15910757,0.16605811,-0.028668847479839096,0.2815698,0.5030087,0.5563128,0.65184313,0.49100146,0.5164765,-0.019422592146123352,0.16336037,0.24024978280067444,0.17048831284046173,0.5237127,0.63811207,0.693663,0.4680636,0.50216615,-0.01559467590137906,0.15002878,0.2986105,0.7833299,0.8223315,0.6964005,0.73354304,-0.009761263082621138,0.08835103,0.14523369073867798
exact-r1__64f05b3d914bb69ca68d1d101fb3ac8bca6ac483__炸虾菇__v637__scooter__6ecc2e35__c0.mp4,0.80291605,0.6385393,0.59522873,0.16820356,0.31785864,0.0001743801762699486,0.20544636,0.28458345,0.8678342,0.8502312,0.6966232,0.7608153,-0.0008590173108775665,0.06532324,0.1829746961593628,0.07610099017620087,0.1883111,0.8664268,0.85172945,0.7828085,0.80557895,-0.0015951338492834425,0.04014066,0.105565906,0.93260574,0.9263321,0.8795979,0.8945242,-0.0009191794239956458,0.02228083,0.5462460517883301
exact-r1__d43f45e1575283f7a4947a8817a222ab1e2f44ae__炸虾菇__v1318__crown__72012d99__c0.mp4,0.70343626,0.37947294,0.48950633,0.27227312,0.3189864,-0.02322927832956842,0.18947615,0.22544599,0.8040378,0.84271014,0.7541183,0.78522193,-0.007136806374481998,0.058558375,0.10173928737640381,0.05716033652424812,0.39820087,0.58392465,0.73564017,0.5779511,0.58432674,-0.017990871733827574,0.12940219,0.13951409,0.86782956,0.8998707,0.848119,0.8680039,-0.0049007218110231595,0.03746571,0.3466348648071289
base-noprop__c3ad0151cf012ab92fe134a98d4a74d428a02c98__炸虾菇__v0__835debb4__c0.mp4,0.91373813,0.84785306,0.37062505,0.080146864,0.08208659,-0.0017416232629962661,0.36854523,0.42805648,0.93229127,0.73193353,0.5684666,0.57099086,0.0006857852455184386,0.16191733,0.2997940182685852,0.17719952762126923,0.23936713,0.8997836,0.8327043,0.7545179,0.76430744,-0.0005630667030575709,0.07082177,0.13034743,0.95718634,0.9091329,0.8662746,0.86679715,-0.00016790386951961268,0.04332883,0.5021092891693115
generic__3e0263de42d2cb0db2374a5b45278fcc7a471c0b__炸虾菇__v226__flag__7051c29c__c0.mp4,0.830667,0.2267453,0.51977295,0.13677946,0.20762579,-0.042429065295005515,0.30562216,0.3912152,0.6714401,0.7949781,0.5929669,0.66783345,-0.017443212536955095,0.12820393,0.24581778049468994,0.10781881958246231,0.23966551,0.7584875,0.8323994,0.7281933,0.74627626,-0.010159496262139484,0.07386869,0.14673209,0.8510335,0.90279704,0.8387847,0.8471592,-0.006942252219901257,0.04957283,0.37729525566101074
exact-r1__2495cb6a02eecbe6b15ad5481af9e0812f316e44__炸虾菇__v230__eyemask__37c59cc4__c0.mp4,0.43103164,0.58828557,0.74840975,0.56028926,0.56349707,-0.02428407319214036,0.1679688,0.10049391,0.9026813,0.9338956,0.8938639,0.89761555,-0.004932189176205127,0.03414263,0.05454188585281372,0.03174349293112755,0.15916622,0.83950084,0.8914017,0.83215463,0.839523,-0.007774699994697846,0.056225944,0.05027342,0.95109975,0.9656391,0.945627,0.94861907,-0.0023257186997077952,0.016179902,0.3584493100643158
base-noprop__56bc114155a57e47100a6759d7b78d0befdb0a1f__蘑菇力__v0__fdcdf91b__c0.mp4,0.4671206,0.9324497,0.7560867,0.526446,0.55670327,-0.00800862348833576,0.16307129,0.12483132,0.9651582,0.92113477,0.8698044,0.8726427,-0.002035630314717669,0.041872993,0.06990814208984375,0.037238709628582,0.15277398,0.9345474,0.8918631,0.84079254,0.8454593,-0.002159689843890226,0.04350479,0.056694865,0.97210705,0.95837355,0.9397125,0.94085264,-0.0009846082435766373,0.016292114,0.5740379691123962
exact-r2__044176e563bd0ca37fa16a6ebe34899138633a40__粽子菇__v28__coffee__6edeef2d__c0.mp4,0.83868444,0.1807141,0.31932184,0.12876359,0.16394792,-0.022601985589788837,0.19060816,0.46741343,0.5962784,0.692663,0.51279163,0.5823966,-0.015218823676995135,0.11422859,0.3095282316207886,0.18333418667316437,0.32652843,0.7305969,0.7727013,0.64091957,0.6870463,-0.009295542190668617,0.07429935,0.16174376,0.8514268,0.8759972,0.82231987,0.83816606,-0.004515329132909369,0.03633108,0.2738192677497864
exact-r1__63f03d9dd9794eff85cfc7b301e8768d91c5ed15__爆炸菇（爆炸后）__v628__scooter__1e4ffb85__c0.mp4,0.9106589,0.113118276,0.36296397,0.063857205,0.07978388,-0.046459231076563315,0.36730283,0.54379106,0.6868454,0.72205377,0.43889523,0.4903982,-0.01844763208048146,0.17945343,0.3648492097854614,0.1719714254140854,0.34154505,0.7392417,0.7953453,0.632971,0.67709446,-0.013588066628799154,0.10946054,0.18802655,0.8706156,0.8940252,0.799229,0.8235362,-0.007203205065293747,0.06191428,0.28811216354370117
exact-r1__c4bc889e53e3b7c097389fd3251b96bb18d2cf89__汉堡菇__v1229__glasses__4f6633c0__c0.mp4,0.32857895,0.13907407,0.26793662,0.11892535,0.13218758,-0.013649973826917277,0.17508015,0.15535772,0.6841438,0.73396605,0.6633979,0.66929823,-0.006054796955802238,0.07020211,0.23899930715560913,0.15517683327198029,0.24294955,0.6718466,0.7796536,0.6369167,0.66080403,-0.011774663220752367,0.088065684,0.1213578,0.8357371,0.889143,0.82080483,0.8322138,-0.005767030619349884,0.0437044,0.3283069431781769
exact-r2__f9d979263ca90b8d782fab2b3ee4583fc05533f7__爆炸菇（爆炸前）__v1573__bubble__9842ef1a__c0.mp4,0.7900902,0.26414424,0.4672987,0.13359311,0.16287409,-0.03552853074587381,0.2617446,0.24470198,0.75114644,0.8220301,0.72069156,0.7356576,-0.010308729565661888,0.075385906,0.12064164876937866,0.07169700413942337,0.2990551,0.74968714,0.78573483,0.6391455,0.65729827,-0.010790991394416161,0.09142482,0.13445866,0.8655796,0.8937271,0.8413332,0.8446509,-0.005892842419062687,0.04472583,0.17345137894153595
exact-r1__d9657e5af5e0c9e5c71b7d15425af2bf7fc9de96__炸虾菇__v1360__flag__4356cda3__c0.mp4,0.36366516,0.80810416,0.7902142,0.627067,0.6584513,-0.008406003532202333,0.11412865,0.13125652,0.9078716,0.9118069,0.8627352,0.8687584,-0.00395036097100602,0.042583026,0.05400639772415161,0.028647731989622116,0.17534435,0.85486627,0.8720441,0.81538785,0.8273301,-0.005497486812795113,0.056876034,0.07885301,0.9333529,0.94045454,0.91557276,0.9167492,-0.0027290675126517023,0.026823776,0.3251471519470215
base-noprop__c3ad0151cf012ab92fe134a98d4a74d428a02c98__汉堡菇__v0__95b484d7__c0.mp4,0.14474279,0.9564439,0.9057949,0.8423224,0.8580627,0.003581068732521754,0.043615066,0.044210315,0.97511375,0.9620431,0.9438964,0.94645464,0.0010047186269119288,0.013130584,0.014128327369689941,0.007730310317128897,0.11149037,0.9589468,0.9180395,0.87557477,0.878051,0.0029317394429044805,0.035826735,0.034238994,0.9804137,0.96977335,0.95802474,0.95843047,0.0006984915775743933,0.010003321,0.6130592823028564
base-noprop__701e58d8fd0b9629cc0d3b9aec0136dcfd79a9f4__爆炸菇（爆炸前）__v0__939efe02__c0.mp4,0.60676074,0.3831678,0.51568025,0.30812183,0.34730136,-0.024257147912922584,0.18429619,0.29568172,0.69251204,0.77587515,0.6705173,0.6911201,-0.01236726744137264,0.08891031,0.21851634979248047,0.12423904985189438,0.14663434,0.7816903,0.8219331,0.7734816,0.7814116,-0.005573156381784214,0.042320132,0.1044988,0.8698604,0.9001141,0.8667604,0.86995876,-0.003983436248048018,0.028761657,0.34838569164276123
base-noprop__1df7005fbb426ec84155f9de604e394437faec56__蘑菇力__v0__3d516394__c0.mp4,0.11045754,0.9038006,0.9351726,0.87808996,0.89431465,-0.00455688240499835,0.033988476,0.045711696,0.9441739,0.9624222,0.93983316,0.94135153,-0.0021748006815024592,0.015284837,0.032431721687316895,0.018279260024428368,0.067932785,0.9354433,0.95224077,0.92061466,0.93053955,-0.0025330923880512966,0.019064022,0.021673083,0.9735974,0.98070145,0.97084266,0.9723423,-0.0009753343616078606,0.006981962,0.5738599300384521
exact-r1__4b73dcb962cbfd0a121d5292b514c93b57ca1509__粽子菇__v481__glasses__fc5a00e3__c0.mp4,0.7494812,0.10383281,0.256422,0.09461102,0.10127853,-0.026075062264684635,0.21002889,0.46331945,0.47865468,0.61392975,0.47728965,0.48073396,-0.0210258317559133,0.1556247,0.3419815003871918,0.2515374422073364,0.21198976,0.7019768,0.78433675,0.7019768,0.70673937,-0.010577799715543458,0.07712556,0.15488815,0.80920935,0.8654673,0.80920935,0.81401914,-0.00768672919320494,0.0560005,0.4330107271671295
base-props__ef01e3e16837353e5fa278ba9d8c3a02e714ae93__毒蘑菇__v931__eyemask__80d334ac__c0.mp4,0.55618757,0.8082278,0.594188,0.3738976,0.39505935,-0.00026728575055307485,0.17098884,0.20929956,0.90343964,0.83306974,0.7500211,0.7552532,-0.0007449280131946946,0.06597806,0.15403974056243896,0.08698175102472305,0.15262616,0.8782749,0.8378593,0.77791107,0.79272234,-0.0017627248533158368,0.042735565,0.07167375,0.9309468,0.9200515,0.8941159,0.90118045,-0.001225381971819099,0.020066002,0.4917289614677429
exact-r1__f4391007a9614180b36c5a425ae726846b1ea5a6__蘑菇力__v1539__eyemask__009061a7__c0.mp4,0.63463104,0.35515824,0.69099873,0.35339475,0.39253277,-0.03485105448796343,0.24171463,0.15193021,0.8409225,0.91682285,0.8380538,0.8422532,-0.008149454127187311,0.055924233,0.08123600482940674,0.041085049510002136,0.22365975,0.78699887,0.86790633,0.7651073,0.77409303,-0.011426026524291227,0.08095745,0.077208996,0.9221585,0.95790786,0.9160516,0.92123413,-0.0038636411013810716,0.026487421,0.349856972694397
exact-r2__15f75abcba4174a7e03174d2ba8fa27b95e7f5ff__蘑菇力__v140__glasses__5c91f6c0__c0.mp4,0.4135058,0.14971253,0.2860732,0.1301592,0.13355958,-0.020223803921297148,0.15554446,0.32897776,0.5347843,0.64884245,0.52487624,0.52548254,-0.017803530565834797,0.13058548,0.2841562032699585,0.21091222763061523,0.3009218,0.66479653,0.7441754,0.59586316,0.6234245,-0.01371385145328732,0.1063689,0.16014755,0.81236494,0.8597546,0.78901744,0.80142313,-0.007888830108604876,0.059152007,0.4132968783378601
exact-r2__295ec2fac111fb5afa6570ecaff44ee23b6282e7__蘑菇力__v270__flag__1f2f782d__c0.mp4,0.30867314,0.7877316,0.80406064,0.6851939,0.71234834,-0.010749001512414374,0.08726207,0.12526613,0.89526004,0.9129494,0.87081105,0.8737607,-0.00486149765521642,0.03657891,0.05413323640823364,0.035764582455158234,0.14021212,0.85903496,0.89315706,0.8536549,0.8546343,-0.00548463264708463,0.04095012,0.07158136,0.92762995,0.9487137,0.9244958,0.9252601,-0.0031812285835092794,0.02238571,0.4898269772529602
base-noprop__6f80f6f55013cf4bdc25f285b4d3df54365756f7__汉堡菇__v0__8a109e22__c0.mp4,0.15817404,0.9212216,0.90861315,0.8283174,0.8470206,-0.0029702450446931774,0.044035114,0.06252569,0.9491288,0.95189536,0.92835975,0.93125814,-0.0018522517954407882,0.01894422,0.018912434577941895,0.0097179701551795,0.12210977,0.9212217,0.91506475,0.8643817,0.86814934,-0.0027682061487507062,0.03699737,0.043953657,0.9592496,0.9616133,0.9472722,0.9488448,-0.0013137207083080008,0.013459242,0.2928299605846405
base-noprop__2a80b5bbf9bfc43cc9607c64804c1876ee75a6f2__吐司菇__v0__7cb92347__c0.mp4,0.30797976,0.97780573,0.872996,0.6857605,0.74220043,-0.0053029947954675305,0.10344965,0.07461089,0.9848462,0.9607463,0.92136437,0.93021786,-0.0012078062583335454,0.023673605,0.028660178184509277,0.013185480609536171,0.18524253,0.9778056,0.91273737,0.8085736,0.846223,-0.0030683353837770793,0.05882599,0.049204946,0.9876318,0.97393167,0.9477814,0.95730305,-0.0007676002771958106,0.013909982,0.5615942478179932
exact-r2__b856a1d79624bd047e5d93374c319a973d73e62e__蘑菇力__v1149__crown__12fea823__c0.mp4,0.26945683,0.13853717,0.24951649,0.12399819,0.12902437,-0.0156580659490918,0.10997866,0.28790933,0.50522393,0.63921106,0.4884957,0.5013608,-0.015827078710902824,0.10934902,0.20625406503677368,0.15367062389850616,0.49308455,0.27936727,0.5412324,0.27936727,0.2838185,-0.029386282909529014,0.2146737,0.1908099,0.7012297,0.7928816,0.6947498,0.7015778,-0.010547065334357755,0.074177034,0.19941237568855286
exact-r1__92701c4890bfa8037986aa613bac5b8b817f1d93__汉堡菇__v913__crown__84118245__c0.mp4,0.8554966,0.30360806,0.37581727,0.13446552,0.18971467,-0.02661904848729198,0.24514875,0.49118793,0.6961651,0.7311177,0.4988773,0.58426136,-0.014160301551046115,0.12764275,0.23170983791351318,0.12763656675815582,0.57227194,0.5194783,0.6721587,0.41769016,0.5204756,-0.022691513297586105,0.16608684,0.2996512,0.8223031,0.8587543,0.6918254,0.7897978,-0.00881989241353138,0.07401217,0.2906549274921417
base-noprop__298931f62e1fcd1c182d348d865aefe21b2f1a4b__毒蘑菇__v0__6f04026b__c0.mp4,0.31442833,0.971398,0.8975304,0.6769836,0.74986535,-0.0038061323962192742,0.08990552,0.08779478,0.9779289,0.9579156,0.90440595,0.91265506,-0.0015182004497927776,0.027411267,0.044972777366638184,0.01734367199242115,0.1490137,0.9724082,0.93207544,0.8423982,0.8560694,-0.002327666687871168,0.04449907,0.045140147,0.984383,0.9752593,0.9493787,0.95189,-0.000860191145433267,0.013178652,0.5558114647865295
exact-r1__60a81de5057115bd0b3452e8e8309f1f536ac3b7__毒蘑菇__v609__scooter__51bd992f__c0.mp4,0.83192205,0.17800042,0.46585774,0.16269967,0.1678128,-0.04772724499815539,0.36015737,0.25554603,0.74769545,0.84420973,0.7415349,0.7437131,-0.014742780874369192,0.106147856,0.17183947563171387,0.0996028333902359,0.2687359,0.73768014,0.8375376,0.72588587,0.7372959,-0.014087449950662984,0.09905209,0.09281838,0.9093407,0.9438125,0.90426254,0.90924585,-0.004906668611194794,0.034271464,0.4036175310611725
base-noprop__f64e1c17ba334819ca417f708e64e97d2aba7b05__汉堡菇__v0__d05e23c8__c0.mp4,0.32810837,0.78357244,0.7077383,0.5171102,0.62547946,0.00504902517607088,0.08422588,0.12509817,0.9125855,0.8758171,0.807471,0.85548013,0.00177496176934525,0.030494638,0.11476987600326538,0.060130525380373,0.061778426,0.88334626,0.88075846,0.8534354,0.86054677,-8.449176319034205e-05,0.016771672,0.04060048,0.9449403,0.93594766,0.9194631,0.9261918,0.00038705165442743636,0.010218777,0.5557113885879517
exact-r2__44993cb2159040cd5c551870f50670ead8e9a055__吐司菇__v434__bubble__97241be1__c0.mp4,0.5843901,0.83263695,0.7542774,0.4018268,0.5535213,-0.007819375442893137,0.15811995,0.12752664,0.9131111,0.9169653,0.858778,0.8798751,-0.0033246755835567143,0.037013214,0.0321507453918457,0.019031701609492302,0.32846832,0.90690964,0.8395735,0.6577486,0.7102633,-0.0022583508444397908,0.10034464,0.1050781,0.94035566,0.935997,0.88684857,0.90012014,-0.0020919180081296024,0.030634167,0.23510578274726868
exact-r1__8ff33cc752671edcac45e85fe3fb2364ba8650d7__粽子菇__v894__crown__a832649f__c0.mp4,0.7891291,0.18479127,0.23114258,0.11991519,0.12741968,-0.013171326023022185,0.17242803,0.5297941,0.66418326,0.6640047,0.4295361,0.45822775,-0.010059413702591615,0.13601756,0.22497791051864624,0.12907017767429352,0.49542528,0.42785993,0.5224392,0.42346972,0.42638895,-0.01446533076494578,0.13182169,0.3476674,0.7791246,0.7930749,0.622071,0.68273854,-0.0064599386788168406,0.08345702,0.2576446533203125
exact-r1__1f7833393cfd7a7fd3faa088f0b95515c659a529__毒蘑菇__v193__coffee__a6765f8b__c0.mp4,0.82906556,0.65424323,0.5466857,0.15764321,0.23250665,-0.013041771477154596,0.25916567,0.37482512,0.8522637,0.8183448,0.6164558,0.6638092,-0.004646297500067567,0.105598256,0.25538063049316406,0.1051776334643364,0.24878436,0.85431224,0.8505613,0.73843926,0.77546185,-0.0031810607834767044,0.060076967,0.12313926,0.9250916,0.92352235,0.87090635,0.8796306,-0.0018472385265139266,0.033116896,0.2697279155254364
exact-r2__171b01e62180767a46c70dc987e6dd7a7b472e97__蘑菇力__v148__glasses__0b94f1a4__c0.mp4,0.56802213,0.370607,0.45700485,0.2700255,0.30622727,-0.014854224980348657,0.1568552,0.27265608,0.6545066,0.7379046,0.652534,0.65755326,-0.011183902208984133,0.086462595,0.18800699710845947,0.1243489533662796,0.18490493,0.7534826,0.7876067,0.7379912,0.74221724,-0.006657446149309648,0.053934578,0.14558691,0.8425136,0.8622534,0.8144849,0.82579625,-0.004962627536694519,0.041598115,0.4433623254299164
exact-r2__2476217f1ef403570cab61bc600a1590bb5c33b0__汉堡菇__v228__eyemask__1f5e8f4e__c0.mp4,0.77109826,0.20145237,0.33520493,0.19363095,0.19699007,-0.019326843689435092,0.1757207,0.3349086,0.64699197,0.7305277,0.64699197,0.65111834,-0.009996216405521745,0.08242665,0.21549105644226074,0.16084039211273193,0.2539518,0.7406081,0.76855534,0.7168573,0.7243994,-0.006162411433905951,0.06496285,0.12946457,0.85928684,0.8913681,0.85928684,0.86395305,-0.004223633425037856,0.033608735,0.21938177943229675
exact-r1__73afa897ca03b7b1fe86810570a9bd774d604c2c__爆炸菇（爆炸前）__v727__eyemask__f07809e3__c0.mp4,0.7295616,0.25369978,0.4764658,0.2486576,0.2563846,-0.025687151540645038,0.2010276,0.26126236,0.7307473,0.8283308,0.72611386,0.7311375,-0.009927294647740762,0.072288446,0.11801260709762573,0.07380176335573196,0.29836226,0.69002986,0.7634739,0.6798569,0.69175774,-0.00795241966549118,0.06991398,0.14501762,0.848161,0.90213263,0.8440743,0.847831,-0.005218537369735628,0.038248923,0.22423265874385834
exact-r2__48edbebb09f4066019f3a893bd82184d9bdce8fd__爆炸菇（爆炸后）__v465__glasses__5508a275__c0.mp4,0.56398666,0.12172036,0.3382776,0.11288926,0.11945602,-0.03176643203193021,0.2387932,0.23003328,0.66514534,0.7602196,0.6553154,0.66258293,-0.01327738171745196,0.09826473,0.19728171825408936,0.1296650618314743,0.20770305,0.6786414,0.75464964,0.6650262,0.66889226,-0.011363690196289846,0.08405955,0.10914081,0.8506652,0.8898846,0.838885,0.8495236,-0.005616682143550593,0.041202188,0.41615813970565796
exact-r1__c1c8f50e04d9360f9734313b06780f6e0609fa1f__爆炸菇（爆炸前）__v1207__coffee__58598a42__c0.mp4,0.6813092,0.3508932,0.64749587,0.29804233,0.32572755,-0.03387776835869425,0.24180293,0.22723979,0.7621689,0.876905,0.7621689,0.7660435,-0.0117406750856181,0.08210797,0.11746150255203247,0.05818352475762367,0.20675749,0.78070265,0.8680085,0.77259403,0.7808315,-0.009944656915344283,0.069553584,0.112802446,0.8796304,0.93508863,0.8784748,0.8796897,-0.005630874233283525,0.03969036,0.22016534209251404
base-props__b166561176afda3a52cc9957753e6b2a097c6778__爆炸菇（爆炸后）__v708__eyemask__f8083751__c0.mp4,0.21986794,0.7839027,0.78643507,0.72315776,0.7469922,-0.0035692077027007964,0.04497854,0.07421589,0.91011775,0.9154469,0.8989154,0.90347546,-0.0011112040917392832,0.015489114,0.04985392093658447,0.03963556885719299,0.093912065,0.8871095,0.8894684,0.8631463,0.87457454,-0.0003970713012303449,0.017363796,0.03699541,0.95334864,0.95508254,0.9458002,0.9500701,-0.00036135404241888403,0.00695957,0.5108758211135864
generic__a3ea0638c0bec1fb0f4c997a373d36ead037e385__粽子菇__v665__glasses__a3923a49__c0.mp4,0.5992802,0.278004,0.51523966,0.278004,0.30410647,-0.031051571278468443,0.21614216,0.25640023,0.6972934,0.8064669,0.6972934,0.7069474,-0.01298342162205767,0.08836893,0.17668259143829346,0.0974152609705925,0.14102715,0.7498529,0.8068434,0.7498529,0.7617022,-0.0063293498495350774,0.04815933,0.0901075,0.87158406,0.9038821,0.87158406,0.876502,-0.004127824141573998,0.029993705,0.31922709941864014
exact-r1__c7ad00b677c45e8f5009f4a0740dfa6c109a6eee__汉堡菇__v1244__glasses__0a8c1553__c0.mp4,0.9125309,0.075342745,0.28421658,0.06502919,0.06832748,-0.036504989813851293,0.2876627,0.57090664,0.44100115,0.61548424,0.41487807,0.42005676,-0.028302620787158794,0.21072106,0.35840433835983276,0.2265518456697464,0.36258984,0.6240418,0.7345619,0.6149703,0.63051474,-0.01559978205224743,0.11517239,0.2344423,0.7669923,0.8420361,0.75454247,0.76447064,-0.011067647001017674,0.08230608,0.38159245252609253
base-noprop__013962c09c352134ee0d785c579d7b5e97c4b629__汉堡菇__v0__ef4a1376__c0.mp4,0.26955187,0.4776762,0.35569924,0.20965005,0.21687764,-0.0008279891912880573,0.10838213,0.2996878,0.79054475,0.6930404,0.52148205,0.53079146,-0.0029766105498249848,0.11642728,0.29201436042785645,0.18874643743038177,0.17266,0.813228,0.7979448,0.7016572,0.71274227,-0.003109973115412155,0.05628916,0.13247651,0.9031832,0.8817867,0.8050524,0.82054865,-0.002196495653141163,0.042286944,0.44503843784332275
base-noprop__143077ed5c3203470357eefbac685c008578ef31__吐司菇__v0__7563b70e__c0.mp4,0.4277699,0.8276156,0.7267947,0.56544375,0.5881725,-0.006392119724759952,0.14384481,0.14479041,0.9128976,0.89636195,0.85083437,0.85312873,-0.0031496519038799833,0.04836152,0.0841672420501709,0.05384846404194832,0.11789703,0.8952919,0.9023498,0.8753166,0.8778335,-0.0034095848737497963,0.036921162,0.060629785,0.9466219,0.9502104,0.934995,0.9358433,-0.001794376804423441,0.019149717,0.39470624923706055
exact-r1__913093deac6198ad65ba3e8925974f83e021d41b__爆炸菇（爆炸前）__v902__flag__7a5b4086__c0.mp4,0.59572184,0.41574845,0.5771488,0.36772442,0.41349283,-0.022111210957346247,0.1755108,0.21334642,0.7810385,0.845023,0.7605558,0.7756116,-0.00877708974091903,0.06399584,0.09776735305786133,0.060134436935186386,0.24312711,0.7311562,0.80263305,0.72288275,0.7293493,-0.010106719411880126,0.07385272,0.14023769,0.8584552,0.90515745,0.84693444,0.8567953,-0.0061574936973247405,0.043484665,0.3543500602245331
base-noprop__ccb6b1d206606a8d4ddb34ae7e70a1dfb2cd49ba__炸虾菇__v0__e7a2db12__c0.mp4,0.5966042,0.55768454,0.6251218,0.38074595,0.39486504,-0.01885976742496604,0.19958054,0.20468134,0.8540242,0.8686077,0.7851167,0.79172105,-0.005740327502899013,0.06467128,0.13046860694885254,0.07269838452339172,0.14060342,0.8684754,0.882831,0.8372756,0.8475502,-0.00415829454250486,0.039306503,0.07490355,0.9331215,0.9413062,0.9155853,0.9195551,-0.0020835638753038863,0.02129317,0.4687625467777252
exact-r2__92d7bb39237f675b3076e7ae79f0ec800ee34bfd__汉堡菇__v915__crown__bc24fe8e__c0.mp4,0.64592516,0.52169406,0.61948675,0.31565478,0.4278785,-0.01828366520965524,0.15753052,0.17337954,0.8060478,0.86460984,0.8060478,0.8126067,-0.005938951853706894,0.04432355,0.08998751640319824,0.050921905785799026,0.47521406,0.7834533,0.80582106,0.48735118,0.7343875,-0.007076677479762808,0.10187539,0.12802845,0.8960353,0.91553175,0.8566025,0.88804525,-0.003147569216287181,0.027902042,0.21937555074691772
base-noprop__e17297a1dbbf07dbe3fecb987321a5713158816b__粽子菇__v0__108d4101__c0.mp4,0.49212044,0.60667896,0.64720416,0.47786033,0.49478596,-0.01719098853263933,0.1453648,0.16839898,0.8516827,0.8665203,0.8181193,0.81872153,-0.005830016531963106,0.049288966,0.06936478614807129,0.051928479224443436,0.2247057,0.84171414,0.8253353,0.745275,0.75107366,-0.005819453611204297,0.06253585,0.10114521,0.92041385,0.9184486,0.88661397,0.887542,-0.0029369806465895376,0.028391832,0.5455490350723267
base-noprop__36be73a15cf37206fd7e42ba1a164bb08d4ac477__蘑菇力__v0__696670df__c0.mp4,0.5464472,0.8312689,0.5786302,0.32056457,0.32622278,-0.0026499985352806555,0.2122469,0.2164985,0.9309165,0.838087,0.733625,0.7406912,-0.0012318769344699416,0.08004902,0.1751776933670044,0.09810122102499008,0.15944588,0.9011163,0.8656128,0.7793227,0.8115041,-0.002537199631038878,0.042032786,0.07046521,0.954186,0.93618834,0.9004673,0.90939915,-0.0008221712743811884,0.020338546,0.5837359428405762
base-noprop__08447ead47d19cdf9b918908077ea735b8029732__炸虾菇__v0__0e65d755__c0.mp4,0.5406676,0.8578593,0.6696763,0.4100396,0.4191682,0.0016191155012888368,0.1814242,0.18241775,0.95008147,0.8807092,0.7912278,0.79885507,0.0008495260957672767,0.059661664,0.10094994306564331,0.04861944541335106,0.17979199,0.9034289,0.84383315,0.773999,0.7824742,-8.63002222988541e-05,0.04955599,0.09310341,0.96453714,0.9293287,0.89161855,0.8942429,0.00015763897198460428,0.028856924,0.5552583336830139
generic__07c58fa6b177896d1bf3bafc1798b4388f51e9a6__粽子菇__v33__coffee__8258b5f3__c0.mp4,0.23114353,0.73716044,0.74705315,0.67846584,0.68739474,-0.006218059732037571,0.064155914,0.07699132,0.8932371,0.8988103,0.87328494,0.87835836,-0.0024158410993018265,0.022293184,0.04841804504394531,0.03551929444074631,0.10709095,0.86613417,0.8543926,0.8232454,0.8288351,-0.0017173272583324408,0.025905639,0.046800733,0.9313734,0.9343298,0.9196322,0.9237241,-0.001297012737146013,0.012388366,0.41468554735183716
base-noprop__ccb6b1d206606a8d4ddb34ae7e70a1dfb2cd49ba__爆炸菇（爆炸后）__v0__6d174165__c0.mp4,0.21083218,0.7889402,0.81471187,0.7376046,0.761273,-0.004811757579151357,0.05768501,0.069820166,0.9229994,0.92567825,0.9076216,0.9096325,-0.0016370909840692986,0.018690916,0.042111217975616455,0.028977777808904648,0.081058204,0.89130247,0.89707357,0.87332326,0.87562865,-0.0022048323521972136,0.022384334,0.03637141,0.9510149,0.9546562,0.94470525,0.9475313,-0.0009573935991219468,0.009018838,0.6484391689300537
generic__b6bd61a3bd7cb45a64f5f161b4fd05db5645825e__粽子菇__v730__crown__61c95450__c0.mp4,0.051568866,0.939981,0.967808,0.93979,0.9521131,-0.0014782664568527943,0.012848069,0.02895534,0.9661126,0.9786037,0.9661126,0.9705365,-0.0008025222969620607,0.0072375867,0.006286978721618652,0.00373991671949625,0.051568866,0.9399811,0.9678273,0.93979,0.9521132,-0.0014795808806249838,0.012846368,0.023642838,0.9714646,0.9823436,0.9714646,0.9756979,-0.0007286744391022908,0.006152535,0.40480944514274597
exact-r1__0f18bf2ed6d3e86236af775a725470a89f82c943__蘑菇力__v88__coffee__0f253918__c0.mp4,0.6917669,0.9681555,0.75508577,0.30130106,0.34344253,-0.014785265675175338,0.25772032,0.19203568,0.98274034,0.9238521,0.8027262,0.81515384,-0.00432585067899804,0.06982384,0.11258304119110107,0.03601883724331856,0.21178061,0.9681555,0.90292335,0.78128725,0.78797567,-0.004601601143128316,0.07229247,0.0807997,0.9845491,0.9598708,0.91514045,0.9174034,-0.0018892054383462462,0.028412946,0.19419464468955994
exact-r1__18ee7b33c99e2e14a3e82fadee1bea64ceed5ede__蘑菇力__v156__glasses__69bca2c2__c0.mp4,0.50128907,0.32154238,0.37271744,0.23548657,0.2613621,-0.01192169369975098,0.14487846,0.18651563,0.7854537,0.7965418,0.72636366,0.74667513,-0.0025999038351383064,0.043814223,0.15890353918075562,0.11336205154657364,0.19553632,0.7866169,0.7935582,0.7067163,0.7418948,-0.003108429696720101,0.04613414,0.07311928,0.9068224,0.9099037,0.8852672,0.89100236,-0.0011751524544516166,0.017961683,0.4457472562789917
base-noprop__ea77208c520ab108b30a7e6f72eddb04638cca12__粽子菇__v0__23886b40__c0.mp4,0.5977103,0.82332134,0.7403649,0.39171904,0.41274923,-0.01576301337702002,0.21590164,0.13064551,0.9333794,0.9234444,0.85478246,0.8564799,-0.003959542265522618,0.04534414,0.08428084850311279,0.0393732488155365,0.1796714,0.8913539,0.8907978,0.80975795,0.81643504,-0.005810999351999025,0.061106868,0.054579437,0.9613386,0.96281755,0.93858457,0.94000185,-0.0018459076702359257,0.01810472,0.5349525809288025
exact-r1__2495cb6a02eecbe6b15ad5481af9e0812f316e44__汉堡菇__v230__eyemask__80759f2d__c0.mp4,0.76942015,0.19296989,0.49300927,0.19296989,0.1969803,-0.03210894597083214,0.22867459,0.21266526,0.76818,0.8655576,0.76818,0.781554,-0.008801558389965256,0.060802724,0.11617022752761841,0.06635035574436188,0.3400967,0.62614274,0.7687086,0.6222934,0.6501979,-0.011512437827973511,0.088536456,0.102268994,0.88435024,0.931908,0.88435024,0.8918622,-0.0040749517589689825,0.029048232,0.33334389328956604
base-noprop__66f41d2f3f0f61298257e508840f1163992f0311__爆炸菇（爆炸前）__v0__686a9ace__c0.mp4,0.6133966,0.37804705,0.7830886,0.37804705,0.47571912,-0.020749601804220637,0.17110725,0.22141647,0.77496064,0.9151273,0.77496064,0.8165242,-0.007348816149790777,0.059058733,0.13641929626464844,0.04142528399825096,0.16849852,0.8237677,0.90934396,0.82294524,0.85718256,-0.005661628757540884,0.043946624,0.08499712,0.91137993,0.95655257,0.91137993,0.9247744,-0.0028607291666415484,0.02208907,0.5652313232421875
exact-r1__e8dd33ac9d57dcf5cadf50a91548482ba321b941__吐司菇__v1459__eyemask__998c48da__c0.mp4,0.27788717,0.7353792,0.855611,0.70953166,0.73310304,-0.014692641647436874,0.10219426,0.061866343,0.93008184,0.9553928,0.9293637,0.9301926,-0.0034252262044800943,0.02386239,0.030032336711883545,0.01663665845990181,0.15498984,0.8586104,0.9041655,0.8324292,0.84272885,-0.007566814071576093,0.054240946,0.03443384,0.9599419,0.9720295,0.95891035,0.9598817,-0.001808110904316649,0.012918662,0.6265920400619507
exact-r2__cf74c350c79d0b0215dc7dda7d44e9eb626b6204__蘑菇力__v1289__bubble__ed3d7cd2__c0.mp4,0.4220065,0.7919729,0.8121219,0.57035124,0.66265637,-0.008430327469181176,0.10401641,0.10962248,0.92869985,0.93496424,0.8845527,0.9001796,-0.003021564761640513,0.027274493,0.0592498779296875,0.02950737252831459,0.113393605,0.90182805,0.91878325,0.87896407,0.8865021,-0.0033930834574190764,0.028189672,0.055766165,0.9658283,0.96447176,0.9389968,0.9431412,-0.0017944621474375272,0.015305108,0.26451337337493896
exact-r2__6cee461f6ca15e16a9c4812c2deda88a3e325b18__汉堡菇__v695__coffee__a6b494fb__c0.mp4,0.84431326,0.20030566,0.45476508,0.12524453,0.15179417,-0.034451516661719375,0.2865427,0.50410163,0.51544785,0.7193737,0.48169076,0.5063079,-0.024820202600814623,0.18994619,0.34852898120880127,0.16750092804431915,0.39440697,0.7224412,0.79164827,0.57619965,0.6265556,-0.014480642591540523,0.12702258,0.21461803,0.8603027,0.8868747,0.7728786,0.7837221,-0.008235584605823883,0.072988585,0.15493443608283997
base-props__73ec88107c787002c08c3232085b5837e0a0a553__炸虾菇__v449__bubble__8ebbfab5__c0.mp4,0.4327473,0.80004287,0.7670925,0.52170384,0.56226814,-0.008143977685408161,0.13142632,0.10177702,0.92667305,0.92058027,0.8684572,0.8759526,-0.002293119376355965,0.030609453,0.0762639045715332,0.037854671478271484,0.1049642,0.89539987,0.9002042,0.84964705,0.8790585,-0.0021907361481971798,0.0245295,0.035866022,0.95429933,0.958435,0.9447211,0.949362,-0.001047553987842306,0.009780458,0.6423664093017578
base-noprop__66f41d2f3f0f61298257e508840f1163992f0311__汉堡菇__v0__ff9362d2__c0.mp4,0.37978244,0.82150936,0.7769782,0.6044116,0.62655306,-0.010310613178452954,0.12574176,0.10379857,0.9348422,0.9290497,0.88757247,0.8915884,-0.0030224229036112603,0.033300817,0.035726964473724365,0.019214075058698654,0.23068029,0.8465742,0.84227186,0.7535139,0.76000136,-0.007091792204634479,0.07450464,0.06965518,0.949258,0.94826394,0.9219333,0.92537934,-0.0021239086219915705,0.021758268,0.1906462013721466
