filename,adj_mean,adj_min,marg_drop,marg_end_drop,marg_first,marg_last,marg_lowfrac,marg_max,marg_mean,marg_min,marg_slope,marg_std,oth_mean,own_drop,own_end_drop,own_first,own_gap12,own_last,own_lowfrac,own_max,own_mean,own_min,own_slope,own_std,own_switch,src_drop,src_end_drop,src_first,src_last,src_lowfrac,src_max,src_mean,src_min,src_slope,src_std
exact-r2__017c59f65cabc241c9ef5990259d488a7becfff0__爆炸菇（爆炸后）__v12__eyemask__d50d6fe5__c0.mp4,0.9776129126548767,0.915498673915863,0.045878768,0.020827532,0.030732006,0.009904474,0.21875,0.036628723,0.013822544,-0.015146762,-0.0010307371681911146,0.014373231,0.43187838792800903,0.10545394,0.084058225,0.49679497,0.012446130625903606,0.41273674,0.21875,0.49679497,0.44570094,0.39134103,-0.002542143889711036,0.031416167,0.12903225806451613,0.17537898,0.107393265,1.0,0.89260674,0.125,1.0,0.9192724,0.824621,-0.004140638066264525,0.04856604
base-noprop__f4d25ec51527a18f0ee61a4803329a4966535857__粽子菇__v0__dbb2c007__c0.mp4,0.9594322443008423,0.888081431388855,0.027688086,0.023284972,0.15298975,0.12970477,0.125,0.17302188,0.14700322,0.12530166,0.00014542697592914616,0.011390829,0.3625280261039734,0.08632594,-0.0046830177,0.5347304,0.03613072633743286,0.5394134,0.15625,0.5648953,0.50953126,0.44840443,5.5234109070659575e-05,0.030789701,0.0,0.1445725,0.12599087,1.0,0.87400913,0.15625,1.0,0.90450215,0.8554275,-0.0019087787182274865,0.032507177
base-noprop__85485675b9afc7fa463bca0fd81c644d405acb2e__粽子菇__v0__51b32eee__c0.mp4,0.9771077036857605,0.9193084239959717,0.09199917,0.06737769,0.1721986,0.10482091,0.15625,0.1721986,0.12989436,0.08019942,-0.0019093487750400158,0.023047892,0.5728639364242554,0.056863546,-0.0010857582,0.67887986,0.013613898307085037,0.6799656,0.09375,0.7502481,0.70275825,0.6220163,0.0003794246842085217,0.027893117,0.25806451612903225,0.16769022,0.065966785,1.0,0.9340332,0.25,1.0,0.91786706,0.8323098,-0.0043840028695172,0.048060495
exact-r1__d1374c7b3666b2856a0808eca3479085172abdaf__蘑菇力__v1297__bubble__7fc52dc4__c0.mp4,0.9973576664924622,0.9946087002754211,0.015944231,0.0024600886,-0.04171138,-0.044171467,0.15625,-0.03743948,-0.046401046,-0.05765561,-0.0002967981967113684,0.0048404736,0.020191464573144913,0.008043932,-0.0045569036,-0.02557853,0.010171283036470413,-0.021021627,0.15625,-0.014743256,-0.02620958,-0.033622462,0.00029843509906651573,0.0049035135,0.0,0.024824083,0.023896098,1.0000002,0.97610414,0.21875,1.0000002,0.9865042,0.97517616,-0.0008307729036577012,0.007927592
exact-r1__51aaa255d1e150f9f845eb0dc6f5cf9ee644d4c2__吐司菇__v515__coffee__49cf7efc__c0.mp4,0.9984652996063232,0.9948513507843018,0.0034698322,0.0012043379,-0.020113572,-0.02131791,0.15625,-0.015402533,-0.019491687,-0.023583405,2.320769688119947e-05,0.001988752,0.0536707267165184,0.0058118105,0.00039929152,0.036190398,0.012109814211726189,0.035791107,0.15625,0.036395192,0.034179043,0.030378588,3.6373812994781284e-05,0.0016274956,0.0,0.012520313,0.010061622,1.0000001,0.9899385,0.09375,1.0000001,0.99242425,0.9874798,-0.000336222011934594,0.003426164
base-noprop__c3ad0151cf012ab92fe134a98d4a74d428a02c98__爆炸菇（爆炸前）__v0__f33b086c__c0.mp4,0.9908120632171631,0.9758603572845459,0.040023,0.009582996,0.024469495,0.014886498,0.15625,0.03326595,0.014920676,-0.015553504,-0.00051080725016482,0.011892981,0.5242642164230347,0.07643047,0.012586653,0.5663978,0.01232165191322565,0.55381113,0.1875,0.5864624,0.5391849,0.48996732,-0.0010222713640533159,0.028536627,0.0,0.069864035,0.053442538,1.0,0.94655746,0.15625,1.0,0.95865273,0.93013597,-0.00198324806878992,0.022742782
base-noprop__56bc114155a57e47100a6759d7b78d0befdb0a1f__吐司菇__v0__31af3246__c0.mp4,0.9961124062538147,0.9883512854576111,0.0018864125,-0.003996432,-0.075513095,-0.07151666,0.21875,-0.0566743,-0.06701133,-0.07739951,0.0002274034255323508,0.0060749818,0.3001493513584137,0.04643397,0.024841309,0.2556133,0.01689499244093895,0.23077199,0.1875,0.25977474,0.23313802,0.20917933,-0.00033849424783609464,0.012514066,0.0,0.045773745,0.021522403,1.0,0.9784776,0.125,1.0,0.97511005,0.95422626,-0.0006247032488371001,0.0126518905
base-noprop__1df7005fbb426ec84155f9de604e394437faec56__毒蘑菇__v0__a7cf07d3__c0.mp4,0.9991015791893005,0.9977248311042786,0.010455102,-0.002462551,-0.10215524,-0.09969269,0.15625,-0.09352288,-0.10189046,-0.11261034,0.0002758795234355552,0.004833844,0.1734093725681305,0.006852746,0.0027059764,0.073773175,0.0025389245711266994,0.0710672,0.15625,0.07811223,0.07151891,0.06692043,-5.162288393835971e-05,0.0033179345,0.06451612903225806,0.010717988,0.004398346,1.0,0.99560165,0.25,1.0,0.99384105,0.989282,-0.0001817896984014892,0.0030852046
base-noprop__ea77208c520ab108b30a7e6f72eddb04638cca12__汉堡菇__v0__cbef9c99__c0.mp4,0.9921220541000366,0.9718143939971924,0.01763469,0.010001808,0.025541365,0.015539557,0.125,0.034172,0.021434002,0.007906675,-0.0001127817435872862,0.006229459,0.384796142578125,0.04878831,0.041479796,0.4335239,0.05393730849027634,0.3920441,0.28125,0.4335239,0.4062301,0.38473558,-0.0011490074934060897,0.012961141,0.0,0.05726117,0.011241496,1.0,0.9887585,0.125,1.0,0.98193824,0.94273883,-0.0007400197848196694,0.014321927
exact-r1__162906640246ef44f99db4ad49276c513665eb1e__蘑菇力__v142__glasses__889682a9__c0.mp4,0.9987651109695435,0.996436357498169,0.00010776892,-0.005462222,-0.040253848,-0.034791626,0.1875,-0.032633945,-0.03642336,-0.040361617,0.00020146789916864632,0.0023308478,0.04190824553370476,0.0023092506,-0.008733907,0.0011567911,0.016440847888588905,0.009890698,0.21875,0.0126380995,0.0054848837,-0.0011524595,0.0004383048990535169,0.004625977,0.0,0.01582843,0.014457583,0.9999999,0.9855423,0.40625,0.9999999,0.9913391,0.98417145,-0.000546673558586823,0.00535391
base-noprop__e17297a1dbbf07dbe3fecb987321a5713158816b__爆炸菇（爆炸前）__v0__a239dfdd__c0.mp4,0.9937195181846619,0.9772962331771851,0.009193093,-0.006945342,-0.060119748,-0.053174406,0.125,-0.048915297,-0.056663465,-0.06931284,-9.27531736688771e-07,0.005151951,0.44749802350997925,0.037753224,0.0057480633,0.39509857,0.0030777789652347565,0.3893505,0.09375,0.41522545,0.39083457,0.35734534,-0.0005867822734841053,0.010853247,0.06451612903225806,0.039641917,0.010001898,1.0000001,0.9899982,0.3125,1.0000001,0.98049676,0.9603582,-4.216401545530131e-05,0.011646984
base-noprop__58a25304d5897daa19607fb3b5ce8c1f9d1c340f__蘑菇力__v0__8676ccda__c0.mp4,0.9989972114562988,0.9965419769287109,5.2317977e-05,-0.0008277446,0.005317539,0.0061452836,0.15625,0.00976184,0.0070034596,0.005265221,1.021347055075129e-05,0.0012371546,0.14425259828567505,0.0,-0.008628309,0.14221023,0.003045417368412018,0.15083854,0.15625,0.16382194,0.15125607,0.14221023,0.00017592761545412181,0.0056178686,0.0,0.006106019,0.0044799447,1.0,0.99552006,0.125,1.0,0.99622536,0.993894,-0.0001279609796762904,0.0016035158
generic__5fcaed1021788750740eaf4cb963c907ca733dc2__爆炸菇（爆炸前）__v363__flag__f28a34da__c0.mp4,0.9902853965759277,0.9725124835968018,0.0088275075,0.0032924712,-0.023581624,-0.026874095,0.125,-0.017210215,-0.024146125,-0.03240913,-8.688998733622684e-05,0.0035541635,0.3349997401237488,0.06074807,-0.0051701367,0.33344358,0.0032865991815924644,0.33861372,0.21875,0.35333425,0.31085363,0.2726955,0.0003323054864259823,0.022896107,0.16129032258064516,0.061639607,0.012507319,1.0000001,0.9874928,0.1875,1.0000001,0.96652424,0.9383605,-0.0005944328289751951,0.020859329
exact-r2__256b55303d2ece49031dba768c8d8f85b8dabced__炸虾菇__v240__eyemask__ac4ffce8__c0.mp4,0.9524483680725098,0.8306602835655212,0.019822076,-0.07169212,-0.05079592,0.020896196,0.28125,0.031870633,-0.012723732,-0.070617996,0.0036350458258178468,0.037839998,0.2521307170391083,0.012329984,-0.3175099,0.06857674,0.04622122645378113,0.38608664,0.21875,0.3991226,0.23940697,0.056246754,0.012624785651608515,0.12127969,0.16129032258064516,0.6104335,0.6104335,0.9999999,0.38956636,0.0,0.9999999,0.576864,0.38956636,-0.020829119678597626,0.21381742
exact-r1__64f7ba46c3c16764be8347709ee03ebee90d68c2__炸虾菇__v639__scooter__ac6b2584__c0.mp4,0.9847918152809143,0.95046067237854,0.008434311,0.004298225,-0.015712216,-0.020010442,0.0625,0.011166766,-0.013449978,-0.024146527,-8.59920394298273e-05,0.007749876,0.26319751143455505,0.021227255,-0.0029904395,0.24843694,0.009686458855867386,0.25142738,0.15625,0.2692269,0.24974753,0.22720969,-6.969805937969468e-05,0.010771623,0.1935483870967742,0.102921486,0.059902787,1.0,0.9400972,0.15625,1.0,0.95082545,0.8970785,-0.002376832701593532,0.026943414
exact-r1__62671de5d59372c360feb3d41db56086df4cc5db__毒蘑菇__v619__scooter__25ffefbe__c0.mp4,0.9865295886993408,0.9544114470481873,0.009621367,-0.006826006,-0.005418472,0.0014075339,0.1875,0.016703866,0.00018885068,-0.015039839,0.000701819013263429,0.009280977,0.0920097678899765,0.0030236058,-0.076186754,0.04096078,0.01122457068413496,0.117147535,0.28125,0.15744638,0.09219862,0.037937175,0.002856800650844565,0.036042612,0.1935483870967742,0.112451255,0.09797579,1.0,0.9020242,0.0625,1.0,0.9410529,0.88754874,-0.003733971022353457,0.039619505
exact-r1__48172f0dfe98550b41a163b5c11c78aa0d297fd9__爆炸菇（爆炸后）__v459__glasses__56625650__c0.mp4,0.9799863696098328,0.9063414931297302,0.007107049,-0.034626424,-0.01693514,0.017691284,0.1875,0.019897401,-0.0029395223,-0.02404219,0.0012993958732249787,0.014218616,0.362663209438324,0.15021345,0.1443218,0.43304884,0.013801749795675278,0.28872705,0.25,0.46133912,0.35972363,0.2828354,-0.004629047003047548,0.054060586,0.16129032258064516,0.13163573,0.1255548,1.0,0.8744452,0.28125,1.0,0.92967933,0.8683643,-0.004272984007586455,0.04171606
exact-r1__f267516ee3473fec084aa1cc59888922709abe1d__毒蘑菇__v1526__glasses__ec0ac680__c0.mp4,0.9881166219711304,0.9676673412322998,0.012565345,0.0115020275,-0.03148836,-0.042990386,0.15625,-0.028023362,-0.03581863,-0.044053704,-0.00015771048159893042,0.003881966,0.3587969243526459,0.017810106,0.00971663,0.31137842,0.013716978020966053,0.3016618,0.15625,0.38366953,0.32297832,0.2935683,-0.0010236323841156408,0.024092266,0.0,0.091484785,0.072739124,0.9999999,0.92726076,0.25,0.9999999,0.9517082,0.9085151,-0.0028133959757966737,0.029638456
base-props__b6bd61a3bd7cb45a64f5f161b4fd05db5645825e__粽子菇__v730__crown__61c95450__c0.mp4,0.997810423374176,0.9942920207977295,0.01563919,0.006297704,-0.04833043,-0.054628134,0.25,-0.04833043,-0.05606631,-0.06396962,-0.0002824952163599728,0.0038635028,0.05715283751487732,0.011817318,-0.0013046116,0.007083066,0.007264694198966026,0.008387677,0.125,0.008413183,0.0010865299,-0.0047342526,0.000140609375239231,0.003191105,0.0,0.017650425,0.016033232,1.0000001,0.9839669,0.25,1.0000001,0.9901984,0.9823497,-0.0005132144104000767,0.004921968
base-noprop__2e74efc28325e12fefad6028bd3e1e47f959c336__毒蘑菇__v0__53e5db28__c0.mp4,0.9915158748626709,0.9571912288665771,0.0046979785,0.0027019083,-0.06555733,-0.06825924,0.1875,-0.028583944,-0.05109764,-0.07025531,1.615925509034576e-05,0.015091934,0.40299636125564575,0.040909946,0.01857239,0.35830814,0.009836641140282154,0.33973575,0.09375,0.4003384,0.35189873,0.3173982,-0.0003104863245903086,0.015048617,0.0,0.08052081,0.009937525,1.0,0.9900625,0.3125,1.0,0.97240996,0.9194792,-0.0007327519073164523,0.024820058
exact-r1__4bf0b051761534a857f0e278795a15afb31bef80__毒蘑菇__v485__eyemask__456293b6__c0.mp4,0.9832474589347839,0.9433399438858032,0.023258388,-0.019225955,-0.0519211,-0.032695144,0.15625,-0.025071144,-0.044879075,-0.07517949,0.000942376398555168,0.013571889,0.3034602701663971,0.008376166,-0.042485535,0.23255605,0.04201049730181694,0.27504158,0.125,0.29174292,0.25858116,0.22417988,0.0014627777624471163,0.016533835,0.0,0.16897035,0.14338398,1.0,0.856616,0.21875,1.0,0.8997468,0.83102965,-0.004021951551835884,0.042789068
exact-r1__17267cdbab13c63bd29a987952c0bc6e4a671ac3__蘑菇力__v149__glasses__47690caa__c0.mp4,0.966650128364563,0.8897174596786499,0.02694279,-0.0032740831,-0.035305202,-0.03203112,0.15625,0.007971466,-0.03157657,-0.06224799,-0.0003027745530752151,0.0146006355,0.43118128180503845,0.051276177,0.016155183,0.39767653,0.006113696843385696,0.38152134,0.15625,0.47712085,0.39960474,0.34640035,-0.00037997932094107413,0.028892158,0.16129032258064516,0.17717254,0.13580763,1.0,0.86419237,0.03125,1.0,0.89958584,0.82282746,-0.0038514652800175236,0.046846062
base-props__b2678863871b99530ba9e74fef126b3d90508f99__粽子菇__v712__flag__594ae7a3__c0.mp4,0.9973801374435425,0.9835255742073059,0.002514761,-0.002889555,-0.04920462,-0.046315067,0.1875,-0.040059812,-0.046991833,-0.051719382,0.00016957701148350476,0.0029176164,0.08976370096206665,0.0026155114,-0.010642868,0.032983568,0.005158194340765476,0.043626435,0.3125,0.05850798,0.042771876,0.030368056,0.0007069060507932371,0.008865609,0.06451612903225806,0.027150333,0.016223133,0.99999994,0.9837768,0.125,0.99999994,0.9864552,0.9728496,-0.0007529991878267399,0.008852025
exact-r2__4b734340dea86eb026518f537642d75cec5d26c7__粽子菇__v480__glasses__09e00568__c0.mp4,0.948877215385437,0.41949576139450073,0.0,-0.19268051,-0.05574289,0.13693762,0.125,0.14089769,0.02819113,-0.05574289,0.007202468457416003,0.07432683,0.4432734549045563,0.0055549145,-0.4175253,0.30177426,0.029251961037516594,0.71929955,0.0,0.73598796,0.47146457,0.29621935,0.016232741379405745,0.17611104,0.03225806451612903,0.6376606,0.63119435,1.0,0.36880568,0.3125,1.0,0.7327972,0.3623394,-0.025127858043678324,0.2539555
base-noprop__55b63d472e9f15d5bcd1f672b7144ce1726da2f2__爆炸菇（爆炸后）__v0__37f0c1a8__c0.mp4,0.99286949634552,0.9791881442070007,0.0052217096,-0.0073495954,-0.0058682263,0.0014813691,0.1875,0.022062734,0.0022839415,-0.011089936,-5.2817736662203195e-05,0.009171716,0.15969735383987427,0.023475885,-0.010164589,0.1649979,0.029123671352863312,0.1751625,0.21875,0.19520292,0.16198128,0.14152202,0.00026026704345892825,0.013108477,0.0,0.051197708,0.04234034,1.0,0.95765966,0.03125,1.0,0.96639425,0.9488023,-0.0008180431278744492,0.010760197
exact-r1__52e27d0ad2d2890946f1fe6c35b87aaa4541bdc1__吐司菇__v518__coffee__058f0e6c__c0.mp4,0.9756557941436768,0.8888710141181946,0.022751957,-0.019519657,-0.040498853,-0.020979196,0.03125,-0.008552551,-0.03339865,-0.06325081,0.000928652120475544,0.012653201,0.427517294883728,0.03058657,-0.10414916,0.36415273,0.005998535081744194,0.4683019,0.15625,0.47713685,0.3941186,0.33356616,0.004306311383187959,0.047774695,0.06451612903225806,0.16573143,0.12885904,1.0,0.87114096,0.375,1.0,0.93498796,0.83426857,-0.005995832940787486,0.06205125
base-props__de80684a473a7265e3fc6883d1373c22b31a0ac7__爆炸菇（爆炸后）__v868__scooter__2f2097c4__c0.mp4,0.9964842200279236,0.9856458902359009,0.010321081,0.00987488,-0.020002395,-0.029877275,0.21875,-0.015838578,-0.024649423,-0.030323476,-0.00018342462152548596,0.0036008323,0.1783933937549591,0.071889035,0.02780211,0.19181925,0.004061868414282799,0.16401714,0.15625,0.19744217,0.15374397,0.119930215,-0.0008126624007750245,0.020468848,0.0,0.04912865,0.009462357,1.0000001,0.99053776,0.15625,1.0000001,0.97059375,0.95087147,-0.0006308394902087836,0.01434222
base-noprop__ea77208c520ab108b30a7e6f72eddb04638cca12__爆炸菇（爆炸后）__v0__167c3cac__c0.mp4,0.99191814661026,0.9632622599601746,0.02049002,-0.051758587,-0.22978368,-0.1780251,0.125,-0.16964085,-0.21541399,-0.2502737,0.0012867984845360296,0.023322256,0.3966224193572998,0.01500316,-0.067312986,0.15800843,0.010450415313243866,0.22532141,0.28125,0.22874895,0.18120842,0.14300527,0.0022962778762988033,0.026803052,0.0,0.07722342,0.046037912,0.9999999,0.95396197,0.15625,0.9999999,0.9735887,0.92277646,-0.0022695914588191112,0.023768365
base-props__929b88500dd26c68400cb2ef5015e7db4f37d194__汉堡菇__v586__coffee__880a1ceb__c0.mp4,0.9868208765983582,0.9399234056472778,0.024597943,0.017659158,-0.0060203373,-0.023679495,0.21875,-9.7960234e-05,-0.013900495,-0.03061828,-0.0005022695129655324,0.008765364,0.3928840458393097,0.058202893,0.0036715567,0.39450005,0.012741748243570328,0.3908285,0.21875,0.41662773,0.37898353,0.33629715,0.0006138898508727116,0.021010168,0.0,0.07307851,0.028401256,1.0000001,0.97159886,0.15625,1.0000001,0.97046685,0.9269216,-0.000754267567238817,0.018765029
exact-r1__f11cad00ba6f8dcd0db7e9dfcdef26e58638052e__爆炸菇（爆炸前）__v1517__scooter__826b44a1__c0.mp4,0.9688100218772888,0.9030182957649231,0.0068511665,-0.03386846,-0.05182436,-0.0179559,0.09375,-0.008525848,-0.04257515,-0.058675528,0.0011586382864944378,0.014484917,0.4409150183200836,0.020573646,-0.06772107,0.36092207,0.007480701431632042,0.42864314,0.25,0.4616192,0.39833987,0.34034842,0.0007437358875253806,0.030111596,0.06451612903225806,0.49120635,0.4465462,1.0000001,0.5534539,0.3125,1.0000001,0.8238424,0.5087938,-0.019062951283633164,0.1956013
base-noprop__05ac9abf4092d7eda364b995ce814f0c2859bf3c__蘑菇力__v0__cf199693__c0.mp4,0.9957448840141296,0.987191915512085,0.0043016076,0.0014261752,-0.038464993,-0.03989117,0.125,-0.03122136,-0.03781406,-0.0427666,-0.0001669136228318446,0.003044657,0.28025567531585693,0.0029609501,-0.030384079,0.21558473,0.0007220818661153316,0.2459688,0.1875,0.25970283,0.24244162,0.21262378,-0.00018685387824374382,0.014006136,0.3548387096774194,0.036876142,0.018347144,1.0,0.98165286,0.15625,1.0,0.978529,0.96312386,-6.638118816958504e-05,0.0077084135
exact-r1__32f237a65638d702e80c66ce6545a75f08d71afa__吐司菇__v340__glasses__49dfb3e2__c0.mp4,0.930702805519104,0.8388603329658508,0.0960667,0.05681087,-0.039263308,-0.09607418,0.1875,-0.032611355,-0.08794063,-0.13533,-0.0009622961402900777,0.028891152,0.19409815967082977,0.18320847,0.11121777,0.2163535,0.003942838404327631,0.10513574,0.1875,0.22355536,0.10615754,0.033145033,-0.0016047999732567732,0.05290632,0.1935483870967742,0.39419413,0.34476984,1.0000001,0.6552303,0.09375,1.0000001,0.74216306,0.605806,-0.01153374880639687,0.121075876
base-noprop__85485675b9afc7fa463bca0fd81c644d405acb2e__爆炸菇（爆炸前）__v0__8f198cec__c0.mp4,0.9799912571907043,0.9520158171653748,0.010211408,-0.007136643,-0.016455173,-0.009318531,0.125,0.007654667,-0.009732883,-0.026666582,-9.886232202004147e-05,0.0075636026,0.6033995151519775,0.015992403,-0.030997932,0.56435335,0.007920550182461739,0.5953513,0.1875,0.652277,0.5936666,0.54836094,-0.0011479664167875225,0.025963504,0.0,0.120095015,0.120095015,1.0000002,0.8799052,0.28125,1.0000002,0.928944,0.8799052,-0.003060288082731774,0.03278311
exact-r1__0399b7e1281139c389c4f871736e53e2fab0d75d__爆炸菇（爆炸后）__v25__eyemask__9d8c5219__c0.mp4,0.9955340623855591,0.9846340417861938,0.014674947,0.008241452,-0.04373905,-0.051980503,0.21875,-0.029730313,-0.04437262,-0.058413997,-0.00036081579674985853,0.0064245546,0.11586813628673553,0.01457366,8.455664e-05,0.07341282,0.003907934762537479,0.073328264,0.15625,0.083699875,0.071495526,0.05883916,4.191887141628837e-05,0.006577139,0.0,0.04857731,0.039366245,0.99999976,0.9606335,0.28125,0.99999976,0.9771529,0.95142245,-0.0015713909416953612,0.015863832
base-noprop__28a40bdc8031c3ded5a744a31c764d0180862532__爆炸菇（爆炸后）__v0__7ced556b__c0.mp4,0.9805693626403809,0.9169379472732544,0.051169336,0.048146248,0.041837692,-0.0063085556,0.1875,0.05609393,0.025562488,-0.009331644,-0.0007236141198017024,0.016286248,0.5421324372291565,0.060200214,0.033398986,0.56412923,0.007052706554532051,0.53073025,0.15625,0.62987554,0.5676949,0.503929,0.001397497624246265,0.037486073,0.12903225806451613,0.11316848,0.07139015,0.99999994,0.9286098,0.21875,0.99999994,0.9371143,0.88683146,-0.0030515023187632803,0.03589904
exact-r1__6f6f2d7c0707575b6afdd575fae5abf75eec000d__吐司菇__v706__flag__e18588cd__c0.mp4,0.9725764989852905,0.8993434906005859,0.053971916,0.025874048,-0.015993208,-0.041867256,0.125,-0.012777597,-0.03933321,-0.069965124,-0.001381158304354313,0.01675657,0.41249147057533264,0.019847497,-0.19751349,0.25272283,0.010936535894870758,0.45023632,0.25,0.46121442,0.37315828,0.23287533,0.007826422688024137,0.081582464,0.03225806451612903,0.5444539,0.53635633,1.0000001,0.4636438,0.0,1.0000001,0.62265384,0.4555462,-0.019142713894810818,0.19974238
base-props__b166561176afda3a52cc9957753e6b2a097c6778__爆炸菇（爆炸前）__v708__glasses__ebc7f03d__c0.mp4,0.9985355138778687,0.9962674379348755,0.0,-0.0038416684,-0.049415905,-0.045574237,0.15625,-0.04239946,-0.045804154,-0.049415905,0.00014032644651218307,0.0017500633,0.09950190782546997,0.0067509934,0.00024956465,0.047285166,0.0051619973964989185,0.0470356,0.125,0.07206836,0.053697754,0.040534172,0.0004796415063500676,0.0074061337,0.03225806451612903,0.013773382,0.0077885985,0.99999994,0.99221134,0.0625,0.99999994,0.99141634,0.98622656,-0.0002984085565438152,0.0033929513
exact-r1__65fa930a2832ed150be2f5f8c6f3014ee7d827a8__爆炸菇（爆炸后）__v648__flag__9e38806b__c0.mp4,0.9926506876945496,0.9767144322395325,0.0010591969,-0.04082436,-0.0097935125,0.031030849,0.28125,0.034812674,0.014003674,-0.010852709,0.0014045700250614071,0.014755172,0.1810855120420456,0.00849086,-0.18606664,0.082299635,0.012792154215276241,0.26836628,0.25,0.28912014,0.19508919,0.073808774,0.0068766237755478144,0.0700542,0.0,0.17499626,0.14015424,1.0,0.85984576,0.15625,1.0,0.91339934,0.82500374,-0.0058217055855258465,0.060914263
base-noprop__0fdb22578fff87861697db59c5fdafc40b146990__蘑菇力__v0__c4e12003__c0.mp4,0.9975283145904541,0.9933556914329529,0.0073993206,-0.0020367727,-0.02487921,-0.022842437,0.125,-0.022842437,-0.026867118,-0.03227853,2.2736125382596958e-05,0.0019647826,0.09473126381635666,0.016093157,0.0038224384,0.073595084,0.00421217642724514,0.069772646,0.125,0.08120805,0.06786415,0.057501927,-0.00017723249943374993,0.0059043616,0.0,0.013581634,0.008014202,1.0000001,0.9919859,0.09375,1.0000001,0.9923199,0.9864185,-9.946357950435065e-05,0.0024734857
base-noprop__05dd2b8db67494f0efc8d0fdde03ebfec1ec36bb__毒蘑菇__v0__76d724a6__c0.mp4,0.9989453554153442,0.9951000213623047,0.0024859114,-0.0025408487,-0.009404992,-0.006864143,0.15625,-0.0020941757,-0.0073213945,-0.011890903,5.493855147890151e-05,0.0026484188,0.01767042651772499,0.004815243,0.0036977394,0.010817214,0.014327585697174072,0.0071194745,0.0,0.027781343,0.010349032,0.0060019707,-0.00016475113090318853,0.0063395416,0.0,0.01607287,0.0041424036,1.0,0.9958576,0.15625,1.0,0.99457276,0.98392713,-9.155135787455378e-06,0.0043313196
base-noprop__f4d25ec51527a18f0ee61a4803329a4966535857__爆炸菇（爆炸后）__v0__b7b64ae3__c0.mp4,0.9678017497062683,0.9307066202163696,0.027252674,0.010413587,-0.01866147,-0.029075056,0.15625,-0.011155099,-0.029638562,-0.045914143,-0.00017855479177142255,0.008015631,0.36222320795059204,0.1226497,0.06224951,0.35053,0.015472959727048874,0.2882805,0.125,0.43946213,0.33258462,0.2278803,2.8436184147939258e-05,0.052768614,0.0,0.19890034,0.14828932,1.0,0.8517107,0.09375,1.0,0.887542,0.80109966,-0.004250771401564725,0.0445085
base-noprop__0b9d7a9da15b27871886a629df50e17677f0c915__粽子菇__v0__0f454afa__c0.mp4,0.993145763874054,0.9815278649330139,0.0030927956,-0.0007171333,0.07790741,0.07862455,0.15625,0.08859959,0.08139442,0.07481462,3.26115900208195e-05,0.0034423938,0.2763749659061432,0.033497334,0.0023984313,0.36582172,0.02060498110949993,0.3634233,0.1875,0.37533718,0.35776937,0.3323244,0.00027012090332522706,0.01099412,0.0,0.016260564,0.011786699,1.0,0.9882133,0.125,1.0,0.98856044,0.98373944,-0.00025870628065025514,0.0038670527
exact-r2__c7ad00b677c45e8f5009f4a0740dfa6c109a6eee__汉堡菇__v1244__glasses__0a8c1553__c0.mp4,0.9697644710540771,0.8520203828811646,0.07012364,0.053843856,0.0113300085,-0.042513847,0.28125,0.04227376,-0.00040317327,-0.058793634,-0.0022383732202290777,0.027807044,0.5042053461074829,0.2566179,0.17749572,0.5747708,0.015487506054341793,0.3972751,0.34375,0.6212362,0.5038022,0.3181529,-0.007223090976258167,0.08665415,0.0,0.30131197,0.2279293,0.9999999,0.7720706,0.34375,0.9999999,0.886804,0.6986879,-0.009234034431732275,0.09801373
exact-r1__4b734340dea86eb026518f537642d75cec5d26c7__粽子菇__v480__glasses__09e00568__c0.mp4,0.9446108341217041,0.7823835015296936,0.0012926161,-0.11095366,-0.048215955,0.0627377,0.1875,0.10966462,0.034674753,-0.04950857,0.0044033067721513,0.046440188,0.5237510204315186,0.0,-0.39195755,0.31373605,0.027471330016851425,0.7056936,0.21875,0.7142129,0.5584258,0.31373605,0.01483354190927098,0.14424255,0.03225806451612903,0.65529054,0.6480594,1.0,0.35194057,0.25,1.0,0.62264824,0.34470946,-0.02661760656103007,0.2606806
exact-r2__2542b9c5635f6f39a49c3380e72384f78fd1c0d8__汉堡菇__v238__eyemask__4cce5059__c0.mp4,0.9937761425971985,0.9712380170822144,0.0022619069,-0.000513047,0.00024491549,0.00075796247,0.15625,0.039888814,0.008156469,-0.0020169914,-6.56981190497222e-05,0.007880895,0.15665555000305176,0.12396258,0.060776114,0.21715453,0.014151343144476414,0.15637842,0.09375,0.24953629,0.164812,0.09319195,-0.0015098815619989177,0.035166815,0.06451612903225806,0.054776788,0.035051107,0.99999994,0.96494883,0.09375,0.99999994,0.9704484,0.94522315,-0.0006632685027688622,0.012184921
base-noprop__068f87e6d8c098db1a68eaff2a959baa9dd07959__毒蘑菇__v0__6945910b__c0.mp4,0.9878098368644714,0.9333974719047546,0.022344988,0.01861895,0.0018680133,-0.016750937,0.15625,0.002818644,-0.006017274,-0.020476975,-0.0005728037914539798,0.0059439084,0.03808474540710449,0.029702406,0.020435845,0.041938342,0.009284584783017635,0.021502497,0.28125,0.05133176,0.03206747,0.012235936,-0.0010282390008754252,0.012083883,0.12903225806451613,0.2354424,0.23468089,1.0,0.7653191,0.375,1.0,0.90018904,0.7645576,-0.009871828186809126,0.09915929
base-noprop__f64e1c17ba334819ca417f708e64e97d2aba7b05__爆炸菇（爆炸后）__v0__87b92abb__c0.mp4,0.9807215332984924,0.9295251965522766,0.02198261,-0.005675316,0.022023678,0.027698994,0.15625,0.031845987,0.016608924,4.10676e-05,-0.00020497580689768605,0.007431991,0.591671347618103,0.13722968,-0.016298115,0.65735966,0.005831077694892883,0.6736578,0.3125,0.67429745,0.6082803,0.52013,-0.002672041725378217,0.04933443,0.12903225806451613,0.14495969,0.016219795,1.0000002,0.98378044,0.28125,1.0000002,0.94418377,0.85504055,-0.0029597550280981897,0.049447298
exact-r1__3296e3025fe5db65ce1e18e8abd3114afdfdc5da__爆炸菇（爆炸后）__v335__coffee__0714808a__c0.mp4,0.9779191613197327,0.9351530075073242,0.032220036,0.0057962537,0.005106747,-0.00068950653,0.21875,0.030291587,0.0011954475,-0.027113289,-0.0010864572419274233,0.01604186,0.33489489555358887,0.0077490807,-0.026212841,0.313039,0.021804459393024445,0.33925185,0.0625,0.38368675,0.33609033,0.30528992,0.0019181118212924432,0.024901178,0.06451612903225806,0.11148596,0.04729891,1.0,0.9527011,0.25,1.0,0.9458498,0.88851404,-0.0028409374730328034,0.035057563
exact-r2__63c6cd5b6ce97c724c348a679627c9f637af97f7__毒蘑菇__v627__scooter__2948a84e__c0.mp4,0.9894412755966187,0.9655444622039795,0.0159932,0.005991094,-0.015726753,-0.021717846,0.15625,-0.008042283,-0.017532023,-0.031719953,-0.00038404885373594496,0.0059157126,0.14005011320114136,0.0010743067,-0.04958698,0.10191795,0.007092919200658798,0.15150493,0.1875,0.16081825,0.12251809,0.100843646,0.0016155410066378102,0.018490616,0.12903225806451613,0.094876885,0.08742583,1.0,0.9125742,0.3125,1.0,0.9611515,0.9051231,-0.00362431405445345,0.03665761
exact-r2__a9816777eac0a4b87543f0fe4ad36edf6b92ca8e__吐司菇__v1049__crown__a8d4e42e__c0.mp4,0.9637455344200134,0.8830625414848328,0.025798894,0.021596462,-0.0023266822,-0.023923144,0.25,0.005762011,-0.012038662,-0.028125577,-0.0011034236638465364,0.011391326,0.09487313032150269,0.096401416,0.023670793,0.11489263,0.006310377735644579,0.09122184,0.21875,0.12873037,0.08283447,0.018491218,-0.0025342378790607738,0.03366859,0.0967741935483871,0.43813837,0.37732673,1.0000001,0.6226734,0.21875,1.0000001,0.7766293,0.56186175,-0.01676475262143742,0.16733214
exact-r1__967be5bf93e2191527c35a951f196af47aae0dc9__毒蘑菇__v937__bubble__56580119__c0.mp4,0.9811632037162781,0.9145247340202332,0.043783754,0.0011782944,0.04609987,0.044921577,0.1875,0.047745883,0.03307143,0.0023161173,-0.0006160633611189639,0.013096468,0.4586765766143799,0.13660595,-0.030551493,0.54252076,0.005797233432531357,0.57307225,0.1875,0.57523656,0.491748,0.4059148,-0.0014852838115520734,0.045401484,0.12903225806451613,0.26281387,0.06837213,0.99999994,0.9316278,0.21875,0.99999994,0.89210176,0.7371861,-0.006604694114052977,0.088152006
generic__961bd0e7dc5dec1e77f826ad3f88dc97e2021663__汉堡菇__v606__glasses__ec6f851a__c0.mp4,0.9962081909179688,0.9871425032615662,0.00558652,0.0027190298,-0.011911705,-0.014630735,0.25,0.0094497055,-0.005354596,-0.017498225,0.00018449536527444173,0.008806604,0.1635882705450058,0.009195358,0.0027084649,0.15510705,0.004208575002849102,0.15239859,0.0625,0.18134554,0.15823367,0.1459117,-0.0002583961966625013,0.010747655,0.2903225806451613,0.040043116,0.012050569,1.0000001,0.98794955,0.1875,1.0000001,0.979164,0.959957,-0.0006307687096931213,0.013115225
base-noprop__930af50238c37ebaf442e48b5cf1fdd56a6c5adb__汉堡菇__v0__3b72956b__c0.mp4,0.9663283228874207,0.8742418885231018,0.09014571,0.029254138,0.059119582,0.029865444,0.3125,0.0649153,0.016295474,-0.031026125,0.0014628449569611948,0.028175,0.5112870931625366,0.22915947,0.14815295,0.61083674,0.0059524644166231155,0.4626838,0.21875,0.6256441,0.5275825,0.38167727,-0.005341084209705009,0.068340525,0.03225806451612903,0.21456432,0.16596216,1.0,0.83403784,0.125,1.0,0.870947,0.7854357,-0.00393235781762605,0.048582964
exact-r2__f4391007a9614180b36c5a425ae726846b1ea5a6__蘑菇力__v1539__eyemask__009061a7__c0.mp4,0.9980711340904236,0.9900246858596802,0.0011387989,-0.005320534,-0.014475413,-0.009154879,0.1875,-0.0071840435,-0.010622924,-0.015614212,0.00021846404659651915,0.002539155,0.10308863967657089,0.0127611905,-0.018380865,0.08815846,0.0009895381517708302,0.106539324,0.1875,0.11532508,0.09246571,0.07539727,0.0004937780510273686,0.010523332,0.25806451612903225,0.024351895,0.020142257,0.99999994,0.9798577,0.21875,0.99999994,0.98819256,0.97564805,-0.0005060109443678377,0.00667001
exact-r1__1db18ca5323487563ceb952534de9a3b9af8d9f2__毒蘑菇__v184__coffee__25151478__c0.mp4,0.9614548087120056,0.8468421101570129,0.038532376,-0.023138762,-0.006612867,0.016525894,0.28125,0.03983867,-0.003276295,-0.045145243,0.0018047109912654857,0.026467176,0.4563964307308197,0.08468044,-0.080046415,0.43420196,0.005405593663454056,0.5142484,0.28125,0.5631491,0.45312014,0.34952152,0.005566619358454295,0.07558303,0.0967741935483871,0.22556245,0.06306672,0.9999999,0.93693316,0.0625,0.9999999,0.85751283,0.7744374,-0.0009343112843476811,0.06919192
exact-r2__4684d4e3cc283d2f82a830567f416163b041076b__粽子菇__v446__scooter__0f8c7e43__c0.mp4,0.997483491897583,0.9922328591346741,0.011967022,0.005187176,-0.020907909,-0.026095085,0.15625,-0.020781785,-0.025894571,-0.03287493,-0.00020547695949542586,0.003098172,0.09743210673332214,0.022188965,0.014055632,0.082910195,0.01720896176993847,0.06885456,0.1875,0.082910195,0.07153753,0.06072123,-0.0004549599607690838,0.0057600373,0.0,0.015772521,0.009106338,0.99999994,0.9908936,0.09375,0.99999994,0.9930247,0.9842274,-0.000288636748654386,0.0036339473
base-noprop__746da3c174acbb5da8858bffe05b68335dae3406__汉堡菇__v0__f742b2a7__c0.mp4,0.9948368668556213,0.9793463945388794,0.005704209,6.689131e-05,-0.0010106266,-0.0010775179,0.21875,0.0020588413,-0.0026493445,-0.0067148358,-5.195860797402801e-05,0.0026053025,0.10578446835279465,0.03920745,-0.04722906,0.09796833,0.012705717235803604,0.14519739,0.1875,0.15095566,0.103135124,0.05876088,0.0008404538106402709,0.02535217,0.0,0.038859487,0.0202052,0.99999994,0.97979474,0.125,0.99999994,0.9844373,0.96114045,-0.0008501486628810396,0.010157828
base-noprop__0b9d7a9da15b27871886a629df50e17677f0c915__炸虾菇__v0__23adc1a5__c0.mp4,0.9824293255805969,0.9531447887420654,0.03255859,-0.018157482,-0.023251414,-0.005093932,0.125,-0.005093932,-0.031025976,-0.055810004,0.00024123641162498885,0.009999606,0.5225903391838074,0.044587016,0.003759265,0.49002838,0.006188470870256424,0.48626912,0.09375,0.53474903,0.49156433,0.44544137,-0.00047274416755020726,0.019598175,0.25806451612903225,0.13459736,0.10885674,0.99999994,0.8911432,0.21875,0.99999994,0.93622124,0.8654026,-0.0031503769637377574,0.034124106
base-noprop__1d5a1c958b3030b64164f55cfb9fdefdf2716651__毒蘑菇__v0__5aa3164d__c0.mp4,0.995596170425415,0.9838583469390869,0.008944392,0.003261447,0.0205822,0.017320752,0.25,0.024549007,0.018136777,0.011637807,5.865278940571415e-05,0.0037541562,0.3420945703983307,0.03339678,-0.005408466,0.35805053,0.01060878112912178,0.363459,0.15625,0.3888515,0.36023134,0.32465374,3.299565543353033e-05,0.01344766,0.0,0.0327816,0.012259126,1.0,0.9877409,0.25,1.0,0.9808978,0.9672184,3.49620570185824e-05,0.009261845
generic__45160a3209fab0c464a72ff9098bde522b4e0264__爆炸菇（爆炸前）__v254__scooter__4a80b0c1__c0.mp4,0.9964452981948853,0.9876564741134644,0.008946449,0.007446468,-0.043774217,-0.051220685,0.15625,-0.041742742,-0.04812277,-0.052720666,-0.0001964912015147231,0.00282867,0.42469653487205505,0.031239003,-0.010632694,0.37420708,0.003675764426589012,0.38483977,0.21875,0.3989271,0.37657374,0.34296808,0.000670631145758016,0.014518142,0.0,0.03181368,0.015755117,1.0000001,0.984245,0.1875,1.0000001,0.98302865,0.96818644,-0.0006463323717068188,0.009455711
exact-r1__b7d6465a8b59608365b430ec044d2fd40916aca4__蘑菇力__v1146__crown__d5a033a7__c0.mp4,0.9495901465415955,0.8457237482070923,0.028047025,-0.01927349,-0.08011687,-0.06084338,0.15625,-0.057765618,-0.08097884,-0.10816389,0.0005704303384045684,0.012690058,0.37370267510414124,0.14107016,-0.015219301,0.2924255,0.0027687749825417995,0.3076448,0.15625,0.3896417,0.29272383,0.15135536,-0.0013399972577642079,0.054583654,0.22580645161290322,0.33945662,0.32588238,0.99999994,0.67411757,0.09375,0.99999994,0.7772496,0.6605433,-0.009918908121561347,0.10689193
base-noprop__3ea8cf079e959693153dd04695b6f05e21f1dca3__毒蘑菇__v0__cd5fa161__c0.mp4,0.9958558082580566,0.9847668409347534,0.0049470514,-0.0049198493,-0.068244085,-0.063324235,0.21875,-0.05547238,-0.06450476,-0.073191136,0.00022831619881049633,0.0049662716,0.11644460260868073,0.007800471,-0.0038714297,0.0383537,0.018949449062347412,0.04222513,0.28125,0.074145064,0.051939845,0.03055323,0.0010651642315996457,0.01557727,0.06451612903225806,0.066004634,0.014630556,1.0000002,0.9853697,0.1875,1.0000002,0.9691193,0.9339956,-0.001667487033563589,0.021998229
exact-r1__017c59f65cabc241c9ef5990259d488a7becfff0__爆炸菇（爆炸后）__v12__eyemask__d50d6fe5__c0.mp4,0.9763314723968506,0.8748959302902222,0.014115632,-0.03016746,-0.0047028065,0.025464654,0.21875,0.05783403,0.01863208,-0.018818438,0.0010796937152000466,0.01709032,0.4120251536369324,0.010995775,-0.08687085,0.35700005,0.018224317580461502,0.4438709,0.25,0.52634215,0.43065724,0.34600428,0.0025741224425716567,0.05010365,0.0,0.24975038,0.17082345,1.0000001,0.82917666,0.125,1.0000001,0.8571837,0.75024974,-0.004800620524327404,0.073847316
exact-r2__d1758c15bc02c270105a3d17b4eb3accdc5cee71__蘑菇力__v1300__bubble__af98eeec__c0.mp4,0.9897149205207825,0.9795189499855042,0.029263508,0.018482808,-0.025984664,-0.04446747,0.09375,-0.025352983,-0.040731758,-0.05524817,-0.0005302064877298403,0.00797205,0.05586845427751541,0.024183802,0.014422887,0.024764512,0.0125365499407053,0.010341625,0.1875,0.024764512,0.015136696,0.0005807085,-0.000526859950498866,0.006534232,0.0,0.12346625,0.06655872,1.0000001,0.9334414,0.21875,1.0000001,0.9319609,0.87653387,-0.0029199820263119823,0.03926627
exact-r1__29f679c8be6e6b658cdfb3ab8df8254b60f131e5__蘑菇力__v272__flag__86d422b6__c0.mp4,0.9705747365951538,0.9293595552444458,0.0042066053,-0.016867422,-0.05634541,-0.03947799,0.125,-0.021837503,-0.035856567,-0.060552016,0.0005092267588851552,0.009448044,0.17350566387176514,0.0,-0.071230344,0.08709102,0.002561906585469842,0.15832137,0.25,0.18444067,0.13764909,0.08709102,0.002066360798847381,0.02721995,0.0967741935483871,0.2724508,0.21800947,1.0,0.7819905,0.25,1.0,0.84706664,0.7275492,-0.00824495975223103,0.079792865
exact-r2__06fa761f552f4726608d396cd74b9485f90f0510__爆炸菇（爆炸前）__v44__crown__bb179f3c__c0.mp4,0.9913341999053955,0.971034049987793,0.017804801,0.009532183,-0.054910123,-0.06444231,0.15625,-0.044486165,-0.05779435,-0.072714925,-0.0003659076103804057,0.0061170906,0.41472718119621277,0.015587717,-0.0028024614,0.3438345,0.00191597081720829,0.34663695,0.09375,0.39981538,0.35693282,0.32824677,-0.0011453525684883058,0.021536836,0.16129032258064516,0.05092776,0.038690984,1.0000002,0.96130925,0.0625,1.0000002,0.9663614,0.9490725,-0.0008100354361219302,0.012141952
base-props__1a5e9e21aa5ab5837e37e1d632efa039b57aab7f__蘑菇力__v94__coffee__9813a98c__c0.mp4,0.9935387372970581,0.9752450585365295,0.00452891,-0.0076495707,-0.07622738,-0.06857781,0.15625,-0.06777169,-0.073371604,-0.08075629,9.026453090159671e-05,0.003606747,0.11237634718418121,0.07112647,0.0436751,0.08134489,0.0011417842470109463,0.03766979,0.09375,0.083238795,0.039004747,0.010218418,-0.0012229701752987422,0.02135965,0.2903225806451613,0.045146823,0.019360483,0.99999994,0.98063946,0.25,0.99999994,0.9749434,0.9548531,-0.0005242937077874433,0.01282792
base-noprop__1f66a501aba063a2796ee4f1f4d6082295197784__蘑菇力__v0__bfd0d9e4__c0.mp4,0.9985560774803162,0.996253490447998,0.0041770954,0.0019194391,0.01037514,0.008455701,0.21875,0.01600049,0.010240414,0.006198045,7.437258792216328e-05,0.0031999564,-0.028945161029696465,0.0051616915,0.0036977027,-0.016055325,0.01901857927441597,-0.019753028,0.09375,-0.015256878,-0.018704746,-0.021217017,8.783604310622751e-06,0.0014961009,0.0,0.010260999,0.008472383,0.99999994,0.99152756,0.0625,0.99999994,0.9927697,0.98973894,-0.00024274368483647747,0.0026498334
base-noprop__068f87e6d8c098db1a68eaff2a959baa9dd07959__蘑菇力__v0__80996da1__c0.mp4,0.9970009922981262,0.9941058158874512,0.0058991015,0.004263647,-0.0047513247,-0.009014972,0.15625,-0.0034738109,-0.007447767,-0.010650426,-0.00015587312008235118,0.0019763876,0.08288785070180893,0.021690637,0.017583705,0.08872973,0.003385002724826336,0.071146026,0.15625,0.09009262,0.07544008,0.067039095,-0.0005227368737398857,0.006123705,0.0,0.022704124,0.020416677,0.99999994,0.97958326,0.21875,0.99999994,0.9874762,0.9772958,-0.000719672456776952,0.0068437364
exact-r1__49fef35b1c962aa22fdd2b3411e53134117a62b6__毒蘑菇__v473__eyemask__fe8ce2b8__c0.mp4,0.994486391544342,0.9867104291915894,0.024457186,0.02194792,-0.056854904,-0.078802824,0.21875,-0.050896972,-0.06792719,-0.08131209,-0.0009753258538342304,0.010014451,0.2999865412712097,0.028488576,0.019315332,0.24461716,0.005053593311458826,0.22530183,0.1875,0.2482288,0.23205936,0.21612859,-0.0006435589832076154,0.009494668,0.12903225806451613,0.05674994,0.05151975,1.0,0.94848025,0.1875,1.0,0.96994823,0.94325006,-0.0018008659946079305,0.017074844
exact-r1__b656711495e9904b44ee1e7c04c210b83cd2ed74__毒蘑菇__v1134__crown__0574677e__c0.mp4,0.9783530235290527,0.9271936416625977,0.022365138,0.002150245,-0.053193986,-0.05534423,0.15625,-0.012718484,-0.05585662,-0.075559124,-0.0005790328216408541,0.012817231,0.11915502697229385,0.066989146,0.0409149,0.07371041,0.0036621226463466883,0.03279551,0.125,0.11724712,0.063298404,0.0067212638,-0.0014587676755488553,0.025261618,0.22580645161290322,0.102461815,0.099042416,1.0,0.9009576,0.15625,1.0,0.9326788,0.8975382,-0.002747984936247789,0.029542182
exact-r1__d9b45e907f3f46e26cc2c0c367c828a5ba9ab34c__汉堡菇__v1361__flag__17c31c4e__c0.mp4,0.9969667792320251,0.9892790913581848,0.004578553,-0.013688382,-0.0013303421,0.01235804,0.15625,0.025368877,0.0086898375,-0.0059088953,0.0009482258349067128,0.010470611,0.06059568375349045,0.0064465143,-0.04947138,0.04804845,0.006420813500881195,0.09751983,0.1875,0.11607392,0.06928552,0.041601937,0.0021752176746245356,0.022595186,0.0,0.060530603,0.04873407,1.0000001,0.95126605,0.28125,1.0000001,0.97434145,0.9394695,-0.0022093867582659342,0.021938974
exact-r1__55d0a552371088436d3780e0920102745a9833f1__汉堡菇__v546__scooter__2d2219a1__c0.mp4,0.9849438667297363,0.9591370224952698,0.009794749,-0.015171349,-0.006256014,0.008915335,0.15625,0.041070938,0.0037511268,-0.016050763,0.0011262965110018627,0.015200438,0.17466816306114197,0.03906002,-0.18207791,0.12691721,0.010929164476692677,0.30899513,0.125,0.31504858,0.1784193,0.087857194,0.006710906973234283,0.07031029,0.22580645161290322,0.1709618,0.1709618,1.0,0.8290382,0.1875,1.0,0.9237742,0.8290382,-0.006270961939764138,0.05918795
base-noprop__51be5b142d9021a3c446702d354fabdf42630fa9__蘑菇力__v0__a429805f__c0.mp4,0.9851424694061279,0.9560317993164062,0.0068178177,-0.010053992,0.034708917,0.04476291,0.15625,0.054106057,0.041011177,0.0278911,0.00018341704940865898,0.0053288066,0.6042123436927795,0.050160527,-0.0006017089,0.64293087,0.021229153499007225,0.6435326,0.125,0.6729822,0.6452235,0.59277034,0.0003488355936193185,0.017315518,0.0,0.082927406,0.07185346,0.9999998,0.92814636,0.1875,0.9999998,0.95940745,0.9170724,-0.0018704738194816493,0.019132592
exact-r1__c14746cc7fb4e3b79deb72aaeea20c288e6ac46f__爆炸菇（爆炸前）__v1205__coffee__60eb71a2__c0.mp4,0.9544270634651184,0.8699530363082886,0.019683778,0.012804985,-0.026740074,-0.03954506,0.21875,-0.0185557,-0.030730134,-0.046423852,-0.0004449776343760955,0.006744786,0.4772501587867737,0.055217236,-0.10898134,0.4241108,0.0033330311998724937,0.53309214,0.21875,0.5433221,0.44652003,0.36889356,0.0049825671273679775,0.056922093,0.2903225806451613,0.15006077,0.10355008,1.0000001,0.89645004,0.21875,1.0000001,0.9144288,0.84993935,-0.003574265675111226,0.039956775
base-props__cb05660c4b262902ff02becd82b2bbb621c9edbf__吐司菇__v791__eyemask__d3393fa2__c0.mp4,0.9992126226425171,0.9967922568321228,0.0031252727,0.00075254217,-0.0129813105,-0.013733853,0.15625,-0.009030491,-0.0120186545,-0.016106583,-6.10155684332695e-05,0.001842933,0.07669520378112793,0.009172857,0.008871142,0.06957498,0.0008124030428007245,0.06070384,0.21875,0.069899626,0.06467656,0.060402125,-0.0002491818809242698,0.0028842655,0.0967741935483871,0.013522148,0.012490094,1.0,0.9875099,0.03125,1.0,0.990637,0.98647785,-0.0003646393129028361,0.0038049433
base-noprop__45ec56f5f20bca20bb45a07b0652cb24f9a8a27f__蘑菇力__v0__f2e75d8c__c0.mp4,0.9952254891395569,0.9667615294456482,0.026291318,0.005962357,-0.01947841,-0.025440767,0.21875,-0.013477325,-0.025307817,-0.04576973,0.00042696549868500563,0.009001832,0.09628786146640778,0.02205757,0.006122604,0.07450749,0.0026234944816678762,0.068384886,0.1875,0.086646765,0.07098004,0.05244992,3.51514425565704e-05,0.0070139156,0.06451612903225806,0.057491302,0.008543432,0.99999994,0.9914565,0.15625,0.99999994,0.98552155,0.94250864,0.0005119436275749453,0.01517646
exact-r1__38b58dfa04037a8d4c73a738d8fd4058766e8609__粽子菇__v370__flag__4e1cd0d3__c0.mp4,0.9806836247444153,0.9147223830223083,0.011295378,0.008920729,0.0102160275,0.0012952983,0.25,0.023714423,0.01177617,-0.0010793507,-0.00016476133909305838,0.007924401,0.22956837713718414,0.0687145,0.044424593,0.23119104,0.003413974307477474,0.18676645,0.15625,0.3734014,0.24134454,0.16247654,-0.0021430743322912458,0.045568585,0.22580645161290322,0.20664752,0.14365381,1.0,0.8563462,0.09375,1.0,0.87140656,0.7933525,-0.0028869703608698635,0.058946382
exact-r2__24fd5a5b571589bad02d82bc90600f51cc7bcb81__汉堡菇__v233__eyemask__dfe13e5a__c0.mp4,0.9970065355300903,0.9918532371520996,0.0,-0.020335183,-0.0055748597,0.014760323,0.15625,0.021951057,0.009906568,-0.0055748597,0.0006546064490272152,0.007688953,0.0728885754942894,0.002012819,-0.0094512105,0.07421081,0.02282967045903206,0.08366202,0.15625,0.099833414,0.08279514,0.07219799,0.0005273835356634049,0.008044182,0.0,0.03188312,0.025365055,1.0,0.97463495,0.09375,1.0,0.9811174,0.9681169,-0.0009336197568523997,0.0095762415
exact-r1__986d912c264847e31c8f18a969d28d6c5bfafc3a__毒蘑菇__v943__bubble__ecab9665__c0.mp4,0.9949560761451721,0.9758807420730591,0.007500261,0.007500261,-0.027366556,-0.034866817,0.09375,-0.014782872,-0.027143814,-0.034866817,0.0002285755489327423,0.0045081372,0.032173048704862595,0.010835707,-0.0013409224,0.005796175,0.0037749437615275383,0.0071370974,0.1875,0.019558577,0.005029233,-0.0050395317,0.0004186553716404523,0.006618865,0.03225806451612903,0.034182668,0.024850845,1.0,0.97514915,0.21875,1.0,0.9870087,0.96581733,-0.0010775852172780031,0.011643972
exact-r2__929b65b28d7fc5f68d6f799d9d758150e4b1155d__爆炸菇（爆炸前）__v914__flag__3302281d__c0.mp4,0.993021547794342,0.9803192615509033,0.012071952,0.0087491125,-0.012283534,-0.021032646,0.15625,-0.011465907,-0.017734375,-0.024355486,-0.0003452601916323311,0.003918521,0.239890918135643,0.05081363,0.04602827,0.23001516,0.008356895297765732,0.18398689,0.28125,0.26747322,0.22215655,0.17920153,-0.0018379409084659122,0.02543424,0.0,0.04859078,0.04472047,0.9999999,0.9552794,0.21875,0.9999999,0.9750792,0.9514091,-0.0017307784484802947,0.016872004
base-noprop__556de27b0d0679c58d037153bf13f376557bb4da__汉堡菇__v0__b936b058__c0.mp4,0.9972737431526184,0.9873930811882019,0.00066515803,-0.011106856,-0.046582714,-0.035475858,0.1875,-0.030704163,-0.040829234,-0.04724787,0.00033384376912871976,0.0040859473,0.1552138477563858,0.03520395,0.016388334,0.13228744,0.01036151684820652,0.11589911,0.1875,0.13506238,0.114384614,0.097083494,-0.000195809645452629,0.009019861,0.0,0.02314657,0.022229373,1.0000002,0.97777086,0.3125,1.0000002,0.985723,0.97685367,-0.0006879272698656624,0.0066785086
exact-r1__92d7bb39237f675b3076e7ae79f0ec800ee34bfd__爆炸菇（爆炸前）__v915__flag__4d32b5b8__c0.mp4,0.9787001013755798,0.9478336572647095,0.024038285,0.01844579,-0.0033108294,-0.02175662,0.21875,0.0031042397,-0.011875193,-0.027349114,-0.0006305702260075425,0.0087223165,0.4607451558113098,0.058949113,0.023675442,0.46758908,0.004469250328838825,0.44391364,0.25,0.4955385,0.44886994,0.40863997,-0.0004995846383470107,0.021185586,0.0967741935483871,0.1205591,0.084739804,1.0,0.9152602,0.1875,1.0,0.9332937,0.8794409,-0.0025687868491120784,0.02963277
exact-r1__923dbea1c7a98f5a1ad632836be7e11ba23c900a__粽子菇__v906__crown__27970c94__c0.mp4,0.9902635216712952,0.9469774961471558,0.0008941218,-0.009303629,-0.044260293,-0.034956664,0.15625,-0.0072986335,-0.035621516,-0.045154415,0.0005445887336010364,0.008548795,0.07462798804044724,0.02411111,0.010430284,0.045056067,0.007714167237281799,0.034625784,0.0625,0.088311836,0.03900647,0.020944957,-0.0003560243991730702,0.014247527,0.0967741935483871,0.0856992,0.03655374,1.0000002,0.9634465,0.09375,1.0000002,0.9743167,0.91430104,-0.001739951009012722,0.019814663
generic__546296f7917ec182336f629d3d0c02436cb741ca__汉堡菇__v315__scooter__5d2f2681__c0.mp4,0.9993623495101929,0.9984108209609985,0.0037902342,0.0017333413,-0.011081903,-0.0128152445,0.1875,-0.011081903,-0.012926064,-0.014872137,3.58031396248484e-07,0.00094411167,0.011969031766057014,0.007376303,0.0061963713,0.00356003,0.008210479281842709,-0.0026363414,0.09375,0.00356003,-0.0009570322,-0.003816273,-2.1211357781789188e-05,0.0017568129,0.0,0.009083688,0.005087316,0.99999994,0.9949126,0.15625,0.99999994,0.994398,0.99091625,-9.309067841496035e-05,0.0018605513
base-props__da845ee71f9cb9c51804ea9e81d440cd088d2805__汉堡菇__v845__bubble__4b8aea7d__c0.mp4,0.9932816624641418,0.9567616581916809,0.03071329,0.006528288,0.0061594546,-0.00036883354,0.3125,0.013671517,-0.0064314064,-0.024553835,7.470787838756837e-05,0.012621158,0.41896194219589233,0.04756275,-0.0167903,0.4241301,0.03221837431192398,0.4409204,0.25,0.45270592,0.41253057,0.37656736,0.0008150796812912646,0.024515195,0.0,0.068882346,0.021134734,1.0000002,0.9788655,0.28125,1.0000002,0.9673125,0.9311179,-3.869566094138586e-05,0.024134504
exact-r2__3550d4d593884e660092f1bb1c9c8c880eb3e04f__吐司菇__v353__glasses__368117e2__c0.mp4,0.9167594313621521,0.7245962619781494,0.01996082,0.0012357235,-0.050409794,-0.051645517,0.15625,-0.024632633,-0.05034764,-0.070370615,0.0003902080914011075,0.011495955,0.3484199047088623,0.11381316,-0.013586342,0.3208502,0.01065840944647789,0.33443654,0.21875,0.36065838,0.29807222,0.20703703,1.967766887544758e-05,0.036795158,0.25806451612903225,0.53744686,0.531321,1.0,0.468679,0.25,1.0,0.7348813,0.46255317,-0.019822737802901554,0.18568699
exact-r1__d23c24b9a061ce56500b538bf57e52a7a8356d7d__炸虾菇__v1306__crown__14945331__c0.mp4,0.9636634588241577,0.8515459299087524,0.023908466,0.012406796,-0.04748732,-0.059894115,0.15625,-0.03198558,-0.051921807,-0.071395785,-0.0005848868217461285,0.010238554,0.5191504955291748,0.27299434,0.24383655,0.5479069,0.008870704099535942,0.30407032,0.21875,0.57199955,0.46722868,0.27491254,-0.00845999321476978,0.089906015,0.0,0.37395167,0.3099538,1.0,0.6900462,0.21875,1.0,0.8565512,0.6260483,-0.010613620630806822,0.10708523
exact-r1__7c8a526968954350424479b1f22cb0375632bc6e__炸虾菇__v775__glasses__253cc752__c0.mp4,0.9925996661186218,0.973832368850708,0.008172244,0.0024635792,-0.004326135,-0.006789714,0.09375,0.0020209253,-0.0042304276,-0.012498379,-0.00019944544958054494,0.0033829957,0.28683164715766907,0.046510756,0.046510756,0.3084477,0.008445005863904953,0.26193693,0.21875,0.31834465,0.28260124,0.26193693,-0.001558078360085605,0.016656581,0.0,0.05151993,0.047418952,1.0,0.95258105,0.1875,1.0,0.96881455,0.94848007,-0.001622200121453048,0.016265502
base-noprop__cd19e3a058e1dc2909d79dd0b89fd5e5cf73511a__爆炸菇（爆炸前）__v0__b7bfe665__c0.mp4,0.990974485874176,0.9776580929756165,0.008273959,-0.0022921562,0.0049325824,0.0072247386,0.1875,0.015366316,0.0051468853,-0.0033413768,5.7017731089745925e-05,0.0042832065,0.5957499742507935,0.095419645,0.015954554,0.63570464,0.005696572363376617,0.6197501,0.25,0.6401332,0.60089684,0.540285,-0.0004461463704661441,0.03045795,0.0,0.08053589,0.00802511,1.0000001,0.991975,0.25,1.0000001,0.96752286,0.91946423,-0.0004361620243867916,0.025952002
base-noprop__b281dc2a1f8e99821ca80a015d7a15c12c8925f9__爆炸菇（爆炸前）__v0__ef6e2ca1__c0.mp4,0.9867172241210938,0.9538933634757996,0.03606075,0.010149062,0.015773833,0.005624771,0.21875,0.015773833,-0.00064757094,-0.020286918,-0.0005238797089571125,0.010376527,0.618499755859375,0.09695834,0.0707193,0.61928135,0.012202627956867218,0.54856205,0.125,0.6796471,0.6178522,0.522323,-0.0018569061155717488,0.03881793,0.0,0.08784652,0.03843081,1.0,0.9615692,0.28125,1.0,0.94993705,0.9121535,-0.0013856094581814822,0.025794635
exact-r1__49b4745c3f3ae2c858204bfef37fd2132cb50200__毒蘑菇__v469__eyemask__ae7a9e1d__c0.mp4,0.9953396916389465,0.9826623797416687,0.0013186336,-0.011853814,-0.016311139,-0.0044573247,0.1875,-0.0018436909,-0.009385215,-0.017629772,0.00028119665567825924,0.0040082377,0.44140177965164185,0.03822142,0.03822142,0.45229393,0.010263334959745407,0.4140725,0.15625,0.456391,0.43201655,0.4140725,-0.0005924370019666506,0.011588341,0.0,0.040346146,0.033388555,0.9999999,0.9666113,0.09375,0.9999999,0.9715655,0.95965374,-0.0005213876754657123,0.010167687
base-props__a4ef5a0703d7e77492a6724ff679670b2cb37512__粽子菇__v671__glasses__abfa9230__c0.mp4,0.9991010427474976,0.9953575134277344,0.0026460774,0.0006731488,-0.061755802,-0.06242895,0.03125,-0.055198908,-0.061669987,-0.06440188,-0.00011787355175553349,0.0017887421,0.11053833365440369,0.0,-0.002592411,0.043389026,0.04643480107188225,0.045981437,0.25,0.052206166,0.04886835,0.043389026,0.00015201449702846218,0.0026345546,0.0,0.016652942,0.0137883425,1.0000002,0.9862119,0.0,1.0000002,0.9884424,0.9833473,-0.0004701906066835636,0.005899991
exact-r1__32dd046cc33c87913a63ceb3d332e99d5929fcfb__爆炸菇（爆炸后）__v338__coffee__b1adb7ff__c0.mp4,0.9406108856201172,0.8450454473495483,0.0047623515,-0.021077484,0.04265508,0.063732564,0.1875,0.091299295,0.059307095,0.03789273,-0.000419009618919964,0.013777069,0.41269299387931824,0.07466242,-0.04365003,0.45486772,0.011587546207010746,0.49851775,0.125,0.5459337,0.47200012,0.3802053,-0.001355534157226847,0.043013185,0.16129032258064516,0.19810617,0.11667186,1.0,0.88332814,0.15625,1.0,0.8783677,0.80189383,-0.003018087458925136,0.048859227
generic__9b466919eda610e8c73a0bd5a77aa817123053da__粽子菇__v629__scooter__ee29ce26__c0.mp4,0.9936901926994324,0.9577847719192505,0.003458202,-0.004818663,0.014195815,0.019014478,0.125,0.034402728,0.022525286,0.010737613,0.00022340891473104557,0.0060861614,0.19370442628860474,0.010149628,-0.01977858,0.19707206,0.0021214019507169724,0.21685064,0.1875,0.24487239,0.2162297,0.18692243,0.0005805830053351564,0.014756005,0.12903225806451613,0.042328298,0.016580164,1.0,0.98341984,0.25,1.0,0.97503185,0.9576717,-0.0007588238594643587,0.013531519
exact-r2__f098f956c8048e901cfef55e3a9c2c1ae2f2ea2b__爆炸菇（爆炸前）__v1512__scooter__23c2e1b2__c0.mp4,0.9761319756507874,0.9284638166427612,0.012946144,0.012148336,-0.05321236,-0.065360695,0.21875,-0.048466057,-0.058402102,-0.0661585,-9.218780078059537e-05,0.00484266,0.26112207770347595,0.041231647,0.010608122,0.20638107,0.006920019630342722,0.19577295,0.1875,0.24489403,0.20271996,0.16514942,0.0006020232417847413,0.020443525,0.0,0.13105571,0.070233226,1.0000001,0.9297669,0.15625,1.0000001,0.92036223,0.8689444,-0.0010124492265087043,0.025733644
exact-r2__5dd0b25b8d1b4b0a6283fcc5a61e4dd4413e42f8__吐司菇__v588__scooter__ae43ea86__c0.mp4,0.9713448286056519,0.9363260269165039,0.011525929,-0.014645547,-0.03957209,-0.024926543,0.21875,-0.013413817,-0.029907411,-0.05109802,0.0005575745063355933,0.009272613,0.43319329619407654,0.06853393,0.0044748783,0.41816184,0.009152553044259548,0.41368696,0.21875,0.46015576,0.4032859,0.3496279,0.00048349979074121434,0.025297498,0.0967741935483871,0.24105197,0.1609708,1.0000001,0.8390293,0.125,1.0000001,0.8744916,0.75894815,-0.004805183480561971,0.061410382
exact-r2__48c861a729f66f679642de5c029313df7a318d4d__粽子菇__v464__scooter__b6246b54__c0.mp4,0.959538996219635,0.87754225730896,0.0055841208,-0.07720967,-0.018775389,0.058434278,0.21875,0.07397658,0.018736597,-0.02435951,0.0032274392692923882,0.032402337,0.28613629937171936,0.020674229,-0.3751729,0.14776058,0.006383772473782301,0.5229335,0.09375,0.5548368,0.30487287,0.12708636,0.016245456731979274,0.16028164,0.22580645161290322,0.5618751,0.5063527,0.99999994,0.49364722,0.28125,0.99999994,0.7589103,0.43812484,-0.021275257680816357,0.2046268
base-noprop__f1dad7bb3456b35de8ced7c8026630284b2a0358__炸虾菇__v0__68253e8b__c0.mp4,0.9951688647270203,0.9785321950912476,0.012941062,0.0024976134,-0.08570552,-0.08820313,0.15625,-0.08217743,-0.08924235,-0.09864658,1.4437187758008059e-05,0.0037262456,0.3277444839477539,0.032709897,0.010828704,0.25226507,0.002040085382759571,0.24143636,0.25,0.25415775,0.23850213,0.21955517,-0.00014572721684782237,0.01004398,0.22580645161290322,0.034875214,0.0039693117,0.99999994,0.9960306,0.125,0.99999994,0.98875445,0.9651247,-9.455091573973469e-05,0.0075831315
exact-r2__55c78bf255f3a7b815fa63ec2b487f670c474c05__汉堡菇__v544__scooter__f9fb3109__c0.mp4,0.9948597550392151,0.9788705706596375,0.009497959,-0.008055087,-0.04134654,-0.03329145,0.1875,-0.027616106,-0.038928162,-0.050844498,0.0004675957146223595,0.006365823,0.07695818692445755,0.012421811,-0.038376432,0.02520493,0.00262718228623271,0.06358136,0.15625,0.07260929,0.03803003,0.012783119,0.0016610357882058972,0.018397441,0.3225806451612903,0.07505256,0.07505256,1.0,0.92494744,0.3125,1.0,0.9637859,0.92494744,-0.002999985443094929,0.029403655
base-noprop__3bebabbc637c0e47cdac3a89bb497c6c48ee197b__吐司菇__v0__50a6d591__c0.mp4,0.9955742359161377,0.9741742014884949,0.0075653195,-7.754564e-05,-0.039754927,-0.03967738,0.125,-0.023912668,-0.03676225,-0.047320247,-0.00031413814965144016,0.0071120677,0.31935545802116394,0.056999907,0.02414602,0.3027798,0.0022653057239949703,0.27863377,0.21875,0.3027798,0.2825932,0.24577989,0.0002714591210058101,0.017967341,0.06451612903225806,0.033418655,0.0085321665,1.0,0.99146783,0.15625,1.0,0.97989947,0.96658134,-0.00026126758706183375,0.011499593
exact-r2__ba251ea3d223905682930bef46247c2d3538af06__粽子菇__v1161__eyemask__c6bc1f91__c0.mp4,0.9898021221160889,0.9617443084716797,0.023962826,0.0070080757,0.06662691,0.05961883,0.125,0.096923366,0.068306156,0.04266408,-0.00019857497432451877,0.0111941155,0.2428193986415863,0.14723764,0.11816019,0.38106447,0.03465275466442108,0.2629043,0.15625,0.38837287,0.31112555,0.23382683,-0.00463840950422447,0.04917455,0.0,0.20179069,0.1997292,1.0,0.8002708,0.3125,1.0,0.8798969,0.7982093,-0.007273286744908474,0.0693966
exact-r2__25242e2c4e978686c1ab0fd42607be6ef25ff215__汉堡菇__v235__eyemask__02246e97__c0.mp4,0.9733259081840515,0.9083490967750549,0.070283756,0.025646955,-0.0222193,-0.047866255,0.1875,-0.0222193,-0.056811452,-0.092503056,0.0002038894860276012,0.018763622,0.11884462833404541,0.091361806,0.023733698,0.09910421,0.006321649067103863,0.07537051,0.125,0.11595102,0.062033173,0.007742405,0.0013057190052280067,0.030754626,0.25806451612903225,0.44278103,0.37994385,1.0000001,0.6200563,0.09375,1.0000001,0.7112566,0.5572191,-0.011879458979777203,0.12366468
base-props__11126af44460c58b95d533978e0cf55f002fe629__吐司菇__v66__bubble__f564ca5a__c0.mp4,0.9584994912147522,0.8865516185760498,0.015947223,-0.018298388,-0.053598642,-0.035300255,0.15625,-0.035300255,-0.059954904,-0.069545865,0.00030822447252588014,0.00783456,0.30271992087364197,0.0079751015,-0.109672114,0.15851481,0.007629190105944872,0.26818693,0.21875,0.31963438,0.24276501,0.15053971,0.0037129154303206765,0.049444888,0.0,0.2535118,0.22002137,0.9999999,0.7799785,0.1875,0.9999999,0.85944074,0.7464881,-0.005192583454144643,0.062746786
exact-r1__08bc0b380cf865761826977b4c950791f2b66856__爆炸菇（爆炸前）__v52__crown__f7b25bfe__c0.mp4,0.9456506371498108,0.7261271476745605,0.024827361,0.009361237,-0.024820954,-0.03418219,0.15625,0.0046600103,-0.02401695,-0.049648315,-0.0007589462095778708,0.014969182,0.5153999924659729,0.035026014,-0.10840008,0.4150776,0.0070023443549871445,0.5234777,0.25,0.5715121,0.49138302,0.38005158,0.0012597695888836799,0.05851191,0.0,0.46196473,0.31484652,1.0,0.6851535,0.09375,1.0,0.73326164,0.5380353,-0.008685994827764804,0.10891034
generic__abd3eebc0d8afd79024fb49f40a8b92321223c19__汉堡菇__v686__eyemask__ac9a2e26__c0.mp4,0.9736844897270203,0.9170829057693481,0.0060306787,-0.012209207,-0.006861925,0.0053472817,0.0625,0.06097722,0.014055316,-0.012892604,0.0016297962341752562,0.025539579,0.34121257066726685,0.0886904,-0.028224796,0.36142528,0.02987203747034073,0.38965008,0.125,0.40706703,0.35526788,0.27273488,0.0003633154419597719,0.029118728,0.0,0.2023601,0.033447027,1.0,0.966553,0.21875,1.0,0.94033253,0.7976399,-0.0028607667453827076,0.05074563
base-noprop__0ede95135255948bd4b4397d3ea7c6890ffbbb52__毒蘑菇__v0__a0cb27d9__c0.mp4,0.9758411049842834,0.9211537837982178,0.04144627,-0.0075052977,0.08347154,0.090976834,0.15625,0.09513271,0.07313037,0.042025268,-0.00037241904092324236,0.014381198,0.645581841468811,0.19137019,0.0109725,0.79890966,0.0042123254388570786,0.78793716,0.1875,0.8158223,0.71871215,0.6075395,-0.0026195981373185497,0.07510832,0.22580645161290322,0.20085746,0.01828909,1.0,0.9817109,0.1875,1.0,0.896207,0.79914254,-0.0020677954220701617,0.07569023
exact-r1__4684d4e3cc283d2f82a830567f416163b041076b__爆炸菇（爆炸后）__v446__glasses__bf74e4b6__c0.mp4,0.9888479709625244,0.9578204154968262,0.0105161965,-0.010582179,-0.00537017,0.005212009,0.21875,0.0071003437,-0.0032912148,-0.015886366,0.00045195379761481876,0.006407098,0.3259759843349457,0.024322242,0.0028131604,0.3066656,0.029215559363365173,0.30385244,0.125,0.36071074,0.3226848,0.28234336,-0.0007131992678138753,0.019478697,0.0,0.1035738,0.074390054,1.0,0.92560995,0.3125,1.0,0.95878255,0.8964262,-0.002934749109828894,0.029974977
exact-r1__b8e0b9755a51b36875a1ff8ee869e25c5e0b23ff__蘑菇力__v1153__crown__9e2adf71__c0.mp4,0.9881899356842041,0.9425303936004639,0.006203234,0.0026711524,-0.025475442,-0.028146595,0.25,-0.012942076,-0.023410194,-0.031678677,-0.0002664535953676949,0.004532777,0.37005940079689026,0.045742333,0.03340873,0.35383314,0.023326905444264412,0.3204244,0.15625,0.40384737,0.34664923,0.3080908,-0.0012016015897485812,0.02265043,0.0,0.09815574,0.0357787,1.0,0.9642213,0.125,1.0,0.96531165,0.90184426,-0.001241561571611316,0.022124292
exact-r1__26d75a46f6b5232a06d19848323a502357164e90__蘑菇力__v257__flag__c56eb3e3__c0.mp4,0.9817465543746948,0.9470036029815674,0.008420885,-0.025221825,-0.0018566251,0.0233652,0.03125,0.0233652,-0.0017953366,-0.01027751,0.0003358858946131818,0.0070043816,0.60480797290802,0.07527131,0.034935534,0.6328873,0.019880002364516258,0.59795177,0.15625,0.6372596,0.6030126,0.557616,-0.001700590356441519,0.021042855,0.0,0.13528168,0.13101685,1.0,0.86898315,0.15625,1.0,0.93839884,0.8647183,-0.004010404659506141,0.038242165
exact-r1__9246f4c2cfaf94dbb9aaf761e9ed5784d548c111__粽子菇__v908__crown__619a8663__c0.mp4,0.9339655041694641,0.6210665702819824,0.00544329,-0.11083831,-0.0010923296,0.10974598,0.15625,0.1511966,0.06531242,-0.0065356195,0.004291396620860897,0.047731303,0.32319003343582153,0.013014063,-0.47693157,0.15572335,0.0231593307107687,0.6326549,0.3125,0.6461299,0.38850245,0.14270929,0.020323691217780458,0.2032386,0.12903225806451613,0.7272698,0.70853376,1.0,0.29146627,0.25,1.0,0.6310051,0.27273017,-0.03113822298140816,0.3120557
exact-r1__d002e5583f41453bb83d542e6e3c5c3cb84670c8__蘑菇力__v1292__bubble__eaf7d752__c0.mp4,0.9693073034286499,0.761633038520813,0.021462917,0.0046267807,-0.016563773,-0.021190554,0.1875,-0.014870107,-0.025532376,-0.03802669,-0.0001994331375507324,0.0057653156,0.49337315559387207,0.17210081,0.12980449,0.55915034,0.005962724797427654,0.42934585,0.125,0.5747481,0.4678408,0.38704953,-0.0004780687380833224,0.043293152,0.0,0.2851205,0.17703295,1.0,0.82296705,0.15625,1.0,0.86226195,0.7148795,0.0016194410469175565,0.06243798
generic__73ec88107c787002c08c3232085b5837e0a0a553__炸虾菇__v449__bubble__8ebbfab5__c0.mp4,0.997323215007782,0.9945931434631348,0.008774355,0.004873369,-0.017563157,-0.022436526,0.15625,-0.014981482,-0.021776946,-0.026337512,-0.00010944196416332806,0.0023862685,0.03312832862138748,0.018795354,0.010858115,0.021252215,0.020251881331205368,0.0103941,0.15625,0.025250044,0.011351382,0.0024568606,-0.00022684275534528336,0.0056772265,0.0,0.01730609,0.012216806,1.0000001,0.9877833,0.15625,1.0000001,0.98892117,0.98269403,-0.0002506066911206261,0.0045189844
exact-r2__95661968e66f7e80c1cfe770235df4b395dab410__毒蘑菇__v930__bubble__db7364e2__c0.mp4,0.9828084111213684,0.9004493951797485,0.011761263,-0.008955598,-0.073145434,-0.06418984,0.1875,-0.05395657,-0.06952424,-0.0849067,0.0006133155771626743,0.008224896,0.0802348330616951,0.0024993923,-0.023912326,-0.0008337982,0.0033108703792095184,0.023078527,0.21875,0.023078527,0.010710588,-0.0033331905,0.0005306750623020412,0.007368561,0.25806451612903225,0.21796852,0.07553804,0.99999994,0.9244619,0.15625,0.99999994,0.8867708,0.7820314,-0.0038366683504797877,0.056910083
exact-r2__fa8822b451db86406868163ad6abd81635c99e4c__爆炸菇（爆炸前）__v1579__bubble__a2820fb2__c0.mp4,0.9911585450172424,0.9744096994400024,0.014663212,0.0026489198,-0.03772475,-0.040373668,0.09375,-0.0325066,-0.041418757,-0.05238796,1.2542655052413772e-05,0.0037513725,0.12783823907375336,0.024264552,-0.007165149,0.084001794,0.00938347540795803,0.09116694,0.09375,0.09901147,0.08641948,0.059737243,0.00038714739808108216,0.0076863957,0.0,0.06556684,0.007868171,0.9999999,0.9921317,0.15625,0.9999999,0.9780822,0.93443304,0.00023161370820666118,0.017886361
exact-r1__34e339919ebe42baea42c17116629a6037829046__吐司菇__v351__glasses__5c5de906__c0.mp4,0.9675009846687317,0.8510839939117432,0.02643019,0.0071546435,-0.020020962,-0.027175605,0.0625,-0.0002695918,-0.023990845,-0.04645115,-0.0002982428739846983,0.008980368,0.5191984176635742,0.06158489,0.032706916,0.5161984,0.014857669360935688,0.48349148,0.0625,0.5632904,0.49520755,0.4546135,-0.0012050364548859315,0.02651726,0.0,0.146667,0.1320526,1.0,0.8679474,0.0,1.0,0.89273596,0.853333,-0.0036949058694223996,0.040994585
generic__2a80b5bbf9bfc43cc9607c64804c1876ee75a6f2__吐司菇__v145__flag__d497fcd1__c0.mp4,0.9954094290733337,0.9591240286827087,0.011366889,-0.012220025,-0.06373207,-0.051512048,0.15625,-0.051191047,-0.056897648,-0.07509896,0.0004759484347600552,0.0052142297,0.2426317036151886,0.011391975,-0.07763897,0.13508722,0.02126850001513958,0.21272619,0.15625,0.21292815,0.18573406,0.12369525,0.002308446852506697,0.02463206,0.03225806451612903,0.06333506,0.06297898,0.9999999,0.9370209,0.0,0.9999999,0.95536745,0.9366648,-0.001867351589227343,0.020012721
base-noprop__50ad428af3b86412de8a648a8194cebfd6685400__炸虾菇__v0__628e1d4b__c0.mp4,0.9894455671310425,0.9560312628746033,4.4316053e-05,-0.00022509694,0.0059395134,0.0061646104,0.25,0.014183342,0.008472009,0.0058951974,-4.0337148387410944e-05,0.002117932,0.3671475052833557,0.042246312,0.030028015,0.39784172,0.0048630209639668465,0.3678137,0.15625,0.39784172,0.3756195,0.3555954,-0.00046593031662998875,0.011566989,0.1935483870967742,0.07504058,0.015388131,1.0,0.98461187,0.15625,1.0,0.970095,0.9249594,-0.0002812341052241156,0.019721169
exact-r2__1d10d72beff724875190e76c7f3249168d25a97a__毒蘑菇__v177__coffee__2132b6bd__c0.mp4,0.9702636003494263,0.8995492458343506,0.034576833,0.008180857,0.033658028,0.025477171,0.15625,0.05307114,0.025007224,-0.0009188056,0.00044821278134748766,0.015333382,0.5564427375793457,0.03420657,-0.043132305,0.5675036,0.0050478726625442505,0.6106359,0.1875,0.6521894,0.58145,0.533297,0.002226263940159535,0.03383421,0.25806451612903225,0.10679138,0.05819875,0.9999999,0.94180113,0.21875,0.9999999,0.9451401,0.8932085,-0.0026982870400825685,0.030831844
base-noprop__3e0263de42d2cb0db2374a5b45278fcc7a471c0b__蘑菇力__v0__de7b3c77__c0.mp4,0.9862295985221863,0.9494051933288574,0.028417885,0.019831479,0.050650895,0.030819416,0.125,0.050650895,0.033856213,0.02223301,-0.0007173270205598411,0.008663938,0.6877355575561523,0.0,-0.08924252,0.6724379,0.007052762433886528,0.7616804,0.21875,0.7616804,0.7215917,0.6724379,0.0015387025462392733,0.026839443,0.0967741935483871,0.13715261,0.11953187,1.0,0.88046813,0.09375,1.0,0.9102145,0.8628474,-0.0038920757947953654,0.042399414
exact-r1__4750d9b5e622a065f63c02791c5880240fb4ec9a__粽子菇__v455__scooter__8a130adf__c0.mp4,0.9452296495437622,0.7444053888320923,0.069003016,0.0031670928,0.021547973,0.01838088,0.09375,0.06233862,0.017903907,-0.047455043,-0.0004378508795544364,0.020563351,0.29368656873703003,0.30289254,-0.036616266,0.39233115,0.019742725417017937,0.42894742,0.28125,0.42990097,0.3115905,0.08943862,-0.00010462985251130701,0.10769216,0.22580645161290322,0.43754387,0.056684136,1.0,0.94331586,0.25,1.0,0.8421275,0.56245613,-0.003783714725387393,0.15193866
exact-r1__c29266a464fea2ac37a8605daf8044b752a1f624__爆炸菇（爆炸前）__v1215__coffee__6da6266c__c0.mp4,0.9741161465644836,0.8704044818878174,0.03187242,0.01683122,-0.0017165244,-0.018547744,0.25,0.000474751,-0.014075601,-0.033588946,-0.0007638356694815097,0.011770315,0.3746020495891571,0.025186062,-0.18650296,0.2778941,0.0025743357837200165,0.46439707,0.1875,0.4768946,0.36052644,0.25270805,0.008601174572389852,0.090098076,0.12903225806451613,0.26120818,0.22780132,1.0,0.7721987,0.28125,1.0,0.8776381,0.7387918,-0.010241908007615435,0.107297435
exact-r1__95270fa777a6a5cb99054cf707304be40d56acb6__毒蘑菇__v928__bubble__f5d68233__c0.mp4,0.9926770925521851,0.9360476136207581,0.0024915598,-0.0067590214,-0.016560681,-0.00980166,0.03125,0.0015315674,-0.013223179,-0.019052241,0.00022906105220454377,0.004230417,0.02165066823363304,0.004631629,-0.0059457934,0.006587184,0.0009285224950872362,0.012532977,0.15625,0.021005316,0.008427488,0.0019555548,0.0002690950086643467,0.004316478,0.3225806451612903,0.07887471,0.043530583,1.0000001,0.95646954,0.21875,1.0000001,0.9816318,0.9211254,-0.0018365633321647144,0.022579683
exact-r2__0482215a70d10901557fd35bdf33f91d111c8bcb__粽子菇__v30__coffee__d4ee31e5__c0.mp4,0.981235921382904,0.9405510425567627,0.024933442,-0.0074326247,0.04961483,0.057047457,0.1875,0.063636035,0.044115607,0.02468139,0.0003640217859505567,0.009909704,0.2428070455789566,0.044873387,-0.062006682,0.2714482,0.007579917088150978,0.33345488,0.125,0.36657313,0.28692266,0.22657481,0.002777542785094113,0.03546614,0.0,0.0821197,0.052060366,1.0000002,0.9479399,0.09375,1.0000002,0.9552537,0.91788054,-0.0017037783418932017,0.023374172
exact-r1__79338d48a690fd016313c198f04a3dc484b6e14f__毒蘑菇__v755__flag__ebd0d94e__c0.mp4,0.995144784450531,0.9774870872497559,0.010371998,0.0011110157,-0.061582312,-0.06269333,0.25,-0.056511417,-0.06556826,-0.07195431,7.281950306245559e-05,0.004933106,0.23852825164794922,0.061025128,0.04909292,0.21375252,0.004878050647675991,0.1646596,0.0625,0.2144435,0.17295998,0.1527274,-0.001690780910556787,0.019908719,0.12903225806451613,0.09706783,0.09706783,1.0,0.90293217,0.0,1.0,0.93504715,0.90293217,-0.003559092851765327,0.03775864
exact-r2__ef3bed0365ebd4b143e559e9f65fdd3902b7cb46__爆炸菇（爆炸前）__v1501__scooter__163de21a__c0.mp4,0.9848554134368896,0.8791489601135254,0.0,-0.009592798,-0.032406982,-0.022814184,0.25,-0.012624107,-0.02302481,-0.032406982,0.0005016615074892626,0.006293699,0.10862589627504349,0.0,-0.15237641,0.017147366,0.013327229768037796,0.16952378,0.25,0.16952378,0.08560108,0.017147366,0.005956071458997264,0.05812488,0.0,0.563118,0.55574906,1.0,0.4442509,0.40625,1.0,0.73417556,0.43688202,-0.02479686223167126,0.24637707
base-noprop__2c164d8e794e57d3dbeecb7a01572c433d3d03f3__吐司菇__v0__8db8e628__c0.mp4,0.9901083707809448,0.9691629409790039,0.009594291,0.0014980733,-0.057183146,-0.05868122,0.09375,-0.025844574,-0.049740247,-0.06677744,0.00038191154899616263,0.013592152,0.2366413027048111,0.013450742,-0.032938957,0.12988678,0.008091024123132229,0.16282573,0.1875,0.2785512,0.18690105,0.116436034,0.0026022234393551407,0.053880498,0.12903225806451613,0.111056626,0.023559451,1.0,0.97644055,0.28125,1.0,0.9497098,0.8889434,-0.0012944913045926214,0.03489183
exact-r2__1e6455b0ff78fa4766a1d5f30413ea1d0429eb99__毒蘑菇__v187__coffee__cf9a2967__c0.mp4,0.9939013123512268,0.9736593961715698,0.0034184903,-0.008847322,-0.06338009,-0.05453277,0.21875,-0.053350475,-0.0601931,-0.06679858,0.00039944816394394783,0.0044752,0.04081012308597565,0.0011769496,-0.011366075,-0.023220466,0.001289124833419919,-0.011854392,0.21875,-0.01174348,-0.019382976,-0.024397416,0.00035508894743916693,0.004150694,0.16129032258064516,0.069013834,0.05340451,1.0000001,0.9465956,0.28125,1.0000001,0.96931815,0.9309863,-0.0024276852738822014,0.026109098
exact-r1__f38c85c9dbbd6fe91ebb9c9d9e17e6640548549d__毒蘑菇__v1530__glasses__4c0f5650__c0.mp4,0.9904594421386719,0.9561995267868042,0.007813439,-0.0056237876,-0.000926733,0.0046970546,0.21875,0.009922326,0.0031950753,-0.008740172,0.00013164763374368818,0.0040125893,0.10294367372989655,0.17424223,0.17014262,0.23262414,0.01023674476891756,0.06248153,0.0,0.23945957,0.10613875,0.058381908,-0.005576814613591796,0.060956262,0.06451612903225806,0.12852973,0.12377447,1.0000001,0.87622565,0.0,1.0000001,0.91279364,0.8714704,-0.004526074647990803,0.04646695
base-noprop__701e58d8fd0b9629cc0d3b9aec0136dcfd79a9f4__爆炸菇（爆炸后）__v0__1eef5aea__c0.mp4,0.9928325414657593,0.9880714416503906,0.010892827,0.007254008,0.02018758,0.012933571,0.25,0.03000155,0.018729605,0.009294752,-0.00018723297944767592,0.0045640958,0.03349100798368454,0.02209169,0.015895762,0.064733446,0.005414043553173542,0.048837684,0.125,0.06959824,0.052220613,0.042641755,-0.0003092310833812974,0.0080277575,0.06451612903225806,0.035775185,0.017964065,1.0,0.98203593,0.09375,1.0,0.9773028,0.9642248,-0.00021853670477864698,0.008917447
base-noprop__51be5b142d9021a3c446702d354fabdf42630fa9__毒蘑菇__v0__2e625b4c__c0.mp4,0.989400327205658,0.957447350025177,0.024852902,0.004444301,0.005227089,0.0007827878,0.25,0.0109705925,-0.00092091877,-0.019625813,-0.00042957677628812176,0.008792494,0.49349671602249146,0.07979143,0.075932026,0.5184932,0.006123475730419159,0.44256115,0.21875,0.5543646,0.4925758,0.43870175,-0.003729176726683828,0.03746013,0.16129032258064516,0.06196189,0.049369216,1.0000001,0.9506309,0.125,1.0000001,0.96193236,0.93803823,-0.0016234472743576706,0.01776323
exact-r1__16d87b7c10ee927fd1e1d2e315f77f610316d154__爆炸菇（爆炸前）__v146__glasses__98277935__c0.mp4,0.9938293099403381,0.961766242980957,0.014862742,0.01015906,-0.005971033,-0.016130093,0.0625,-0.005502239,-0.014021976,-0.020833775,-0.0003538407648905371,0.004455611,0.06583455204963684,0.021880832,0.008865163,0.04337653,0.004039403051137924,0.03451137,0.0,0.15828623,0.05181258,0.0214957,-0.000566286212406898,0.037444822,0.0,0.09092587,0.009465277,1.0,0.9905347,0.125,1.0,0.98141575,0.9090741,0.0001337226272678327,0.022953881
exact-r1__b78000494643dd416d6056e23accb37bf8708a96__蘑菇力__v1143__crown__6e95a9d4__c0.mp4,0.9767240881919861,0.9124764204025269,0.02908092,0.019428201,-0.009279184,-0.028707385,0.15625,-0.005263794,-0.020223953,-0.038360104,-0.0008644569300584868,0.009562494,0.10017185658216476,0.026448317,-0.07181946,0.061343797,0.0031839762814342976,0.13316326,0.0625,0.13321206,0.079947904,0.03489548,0.0026258113807684533,0.029210616,0.1935483870967742,0.26699662,0.24653989,1.0000001,0.7534602,0.25,1.0000001,0.8939359,0.7330035,-0.009082357642238059,0.08688123
base-noprop__f4d25ec51527a18f0ee61a4803329a4966535857__炸虾菇__v0__dfead8ad__c0.mp4,0.9391605854034424,0.8417104482650757,0.045862854,-0.017754465,-0.11161694,-0.093862474,0.21875,-0.07733098,-0.11761362,-0.1574798,0.00016319540348395386,0.02163885,0.33011552691459656,0.08810024,0.012548357,0.23334095,0.012327432632446289,0.22079259,0.21875,0.28793058,0.21250193,0.14524071,0.00011778867030598774,0.04044475,0.06451612903225806,0.29183978,0.117560565,1.0,0.88243943,0.21875,1.0,0.86199,0.7081602,-0.0030360033959587088,0.08109153
base-noprop__04febc3ea3e866abdf75b3fab9b881e8f80a980a__炸虾菇__v0__67fb9c03__c0.mp4,0.9921771883964539,0.9631202220916748,0.031648964,0.013629675,-0.027112395,-0.04074207,0.1875,-0.027112395,-0.04339773,-0.05876136,-0.0002775277199545925,0.008698397,0.3458070158958435,0.051921964,0.00670588,0.3146438,0.009009596891701221,0.30793792,0.1875,0.3383181,0.3024093,0.26272184,0.0006802975366716955,0.019280303,0.0,0.0519619,0.023216665,1.0000002,0.9767836,0.09375,1.0000002,0.9711938,0.94803834,-0.000511548200573019,0.013659238
exact-r2__7bcdb8d9a74233784e73beaf553f9da6be6bf025__毒蘑菇__v772__flag__65ea2bc6__c0.mp4,0.988214910030365,0.9645633101463318,0.01284425,0.005872771,-0.0034287125,-0.009301484,0.1875,-0.00090424716,-0.009715182,-0.016272962,3.6075200525021944e-05,0.0034801746,0.14805002510547638,0.014717281,-0.039174184,0.12028526,0.004412852693349123,0.15945944,0.21875,0.181514,0.13833484,0.10556798,0.0017279964650481349,0.02216807,0.03225806451612903,0.06743437,0.06139946,1.0,0.93860054,0.1875,1.0,0.9580747,0.9325656,-0.0019371340439116617,0.019776963
base-noprop__28a40bdc8031c3ded5a744a31c764d0180862532__粽子菇__v0__e761f249__c0.mp4,0.9923187494277954,0.9853074550628662,0.017670617,0.0058704615,0.097019106,0.091148645,0.125,0.105275765,0.09247258,0.07934849,1.0017515911211422e-05,0.0060623316,0.22485791146755219,0.03856325,0.017022759,0.3296974,0.012143613770604134,0.31267464,0.15625,0.3456012,0.3173305,0.29113415,-0.00017475580408774985,0.0123714935,0.0,0.034041286,0.02684009,1.0000002,0.97316015,0.21875,1.0000002,0.98133826,0.96595895,-0.00038263314236991567,0.008381757
base-props__61fed9a5970df6669462d6fcf616c133d150bbc0__吐司菇__v373__glasses__dfcca2ae__c0.mp4,0.9924682974815369,0.9766038656234741,0.0152070075,-0.003082335,-0.043102324,-0.04001999,0.125,-0.03500545,-0.048348956,-0.05830933,0.0001416410759222456,0.0059729223,0.320790559053421,0.054202482,-0.005127132,0.27834088,0.004628833848983049,0.283468,0.09375,0.31125754,0.27244163,0.2241384,-3.065759878703368e-05,0.016678546,0.0,0.037135005,0.024311543,1.0,0.97568846,0.125,1.0,0.97895485,0.962865,-0.0007272350801225635,0.0094818855
base-noprop__08447ead47d19cdf9b918908077ea735b8029732__粽子菇__v0__00723c07__c0.mp4,0.993181586265564,0.9702854752540588,0.010197133,-0.0224697,0.09016502,0.11263472,0.15625,0.11537507,0.09945944,0.079967886,9.194515164821565e-05,0.009300109,0.49106329679489136,0.08066565,0.0007644892,0.61027724,0.005506344139575958,0.60951275,0.28125,0.6204501,0.59052277,0.5296116,-0.0011766372778373578,0.028134573,0.0,0.07966554,0.042428493,1.0,0.9575715,0.25,1.0,0.96426904,0.92033446,-0.001986783609624459,0.025891585
generic__24dc1f3ba782c8b6cd325590627ea2ed97b93833__毒蘑菇__v126__scooter__6fdbfbad__c0.mp4,0.9976667761802673,0.9890607595443726,0.0032749474,-0.0031008944,-0.021362774,-0.01826188,0.25,-0.011906385,-0.018305335,-0.024637721,0.00016766191320903426,0.0031564147,0.10876241326332092,0.014826834,0.0024582893,0.08945292,0.01777506060898304,0.08699463,0.1875,0.10945675,0.090457074,0.07462609,0.00024681630656342,0.009564412,0.0,0.017550945,0.005428195,1.0,0.9945718,0.15625,1.0,0.98958665,0.98244905,-5.5909266045344815e-05,0.005219215
exact-r2__612115080afd9cfcd7bc4fdd21348971b54a34c7__爆炸菇（爆炸后）__v613__scooter__aeb47a72__c0.mp4,0.9756446480751038,0.9267507195472717,0.04014051,0.011710137,0.017772466,0.006062329,0.21875,0.025979847,-0.0003911378,-0.022368044,4.0401756501267105e-06,0.011531088,0.3102074861526489,0.030901343,-0.04506573,0.29511338,0.01617259904742241,0.34017912,0.15625,0.34773728,0.30981636,0.26421204,0.0012253687178983763,0.02247169,0.22580645161290322,0.2634712,0.22004682,0.99999994,0.7799531,0.0625,0.99999994,0.8469044,0.73652875,-0.008352623023420455,0.085481584
exact-r1__d9657e5af5e0c9e5c71b7d15425af2bf7fc9de96__汉堡菇__v1360__flag__ffb3b643__c0.mp4,0.9923688173294067,0.9774543642997742,0.029835999,0.004483193,0.022777542,0.01829435,0.1875,0.029767811,0.016219437,-0.0070584565,-0.0006870628413785233,0.00952787,0.16580608487129211,0.1247283,0.07384607,0.22777684,0.0065312134101986885,0.15393077,0.1875,0.23439974,0.18202552,0.10304854,-0.0034329289026951643,0.035162766,0.25806451612903225,0.074551105,0.057295978,1.0000001,0.94270414,0.0625,1.0000001,0.9604119,0.925449,-0.002252529814970452,0.022446768
generic__cb05660c4b262902ff02becd82b2bbb621c9edbf__吐司菇__v791__eyemask__d3393fa2__c0.mp4,0.998994767665863,0.9975825548171997,0.0054202788,0.0028907582,-0.01569543,-0.018586189,0.125,-0.014182664,-0.016893521,-0.02111571,-1.314396238025564e-05,0.001898136,0.08213044703006744,0.0066048913,0.00029623508,0.06552835,0.000869990442879498,0.06523211,0.125,0.071199365,0.065236926,0.058923457,2.1333357625126003e-05,0.0024576595,0.0,0.006750107,0.005664587,1.0000002,0.99433565,0.03125,1.0000002,0.995624,0.99325013,-0.00014506998168755154,0.0016840677
exact-r2__63c6cd5b6ce97c724c348a679627c9f637af97f7__爆炸菇（爆炸后）__v627__scooter__9f990d4c__c0.mp4,0.9668902158737183,0.7984919548034668,0.011407599,0.010553211,-0.026788265,-0.037341475,0.09375,-0.015080482,-0.025031283,-0.038195863,0.0001241170618235182,0.0053485953,0.287489652633667,0.04608822,0.0067051947,0.24531439,0.03848354518413544,0.2386092,0.125,0.34330618,0.26245835,0.19922617,0.0002444033508251934,0.028259007,0.0,0.263857,0.17773008,1.0,0.8222699,0.21875,1.0,0.92298806,0.736143,-0.008217206940360756,0.0837899
base-props__54b808c68379bb80df935fac20da98e5db366a47__吐司菇__v316__coffee__947501b0__c0.mp4,0.9824021458625793,0.9559430480003357,0.012120396,0.009701908,-0.008762836,-0.018464744,0.1875,-0.0035545528,-0.010532628,-0.020883232,-7.591427705329904e-05,0.0046703126,0.4290006160736084,0.042428017,0.0104215145,0.4332043,0.007942033931612968,0.42278278,0.09375,0.47504768,0.418468,0.39077628,0.000162290900814581,0.016839718,0.0,0.094289064,0.030149698,1.0000001,0.9698504,0.1875,1.0000001,0.9437633,0.90571105,-0.0015819668442097993,0.025869042
exact-r1__044176e563bd0ca37fa16a6ebe34899138633a40__爆炸菇（爆炸后）__v28__eyemask__b7e2f1f6__c0.mp4,0.9804819822311401,0.8260890245437622,0.04892993,0.04424849,0.011520863,-0.03272763,0.28125,0.029512793,-0.0033475086,-0.037409067,-0.001816601063673796,0.0212393,0.41297656297683716,0.15432307,0.14872193,0.4801174,0.009272878058254719,0.33139548,0.28125,0.4904682,0.40962905,0.32579434,-0.004076419125073452,0.055297893,0.25806451612903225,0.26135164,0.19736487,0.99999994,0.8026351,0.03125,0.99999994,0.8297563,0.7386483,-0.0031464586465938895,0.057262577
base-noprop__084b3e71188f9a2159d683c11a6ad5bd65815355__吐司菇__v0__a94d2237__c0.mp4,0.9856555461883545,0.9485784769058228,0.00088888407,-0.0070611835,-0.017431378,-0.010370195,0.25,-0.0031151175,-0.011775736,-0.018320262,0.00014628196828875712,0.004272446,0.5093079805374146,0.11260021,0.079343855,0.5484953,0.0038051530718803406,0.46915144,0.1875,0.55618,0.49753225,0.4358951,-0.0029517676561109448,0.032702234,0.16129032258064516,0.12528509,0.1038025,1.0,0.8961975,0.09375,1.0,0.92556864,0.8747149,-0.0037562350941892685,0.040909316
base-noprop__298931f62e1fcd1c182d348d865aefe21b2f1a4b__蘑菇力__v0__dc9d6ef2__c0.mp4,0.9990373253822327,0.9975892901420593,0.0028194264,0.0011248961,-0.00890775,-0.010032646,0.15625,-0.007971171,-0.009781681,-0.011727177,-9.616731073368822e-06,0.00089132186,0.06313622742891312,0.0029961467,0.00054172426,0.053388223,0.006180250085890293,0.0528465,0.09375,0.059944257,0.053354546,0.050392076,4.788703022967308e-05,0.001902203,0.0,0.008381128,0.0030132532,1.0000001,0.99698687,0.1875,1.0000001,0.995062,0.991619,-4.4884821099584395e-05,0.0021086675
base-noprop__ccb6b1d206606a8d4ddb34ae7e70a1dfb2cd49ba__汉堡菇__v0__2f0ff66d__c0.mp4,0.9845579862594604,0.8398488759994507,0.054671466,0.0056951046,0.08657342,0.08087832,0.125,0.09716615,0.065902546,0.031901956,-0.0010660086537211504,0.018795459,0.32806962728500366,0.054571867,-0.016290128,0.4077739,0.027074575424194336,0.42406404,0.25,0.44098538,0.3939722,0.35320204,-0.0008214231733440215,0.024932759,0.0,0.07874119,0.036550403,1.0000001,0.9634497,0.21875,1.0000001,0.95556796,0.9212589,-0.0018540162407407882,0.02676902
exact-r2__5e251213a13de31edf2e489d219063a9041511e3__炸虾菇__v589__coffee__0ec22905__c0.mp4,0.997664213180542,0.9886254668235779,0.0015620589,-0.009124577,-0.07552138,-0.0663968,0.15625,-0.06326383,-0.06855531,-0.07708344,0.00019316364330979518,0.0037864482,0.37205827236175537,0.0075106323,-0.0050795674,0.29878178,0.0281444750726223,0.30386135,0.15625,0.31763726,0.30350298,0.29127115,-0.0004189136626521091,0.0071350955,0.0,0.018856525,0.014291406,1.0,0.9857086,0.09375,1.0,0.9888993,0.9811435,-0.000449126056474641,0.00548177
exact-r1__39592fc54ca3ce1fa9f11e0639080d80fdd90784__粽子菇__v374__flag__cb7e2551__c0.mp4,0.9727156758308411,0.9004080891609192,0.02282244,0.0088763535,0.050769627,0.041893274,0.15625,0.08337653,0.052065715,0.027947187,-0.0007026902785049487,0.012606314,0.5129469633102417,0.0835737,0.071878314,0.59317815,0.012548478320240974,0.52129984,0.1875,0.62308127,0.56501263,0.50960445,-0.0018041674867053763,0.028868096,0.12903225806451613,0.117578864,0.08968723,1.0,0.9103128,0.09375,1.0,0.9206786,0.88242114,-0.0015702477145579422,0.027354382
exact-r1__db6ce3f46aa974538e2bf6288aa30d60f1537602__汉堡菇__v1373__flag__375d8b71__c0.mp4,0.9798606038093567,0.9199079871177673,0.01940284,0.014495872,-0.027802683,-0.042298555,0.125,-0.00742656,-0.035104394,-0.047205523,-0.0006427705175956159,0.009530689,0.1473163515329361,0.013549916,-0.07419843,0.07222589,0.008867684751749039,0.14642432,0.15625,0.15526402,0.11221196,0.058675975,0.0028674985866589463,0.030498574,0.0967741935483871,0.21429193,0.20793933,1.0,0.7920607,0.0,1.0,0.84941435,0.78570807,-0.006433854431263492,0.06964753
exact-r2__4684d4e3cc283d2f82a830567f416163b041076b__吐司菇__v446__bubble__997c9000__c0.mp4,0.9621840715408325,0.9240703582763672,0.029384807,0.013368651,-0.05185066,-0.06521931,0.1875,-0.03467615,-0.04897823,-0.08123547,-0.0006585342705774178,0.012512472,0.20444834232330322,0.12703262,0.030725107,0.22306378,0.007764861918985844,0.19233868,0.15625,0.2270815,0.15547012,0.09603116,-0.00028705541208342525,0.034372408,0.0,0.48570693,0.38403016,1.0000001,0.61596996,0.03125,1.0000001,0.64991844,0.5142932,-0.009661668348959087,0.13550669
base-noprop__33159c17b1b4cc97be3acad43a606bfdc0461807__炸虾菇__v0__928aa5a5__c0.mp4,0.9906676411628723,0.9296835660934448,0.029095285,0.005555108,-0.025562704,-0.031117812,0.21875,-0.023704976,-0.038341217,-0.05465799,-0.0002704233277993302,0.009326129,0.1658371388912201,0.11670536,-0.005897552,0.16464809,0.003304556477814913,0.17054564,0.125,0.18492809,0.12749591,0.047942728,-0.0006755077323802532,0.030641558,0.3225806451612903,0.08836591,0.009004712,1.0,0.9909953,0.125,1.0,0.96495,0.9116341,-0.0007949008051950255,0.021142649
exact-r1__3373ae9e4de4dce88d5624681a41f79ac07484f3__蘑菇力__v342__scooter__c3ace3d5__c0.mp4,0.9859889149665833,0.9692904949188232,0.0075240433,-0.002165407,0.007343799,0.009509206,0.1875,0.02117753,0.010364912,-0.00018024445,0.00029819436873858285,0.0053697946,0.5183438062667847,0.008222014,-0.06337491,0.47865745,0.024507395923137665,0.54203236,0.28125,0.5833485,0.5287087,0.47043544,0.0024493554951158926,0.035364766,0.0,0.22673035,0.22618526,1.0,0.77381474,0.25,1.0,0.90194917,0.77326965,-0.00841098137833503,0.07909147
base-props__e9b94ecc359c2f277ccefaf7095c17b14b261bcc__爆炸菇（爆炸前）__v909__coffee__12dbfcb7__c0.mp4,0.9988921284675598,0.9961786270141602,0.009606883,0.0036263987,-0.056577727,-0.060204126,0.21875,-0.0564094,-0.06095343,-0.06618461,-0.0002362221230881141,0.0029628985,0.03186611086130142,0.0074866023,0.0002539456,-0.028455148,0.0032598713878542185,-0.028709093,0.125,-0.01873558,-0.029087322,-0.03594175,9.82900034729107e-05,0.0041372054,0.06451612903225806,0.011910677,0.009272277,1.0000001,0.99072784,0.15625,1.0000001,0.99366534,0.98808944,-0.0003677902967174408,0.0037693921
exact-r1__9054fdbc790f3181e453f4f32520b1e358733cb9__粽子菇__v897__crown__d890a9b9__c0.mp4,0.988067090511322,0.9613748788833618,0.021567792,-0.013958842,-0.052625924,-0.038667083,0.15625,-0.029115498,-0.051880382,-0.074193716,0.00039796973100680253,0.011329232,0.5425485372543335,0.054380625,-0.051046997,0.47219756,0.007081690244376659,0.52324456,0.15625,0.5600175,0.4906682,0.41781694,0.0012498284004563184,0.036543768,0.0967741935483871,0.1416794,0.12891549,0.9999999,0.8710844,0.21875,0.9999999,0.93515545,0.8583205,-0.005384914577007273,0.05158774
base-noprop__13eda229e23f72de63829ca2a162c20a3b56bf44__毒蘑菇__v0__97d11529__c0.mp4,0.9843071103096008,0.9615211486816406,0.008367509,-0.00211218,-0.068742245,-0.066630065,0.15625,-0.050942197,-0.06326263,-0.077109754,-5.1816162049683466e-05,0.005000842,0.18044567108154297,0.0026885867,-0.008986533,0.09320478,0.0334085188806057,0.102191314,0.15625,0.15823719,0.117183045,0.090516195,-0.0003932738455443946,0.01780698,0.0,0.077394605,0.031961262,0.9999999,0.9680386,0.15625,0.9999999,0.9638517,0.9226053,0.0001350199787323136,0.020732515
exact-r2__d2f00eb058f9ce3ba98cf2152e90a803a48e4864__炸虾菇__v1307__crown__79805e5c__c0.mp4,0.9622819423675537,0.8436118364334106,0.032264203,0.024128795,-0.006517887,-0.030646682,0.1875,0.016491547,-0.016822334,-0.03878209,-0.00046633822226192263,0.011404966,0.2594526410102844,0.0264052,-0.087304056,0.20627677,0.015065890736877918,0.29358083,0.15625,0.32039097,0.2426303,0.17987157,0.0025814247981281943,0.03913356,0.2903225806451613,0.31794685,0.15563685,0.99999994,0.8443631,0.125,0.99999994,0.90402496,0.6820531,-0.006321130183872224,0.08019671
exact-r1__48043cd413298bba118f12d7404a3ad3aeeeb310__粽子菇__v458__scooter__614502c4__c0.mp4,0.9905313849449158,0.9647290706634521,0.0,-0.0074708313,0.0015254468,0.008996278,0.1875,0.019357406,0.009398282,0.0015254468,0.0003961554143469933,0.0056677065,0.057388320565223694,0.0,-0.10790722,0.009711534,0.002571514341980219,0.117618755,0.34375,0.13755275,0.0667866,0.009711534,0.005094026571277615,0.05197925,0.25806451612903225,0.2844152,0.25521278,0.9999998,0.74478704,0.34375,0.9999998,0.8697063,0.71558464,-0.011886640410881206,0.11851761
base-noprop__30b4282f1742fb0fb6e237b3bacf4fb43522adf0__吐司菇__v0__92db5016__c0.mp4,0.9973235130310059,0.9902899265289307,0.004059486,-0.0057209805,-0.028364584,-0.022643603,0.1875,-0.020832002,-0.02761325,-0.03242407,0.00018223341488855568,0.0030281255,0.12403109669685364,0.009251557,-0.013830446,0.09375769,0.005603314843028784,0.107588135,0.15625,0.11034183,0.096417844,0.08450613,0.0005463090004219188,0.0071435836,0.06451612903225806,0.032724023,0.017917514,1.0000002,0.9820827,0.28125,1.0000002,0.98140955,0.9672762,-6.590830571838878e-05,0.009691991
base-noprop__3eb6d97760f838a366c3ddc9c5fe31024af3ddd6__汉堡菇__v0__95f315d5__c0.mp4,0.9950461983680725,0.9791756868362427,0.0151873715,-0.011011954,-0.0308095,-0.019797545,0.1875,-0.015766442,-0.02738248,-0.04599687,0.0005897094732521862,0.0077921026,0.058385349810123444,0.013923117,-0.0077308677,0.029076092,0.0016324741300195456,0.03680696,0.1875,0.038995244,0.031002868,0.015152975,0.000521116250070342,0.006503238,0.12903225806451613,0.02581054,0.022241712,1.0,0.9777583,0.03125,1.0,0.98236626,0.97418946,-0.0006000460330342242,0.006868358
base-noprop__190a31ba334eafd595032f1742e0cdf9b9183281__汉堡菇__v0__fede9e15__c0.mp4,0.9963417649269104,0.9824107885360718,0.0012101382,0.0005367547,0.00016412139,-0.00037263334,0.15625,0.016804338,0.007297216,-0.0010460168,0.00011106729343577222,0.0050713476,0.1373252272605896,0.056582242,0.03844115,0.17713916,0.003501795930787921,0.13869801,0.15625,0.17713916,0.14462245,0.12055692,-0.001244315347713456,0.014193646,0.06451612903225806,0.03590095,0.009904146,1.0,0.99009585,0.1875,1.0,0.9862992,0.96409905,-0.0006617889835163123,0.008722281
exact-r2__66c31723dc12306b4f0c1044a74ebf104e0824d8__爆炸菇（爆炸后）__v652__flag__aa0b5ed5__c0.mp4,0.9937874674797058,0.9754235744476318,0.010068929,0.0030887518,-0.0008607581,-0.00394951,0.09375,0.007878134,-0.0025450888,-0.010929687,-5.46425164477829e-05,0.003719967,0.031023763120174408,0.023974437,0.02191837,0.04129438,0.00450549554079771,0.019376012,0.34375,0.042172693,0.028478676,0.017319944,-0.0008227895430488576,0.008268312,0.0967741935483871,0.07788658,0.06615394,0.9999999,0.93384594,0.09375,0.9999999,0.95934623,0.9221133,-0.002929576648033232,0.030645002
exact-r1__e92751ca858d2ff69aed920d5cad82f934c445e3__吐司菇__v1461__eyemask__bccdc7a1__c0.mp4,0.9840136766433716,0.9503620266914368,0.0037350506,-0.0131907165,-0.08721602,-0.0740253,0.15625,-0.062932685,-0.07547136,-0.09095107,0.0002472647151683067,0.0060801487,0.2762875258922577,0.06672077,0.01928845,0.23508292,0.006301827263087034,0.21579447,0.15625,0.23508292,0.20081615,0.16836216,0.0007896426480667715,0.017215729,0.0,0.12609774,0.10213947,1.0000001,0.89786065,0.03125,1.0000001,0.9111808,0.8739024,-0.0019723689866380464,0.024405062
base-noprop__7980439f022908b0edafecd558418e07616aeaf7__爆炸菇（爆炸前）__v0__92289f57__c0.mp4,0.9888762831687927,0.9726954698562622,0.0,-0.015494466,-0.038607895,-0.02311343,0.25,-0.015001655,-0.028197935,-0.038607895,0.00030527881119957325,0.006424572,0.5999153256416321,0.024258077,-0.047015607,0.56284124,0.01472456380724907,0.60985684,0.21875,0.61841756,0.5717174,0.53858316,0.0018159875050842676,0.024254972,0.0,0.08235496,0.043868363,0.9999998,0.95613146,0.21875,0.9999998,0.9612674,0.91764486,-0.0012684293266090588,0.022710612
base-noprop__b281dc2a1f8e99821ca80a015d7a15c12c8925f9__粽子菇__v0__76f88b80__c0.mp4,0.9867643713951111,0.9527155160903931,0.07371712,0.059804797,0.16969883,0.10989404,0.09375,0.16969883,0.13372897,0.09598172,-0.0008549834779105894,0.015698254,0.5027698278427124,0.08905262,0.011494219,0.67560905,0.028932569548487663,0.66411483,0.21875,0.67560905,0.6364988,0.58655643,-0.0008996577927968179,0.024130823,0.0,0.070640326,0.054832816,1.0,0.9451672,0.03125,1.0,0.9521092,0.9293597,-0.0008365316671534649,0.016606806
exact-r2__49e4303b44fcc27a48dcbb9fedc8fd22431b34ff__毒蘑菇__v472__eyemask__5bdac16e__c0.mp4,0.9746594429016113,0.911795973777771,0.047195733,-0.037301958,-0.023468614,0.013833344,0.21875,0.01880908,-0.028439406,-0.070664346,0.0016629576868762697,0.028266815,0.5446932315826416,0.108282804,0.04526514,0.56637514,0.013083644211292267,0.52111,0.09375,0.5905267,0.51625377,0.45809233,-0.001840479966919435,0.034252156,0.22580645161290322,0.20423383,0.19965285,0.99999994,0.8003471,0.21875,0.99999994,0.87736,0.7957661,-0.006400385549253705,0.061394487
base-noprop__479cfaa7ed9751d704a007cccb8dbebcb4fc8765__爆炸菇（爆炸后）__v0__51ba2f4d__c0.mp4,0.9988430738449097,0.9949790835380554,0.010981984,-0.00193955,-0.03257224,-0.03063269,0.21875,-0.029778361,-0.03420552,-0.043554224,4.4361510671827116e-05,0.0038872592,0.15535461902618408,0.017438963,0.0026271045,0.12382123,0.005849912762641907,0.121194124,0.125,0.12901291,0.12114911,0.106382266,5.267588066652934e-05,0.0055802464,0.0,0.012712538,0.010955572,0.9999999,0.9890443,0.0625,0.9999999,0.9912642,0.98728734,-0.00030009755509687676,0.0033809529
base-noprop__31b74b126f6fafc4629493be8201689f500ebf47__蘑菇力__v0__e3418e90__c0.mp4,0.9753345251083374,0.9313668608665466,0.006946504,-0.045543194,-0.038416028,0.007127166,0.21875,0.008869112,-0.012694821,-0.045362532,0.0012825169433946123,0.016662687,0.5851891040802002,0.026694417,-0.052396655,0.5135205,0.004040838219225407,0.56591713,0.25,0.64356315,0.57249427,0.48682606,0.002720289598724376,0.048045196,0.06451612903225806,0.17111945,0.09234768,1.0000001,0.90765244,0.125,1.0000001,0.8963556,0.82888067,-0.0028862212607063237,0.055102862
exact-r2__38b58dfa04037a8d4c73a738d8fd4058766e8609__粽子菇__v370__flag__4e1cd0d3__c0.mp4,0.9928319454193115,0.9816784262657166,0.01781483,0.013109282,-0.023111358,-0.03622064,0.25,-0.0139654875,-0.030011505,-0.04092619,-0.0005939420479243282,0.007362136,0.14472746849060059,0.036952518,-4.826486e-05,0.11870439,0.0103057362139225,0.11875266,0.125,0.16298269,0.11471595,0.081751876,4.062191187199664e-05,0.018089596,0.0,0.057456136,0.049155593,1.0,0.9508444,0.03125,1.0,0.96418136,0.94254386,-0.0017790023641676889,0.019069739
base-props__58a25304d5897daa19607fb3b5ce8c1f9d1c340f__炸虾菇__v335__coffee__c245ba49__c0.mp4,0.9982885122299194,0.9945275187492371,0.0075146705,0.0034540445,-0.016747877,-0.020201921,0.28125,-0.01657141,-0.020032618,-0.024262547,-0.00016957564863903483,0.0024180384,0.13475677371025085,0.024833813,0.014754251,0.121597305,0.006316957995295525,0.106843054,0.1875,0.13682926,0.11472416,0.09676349,-0.00043506782277981214,0.010190945,0.0,0.01269412,0.0078029037,1.0,0.9921971,0.21875,1.0,0.9923552,0.9873059,-0.00025537253911891376,0.0033842623
generic__b2d3b11f7cc10d19163a3940e12f64f147409d54__爆炸菇（爆炸后）__v713__eyemask__9658b52b__c0.mp4,0.9961572885513306,0.9878105521202087,0.0037058964,0.003506422,-0.005153522,-0.008659944,0.1875,-0.002305232,-0.0060487483,-0.008859418,-2.8219293868524315e-05,0.0015854134,0.09929542243480682,0.015864305,0.008370079,0.10015759,0.020865805447101593,0.09178751,0.09375,0.109713435,0.09324668,0.08429328,-5.417874989664841e-05,0.0059202528,0.0,0.018778205,0.0120584965,1.0000002,0.98794174,0.09375,1.0000002,0.9894182,0.98122203,-0.0002988186771394137,0.0037954438
exact-r2__626b6bd3e31f1f1f566ad8589123249d6c71e87e__爆炸菇（爆炸后）__v620__scooter__c59c39e4__c0.mp4,0.9800060987472534,0.9229857325553894,0.0,-0.034551233,-0.033673435,0.0008777976,0.25,0.0055511594,-0.014300292,-0.033673435,0.0010455276767922634,0.012142572,0.3058761954307556,0.0348282,-0.028785318,0.279355,0.007728699129074812,0.3081403,0.15625,0.32801124,0.2915759,0.24452679,8.624322067870133e-05,0.017266575,0.12903225806451613,0.14138699,0.093515754,1.0,0.90648425,0.15625,1.0,0.9263017,0.858613,-0.00303839932570008,0.03894133
generic__432eff82630f4ea5c677143ac7a2c056c203e209__爆炸菇（爆炸前）__v246__eyemask__7d24a326__c0.mp4,0.9929377436637878,0.9878003597259521,0.0207915,0.005571395,-0.08533162,-0.090903014,0.21875,-0.083305955,-0.09295303,-0.10612312,0.00020605567678852574,0.0062661194,0.43817660212516785,0.010179639,-0.022367239,0.3313282,0.005070643499493599,0.35369545,0.21875,0.36932015,0.34522355,0.32114857,0.00046579786671921837,0.01264918,0.0,0.07269001,0.050376534,1.0,0.94962347,0.21875,1.0,0.9609146,0.92731,-0.000464548933103954,0.015972765
exact-r2__17267cdbab13c63bd29a987952c0bc6e4a671ac3__蘑菇力__v149__glasses__47690caa__c0.mp4,0.9871861934661865,0.9617539644241333,0.028622255,0.022709712,-0.057771146,-0.08048086,0.03125,-0.045291603,-0.07403632,-0.0863934,-0.000519515034302939,0.01082781,0.307367742061615,0.04728122,0.034463003,0.2578618,0.009475273080170155,0.22339879,0.03125,0.25922447,0.23333144,0.21058057,-0.0009023695091697763,0.012473583,0.16129032258064516,0.05230093,0.037150264,0.9999999,0.9628496,0.125,0.9999999,0.96445787,0.94769895,-0.00025613544798312645,0.0090281535
exact-r1__11f34e08a6906e27e7c06d8e53c0abd8b0e6a511__蘑菇力__v105__coffee__81ed7854__c0.mp4,0.9915731549263,0.9788081049919128,0.013554871,0.005329728,-0.01400882,-0.019338548,0.1875,-0.011859894,-0.018170387,-0.027563691,-0.00026224312151282433,0.0034401605,0.32637515664100647,0.04587671,-0.012927532,0.3180669,0.03228575736284256,0.33099443,0.1875,0.34993854,0.30820477,0.27219018,5.004595954223099e-05,0.019601569,0.0,0.033048153,0.013368368,1.0000001,0.98663175,0.09375,1.0000001,0.97911894,0.96695197,-0.00030305254057353044,0.008272455
base-props__dd6b0b25684c0bddcc56e9fa41e0a0bb3f55e318__毒蘑菇__v857__coffee__7dfbf06a__c0.mp4,0.9957678914070129,0.9771892428398132,0.0072228387,-0.009051517,-0.02111213,-0.012060612,0.1875,-0.011649437,-0.019522782,-0.028334968,0.00036888398350246434,0.0051478953,0.09765437245368958,0.0016592965,-0.026666455,0.06481509,0.004601611755788326,0.091481544,0.125,0.1103907,0.07813159,0.06315579,0.0011392949433052318,0.012863145,0.25806451612903225,0.071822524,0.065018594,1.0,0.9349814,0.3125,1.0,0.9698095,0.9281775,-0.0025401348657796514,0.025735654
exact-r1__06af112cda638917aeaa3b19f63575e6b2cce87e__爆炸菇（爆炸前）__v41__crown__a6645005__c0.mp4,0.9754449725151062,0.9134265184402466,0.007825807,0.00058071315,-0.025124952,-0.025705665,0.09375,0.012150079,-0.016590096,-0.03295076,-0.00021711869378331143,0.010596774,0.28783780336380005,0.010611802,-0.076752454,0.21710747,0.004576598759740591,0.29385993,0.21875,0.31533635,0.2712477,0.20649567,0.0015954848848654813,0.034993887,0.3870967741935484,0.18647307,0.122036636,1.0,0.87796336,0.09375,1.0,0.90966856,0.8135269,-0.00354594940488987,0.041741293
exact-r1__398db66855bd9f71ccddbebdb893c9052ea19a22__粽子菇__v377__flag__c830a3f9__c0.mp4,0.9977442622184753,0.9901295900344849,0.0026516914,-0.016700422,-0.03447649,-0.017776066,0.21875,-0.012891162,-0.027357459,-0.03712818,0.0007966495104696681,0.008295767,0.035107821226119995,0.00508219,-0.0075110802,0.007195008,0.01600469835102558,0.014706088,0.1875,0.015485605,0.007750364,0.002112818,0.00041523558405826076,0.0044489168,0.0,0.03589028,0.034038186,1.0,0.9659618,0.40625,1.0,0.98322856,0.9641097,-0.0015143288785586077,0.015268654
exact-r1__612115080afd9cfcd7bc4fdd21348971b54a34c7__爆炸菇（爆炸后）__v613__scooter__aeb47a72__c0.mp4,0.9680083394050598,0.9333343505859375,0.036993593,0.02451104,-0.0009227991,-0.025433838,0.21875,0.01705113,-0.010332892,-0.037916392,-0.0010655073536412455,0.014135322,0.3246825933456421,0.18274507,0.09505716,0.40201235,0.018280787393450737,0.3069552,0.125,0.4035946,0.3143497,0.21926728,-0.002563841392414475,0.04175666,0.2903225806451613,0.29076147,0.27860272,0.9999999,0.72139716,0.125,0.9999999,0.8275907,0.7092384,-0.009011368947294783,0.08756859
generic__9988ed6b8baec6b7f72e2a2f31784ecde8be7eb5__粽子菇__v623__scooter__fee93b7f__c0.mp4,0.9959582090377808,0.9819912910461426,0.0020620227,-0.013855439,-0.010561179,0.0032942593,0.15625,0.006518863,-0.004512189,-0.012623202,0.0003444323284808227,0.0052767056,0.07506860047578812,0.0019519851,-0.015143756,0.057614487,0.006612345576286316,0.07275824,0.15625,0.087799,0.07055642,0.0556625,0.00044148485039707813,0.008146613,0.0,0.042936623,0.020287812,0.99999994,0.9797121,0.09375,0.99999994,0.98672616,0.9570633,-0.0007421708613896,0.0088610025
exact-r1__95270fa777a6a5cb99054cf707304be40d56acb6__汉堡菇__v928__crown__febcd7b8__c0.mp4,0.983980655670166,0.908136785030365,0.0069375616,-0.03263503,-0.0011199676,0.03151506,0.34375,0.034841686,0.014725307,-0.008057529,0.0013896084081277773,0.015661566,0.10060840845108032,0.016531067,-0.161522,0.031470682,0.006872024852782488,0.19299269,0.34375,0.23722626,0.11533372,0.0149396155,0.008408809442256093,0.08588439,0.12903225806451613,0.3056227,0.2548511,1.0,0.7451489,0.1875,1.0,0.8500688,0.6943773,-0.012344993519817951,0.12776992
base-noprop__9fe84a46a5b7258d9185e38e64539dfb315c00ea__炸虾菇__v0__d29032ae__c0.mp4,0.997014582157135,0.9926984310150146,0.013917301,-0.003378246,-0.056111354,-0.05273311,0.1875,-0.043364592,-0.05958835,-0.070028655,0.00016759206674708926,0.0055967015,0.12125113606452942,0.008539505,-0.0055381097,0.061438944,0.0024422453716397285,0.066977054,0.09375,0.07383398,0.061662793,0.05289944,0.00022932795583764954,0.0044269296,0.0,0.017998636,0.008118033,1.0000001,0.9918821,0.1875,1.0000001,0.9919776,0.9820015,-0.0002366334440246392,0.004145198
base-noprop__152077a5b2e9ecb98c83d24bd2c2d3c0ce349e29__吐司菇__v0__91ffcd2d__c0.mp4,0.9943587779998779,0.9789777994155884,0.01102373,-0.0044706017,-0.014281258,-0.009810656,0.125,-0.008112758,-0.013025867,-0.025304988,1.8570487472143597e-05,0.0032596164,0.20158836245536804,0.098557204,0.009448007,0.22089757,0.005002927966415882,0.21144956,0.1875,0.2369914,0.1885625,0.122340366,-0.0014187141657531046,0.03156629,0.0,0.090921044,0.0084549785,1.0000002,0.99154526,0.21875,1.0000002,0.96186984,0.9090792,-0.0009366865338118321,0.028035259
base-noprop__05dd2b8db67494f0efc8d0fdde03ebfec1ec36bb__吐司菇__v0__daa92d16__c0.mp4,0.9997177124023438,0.9989738464355469,0.0,-0.004135482,-0.019912712,-0.01577723,0.125,-0.0139053175,-0.016092995,-0.019912712,7.541308570735123e-05,0.0011198815,0.012053921818733215,0.00041940436,3.380701e-05,-0.0048048906,0.004834000952541828,-0.0048386976,0.21875,-0.002854284,-0.0040390743,-0.005224295,-2.3756693103664927e-05,0.0006614717,0.0,0.005301535,0.0039919615,0.9999999,0.9960079,0.125,0.9999999,0.9965253,0.99469835,-0.00011401463988237137,0.0012362429
exact-r1__1797a30fd91eff354c236387e11c6718b039aab5__爆炸菇（爆炸前）__v153__glasses__3de29246__c0.mp4,0.9721100330352783,0.8509117364883423,0.027072731,0.014296439,-0.04413085,-0.05842729,0.15625,-0.029865451,-0.050750945,-0.07120358,-0.0004521472402780033,0.010492477,0.10990610718727112,0.044982105,-0.054634463,0.051053975,0.008878955617547035,0.10568844,0.0625,0.1351632,0.059155166,0.0060718693,0.0021624449610469806,0.032015547,0.16129032258064516,0.32236356,0.29838133,1.0,0.7016187,0.28125,1.0,0.8412504,0.67763644,-0.012275734266315359,0.1195462
exact-r2__162906640246ef44f99db4ad49276c513665eb1e__爆炸菇（爆炸前）__v142__glasses__6207d034__c0.mp4,0.9917765855789185,0.9655125141143799,0.002925463,-0.002720721,-0.015242264,-0.012521543,0.15625,-0.005963832,-0.012360023,-0.018167727,0.00020695720386863418,0.0030050098,0.08447098731994629,0.008477926,0.0035765395,0.06710858,0.010902149602770805,0.06353204,0.03125,0.1117969,0.07211096,0.058630653,0.0002369537711951938,0.013219405,0.0,0.05693865,0.05388373,1.0,0.94611627,0.1875,1.0,0.9700179,0.94306135,-0.0016036969104295349,0.016164888
exact-r2__f1498f3a3c3245f137f45ef7171fbad768a30f29__爆炸菇（爆炸前）__v1519__scooter__e1358b4e__c0.mp4,0.9962175488471985,0.988778829574585,0.012092914,0.001226496,-0.02344207,-0.024668567,0.15625,-0.012838285,-0.024360348,-0.035534985,-7.447808068737341e-05,0.004325243,0.03744369000196457,0.028206274,-0.010352261,0.018861406,0.008553944528102875,0.029213667,0.21875,0.029213667,0.013083341,-0.009344868,0.0008977860987460911,0.01138465,0.0,0.04900539,0.022236466,1.0000001,0.97776365,0.125,1.0000001,0.97559094,0.95099473,-2.514081529155882e-05,0.010765882
generic__3ea8cf079e959693153dd04695b6f05e21f1dca3__炸虾菇__v230__flag__575a466d__c0.mp4,0.9941267371177673,0.9836348295211792,0.0070837885,-0.0052142963,0.021155655,0.026369952,0.1875,0.03315346,0.023410235,0.014071867,2.0926804595861975e-06,0.004215135,0.0828075110912323,0.015643962,0.0040955693,0.102599986,0.04842764884233475,0.09850442,0.1875,0.116920665,0.10621775,0.086956024,-0.00047876795376937436,0.008281882,0.0,0.061312973,0.047606826,0.99999994,0.9523931,0.15625,0.99999994,0.97054434,0.93868697,-0.0017671968208904261,0.018534776
exact-r1__48c861a729f66f679642de5c029313df7a318d4d__粽子菇__v464__scooter__b6246b54__c0.mp4,0.9441996216773987,0.813930869102478,0.008740246,-0.049775615,-0.014806464,0.03496915,0.34375,0.05839759,0.016646368,-0.02354671,0.0023266194016833804,0.026684305,0.3099052608013153,0.020507023,-0.37572384,0.1515945,0.006903189234435558,0.52731836,0.28125,0.6021694,0.32655162,0.13108748,0.01661124703122024,0.16817027,0.1935483870967742,0.797522,0.7614748,1.0000002,0.23852544,0.3125,1.0000002,0.628753,0.20247824,-0.03418061363338721,0.33697018
base-props__13c5ef355a4677fd006d158853aae7228ec89353__炸虾菇__v71__crown__f2952d0d__c0.mp4,0.9917559623718262,0.9542602300643921,0.020352334,0.001180172,-0.073942244,-0.075122416,0.1875,-0.06533444,-0.07760734,-0.09429458,-0.00016291028768086524,0.0068528033,0.32141023874282837,0.057453632,0.04248941,0.27847427,0.012901097536087036,0.23598486,0.1875,0.28322834,0.2438029,0.22102064,-0.0005556728221104543,0.01633652,0.0,0.075590014,0.030279875,0.9999999,0.96972,0.0625,0.9999999,0.9695573,0.92440987,-0.0004971715515135114,0.014982368
exact-r1__5e792b82d424890d709af4c84bfcd10e8071fd48__炸虾菇__v590__coffee__d589a251__c0.mp4,0.9684056043624878,0.9114967584609985,0.03386858,0.016195476,-0.050407737,-0.06660321,0.15625,-0.032075077,-0.05937798,-0.08427632,-0.0010577334074680417,0.014102492,0.32426005601882935,0.07498659,-0.09168711,0.25369468,0.006690212991088629,0.3453818,0.09375,0.37512752,0.2648821,0.17870809,0.0024634295053059087,0.042134397,0.2903225806451613,0.14002448,0.1113013,1.0,0.8886987,0.125,1.0,0.9123859,0.8599755,-0.004405117082980337,0.049068462
exact-r1__e86d2a316b78bde955a3d36e1105be5da3d55ae9__吐司菇__v1456__eyemask__efc4954f__c0.mp4,0.9824182987213135,0.9133373498916626,0.0173387,-0.016073972,-0.079972096,-0.063898124,0.25,-0.04992704,-0.07855068,-0.0973108,0.0005917870507867775,0.011272187,0.15413478016853333,0.06496076,-0.012776315,0.09303137,0.0029248204082250595,0.105807684,0.21875,0.121873505,0.075584084,0.028070606,0.0010743197606729023,0.026503105,0.41935483870967744,0.2098465,0.18910444,1.0,0.81089556,0.34375,1.0,0.8987988,0.7901535,-0.008106797933578465,0.079578266
base-noprop__050d465c02a6aedcb83961a3f85cf51de88d0d3e__吐司菇__v0__6abc19e8__c0.mp4,0.9960099458694458,0.9834424257278442,0.007569395,0.0011141449,-0.047663193,-0.048777338,0.125,-0.04466614,-0.049066007,-0.05523259,-0.00011279625487664134,0.0025185633,0.047212738543748856,0.003191317,-0.0024082023,-0.005205463,0.011307221837341785,-0.0027972609,0.0625,0.010139816,-0.0018532684,-0.00839678,-0.00019642348304633973,0.00505217,0.0,0.04799646,0.003579855,0.9999999,0.99642,0.1875,0.9999999,0.9859394,0.9520034,0.0005808853355845644,0.014626338
base-props__50ee01d3a21af2295c697ffe0dcc9d0e2bd3a001__汉堡菇__v299__crown__af1e681c__c0.mp4,0.9892569184303284,0.9707944393157959,0.023669451,0.011333078,-0.006430477,-0.017763555,0.15625,-0.006430477,-0.0151503375,-0.030099928,-0.0004484765286232371,0.0062603354,0.31937316060066223,0.060884118,-0.00029212236,0.31565082,0.02025974914431572,0.31594294,0.1875,0.33191216,0.3042228,0.2547667,-0.001021680424858391,0.019601583,0.0,0.04828638,0.026965141,1.0000001,0.973035,0.1875,1.0000001,0.9788478,0.95171374,-0.0009872800509425834,0.012786719
base-props__deb8dcc91484de67c08304d54dba061741b046a8__毒蘑菇__v870__coffee__64902ddf__c0.mp4,0.9994127750396729,0.9983487129211426,0.0013266094,-0.0009725876,-0.0405033,-0.039530713,0.15625,-0.03015182,-0.037846155,-0.04182991,0.00016785829834628992,0.0029404687,0.03679437190294266,0.0032417532,-6.074831e-05,-0.0022620372,0.002190518192946911,-0.002201289,0.1875,0.0048177633,-0.0010517845,-0.0055037905,0.0001276485694304676,0.0027611444,0.0,0.006217718,0.0043280125,1.0000002,0.9956722,0.25,1.0000002,0.9962687,0.9937825,-0.00015465991675327792,0.0017979048
exact-r2__e92751ca858d2ff69aed920d5cad82f934c445e3__吐司菇__v1461__eyemask__bccdc7a1__c0.mp4,0.98399817943573,0.9352589845657349,0.002801463,-0.028452963,-0.09209648,-0.063643515,0.15625,-0.058077216,-0.075975254,-0.09489794,0.0010020636278819108,0.010840018,0.2634531259536743,0.065828934,0.008418113,0.21279839,0.005447669420391321,0.20438027,0.1875,0.21507162,0.18747789,0.14696945,-0.00039950103015580973,0.014418736,0.06451612903225806,0.15863419,0.13496059,1.0000002,0.86503965,0.03125,1.0000002,0.8886775,0.84136605,-0.004192615468655829,0.046943117
generic__1cf0944b8af6ac43f6f7e794a0d68118b7de888c__汉堡菇__v105__flag__ced10d12__c0.mp4,0.9971786737442017,0.9847062826156616,0.0028588213,0.0022078864,-0.055810776,-0.058018662,0.25,-0.042445675,-0.051579572,-0.058669597,7.258725893353117e-05,0.00480976,0.06291164457798004,0.0018455279,0.00044134865,0.0019072103,0.008040479384362698,0.0014658617,0.21875,0.028766295,0.011332076,6.1682425e-05,0.00025086787265050854,0.007892927,0.0,0.036334336,0.0058731437,0.99999994,0.9941268,0.125,0.99999994,0.987421,0.9636656,-0.00047585956992639663,0.0093781585
exact-r2__350cfd2dd11a55bba310df263eb011f378987693__爆炸菇（爆炸后）__v352__coffee__114e6de4__c0.mp4,0.9835185408592224,0.9555284380912781,0.00657773,0.00657773,0.018857867,0.012280136,0.25,0.040735036,0.02415018,0.012280136,0.00016579426595629898,0.007218653,0.23213191330432892,0.05292836,-0.015027672,0.2532868,0.0052911629900336266,0.26831448,0.1875,0.3114778,0.2562821,0.20035845,0.0015299878768688466,0.02890835,0.0967741935483871,0.04980862,0.035111308,1.0,0.9648887,0.1875,1.0,0.97132605,0.9501914,-0.0011370958667521395,0.014084184
base-noprop__556de27b0d0679c58d037153bf13f376557bb4da__粽子菇__v0__4121e99a__c0.mp4,0.9930334687232971,0.9816796779632568,0.0032580793,-0.016640991,0.04781902,0.06446001,0.15625,0.095364064,0.05995872,0.04456094,0.0007009225408614922,0.010446261,0.31441637873649597,0.08010432,0.0096383095,0.3986327,0.01873302459716797,0.3889944,0.1875,0.43553957,0.3743751,0.31852838,0.001618892265773252,0.030914256,0.0,0.058362126,0.039920866,0.9999999,0.960079,0.03125,0.9999999,0.96958214,0.94163775,-0.0009910955566289938,0.012605874
exact-r1__06c67470cf9be8f025f6e761b17dc1ea2544b027__爆炸菇（爆炸前）__v42__crown__33913395__c0.mp4,0.9441513419151306,0.6665297150611877,0.036194324,0.023164451,-0.016053975,-0.039218426,0.15625,0.011295438,-0.024561943,-0.0522483,-0.0010208821803593567,0.018893167,0.5253210067749023,0.19198713,0.07319087,0.55237216,0.009546195156872272,0.4791813,0.09375,0.5904163,0.50075907,0.36038503,-0.0027289651225039548,0.051142033,0.1935483870967742,0.41515565,0.269489,1.0,0.730511,0.0625,1.0,0.82890517,0.58484435,-0.010267875902900927,0.10822458
exact-r2__62671de5d59372c360feb3d41db56086df4cc5db__爆炸菇（爆炸后）__v619__scooter__9a31e29f__c0.mp4,0.9786224961280823,0.945806622505188,0.013903856,-0.023171127,-0.0061731637,0.016997963,0.1875,0.023197055,0.00092972396,-0.02007702,0.0008205991604329901,0.010344109,0.25017479062080383,0.023532704,-0.11172518,0.21431005,0.025937071070075035,0.32603523,0.09375,0.3487375,0.25110453,0.19077735,0.0006614685320784319,0.03442119,0.0,0.16122675,0.14251065,1.0,0.85748935,0.09375,1.0,0.91910493,0.83877325,-0.0022762688068000943,0.029923268
exact-r2__6caf7c744bba33812d3ae89727b1c9ffa5aa3f71__汉堡菇__v694__coffee__93ceaa68__c0.mp4,0.9907515048980713,0.9627876281738281,0.024906643,0.02270455,-0.042177714,-0.06488226,0.1875,-0.041207194,-0.05089715,-0.06708436,-0.0005356813057208355,0.0076499707,0.1484391987323761,0.038110927,0.02777592,0.11758488,0.008815607987344265,0.089808956,0.28125,0.11995874,0.097542055,0.07947395,-0.0009202842745394621,0.012325518,0.25806451612903225,0.0492841,0.04137647,1.0000002,0.95862377,0.09375,1.0000002,0.97106224,0.95071614,-0.0013985858459975894,0.014332937
exact-r1__7daadbf57892d5e3abf52d444993e302eae628ab__炸虾菇__v781__glasses__58a7dcd2__c0.mp4,0.9839161038398743,0.9282942414283752,0.027262747,0.02199632,0.019188285,-0.0028080344,0.21875,0.023837209,0.007628368,-0.008074462,-0.0006761650207979585,0.009426004,0.5875860452651978,0.14291775,0.114069164,0.65203035,0.002591380849480629,0.5379612,0.28125,0.65345716,0.5952144,0.5091126,-0.004036063639736578,0.04148509,0.25806451612903225,0.18367326,0.15497988,1.0,0.8450201,0.28125,1.0,0.93345815,0.81632674,-0.00569399777264536,0.05932323
exact-r2__28b269cb428b398ae0c461d34d9e6daeeb15dd1c__蘑菇力__v265__flag__6d808d89__c0.mp4,0.9874396920204163,0.9515507221221924,0.003594473,-0.010793492,-0.043218434,-0.03242494,0.15625,-0.025319159,-0.03599136,-0.046812907,0.0003068387191578783,0.00507876,0.13534781336784363,0.025968075,-0.006775722,0.09870684,0.004983128979802132,0.10548256,0.125,0.11328313,0.09935645,0.07273877,0.00043405668367563644,0.009089485,0.22580645161290322,0.10627395,0.09318936,1.0000002,0.9068109,0.125,1.0000002,0.9428232,0.8937263,-0.004015959886686512,0.042394426
exact-r2__5101800527787a720423bc1b750352a08d3932ce__吐司菇__v512__coffee__7f6ad833__c0.mp4,0.9804193377494812,0.9230990409851074,0.023918986,0.0033527613,-0.011351705,-0.014704466,0.1875,-0.0050956607,-0.014041201,-0.03527069,-0.0002801277868646332,0.0068805874,0.5349494814872742,0.06404185,-0.036966622,0.51800025,0.002579093910753727,0.55496687,0.1875,0.5773375,0.52090836,0.4539584,0.0025222759770333384,0.031650987,0.25806451612903225,0.095327675,0.08221722,0.9999999,0.91778266,0.15625,0.9999999,0.93921447,0.9046722,-0.002249951411552072,0.025642898
base-noprop__6789eb569ba9201716016a5c210359d9e3d43278__汉堡菇__v0__68a1ae3e__c0.mp4,0.9911944270133972,0.9561406373977661,0.02711904,0.016458958,0.0520024,0.03554344,0.1875,0.061315,0.05021862,0.02488336,-0.0004581373316014603,0.009292672,0.3626730442047119,0.072312415,0.06550047,0.43461603,0.01322626881301403,0.36911556,0.21875,0.45805657,0.41289163,0.3623036,-0.0011322811092973734,0.026253626,0.0,0.05000305,0.03670335,1.0,0.96329665,0.0,1.0,0.96648824,0.94999695,-0.0012770357850359836,0.01662452
exact-r1__396fd748b71ec7529ed4bf067ba92fdebcc3340e__粽子菇__v376__flag__5f1b510c__c0.mp4,0.9805933237075806,0.9497580528259277,0.019612342,-0.016722113,0.10954103,0.12626314,0.21875,0.12626314,0.10549302,0.08992869,0.0001252200946080753,0.010295395,0.47965991497039795,0.04197836,0.002909124,0.58740646,0.024179350584745407,0.58449733,0.125,0.6193638,0.58515286,0.5454281,-0.00036231938563832086,0.017830232,0.0,0.06294012,0.03767085,1.0,0.96232915,0.1875,1.0,0.96158326,0.9370599,-0.0009379861029711443,0.016103242
exact-r2__64f24c794aa94f916e4cfb3d08239c8cce08ae8b__爆炸菇（爆炸后）__v638__flag__c23892c5__c0.mp4,0.9919971823692322,0.9791617393493652,0.017682258,-0.0134252235,-0.023671605,-0.010246381,0.15625,-0.010139331,-0.02441853,-0.041353863,0.0005211210451184428,0.007862268,0.06653213500976562,0.021811925,-0.03715686,0.038710628,0.003009041538462043,0.07586749,0.125,0.07586749,0.04211361,0.016898703,0.0013828272688888076,0.015517773,0.1935483870967742,0.08901745,0.07742953,1.0,0.92257047,0.0625,1.0,0.9437787,0.91098255,-0.0025079152451232523,0.025881544
exact-r1__b6400262250308b940cca731c04afc1e0661b6e9__炸虾菇__v1132__bubble__8db02a1b__c0.mp4,0.9433366656303406,0.7880299687385559,0.08935523,0.023623705,0.035501182,0.011877477,0.0625,0.045600295,0.021921994,-0.05385405,-0.00033927649871345075,0.018035654,0.507412850856781,0.2957069,-0.0356434,0.5846413,0.017745843157172203,0.6202847,0.21875,0.68811953,0.5293348,0.28893438,0.0059684060317330406,0.12153042,0.0,0.5359011,0.119736135,0.99999994,0.8802638,0.21875,0.99999994,0.7810503,0.4640988,0.001111684722110345,0.15802856
base-noprop__143077ed5c3203470357eefbac685c008578ef31__蘑菇力__v0__39ab2b38__c0.mp4,0.9975302815437317,0.993084192276001,0.0032724142,0.001370959,-0.03675458,-0.038125537,0.1875,-0.031896673,-0.03592879,-0.040026993,-7.887656767675128e-05,0.0020459169,0.09794525802135468,0.02363107,0.005731657,0.073133126,0.00334965530782938,0.06740147,0.21875,0.073133126,0.062016465,0.049502056,-0.0003119284468716611,0.00579681,0.0967741935483871,0.014183164,0.00584203,1.0,0.99415797,0.03125,1.0,0.9912647,0.98581684,-0.00016160455704431075,0.0035603917
exact-r1__b872a91da124369a0db4f6c8e1f348f11ee5ee45__粽子菇__v1150__eyemask__7cba3ab5__c0.mp4,0.9937398433685303,0.9639874696731567,0.005792886,-0.011760339,0.029459506,0.041219845,0.1875,0.047238775,0.035104275,0.02366662,0.0005402041153976822,0.0069394866,0.11518901586532593,0.047276467,0.044261247,0.17556456,0.01812741532921791,0.13130331,0.125,0.17752744,0.15029329,0.12828809,-0.001217798515608058,0.0131560555,0.03225806451612903,0.10807276,0.10807276,1.0000001,0.89192736,0.375,1.0000001,0.9465359,0.89192736,-0.003974203391770783,0.03900164
base-noprop__36cc3b78b61d9039d9d44b967df0005c6e6e6895__爆炸菇（爆炸后）__v0__6d095306__c0.mp4,0.9861286282539368,0.9498683214187622,0.03148347,0.0041929483,0.021677792,0.017484844,0.25,0.038459778,0.014075983,-0.009805679,0.000158971923886856,0.013579757,0.6459528207778931,0.038627923,0.018045545,0.66868526,0.02240254543721676,0.6506397,0.125,0.69799507,0.66002876,0.63005733,-0.0006730445931034524,0.014447354,0.16129032258064516,0.11499727,0.043264925,1.0,0.9567351,0.15625,1.0,0.9488856,0.88500273,-0.000589159205337395,0.027646936
exact-r1__730702bed82aaf1a0c1093664b6b45d5254520a9__爆炸菇（爆炸前）__v723__eyemask__f6753a50__c0.mp4,0.9919899106025696,0.9813570976257324,0.011392236,0.0003054142,-0.02873218,-0.029037595,0.125,-0.02580893,-0.03240705,-0.040124416,-7.279678261524907e-05,0.003161805,0.6197187900543213,0.051611662,0.032654762,0.6102623,0.01835750788450241,0.5776075,0.1875,0.6119019,0.5873117,0.5586506,-0.0012991786593041289,0.014493041,0.0,0.096548915,0.08711839,1.0,0.9128816,0.28125,1.0,0.95088476,0.9034511,-0.0029027407273343937,0.02740575
base-noprop__66f41d2f3f0f61298257e508840f1163992f0311__爆炸菇（爆炸后）__v0__b1ce0afb__c0.mp4,0.9912068247795105,0.9667831659317017,0.030429304,0.027443767,0.06077969,0.033335924,0.28125,0.06844854,0.0488839,0.030350387,-0.0012738910555577323,0.01340953,0.5297518968582153,0.056163907,0.009540081,0.5914568,0.007469087839126587,0.5819167,0.15625,0.60950476,0.5786358,0.53529286,-0.0004964275203667002,0.018136803,0.0,0.07769811,0.06046033,1.0000001,0.9395398,0.0625,1.0000001,0.9537817,0.922302,-0.002516303124053734,0.026853861
base-noprop__2c1315bafe71a68bec156d93f1790b9d42e2a44a__毒蘑菇__v0__4f6514c4__c0.mp4,0.9881183505058289,0.9683996438980103,0.032364517,0.010050952,-0.004482329,-0.014533281,0.15625,0.01143074,-0.011631997,-0.036846846,-0.0004045569455343958,0.011160964,0.5212544798851013,0.083590806,0.0061336756,0.5324931,0.005001664161682129,0.52635944,0.15625,0.5554611,0.50962245,0.4489023,-0.001276096984569274,0.02496797,0.3870967741935484,0.09588498,0.026517928,1.0000001,0.9734822,0.21875,1.0000001,0.95508647,0.90411514,-0.0012419517438782102,0.029998468
base-noprop__3ab5e095ea7925663c71572cdf310f6c6d4c208d__炸虾菇__v0__3fbd916e__c0.mp4,0.9914392232894897,0.962432324886322,0.007189229,0.0037647337,-0.052290633,-0.056055367,0.125,-0.046170592,-0.0530403,-0.059479862,9.984864724958223e-05,0.003578584,0.3154750466346741,0.012095913,0.007808849,0.24505346,0.00996493548154831,0.2372446,0.03125,0.31719118,0.26243475,0.23295754,0.0014910422992015957,0.02733937,0.0,0.08791858,0.016421795,1.0,0.9835782,0.1875,1.0,0.9707669,0.9120814,-0.0015156917995021871,0.024323223
exact-r1__47d052f47f096470284625402d2fc5ab2e2f51ca__爆炸菇（爆炸后）__v456__glasses__4b12d2c4__c0.mp4,0.976198136806488,0.817085862159729,0.017602712,0.017602712,0.039292812,0.0216901,0.125,0.060932636,0.044745583,0.0216901,-0.00029514524047850047,0.009494867,0.3326563239097595,0.11473486,0.108596206,0.42791206,0.013705114834010601,0.31931585,0.3125,0.44458482,0.37740192,0.3131772,-0.004826734110144916,0.047181256,0.22580645161290322,0.29027689,0.25566536,0.9999999,0.7443345,0.3125,0.9999999,0.9043079,0.709723,-0.009321307900014817,0.10058509
base-props__948cf55caa00a45bfcc117ea6e39a73bdfffbf47__汉堡菇__v596__glasses__24eda22f__c0.mp4,0.9767574071884155,0.9082326889038086,0.028740853,0.008742899,-0.022502482,-0.03124538,0.125,-0.0018076301,-0.022780996,-0.051243335,-0.00040924717887930173,0.009072141,0.3099763095378876,0.021005154,-0.0342004,0.27016115,0.007850033231079578,0.30436155,0.125,0.34328857,0.28719532,0.249156,0.0014941151311233286,0.024288114,0.0,0.11003119,0.08019304,1.0,0.91980696,0.125,1.0,0.9417947,0.8899688,-0.0024789495945326165,0.027251698
base-props__084b3e71188f9a2159d683c11a6ad5bd65815355__爆炸菇（爆炸后）__v36__crown__8895be78__c0.mp4,0.9970021843910217,0.9919238090515137,0.004703313,-0.0034496486,0.021440327,0.024889976,0.15625,0.030325808,0.023174936,0.016737014,3.547159151947081e-05,0.0031391676,0.091417096555233,0.006756082,-0.0049723536,0.11212231,0.004383863881230354,0.117094666,0.125,0.123752974,0.11459203,0.10536623,0.0001887237568470602,0.0037905436,0.12903225806451613,0.028110206,0.027658641,1.0,0.97234136,0.1875,1.0,0.98380935,0.9718898,-0.0006974380343190863,0.0074174237
base-props__354f3e4b6107ffa5548e933c67773e98971848fa__蘑菇力__v186__flag__4fbe881f__c0.mp4,0.9857456684112549,0.8916382193565369,0.015964806,0.010826945,-0.033780694,-0.04460764,0.25,-0.029841304,-0.03862442,-0.0497455,-0.0005382553201791486,0.0058000823,0.6110364198684692,0.05623901,0.011433363,0.58671427,0.01886065863072872,0.5752809,0.25,0.59954536,0.572412,0.53047526,-0.0011807418267223313,0.020229714,0.0,0.16145647,0.05718994,1.0,0.94281006,0.15625,1.0,0.95970917,0.83854353,-0.003629184297976921,0.04439531
base-noprop__36cc3b78b61d9039d9d44b967df0005c6e6e6895__粽子菇__v0__de6a486b__c0.mp4,0.989399790763855,0.9637467861175537,0.016336292,-0.00914228,0.06756616,0.076708436,0.1875,0.07765502,0.0674056,0.051229864,0.00018084543563229085,0.0068917004,0.4534666836261749,0.06517953,-2.5510788e-05,0.5512346,0.03186250105500221,0.5512601,0.21875,0.5659706,0.52087224,0.48605508,-0.0002409627502702031,0.02286404,0.0,0.07334536,0.0065621734,1.0000001,0.99343795,0.15625,1.0000001,0.97169393,0.92665476,-0.0004545705190851312,0.01930289
base-noprop__06b0fe368708d4dd8bc44a345d0c8a6765e4dd6e__吐司菇__v0__bb5309c5__c0.mp4,0.9850443005561829,0.9532170295715332,0.0068665296,0.005717486,-0.009706229,-0.015423715,0.125,-0.0051452518,-0.009989653,-0.016572759,-6.7070287671432e-05,0.0026566577,0.26902690529823303,0.08158401,0.03720504,0.2925996,0.002307537477463484,0.25539455,0.21875,0.3088554,0.25903726,0.21101558,-0.00045319100639774126,0.0325821,0.0967741935483871,0.12100798,0.022369146,0.9999999,0.97763073,0.21875,0.9999999,0.9388664,0.8789919,-0.002412738458764157,0.04170987
generic__b4922b313b5f45658c57e964eec6e061ed1c765b__爆炸菇（爆炸前）__v718__glasses__d9480773__c0.mp4,0.9946559071540833,0.985079824924469,0.014415681,0.0015584528,-0.015984356,-0.01754281,0.15625,-0.014587581,-0.019676318,-0.030400038,-0.00012050143544100639,0.004134793,0.27040597796440125,0.0650911,0.03927505,0.28380203,0.004623087588697672,0.24452698,0.0625,0.2859063,0.25072965,0.21871093,-0.0010840206671932156,0.016896117,0.0,0.0270921,0.018512845,1.0000001,0.9814873,0.09375,1.0000001,0.9821795,0.972908,-0.0003796969909122261,0.006560224
exact-r1__95661968e66f7e80c1cfe770235df4b395dab410__毒蘑菇__v930__bubble__db7364e2__c0.mp4,0.9778002500534058,0.8287124633789062,0.042970598,0.02049373,0.0065407455,-0.013952985,0.15625,0.0065407455,-0.018731449,-0.036429852,-0.0008524168894525149,0.011957327,0.19335025548934937,0.08144784,-0.021477625,0.21090859,0.006038961466401815,0.23238622,0.0625,0.28923026,0.17461881,0.12946075,0.00044279009420589144,0.033686433,0.41935483870967744,0.26135045,0.1311782,1.0,0.8688218,0.1875,1.0,0.8939036,0.73864955,-0.006084527405213729,0.0643526
exact-r1__4637c74691052829ffc6d2b99e439250ea0eb7d0__吐司菇__v443__bubble__85fb58a5__c0.mp4,0.9559675455093384,0.8674786686897278,0.05705926,0.015054949,-0.017804623,-0.03285957,0.1875,-0.015359163,-0.037297424,-0.07486388,-0.0005566743325409305,0.017390545,0.12064790725708008,0.01375635,-0.0080354065,0.085518576,0.030279867351055145,0.09355398,0.15625,0.09502719,0.08335048,0.07176223,2.7970816459389363e-05,0.0058435695,0.0,0.2040633,0.13547969,1.0000001,0.86452043,0.125,1.0000001,0.88732594,0.7959368,-0.005537860401389869,0.069846675
exact-r2__392410131274da938ab5d7413fe09371ec7bf3ff__粽子菇__v372__flag__111364cb__c0.mp4,0.9902854561805725,0.96164870262146,0.012994312,-0.021630932,-0.03486647,-0.013235539,0.1875,-0.006007701,-0.032010183,-0.047860783,0.00094966227093116,0.011429152,0.06579628586769104,0.019055605,-0.017996766,0.029247228,0.006338398903608322,0.047243994,0.21875,0.09093142,0.033786096,0.010191623,0.001094730796915127,0.017327134,0.2903225806451613,0.06490171,0.036206722,1.0,0.9637933,0.125,1.0,0.97247064,0.9350983,-0.0012753776266427725,0.014447151
exact-r1__1e81b08c00de3e615dc3d3a3e67182d0ec82fafa__毒蘑菇__v188__coffee__d0de2ef0__c0.mp4,0.9809898138046265,0.9304911494255066,0.008464552,0.0002817586,-0.023648538,-0.023930296,0.1875,-0.009141862,-0.022549404,-0.03211309,0.0002555444336815829,0.0061403136,0.1229318231344223,0.023969583,-0.006172128,0.08722312,0.010951880365610123,0.09339525,0.125,0.13317323,0.10038241,0.06325354,0.0007428215417868971,0.017427947,0.0,0.07982308,0.009644091,0.9999999,0.9903558,0.15625,0.9999999,0.954101,0.9201768,-0.000328643744554669,0.030428031
generic__a4ef5a0703d7e77492a6724ff679670b2cb37512__粽子菇__v671__glasses__abfa9230__c0.mp4,0.9982525706291199,0.9935666918754578,0.0042441413,0.001808025,-0.06392361,-0.06573164,0.1875,-0.061235726,-0.06502981,-0.06816775,-7.380580234606447e-05,0.0016486357,0.11203545331954956,0.0,-0.0043983273,0.040030133,0.04290059208869934,0.04442846,0.21875,0.05341766,0.047005646,0.040030133,0.00015669968320586772,0.0036817715,0.0,0.025853038,0.009497583,1.0000001,0.99050254,0.28125,1.0000001,0.9866433,0.9741471,-0.00043609234725622124,0.008348444
base-noprop__e245e3cfc41c9b8a7f3e19965bae1bd8876cb0b0__粽子菇__v0__0e95d33c__c0.mp4,0.9910812377929688,0.9450884461402893,0.0529173,0.0113989115,0.14944959,0.13805068,0.1875,0.16462725,0.1370753,0.096532285,-0.0008369558695649069,0.017469378,0.5379172563552856,0.02982223,0.020786405,0.6824974,0.018194258213043213,0.661711,0.21875,0.6973232,0.67499256,0.65267515,-0.0005060129326459449,0.012639678,0.0,0.08003014,0.056848884,1.0000002,0.94315135,0.15625,1.0000002,0.95078003,0.9199701,-0.0014999365417663426,0.019488918
base-noprop__125de5a624888f2f256cc2f63735a38929203bb9__粽子菇__v0__33e4e6b9__c0.mp4,0.9933668971061707,0.9703143835067749,0.037697077,0.018867016,0.1693173,0.15045029,0.1875,0.17852437,0.15258154,0.13162023,5.0563441693312464e-06,0.011956519,0.5475168228149414,0.04212755,0.033985376,0.72075766,0.013111447915434837,0.6867723,0.15625,0.7247201,0.70009834,0.6786301,-0.00027174119157523304,0.0099837445,0.0,0.054537773,0.020275533,0.9999999,0.97972435,0.15625,0.9999999,0.9755057,0.9454621,-0.0008046936975720936,0.013276037
exact-r2__913093deac6198ad65ba3e8925974f83e021d41b__爆炸菇（爆炸前）__v902__flag__7a5b4086__c0.mp4,0.986940860748291,0.9537336826324463,0.023569942,0.02254206,-0.049470246,-0.072012305,0.1875,-0.041331887,-0.05899638,-0.07304019,-0.0009855797454234104,0.010371962,0.5437506437301636,0.070139945,0.007687986,0.49658394,0.002670888788998127,0.48889595,0.09375,0.5377619,0.48475432,0.426444,-0.0011868757957761843,0.027425397,0.0967741935483871,0.10783589,0.10435259,0.9999999,0.8956473,0.15625,0.9999999,0.9365044,0.892164,-0.0034124410965225547,0.034346852
exact-r1__bf87b999122451ffe16ba26acd9a1f4645ce8587__爆炸菇（爆炸后）__v1195__bubble__45856c4f__c0.mp4,0.973013699054718,0.933955192565918,0.010525167,-0.001368314,-0.012106031,-0.010737717,0.09375,0.027572334,-0.0043553975,-0.022631198,0.00011204475607952402,0.011072548,0.23826736211776733,0.079732284,-0.010753006,0.24598497,0.008480953052639961,0.25673798,0.21875,0.29438835,0.23391196,0.16625269,0.0006460443363030688,0.031237157,0.25806451612903225,0.31213927,0.06712866,1.0000001,0.93287146,0.1875,1.0000001,0.87913764,0.68786085,0.0017707317717963501,0.0757247
base-noprop__3a66d9c0fbd884130c640c5c48ba2017b2ba1095__毒蘑菇__v0__c80e63de__c0.mp4,0.9880355596542358,0.9648728370666504,0.007943869,-0.0007593632,0.089627326,0.09038669,0.125,0.102375954,0.091968626,0.08168346,0.00017401772685065022,0.0051697013,0.5063891410827637,0.17040855,0.029633582,0.6793424,0.004414981231093407,0.6497088,0.25,0.6793424,0.5983578,0.50893384,-0.003166300274672036,0.050007153,0.12903225806451613,0.10772407,0.02236712,0.9999999,0.97763276,0.25,0.9999999,0.94297713,0.8922758,-0.002083888818179374,0.033532567
generic__ba3abbfec8cf023cadbbc300cee7b52e6fbf4c0a__粽子菇__v739__crown__1c99a3d6__c0.mp4,0.9957048892974854,0.991884171962738,0.003247559,-0.001153335,0.01007162,0.011224955,0.09375,0.017005816,0.01232399,0.0068240613,0.00010350339737368502,0.0026099272,0.24037736654281616,0.0,-0.010094479,0.2310972,0.0030025658197700977,0.24119169,0.1875,0.27001572,0.25270134,0.2310972,0.00032933815341454646,0.010698007,0.03225806451612903,0.01672864,0.011737406,1.0000001,0.9882627,0.15625,1.0000001,0.98945767,0.9832715,-0.0002488536525331758,0.00396204
exact-r1__5ce68a5ba0874b66f9821e844283d9113ab37ebd__吐司菇__v584__scooter__5f03dc73__c0.mp4,0.9546974897384644,0.8564877510070801,0.027821397,-0.015206696,-0.024481373,-0.009274676,0.15625,-0.006399676,-0.026181484,-0.05230277,0.0002760582356344997,0.01235294,0.09333327412605286,0.0064757634,-0.10250018,0.030581733,0.02092806249856949,0.13308191,0.21875,0.13308191,0.067151785,0.02410597,0.003528174757138113,0.03546677,0.03225806451612903,0.36128998,0.26843566,1.0000002,0.7315646,0.15625,1.0000002,0.84309196,0.63871026,-0.010036074466282288,0.108382896
exact-r1__47d052f47f096470284625402d2fc5ab2e2f51ca__粽子菇__v456__scooter__7c53a339__c0.mp4,0.9692011475563049,0.9048513770103455,0.06348932,0.03521073,0.03690681,0.00169608,0.15625,0.04507062,0.009273732,-0.02658251,-0.0009108736805202665,0.016575914,0.34246528148651123,0.09169209,-0.04530281,0.3599954,0.019856704398989677,0.4052982,0.125,0.43541744,0.351739,0.2683033,0.0022121772465031274,0.043132436,0.06451612903225806,0.20702332,0.1262545,0.9999999,0.8737454,0.03125,0.9999999,0.9137611,0.79297656,-0.004394555841285789,0.050486725
exact-r2__396fd748b71ec7529ed4bf067ba92fdebcc3340e__粽子菇__v376__flag__5f1b510c__c0.mp4,0.9943920969963074,0.9801854491233826,0.010218792,-0.011381693,0.025218576,0.03660027,0.15625,0.045037366,0.03182514,0.0149997845,0.00027614511970070187,0.006884194,0.10502854734659195,0.0212095,-0.005038485,0.12858279,0.011166591197252274,0.13362128,0.125,0.18964937,0.13685368,0.10737329,-0.0002317772754891312,0.017906932,0.0,0.054415345,0.05127871,1.0,0.9487213,0.03125,1.0,0.96704966,0.94558465,-0.001972421555837186,0.02006328
base-noprop__298931f62e1fcd1c182d348d865aefe21b2f1a4b__吐司菇__v0__d1334783__c0.mp4,0.9985591769218445,0.9927573800086975,0.0043063425,0.00022788346,-0.0043671355,-0.004595019,0.15625,-0.0035177357,-0.005402168,-0.008673478,1.6355228847946827e-05,0.0013738039,0.05952056497335434,0.0045583546,0.0008511171,0.05306281,0.0044046323746442795,0.052211694,0.125,0.065156974,0.054118395,0.048504457,-0.00011384484352669477,0.004101092,0.0,0.014651597,0.004803598,0.99999994,0.99519634,0.15625,0.99999994,0.9946829,0.98534834,-9.590456169369692e-05,0.0037455512
exact-r1__6412a059222f17ae5dc01573da2024b28b38fb3b__炸虾菇__v629__scooter__75776486__c0.mp4,0.9827510714530945,0.872105598449707,0.018042684,0.011206493,-0.0039039403,-0.015110433,0.25,0.009797573,-0.0034969477,-0.021946624,-0.0005125550831780053,0.009218761,0.1760866641998291,0.0068617165,-0.06339964,0.13737261,0.015726925805211067,0.20077226,0.1875,0.23810683,0.17258972,0.1305109,0.0024859192603625528,0.031609748,0.16129032258064516,0.16634196,0.15281576,1.0000001,0.84718436,0.3125,1.0000001,0.93737626,0.83365816,-0.00593961605971507,0.063219994
exact-r1__b4bc5d9a39711e181bd7233cb5e38a348642950f__炸虾菇__v1116__bubble__e49f6691__c0.mp4,0.9716249704360962,0.8677798509597778,0.013278902,0.013278902,0.03774196,0.024463058,0.125,0.07289952,0.043939557,0.024463058,-0.0005916489446617624,0.011466787,0.449895441532135,0.257613,0.09997511,0.57600564,0.02674441784620285,0.47603053,0.15625,0.6396972,0.49383503,0.31839263,-0.0018260269821826194,0.07106199,0.0,0.4643222,0.32197404,1.0000002,0.6780262,0.09375,1.0000002,0.7445189,0.535678,-0.008356617681703937,0.12179953
exact-r1__46a88b94d8c5451f884baeac062b15b148ad8fe6__爆炸菇（爆炸后）__v448__glasses__d54494ff__c0.mp4,0.9712328314781189,0.887858510017395,0.0072907954,-0.019852422,-0.06670905,-0.046856627,0.21875,-0.022686765,-0.049627587,-0.073999844,0.0005112979520123187,0.01146241,0.16101205348968506,0.00739114,0.0045210645,0.10446826,0.00830887258052826,0.0999472,0.03125,0.15139922,0.11138447,0.097077124,-0.00038542211345257314,0.012394718,0.25806451612903225,0.19803876,0.034785688,0.99999994,0.96521425,0.09375,0.99999994,0.9466348,0.8019612,0.000364416844247049,0.041594937
exact-r1__4b73dcb962cbfd0a121d5292b514c93b57ca1509__毒蘑菇__v481__eyemask__9dd97bcd__c0.mp4,0.9984274506568909,0.9967106580734253,0.00064548105,-0.007693354,-0.050095595,-0.04240224,0.21875,-0.03619589,-0.043100018,-0.050741076,0.00034125761574139627,0.004139828,0.06824126839637756,0.0065146964,-0.0070000533,0.022707129,0.004931331612169743,0.029707182,0.09375,0.03313532,0.025141254,0.016192432,0.00019223280790428603,0.0035741546,0.03225806451612903,0.016378045,0.016378045,1.0000001,0.9836221,0.1875,1.0000001,0.9918283,0.9836221,-0.00037979655776201887,0.0036967904
exact-r1__5db4894bfeddbd04cfb6a00ed191a0e8200cac35__炸虾菇__v587__coffee__d00d573a__c0.mp4,0.9797297716140747,0.8898640871047974,0.004637286,-0.03853619,-0.05842471,-0.01988852,0.0625,0.003512144,-0.040644288,-0.063062,0.0019634150957300836,0.021287933,0.30092090368270874,0.01218617,-0.14827552,0.19951347,0.007995860651135445,0.347789,0.03125,0.43067247,0.26027662,0.1873273,0.006183451508606112,0.06697482,0.06451612903225806,0.21412635,0.14066732,1.0,0.8593327,0.25,1.0,0.9323189,0.78587365,-0.005909809006973428,0.061682776
base-props__c52c60db374d20e0b184bfe3476d54058ae4bf84__炸虾菇__v773__eyemask__4650b901__c0.mp4,0.97942715883255,0.9510895013809204,0.04213777,0.005467415,-0.028579354,-0.03404677,0.125,-0.024272203,-0.038970076,-0.070717126,-0.0007180012981038647,0.011223835,0.4360734224319458,0.058106184,0.03944838,0.39190954,0.004787098616361618,0.35246116,0.21875,0.46602556,0.39710334,0.33380336,-0.0010528445047192447,0.036879335,0.1935483870967742,0.11227512,0.064511776,1.0,0.9354882,0.1875,1.0,0.9402137,0.8877249,-0.0015621210647817595,0.02875866
exact-r1__32c709f75cca177d6ecdd8d8c6010b7f68a74ab7__蘑菇力__v337__scooter__8a0fa60e__c0.mp4,0.9927183985710144,0.9642602205276489,0.004819501,-0.016079426,-0.01889943,-0.0028200038,0.125,-0.00017035007,-0.012624903,-0.02371893,0.0004554760080415347,0.0058048964,0.041542138904333115,0.0,-0.021299172,0.01937614,0.002948266454041004,0.040675312,0.09375,0.042673547,0.028917234,0.01937614,0.0006790019177812596,0.0073521826,0.1935483870967742,0.08749914,0.086869,1.0000002,0.91313124,0.25,1.0000002,0.96670926,0.9125011,-0.0031120268589764724,0.031034153
exact-r1__46efe225dec2d1e5429fa9bf2a6c0d66fc5cb87e__吐司菇__v450__bubble__2ba3618b__c0.mp4,0.94306880235672,0.7061493396759033,0.055777907,0.018086776,-0.0026125014,-0.020699278,0.125,0.019090742,-0.023846082,-0.05839041,-0.0014838001272938816,0.021235775,0.2554172873497009,0.218393,0.19397312,0.35364017,0.01849973574280739,0.15966704,0.125,0.38409176,0.2315712,0.13524717,-0.006329308643587512,0.07068926,0.3225806451612903,0.65800273,0.59873676,0.99999994,0.40126318,0.0,0.99999994,0.557578,0.34199718,-0.019428719621686966,0.2293349
exact-r2__7e246fadacbc4777412514b06881f29674ac1928__炸虾菇__v785__glasses__9710d0be__c0.mp4,0.9951348304748535,0.9833756685256958,0.032469586,0.026683167,0.0056378767,-0.02104529,0.28125,0.0063893795,-0.009585464,-0.026831709,-0.0012951080422422398,0.013487113,0.11263304948806763,0.014143936,0.007409267,0.101457305,0.008034028112888336,0.09404804,0.1875,0.11332959,0.10304759,0.08731337,0.0002474316158209068,0.006676872,0.2903225806451613,0.056162894,0.02422142,1.0000001,0.9757787,0.09375,1.0000001,0.9763204,0.9438372,-0.0007989675767959876,0.01329457
exact-r1__fa8822b451db86406868163ad6abd81635c99e4c__爆炸菇（爆炸前）__v1579__bubble__a2820fb2__c0.mp4,0.9241405129432678,0.7903637886047363,0.024041817,0.0036730468,-0.036213055,-0.039886102,0.21875,-0.014010146,-0.038714178,-0.06025487,9.511576288125677e-05,0.011392789,0.15735003352165222,0.0034778118,-0.04253161,0.07048525,0.015052897855639458,0.11301686,0.21875,0.17884767,0.118635856,0.06700744,0.0023479778893139023,0.032198332,0.3548387096774194,0.52948093,0.52364606,0.9999999,0.47635382,0.21875,0.9999999,0.691852,0.47051898,-0.01821228653148818,0.17808092
base-noprop__0d8ae407bd2be6cbaf00e2bc407478bbc70e81c2__蘑菇力__v0__17419925__c0.mp4,0.9974866509437561,0.9886006116867065,0.007938467,-0.00026778877,0.0012520552,0.0015198439,0.25,0.0034771115,-0.0004069968,-0.006686412,-5.1728305010851486e-05,0.0030496544,0.12786449491977692,0.012414798,-0.0016473383,0.124596655,0.011182092130184174,0.126244,0.03125,0.1603439,0.1274575,0.11218186,-0.00043618919797612667,0.01239344,0.0,0.01820016,0.006629586,1.0,0.9933704,0.15625,1.0,0.9900689,0.98179984,-0.00015452120704383278,0.005137325
exact-r1__925f4fc967e14c8e90c385f11e3c899b2fa6c14c__爆炸菇（爆炸前）__v910__flag__913dfdf0__c0.mp4,0.9891884922981262,0.9514299631118774,0.0361315,-0.006813258,-0.0701555,-0.06334224,0.125,-0.054523766,-0.07288301,-0.106287,0.0002630099031495196,0.011715849,0.5679218173027039,0.10979724,0.044332772,0.51814604,0.013375282287597656,0.47381327,0.125,0.5920777,0.4950388,0.4083488,-0.002190777633197139,0.046813518,0.03225806451612903,0.09525299,0.066972375,1.0,0.9330276,0.15625,1.0,0.95300263,0.904747,-0.002709436440660087,0.030650392
base-noprop__18b6b24b18ae837e3278ec0c2498b4f0c0c457b3__毒蘑菇__v0__4f31fb4d__c0.mp4,0.9995169043540955,0.9982880353927612,0.0035799816,0.0017720275,-0.060394533,-0.06216656,0.1875,-0.060374595,-0.062424317,-0.063974515,-1.0925160087318813e-05,0.0009516338,0.04919404163956642,0.010701145,0.0058108084,-0.0073584067,0.0011319241020828485,-0.013169215,0.125,-0.0072353682,-0.013230278,-0.018059552,-2.978696777004669e-05,0.0029043877,0.06451612903225806,0.0069121122,0.0042899847,1.0000001,0.99571013,0.1875,1.0000001,0.9954294,0.993088,-6.677031167439796e-05,0.0015496856
exact-r1__5309b5b3623be09af91500fec7ff1ea85ea1fd9e__吐司菇__v519__coffee__4483e077__c0.mp4,0.9972183108329773,0.989618718624115,0.019871082,-0.0040040277,-0.059891846,-0.05588782,0.125,-0.05337359,-0.061725236,-0.07976293,-0.00016935565235787136,0.0071665538,0.0757763683795929,0.003773014,-0.0008583311,0.013733556,0.01757284626364708,0.014591887,0.125,0.017916154,0.014051139,0.0099605415,1.1413889019436434e-05,0.0018090452,0.0,0.010760665,0.004377842,1.0,0.99562216,0.125,1.0,0.9960433,0.98923934,-0.00017997676020491902,0.0025339182
base-props__b4922b313b5f45658c57e964eec6e061ed1c765b__粽子菇__v718__flag__a54f5f92__c0.mp4,0.9868196845054626,0.9644217491149902,0.0,-0.015579343,0.051342458,0.0669218,0.09375,0.088919014,0.070127204,0.051342458,5.964620197273981e-05,0.008982228,0.397541344165802,0.016054839,0.010160387,0.45668504,0.03382693976163864,0.44652465,0.1875,0.48683077,0.46766853,0.4406302,-0.0003494855420680151,0.013403948,0.0,0.063628316,0.026482463,1.0000001,0.97351766,0.125,1.0000001,0.9657161,0.9363718,-0.0004800395969071889,0.015446192
exact-r2__65fa930a2832ed150be2f5f8c6f3014ee7d827a8__爆炸菇（爆炸后）__v648__flag__9e38806b__c0.mp4,0.9958721399307251,0.9862359166145325,0.0028460845,-0.004626341,-0.0048207343,-0.0001943931,0.28125,0.0145339,0.0040939143,-0.007666819,0.0004180170912459448,0.0072864783,0.10788236558437347,0.011646122,-0.029998548,0.073398024,0.007158771622925997,0.10339657,0.25,0.16001862,0.11197628,0.061751902,0.0022763179893717403,0.030714476,0.0,0.07455844,0.06035477,0.99999994,0.9396452,0.1875,0.99999994,0.96028674,0.9254415,-0.002622311874743406,0.026120197
base-noprop__cd19e3a058e1dc2909d79dd0b89fd5e5cf73511a__粽子菇__v0__e18935fc__c0.mp4,0.9922033548355103,0.9771907329559326,0.0060866475,0.0033198,0.0072460175,0.0039262176,0.0625,0.029661179,0.0110543445,0.00115937,0.00032758948740022287,0.008533522,0.5777853727340698,0.05240202,0.036894917,0.6188024,0.006769552826881409,0.5819075,0.125,0.6199194,0.58883965,0.5664004,-0.0008235765276940831,0.011522624,0.25806451612903225,0.052822232,0.021487713,0.9999999,0.97851217,0.21875,0.9999999,0.97308177,0.94717765,-0.0010863397150270128,0.014662816
generic__30b4282f1742fb0fb6e237b3bacf4fb43522adf0__蘑菇力__v173__crown__17f1e4ea__c0.mp4,0.9965499639511108,0.9779046773910522,0.007527098,0.0027042925,-0.022031933,-0.024736226,0.1875,-0.02160497,-0.025056217,-0.029559031,-0.0001438884692719959,0.0020323081,0.18392883241176605,0.021691233,0.014457896,0.15768977,0.010052530094981194,0.14323187,0.15625,0.18421306,0.15887262,0.13599853,-0.000504586157386251,0.01200801,0.0,0.032034397,0.014281869,1.0000002,0.98571837,0.125,1.0000002,0.9861417,0.96796584,-0.00044401750361813217,0.007979723
base-noprop__7d7630861f0f92a7a3103fc3527dbadc1c0cdc15__爆炸菇（爆炸后）__v0__6fe47f2d__c0.mp4,0.9772236347198486,0.9057141542434692,0.010118693,-0.06714624,0.0041565597,0.0713028,0.03125,0.074477345,0.018878251,-0.0059621334,0.0021742097432574914,0.023781227,0.36530691385269165,0.05637881,-0.059147358,0.39066455,0.015442504547536373,0.4498119,0.1875,0.4498119,0.3841852,0.33428574,0.0024103543057469746,0.034189075,0.1935483870967742,0.34704244,0.34704244,1.0,0.65295756,0.15625,1.0,0.8930844,0.65295756,-0.01027451562654235,0.105608396
exact-r1__efbf0d91c10bbe32864ae440f80f77dc5a2388c8__爆炸菇（爆炸前）__v1505__scooter__c081259c__c0.mp4,0.9565391540527344,0.8429003357887268,0.0011668801,-0.020883441,-0.071861565,-0.050978124,0.09375,-0.038054317,-0.063039966,-0.073028445,0.0007818252929756703,0.009246472,0.46986156702041626,0.09091744,-0.029244602,0.39737123,0.003479412756860256,0.42661583,0.125,0.5298671,0.4068216,0.3064538,0.002940994345984513,0.04886873,0.3225806451612903,0.3027308,0.23203743,1.0000001,0.7679627,0.21875,1.0000001,0.8707148,0.6972693,-0.010364374053006274,0.10607417
exact-r1__f38d3823fc9736b8398e78aa10bbd459e43178eb__蘑菇力__v1531__eyemask__5c177e12__c0.mp4,0.981325089931488,0.9130252003669739,0.012254685,-0.011263698,-0.03867331,-0.027409613,0.1875,-0.020059437,-0.037628613,-0.050927997,0.000114354121982176,0.007013691,0.38876956701278687,0.16394278,0.13079011,0.40154898,0.021824758499860764,0.27075887,0.21875,0.4147312,0.35114092,0.2376062,-0.004518408437540787,0.050571978,0.12903225806451613,0.1791637,0.1660763,1.0000002,0.83392394,0.15625,1.0000002,0.89619094,0.82083654,-0.005055045266567405,0.049728923
exact-r1__62671de5d59372c360feb3d41db56086df4cc5db__爆炸菇（爆炸后）__v619__scooter__9a31e29f__c0.mp4,0.9983050227165222,0.9803140759468079,0.0061921906,0.004148327,-0.022342168,-0.026490495,0.0625,-0.014758206,-0.024489168,-0.028534358,-2.3900686395887548e-05,0.0022185019,0.0003553257556632161,0.006212646,0.005853731,-0.022320759,0.0012426333269104362,-0.02817449,0.0,0.0008411603,-0.024133842,-0.028533405,-1.097724006901884e-05,0.0059603443,0.22580645161290322,0.01939553,0.0018593669,1.0000001,0.99814075,0.09375,1.0000001,0.99728954,0.9806046,-0.00010784150611967746,0.0042689047
base-props__58f1eb94dfa1635a5bd8ef3c9f0f7ca945b65730__爆炸菇（爆炸前）__v337__bubble__f964e72a__c0.mp4,0.9733373522758484,0.7684534788131714,0.04791063,0.035586625,0.01860845,-0.016978174,0.1875,0.01860845,-0.0034924364,-0.02930218,-0.0013545357575776632,0.014305267,0.43985360860824585,0.31448275,0.3135549,0.54342955,0.007614947389811277,0.22987464,0.28125,0.6145843,0.43636116,0.2289468,-0.013912209610064166,0.14742863,0.12903225806451613,0.59032905,0.5798025,1.0,0.42019752,0.28125,1.0,0.7299555,0.40967098,-0.023901093133951876,0.2352363
generic__1f66a501aba063a2796ee4f1f4d6082295197784__汉堡菇__v114__flag__f06d72e5__c0.mp4,0.992469847202301,0.9724002480506897,0.00785519,0.0033079144,0.0024686828,-0.00083923154,0.09375,0.0047433125,0.0007144401,-0.005386507,-4.474005941506414e-05,0.0022473964,-0.009090679697692394,0.009453956,0.0047299135,-0.0090576485,0.0030170243699103594,-0.013787562,0.0625,0.003861701,-0.00837624,-0.018511605,0.0001517834355733751,0.0055731367,0.22580645161290322,0.06968981,0.026048958,1.0,0.97395104,0.1875,1.0,0.96926546,0.9303102,-0.0011592447823268366,0.018722089
base-props__54b808c68379bb80df935fac20da98e5db366a47__蘑菇力__v316__eyemask__a6e4b9f7__c0.mp4,0.9648157358169556,0.8676934242248535,0.0,-0.05153106,-0.0711758,-0.019644737,0.25,-0.012402505,-0.03899799,-0.0711758,0.0016816750829738933,0.01887711,0.2523267865180969,0.014290318,-0.07894926,0.14224644,0.004514304921030998,0.2211957,0.3125,0.3320183,0.21332878,0.12795612,0.005865764257954191,0.06305952,0.06451612903225806,0.33900058,0.18900698,1.0000001,0.81099313,0.09375,1.0000001,0.8336991,0.66099954,-0.00987128477510815,0.10107947
exact-r1__16597e08fbe04aa1b1563b4418564d5f7378092e__爆炸菇（爆炸前）__v144__glasses__c1085498__c0.mp4,0.9917269349098206,0.9749946594238281,0.020085916,0.0016050339,-0.021635864,-0.023240898,0.1875,-0.01689313,-0.024660574,-0.04172178,6.803136750443856e-05,0.005426699,0.03847382217645645,0.03313744,0.021929089,0.032910094,0.0031818568240851164,0.010981005,0.125,0.037220027,0.013813251,-0.00022734702,-0.0004348071815058189,0.00866169,0.06451612903225806,0.06931001,0.036556542,0.9999998,0.9634433,0.09375,0.9999998,0.96857095,0.9306898,-0.0006835543580593402,0.014128171
generic__084b3e71188f9a2159d683c11a6ad5bd65815355__爆炸菇（爆炸后）__v36__crown__8895be78__c0.mp4,0.9912043809890747,0.9664878249168396,0.0044165477,-0.022180721,0.018377945,0.040558666,0.25,0.048074707,0.028856495,0.013961397,0.0008917369352670012,0.010229557,0.09720214456319809,0.020037763,0.016228661,0.13058272,0.008910908363759518,0.11435406,0.21875,0.14467718,0.12605864,0.11054496,-0.00036453592926919055,0.00903353,0.06451612903225806,0.1256522,0.09628785,1.0,0.90371215,0.09375,1.0,0.9443071,0.8743478,-0.0031150429348442074,0.031476956
exact-r2__4684d4e3cc283d2f82a830567f416163b041076b__爆炸菇（爆炸后）__v446__glasses__bf74e4b6__c0.mp4,0.9826810956001282,0.9511414766311646,0.019728482,0.0037722886,0.007167518,0.0033952296,0.15625,0.027830154,0.0063357065,-0.012560964,0.0002898860373192868,0.0093416935,0.3110763132572174,0.10710144,0.051923603,0.35829985,0.011227685026824474,0.30637625,0.1875,0.3919717,0.31741202,0.2511984,-0.002460431597056265,0.03569475,0.12903225806451613,0.10485768,0.08901185,1.0,0.91098815,0.28125,1.0,0.94394124,0.8951423,-0.0028770310350876515,0.029499112
generic__edb1f0c36ee48806d99094bace7f3423c10bdc39__毒蘑菇__v925__eyemask__b5908fb5__c0.mp4,0.9958255887031555,0.9835121035575867,0.008832514,-0.010430276,-0.023029149,-0.012598872,0.25,-0.008496225,-0.01999909,-0.031861663,0.0006160733079717996,0.007249959,0.5175310373306274,0.05455327,0.0028129816,0.5113728,0.0028955750167369843,0.5085598,0.1875,0.51657563,0.4975319,0.45681953,-0.0004283148260060447,0.016031193,0.03225806451612903,0.054092765,0.03662461,1.0000001,0.9633755,0.21875,1.0000001,0.975875,0.94590735,-0.001578370365928668,0.017045166
exact-r1__b8aae01622b539280aab040bd3a45f4a09b87822__毒蘑菇__v1151__crown__d1cd1e76__c0.mp4,0.9873901605606079,0.9399054646492004,0.03556832,0.031177752,-0.031414084,-0.062591836,0.21875,-0.011647642,-0.04398064,-0.0669824,-0.0015794269510482025,0.017432857,0.07449445128440857,0.0017629452,-0.0841364,-0.013967916,0.010368850082159042,0.07016848,0.34375,0.11215161,0.03051381,-0.015730862,0.0033965582987177515,0.0434836,0.0967741935483871,0.18718582,0.14724243,0.99999994,0.8527575,0.21875,0.99999994,0.9200672,0.8128141,-0.005563685380992979,0.06473894
exact-r1__f098f956c8048e901cfef55e3a9c2c1ae2f2ea2b__毒蘑菇__v1512__glasses__f866fd2d__c0.mp4,0.960135281085968,0.9032511711120605,0.05184877,0.05184877,0.033491373,-0.018357396,0.1875,0.054902434,0.019673508,-0.018357396,-0.0009869265416500496,0.016256304,0.5487498044967651,0.09301603,0.08424246,0.58917224,0.01074679009616375,0.5049298,0.15625,0.6244037,0.56842333,0.49615622,-0.0015751276700552465,0.033418708,0.0,0.16861796,0.16777009,1.0,0.8322299,0.1875,1.0,0.9237809,0.83138204,-0.003996834180746578,0.04253035
base-props__0b0e83bd494c16e5170e432e0697b925efbac110__爆炸菇（爆炸后）__v46__crown__3d886017__c0.mp4,0.998428225517273,0.9954054355621338,0.0035614222,-0.0008932911,-0.035023585,-0.034130294,0.125,-0.03127514,-0.034700714,-0.038585007,7.107034202697769e-05,0.0019279139,0.05089730769395828,0.004479005,0.0044195903,0.0154231815,0.0029458501376211643,0.011003591,0.1875,0.024160013,0.016196594,0.010944176,-8.138712503076054e-05,0.0031348292,0.16129032258064516,0.010103524,0.005733609,1.0000001,0.9942665,0.09375,1.0000001,0.99374413,0.9898966,-0.00012115172801476592,0.0025871345
exact-r1__760285ef5947a16af0c940bb34e75f4a00966d63__爆炸菇（爆炸前）__v738__eyemask__2ae27729__c0.mp4,0.9921972751617432,0.938934862613678,0.0058937967,-0.014484614,-0.030382097,-0.015897483,0.21875,-0.0031906664,-0.019393373,-0.036275893,0.0005845102997731596,0.00779502,0.38966888189315796,0.043376893,0.026509643,0.37850204,0.0026476560160517693,0.3519924,0.1875,0.3994593,0.3702755,0.33512515,-0.0007828776328619561,0.01852187,0.0,0.051787555,0.048388064,1.0,0.95161194,0.03125,1.0,0.9642666,0.94821244,-0.0014818169482467213,0.015672432
exact-r1__f16563383dc7f5abb88446494148bd692e6b4a57__毒蘑菇__v1520__glasses__e21d6045__c0.mp4,0.9968478083610535,0.9824701547622681,0.0057091564,0.001756601,0.0016419068,-0.00011469424,0.125,0.003733158,0.0006438128,-0.0040672496,-0.00010047693630336311,0.0018919347,0.0941135436296463,0.000555709,-0.00898727,0.08717496,0.0007354537956416607,0.09616223,0.125,0.10488129,0.094757356,0.08661925,0.00014147028884143234,0.003862395,0.22580645161290322,0.02924341,0.027091622,1.0,0.9729084,0.0,1.0,0.9802461,0.9707566,-0.0008482972591503233,0.009526119
generic__e011acdfa772be70a370c32cc68bd1d67b47e245__爆炸菇（爆炸后）__v877__scooter__becb1965__c0.mp4,0.9875699877738953,0.9660882949829102,0.010953248,-0.054486692,-0.00085920095,0.05362749,0.21875,0.05362749,0.023670666,-0.0118124485,0.0014828857023520203,0.016485304,0.31453031301498413,0.043507397,-0.03720957,0.30411857,0.04128832370042801,0.34132814,0.15625,0.39308208,0.338201,0.26061118,0.001815474736900281,0.03527337,0.06451612903225806,0.0660035,0.046884418,1.0000002,0.9531158,0.15625,1.0000002,0.96359324,0.93399674,-0.0009022183344860349,0.01407146
exact-r2__b84a69fca80b7f3ae9dfc999d5b9896f6e7dc072__粽子菇__v1148__eyemask__e8f2b594__c0.mp4,0.9857041239738464,0.936034083366394,0.011965081,-0.017349958,-0.028355643,-0.011005685,0.1875,-0.003561154,-0.022597037,-0.040320724,0.0007540659809654407,0.010727506,0.15841864049434662,0.09436683,0.044292584,0.17874457,0.004986065439879894,0.13445199,0.15625,0.18481004,0.1358216,0.084377736,-0.0009818867714720513,0.02659487,0.2903225806451613,0.14759141,0.118771434,0.99999994,0.8812285,0.21875,0.99999994,0.925498,0.8524085,-0.004183363726586524,0.042783823
exact-r2__bdebc74b25211ea6cffb432e9c5848b26d88626a__爆炸菇（爆炸后）__v1185__bubble__2caa57df__c0.mp4,0.9731341600418091,0.7863727807998657,0.007832587,-0.0075932145,-0.016146421,-0.008553207,0.1875,0.005385399,-0.011280103,-0.023979008,-0.00017143900388758918,0.0072801327,0.36181193590164185,0.3127554,0.0012275577,0.55745786,0.016961079090833664,0.5562303,0.0625,0.55745786,0.35053185,0.24470247,0.002095371279920131,0.098982915,0.06451612903225806,0.5046901,0.059905767,1.0,0.94009423,0.0625,1.0,0.6625603,0.4953099,0.0027253132564755973,0.15474112
base-noprop__7980439f022908b0edafecd558418e07616aeaf7__炸虾菇__v0__7daff488__c0.mp4,0.9928358793258667,0.9470441341400146,0.0,-0.008699834,-0.07756978,-0.06886995,0.125,-0.051202446,-0.06563051,-0.07756978,0.00019982503590520664,0.0076285615,0.3726946711540222,0.09214121,0.0011017919,0.31367093,0.003778037615120411,0.31256914,0.125,0.3329504,0.30706418,0.22152972,-0.0007081683178888292,0.023537343,0.12903225806451613,0.059883714,0.0036907196,1.0,0.9963093,0.15625,1.0,0.98283565,0.9401163,-0.00033587483891291163,0.014419667
base-noprop__90d2739dfb7858927d0f47919eb4bdb9a91380c7__爆炸菇（爆炸前）__v0__32bc0f09__c0.mp4,0.9924240112304688,0.9668543934822083,0.013083816,-0.0015493929,-0.043114603,-0.04156521,0.15625,-0.036684334,-0.045509964,-0.05619842,-3.57800313541979e-05,0.0045306296,0.5013304948806763,0.0,-0.03194979,0.4134305,0.0028461162000894547,0.4453803,0.15625,0.48974937,0.4558205,0.4134305,-0.0004188500159034848,0.016144605,0.0967741935483871,0.08630943,0.08461976,1.0,0.91538024,0.15625,1.0,0.9398305,0.91369057,-0.0015989358364836201,0.019803818
base-noprop__b281dc2a1f8e99821ca80a015d7a15c12c8925f9__汉堡菇__v0__e02d8808__c0.mp4,0.9794468879699707,0.9511668682098389,0.07915425,0.050444722,0.04787731,-0.0025674105,0.09375,0.04787731,-0.0085425265,-0.03127694,-0.0006809124608368466,0.017611302,0.5957751870155334,0.265559,0.061778605,0.7355114,0.010165813378989697,0.6737328,0.1875,0.7355114,0.5872327,0.46995243,-0.0010600911229411817,0.08425843,0.0967741935483871,0.28235233,0.036962748,1.0000001,0.9630374,0.1875,1.0000001,0.85777056,0.7176478,-0.0005556226781735796,0.09016919
exact-r1__91c39501adafbba839f83b6334e1af2e954a86dc__爆炸菇（爆炸前）__v905__flag__04bc6241__c0.mp4,0.9958091378211975,0.987099826335907,0.026744217,0.019257665,-0.035156697,-0.05441436,0.125,-0.035156697,-0.052229702,-0.061900914,-0.0004381105751673156,0.006387541,0.49426543712615967,0.01349324,0.0031056702,0.44185454,0.01353478990495205,0.43874887,0.15625,0.45883775,0.44203573,0.4283613,-1.2969079255352878e-05,0.0057509854,0.0,0.030705273,0.024948537,0.99999994,0.9750514,0.03125,0.99999994,0.97875285,0.96929467,-0.0006341528682764423,0.008079268
exact-r2__c39c1f9a7737ec2bce1e203f09f772557f7229c4__爆炸菇（爆炸前）__v1223__coffee__4cdd0ec2__c0.mp4,0.9698900580406189,0.9175106287002563,0.010495245,-0.010998994,-0.015720278,-0.004721284,0.125,-0.004721284,-0.013850933,-0.026215523,0.00016233103235096472,0.0052266023,0.3848452568054199,0.038945556,-0.078938514,0.36046472,0.004193579778075218,0.43940324,0.125,0.43940324,0.37099433,0.32151917,0.0010731883969737027,0.025310876,0.03225806451612903,0.12744993,0.10011071,0.99999994,0.89988923,0.15625,0.99999994,0.936036,0.87255,-0.0026598549680101435,0.031191085
exact-r1__48c861a729f66f679642de5c029313df7a318d4d__爆炸菇（爆炸后）__v464__glasses__6d7807e3__c0.mp4,0.9729801416397095,0.8230183720588684,0.028404474,0.00679633,0.039005578,0.032209247,0.15625,0.053093433,0.02762878,0.010601103,-4.274378697281285e-05,0.010271734,0.2510562539100647,0.09051576,0.011413127,0.2918878,0.0057179625146090984,0.28047466,0.125,0.3613745,0.27868503,0.20137203,-0.00028532768034339933,0.034081228,0.1935483870967742,0.15731603,0.110337555,0.9999999,0.8896623,0.125,0.9999999,0.918154,0.84268385,-0.0019426135198811073,0.038971435
exact-r1__f44b249ab205afe2f0029c4e88c48023c974dbc4__蘑菇力__v1540__eyemask__bfca9d9c__c0.mp4,0.9991713166236877,0.9969875812530518,0.0,-0.009581193,-0.020563029,-0.010981835,0.125,-0.010048408,-0.013052913,-0.020563029,0.00010618158033024782,0.0024365962,0.05360807105898857,0.021958116,0.018438667,0.049889706,0.012778609991073608,0.03145104,0.28125,0.050676156,0.040555157,0.02793159,-0.0006919135650226564,0.0072695008,0.0,0.009436488,0.008881509,1.0,0.9911185,0.25,1.0,0.994267,0.9905635,-0.00023331235318586343,0.0024794566
exact-r1__c201cdfec75485fc44ee9bef9bbf95d338e7ceeb__爆炸菇（爆炸前）__v1210__coffee__d6b09413__c0.mp4,0.9668009281158447,0.8278156518936157,0.013151199,-0.00882116,-0.050085425,-0.041264266,0.1875,-0.035513163,-0.04627931,-0.063236624,1.594965288803165e-05,0.006374187,0.3773663341999054,0.12279166,0.08777034,0.3505056,0.0029346221126616,0.26273525,0.15625,0.37868226,0.33108702,0.22771393,-0.002914094011083541,0.036641143,0.22580645161290322,0.33457512,0.30254126,1.0000002,0.697459,0.21875,1.0000002,0.8433155,0.6654251,-0.010032301129571129,0.09686396
base-noprop__c5e43dd5e62f17a4edf36f4eec759833b39bd954__爆炸菇（爆炸前）__v0__dfff2390__c0.mp4,0.9956417679786682,0.9879522919654846,0.0057081953,-0.0088382885,-0.037591465,-0.028753176,0.125,-0.028173283,-0.03465651,-0.04329966,-2.5890271870360505e-05,0.003965049,0.12632951140403748,0.037436403,0.021362916,0.10516543,0.004300703760236502,0.083802514,0.125,0.109455064,0.09167302,0.067729026,-0.00017353643928148978,0.011144207,0.0,0.03291124,0.017075479,1.0,0.9829245,0.09375,1.0,0.98312604,0.96708876,-0.0001562495997224591,0.006906463
exact-r2__29f679c8be6e6b658cdfb3ab8df8254b60f131e5__蘑菇力__v272__flag__86d422b6__c0.mp4,0.9838817119598389,0.943897008895874,0.013084434,-0.004872158,-0.050348997,-0.04547684,0.1875,-0.02452965,-0.04302199,-0.06343343,0.0004942880894256815,0.009579006,0.15455950796604156,0.018343203,-0.042135537,0.096431285,0.0030936349648982286,0.13856682,0.125,0.16087973,0.111537516,0.07808808,0.001448481067840308,0.019274728,0.03225806451612903,0.22159666,0.20826846,0.99999994,0.7917315,0.1875,0.99999994,0.878291,0.7784033,-0.008122089288888402,0.07945478
exact-r2__ed2aed62a6cc33d8917e875c075f9a9da2079de2__汉堡菇__v1487__bubble__d6169561__c0.mp4,0.9816257953643799,0.906676173210144,0.017372131,-0.036200285,-0.00079500675,0.03540528,0.21875,0.041138858,0.017094549,-0.018167138,0.0020373672618369545,0.021008179,0.23821322619915009,0.23547147,0.19059713,0.37050608,0.009770376607775688,0.17990895,0.28125,0.37050608,0.25530776,0.1350346,-0.008716492692440127,0.08734345,0.0,0.53206825,0.42000222,0.9999999,0.57999766,0.28125,0.9999999,0.73614395,0.46793166,-0.020287992345316648,0.19850345
generic__93cc4475cf0b1f25f9c50b862890b75be78a9117__汉堡菇__v590__coffee__8a5d7974__c0.mp4,0.9741081595420837,0.9148290157318115,0.0,-0.02278784,-0.06242594,-0.039638102,0.15625,-0.014815837,-0.04170079,-0.06242594,0.0006264121465581602,0.010814738,0.4996589422225952,0.036876827,-0.034382552,0.44942394,0.0096547557041049,0.4838065,0.15625,0.5115564,0.45795813,0.4125471,0.0007721281602235992,0.02241833,0.0,0.13202745,0.06364071,0.99999994,0.9363592,0.09375,0.99999994,0.9267454,0.8679725,-0.0013133552351480141,0.030655203
base-props__9988ed6b8baec6b7f72e2a2f31784ecde8be7eb5__粽子菇__v623__scooter__fee93b7f__c0.mp4,0.9969384074211121,0.9880163073539734,0.0022938773,-0.0034165941,-0.0107666105,-0.0073500164,0.21875,-0.0039918125,-0.0082696,-0.013060488,8.345181272635515e-05,0.0024342106,0.06469988077878952,0.008856151,0.0020833723,0.055771835,0.005201238207519054,0.053688463,0.03125,0.07374512,0.05643028,0.046915684,-0.00014319150678572935,0.0049739224,0.0,0.028021097,0.016211092,1.0000001,0.983789,0.1875,1.0000001,0.98475015,0.971979,-0.000443414378026352,0.007024292
base-noprop__1cf0944b8af6ac43f6f7e794a0d68118b7de888c__吐司菇__v0__bc7f735e__c0.mp4,0.9989271759986877,0.9913175702095032,0.006138783,0.0037515834,-0.053732276,-0.05748386,0.125,-0.053732276,-0.05687453,-0.05987106,-5.418290192933295e-05,0.0012966048,0.055351197719573975,0.009672457,0.004874737,0.0043856287,0.000366912194294855,-0.00048910826,0.15625,0.0043856287,-0.0015233291,-0.0052868286,-3.4073479478711804e-05,0.002088735,0.2903225806451613,0.0096901655,0.006677687,1.0,0.9933223,0.1875,1.0,0.9945183,0.99030983,-0.0002521634582550102,0.0026477692
exact-r1__b9d03992ce73a0fe5e4ee03adacf38bbabd0be7f__粽子菇__v1158__eyemask__bc8b377f__c0.mp4,0.97776198387146,0.9329673051834106,0.0028366148,-0.026467234,0.0716635,0.09813073,0.09375,0.11935449,0.092887335,0.068826884,0.00012595459403705276,0.014198815,0.46953046321868896,0.12464023,0.06591374,0.5863982,0.024965889751911163,0.52048445,0.28125,0.65850526,0.56241775,0.46175796,-0.004038572792083979,0.05398013,0.0967741935483871,0.26272833,0.23264557,0.9999999,0.7673543,0.3125,0.9999999,0.8437213,0.73727155,-0.008205058648526806,0.08127324
generic__13eda229e23f72de63829ca2a162c20a3b56bf44__吐司菇__v72__bubble__b7a22711__c0.mp4,0.9885771870613098,0.967841625213623,0.011262573,0.0037238672,-0.04987476,-0.053598627,0.15625,-0.035635725,-0.05066614,-0.061137334,-0.0004735803900729013,0.006279875,0.16621580719947815,0.014172964,-0.043546386,0.09745776,0.0038848412223160267,0.14100415,0.1875,0.14741606,0.11554967,0.083284795,0.00017189408059824647,0.016527563,0.06451612903225806,0.11730832,0.10219151,0.9999999,0.8978084,0.09375,0.9999999,0.93056595,0.88269156,-0.002367285831320663,0.02521804
exact-r1__3473624e34e6ca3ec276f7ca9440e71c53e468d5__蘑菇力__v349__scooter__7b69306e__c0.mp4,0.984003484249115,0.910062313079834,0.01357919,0.007848978,-0.020066917,-0.027915895,0.15625,-0.015367389,-0.0254258,-0.033646107,-0.00035173276062410336,0.004519266,0.5532097220420837,0.13415495,0.11850488,0.5849737,0.015731293708086014,0.4664688,0.3125,0.58659977,0.5277839,0.45081875,-0.004929099641631059,0.049735975,0.0,0.2961731,0.28623605,1.0000004,0.7137643,0.34375,1.0000004,0.84497714,0.70382726,-0.011748616919576911,0.1153083
base-noprop__f4d25ec51527a18f0ee61a4803329a4966535857__爆炸菇（爆炸前）__v0__76db88a8__c0.mp4,0.9618575572967529,0.8508850336074829,0.031273186,-0.0056113005,-0.016320229,-0.010708928,0.1875,-0.0054160953,-0.021610755,-0.047593415,8.312076920113564e-05,0.009822689,0.48954761028289795,0.1560123,0.017533243,0.5151093,0.010114708915352821,0.49757606,0.15625,0.51654613,0.46793687,0.359097,-0.0005469270094223894,0.031027315,0.06451612903225806,0.15002692,0.08501214,0.99999994,0.9149878,0.1875,0.99999994,0.9160112,0.849973,-0.002066958269590475,0.042495467
exact-r2__f2e592fdf9ea64c3001a6620ae7f5abcb234e05b__毒蘑菇__v1529__glasses__18a1a004__c0.mp4,0.9265349507331848,0.6999437808990479,0.022963434,-0.076290935,-0.02395758,0.052333355,0.09375,0.052333355,-0.00659589,-0.046921015,0.002131522548469629,0.02776785,0.3851514458656311,0.05407685,-0.27966157,0.27002993,0.004646821413189173,0.5496915,0.125,0.5944254,0.3785556,0.21595308,0.011387962203396383,0.11761082,0.3225806451612903,0.683614,0.64897704,1.0,0.35102296,0.3125,1.0,0.67657423,0.316386,-0.025858909569003337,0.24920082
generic__e9b94ecc359c2f277ccefaf7095c17b14b261bcc__爆炸菇（爆炸前）__v909__coffee__12dbfcb7__c0.mp4,0.9970039129257202,0.9898911714553833,0.008530252,-0.015350424,-0.05745046,-0.042100035,0.21875,-0.041536182,-0.052026927,-0.06598071,0.0008309872881058706,0.008490285,0.03925177454948425,0.00891432,-0.03439012,-0.025494942,0.0023569809272885323,0.008895179,0.1875,0.008895179,-0.012775157,-0.034409262,0.0015801077393153967,0.015597216,0.12903225806451613,0.06979638,0.06916082,1.0000001,0.9308393,0.28125,1.0000001,0.962337,0.93020374,-0.0027582182103762123,0.026204044
base-props__36be73a15cf37206fd7e42ba1a164bb08d4ac477__粽子菇__v192__eyemask__a30556fd__c0.mp4,0.9658282995223999,0.877387285232544,0.016615674,-0.05096951,0.012403339,0.06337285,0.1875,0.06337285,0.040362947,-0.0042123348,0.0014353797462416538,0.019294754,0.3187834620475769,0.03485258,-0.17157215,0.25957185,0.01110025867819786,0.431144,0.28125,0.43817443,0.3591464,0.22471927,0.006939373301380372,0.070837125,0.12903225806451613,0.23093295,0.22033119,1.0,0.7796688,0.0625,1.0,0.8396295,0.76906705,-0.0067440685201599964,0.06924033
exact-r1__6dd3305af84339168c5003d4bf2d991700333485__吐司菇__v699__flag__5a52fed1__c0.mp4,0.9948738217353821,0.9852362275123596,0.044365086,0.03245806,-0.03108181,-0.06353987,0.1875,-0.03108181,-0.054146264,-0.075446896,-0.0012039543891494931,0.013255016,0.19342945516109467,0.121720605,0.09021897,0.20011768,0.009179851040244102,0.10989871,0.09375,0.20011768,0.13928318,0.07839707,-0.0033649732317786365,0.035487138,0.0,0.05966896,0.05215472,1.0000001,0.9478454,0.15625,1.0000001,0.9674154,0.94033116,-0.0018629942449830935,0.01819234
exact-r1__f38c85c9dbbd6fe91ebb9c9d9e17e6640548549d__蘑菇力__v1530__eyemask__64ba8978__c0.mp4,0.9915868639945984,0.961415708065033,0.024710372,0.014705375,-0.019906059,-0.034611434,0.1875,-0.0154186785,-0.03177085,-0.04461643,-0.0006925196023630613,0.009602744,0.2127383053302765,0.1449917,0.1449917,0.21994528,0.007035333663225174,0.07495358,0.3125,0.33158532,0.18096745,0.07495358,-0.005852754357546737,0.07279234,0.06451612903225806,0.10278392,0.10278392,1.0,0.8972161,0.28125,1.0,0.9501811,0.8972161,-0.0031916018892243114,0.034515385
generic__b2678863871b99530ba9e74fef126b3d90508f99__粽子菇__v712__flag__594ae7a3__c0.mp4,0.998928964138031,0.9952351450920105,0.0,-0.0037896708,-0.053185802,-0.04939613,0.1875,-0.04178549,-0.047759987,-0.053185802,7.635269032741932e-05,0.0030447398,0.07370787113904953,0.0019042455,-0.0045544803,0.023911636,0.013292275369167328,0.028466117,0.15625,0.028906511,0.025947887,0.02200739,0.00010173062587708643,0.0017068963,0.0,0.012620211,0.009481192,0.99999994,0.99051875,0.15625,0.99999994,0.99354184,0.9873797,-0.00036481527551526153,0.004004534
base-noprop__54b808c68379bb80df935fac20da98e5db366a47__毒蘑菇__v0__e031863b__c0.mp4,0.999306857585907,0.9985371828079224,0.0,-0.0035088453,-0.018076798,-0.014567953,0.09375,-0.010891914,-0.013331881,-0.018076798,3.748725487951607e-05,0.0014195628,0.04647983983159065,0.0,-0.0010986868,0.030737774,0.005343592260032892,0.03183646,0.125,0.035251163,0.033147953,0.030737774,2.5451687216497234e-05,0.0010689308,0.0,0.009648979,0.008069932,1.0,0.99193007,0.15625,1.0,0.99412477,0.990351,-0.00020856272614943876,0.002148068
generic__9913e00ce076c968bc96c617de2d2d16bf2971d3__毒蘑菇__v622__crown__7885a7b0__c0.mp4,0.989409327507019,0.970915675163269,0.013762355,0.0047580004,-0.03335476,-0.03811276,0.15625,-0.015279472,-0.03202725,-0.047117114,0.00019966218828106145,0.0076403343,0.6331993341445923,0.144889,0.050995946,0.68020976,0.009492222219705582,0.6292138,0.25,0.68020976,0.6011721,0.53532076,-0.00014458550823048366,0.04135736,0.0,0.14877713,0.022934675,1.0000002,0.97706556,0.28125,1.0000002,0.93557525,0.8512231,0.00021725245191556736,0.043657113
exact-r1__6474718652c3298f3ac628f29426024c3a14fa73__炸虾菇__v630__scooter__a8183c89__c0.mp4,0.9984762668609619,0.9937331676483154,9.009987e-05,-0.0125071,-0.0085921325,0.003914967,0.21875,0.0057375804,-5.13508e-07,-0.008682232,0.00040468267066802953,0.0043404647,0.07269413769245148,0.00632393,-0.019896124,0.061210137,0.008097900077700615,0.08110626,0.25,0.0846585,0.07269362,0.054886207,0.0008971002499116843,0.009747754,0.03225806451612903,0.03389162,0.030081093,1.0,0.9699189,0.03125,1.0,0.9795903,0.9661084,-0.0011085672768329552,0.012032927
exact-r2__34495e2b0882ddeaad3237f3947906d32c637b3c__爆炸菇（爆炸后）__v347__coffee__78676887__c0.mp4,0.9899600744247437,0.9630911350250244,0.044488207,-0.0017747805,0.012950964,0.014725745,0.15625,0.023278885,-0.0034364671,-0.031537242,0.0003812994993676884,0.014899561,0.11892829835414886,0.016102448,-0.02050589,0.11252184,0.008471138775348663,0.13302773,0.125,0.14561933,0.11549183,0.096419394,0.0006036067892226504,0.012018387,0.16129032258064516,0.06505716,0.042268455,1.0000001,0.95773166,0.15625,1.0000001,0.9637252,0.93494296,-0.0012994462028801108,0.016179593
exact-r2__795ea87e86ea2b176586612ac5417582a9a6aade__毒蘑菇__v756__flag__8e4f927d__c0.mp4,0.9941233992576599,0.9688034057617188,0.006263934,-0.003661126,-0.039384946,-0.03572382,0.25,-0.030018643,-0.038003065,-0.04564888,-4.7365461593587665e-05,0.0039977985,0.15975956618785858,0.054567568,0.02055794,0.13796693,0.01053800992667675,0.11740899,0.15625,0.17306039,0.12175651,0.08339936,-0.0015750447427444229,0.024467409,0.0,0.044152617,0.029787898,1.0000001,0.9702122,0.1875,1.0000001,0.97568387,0.9558475,-0.0011168286925361604,0.01414365
exact-r1__9105e103aa4a36f27aede759ea75c7879796a8fc__粽子菇__v900__crown__401bb7e3__c0.mp4,0.9565673470497131,0.8388096690177917,0.025572345,0.025572345,0.07255626,0.046983913,0.03125,0.23852932,0.082705416,0.046983913,0.00044096383072239343,0.034627914,0.29290372133255005,0.13622075,0.13622075,0.38173383,0.022639237344264984,0.24551308,0.1875,0.4723243,0.3756091,0.24551308,-0.0011540492477654647,0.059564274,0.12903225806451613,0.33346272,0.08266193,1.0,0.9173381,0.09375,1.0,0.9089991,0.6665373,-0.0026315922392777776,0.06450141
exact-r2__5ce68a5ba0874b66f9821e844283d9113ab37ebd__吐司菇__v584__scooter__5f03dc73__c0.mp4,0.9750808477401733,0.8550118803977966,0.019770183,0.007248737,-0.025489204,-0.03273794,0.1875,-0.013605192,-0.02806999,-0.045259386,-0.0004955242992900426,0.008816817,0.2045661211013794,0.0020154975,-0.33848628,0.048635572,0.012104433961212635,0.38712186,0.0,0.4403204,0.17649615,0.046620075,0.014785582216762419,0.15575884,0.03225806451612903,0.90904284,0.9070209,1.0,0.092979066,0.28125,1.0,0.6849756,0.09095714,-0.03678817778437934,0.38190886
exact-r1__9700a7a9addc20582629c6dd1fdb667f2d2cb24b__毒蘑菇__v938__bubble__ca71b52b__c0.mp4,0.962461531162262,0.8708460927009583,0.0039348304,-0.015161902,-0.028660476,-0.0134985745,0.03125,-0.0010454357,-0.02358988,-0.032595307,0.0004984225799217594,0.007902336,0.3555912375450134,0.17349638,-0.06877658,0.3657244,0.0030381446704268456,0.434501,0.21875,0.45364058,0.3320014,0.19222803,-0.0012555250958088781,0.065369226,0.0967741935483871,0.52839553,0.11925328,1.0000001,0.88074684,0.1875,1.0000001,0.8445269,0.4716046,-0.010306460449685069,0.16894226
exact-r2__d9b45e907f3f46e26cc2c0c367c828a5ba9ab34c__汉堡菇__v1361__flag__17c31c4e__c0.mp4,0.9968082904815674,0.9885412454605103,0.0037857518,-0.0050354674,-0.0026772246,0.0023582429,0.21875,0.0045149475,-0.0016285653,-0.0064629763,0.00014510180574467613,0.002827051,0.05880430340766907,0.008455884,-0.046132185,0.040650837,0.006905725225806236,0.08678302,0.3125,0.08711064,0.05717574,0.032194953,0.0013622379639183244,0.014808327,0.0,0.057423055,0.056688547,0.99999994,0.9433114,0.125,0.99999994,0.96916777,0.9425769,-0.0020256368033696884,0.020710781
base-noprop__3832d04a1cb8b144cb27edf994f26444ef4fd338__毒蘑菇__v0__622f1af8__c0.mp4,0.9977343082427979,0.9933549761772156,0.0018159822,0.00057578087,0.01050058,0.009924799,0.25,0.014440261,0.012136074,0.008684598,-4.47443122442949e-05,0.0015429116,0.047201961278915405,0.00072704256,-0.0030532852,0.05504047,0.007446113508194685,0.058093756,0.25,0.063632935,0.059338037,0.05431343,-0.00011185828467989307,0.003010178,0.0,0.02232951,0.008400023,1.0,0.9916,0.21875,1.0,0.9896477,0.9776705,-0.0002927075077361402,0.0056319423
base-noprop__050d465c02a6aedcb83961a3f85cf51de88d0d3e__毒蘑菇__v0__e268c9f8__c0.mp4,0.9988217353820801,0.9975607395172119,0.0,-0.006478846,-0.03283397,-0.026355125,0.125,-0.020019637,-0.024515096,-0.03283397,3.2286143307286796e-05,0.0030951279,0.042838193476200104,0.0,-0.0065067494,0.012989013,0.005379313603043556,0.019495763,0.1875,0.022188896,0.018323101,0.012989013,0.00012892640664862218,0.0028363483,0.0,0.007622719,0.0056602955,1.0000002,0.99433994,0.03125,1.0000002,0.99452627,0.9923775,-0.00011921739560765046,0.0016520247
exact-r1__3929a8b7e6afe5fd1810927be8a57f7894a5ecbb__粽子菇__v373__flag__30ad4720__c0.mp4,0.9903311133384705,0.9430789351463318,0.015587568,0.010266729,-0.0010509044,-0.011317633,0.125,0.009918168,-0.007855682,-0.016638473,-0.0002802705168287076,0.006106195,0.11465050280094147,0.053409114,0.047392696,0.13908252,0.006844625808298588,0.091689825,0.15625,0.13908252,0.10679482,0.08567341,-0.0014469614798678283,0.015862374,0.2903225806451613,0.14619088,0.13956088,1.0000001,0.86043924,0.3125,1.0000001,0.92568684,0.85380924,-0.005889996449269125,0.05730837
exact-r2__b872a91da124369a0db4f6c8e1f348f11ee5ee45__粽子菇__v1150__eyemask__7cba3ab5__c0.mp4,0.9991523027420044,0.9957268238067627,0.0059293844,0.00047638267,0.02654647,0.026070088,0.1875,0.029906832,0.026413366,0.020617086,-0.00013064466283009316,0.0024250366,0.04900530353188515,0.0191978,0.013530202,0.08433289,0.020135071128606796,0.07080269,0.15625,0.08860029,0.075418666,0.06513509,-0.000546675221857959,0.0058611142,0.0,0.010661781,0.0084728,0.9999999,0.9915271,0.1875,0.9999999,0.99446905,0.9893381,-0.000254960615963504,0.0028278765
base-props__152077a5b2e9ecb98c83d24bd2c2d3c0ce349e29__炸虾菇__v75__crown__25e13e4c__c0.mp4,0.9865063428878784,0.9540443420410156,0.022250444,0.0002632439,-0.010970086,-0.01123333,0.125,-0.0076932907,-0.014985714,-0.03322053,-5.974775436948869e-05,0.004990397,0.3247777223587036,0.053762108,0.02798915,0.28425783,0.003742354456335306,0.25626868,0.1875,0.4022002,0.30979204,0.23049572,-0.003481281006331831,0.046043895,0.3870967741935484,0.120728314,0.015734315,0.9999999,0.98426557,0.21875,0.9999999,0.94576067,0.87927157,0.0015809533249073538,0.033957604
exact-r2__91446ea62cb3f54e6d1bd638f46c2302dc00f82d__爆炸菇（爆炸前）__v903__flag__50b4ea47__c0.mp4,0.9916748404502869,0.98038250207901,0.0,-0.019998267,-0.043080345,-0.023082078,0.1875,-0.011473119,-0.024955306,-0.043080345,0.000659172741363037,0.008702273,0.14012491703033447,0.008779958,0.005745366,0.111025944,0.013371177017688751,0.10528058,0.1875,0.13286704,0.115169615,0.10224599,-2.0673551768760988e-05,0.007114157,0.0,0.07803613,0.06475413,1.0,0.9352459,0.03125,1.0,0.95627046,0.9219639,-0.002512490469689216,0.026324563
exact-r1__63906d5df56c7aab4ab721f0d0f9233c71af9c5f__爆炸菇（爆炸后）__v626__scooter__3e4bbfb7__c0.mp4,0.9903457164764404,0.958512544631958,0.009162195,0.00023842603,0.038412407,0.03817398,0.21875,0.04516588,0.036109336,0.029250212,0.00012624638135984713,0.004549876,0.06954217702150345,0.054527134,0.036729455,0.14275248,0.0030212935525923967,0.10602303,0.25,0.14275248,0.10565151,0.08822535,-0.0006012610853526748,0.012315122,0.3870967741935484,0.079616904,0.0400154,1.0000001,0.9599847,0.1875,1.0000001,0.95986134,0.9203832,-0.001061025580877405,0.02076471
exact-r1__b4dda76fcb4d5ce0a269d5bda4ab6bd412c2999d__炸虾菇__v1117__bubble__ce8000e2__c0.mp4,0.9825356006622314,0.8897547721862793,0.0029325038,-0.012055337,-0.02898258,-0.016927242,0.1875,-0.013246,-0.023455648,-0.031915084,0.00045293828477957314,0.005396969,0.19901499152183533,0.049740955,0.009288147,0.17774954,0.010966792702674866,0.1684614,0.21875,0.24252927,0.17555936,0.12800859,-0.0018745659962514907,0.032181654,0.0,0.40681112,0.40681112,1.0,0.5931889,0.1875,1.0,0.84217465,0.5931889,-0.014768105022106686,0.14542545
base-noprop__cf4cabe622b3f02cfc5256b5fcd31ea8829ff9ce__粽子菇__v0__e96afd9a__c0.mp4,0.9841363430023193,0.9615498185157776,0.05203128,0.008558512,0.038658977,0.030100465,0.21875,0.050747693,0.019632533,-0.013372302,-0.00018068416115125892,0.020500407,0.36744409799575806,0.10819551,0.01620537,0.41674256,0.013809415511786938,0.4005372,0.15625,0.4586572,0.38707662,0.30854705,-0.0015952813212385514,0.03321158,0.0,0.10618651,0.03049004,1.0,0.96950996,0.15625,1.0,0.94623494,0.8938135,-0.001055286295952315,0.026922168
base-props__db8515de9bb0464fda393bf87d44ee920714f2f6__毒蘑菇__v851__coffee__ff0eaf80__c0.mp4,0.9950254559516907,0.9837566018104553,0.015936092,0.00354819,-0.056598052,-0.060146242,0.15625,-0.05441861,-0.06077578,-0.072534144,4.242204096921933e-05,0.0042062392,0.22682425379753113,0.019935146,-0.049427897,0.14501643,0.001453446689993143,0.19444433,0.15625,0.21732432,0.16604847,0.12508129,0.0008057523109128094,0.029245997,0.2903225806451613,0.036127687,0.03171289,1.0000001,0.9682872,0.25,1.0000001,0.9787673,0.96387243,-0.0007464922309096271,0.010498834
generic__948cf55caa00a45bfcc117ea6e39a73bdfffbf47__汉堡菇__v596__glasses__24eda22f__c0.mp4,0.9857722520828247,0.9010554552078247,0.048160166,0.021934837,-0.021159232,-0.04309407,0.09375,0.011874437,-0.027092919,-0.0693194,-0.0014384332279568195,0.021971349,0.3818355202674866,0.01847288,0.009712487,0.33606493,0.009475287050008774,0.32635245,0.03125,0.42122865,0.35474265,0.31759205,-0.001574674861565699,0.034844488,0.0,0.19948316,0.063414454,1.0000001,0.93658566,0.15625,1.0000001,0.93184984,0.80051696,-0.0014138209832902941,0.050516084
base-props__ba3abbfec8cf023cadbbc300cee7b52e6fbf4c0a__粽子菇__v739__crown__1c99a3d6__c0.mp4,0.9959074258804321,0.9926080703735352,0.0021673888,-0.002686724,0.009941056,0.01262778,0.1875,0.019973934,0.013906737,0.0077736676,7.424915968672647e-05,0.0036677318,0.24096089601516724,0.004143879,-0.010964736,0.2438987,0.0028279810212552547,0.25486344,0.125,0.27844703,0.2548676,0.23975483,0.00016340314850342864,0.009398953,0.22580645161290322,0.017897606,0.01423651,1.0000001,0.9857636,0.0625,1.0000001,0.98815197,0.9821025,-0.00022929173804095662,0.0038832712
base-noprop__5cd87e0e73b2c6ed3b794bb426544d934c63d371__汉堡菇__v0__64ad9a5e__c0.mp4,0.995022714138031,0.9862192273139954,0.0008930564,-0.0030218065,0.051172495,0.0541943,0.09375,0.071311355,0.058763023,0.05027944,1.802333682513469e-05,0.0059618847,0.5101208686828613,0.008678138,0.008678138,0.55899143,0.03231766074895859,0.5503133,0.1875,0.5858175,0.5688839,0.5503133,-0.000492936672091116,0.009513783,0.0,0.033646762,0.0064648986,0.99999994,0.99353504,0.1875,0.99999994,0.98509073,0.9663532,-0.00016686740902159764,0.01003354
base-noprop__682f7d8fb59392161e4d92c0884afcd19b380053__炸虾菇__v0__e8b22ffd__c0.mp4,0.9802197813987732,0.9342378973960876,0.020528734,-0.0022556186,-0.004950881,-0.0026952624,0.15625,0.018297434,-0.0017718878,-0.025479615,0.0005587554725209286,0.011208473,0.622312605381012,0.07387167,0.0596205,0.6485038,0.010638972744345665,0.5888833,0.25,0.67031544,0.62054074,0.5746321,-0.001480826490785349,0.023254259,0.1935483870967742,0.111985564,0.108218074,1.0,0.8917819,0.21875,1.0,0.9471909,0.88801444,-0.003302072925913699,0.033094622
exact-r1__24e0c0d7674fed7268d1287a7bec816936c45c1e__炸虾菇__v232__eyemask__68535f4b__c0.mp4,0.9967043399810791,0.9924298524856567,0.009630915,0.002983924,-0.0183311,-0.021315023,0.21875,-0.0125059225,-0.017576767,-0.027962014,-0.00035474349777391765,0.004658973,0.06526080518960953,0.009722296,-0.0016135536,0.049333114,0.0013661872362717986,0.050946668,0.21875,0.059258603,0.047684036,0.039610818,-0.0002226666465423488,0.0046231532,0.12903225806451613,0.042165518,0.037685513,1.0000001,0.9623146,0.15625,1.0000001,0.9792533,0.9578346,-0.0011521690030776013,0.011250259
exact-r2__c62ad43dbd93c19b400a64a74e75a09af8e0c782__汉堡菇__v1238__glasses__e995fbb2__c0.mp4,0.9774752855300903,0.9129672646522522,0.009834856,0.0064996183,0.04242915,0.03592953,0.03125,0.07653099,0.04731613,0.032594293,-0.0005071368341571761,0.013408925,0.4391709268093109,0.054388523,0.04371667,0.51487637,0.030774150043725967,0.4711597,0.09375,0.51911086,0.48648706,0.46048784,-0.0016283389464938202,0.018899478,0.0,0.14809144,0.080366015,1.0,0.919634,0.125,1.0,0.93054265,0.85190856,-0.0026096330076193597,0.03835859
generic__354f3e4b6107ffa5548e933c67773e98971848fa__蘑菇力__v186__flag__4fbe881f__c0.mp4,0.9894749522209167,0.969199001789093,0.031455338,0.018094659,-0.041913807,-0.060008466,0.125,-0.038361013,-0.057995062,-0.073369145,-0.0006109672513875109,0.009710532,0.5898063778877258,0.09478676,-0.011484444,0.55719876,0.018597107380628586,0.5686832,0.1875,0.5800775,0.5318113,0.462412,1.6779985683067936e-05,0.0360565,0.0,0.06068325,0.035951912,1.0,0.9640481,0.15625,1.0,0.9681885,0.93931675,-0.0007082501486424172,0.016244864
base-noprop__4d17fcfde00cb2ae6b544f6fb2233f9c5e1c98bb__吐司菇__v0__50503f43__c0.mp4,0.9981883764266968,0.9903442859649658,0.013086766,0.002159208,-0.07758519,-0.0797444,0.28125,-0.075651556,-0.08248088,-0.09067196,-1.0114736702087995e-05,0.0048099407,0.4388192594051361,0.022575945,0.010772973,0.356923,0.015402138233184814,0.34615004,0.1875,0.37564045,0.35633835,0.33434707,-0.0007249326322260425,0.01151956,0.0,0.013822556,0.008135855,1.0,0.99186414,0.21875,1.0,0.99117863,0.98617744,-0.0001679552047133584,0.0038476544
exact-r1__34b54af8a5899c7c22353eaac7f1689280af08bd__蘑菇力__v350__scooter__5163f449__c0.mp4,0.9931556582450867,0.962952196598053,0.002623709,-0.0068966113,-0.0111912,-0.004294589,0.1875,-0.0010358393,-0.007278704,-0.013814909,0.00019905093444178088,0.0033402203,0.036694254726171494,0.005078651,-0.017359514,0.024542328,0.024663615971803665,0.04190184,0.125,0.043280557,0.029415548,0.019463677,0.0007511127236247326,0.008720147,0.0,0.09440017,0.01979506,1.0,0.98020494,0.15625,1.0,0.9756264,0.90559983,-4.996389937188432e-05,0.021629384
exact-r2__5db4894bfeddbd04cfb6a00ed191a0e8200cac35__炸虾菇__v587__coffee__d00d573a__c0.mp4,0.9668479561805725,0.8720910549163818,0.0036493838,-0.033080563,-0.06539874,-0.032318175,0.125,0.0038557649,-0.039952822,-0.06904812,0.0019432968812341895,0.023450533,0.2918716073036194,0.007638499,-0.096248314,0.19118078,0.0069281901232898235,0.2874291,0.09375,0.3769643,0.2519188,0.18354228,0.005257876128329734,0.062117383,0.12903225806451613,0.18631339,0.116255105,1.0000001,0.883745,0.25,1.0000001,0.915502,0.8136867,-0.0057709185717916755,0.06211804
generic__45467bec2e9b047dee0217f2ce7f25cf3110e190__爆炸菇（爆炸前）__v255__scooter__aa891a52__c0.mp4,0.9843928217887878,0.9501093626022339,0.03654179,0.026029482,0.0022614002,-0.023768082,0.15625,0.0022614002,-0.016762914,-0.03428039,-0.00036539848555218116,0.008067945,0.24311676621437073,0.09692767,0.08302833,0.2771999,0.006084988359361887,0.19417156,0.1875,0.2875308,0.22635385,0.18027222,-0.0005581544499155986,0.023929702,0.0,0.16945302,0.16401434,1.0,0.83598566,0.15625,1.0,0.89216375,0.830547,-0.0037768913919100397,0.04346733
exact-r1__d9c72591547a6b046fa0ac574d4e8ba2273f59df__汉堡菇__v1362__flag__a96a2d87__c0.mp4,0.9897435307502747,0.9577794075012207,0.07090078,0.011826381,0.01500845,0.0031820685,0.15625,0.026039094,-0.0012568082,-0.055892333,0.0005034684801687239,0.019733354,0.19042447209358215,0.0647271,-0.007201344,0.19218776,0.01024718303233385,0.1993891,0.1875,0.29130152,0.18916765,0.12746066,0.0017311544023738254,0.036515053,0.0,0.09217948,0.023784757,1.0000001,0.97621536,0.125,1.0000001,0.9684652,0.90782064,-0.00047715242045364787,0.02165537
base-props__1f66a501aba063a2796ee4f1f4d6082295197784__汉堡菇__v114__flag__f06d72e5__c0.mp4,0.9925787448883057,0.9781869649887085,0.011549057,0.00027086772,-0.0012840666,-0.0015549343,0.15625,0.006911125,-0.003924307,-0.012833124,0.0002617090170632204,0.004660001,-0.007396732456982136,0.019336006,0.0065352134,-0.0013005044,0.0060339439660310745,-0.007835718,0.25,0.0015887208,-0.01132104,-0.02063651,0.00017249274553725587,0.006983532,0.3225806451612903,0.05088842,0.046801507,1.0,0.9531985,0.25,1.0,0.97152436,0.9491116,-0.001320477323797782,0.01309731
base-noprop__2770a5b18a2168d768e14e05d09d180635a509fa__吐司菇__v0__8eef82a6__c0.mp4,0.9799104332923889,0.9311395287513733,0.0,-0.0086221695,-0.03586048,-0.02723831,0.28125,0.005545467,-0.014983494,-0.03586048,-7.239921439078979e-06,0.013236156,0.47313356399536133,0.084089935,-0.023599267,0.44333124,0.004457895644009113,0.4669305,0.09375,0.5001861,0.45815003,0.3592413,-0.0005249389968921591,0.026376324,0.25806451612903225,0.10366553,0.019548774,1.0,0.9804512,0.1875,1.0,0.95348585,0.89633447,-0.0010541652785368055,0.034963354
exact-r1__4738bebba8757a16e0b094a37be38bbf14855865__爆炸菇（爆炸后）__v453__glasses__9e868055__c0.mp4,0.9531821012496948,0.8069286942481995,0.030714989,-0.018878639,0.024556577,0.043435216,0.125,0.08400211,0.040803187,-0.0061584115,0.0018009851438121711,0.027156329,0.4338095784187317,0.084222645,0.031177789,0.50830764,0.005356358364224434,0.47712985,0.15625,0.517452,0.47461277,0.424085,-0.0017553645123309582,0.02573434,0.0967741935483871,0.23859274,0.20496881,1.0,0.7950312,0.3125,1.0,0.88287723,0.76140726,-0.008233702296385634,0.08323236
generic__7327bccf5c0ab9eaa9686f4bb89d430405eb16a3__炸虾菇__v446__bubble__82feee5f__c0.mp4,0.9883188605308533,0.9543973207473755,0.0028639734,-0.011989616,-0.047431327,-0.03544171,0.0625,-0.034055904,-0.04391516,-0.0502953,0.0003675451991080007,0.004443327,0.09529316425323486,0.045074176,0.03725017,0.079816334,0.006643129512667656,0.042566165,0.15625,0.079816334,0.051378004,0.034742158,-0.001312968722623812,0.013317216,0.16129032258064516,0.095785856,0.075598,1.0,0.924402,0.15625,1.0,0.96248853,0.90421414,-0.0023134801525873643,0.022901455
exact-r1__efa3c0b3a59f3044968aa8514b14e13615002297__爆炸菇（爆炸前）__v1504__scooter__bc08d840__c0.mp4,0.9443246126174927,0.7358347177505493,0.025943696,0.0024980903,-0.009554923,-0.012053013,0.15625,-0.004618123,-0.016366411,-0.03549862,-0.0001876289680425375,0.008082994,0.26330554485321045,0.1733877,0.0876869,0.31474096,0.004800133407115936,0.22705406,0.1875,0.3279867,0.24693914,0.14135325,-0.0035939544051492227,0.05366093,0.16129032258064516,0.3493086,0.19455951,0.99999994,0.8054404,0.125,0.99999994,0.87012553,0.65069133,-0.008380301056369634,0.09492076
exact-r2__b7bea756eea719ee9128d28ce8616fadcb177446__蘑菇力__v1144__crown__7883a3fb__c0.mp4,0.9642690420150757,0.8049178123474121,0.06797385,0.021012694,-0.008619517,-0.02963221,0.09375,0.0046466887,-0.018067893,-0.07659337,-0.0009616787198526768,0.016639035,0.4432322382926941,0.052631766,-0.09000367,0.38369977,0.007120299153029919,0.47370344,0.25,0.4757655,0.42516434,0.331068,0.0032616023662502924,0.045316264,0.12903225806451613,0.29958367,0.13831693,0.9999999,0.86168295,0.09375,0.9999999,0.88632303,0.7004162,-0.005329113868761594,0.06987646
exact-r2__e7559760a0cf2b04b9b127f73bc5ed4e714ab9d4__吐司菇__v1450__eyemask__3722b5d8__c0.mp4,0.9942298531532288,0.9702568054199219,0.011334069,-0.0016515255,-0.028040767,-0.026389241,0.09375,-0.024803095,-0.029247947,-0.039374836,0.00016366004605184798,0.002975073,0.13514941930770874,0.04688409,-0.0004207492,0.11829251,0.005138977896422148,0.11871326,0.25,0.13311034,0.105901465,0.07140842,7.226419036995176e-05,0.016647326,0.06451612903225806,0.046239853,0.035202146,1.0,0.96479785,0.125,1.0,0.9677714,0.95376015,-0.0005275447500590744,0.011294941
exact-r2__46ad1d7fc06fae0ddf3af206d3ae023bd4b24aae__爆炸菇（爆炸后）__v449__glasses__697a2609__c0.mp4,0.9503857493400574,0.840021014213562,0.031130373,0.026741385,0.089172006,0.06243062,0.21875,0.13250312,0.090687126,0.058041632,-0.0016117494968462519,0.02349543,0.4868248403072357,0.13122365,-0.016931951,0.5780464,0.011781019158661366,0.59497833,0.15625,0.62338674,0.57751197,0.44682273,0.001226297161839589,0.039626136,0.12903225806451613,0.21266866,0.1703763,1.0,0.8296237,0.0625,1.0,0.8699922,0.78733134,-0.00483737109212579,0.052187994
generic__58a25304d5897daa19607fb3b5ce8c1f9d1c340f__爆炸菇（爆炸前）__v335__bubble__54c5e930__c0.mp4,0.9969474673271179,0.9871184825897217,0.0024628788,-0.00037267804,-0.020930782,-0.020558104,0.15625,-0.014963329,-0.019836929,-0.02339366,6.526923544508209e-05,0.0017770112,0.2110869288444519,0.013729021,0.0038425922,0.19399513,0.019634973257780075,0.19015254,0.125,0.21153426,0.19125,0.18026611,-0.00045115803846340315,0.008690483,0.0,0.017373681,0.0052419305,0.99999994,0.994758,0.15625,0.99999994,0.9926348,0.98262626,-0.000139832190754107,0.0036420303
exact-r1__c219d3893a297a9d030244d12b8ed8581b487bce__爆炸菇（爆炸前）__v1212__coffee__40865391__c0.mp4,0.9818158149719238,0.8988717794418335,0.004039079,-0.016417742,-0.011872351,0.0045453906,0.1875,0.0075246096,-0.005636475,-0.01591143,0.0006670247260863476,0.0072285915,0.3241420388221741,0.07440585,-0.017140985,0.3241064,0.002892574295401573,0.34124738,0.1875,0.3563981,0.3185056,0.24970055,-0.0006435127857843033,0.028805314,0.22580645161290322,0.11041057,0.08335781,1.0000001,0.9166423,0.15625,1.0000001,0.94683504,0.88958955,-0.0033209437280456,0.036566798
exact-r1__b4eae72bed7b19f3df518a28e1218285d7456c4f__炸虾菇__v1118__bubble__a0e2054a__c0.mp4,0.9753308296203613,0.8424630165100098,0.04071805,0.04071805,-0.014832079,-0.05555013,0.21875,0.004366979,-0.02102103,-0.05555013,-0.0009953996625420285,0.015867356,0.2427884042263031,0.057212606,-0.18648474,0.19791989,0.006230503786355257,0.38440463,0.03125,0.38440463,0.22176737,0.14070728,0.006716735893177672,0.07944098,0.03225806451612903,0.49088895,0.49088895,1.0,0.50911105,0.21875,1.0,0.8707371,0.50911105,-0.014905164427946028,0.17261985
exact-r2__78ef7e5e758387759b0edeb5d288c14dd38efee1__毒蘑菇__v754__flag__3596f3a9__c0.mp4,0.9904975295066833,0.9698034524917603,0.008692712,-0.015926182,-0.037361145,-0.021434963,0.15625,0.0023190677,-0.028107852,-0.046053857,0.000634804996183889,0.010616892,0.3054488003253937,0.020115048,-0.03380376,0.2634288,0.021842174232006073,0.29723257,0.09375,0.3087156,0.27734095,0.24331376,0.0009562953148594401,0.017403165,0.0,0.08121157,0.06991619,1.0000001,0.93008393,0.3125,1.0000001,0.96421504,0.91878855,-0.002431727574367999,0.025048047
exact-r1__edbff851b63c30a3fa7e8f354e07a85f34577d30__汉堡菇__v1495__bubble__83e145c8__c0.mp4,0.9752289056777954,0.9513475894927979,0.06483129,0.06483129,-0.016037405,-0.08086869,0.25,-0.0053729117,-0.030310238,-0.08086869,-0.0020425740487414715,0.023027949,0.41295456886291504,0.0874632,-0.06944564,0.3718555,0.009493703953921795,0.44130114,0.125,0.46167657,0.38264433,0.2843923,0.0033597609743781873,0.049993232,0.06451612903225806,0.39885724,0.37740278,0.9999999,0.6225971,0.21875,0.9999999,0.8745414,0.60114264,-0.0107611045896832,0.11855916
base-noprop__0eaa401fc0b89ae5782586ac9dd79898a8983222__爆炸菇（爆炸前）__v0__5703d2db__c0.mp4,0.9989852905273438,0.9968846440315247,0.0017666966,0.0002267994,-0.023768067,-0.023994867,0.1875,-0.021807441,-0.02392336,-0.025534764,4.1183994064254606e-05,0.00087908027,0.050995200872421265,0.014801918,0.012348272,0.03723177,0.010668775998055935,0.024883498,0.09375,0.03723177,0.027071841,0.022429852,-0.00024222638806235223,0.0032039827,0.0,0.0135554075,0.006043613,1.0000001,0.9939565,0.1875,1.0000001,0.9931225,0.9864447,-0.0002010494273953263,0.0029445915
base-props__7327bccf5c0ab9eaa9686f4bb89d430405eb16a3__炸虾菇__v446__bubble__82feee5f__c0.mp4,0.9722724556922913,0.8465697765350342,0.0003895238,-0.023549348,-0.046696067,-0.023146719,0.25,0.009470671,-0.026191046,-0.04708559,0.001073607595233229,0.013895514,0.18282073736190796,0.047727317,-0.25255585,0.07878649,0.013131454586982727,0.33134234,0.09375,0.3379894,0.1566297,0.031059176,0.010339292498234426,0.10617329,0.16129032258064516,0.5437118,0.5422191,1.0,0.4577809,0.21875,1.0,0.79263043,0.45628822,-0.01932505757993092,0.19352883
exact-r1__90670fc8fcb427723ab341cff42c86190936e160__粽子菇__v898__crown__be383a78__c0.mp4,0.9266315698623657,0.7140378355979919,0.020414665,-0.02274631,0.01981458,0.04256089,0.09375,0.17309147,0.041807912,-0.00060008466,0.0016073454144107636,0.03387274,0.19438648223876953,0.07511732,-0.02831775,0.2198059,0.010069492273032665,0.24812365,0.125,0.34876683,0.23619439,0.14468858,0.002287186239777778,0.054359566,0.3225806451612903,0.3612107,0.11103445,1.0,0.88896555,0.125,1.0,0.8817531,0.6387893,-0.0032377347153477484,0.07875545
base-noprop__1d44abeca76e96eae0662cfdcbc0c67000cc6687__吐司菇__v0__287d53cf__c0.mp4,0.9757246375083923,0.9050371646881104,0.007008493,-0.007460326,-0.027566403,-0.020106077,0.125,-0.00067824125,-0.019265031,-0.034574896,-7.547682855835441e-05,0.00746598,0.5331295728683472,0.06702155,-0.07992515,0.49258652,0.012245911173522472,0.5725117,0.25,0.6048535,0.5138646,0.42556497,-0.0021424268883082024,0.050440215,0.0,0.12918943,0.049081028,1.0000001,0.9509191,0.1875,1.0000001,0.9375491,0.8708107,-0.002115683690194138,0.035209637
exact-r2__c222c0506a97b7a9e8e24f8b8a715d3bd0ecbd85__爆炸菇（爆炸前）__v1213__coffee__f5015232__c0.mp4,0.9812226295471191,0.9316103458404541,0.0372079,0.023049235,-0.026024312,-0.049073547,0.0625,-0.026024312,-0.04438578,-0.06323221,-0.0003378502806086011,0.008507995,0.37788546085357666,0.050833166,-0.0015218556,0.35131282,0.006740458309650421,0.35283467,0.25,0.37826598,0.3334997,0.30047965,0.000905285379098313,0.024933096,0.0,0.11245966,0.06412232,0.99999994,0.9358776,0.15625,0.99999994,0.9492834,0.8875403,-0.0021071797701095766,0.025920663
exact-r2__7da73bccaac018dfba8c400a2b8c3e42302f427e__炸虾菇__v780__glasses__986387a9__c0.mp4,0.9635874629020691,0.8808531165122986,0.024084598,0.014882287,-0.009512156,-0.024394443,0.125,0.009428354,-0.0047338693,-0.033596754,-0.0005605100222885103,0.009996295,0.01488555409014225,0.0,-0.015395524,-0.0053547025,0.02420838549733162,0.0100408215,0.03125,0.053032473,0.010151685,-0.0053547025,0.00010708017219090177,0.012617645,0.0,0.2517271,0.2517271,1.0000001,0.748273,0.21875,1.0000001,0.8838967,0.748273,-0.0071992849892884465,0.07103929
exact-r1__470a7aa47f649f4fe10fe13dbfba445b46e71eb7__粽子菇__v452__scooter__0475c49d__c0.mp4,0.9915798306465149,0.9707881808280945,0.0086357,-0.0035231262,-0.027166784,-0.023643658,0.15625,-0.012561321,-0.02462102,-0.035802484,-1.4696864252828411e-05,0.0054653035,0.16317583620548248,0.022987366,0.008634359,0.13412035,0.015824628993868828,0.12548599,0.125,0.17111196,0.13855481,0.11113298,-0.0002779099377434754,0.014884639,0.0,0.053963006,0.003685832,0.9999999,0.99631405,0.1875,0.9999999,0.9805702,0.9460369,-0.00010633920906574074,0.017275022
base-noprop__db8692607b532a06def0a9c28e842cfc4dbca1b5__粽子菇__v0__90e65196__c0.mp4,0.9977689385414124,0.9914142489433289,0.0087996125,0.006642163,0.045322925,0.038680762,0.15625,0.05517298,0.045686208,0.036523312,-0.00013615517082277156,0.004448979,0.32777243852615356,0.021997929,0.014790982,0.37437636,0.0011067641898989677,0.35958537,0.25,0.40664828,0.37345862,0.35237843,-0.0005829820622446887,0.011463981,0.12903225806451613,0.013764977,0.008978307,0.99999994,0.99102163,0.1875,0.99999994,0.9923891,0.98623496,-0.00032441491736344636,0.0038500442
exact-r1__32c709f75cca177d6ecdd8d8c6010b7f68a74ab7__吐司菇__v337__glasses__b3a1493e__c0.mp4,0.9728586673736572,0.9284189939498901,0.010993261,0.0030429997,-0.021506697,-0.024549697,0.1875,-0.017330565,-0.025397744,-0.032499958,-0.00010958473953279245,0.0035068828,0.08025894314050674,0.04981655,0.018766154,0.078619726,0.013858307152986526,0.059853572,0.21875,0.08480143,0.054861195,0.028803175,-0.00016735915382750332,0.014632698,0.0,0.13302314,0.12043691,1.0,0.8795631,0.125,1.0,0.9406538,0.86697686,-0.0029587258319875454,0.033340476
base-noprop__36eb6a2b312cae414c0f305a4fd633fb23cd8654__蘑菇力__v0__ef35bbdf__c0.mp4,0.9950907826423645,0.9689100980758667,0.014498532,-0.012225151,0.022244275,0.034469426,0.125,0.035863042,0.019014545,0.007745743,0.0003736683842111544,0.008424017,0.5008881092071533,0.087757945,0.045244157,0.56278926,0.007951203733682632,0.5175451,0.125,0.5677356,0.5199026,0.47503132,-0.0006633258787942286,0.022104532,0.12903225806451613,0.024764538,0.02215898,1.0,0.977841,0.0625,1.0,0.9827752,0.97523546,-0.00035965064666136447,0.0066801417
exact-r1__23da2230a72cefbf4cfaa971a6d3952246086a5c__汉堡菇__v223__eyemask__7a57961d__c0.mp4,0.9928585886955261,0.9783892035484314,0.002645269,-0.042119056,-0.012044176,0.03007488,0.125,0.047378212,0.023946356,-0.0146894455,0.0013491379143533643,0.016673423,0.14789056777954102,0.0010492802,-0.10374637,0.0956552,0.027355710044503212,0.19940157,0.28125,0.21799059,0.17183694,0.09460592,0.0037896708609902303,0.041103303,0.0,0.11853254,0.1057961,0.99999994,0.89420384,0.125,0.99999994,0.92953813,0.8814674,-0.003949962971497133,0.040547334
exact-r1__16eade7b0e21611f64303c64853bbd35f887019e__爆炸菇（爆炸前）__v147__glasses__a5e6108f__c0.mp4,0.9954797029495239,0.9743927717208862,0.013623357,0.0074470416,-0.009538241,-0.016985282,0.15625,-0.0014142618,-0.014947023,-0.023161598,-0.00011248864940862018,0.0041884943,0.10163930803537369,0.02372327,-0.01924996,0.08062893,0.010696519166231155,0.09987889,0.1875,0.11194405,0.08669229,0.05690566,0.001571345273432626,0.018426342,0.0,0.044263244,0.02815026,1.0,0.97184974,0.15625,1.0,0.9783171,0.95573676,-0.001050638979918078,0.011434817
exact-r2__ed513c133759343ab1260e918b82fed8e1b08af0__汉堡菇__v1489__bubble__1436c561__c0.mp4,0.9600412249565125,0.908387303352356,0.043864757,0.03505163,-0.02759242,-0.06264405,0.15625,-0.009622678,-0.044050477,-0.07145718,-0.0012634937184428546,0.015544464,0.2359294295310974,0.017211303,-0.038431928,0.15588182,0.007054465357214212,0.19431375,0.09375,0.2752197,0.19187894,0.13867052,0.0016046183571612762,0.029785749,0.06451612903225806,0.24690449,0.14063847,1.0,0.8593615,0.21875,1.0,0.88887,0.7530955,-0.006676545568750029,0.07355458
exact-r1__5e251213a13de31edf2e489d219063a9041511e3__炸虾菇__v589__coffee__0ec22905__c0.mp4,0.9962394833564758,0.9848648309707642,0.00602293,-0.0035991967,-0.071112126,-0.06751293,0.21875,-0.06656641,-0.070583135,-0.077135056,6.486756776259997e-05,0.0023199338,0.35115063190460205,0.02207017,0.01985231,0.29250237,0.02710382267832756,0.27265006,0.1875,0.29250237,0.28056747,0.2704322,-0.0003787082650007664,0.0055535883,0.0,0.01734227,0.008745253,0.99999994,0.9912547,0.1875,0.99999994,0.9897742,0.9826577,-0.00038638291470813156,0.0045658895
exact-r1__f9d979263ca90b8d782fab2b3ee4583fc05533f7__爆炸菇（爆炸前）__v1573__bubble__9842ef1a__c0.mp4,0.9689559936523438,0.8645951747894287,0.0076195896,0.0051850975,-0.035201788,-0.040386885,0.15625,-0.014791697,-0.028925601,-0.042821378,0.00013301490677678968,0.007098352,0.27328959107398987,0.2317394,-0.017870188,0.36551327,0.002803971990942955,0.38338345,0.125,0.43716213,0.244364,0.13377386,0.0016242963073452952,0.09618436,0.41935483870967744,0.6309985,0.06668329,1.0000001,0.9333168,0.125,1.0000001,0.62498033,0.36900166,-0.0027539491642517653,0.23170495
exact-r1__73bf249242912f0ade61fe547d0e5e069f3f56b6__爆炸菇（爆炸前）__v729__eyemask__e8f17ff7__c0.mp4,0.980537474155426,0.8848228454589844,0.017161727,-0.017632723,-0.050230026,-0.032597303,0.125,-0.029291809,-0.04405909,-0.06739175,0.000511712375536691,0.010041393,0.5476240515708923,0.08549762,0.014614701,0.5371103,0.021754000335931778,0.5224956,0.25,0.5405057,0.503565,0.4516127,-0.0008657018809723979,0.024076488,0.06451612903225806,0.18127304,0.16841489,0.99999994,0.83158505,0.0625,0.99999994,0.8880503,0.8187269,-0.006331014493343749,0.06588042
exact-r1__66d87cc94688950f69cb883873f0307161008b73__爆炸菇（爆炸后）__v654__flag__ca7185cd__c0.mp4,0.9893901944160461,0.962365448474884,0.0054008514,0.0054008514,-0.03176041,-0.03716126,0.1875,-0.0024043322,-0.023758281,-0.03716126,-0.00014856801289092822,0.008544466,0.28393787145614624,0.024986789,-0.012003258,0.24220751,0.005188323091715574,0.25421077,0.15625,0.3218152,0.26017958,0.21722072,0.001507163577633874,0.029276695,0.0967741935483871,0.15779138,0.13882601,1.0,0.861174,0.03125,1.0,0.89748347,0.8422086,-0.004715353283277328,0.054251406
base-props__4cb113661e22673b72a3e13f60cc0f8202bd9de8__爆炸菇（爆炸前）__v278__crown__ebb8e940__c0.mp4,0.9902480840682983,0.9646468758583069,0.009261847,-0.014010042,-0.08405569,-0.07004565,0.15625,-0.06865093,-0.08457249,-0.09331754,0.0005004320818045943,0.007690841,0.4525814652442932,0.06762239,-0.033668727,0.37669596,0.003023766912519932,0.4103647,0.25,0.4243139,0.36800897,0.30907357,0.0016653614877955416,0.038743395,0.22580645161290322,0.07868409,0.027586102,1.0,0.9724139,0.21875,1.0,0.9602382,0.9213159,-0.0005823136839873431,0.022144925
exact-r1__5db4894bfeddbd04cfb6a00ed191a0e8200cac35__吐司菇__v587__scooter__ab3fa636__c0.mp4,0.9735912084579468,0.9154132008552551,0.035072967,0.024125412,-0.04952155,-0.07364696,0.3125,-0.038069576,-0.058132775,-0.08459452,-0.001274124538946537,0.014735372,0.28792470693588257,0.1138248,-0.02345331,0.24792646,0.013317806646227837,0.27137977,0.15625,0.27137977,0.22979195,0.13410166,-0.0012969448834744973,0.036401555,0.0,0.25853986,0.19690168,1.0,0.8030983,0.3125,1.0,0.9065386,0.74146014,-0.008915182749284654,0.09315268
base-noprop__04febc3ea3e866abdf75b3fab9b881e8f80a980a__爆炸菇（爆炸前）__v0__c726f2a4__c0.mp4,0.9966325163841248,0.9822295308113098,0.00022500753,-0.0043014586,-0.096426666,-0.09212521,0.09375,-0.07932973,-0.08912208,-0.09665167,9.298573119724047e-05,0.004882039,0.406575083732605,0.0,-0.011629611,0.27414387,0.001757611520588398,0.2857735,0.3125,0.37637323,0.31745303,0.27414387,4.661040615477178e-05,0.028482512,0.06451612903225806,0.027680337,0.003890276,1.0000001,0.99610984,0.125,1.0000001,0.9852522,0.9723198,8.775373576674695e-05,0.009201083
exact-r2__49e4303b44fcc27a48dcbb9fedc8fd22431b34ff__粽子菇__v472__glasses__e8cc5d52__c0.mp4,0.9725369811058044,0.9079704284667969,0.04365784,0.0090197325,-0.056728363,-0.065748096,0.0625,-0.013278365,-0.058320254,-0.1003862,-0.0010457340507738053,0.02001381,0.6174947023391724,0.04419428,0.0072086453,0.5641124,0.00862160511314869,0.5569038,0.125,0.6011286,0.5591744,0.51991814,-0.0003854461407556479,0.018293133,0.06451612903225806,0.12054348,0.084548354,1.0,0.91545165,0.1875,1.0,0.9378786,0.8794565,-0.003259434564110089,0.038445435
exact-r2__16597e08fbe04aa1b1563b4418564d5f7378092e__爆炸菇（爆炸前）__v144__glasses__c1085498__c0.mp4,0.9935849905014038,0.9732264280319214,0.009840436,-0.006711647,-0.020437483,-0.013725836,0.1875,-0.012241531,-0.019246906,-0.030277919,0.0003634883077880717,0.004881872,0.04877427592873573,0.026117684,0.00093719363,0.039988443,0.0033099334686994553,0.03905125,0.15625,0.041363798,0.029527372,0.013870759,0.00033350015718686615,0.008460379,0.0,0.035715163,0.027775943,0.99999994,0.972224,0.125,0.99999994,0.9802506,0.9642848,-0.0008460201126389361,0.0093410555
base-props__b2dc2ae872b575489bad295a459616c0acd91ca9__粽子菇__v714__flag__d6ba270d__c0.mp4,0.987747848033905,0.9574038982391357,0.012731791,-0.01232326,0.0584051,0.07072836,0.1875,0.07653034,0.06346772,0.04567331,0.00018796654106759713,0.0064533516,0.3508144021034241,0.01401341,-0.038484156,0.38886094,0.004866808652877808,0.4273451,0.1875,0.47306117,0.41428214,0.37484753,0.0009244147720924306,0.023580106,0.0,0.101398766,0.045185685,1.0,0.9548143,0.15625,1.0,0.9531593,0.89860123,-0.0006286922481752062,0.027116753
base-props__a72599b49c4b660f3e5b470ed5a8d66283fa20c5__汉堡菇__v676__eyemask__5aabc100__c0.mp4,0.9838166832923889,0.959845781326294,0.045229256,-0.011954904,0.016398251,0.028353155,0.25,0.056464672,0.01590841,-0.028831005,-0.0009322019288441989,0.02130725,0.7076219916343689,0.051057875,0.015239775,0.7350399,0.004759619012475014,0.7198001,0.125,0.7571801,0.7235304,0.683982,-0.00112832384593674,0.017426813,0.22580645161290322,0.081492305,0.07320219,0.9999999,0.9267977,0.1875,0.9999999,0.96342987,0.9185076,-0.001819900217905749,0.01891569
exact-r2__92701c4890bfa8037986aa613bac5b8b817f1d93__汉堡菇__v913__crown__84118245__c0.mp4,0.9966468214988708,0.9904196858406067,0.007190168,-0.003136903,-0.04323656,-0.040099658,0.03125,-0.027136073,-0.043514892,-0.05042673,-0.00015153412507776045,0.0038733252,0.1551290899515152,0.016734302,-0.0020763278,0.11477732,0.0343509167432785,0.11685365,0.25,0.13882384,0.111614205,0.09804302,0.00021578832816256398,0.009085845,0.0,0.025850773,0.020733237,0.9999999,0.97926664,0.0,0.9999999,0.9819299,0.9741491,-0.000687349259940725,0.007828345
base-noprop__30b4282f1742fb0fb6e237b3bacf4fb43522adf0__蘑菇力__v0__d1ed6740__c0.mp4,0.9923251867294312,0.9699966907501221,0.015057981,-0.001995355,-0.029015899,-0.027020544,0.15625,-0.022774547,-0.031366874,-0.04407388,-0.00010955885129153253,0.005173685,0.2583087682723999,0.090689436,-0.001827538,0.2607525,0.004484707955271006,0.26258004,0.15625,0.26421517,0.22694191,0.17006306,0.00010643502331375099,0.031429783,0.1935483870967742,0.059271157,0.0056554675,1.0,0.99434453,0.15625,1.0,0.97713596,0.94072884,-0.00021380864498899855,0.016930666
exact-r2__c6d551e2f705a7d57a495d15b9431b5db8120bae__汉堡菇__v1242__glasses__46631ac4__c0.mp4,0.9881864190101624,0.9437777996063232,0.0060721636,-0.037918568,-0.013394117,0.02452445,0.28125,0.03801763,0.01281672,-0.019466281,0.0017803262842715306,0.019209716,0.5533607006072998,0.027695298,-0.037865758,0.5465454,0.021783532574772835,0.58441114,0.15625,0.58892953,0.56617737,0.5188501,0.0013339384909599264,0.016725486,0.0,0.10513419,0.092956066,1.0,0.90704393,0.03125,1.0,0.94049776,0.8948658,-0.0035785975104028257,0.035836656
exact-r1__d0d4cb576fa483b7c2b81f8e6750e75552ba0fa1__蘑菇力__v1295__bubble__ca9dae90__c0.mp4,0.9782636761665344,0.7960687875747681,0.008579016,-0.003693819,0.0018159151,0.005509734,0.15625,0.013141096,0.0015508803,-0.0067631006,0.0001147035181609766,0.0047061765,0.4693438410758972,0.24807954,0.007981062,0.5946547,0.00460869912058115,0.5866736,0.125,0.60687196,0.47089475,0.34657514,0.0005244849375353658,0.0822522,0.06451612903225806,0.45339233,0.04281324,1.0,0.95718676,0.09375,1.0,0.7698681,0.5466077,0.0008484534045293819,0.14206238
exact-r1__56692a18605af2f263d58cc64535e24b96e865eb__汉堡菇__v550__scooter__50136184__c0.mp4,0.9402087926864624,0.49678415060043335,0.03914398,-0.020055622,0.015557349,0.03561297,0.125,0.042033195,0.0108246645,-0.02358663,0.0004570607445544161,0.016361628,0.396516352891922,0.029443711,-0.23595682,0.29097536,0.005624761804938316,0.5269322,0.1875,0.5603569,0.40734103,0.26153165,0.005157581560554053,0.08051732,0.06451612903225806,0.6362613,0.52895373,0.99999994,0.4710462,0.03125,0.99999994,0.547503,0.36373866,-0.012121658362557443,0.17232276
exact-r1__da18f49b2e5b88e15d50da1b25bdc798e18021b7__汉堡菇__v1365__flag__626e9903__c0.mp4,0.9924893379211426,0.9811692237854004,0.018102154,-0.0038026422,-0.014821783,-0.0110191405,0.21875,-0.0110191405,-0.023716733,-0.032923937,-0.0003308610051127478,0.0068951696,0.20636843144893646,0.06552641,0.012942836,0.21766146,0.016145959496498108,0.20471862,0.1875,0.21766146,0.1826517,0.15213504,-0.001000715444230436,0.01612642,0.0,0.07799256,0.05809498,1.0,0.941905,0.09375,1.0,0.9543572,0.92200744,-0.0024432973209713564,0.027247222
exact-r1__a9816777eac0a4b87543f0fe4ad36edf6b92ca8e__吐司菇__v1049__crown__a8d4e42e__c0.mp4,0.9763964414596558,0.9297224283218384,0.0029609129,0.0017492026,-0.024008185,-0.025757387,0.125,-0.016008586,-0.022766437,-0.026969098,-5.9884578901783245e-05,0.0023039205,0.09731455147266388,0.012570269,-0.033233337,0.06048716,0.0038558286614716053,0.093720496,0.15625,0.10038559,0.07454811,0.04791689,0.0009083285473035854,0.014468239,0.25806451612903225,0.110610425,0.08564389,1.0,0.9143561,0.125,1.0,0.94749624,0.8893896,-0.0025241081534592372,0.028757542
exact-r2__c1f249311adad45f3c16099a7e9941c56910a7a1__爆炸菇（爆炸前）__v1208__coffee__eb648246__c0.mp4,0.9885362982749939,0.968923807144165,0.021310702,-0.0017898083,-0.03179708,-0.030007273,0.28125,-0.027434826,-0.038181417,-0.053107783,-0.00040008306716325805,0.00882077,0.19907146692276,0.09021524,0.032113522,0.18856305,0.0026745060458779335,0.15644953,0.15625,0.20614047,0.16089004,0.098347805,-0.001948004879352367,0.029922768,0.03225806451612903,0.09101874,0.07503021,1.0,0.9249698,0.125,1.0,0.9537761,0.90898126,-0.0032544740396510544,0.03327961
exact-r1__740682cd2158ca2b38b0a802130d0921d6fa1c72__爆炸菇（爆炸前）__v730__eyemask__91da29c3__c0.mp4,0.9952113628387451,0.9857216477394104,0.0017719269,-0.015725851,-0.10346377,-0.08773792,0.25,-0.071668744,-0.09045032,-0.105235696,0.0003647119506013687,0.008147166,0.6449559926986694,0.0037773848,-0.044959664,0.53345954,0.012955201789736748,0.5784192,0.25,0.578811,0.5545057,0.52968216,0.0011903946656635445,0.014682674,0.0,0.05794859,0.05794859,1.0000001,0.94205153,0.1875,1.0000001,0.96990263,0.94205153,-0.0017344348372951436,0.01733714
generic__1d5a1c958b3030b64164f55cfb9fdefdf2716651__汉堡菇__v107__flag__30c943b7__c0.mp4,0.9905755519866943,0.967815637588501,0.026449382,0.016658217,-0.012458593,-0.02911681,0.1875,-0.005495906,-0.022567824,-0.038907975,-0.0003610055298268624,0.008447948,0.2983074188232422,0.024347559,-0.013205707,0.26676697,0.013952143490314484,0.27997267,0.1875,0.31455925,0.27573958,0.2424194,0.0005990269339897471,0.017693091,0.0,0.11126089,0.09990293,1.0,0.9000971,0.09375,1.0,0.93739283,0.8887391,-0.004041289621172025,0.042963404
exact-r1__15f75abcba4174a7e03174d2ba8fa27b95e7f5ff__爆炸菇（爆炸后）__v140__crown__f2bea4e2__c0.mp4,0.9481594562530518,0.8617780804634094,0.046405002,0.028371453,0.04612735,0.017755896,0.15625,0.08417562,0.026415985,-0.00027765334,-0.0013027087706100188,0.018401166,0.29836446046829224,0.26783922,-0.06676942,0.3474381,0.015040526166558266,0.41420752,0.15625,0.41902888,0.32478043,0.079598874,0.002609250247696984,0.08916867,0.16129032258064516,0.3730057,0.18900067,1.0,0.81099933,0.15625,1.0,0.8292786,0.6269943,-0.00474957680422538,0.087029725
base-props__3ea8cf079e959693153dd04695b6f05e21f1dca3__爆炸菇（爆炸前）__v230__eyemask__1ad1dfde__c0.mp4,0.9920042753219604,0.9751579761505127,0.0053821504,-0.0073242933,-0.09502481,-0.087700516,0.1875,-0.07799749,-0.08920259,-0.10040696,0.00024162217171704088,0.005040702,0.14985668659210205,0.0,-0.046048064,0.02859461,0.004101239610463381,0.07464267,0.21875,0.104029745,0.060654096,0.02859461,0.0009997767004351031,0.019078722,0.45161290322580644,0.04636383,0.023425043,1.0,0.97657496,0.0625,1.0,0.98046184,0.95363617,-0.0006103039421468696,0.009569695
generic__7674da5ba81befe4b8a9039e9c6b34219152192f__毒蘑菇__v461__glasses__10f004d9__c0.mp4,0.9922301173210144,0.9755337238311768,0.029655337,-0.0028285682,-0.030329943,-0.027501374,0.15625,-0.024460047,-0.038198933,-0.05998528,0.0002501600550329218,0.008541069,0.4409531354904175,0.0056086183,-0.01589787,0.3828215,0.003947308287024498,0.39871937,0.21875,0.42570305,0.4027542,0.37721288,0.0004030890719107593,0.014585022,0.0,0.068793,0.025113106,0.99999994,0.97488683,0.1875,0.99999994,0.96972895,0.93120694,-0.0003218609304371874,0.016449064
base-noprop__069c5cf6bb44592f056bdb81b4696b1569957312__吐司菇__v0__c3023f97__c0.mp4,0.9960741996765137,0.9927581548690796,0.009725016,0.0027552955,-0.024750542,-0.027505837,0.15625,-0.020256178,-0.027712185,-0.034475558,-0.0001804451693717913,0.0028575826,0.04899108409881592,0.0033820411,-0.006855618,0.017582525,0.0053758323192596436,0.024438143,0.25,0.026980722,0.021278903,0.014200483,0.00027705205394818166,0.003267526,0.0,0.018720746,0.018081546,1.0,0.98191845,0.21875,1.0,0.98933846,0.98127925,-0.0004986785789214012,0.005038652
base-noprop__50ad428af3b86412de8a648a8194cebfd6685400__粽子菇__v0__b2b67a8e__c0.mp4,0.9910414218902588,0.9785840511322021,0.019794554,0.006036371,0.052925855,0.046889484,0.125,0.078152716,0.054087546,0.0331313,-0.00024921196318966046,0.010834705,0.3655829429626465,0.21091586,0.08823705,0.5235874,0.025934547185897827,0.43535036,0.34375,0.5235874,0.4196705,0.31267154,-0.006008733446297391,0.07204533,0.0,0.13169754,0.05211979,1.0,0.9478802,0.34375,1.0,0.9308966,0.86830246,-0.0033720633304538373,0.04162317
base-noprop__1cf0944b8af6ac43f6f7e794a0d68118b7de888c__蘑菇力__v0__56730c75__c0.mp4,0.9921309947967529,0.9728652238845825,0.015053742,-0.003209155,-0.02748499,-0.024275836,0.1875,-0.018517628,-0.026932275,-0.042538732,0.0001420618763433819,0.0049767136,0.06294110417366028,0.015746657,0.004049223,0.040183514,0.006983604282140732,0.03613429,0.125,0.0631842,0.036008827,0.024436858,-0.0002752465589922403,0.008747982,0.0,0.069346726,0.012724578,0.99999994,0.98727536,0.15625,0.99999994,0.9777223,0.9306532,-0.00010411119050291892,0.018015204
base-noprop__190a31ba334eafd595032f1742e0cdf9b9183281__粽子菇__v0__de8138ae__c0.mp4,0.994242787361145,0.9765689373016357,0.012498915,0.0038818717,0.075514495,0.07163262,0.1875,0.08263475,0.07246338,0.06301558,6.274730404101662e-05,0.0054507838,0.29477858543395996,0.090265185,0.028367102,0.4061029,0.015636589378118515,0.3777358,0.25,0.4061029,0.36724192,0.3158377,-0.0011362263337433012,0.027769942,0.0,0.036530375,0.0055251718,1.0,0.9944748,0.21875,1.0,0.9825549,0.9634696,-0.0005192313987837969,0.01129475
exact-r2__d9657e5af5e0c9e5c71b7d15425af2bf7fc9de96__炸虾菇__v1360__flag__4356cda3__c0.mp4,0.9933037757873535,0.9860435724258423,0.0152729,0.012256369,-0.011299208,-0.023555577,0.21875,-0.00281886,-0.017064752,-0.026572108,-0.0005739391330749757,0.0068267067,0.13412818312644958,0.011594355,-0.0058674365,0.11629641,0.01016395352780819,0.12216385,0.1875,0.13920844,0.11706343,0.104702055,0.0002884285448015284,0.008547773,0.0967741935483871,0.04086864,0.033329606,1.0000001,0.9666705,0.28125,1.0000001,0.98175323,0.9591315,-0.0013081661570281645,0.013046983
exact-r2__7628869560a690af823a1191809985375c8a2ef9__爆炸菇（爆炸前）__v740__eyemask__36459805__c0.mp4,0.9961283206939697,0.9888692498207092,0.0061384663,0.0024264604,-0.023760661,-0.026187122,0.1875,-0.0133470595,-0.020222167,-0.029899128,-0.00023175256676382042,0.0043681534,0.1481328308582306,0.06599163,0.050423324,0.14889182,0.005298955831676722,0.0984685,0.28125,0.15427725,0.12791067,0.08290019,-0.0022074582391142642,0.022644099,0.12903225806451613,0.06481278,0.06481278,1.0,0.9351872,0.21875,1.0,0.9710779,0.9351872,-0.0017756664267907483,0.01712736
exact-r1__7eb0cbcd233663ee2c8dede4eb336850b156427c__炸虾菇__v789__glasses__d984c552__c0.mp4,0.9710568785667419,0.8691118955612183,0.0032553375,-0.040258527,-0.028806686,0.01145184,0.125,0.012416393,-0.0073435763,-0.032062024,0.0012519022072952153,0.013459641,0.30651453137397766,0.043081254,-0.10605687,0.22361273,0.007815027609467506,0.3296696,0.21875,0.36406946,0.29917094,0.18053147,0.0038026106541107873,0.04715218,0.45161290322580644,0.25481808,0.2306934,1.0000001,0.7693067,0.3125,1.0000001,0.85523045,0.74518204,-0.008386176232456076,0.08737427
base-noprop__db8692607b532a06def0a9c28e842cfc4dbca1b5__汉堡菇__v0__8fdf6456__c0.mp4,0.99599689245224,0.9850806593894958,0.0015717149,-0.006444782,-0.048834234,-0.042389452,0.15625,-0.03117925,-0.04326245,-0.05040595,0.0004131332165466022,0.0054127797,0.35399967432022095,0.047060743,-0.07319516,0.2877344,0.007018821779638529,0.36092955,0.03125,0.36747324,0.3107372,0.24067365,0.00248916892613397,0.030349541,0.0,0.055455506,0.055455506,1.0000001,0.9445446,0.25,1.0000001,0.98210514,0.9445446,-0.001970672176992419,0.020425273
exact-r2__49fef35b1c962aa22fdd2b3411e53134117a62b6__粽子菇__v473__glasses__c4511da4__c0.mp4,0.9517325758934021,0.8272554874420166,0.057594106,0.02038686,0.035544112,0.015157253,0.125,0.03811297,0.006359425,-0.022049993,-0.0002725644124524336,0.017461712,0.33888423442840576,0.0036101341,-0.15499836,0.25592047,0.013266953639686108,0.41091883,0.1875,0.44095016,0.34524363,0.25231034,0.0035175728363113423,0.052898362,0.2903225806451613,0.44391906,0.39236456,1.0,0.60763544,0.0625,1.0,0.71676236,0.55608094,-0.011417443200377748,0.12320512
exact-r1__631681b89d48f73fa9b84e8c908a589e6776cc2c__炸虾菇__v623__scooter__b2f7c4c3__c0.mp4,0.9743240475654602,0.8855515718460083,0.03627807,-0.003415525,0.015549481,0.018965006,0.21875,0.024480164,0.010719231,-0.020728588,-0.0003891760576243273,0.012123349,0.5430184602737427,0.19627166,-0.01037246,0.57925355,0.03290436789393425,0.589626,0.15625,0.6018372,0.5537377,0.3829819,-0.001361605757710858,0.058771588,0.06451612903225806,0.27378953,0.086378634,1.0,0.91362137,0.15625,1.0,0.9261257,0.7262105,-0.004566004778370458,0.07130213
generic__13c5ef355a4677fd006d158853aae7228ec89353__炸虾菇__v71__crown__f2952d0d__c0.mp4,0.9885157346725464,0.946233868598938,0.009313583,0.000284791,-0.06824806,-0.068532854,0.09375,-0.053469896,-0.06339422,-0.07756165,0.00015000345136238156,0.005619082,0.4473944306373596,0.10420996,0.0418078,0.4156327,0.010261972434818745,0.3738249,0.1875,0.4156327,0.38400024,0.31142274,-0.00015272545871320806,0.02587866,0.0,0.0710907,0.031833947,1.0,0.96816605,0.125,1.0,0.9675228,0.9289093,-0.0007863507395790155,0.016797522
exact-r2__162906640246ef44f99db4ad49276c513665eb1e__蘑菇力__v142__glasses__889682a9__c0.mp4,0.997582197189331,0.9863415956497192,0.0047546625,0.002545759,-0.036752902,-0.03929866,0.21875,-0.032226913,-0.036354393,-0.041507564,-0.00015144384482498655,0.0026223413,0.04257654771208763,0.0057748314,-0.0051125577,0.006780781,0.015166853554546833,0.0118933385,0.125,0.012039132,0.0062221508,0.0010059495,0.0002596272214362261,0.0031049985,0.0,0.029747903,0.01926899,1.0000001,0.9807311,0.3125,1.0000001,0.9897223,0.9702522,-0.0007886693012679018,0.008197885
base-props__51be5b142d9021a3c446702d354fabdf42630fa9__汉堡菇__v304__scooter__97551c71__c0.mp4,0.9809009432792664,0.9385526776313782,0.041722894,0.021511585,0.05372423,0.032212645,0.21875,0.0558106,0.033109643,0.012001336,-0.0005526120099853552,0.009610252,0.36518794298171997,0.13095456,0.046991885,0.47053874,0.002652241848409176,0.42354685,0.25,0.47617164,0.3982976,0.33958417,0.00020031355692845374,0.037229367,0.12903225806451613,0.1291768,0.052871346,1.0,0.94712865,0.21875,1.0,0.92230046,0.8708232,-0.0006094277451289898,0.034757454
exact-r1__a94f2d44020fa35457be6626fc3248c0fb05adda__吐司菇__v1048__crown__8c48cfa2__c0.mp4,0.9733108282089233,0.9167484045028687,0.03575307,0.020240158,-0.0858846,-0.10612476,0.25,-0.06594604,-0.09176375,-0.12163767,-0.0009968677573889246,0.015087819,0.5880005955696106,0.04125893,-0.05884263,0.45928052,0.01797337457537651,0.51812315,0.15625,0.5644957,0.49623686,0.4180216,0.0008047815532453749,0.04278798,0.0,0.23370147,0.23370147,1.0,0.76629853,0.1875,1.0,0.88041455,0.76629853,-0.006896469097507984,0.068155654
exact-r2__c1c8f50e04d9360f9734313b06780f6e0609fa1f__爆炸菇（爆炸前）__v1207__coffee__58598a42__c0.mp4,0.9710617661476135,0.8954449892044067,0.00506413,0.003419429,-0.021508813,-0.024928242,0.15625,-0.00463143,-0.01601602,-0.026572943,0.00015972074001066098,0.0052327067,0.44478797912597656,0.024359077,0.0074231625,0.42350844,0.012177537195384502,0.41608527,0.15625,0.47162664,0.42877197,0.39914936,0.0007185861686807301,0.017103568,0.0,0.13836825,0.053165197,1.0000001,0.9468349,0.28125,1.0000001,0.92141926,0.8616319,-0.0005815281284169931,0.041939072
exact-r1__6e9d7ffcb3adf3ebcb80c8b5da0520ff83d8b419__汉堡菇__v702__coffee__d2e63cfc__c0.mp4,0.9853621125221252,0.9599374532699585,0.019549623,0.008683547,-0.0011863708,-0.009869918,0.15625,0.003580749,-0.006705767,-0.020735994,-0.0002394126580694905,0.0064490642,0.12655022740364075,0.06273496,0.045776136,0.14150706,0.00319044291973114,0.09573092,0.09375,0.16241203,0.11984447,0.0787721,-0.0020174466802730367,0.027816445,0.3225806451612903,0.047957897,0.036361814,1.0,0.9636382,0.125,1.0,0.9663657,0.9520421,-0.0006723608657761232,0.011588545
exact-r2__c58718035188222cb4ab5a2959917a6fbd3f600b__汉堡菇__v1231__glasses__fe3a03d2__c0.mp4,0.9584305882453918,0.8292432427406311,0.038794458,0.004665494,0.043302715,0.03863722,0.1875,0.055647463,0.036056384,0.004508257,0.0006610767484323027,0.013661382,0.433688759803772,0.024774969,-0.08007032,0.38368398,0.010183345526456833,0.4637543,0.15625,0.5954027,0.46974516,0.358909,0.0013932413435227124,0.05307582,0.0,0.39190865,0.28106278,0.9999999,0.7189371,0.1875,0.9999999,0.7979461,0.60809124,-0.009698344454649942,0.12228706
base-noprop__479cfaa7ed9751d704a007cccb8dbebcb4fc8765__粽子菇__v0__19c8cd35__c0.mp4,0.9981859922409058,0.9950861930847168,0.00063450634,-0.007128328,-0.06751685,-0.06038852,0.15625,-0.054887727,-0.063376606,-0.068151355,0.00015972842273911196,0.003012997,0.12975642085075378,0.010213148,-0.003351733,0.067077294,0.004754919558763504,0.07042903,0.15625,0.07190056,0.06637983,0.056864146,-1.2696804642632045e-05,0.0035225998,0.06451612903225806,0.012456298,0.0063702464,1.0,0.99362975,0.1875,1.0,0.9926734,0.9875437,-0.00022667649685459526,0.0032330884
base-props__938e01d47782dafc5547713c187bfbca30a0ae08__爆炸菇（爆炸后）__v589__coffee__38b5420d__c0.mp4,0.993065595626831,0.9780253171920776,0.007994588,-0.0016969009,-0.009388059,-0.0076911584,0.09375,0.014118522,-0.0047334936,-0.017382648,-3.994289373219716e-05,0.0068259933,0.027887850999832153,0.028251003,0.024870118,0.03230005,0.00411266228184104,0.0074299327,0.15625,0.060301702,0.02315436,0.004049047,-0.000741452411314898,0.017277583,0.16129032258064516,0.076024294,0.06223005,1.0,0.93776995,0.15625,1.0,0.95477927,0.9239757,-0.0021420137252101084,0.021663593
base-noprop__2276ebe5ea41733077c3d5d88d4cdb9e6f3ef7ef__炸虾菇__v0__8065a18a__c0.mp4,0.9978898763656616,0.9955968856811523,0.008856975,0.0011589453,-0.045968078,-0.047127023,0.1875,-0.039972983,-0.04777011,-0.054825053,8.548016979460091e-05,0.003714032,0.06507815420627594,0.0006610546,-0.011125002,0.0112126935,0.005351464729756117,0.022337696,0.1875,0.02719985,0.017308047,0.010551639,0.0003942893818020822,0.00459771,0.0,0.019570291,0.014739454,0.9999998,0.98526037,0.1875,0.9999998,0.9883846,0.98042953,-0.0004704588166604389,0.0048685605
base-noprop__9ff16bd9837162a31625505a37953b6d7b6f8bcd__炸虾菇__v0__7e850bd2__c0.mp4,0.9919201731681824,0.9757815599441528,0.0020853877,-0.0028297156,-0.037881985,-0.03505227,0.09375,-0.027839318,-0.034907438,-0.039967373,0.00015636624992330643,0.0030562591,0.18061065673828125,0.033772267,-0.005826056,0.14651078,0.003832118818536401,0.15233684,0.1875,0.17728038,0.14570321,0.11273851,-0.00038512139867914177,0.014511304,0.3870967741935484,0.03214115,0.012167513,0.99999994,0.9878324,0.15625,0.99999994,0.98231316,0.9678588,-0.0004637740071742473,0.009094758
exact-r1__b64e927b147755fae3afe21af5cf55d4d3d529a1__毒蘑菇__v1133__crown__25f11caf__c0.mp4,0.9552989602088928,0.7164205312728882,0.0345937,0.023069054,-0.03654316,-0.059612215,0.21875,0.0026165843,-0.039530285,-0.07113686,-0.000616230436565241,0.016040599,0.3532858192920685,0.04734014,-0.19152597,0.23430166,0.006490645930171013,0.42582762,0.1875,0.4364167,0.3137555,0.18696152,0.008674076056419235,0.08907253,0.16129032258064516,0.35142177,0.28798306,1.0,0.71201694,0.28125,1.0,0.87082374,0.6485782,-0.012050151322419295,0.12538636
exact-r1__f0f77d545e150bcc231192eafd1e15432b3925f3__毒蘑菇__v1516__glasses__e077c6f2__c0.mp4,0.9751906394958496,0.9177202582359314,0.028715491,0.022208393,0.058659077,0.036450684,0.15625,0.07327771,0.048979953,0.029943585,-0.0010597621830852136,0.012625352,0.5441476106643677,0.06211531,0.014593542,0.6046476,0.013273479416966438,0.59005404,0.15625,0.6309191,0.5931275,0.54253227,-0.0003758562821621607,0.019180674,0.0,0.13834137,0.13329542,0.99999994,0.8667045,0.0625,0.99999994,0.9044233,0.8616586,-0.003825086455715703,0.042319812
base-noprop__28b20a51fc5023872d19e739ff97172cffc064d5__毒蘑菇__v0__cf7134e7__c0.mp4,0.9890472888946533,0.9537049531936646,0.008550957,0.0021148622,-0.009547859,-0.011662722,0.125,0.0051084757,-0.008515845,-0.018098816,-0.00017462617818735925,0.004966361,0.26427289843559265,0.011054128,-0.025519922,0.20385136,0.007888631895184517,0.22937128,0.15625,0.31501377,0.25575703,0.19279723,-0.0001066428939661584,0.02535991,0.0,0.04526621,0.0078077316,1.0,0.99219227,0.15625,1.0,0.9759366,0.9547338,0.00020406740414433486,0.011271055
base-noprop__c82f72947167e88ffd436a39531a14abf6dee6cf__炸虾菇__v0__9394005f__c0.mp4,0.9829237461090088,0.9519766569137573,0.011236995,0.007386893,-0.12719649,-0.13458338,0.125,-0.09498134,-0.11972859,-0.13843349,-0.00023689166345030436,0.011602409,0.39435940980911255,0.07032877,0.040021986,0.3031982,0.0030747405253350735,0.2631762,0.125,0.32211635,0.27463084,0.23286942,-0.00029186383872961403,0.021843826,0.25806451612903225,0.11744887,0.041431487,1.0,0.9585685,0.125,1.0,0.9498577,0.88255113,-0.000494987482636529,0.02590281
exact-r2__b5f3ed9751741b54d2b7860eb77b985aaee98b64__粽子菇__v1128__bubble__6e70acea__c0.mp4,0.9555502533912659,0.8037700057029724,0.0062662438,0.0042860433,-0.00071988255,-0.005005926,0.1875,0.016738951,0.00251171,-0.0069861263,-8.603311594455461e-05,0.0066667898,0.13509956002235413,0.027954437,-0.040922202,0.12402218,0.004656762816011906,0.16494438,0.15625,0.16494438,0.13761127,0.09606774,0.0008668966722453485,0.016697057,0.22580645161290322,0.42108208,0.074814916,0.9999999,0.92518497,0.125,0.9999999,0.89621234,0.5789178,-0.002133048273338929,0.10335801
generic__d424d1f21129cb4f5e1724780bc7368fa90c14e9__炸虾菇__v813__scooter__d1ace2f7__c0.mp4,0.9969748854637146,0.9915426969528198,0.0016874,-0.0036979914,-0.032529764,-0.028831773,0.09375,-0.016029358,-0.027819917,-0.034217164,0.00013612288588390258,0.0035094582,0.14141897857189178,0.0,-0.019881845,0.09805148,0.011315751820802689,0.117933325,0.1875,0.14104941,0.11359906,0.09805148,0.0002125038320193223,0.008942093,0.0,0.025208533,0.019891202,0.99999994,0.98010874,0.09375,0.99999994,0.98509896,0.9747914,-0.0006036458870182569,0.0065450757
exact-r1__15e6b3460ae8a842ce658edab362da80dbccd4dd__爆炸菇（爆炸后）__v139__crown__e9064bc2__c0.mp4,0.9709316492080688,0.9009702801704407,0.04151848,-0.025635242,-0.02361092,0.0020243227,0.09375,0.0046896636,-0.027626786,-0.0651294,0.0009169592071444748,0.017205682,0.3818829357624054,0.25245613,-0.030505568,0.4176972,0.015221331268548965,0.44820276,0.125,0.45082235,0.35425615,0.16524105,-6.138605183082728e-05,0.06615723,0.0,0.19472253,0.11399853,1.0,0.88600147,0.15625,1.0,0.9291938,0.80527747,-0.004428145451105226,0.0484931
exact-r1__d1758c15bc02c270105a3d17b4eb3accdc5cee71__蘑菇力__v1300__bubble__af98eeec__c0.mp4,0.9872350096702576,0.9731297492980957,0.018601798,0.018601798,-0.044700883,-0.06330268,0.25,-0.038686674,-0.048440065,-0.06330268,-0.0005303515364413227,0.007236151,0.04683885723352432,0.017434813,0.004768174,-0.0020846613,0.008071739226579666,-0.0068528354,0.125,0.015031932,-0.0016012102,-0.019519474,-0.00025809662525994075,0.0083583435,0.06451612903225806,0.09364146,0.048683643,1.0,0.95131636,0.1875,1.0,0.9576144,0.90635854,-0.0018791953139990155,0.026787551
exact-r1__01a6567f10a570751973e6ec60ed6bde441ec10f__爆炸菇（爆炸后）__v14__eyemask__90e390c5__c0.mp4,0.992660403251648,0.9742372035980225,0.006844878,-0.014590383,0.016678095,0.031268477,0.1875,0.050980985,0.029002046,0.009833217,-0.0002661197394394793,0.012024394,0.4798071086406708,0.011843473,-0.017387569,0.5026008,0.013459950685501099,0.51998836,0.09375,0.5412836,0.50880915,0.49075732,0.00028587303662406215,0.010772299,0.0,0.09512186,0.07563466,1.0000002,0.9243656,0.25,1.0000002,0.9569313,0.9048784,-0.0030223851657507823,0.028685253
base-noprop__2a80b5bbf9bfc43cc9607c64804c1876ee75a6f2__毒蘑菇__v0__890c7aff__c0.mp4,0.9790281057357788,0.9270548224449158,0.017218143,-0.02280125,-0.008389741,0.014411509,0.125,0.040625155,0.00064089615,-0.025607884,0.0012184094659481574,0.01830811,0.32272860407829285,0.021972924,-0.10303393,0.26870582,0.014581088908016682,0.37173975,0.15625,0.3862773,0.3233695,0.24673289,0.003309555630311595,0.035532877,0.16129032258064516,0.1151818,0.108150184,0.9999999,0.8918497,0.0625,0.9999999,0.9134602,0.8848181,-0.0017199451404232922,0.024174314
exact-r1__b5f3ed9751741b54d2b7860eb77b985aaee98b64__炸虾菇__v1128__bubble__06bbf296__c0.mp4,0.9714235067367554,0.8762961030006409,0.005743146,-0.020422429,-0.09068477,-0.07026234,0.28125,-0.018228382,-0.06284111,-0.09642792,0.0015265201273049222,0.024655895,0.18087327480316162,0.048386365,0.0446575,0.119368434,0.01753298193216324,0.074710935,0.25,0.20062539,0.11803216,0.07098207,-0.002810077211898788,0.034181375,0.0,0.38351375,0.14180076,1.0,0.85819924,0.21875,1.0,0.83942163,0.61648625,-0.006712336333528626,0.11881819
base-noprop__fa699bfb0ad829980890a6fa14ad0c0db8626180__炸虾菇__v0__496ebfd6__c0.mp4,0.9911357760429382,0.952410876750946,0.04599759,0.015131772,-0.03127709,-0.046408862,0.1875,-0.00069981813,-0.04409515,-0.07727468,-0.001026967671478599,0.018069962,0.43261951208114624,0.11568251,0.02954498,0.4136574,0.026978015899658203,0.38411242,0.09375,0.4974989,0.38852435,0.29797488,-0.0020018148774013336,0.04380432,0.0,0.076073885,0.028211296,0.99999994,0.97178864,0.125,0.99999994,0.9664006,0.92392606,-0.0004983495079701707,0.016350504
exact-r2__6e00099ba07748932bf2cc8af1fceef62e8038f4__汉堡菇__v700__coffee__771ca631__c0.mp4,0.9778255224227905,0.8727268576622009,0.038153887,-0.018097132,0.02644062,0.044537753,0.09375,0.048180044,0.031612486,-0.011713266,-0.0001102521567662783,0.0143699385,0.3868235945701599,0.026480496,0.0026828349,0.41233563,0.015065005049109459,0.4096528,0.1875,0.44175524,0.41843608,0.38585514,-0.0007536269593273696,0.014676025,0.0,0.07158482,0.052217066,1.0000001,0.94778305,0.21875,1.0000001,0.96833444,0.9284153,-0.0018227919171457476,0.021432992
exact-r1__753c5537a0badf41766fc2e264e9432a3b9c71fb__爆炸菇（爆炸前）__v735__eyemask__cf61d26d__c0.mp4,0.9844313859939575,0.944361686706543,0.027951777,0.025589347,-0.0064349473,-0.032024294,0.1875,0.00063455105,-0.016355945,-0.034386724,-0.0006156076685337028,0.009699246,0.2763427495956421,0.1900714,0.1287309,0.32236874,0.0028237500227987766,0.19363785,0.1875,0.3296376,0.25998682,0.13229734,-0.003915063100061274,0.051401746,0.12903225806451613,0.14240754,0.119791746,1.0000002,0.8802085,0.21875,1.0000002,0.9394058,0.8575927,-0.00286152664998057,0.03448514
exact-r2__10c0ac04aeb5d2daab305c2cf0c7c468606b21ab__蘑菇力__v100__coffee__edadca69__c0.mp4,0.985639750957489,0.9508637189865112,0.027680732,0.02550833,-0.052337356,-0.077845685,0.1875,-0.03590116,-0.056449134,-0.08001809,-0.0007597699070409436,0.011597666,0.1691286861896515,0.047649883,0.025164902,0.11601371,0.010700889863073826,0.09084881,0.15625,0.14663357,0.11267956,0.06836383,-0.0008834302548286293,0.016230423,0.06451612903225806,0.10667354,0.040240467,1.0,0.95975953,0.125,1.0,0.9449631,0.89332646,-0.0008693853409583768,0.026466275
base-noprop__f64e1c17ba334819ca417f708e64e97d2aba7b05__粽子菇__v0__e05364c5__c0.mp4,0.9840261936187744,0.9404541254043579,0.06613618,-0.009798765,0.22679585,0.23659462,0.21875,0.23659462,0.20837256,0.16065967,0.00017228508450069683,0.023388753,0.4412997364997864,0.054612637,-0.0070461035,0.66549015,0.09258987009525299,0.67253625,0.25,0.67253625,0.6496723,0.6108775,0.00039566154223035253,0.01622122,0.06451612903225806,0.06327969,0.014384747,1.0,0.98561525,0.1875,1.0,0.9713901,0.9367203,-0.00027837198981438667,0.01880559
generic__929b88500dd26c68400cb2ef5015e7db4f37d194__汉堡菇__v586__coffee__880a1ceb__c0.mp4,0.990391194820404,0.9660902619361877,0.018466175,0.0048172474,-0.008003652,-0.0128208995,0.21875,0.016371012,-0.010797493,-0.026469827,-0.0005485703649758593,0.009805269,0.3772326111793518,0.009527087,-0.009907603,0.35528684,0.01182745024561882,0.36519444,0.125,0.392622,0.3664351,0.34575975,0.0006395676487352213,0.009955564,0.0,0.06286842,0.037632763,0.99999994,0.9623672,0.1875,0.99999994,0.96661913,0.9371315,-0.00117128661388524,0.015610496
exact-r1__f142944f6415cf4e140989e4620f7f0f23645f52__毒蘑菇__v1518__glasses__b904a7f8__c0.mp4,0.9850612282752991,0.958558201789856,0.010475785,0.0035105646,-0.011417747,-0.014928311,0.1875,0.0054800212,-0.012051508,-0.021893531,-0.00041243991926530956,0.0069773793,0.31429386138916016,0.09291725,0.061637074,0.339503,0.01517343521118164,0.27786592,0.125,0.3406154,0.30224234,0.24658574,-0.0011491876210241666,0.021505099,0.0,0.06971216,0.067020535,1.0,0.93297946,0.03125,1.0,0.9495014,0.93028784,-0.0014482909087036803,0.017976921
exact-r1__f5ba1ce13b37950d02d7e32e049506ff144abc71__蘑菇力__v1549__eyemask__52d2a75b__c0.mp4,0.9977564215660095,0.9935690760612488,0.009436451,-0.008266091,-0.005110286,0.0031558052,0.125,0.005692199,-0.0053620753,-0.014546737,0.0004965544697388873,0.006368565,0.12895479798316956,0.0026319101,-0.016477764,0.11059871,0.023733919486403465,0.12707648,0.21875,0.138291,0.12359272,0.1079668,0.00037344405973805685,0.0089011835,0.0,0.021453738,0.017905712,1.0,0.9820943,0.125,1.0,0.9868871,0.97854626,-0.0006266040864053476,0.006774209
base-props__e6a6c1053d5efe2e36d668270cf9f895b650e2a1__炸虾菇__v898__glasses__1df276f6__c0.mp4,0.9722340703010559,0.8428341150283813,0.0,-0.0023469925,-0.09009132,-0.087744325,0.03125,-0.009571373,-0.065611586,-0.09009132,0.0013497528671956107,0.023527509,0.4182779788970947,0.007853031,-0.01292485,0.31929994,0.01364992093294859,0.3322248,0.03125,0.47004497,0.35266644,0.3114469,0.002023118414268825,0.040587444,0.0,0.33732176,0.019486785,0.9999999,0.9805131,0.21875,0.9999999,0.921968,0.6626781,-0.004139386434271867,0.07987042
exact-r1__1669dffeba5d47e88d54192d09226ea6f70233e4__爆炸菇（爆炸前）__v145__glasses__ce84e222__c0.mp4,0.9535016417503357,0.7531496286392212,0.013131902,0.0023022778,-0.046385095,-0.048687372,0.03125,0.0063358545,-0.0413287,-0.059516996,-0.0003809287831394825,0.014823934,0.2165433019399643,0.25777367,0.2448363,0.244123,0.003428472438827157,-0.0007133102,0.0625,0.5725126,0.1752146,-0.013650667,-0.014849256799567221,0.18580224,0.0967741935483871,0.3860047,0.30933225,1.0000001,0.69066787,0.125,1.0000001,0.77959013,0.61399543,-0.010038514968411981,0.12775326
exact-r1__b84a69fca80b7f3ae9dfc999d5b9896f6e7dc072__毒蘑菇__v1148__crown__0de8e285__c0.mp4,0.8788096904754639,0.46206867694854736,0.041930676,0.008654177,0.003370583,-0.005283594,0.0625,0.06869131,0.009439264,-0.038560092,-3.104685884941334e-05,0.021579143,0.5865782499313354,0.24276152,-0.071659625,0.5775984,0.020725227892398834,0.649258,0.1875,0.7077102,0.5960175,0.33483687,0.0007317045381254549,0.11708115,0.22580645161290322,0.6266749,0.17381036,1.0,0.82618964,0.15625,1.0,0.7826251,0.3733251,-0.004474538228204159,0.13385925
generic__e6a6c1053d5efe2e36d668270cf9f895b650e2a1__炸虾菇__v898__glasses__1df276f6__c0.mp4,0.9851365089416504,0.9705685377120972,0.008737236,-0.006927699,-0.014030427,-0.007102728,0.21875,0.0030288696,-0.01019295,-0.022767663,1.930462365800657e-05,0.007034232,0.45820552110671997,0.041458577,-0.008224487,0.4352551,0.004622924141585827,0.4434796,0.15625,0.50308686,0.4480126,0.39379653,0.0007803587193800323,0.02538577,0.25806451612903225,0.086922646,0.030581057,1.0,0.96941894,0.28125,1.0,0.9505567,0.91307735,-0.0001246079015941259,0.024988595
exact-r1__28b269cb428b398ae0c461d34d9e6daeeb15dd1c__蘑菇力__v265__flag__6d808d89__c0.mp4,0.9953232407569885,0.9717592597007751,0.018398471,0.018398471,-0.045084573,-0.063483045,0.125,-0.03208687,-0.050993763,-0.063483045,-0.0009750362152446763,0.010314565,0.13210484385490417,0.034329493,0.034329493,0.09225603,0.01027737744152546,0.05792654,0.21875,0.10698614,0.081111066,0.05792654,-0.0014042286625639932,0.015141601,0.0,0.064997315,0.062180877,1.0000001,0.93781924,0.03125,1.0000001,0.96263075,0.9350028,-0.002521391291597344,0.025554685
base-props__edb1f0c36ee48806d99094bace7f3423c10bdc39__毒蘑菇__v925__eyemask__b5908fb5__c0.mp4,0.9912659525871277,0.9681403040885925,0.013462305,-0.026833296,-0.002342105,0.02449119,0.28125,0.026656985,0.008281883,-0.01580441,0.0013660541093768956,0.014893467,0.5178390741348267,0.04647547,-0.025668323,0.52019453,0.006143954582512379,0.54586285,0.21875,0.58728415,0.5261209,0.47371906,0.0016323840873769429,0.023510786,0.06451612903225806,0.07164639,0.06767756,1.0000001,0.93232256,0.03125,1.0000001,0.95378,0.9283537,-0.002387377578229812,0.02488465
base-noprop__90d2739dfb7858927d0f47919eb4bdb9a91380c7__汉堡菇__v0__4d85415b__c0.mp4,0.9906157851219177,0.9476895332336426,0.015576452,0.0018703043,-0.04605931,-0.047929615,0.03125,-0.01521337,-0.044503123,-0.061635762,-6.72178872781779e-05,0.010409717,0.5033838152885437,0.0151076615,-0.0029301345,0.44328287,0.003340275026857853,0.446213,0.0,0.5400158,0.4588807,0.4281752,0.00032773575147401995,0.032867875,0.06451612903225806,0.064958096,0.0060614347,1.0,0.99393857,0.15625,1.0,0.9829247,0.9350419,-0.0003344730373001898,0.017846122
exact-r1__48edbebb09f4066019f3a893bd82184d9bdce8fd__爆炸菇（爆炸后）__v465__glasses__5508a275__c0.mp4,0.9677416682243347,0.7895894050598145,0.022599876,0.010707408,0.026956558,0.01624915,0.09375,0.054717124,0.024208164,0.0043566823,-0.0007650134211018286,0.013443899,0.22695392370224,0.1511209,0.14774185,0.2895899,0.003907399717718363,0.14184806,0.0,0.49679738,0.25116208,0.13846901,-0.008728948449087792,0.12441396,0.1935483870967742,0.23024154,0.11911225,0.9999999,0.8808876,0.125,0.9999999,0.8940076,0.76975834,-0.0023896619240559146,0.058687847
exact-r1__ee8ee8f76cc09b62de2c6369c4fbcd0529c0add0__汉堡菇__v1498__bubble__80085a36__c0.mp4,0.9836642742156982,0.9427227973937988,0.017067313,-0.009567738,-0.045383155,-0.035815418,0.125,-0.016585052,-0.037814632,-0.06245047,0.00040726238845293034,0.009768979,0.30474960803985596,0.046774715,0.01013571,0.26988423,0.005760419648140669,0.25974852,0.1875,0.29911682,0.266935,0.22310951,-0.0008078496056524132,0.015437041,0.0,0.111772895,0.057973266,1.0000001,0.94202685,0.1875,1.0000001,0.95217013,0.8882272,-0.0010575737989892533,0.027957223
exact-r1__a6a9bd897b2a6026ea017159b23d6fe4508c6aef__吐司菇__v1030__crown__5bf3e723__c0.mp4,0.9938995242118835,0.9820647239685059,0.020380571,0.014629871,-0.011113808,-0.025743678,0.25,0.0025203526,-0.012460753,-0.03149438,-0.0007614783309072341,0.010227462,0.13308991491794586,0.0,-0.04913509,0.0966284,0.016874190419912338,0.14576349,0.21875,0.16190216,0.12062916,0.0966284,0.001501403598775789,0.016695289,0.16129032258064516,0.12480211,0.11088812,1.0,0.8891119,0.28125,1.0,0.95386505,0.8751979,-0.004327569812361425,0.04321305
exact-r1__5e7b79559f6cc44daddac102e8d214b2aa09cd33__炸虾菇__v591__coffee__6014f87c__c0.mp4,0.9714073538780212,0.8500891923904419,0.008074433,0.0027724504,-0.016577423,-0.019349873,0.21875,0.015921056,-0.001688662,-0.024651855,-0.0007574216700281911,0.013079997,0.41632479429244995,0.017473847,-0.0061424375,0.39881295,0.02721099555492401,0.4049554,0.15625,0.47724438,0.41463614,0.3813391,0.0012335077998750091,0.02499182,0.0,0.11836642,0.04104078,1.0000002,0.95895946,0.0625,1.0000002,0.9259064,0.8816338,0.0005503147949746131,0.030472677
base-noprop__24dc1f3ba782c8b6cd325590627ea2ed97b93833__蘑菇力__v0__e1721d9a__c0.mp4,0.9903446435928345,0.9205529689788818,0.017074473,-0.0056388974,-0.012958236,-0.0073193386,0.09375,-0.0014384538,-0.011708379,-0.03003271,0.00014306626165192806,0.0056879176,0.09458719938993454,0.008312672,-0.004163973,0.0744966,0.009136650711297989,0.07866057,0.0625,0.13295937,0.08287882,0.066183925,0.0005130664407223748,0.015459649,0.0,0.09983045,0.0061575174,1.0,0.9938425,0.09375,1.0,0.98529744,0.90016955,-0.0005800759752999079,0.021112027
exact-r1__db2ea9a59f8d9bd142cf6ccf99304afecb1195d6__汉堡菇__v1371__flag__8c1c5bef__c0.mp4,0.9902471899986267,0.9617555141448975,0.0,-0.040761173,-0.077462435,-0.036701262,0.1875,-0.0252586,-0.044855103,-0.077462435,0.0011043595996769976,0.01422778,0.5361063480377197,0.03705281,-0.01574254,0.49167967,0.017976636067032814,0.5074222,0.125,0.5132064,0.4912513,0.45462686,0.0009700348846548925,0.015415372,0.0,0.09894252,0.06848085,0.9999999,0.93151903,0.125,0.9999999,0.943338,0.90105736,-0.0024361481283766482,0.028273713
generic__edcc9cb357e76382c3dd66231b56a5f4c6ef4e4b__毒蘑菇__v926__eyemask__c1ae514b__c0.mp4,0.9938762784004211,0.9837642908096313,0.027294874,-0.002224505,0.066015005,0.06823951,0.1875,0.07069224,0.056255437,0.03872013,2.4820232758425116e-05,0.009641094,0.541869044303894,0.08169627,0.0035060644,0.6390357,0.006071910262107849,0.63552964,0.1875,0.6508279,0.5981245,0.55733943,-0.000709526852603519,0.028138354,0.0,0.056863308,0.0056853294,1.0000001,0.9943148,0.1875,1.0000001,0.97049725,0.9431368,-0.0005312310395177605,0.019110924
exact-r2__3373ae9e4de4dce88d5624681a41f79ac07484f3__蘑菇力__v342__scooter__c3ace3d5__c0.mp4,0.9817653894424438,0.9461020231246948,0.038955897,0.0023702085,0.016996205,0.014625996,0.09375,0.021747231,0.009946087,-0.021959692,8.993318353580258e-05,0.009116834,0.4779548943042755,0.13023305,0.019733757,0.4943035,0.024052482098340988,0.47456974,0.125,0.5986686,0.48790094,0.36407045,-0.0024395951525993604,0.05501433,0.0,0.17236954,0.077819824,1.0,0.9221802,0.21875,1.0,0.9243218,0.82763046,-0.003731838506687389,0.05400361
generic__c52c60db374d20e0b184bfe3476d54058ae4bf84__炸虾菇__v773__eyemask__4650b901__c0.mp4,0.9816619753837585,0.9528419375419617,0.020428866,-0.005365342,-0.023041993,-0.017676651,0.15625,0.009025365,-0.016027596,-0.04347086,0.0001820227584618622,0.012245799,0.48402804136276245,0.029381454,-0.026510477,0.46086073,0.011898702941834927,0.4873712,0.15625,0.50407565,0.46800044,0.43147928,0.0003822919232579784,0.01697717,0.0,0.119377315,0.06913495,1.0,0.93086505,0.09375,1.0,0.93282664,0.8806227,-0.002859096449753387,0.033769477
exact-r2__986d912c264847e31c8f18a969d28d6c5bfafc3a__毒蘑菇__v943__bubble__ecab9665__c0.mp4,0.9968608617782593,0.9861904978752136,0.011281593,0.0033977553,-0.025684161,-0.029081916,0.15625,-0.024618601,-0.029491698,-0.036965754,-0.00014244138346466116,0.0029297099,0.03193773329257965,0.012213916,0.001055595,0.007057501,0.004952365532517433,0.006001906,0.1875,0.013198067,0.0024460373,-0.0051564146,6.518757073693472e-05,0.0049492903,0.06451612903225806,0.03729987,0.018010855,1.0,0.98198915,0.15625,1.0,0.986907,0.9627001,-0.000833911236779766,0.011091628
base-noprop__f4d25ec51527a18f0ee61a4803329a4966535857__汉堡菇__v0__73001002__c0.mp4,0.9847658276557922,0.9429768323898315,0.011818051,-0.011779249,0.021852493,0.033631742,0.125,0.05856806,0.03209772,0.010034442,0.0011602066610216046,0.013793034,0.5587770938873291,0.01619482,0.0044320226,0.57776606,0.005842370912432671,0.57333404,0.15625,0.6136271,0.59087485,0.56157124,-0.00031461711983874906,0.014137475,0.03225806451612903,0.10370004,0.060381293,1.0000001,0.9396188,0.28125,1.0000001,0.9424699,0.8963001,-0.0027841838551930743,0.031898394
exact-r1__0482215a70d10901557fd35bdf33f91d111c8bcb__粽子菇__v30__coffee__d4ee31e5__c0.mp4,0.9878689646720886,0.9526814222335815,0.02346588,-0.013840765,0.0041329563,0.017973721,0.28125,0.034772605,0.008997457,-0.019332923,0.0012370458916048145,0.017432464,0.13141359388828278,0.057573713,-0.03205654,0.12969384,0.008735918439924717,0.16175038,0.28125,0.21099219,0.14041105,0.07212012,0.002910980947938397,0.04308658,0.06451612903225806,0.090571284,0.025090218,1.0,0.9749098,0.15625,1.0,0.9690687,0.9094287,-0.001365794639083979,0.02357294
exact-r1__c222c0506a97b7a9e8e24f8b8a715d3bd0ecbd85__爆炸菇（爆炸前）__v1213__coffee__f5015232__c0.mp4,0.9723552465438843,0.9045812487602234,0.033792704,0.007829428,-0.026636094,-0.03446552,0.15625,-0.02519536,-0.042358268,-0.0604288,-0.0005310891398236913,0.007716084,0.3914550542831421,0.07237393,-0.06292018,0.35530573,0.008376358076930046,0.4182259,0.1875,0.42697072,0.34909678,0.2829318,0.0031612186673537065,0.038057253,0.0,0.15897626,0.121628165,1.0,0.87837183,0.21875,1.0,0.9219575,0.84102374,-0.003919057307704773,0.0453137
exact-r2__91c39501adafbba839f83b6334e1af2e954a86dc__爆炸菇（爆炸前）__v905__flag__04bc6241__c0.mp4,,,,,,,,,,,,,,,,,,,,,,,,,,,,,,,,,,,
exact-r1__5f7637850af2f16c03eff8c6fe0c95f65698bcd6__吐司菇__v596__scooter__5cdcac5c__c0.mp4,0.9954549074172974,0.9885925650596619,0.00014039502,-0.009355862,-0.041837472,-0.03248161,0.25,-0.02885243,-0.036009572,-0.041977867,0.0003124528040131679,0.0036906754,0.06630656868219376,0.0066653155,-0.010608736,0.025520917,0.003237802069634199,0.036129653,0.15625,0.04041406,0.030296994,0.018855602,0.00020214158644260693,0.0057629477,0.22580645161290322,0.04733044,0.04733044,0.99999994,0.9526695,0.28125,0.99999994,0.97509956,0.9526695,-0.001799114649334228,0.017750267
exact-r1__15f75abcba4174a7e03174d2ba8fa27b95e7f5ff__蘑菇力__v140__glasses__5c91f6c0__c0.mp4,0.9904587268829346,0.9680461883544922,0.006827414,0.0034951642,-0.0028823987,-0.006377563,0.125,-0.0002451986,-0.0049876003,-0.009709813,-0.00017073014996880315,0.0023516633,0.1019570529460907,0.027904883,-0.00868728,0.09747364,0.008721099235117435,0.106160924,0.15625,0.11218241,0.096969455,0.06956876,4.9653738911901786e-05,0.009527959,0.0,0.07843423,0.044274688,1.0,0.9557253,0.1875,1.0,0.96281785,0.9215658,-0.001724956158406544,0.02060143
generic__56bc114155a57e47100a6759d7b78d0befdb0a1f__蘑菇力__v330__eyemask__3f293437__c0.mp4,0.9962446093559265,0.9877863526344299,0.0054063797,0.0013920069,-0.053715527,-0.055107534,0.1875,-0.03617364,-0.046012357,-0.059121907,-5.870153499313893e-05,0.0059685055,0.37038272619247437,0.040774107,0.025510669,0.34430206,0.020834099501371384,0.3187914,0.125,0.3487518,0.32437035,0.30352795,-0.0004684108465123338,0.010044999,0.0,0.022987306,0.013872027,1.0,0.986128,0.0625,1.0,0.98457336,0.9770127,-0.00024134318325175376,0.0061077652
base-noprop__76415b1f87ca2c2e1e9c5810464d613f3664583d__炸虾菇__v0__cb4effac__c0.mp4,0.9903619885444641,0.9665631055831909,0.0022038817,0.0010126829,0.038586795,0.037574112,0.1875,0.050446093,0.04370352,0.036382914,-0.00013912452761728275,0.0036271536,0.45603710412979126,0.07837391,0.068451285,0.5208379,0.026717443019151688,0.45238662,0.1875,0.6276704,0.49974063,0.442464,-0.002998996263812344,0.047111344,0.0,0.07565713,0.038754523,0.9999999,0.96124536,0.0625,0.9999999,0.96818376,0.92434275,-0.0012526599324343554,0.01686945
base-noprop__069c5cf6bb44592f056bdb81b4696b1569957312__蘑菇力__v0__043ce7ea__c0.mp4,0.9986995458602905,0.9969543218612671,0.0069973767,-0.00060142204,-0.033030547,-0.032429125,0.15625,-0.0301244,-0.03372775,-0.040027924,4.4789760649378365e-05,0.0020989182,0.032514408230781555,0.003916854,0.00017558038,-0.00097278506,0.00489251920953393,-0.0011483654,0.125,0.0013762619,-0.0012133406,-0.004889639,2.2340319774870086e-05,0.0015140241,0.0,0.012580633,0.006973028,1.0,0.993027,0.21875,1.0,0.99302816,0.98741937,-0.00020173942544590107,0.0030166265
exact-r2__655591f8a2e3f43e7dd87e08844065a68a1b8e56__爆炸菇（爆炸后）__v642__flag__3196f35d__c0.mp4,0.9686802625656128,0.9305570125579834,0.027421355,-3.7252903e-05,0.02181077,0.021848023,0.15625,0.05145523,0.024063064,-0.005610585,0.000468405711947998,0.014921565,0.3982919752597809,0.14537829,0.07378423,0.5173234,0.00823140051215887,0.44353914,0.125,0.5173234,0.42235503,0.37194508,-0.0011210310220980504,0.035114802,0.3548387096774194,0.13431412,0.122201085,1.0,0.8777989,0.15625,1.0,0.91598034,0.8656859,-0.002038221008791589,0.032419913
exact-r1__350cfd2dd11a55bba310df263eb011f378987693__爆炸菇（爆炸后）__v352__coffee__114e6de4__c0.mp4,0.9647486209869385,0.8590216636657715,0.03615716,-0.0044180453,0.048126966,0.05254501,0.125,0.07784709,0.04760191,0.011969805,0.0004336678442105527,0.014018493,0.44538581371307373,0.18135053,-0.0011358857,0.54722637,0.023499585688114166,0.54836226,0.09375,0.54907084,0.49298772,0.36587584,-0.0004752686580429908,0.039758332,0.0,0.18593562,0.04270369,0.9999999,0.9572962,0.125,0.9999999,0.9327407,0.81406426,-0.0018586013848480632,0.036776774
exact-r1__45f95e4ccfc9b15e50ac6f5d00e336f2b5909182__吐司菇__v441__bubble__e2d9b949__c0.mp4,0.9911521077156067,0.9742064476013184,0.005110536,-0.0063620396,-0.025114037,-0.018751998,0.15625,-0.015250951,-0.022662934,-0.030224573,0.00012646382401459668,0.0038488214,0.0803782194852829,0.028429963,0.01432034,0.07158216,0.02645588107407093,0.05726182,0.1875,0.07158216,0.05771528,0.0431522,-0.00025928859896630027,0.00604592,0.0,0.10106778,0.0138709545,1.0,0.98612905,0.15625,1.0,0.9632946,0.8989322,-0.0010082778081166423,0.02972277
exact-r1__f9d1eed7993e0d88c26d3e6c260e0c2c09acd66b__爆炸菇（爆炸前）__v1571__bubble__655e7834__c0.mp4,0.9563300609588623,0.6639058589935303,0.01110214,-0.0028851032,-0.03854513,-0.03566003,0.1875,-0.007899389,-0.02962442,-0.04964727,0.0005029836380062193,0.012127473,0.3426062762737274,0.29080623,-0.014282823,0.43014854,0.00742106419056654,0.44443136,0.25,0.49707025,0.31298187,0.13934231,-0.0026126425669602176,0.1171064,0.0,0.6205491,0.04957694,1.0000001,0.9504232,0.1875,1.0000001,0.73655945,0.37945104,-0.009685509780809667,0.2184566
exact-r2__2827cec8374948e9be93fdc1bcf8e9a4b6e4d53c__蘑菇力__v261__flag__2b162223__c0.mp4,0.9779555201530457,0.9172799587249756,0.024744302,0.023672432,0.011923522,-0.01174891,0.1875,0.014097452,0.0016565155,-0.01282078,-0.0003731293696637024,0.006800369,0.3291846811771393,0.10944998,0.10944998,0.3659655,0.0057542044669389725,0.2565155,0.1875,0.41212845,0.33084118,0.2565155,-0.002908706626802935,0.038352463,0.06451612903225806,0.1362691,0.13538939,1.0,0.8646106,0.125,1.0,0.9105898,0.8637309,-0.004611057740065335,0.04525357
exact-r1__a8b82dd68a55ba601c87031486af04c63ac9aca8__吐司菇__v1044__crown__e4c8e642__c0.mp4,0.9697965979576111,0.8838955163955688,0.0389708,0.026777208,-0.1010288,-0.12780601,0.3125,-0.074989915,-0.10863076,-0.1399996,-0.0017743883572540694,0.020268857,0.4756670296192169,0.13632861,0.023670554,0.42337084,0.008066006936132908,0.39970028,0.15625,0.4249923,0.36703628,0.28704223,-0.0007565080780874543,0.039194755,0.06451612903225806,0.16656011,0.07929969,0.99999994,0.92070025,0.1875,0.99999994,0.91821146,0.8334398,-0.0030112219564725783,0.039726958
exact-r1__c303d68368ab9ff7234ad0a2eedb6c8a148c23e3__爆炸菇（爆炸前）__v1219__coffee__4431c54f__c0.mp4,0.9438445568084717,0.8666092157363892,0.017872259,-0.005684465,-0.01075384,-0.005069375,0.15625,0.012290865,-0.008091362,-0.0286261,0.0008110635780082064,0.011174792,0.27883100509643555,0.02948068,-0.024811566,0.24629098,0.004794174339622259,0.27110255,0.1875,0.3418588,0.27073967,0.2168103,0.0020487909628586374,0.03272206,0.3225806451612903,0.20113087,0.13493824,1.0,0.86506176,0.15625,1.0,0.8885638,0.79886913,-0.003880419230356228,0.04779298
base-noprop__44edcc4beb7d88d66db3fdea1b606a12e64017fd__毒蘑菇__v0__10f0910b__c0.mp4,0.9976965188980103,0.9947159290313721,0.0076057017,0.0076057017,-0.053129733,-0.060735434,0.15625,-0.041795358,-0.052708358,-0.060735434,-7.496515556601973e-05,0.00392174,0.2852146625518799,0.0,-0.025126249,0.21497485,0.014066407456994057,0.2401011,0.15625,0.24965417,0.2325063,0.21497485,0.0007030155995855299,0.008098913,0.0,0.016215622,0.016150117,1.0000001,0.98385,0.28125,1.0000001,0.9904572,0.9837845,-0.0005133361323487914,0.0048552575
exact-r1__4691ed1843f8b20fbb9d94d74fa655f6e6d960bb__爆炸菇（爆炸后）__v447__glasses__95e1fb58__c0.mp4,0.9963618516921997,0.982609748840332,0.014172498,0.012856226,-0.039125927,-0.051982153,0.3125,-0.030380547,-0.041999526,-0.053298425,-0.0006784538320563416,0.0075240904,0.08912515640258789,0.03973327,0.0310469,0.06615875,0.03808800131082535,0.03511185,0.15625,0.06615875,0.04712562,0.026425483,-0.0011983430275933863,0.0120496955,0.0,0.092808366,0.08571005,1.0,0.91428995,0.375,1.0,0.95950687,0.90719163,-0.0036431627998079136,0.036456905
base-props__546296f7917ec182336f629d3d0c02436cb741ca__汉堡菇__v315__scooter__5d2f2681__c0.mp4,0.9990617036819458,0.9956695437431335,0.0025284272,-0.00093621574,-0.014310306,-0.01337409,0.1875,-0.010849695,-0.014473131,-0.016838733,5.002950077133529e-05,0.0014659411,0.010053640231490135,0.012546074,0.0063734725,0.000960337,0.0065199569799005985,-0.0054131355,0.09375,0.000960337,-0.0044194907,-0.011585737,-0.00017810930157233243,0.00320096,0.0,0.009587169,0.0060132146,1.0000001,0.9939869,0.21875,1.0000001,0.99394214,0.99041295,-0.00017451573589327793,0.0022819596
exact-r1__38893d9278824c10a21ee9ebcd4e3948322f309c__粽子菇__v369__flag__c8bd46c7__c0.mp4,0.9843111634254456,0.9535243511199951,0.0067052804,0.0017173588,-0.03644818,-0.03816554,0.15625,-0.02090612,-0.033445943,-0.04315346,-1.339468001620245e-05,0.006194572,0.08469493687152863,0.016098779,0.0034657866,0.04997676,0.0047082132659852505,0.046510972,0.125,0.07733968,0.051248997,0.03387798,-0.0002561419904559748,0.011109185,0.1935483870967742,0.07204217,0.06705558,0.99999994,0.93294436,0.09375,0.99999994,0.9505523,0.9279578,-0.0018915723670612369,0.021032877
exact-r1__49e4303b44fcc27a48dcbb9fedc8fd22431b34ff__粽子菇__v472__glasses__e8cc5d52__c0.mp4,0.9346821308135986,0.797957181930542,0.0593639,-0.023999602,0.069245815,0.09324542,0.15625,0.09324542,0.05844041,0.009881914,0.0008934691460950645,0.019463867,0.499878466129303,0.12852848,0.05649948,0.6022489,0.023779287934303284,0.5457494,0.09375,0.6320933,0.55831885,0.47372043,-0.002114683531683541,0.042908177,0.0967741935483871,0.28898674,0.15936172,1.0,0.8406383,0.125,1.0,0.88965786,0.71101326,-0.0031968510198977403,0.060286544
exact-r1__32dd046cc33c87913a63ceb3d332e99d5929fcfb__蘑菇力__v338__scooter__0fb48165__c0.mp4,0.9920004606246948,0.9632546305656433,0.026073426,0.026073426,-0.043783367,-0.06985679,0.1875,-0.035322547,-0.048425112,-0.06985679,-0.0008799246187346431,0.009593789,0.41578519344329834,0.01794225,-0.011334807,0.37202913,0.01691601425409317,0.38336393,0.1875,0.38336393,0.36736012,0.35408688,0.00016941661643318784,0.0070520947,0.0,0.08763218,0.08763218,1.0,0.9123678,0.125,1.0,0.9768065,0.9123678,-0.0021459476754637093,0.02219096
exact-r1__64b07342bed2a0f5328e22964e543dfbed747f94__爆炸菇（爆炸后）__v632__scooter__0df343bf__c0.mp4,0.9891983866691589,0.9589637517929077,0.004752256,-0.028430026,0.016965277,0.045395304,0.21875,0.048120312,0.028061332,0.0122130215,0.001011200419209264,0.011323399,0.08221102505922318,0.0079569,-0.0020305067,0.10440428,0.015075099654495716,0.106434785,0.03125,0.14165804,0.11027236,0.09644738,0.0004138295795451718,0.0124349175,0.0,0.32013404,0.31085837,0.9999999,0.6891415,0.21875,0.9999999,0.9014038,0.67986584,-0.011316450919049204,0.11541775
exact-r2__fbc6cc3e6f358627d84bb3511700ab79cfb3a214__爆炸菇（爆炸前）__v1587__bubble__942f9369__c0.mp4,0.9905328154563904,0.9522521495819092,0.007646531,0.0011101514,-0.018226936,-0.019337088,0.15625,-0.011535488,-0.01929474,-0.025873467,-0.00017228912933568501,0.0036309902,0.1243528351187706,0.0057574958,-0.010379493,0.096581325,0.004933962598443031,0.10696082,0.03125,0.14572619,0.1050581,0.09082383,0.0009192666994773765,0.012859057,0.0967741935483871,0.106018126,0.0393126,1.0000001,0.9606875,0.1875,1.0000001,0.96943486,0.893982,-0.002225591454250688,0.026121939
exact-r1__f209495c1245dd50d55278984d059d319d10dcab__毒蘑菇__v1522__glasses__b71ee6e0__c0.mp4,0.9866873025894165,0.9611498117446899,0.0267739,0.01476191,0.011068404,-0.0036935061,0.15625,0.017047107,-0.00039274897,-0.015705496,-0.00032844709620272997,0.006892872,0.23930072784423828,0.09384367,0.06462447,0.29321134,0.007505987770855427,0.22858687,0.09375,0.32697707,0.23890798,0.19936767,-0.002012460831214075,0.0338512,0.2903225806451613,0.11657649,0.09013772,0.99999994,0.9098622,0.0625,0.99999994,0.9211902,0.88342345,-0.0025151111294796358,0.033943705
generic__aeecb7505b781f5cf42bce5705d3f3bc18c53b56__毒蘑菇__v701__bubble__42af22f1__c0.mp4,0.9989581108093262,0.996228814125061,0.0013713464,-0.0012150407,-0.0007520914,0.00046294928,0.21875,0.0021539852,-0.00022327527,-0.0021234378,1.84739248887185e-05,0.0010424127,0.07197302579879761,0.008523785,0.0009406954,0.07432339,0.007693254854530096,0.0733827,0.125,0.07828427,0.07174975,0.06579961,-0.0001477568418530413,0.0031828077,0.0,0.009716272,0.002640009,1.0000002,0.9973602,0.15625,1.0000002,0.9955332,0.99028397,-8.601178565332082e-05,0.0025082391
exact-r1__336d65b0699f567902b54ca9b3d4fd081d7a57d0__吐司菇__v341__glasses__4e1a2319__c0.mp4,0.9723845720291138,0.9009941816329956,0.008258253,-0.017702758,-0.042331427,-0.024628669,0.21875,-0.020212859,-0.03481339,-0.05058968,0.0006909300422956855,0.009592859,0.2669258713722229,0.12433398,0.072161764,0.27581125,0.005330611020326614,0.20364949,0.09375,0.29600245,0.23211245,0.15147728,-0.003032630293075636,0.03591957,0.0967741935483871,0.22649902,0.15076035,0.9999999,0.8492395,0.28125,0.9999999,0.89266413,0.77350086,-0.0075734406928162955,0.08015035
exact-r1__c345c8555877102cc1df8b6cecd5496eba097b0f__爆炸菇（爆炸前）__v1221__coffee__acd00226__c0.mp4,0.9941323399543762,0.9760074615478516,0.013238043,0.010323271,-0.04538977,-0.055713043,0.15625,-0.03892353,-0.049684823,-0.058627814,-0.00012277356004806807,0.0046979873,0.10527080297470093,0.0096078515,0.0096078515,0.056239456,0.0020882515236735344,0.046631604,0.15625,0.0708864,0.05558598,0.046631604,9.056149307324094e-07,0.00631178,0.1935483870967742,0.030801296,0.009799719,1.0,0.9902003,0.1875,1.0,0.9878684,0.9691987,-0.0005069610572630182,0.008165204
exact-r1__ef42d53ed8b791605eae85aa1492240bd9a4a695__汉堡菇__v1502__bubble__5afa3d17__c0.mp4,0.9742850065231323,0.885103702545166,0.0,-0.055062816,-0.035984546,0.01907827,0.3125,0.021598577,-0.010896083,-0.035984546,0.0015547916954082818,0.018271219,0.2200930416584015,0.11610353,0.06341267,0.2740135,0.01335648912936449,0.21060082,0.09375,0.27962992,0.20919695,0.15790996,-0.002787906843131058,0.037937097,0.0,0.5760923,0.5760923,0.99999994,0.42390764,0.125,0.99999994,0.7318944,0.42390764,-0.019468773986674456,0.18701449
exact-r1__ed2aed62a6cc33d8917e875c075f9a9da2079de2__汉堡菇__v1487__bubble__d6169561__c0.mp4,0.9812272787094116,0.9163655638694763,0.0,-0.02889964,0.0063207746,0.035220414,0.25,0.048116,0.030503128,0.0063207746,0.0009215364964607878,0.012610654,0.34322768449783325,0.22246134,0.22246134,0.5012491,0.0065104225650429726,0.27878773,0.125,0.50302565,0.37373084,0.27878773,-0.008659372335611181,0.09034499,0.0,0.5137783,0.5137783,1.0,0.48622167,0.1875,1.0,0.7270433,0.48622167,-0.02035685477893021,0.19900012
exact-r1__5f7fb1ceb4b48f45e4f8bd8b3b86312976e2872e__吐司菇__v598__scooter__b4fb54ed__c0.mp4,0.9887083768844604,0.9549782276153564,0.0,-0.012900591,-0.06506047,-0.052159876,0.1875,-0.047047317,-0.056001533,-0.06506047,0.00042332968841200173,0.005514584,0.44000208377838135,0.02093786,-0.027691305,0.3552259,0.02084456942975521,0.3829172,0.1875,0.41282076,0.38400054,0.33428803,0.0007286562292107466,0.018983727,0.0,0.06558764,0.018715203,0.99999994,0.98128474,0.21875,0.99999994,0.9642572,0.9344123,0.0006391031563806818,0.020335633
base-props__b2678863871b99530ba9e74fef126b3d90508f99__爆炸菇（爆炸后）__v712__eyemask__532028ec__c0.mp4,0.9992517232894897,0.9979549646377563,0.0073977225,0.0064808317,-0.03646851,-0.04294934,0.15625,-0.03646851,-0.03987048,-0.043866232,-0.00015807139504253072,0.0018775092,0.08723814785480499,0.0073371194,0.0027682297,0.04982162,0.015763143077492714,0.04705339,0.15625,0.05394171,0.047367673,0.0424845,1.9835843499806033e-05,0.0022326345,0.0,0.00522542,0.0040180683,0.9999999,0.9959818,0.125,0.9999999,0.99639285,0.99477446,-0.00012011689480796342,0.0013762275
base-noprop__36cc3b78b61d9039d9d44b967df0005c6e6e6895__炸虾菇__v0__2eb742cc__c0.mp4,0.9965676069259644,0.9895886182785034,0.003168404,0.0011714697,-0.031554103,-0.032725573,0.09375,-0.020590186,-0.030079886,-0.034722507,6.804412607748052e-05,0.0034212319,0.5181112289428711,0.03762853,0.008438766,0.50045973,0.009290129877626896,0.49202096,0.1875,0.50525415,0.48803133,0.4628312,-1.2042410562455033e-05,0.009369223,0.03225806451612903,0.03134501,0.019661427,1.0,0.9803386,0.15625,1.0,0.9806523,0.968655,-0.0006136037300059294,0.008188678
generic__a5e37a90d98a5994377758364c1e4676cdd9da9a__粽子菇__v673__glasses__0a0c5f9d__c0.mp4,0.9975420832633972,0.9946179389953613,0.000110622495,-0.005741127,-0.0603458,-0.054604672,0.21875,-0.05261986,-0.057682548,-0.06045642,0.0001556496572874661,0.0020077897,0.03275949880480766,0.0035548527,-0.008022862,-0.025363626,0.0014139814302325249,-0.017340764,0.21875,-0.017340764,-0.024923047,-0.028918479,0.0002425408896872675,0.0028401262,0.25806451612903225,0.018688679,0.0122202635,1.0000001,0.98777986,0.1875,1.0000001,0.99119174,0.98131144,-0.00031290269972988324,0.004293779
base-noprop__3b9d1b6c16258908a61bcc8b642c745d0033992e__蘑菇力__v0__7bc8a00e__c0.mp4,0.9946823120117188,0.9838124513626099,0.015851676,0.0010156333,-0.033464342,-0.034479976,0.1875,-0.029963613,-0.03822449,-0.04931602,0.00020110225332272604,0.005432532,0.4318719804286957,0.03517425,0.010099769,0.40109998,0.002893303520977497,0.3910002,0.125,0.4122907,0.3936475,0.36592573,-0.0005563772788757405,0.010171442,0.0,0.03728032,0.012766957,1.0000001,0.98723316,0.15625,1.0000001,0.98336476,0.9627198,-0.0005429210987957904,0.008171746
base-noprop__50ee01d3a21af2295c697ffe0dcc9d0e2bd3a001__吐司菇__v0__d0dff578__c0.mp4,0.9997310638427734,0.9988973140716553,0.0,-0.005093664,-0.013856426,-0.008762762,0.09375,-0.00686197,-0.008925591,-0.013856426,5.90791139216365e-05,0.0014131112,0.16890692710876465,0.0,-0.0065436363,0.15213896,0.039473216980695724,0.1586826,0.0625,0.16365811,0.15998134,0.15213896,-2.6314333627472338e-05,0.0020034378,0.0,0.004736781,0.0037295818,1.0,0.9962704,0.125,1.0,0.9965931,0.9952632,-7.65421851114629e-05,0.0009503098
exact-r1__913093deac6198ad65ba3e8925974f83e021d41b__粽子菇__v902__crown__b103009f__c0.mp4,0.9618293642997742,0.8360958695411682,0.029618055,-0.029369116,-0.071756124,-0.04238701,0.125,-0.034207046,-0.064073905,-0.10137418,0.0014218854010542095,0.017573522,0.5168326497077942,0.13134128,-0.033245206,0.47005737,0.008818794041872025,0.5033026,0.09375,0.5037024,0.45275876,0.3387161,0.0002895218601499536,0.035284914,0.0,0.2407021,0.11878598,0.99999994,0.88121396,0.15625,0.99999994,0.9187963,0.75929785,-0.005341212912476276,0.06333632
base-noprop__3eb6d97760f838a366c3ddc9c5fe31024af3ddd6__炸虾菇__v0__b205438f__c0.mp4,0.9989102482795715,0.9971927404403687,0.0066327713,0.00087082386,-0.03133133,-0.032202154,0.09375,-0.028278435,-0.032397687,-0.037964102,8.131616374701626e-05,0.002306943,0.05209438130259514,0.0021610782,-0.0022882335,0.016868051,0.0038064622785896063,0.019156285,0.1875,0.026806843,0.019696694,0.014706973,0.00020534773217241085,0.003387359,0.0,0.004982412,0.0042492747,1.0000001,0.99575084,0.09375,1.0000001,0.99645,0.9950177,-7.069036583045511e-05,0.0010183726
exact-r2__18ee7b33c99e2e14a3e82fadee1bea64ceed5ede__蘑菇力__v156__glasses__69bca2c2__c0.mp4,0.9618110656738281,0.7952661514282227,0.031941324,0.019446075,0.012939274,-0.0065068007,0.25,0.030312598,0.004345868,-0.01900205,-0.0011441164111986183,0.013402371,0.3875781297683716,0.11486542,-0.023278117,0.37349534,0.010341583751142025,0.39677346,0.09375,0.47941163,0.39192402,0.25862992,-0.0017365744867282823,0.045062453,0.1935483870967742,0.2163158,0.14547247,0.99999994,0.8545275,0.1875,0.99999994,0.89963776,0.78368413,-0.004496293847074927,0.053563163
exact-r1__db11bfdaff5a33e9c9c53b4ad74b99097274fdf5__炸虾菇__v1370__flag__7aabbc36__c0.mp4,0.9423205256462097,0.8763355016708374,0.0488773,0.046824068,0.008932233,-0.037891835,0.21875,0.010017693,-0.010857728,-0.039945066,-0.0013787385753609913,0.015326897,0.5242682695388794,0.1660983,0.08681151,0.5826314,0.005303947255015373,0.4958199,0.1875,0.6021432,0.51341057,0.4165331,-0.0033539980376832835,0.046625193,0.5161290322580645,0.1579715,0.12118566,0.9999999,0.8788142,0.15625,0.9999999,0.91414857,0.8420284,-0.0039328769876285485,0.042349927
exact-r2__b5d14e764b870261aa66c7becd1030cb7dd3aff1__炸虾菇__v1127__bubble__35558177__c0.mp4,0.9899134039878845,0.9701657295227051,0.03389878,0.0042040497,0.01195813,0.00775408,0.1875,0.012419105,0.0004997299,-0.021940649,-0.00042630746329744,0.010669243,0.0449274517595768,0.021925546,-0.004872307,0.05263579,0.012613772414624691,0.057508096,0.15625,0.057508096,0.04542718,0.030710243,-0.00011261886250653647,0.0068053924,0.12903225806451613,0.1375255,0.03681439,0.9999999,0.9631855,0.15625,0.9999999,0.95979655,0.8624744,-0.0015997639761642,0.034965135
exact-r1__044176e563bd0ca37fa16a6ebe34899138633a40__粽子菇__v28__coffee__6edeef2d__c0.mp4,0.949539840221405,0.8329212069511414,0.04364346,0.019080743,0.06341027,0.044329524,0.1875,0.07769708,0.054072276,0.019766808,-3.842591059522434e-05,0.0181542,0.24454739689826965,0.029799446,-0.08875677,0.264989,0.003764755092561245,0.35374576,0.125,0.38647842,0.2986197,0.23518954,0.0030674652559710054,0.039955955,0.2903225806451613,0.325342,0.3151012,1.0,0.6848988,0.125,1.0,0.8286278,0.674658,-0.008344347930111812,0.09298067
base-noprop__182f83da0bcf36703e4fd5d1e28bc4008296ecaa__爆炸菇（爆炸后）__v0__95b8842a__c0.mp4,0.9951889514923096,0.9714051485061646,0.0134423375,0.0051205754,-0.005091071,-0.010211647,0.15625,0.0058178306,-0.0067784013,-0.018533409,-0.0002746095613213229,0.005901758,0.35557883977890015,0.068496495,0.014898121,0.38087845,0.01913977786898613,0.36598033,0.21875,0.38087845,0.34880042,0.31238195,-0.0006667419536110152,0.02050186,0.0,0.045536757,0.0074338913,1.0,0.9925661,0.34375,1.0,0.9779535,0.95446324,-0.00046301768584683324,0.01643431
exact-r2__c2e9ae96e46e8d80f334d387a13cdcd4b79f15cd__爆炸菇（爆炸前）__v1218__coffee__09c07fe3__c0.mp4,0.9676608443260193,0.8851398825645447,0.024395972,-0.0024205148,-0.04251057,-0.040090054,0.09375,-0.028585672,-0.043567467,-0.06690654,-2.729324651253962e-05,0.006616087,0.3451278805732727,0.09411439,0.016715258,0.33387405,0.0022301007993519306,0.3171588,0.15625,0.3678918,0.30156037,0.23975965,-0.00023442482756029165,0.02776797,0.3870967741935484,0.10345566,0.034537315,1.0,0.9654627,0.21875,1.0,0.9574407,0.89654434,-0.0021214642701260613,0.028485002
base-noprop__cf4cabe622b3f02cfc5256b5fcd31ea8829ff9ce__爆炸菇（爆炸前）__v0__f0af4e74__c0.mp4,0.9986636638641357,0.9952100515365601,0.0,-0.0048874766,-0.018488854,-0.013601378,0.15625,-0.010557584,-0.015345401,-0.018488854,8.28122085129668e-05,0.0017217002,0.0795508325099945,0.0,-0.0045937747,0.057985216,0.004875670187175274,0.06257899,0.15625,0.0697984,0.06420542,0.057985216,0.00010293566955040618,0.0026721237,0.0,0.014063776,0.00750798,0.99999994,0.99249196,0.21875,0.99999994,0.9916815,0.98593616,-0.0002473915689501635,0.003927867
exact-r1__327185ae5318bfb2ef8e016f01872c878d2c1fa3__爆炸菇（爆炸后）__v334__coffee__7dec34e4__c0.mp4,0.9773727059364319,0.8685462474822998,0.012141019,-0.004163474,-0.013105273,-0.008941799,0.125,0.00044324994,-0.009307553,-0.025246292,-0.00032904348131323845,0.0061757043,0.3158542811870575,0.0018618107,-0.046272784,0.2878133,0.008196068927645683,0.3340861,0.1875,0.3346403,0.30654672,0.2859515,0.0002442331564041936,0.012463859,0.0,0.11552912,0.07694435,1.0000001,0.92305577,0.21875,1.0000001,0.946913,0.884471,-0.003143935139315533,0.03330214
base-props__dad4cc0c224921ba2b3e9a82d69f6789dfd1c559__汉堡菇__v847__bubble__069a15c5__c0.mp4,0.9953568577766418,0.9883359670639038,0.002795428,0.0003015697,-0.008853942,-0.009155512,0.1875,0.00015437603,-0.004139241,-0.01164937,-0.00010682452371742722,0.0032523642,0.31587299704551697,0.02802828,0.010191172,0.3084717,0.007990757003426552,0.29828054,0.15625,0.3419891,0.31173378,0.28044343,0.00024634263754066575,0.015081477,0.0,0.02356255,0.018801332,1.0,0.98119867,0.09375,1.0,0.98517454,0.97643745,-0.0006369924025276755,0.0072486657
base-props__c02ecf1932815596cda24fe2696288e3a709c5c2__粽子菇__v757__bubble__942bb2b6__c0.mp4,0.9980623126029968,0.9937896728515625,0.0071608666,0.0067531895,-0.012028234,-0.018781424,0.1875,-0.010919055,-0.015155602,-0.0191891,3.4018434875007944e-05,0.0025138105,0.030788268893957138,0.0035586776,0.002170086,0.015110724,0.011303573846817017,0.012940638,0.15625,0.020018741,0.015632667,0.011552046,-5.984539422138252e-05,0.002351904,0.0,0.011403859,0.0059013367,0.99999994,0.9940986,0.125,0.99999994,0.99236727,0.9885961,-0.00016635658541730292,0.002847358
base-props__56bc114155a57e47100a6759d7b78d0befdb0a1f__蘑菇力__v330__eyemask__3f293437__c0.mp4,0.9962397813796997,0.9880908727645874,0.0027092397,0.00026461482,-0.053179175,-0.05344379,0.21875,-0.04079783,-0.049206764,-0.055888414,-1.0588575056222465e-05,0.0042360495,0.37423473596572876,0.050501317,0.025344431,0.34399757,0.008721956051886082,0.31865314,0.125,0.3492121,0.325028,0.29349625,-0.0006424785097323446,0.012801146,0.25806451612903225,0.033026278,0.009940863,1.0,0.99005914,0.1875,1.0,0.98492515,0.9669737,-0.00028098846548111,0.009222451
exact-r1__14befe3436b0276fac0d9e75b9e101c8a7c7b858__爆炸菇（爆炸后）__v127__crown__9788bf56__c0.mp4,0.9530786871910095,0.6936161518096924,0.03081745,-0.009021044,-0.0019534528,0.007067591,0.15625,0.025550097,0.0061081536,-0.032770902,0.0008564159776633083,0.01351977,0.45018506050109863,0.075416565,-0.047505468,0.44720644,0.017842402681708336,0.4947119,0.1875,0.5218622,0.45629317,0.37178987,0.0017446691437987796,0.037954625,0.0,0.29143524,0.12682635,1.0000001,0.8731738,0.1875,1.0000001,0.8911532,0.7085649,-0.005779512630791939,0.06873087
base-props__5fcaed1021788750740eaf4cb963c907ca733dc2__爆炸菇（爆炸前）__v363__flag__f28a34da__c0.mp4,0.9944073557853699,0.9792397022247314,0.0064076185,-4.172325e-05,-0.028037071,-0.027995348,0.15625,-0.018435448,-0.025626501,-0.03444469,4.24495627803183e-05,0.004653777,0.3529459834098816,0.023105651,-0.015351117,0.32599664,0.0026152245700359344,0.34134775,0.25,0.35153005,0.3273195,0.302891,0.00047112455662570236,0.013909834,0.03225806451612903,0.03927642,0.00434196,0.9999999,0.9956579,0.1875,0.9999999,0.9828129,0.96072346,-0.0001356615370843921,0.0118948985
generic__58c718f0a628fc78ed40a56ba41c1f7d385533e5__爆炸菇（爆炸前）__v336__bubble__c8edfdd6__c0.mp4,0.9893279671669006,0.9634050130844116,0.01246053,-0.0067762136,0.0035603046,0.010336518,0.125,0.015574545,0.003308299,-0.008900225,0.00018394087875518632,0.0054115127,0.36382970213890076,0.007597685,-0.045217663,0.33639997,0.018677599728107452,0.38161764,0.125,0.4620126,0.367138,0.3288023,0.0018310070234484788,0.027626077,0.0,0.114914,0.044003427,1.0,0.9559966,0.15625,1.0,0.96728015,0.885086,-0.0020229787049579908,0.025763605
exact-r1__747711b7d7d492e548ee9d327fa617d3cbb1993f__爆炸菇（爆炸前）__v731__eyemask__66c62407__c0.mp4,0.995857834815979,0.9829328656196594,0.007873027,0.005965164,0.0017647762,-0.0042003877,0.1875,0.0046732873,-0.0019522434,-0.0061082505,-0.00023204699613405197,0.0030317863,0.03135179728269577,0.0041885525,-0.012930326,0.022762481,0.013947022147476673,0.035692807,0.28125,0.041786,0.029399551,0.018573929,0.0005615876330051826,0.006463432,0.0,0.045808792,0.042830467,1.0,0.95716953,0.28125,1.0,0.974154,0.9541912,-0.0015220626249166209,0.014465915
exact-r1__7595de653201daf792ae964617d76e0bd71d2d72__爆炸菇（爆炸前）__v736__eyemask__52c3ff56__c0.mp4,0.985224187374115,0.9007909893989563,0.015532866,-0.00040391088,-0.051638857,-0.051234946,0.15625,-0.022786215,-0.045047104,-0.06717172,-0.0007439659378570554,0.01168495,0.24345220625400543,0.040229753,0.0012077242,0.19239087,0.010467784479260445,0.19118315,0.1875,0.2468126,0.1984051,0.15216112,-0.0005884140434939795,0.023709634,0.0967741935483871,0.15113628,0.15049833,1.0,0.84950167,0.25,1.0,0.89892817,0.8488637,-0.0037451623624895083,0.043105565
base-props__e6e98683f20bb8f7f894e3c8abc003b9df6e8bcf__炸虾菇__v899__glasses__b0bc1b47__c0.mp4,0.9943490028381348,0.9721915125846863,0.009779185,0.0042169318,-0.04317555,-0.04739248,0.125,-0.037049353,-0.04443727,-0.052954733,-9.105796311214637e-05,0.0033185417,0.16154715418815613,0.03798274,0.0132096335,0.12934451,0.004979010205715895,0.116134875,0.15625,0.14011459,0.11710988,0.09136177,-0.0003770043939636044,0.011175751,0.0,0.021187246,0.0076477528,1.0000001,0.99235237,0.125,1.0000001,0.9918213,0.9788129,-0.00030713490158576745,0.0044524968
base-noprop__3ab5e095ea7925663c71572cdf310f6c6d4c208d__汉堡菇__v0__7da88e0b__c0.mp4,0.9864256978034973,0.9596086740493774,0.016963482,0.0011165142,-0.0007470846,-0.0018635988,0.09375,0.025440663,-0.0009303121,-0.017710567,0.00028497159284405674,0.008196747,0.4036974310874939,0.02828604,0.02828604,0.35323083,0.005316552706062794,0.3249448,0.21875,0.4719477,0.40276712,0.3249448,0.001242784974424732,0.052396823,0.12903225806451613,0.14985222,0.029779792,1.0000001,0.9702203,0.21875,1.0000001,0.9207208,0.8501479,-0.0031539132255962335,0.05427325
exact-r2__91bc629c078edf731cebd1b7daf8cf84bcd0876c__爆炸菇（爆炸前）__v904__flag__c3df8e13__c0.mp4,0.9835479855537415,0.9449137449264526,0.026148856,0.025461316,-0.013546228,-0.039007545,0.25,-0.006717086,-0.021544762,-0.039695084,-0.0010053338182549323,0.010716894,0.42989885807037354,0.10275477,0.075455904,0.4460528,0.0019797906279563904,0.3705969,0.3125,0.47596163,0.4083541,0.34329802,-0.003440027728764174,0.037339527,0.22580645161290322,0.14191306,0.12812042,1.0000001,0.8718797,0.3125,1.0000001,0.9268784,0.85808706,-0.004375938599235474,0.04308034
base-props__58c718f0a628fc78ed40a56ba41c1f7d385533e5__炸虾菇__v336__coffee__07074ac5__c0.mp4,0.9652086496353149,0.8457586765289307,0.017951429,-0.009723693,-0.023205161,-0.013481468,0.25,0.0056550503,-0.021966545,-0.04115659,-0.00024732227418080123,0.011746825,0.41914135217666626,0.05747038,-0.018937528,0.39014846,0.009337303228676319,0.409086,0.15625,0.47855872,0.3971748,0.33267808,0.0006943542313628259,0.033095825,0.3548387096774194,0.20650709,0.044764876,1.0,0.9552351,0.15625,1.0,0.92306376,0.7934929,-0.0038149741169643844,0.05735328
exact-r2__b84a69fca80b7f3ae9dfc999d5b9896f6e7dc072__毒蘑菇__v1148__crown__0de8e285__c0.mp4,0.9600517749786377,0.8614132404327393,0.016241387,-0.01962015,-0.05988002,-0.040259868,0.09375,-0.01323913,-0.046001643,-0.076121405,0.0003780727233748621,0.012553269,0.2590048909187317,0.12024759,-0.055300325,0.23401672,0.012597942724823952,0.28931704,0.21875,0.3062873,0.21300325,0.11376913,0.0011720029975880312,0.054348752,0.25806451612903225,0.15553796,0.09488183,0.99999994,0.9051181,0.09375,0.99999994,0.91761255,0.844462,-0.0033125312796785543,0.039784405
exact-r1__023469929148db26d79450784cecf5409c4507e4__爆炸菇（爆炸后）__v18__eyemask__fe0d0e87__c0.mp4,0.992805540561676,0.9772976636886597,0.022024423,0.01888322,0.007693395,-0.011189826,0.3125,0.016043603,0.002314202,-0.014331028,-0.000864992871377999,0.010437936,0.1493927240371704,0.07256119,0.06621658,0.18380384,0.0060893697664141655,0.11758726,0.28125,0.18728392,0.15170693,0.11124265,-0.001827282762794021,0.025334638,0.0,0.057641268,0.051545024,1.0,0.948455,0.03125,1.0,0.96301126,0.94235873,-0.0015156400933468215,0.016061831
exact-r1__d4ef2d75cf545b684243814b292532151f86acb8__炸虾菇__v1324__crown__071d7250__c0.mp4,0.9871447682380676,0.945033848285675,0.033337086,0.019233435,-0.020917773,-0.04015121,0.25,-0.020799428,-0.035688374,-0.05425486,-0.0008082784865259083,0.010396158,0.317990243434906,0.05186698,-0.049314708,0.26794043,0.012248937971889973,0.31725514,0.1875,0.32406396,0.28230187,0.21607345,0.0022975008257410797,0.030375058,0.0,0.10121465,0.080010414,1.0000001,0.9199897,0.28125,1.0000001,0.9505409,0.8987855,-0.003242084761955842,0.033045195
base-noprop__02649510b01d521437d95658981d30da7d35fe3b__爆炸菇（爆炸后）__v0__9d0e47fe__c0.mp4,0.9918704628944397,0.9565916061401367,0.01289773,0.0025452971,-0.0056667924,-0.00821209,0.0625,0.021971345,0.0016945098,-0.018564522,-0.0001845168730904977,0.012347617,0.5411636829376221,0.04194945,0.009730816,0.55602765,0.036914970725774765,0.54629683,0.09375,0.5837193,0.54285824,0.5140782,0.0002635555052337873,0.013405837,0.0,0.05260575,0.010483265,0.99999994,0.9895167,0.21875,0.99999994,0.9779361,0.9473942,0.00010494636562914238,0.014804323
exact-r2__b7d6465a8b59608365b430ec044d2fd40916aca4__蘑菇力__v1146__crown__d5a033a7__c0.mp4,0.970549464225769,0.9138355255126953,0.017511383,-0.009736598,-0.07714291,-0.06740631,0.1875,-0.043811463,-0.0758411,-0.09465429,5.393017143491526e-05,0.011345558,0.27739831805229187,0.09426037,-0.007253021,0.20800947,0.004446638748049736,0.21526249,0.1875,0.24709432,0.20155722,0.113749094,0.00010560428494276853,0.036119197,0.06451612903225806,0.12763238,0.11032891,0.9999998,0.8896709,0.125,0.9999998,0.9227305,0.87236744,-0.0033005155688506553,0.03884924
base-noprop__0ab9e3bf089c71e2d454a42c0c8b656934192f80__蘑菇力__v0__f7acf8d6__c0.mp4,0.9954084753990173,0.969819188117981,0.0,-0.00521259,-0.08649221,-0.08127962,0.125,-0.07275179,-0.082226634,-0.08649221,0.00011788403391401008,0.0026944736,0.29082563519477844,0.003514886,-0.018079326,0.19754478,0.014277206733822823,0.21562411,0.0,0.26503727,0.208599,0.1940299,0.0007321513626626207,0.016427336,0.0,0.03946078,0.013000727,0.9999999,0.98699915,0.125,0.9999999,0.988013,0.9605391,-0.000613058056911746,0.009454188
base-noprop__507ce1e393891e0f47c90aad7b6087098ce6304a__汉堡菇__v0__fcd4e0ac__c0.mp4,0.988670825958252,0.9626525044441223,0.00091704726,-0.011000529,0.014383882,0.025384411,0.15625,0.03328392,0.023358356,0.013466835,0.0003314743561347913,0.004795372,0.3083154857158661,0.116482854,0.10135284,0.37501583,0.008632229641079903,0.27366298,0.15625,0.38391864,0.33167386,0.25853297,-0.003389345378208012,0.037446927,0.06451612903225806,0.078205585,0.044725835,1.0,0.95527416,0.125,1.0,0.96354675,0.9217944,-0.0013837745943027291,0.017179374
base-noprop__5626b130f196987d62f6d0c5c5db38f271c3a918__吐司菇__v0__8e02cd71__c0.mp4,0.9876567125320435,0.9568645358085632,0.0001758337,-0.006146461,-0.061696738,-0.055550277,0.1875,-0.03642717,-0.05131093,-0.06187257,0.0003249556525361837,0.0074781016,0.43236255645751953,0.12946203,0.114791244,0.42110607,0.009795207530260086,0.30631483,0.21875,0.45512357,0.38105163,0.29164404,-0.004563596263484165,0.052134734,0.0,0.08632195,0.07714462,1.0,0.9228554,0.1875,1.0,0.95032775,0.91367805,-0.002668762858137676,0.026863247
exact-r1__088126bb925ec5269e2324b070d94c3ec44007e1__爆炸菇（爆炸前）__v51__crown__b17426ab__c0.mp4,0.9706874489784241,0.8916108012199402,0.0017973185,-0.021022797,-0.013818026,0.007204771,0.15625,0.03866762,0.008875672,-0.015615344,0.0005260253232245572,0.013848652,0.6076263189315796,0.028262675,-0.02417308,0.5838879,0.026422427967190742,0.60806096,0.125,0.67999697,0.6165019,0.5556252,-0.00019825589665567757,0.03480532,0.06451612903225806,0.20833266,0.12990022,1.0000001,0.8700999,0.125,1.0000001,0.88882077,0.79166746,-0.004015471349276391,0.051577006
base-noprop__0b0e83bd494c16e5170e432e0697b925efbac110__蘑菇力__v0__161d7dc4__c0.mp4,0.988448977470398,0.9171454310417175,0.04506944,0.024008855,0.01764436,-0.0063644946,0.125,0.01764436,0.0014664843,-0.02742508,-0.0010004544007944215,0.010376232,0.22666746377944946,0.06358449,-0.028370306,0.23612408,0.004531191196292639,0.2644944,0.125,0.33206278,0.22813395,0.17253959,0.0009070946329718546,0.032487694,0.0,0.12574726,0.051631212,1.0000001,0.9483689,0.0625,1.0000001,0.96365017,0.87425286,-0.0024425708893631615,0.026732929
exact-r2__e5b3f1c2313f2de2d3a73d70859e4579fa6b248d__吐司菇__v1446__eyemask__ebabc90a__c0.mp4,0.9951103925704956,0.9798125624656677,0.01139614,0.0049464926,-0.025892138,-0.030838631,0.125,-0.025892138,-0.030757207,-0.03728828,5.4753972681735573e-05,0.0026849979,0.13912874460220337,0.030277327,0.024746172,0.10659893,0.008625030517578125,0.08185276,0.15625,0.15637247,0.10837153,0.0763216,-0.001256426247355695,0.021253042,0.0,0.051075697,0.051075697,1.0,0.9489243,0.3125,1.0,0.9707289,0.9489243,-0.0016060482240841496,0.016431501
base-props__432eff82630f4ea5c677143ac7a2c056c203e209__爆炸菇（爆炸前）__v246__eyemask__7d24a326__c0.mp4,0.9769818782806396,0.9260168075561523,0.02189383,-0.006217003,-0.05304873,-0.046831727,0.15625,-0.040491164,-0.056385536,-0.07494256,0.0004257900460112458,0.00913083,0.4038775563240051,0.13780832,0.09846169,0.41943336,0.007020843215286732,0.32097167,0.125,0.41943336,0.347492,0.28162503,-0.0012875528585526179,0.036452107,0.06451612903225806,0.12996078,0.12996078,1.0000001,0.87003934,0.15625,1.0000001,0.93705976,0.87003934,-0.0026744419266401384,0.030414438
exact-r1__a898e53d3c72c465b4580f2451c16978e1bd1300__吐司菇__v1042__crown__c8ab1e44__c0.mp4,0.9442345499992371,0.7918584942817688,0.09059566,0.006791055,-0.0011866093,-0.0079776645,0.09375,-0.0011866093,-0.022977827,-0.09178227,-0.0004353729729428673,0.021342395,0.43888378143310547,0.14957136,-0.0389342,0.39322025,0.0036357389762997627,0.43215445,0.09375,0.49391168,0.41590598,0.24364889,-0.0014702220368157978,0.058795903,0.25806451612903225,0.36789197,0.12660491,1.0,0.8733951,0.1875,1.0,0.858295,0.63210803,-0.005677746876506142,0.09229216
exact-r1__62f72d5c5cf16e8ea21e0dfa14695d0513a55d09__爆炸菇（爆炸后）__v622__scooter__6ad027f4__c0.mp4,0.9949720501899719,0.9881254434585571,0.009077132,-0.003914647,-0.038924374,-0.035009727,0.1875,-0.030981258,-0.0408921,-0.048001505,-3.500900004616363e-05,0.00496921,0.12772998213768005,0.0,-0.08552161,0.049867153,0.007081653922796249,0.13538876,0.25,0.13745475,0.086837865,0.049867153,0.002449477102356224,0.024112977,0.16129032258064516,0.097994745,0.097994745,0.99999994,0.9020052,0.125,0.99999994,0.957732,0.9020052,-0.0029035435110068173,0.028082928
exact-r2__64f05b3d914bb69ca68d1d101fb3ac8bca6ac483__炸虾菇__v637__scooter__6ecc2e35__c0.mp4,0.9760607481002808,0.935713529586792,0.01685968,0.010869741,-0.0137887,-0.024658442,0.21875,-0.004691988,-0.018892989,-0.03064838,-0.0007497703552770476,0.008479705,0.28323644399642944,0.08803348,-7.864833e-05,0.2805007,0.00615030899643898,0.28057936,0.15625,0.30733177,0.26434347,0.19246723,0.00013872680917950683,0.02700766,0.06451612903225806,0.082642436,0.05223453,1.0,0.94776547,0.1875,1.0,0.9532897,0.91735756,-0.0019103280894042854,0.024489034
exact-r1__55b892894205e7750a2404361426cb70179f139d__汉堡菇__v543__scooter__092fbc76__c0.mp4,0.9548543095588684,0.6704459190368652,0.01718662,-0.022962265,-0.04168143,-0.018719167,0.125,-0.015083671,-0.0402276,-0.05886805,0.0006572126139151984,0.010634314,0.14282935857772827,0.029242657,-0.16933504,0.07320184,0.004903991706669331,0.24253687,0.0,0.28895092,0.10260177,0.043959185,0.004959330605233739,0.06631905,0.12903225806451613,0.68075573,0.68075573,0.9999999,0.31924418,0.21875,0.9999999,0.81430805,0.31924418,-0.02268651216304544,0.24873517
base-noprop__682f7d8fb59392161e4d92c0884afcd19b380053__爆炸菇（爆炸后）__v0__b8c849c5__c0.mp4,0.9620378613471985,0.8517023324966431,0.023984164,0.006608546,-0.017929792,-0.024538338,0.125,0.023593366,-0.014617074,-0.041913956,-0.00029048279932866706,0.017526131,0.47645244002342224,0.11271745,0.020219326,0.48988503,0.008725146763026714,0.4696657,0.25,0.51774,0.46183538,0.37716758,-0.0015120705278300675,0.04137072,0.12903225806451613,0.23225057,0.023047805,1.0000001,0.9769523,0.25,1.0000001,0.90602756,0.76774955,-0.0029911778626903274,0.07851007
base-noprop__1d44abeca76e96eae0662cfdcbc0c67000cc6687__蘑菇力__v0__b27295fd__c0.mp4,0.9945433139801025,0.9689672589302063,0.011720724,-0.011711508,-0.040617734,-0.028906226,0.25,-0.027317137,-0.04207683,-0.05233846,0.00012698312920908684,0.0075080935,0.15356944501399994,0.045851476,-0.018744454,0.12321788,0.012889036908745766,0.14196233,0.21875,0.1438899,0.11149262,0.077366404,0.00042208764002907073,0.021696039,0.0,0.06657505,0.04302591,0.99999994,0.956974,0.21875,0.99999994,0.96640974,0.9334249,-0.0014505326594949656,0.019492218
base-noprop__2b1e211233b0f0264e4dfff6fc8d00725b5b956c__吐司菇__v0__5d64f6ca__c0.mp4,0.9866279363632202,0.9555935859680176,0.0051885843,-0.002736926,-0.014404058,-0.011667132,0.1875,-0.0019455552,-0.01036218,-0.019592643,-0.00014247176103577948,0.004654322,0.5658121109008789,0.04710865,0.017880678,0.5712192,0.013708550482988358,0.5533385,0.1875,0.5814761,0.5554499,0.52411056,-0.000660880449667688,0.013176992,0.06451612903225806,0.07481241,0.028220057,1.0,0.97177994,0.0625,1.0,0.96172696,0.9251876,-0.0005560989909507364,0.01644655
base-noprop__546296f7917ec182336f629d3d0c02436cb741ca__毒蘑菇__v0__5c44f4b6__c0.mp4,0.9994304776191711,0.9981895685195923,0.0007277038,-0.00076461025,-0.01557976,-0.01481515,0.1875,-0.013051609,-0.01513572,-0.016307464,1.6678186799904435e-05,0.0007817205,0.017132047563791275,0.0042952383,0.0025927536,0.004038796,0.0022822245955467224,0.0014460422,0.15625,0.0052055893,0.0019963293,-0.00025644246,2.257465809935987e-05,0.0011045968,0.06451612903225806,0.005825162,0.003771782,1.0,0.9962282,0.0625,1.0,0.99616414,0.99417484,-3.107473297900731e-05,0.0010575933
exact-r1__d4b4dc72228046a3528be5b1403d1447c286b9fb__炸虾菇__v1322__crown__384fe161__c0.mp4,0.9755229949951172,0.8667698502540588,0.027768642,0.026864767,-0.03635922,-0.06322399,0.21875,-0.0017694831,-0.034914933,-0.06412786,-0.0005843080470988485,0.017347887,0.3903886377811432,0.08269051,0.02472797,0.37009633,0.0046423207968473434,0.34536836,0.125,0.42379174,0.3554737,0.28740582,4.827021962562071e-05,0.02672992,0.16129032258064516,0.25350475,0.09947848,1.0000001,0.90052164,0.09375,1.0000001,0.9219858,0.74649537,-0.004545930401583198,0.060417384
exact-r1__f098f956c8048e901cfef55e3a9c2c1ae2f2ea2b__爆炸菇（爆炸前）__v1512__scooter__23c2e1b2__c0.mp4,0.9250181317329407,0.7904903888702393,0.02451101,0.012588382,-0.049882144,-0.062470526,0.09375,-0.021322995,-0.053313207,-0.07439315,-0.00017137404345522262,0.012401973,0.3973778188228607,0.12029414,-0.21157736,0.250582,0.0031868438236415386,0.46215937,0.25,0.5452142,0.34406462,0.13028787,0.012149526595610501,0.12957926,0.3225806451612903,0.47125852,0.45151544,1.0,0.54848456,0.3125,1.0,0.7361909,0.5287415,-0.01839269967503908,0.17655636
base-noprop__2e743de79a09fe6b92bd9666baeed5733a188d07__蘑菇力__v0__8feb5e45__c0.mp4,0.9980735778808594,0.9876953959465027,0.006787639,0.006787639,-0.045669366,-0.052457005,0.1875,-0.043851793,-0.048665904,-0.052457005,-0.00018363266355765062,0.0019742534,0.08740818500518799,0.020632526,0.020632526,0.047446128,0.004121189936995506,0.026813602,0.0625,0.06119705,0.038742274,0.026813602,-0.0009273474662540104,0.011500293,0.0,0.01784712,0.01613617,1.0,0.98386383,0.15625,1.0,0.98864436,0.9821529,-0.00038269982615871296,0.0055724955
exact-r2__7c8a526968954350424479b1f22cb0375632bc6e__炸虾菇__v775__glasses__253cc752__c0.mp4,0.9933237433433533,0.980201005935669,0.014303625,0.0034531355,-0.00047421455,-0.00392735,0.0625,0.0056634247,-0.0019300319,-0.014777839,-0.00024236960451274318,0.0039858012,0.2790912389755249,0.04617843,0.019946337,0.2990921,0.01052692998200655,0.27914578,0.15625,0.2990921,0.27716118,0.25291368,0.00016731225347414982,0.011514647,0.0,0.03192401,0.024950862,1.0000001,0.97504926,0.09375,1.0000001,0.9802358,0.9680761,-0.0006717879248679037,0.0076584807
base-props__db8515de9bb0464fda393bf87d44ee920714f2f6__汉堡菇__v851__bubble__5c7bd097__c0.mp4,0.9804311990737915,0.9079232215881348,0.007711053,-0.008215845,0.006842792,0.015058637,0.1875,0.03751956,0.014545775,-0.00086826086,0.0006629594347693703,0.010095009,0.22552382946014404,0.18332167,0.1302877,0.32838959,0.006469539366662502,0.19810188,0.15625,0.32838959,0.24006961,0.14506792,-0.0027392164468109693,0.04821787,0.12903225806451613,0.12656128,0.09293473,1.0,0.9070653,0.09375,1.0,0.9349398,0.8734387,-0.0019721583711786246,0.030253803
exact-r2__32c112ea6a7834b77a3fc31159f3dd43a4eb76c4__蘑菇力__v336__scooter__9ac3841d__c0.mp4,0.9568973779678345,0.8812701106071472,0.023028523,0.008170664,-0.027191252,-0.035361916,0.15625,0.0027031302,-0.02511881,-0.050219774,-0.0007062234760117325,0.013111146,0.35050833225250244,0.108456135,0.08253589,0.35224888,0.004549729637801647,0.26971298,0.25,0.40106574,0.3253895,0.24379274,-0.004135687111759455,0.04771053,0.25806451612903225,0.38840342,0.35618138,0.99999994,0.64381856,0.1875,0.99999994,0.79144543,0.6115965,-0.013770357539052456,0.13348132
base-noprop__2e743de79a09fe6b92bd9666baeed5733a188d07__吐司菇__v0__6eacff99__c0.mp4,0.9958595037460327,0.9830855131149292,0.0034986064,0.00093212724,-0.023079947,-0.024012074,0.1875,-0.017888434,-0.02270592,-0.026578553,3.162367253009808e-05,0.002172045,0.11672543734312057,0.025736615,0.0026826784,0.10161468,0.0018582919146865606,0.098932,0.15625,0.11216699,0.094019525,0.07587806,-9.972308939896139e-05,0.008161535,0.06451612903225806,0.050681233,0.014330208,1.0,0.9856698,0.15625,1.0,0.98328555,0.94931877,-0.000563679257533408,0.01308811
base-noprop__454fa8dcb586fe5bba7dc4c8fc5beac333fb8f52__吐司菇__v0__a2af9ca9__c0.mp4,0.9873586297035217,0.9661388397216797,0.057281286,0.022385448,-0.030820757,-0.053206205,0.1875,-0.030820757,-0.060096152,-0.08810204,-0.0012060788970801144,0.01587147,0.32575753331184387,0.0040877312,-0.07409616,0.17575096,0.015583781525492668,0.24984711,0.125,0.352179,0.2656614,0.17166322,0.00407941652806012,0.0533202,0.0,0.28538358,0.041774213,1.0000001,0.9582259,0.21875,1.0000001,0.9009105,0.71461654,-0.005389349027113463,0.09142299
base-props__558e28ebbd5a1e6d7bade4cd30fc31f3ed07c04a__炸虾菇__v322__coffee__40a329ec__c0.mp4,0.9931485056877136,0.9722095131874084,0.0076999813,-0.007973075,-0.027880192,-0.019907117,0.21875,-0.01611808,-0.02775882,-0.035580173,-0.0001404571682870215,0.00485575,0.2538835406303406,0.13225162,0.073558345,0.29662377,0.008633087389171124,0.22306542,0.125,0.29662377,0.2261247,0.16437215,-0.0031134225045743166,0.03447878,0.0,0.08512914,0.063317,1.0000001,0.9366831,0.125,1.0000001,0.9572029,0.914871,-0.002423078346112583,0.024241166
exact-r1__b901df6d48d37ba439b3b2ce4f18d1b9073a8d64__蘑菇力__v1155__crown__7785cc21__c0.mp4,0.9381545186042786,0.7895119190216064,0.06108749,0.05016318,-0.03955978,-0.08972296,0.21875,-0.0022729337,-0.06284305,-0.10064727,-0.0014285516332496308,0.022577139,0.41656386852264404,0.09884477,-0.03879413,0.348854,0.005157854408025742,0.38764814,0.1875,0.4250229,0.3537208,0.25000924,0.0008083741095933121,0.04274516,0.12903225806451613,0.46264017,0.32872832,1.0,0.6712717,0.125,1.0,0.7567524,0.53735983,-0.01174621999569649,0.1293628
generic__ab6f99c5549581a128ce6f74321624ef1458176d__汉堡菇__v685__eyemask__62d9e5a4__c0.mp4,0.9914408922195435,0.8724709749221802,0.07009849,0.06835714,0.032262117,-0.036095023,0.0,0.032262117,-0.01422866,-0.037836373,-0.0024139133071707135,0.027154366,0.49697035551071167,0.0,-0.1859796,0.34271395,0.036193400621414185,0.52869356,0.25,0.5435228,0.48274165,0.34271395,0.006675637264318137,0.080122545,0.0,0.34172165,0.33109963,0.99999994,0.6689003,0.0,0.99999994,0.76250386,0.6582783,-0.012477167737274213,0.14294581
exact-r2__48043cd413298bba118f12d7404a3ad3aeeeb310__粽子菇__v458__scooter__614502c4__c0.mp4,0.9929719567298889,0.9762917757034302,0.011644934,0.011290786,0.0053931745,-0.0058976114,0.1875,0.011465086,0.004102693,-0.00625176,-0.0003434174337022856,0.005031036,0.038690127432346344,0.0026712539,-0.07348418,0.010448171,0.00409224396571517,0.083932355,0.28125,0.089764565,0.042792823,0.007776917,0.0029810777391836895,0.028116215,0.1935483870967742,0.19951838,0.19264758,1.0000002,0.80735266,0.21875,1.0000002,0.9221184,0.80048186,-0.007396053522825218,0.070754245
base-noprop__85485675b9afc7fa463bca0fd81c644d405acb2e__汉堡菇__v0__d3305c19__c0.mp4,0.9951908588409424,0.9774972796440125,0.0,-0.008903939,-0.008832481,7.145852e-05,0.09375,0.01888673,0.0014065335,-0.008832481,0.00018978162526625514,0.007159748,0.08537110686302185,0.0,-0.029795762,0.050899636,0.0060855853371322155,0.0806954,0.125,0.16197078,0.08677764,0.050899636,0.0009182408428819231,0.026934935,0.06451612903225806,0.0608809,0.014617324,1.0,0.9853827,0.125,1.0,0.978629,0.9391191,-0.00029867287736132415,0.016126048
base-props__58c718f0a628fc78ed40a56ba41c1f7d385533e5__爆炸菇（爆炸前）__v336__bubble__c8edfdd6__c0.mp4,0.9959453344345093,0.9754633903503418,0.011129588,-0.0012328029,0.00877285,0.010005653,0.1875,0.01066041,0.005786767,-0.0023567379,8.352402368249085e-05,0.0038394604,0.34252098202705383,0.08873683,0.027583867,0.37771294,0.020473159849643707,0.35012907,0.1875,0.3836968,0.34830776,0.2889761,-0.0015434642811237476,0.023851722,0.0,0.050610423,0.0069590807,1.0,0.9930409,0.09375,1.0,0.9843255,0.9493896,-0.0003052965418334287,0.012536797
base-noprop__454fa8dcb586fe5bba7dc4c8fc5beac333fb8f52__毒蘑菇__v0__9f031f3a__c0.mp4,0.9882659912109375,0.9598749279975891,0.005884409,0.0030670762,-0.06375283,-0.066819906,0.15625,-0.051445067,-0.06328055,-0.06963724,-4.027727062752467e-06,0.0046859276,0.422634094953537,0.025045455,0.009220123,0.35797405,0.013990679755806923,0.34875393,0.09375,0.41236925,0.35935354,0.3329286,0.0003780896046207151,0.018872892,0.0,0.04875636,0.011611283,1.0,0.9883887,0.1875,1.0,0.9790163,0.95124364,-0.0005447117289489774,0.012550963
base-noprop__3dae41227ff60a4b209b7b13235ac3a5ab6a6106__炸虾菇__v0__61feb769__c0.mp4,0.9874433875083923,0.9661799073219299,0.0433259,-0.03586465,-0.05837202,-0.02250737,0.15625,-0.0209288,-0.057045586,-0.10169792,0.0011716930583512656,0.020787533,0.6093599200248718,0.07270625,-0.016530573,0.55976176,0.005835189484059811,0.57629234,0.1875,0.58865464,0.5523143,0.4870555,2.7614850496274817e-05,0.021921813,0.0,0.07754189,0.07628119,1.0,0.9237188,0.1875,1.0,0.9581156,0.9224581,-0.0017299826893288817,0.020027293
exact-r2__023469929148db26d79450784cecf5409c4507e4__爆炸菇（爆炸后）__v18__eyemask__fe0d0e87__c0.mp4,0.9792578220367432,0.8507544994354248,0.0011858046,-0.03871596,-0.02082321,0.017892748,0.15625,0.024300635,0.0066852504,-0.022009015,0.0007471620894509677,0.0120171085,0.3809153437614441,0.019360065,-0.10949257,0.34106958,0.014699454419314861,0.45056215,0.1875,0.45056215,0.38760063,0.3217095,0.0027525151186674683,0.036042877,0.22580645161290322,0.16735888,0.15368569,0.9999999,0.8463142,0.15625,0.9999999,0.89807284,0.832641,-0.0036513583292184766,0.043337565
generic__9161487675b9294bb3a885ec183ef372cb601cf9__爆炸菇（爆炸后）__v577__coffee__1fac04fd__c0.mp4,0.995966374874115,0.9810715317726135,0.01244542,0.008061498,-0.0005734414,-0.00863494,0.1875,0.0018121302,-0.0047484552,-0.013018861,-0.00030114194187076204,0.0040632514,0.10688453912734985,0.038313314,0.0361278,0.10964906,0.004791222978383303,0.073521264,0.15625,0.12256092,0.102136075,0.07133575,-0.0010289661709186415,0.012753961,0.12903225806451613,0.052836776,0.05264616,1.0000001,0.94735396,0.1875,1.0000001,0.97495353,0.94716334,-0.0014297542683889104,0.014333456
base-noprop__c82f72947167e88ffd436a39531a14abf6dee6cf__汉堡菇__v0__cc39d456__c0.mp4,0.9541627764701843,0.7313272953033447,0.06261587,0.011182457,-0.03570068,-0.046883136,0.21875,-0.0033791661,-0.045691535,-0.09831655,-0.0010264933469795417,0.028339075,0.4577491879463196,0.23657358,0.06997514,0.50000525,0.003798294812440872,0.4300301,0.21875,0.5172242,0.41205764,0.26343167,-0.002348738151692559,0.06978474,0.1935483870967742,0.3138538,0.05987847,1.0000001,0.94012165,0.3125,1.0000001,0.85422885,0.6861463,-0.003942922445948158,0.09901848
generic__de80684a473a7265e3fc6883d1373c22b31a0ac7__爆炸菇（爆炸后）__v868__scooter__2f2097c4__c0.mp4,0.9812734723091125,0.956904411315918,0.0011630505,-0.00095020235,-0.014319405,-0.013369203,0.21875,0.030356556,0.0042657177,-0.0154824555,0.00022441632444820099,0.013276606,0.3009013533592224,0.0017207116,0.0017207116,0.23154241,0.01248481497168541,0.2298217,0.15625,0.36432564,0.30516708,0.2298217,0.0001806362731453353,0.038034245,0.06451612903225806,0.16612816,0.020637393,1.0000001,0.9793627,0.09375,1.0000001,0.90069556,0.83387196,-0.0005129178729224877,0.045418195
exact-r1__c2b078adef47b737301102b36a43fd20619e975a__爆炸菇（爆炸前）__v1217__coffee__f853d071__c0.mp4,0.9711707234382629,0.8626956939697266,0.008306444,-0.0070716143,-0.05073583,-0.043664217,0.21875,-0.035379946,-0.04690209,-0.059042275,-3.966355363120197e-05,0.0067153587,0.46509042382240295,0.041135848,-0.034395278,0.41319686,0.0063760774210095406,0.44759214,0.0625,0.46276447,0.41818833,0.372061,0.001111054962331611,0.019670166,0.25806451612903225,0.14785862,0.1143536,1.0,0.8856464,0.34375,1.0,0.94418293,0.8521414,-0.004867543409034975,0.052884415
exact-r1__fb7a38929f54df6df3760fa91fdb2d30eabcc549__爆炸菇（爆炸前）__v1584__bubble__10e67213__c0.mp4,0.9601465463638306,0.7837809324264526,0.061732978,0.042351544,0.024672985,-0.017678559,0.0625,0.024930716,-0.011778917,-0.037059993,-0.0016451583563451189,0.019897705,0.3948049545288086,0.42509884,0.36905503,0.62742996,0.007723529357463121,0.25837493,0.03125,0.62742996,0.383026,0.20233114,-0.013891793298603319,0.1481254,0.0967741935483871,0.68947595,0.6322852,1.0000001,0.36771494,0.03125,1.0000001,0.5900291,0.31052417,-0.025078869072441792,0.26314178
exact-r1__7c07e942a4d471b0e172f1847b7e35ab7ca9e40c__炸虾菇__v773__glasses__3fd44a04__c0.mp4,0.9719790816307068,0.825014054775238,0.0203183,0.012611479,-0.0046508014,-0.01726228,0.15625,0.0052149,-0.0116802845,-0.024969101,-0.00043565557062451104,0.0070785685,0.35668084025382996,0.1617381,0.15140271,0.41523838,0.010525756515562534,0.26383567,0.21875,0.45310766,0.34500057,0.25350028,-0.006306099653506195,0.06717639,0.1935483870967742,0.19095397,0.1758908,1.0000001,0.8241093,0.21875,1.0000001,0.89204437,0.80904615,-0.0062529863980857895,0.064772695
generic__b2dc2ae872b575489bad295a459616c0acd91ca9__粽子菇__v714__flag__d6ba270d__c0.mp4,0.9753897190093994,0.8475087285041809,0.057576954,0.03844416,0.059924394,0.021480232,0.125,0.059924394,0.03251399,0.0023474395,-0.0011166735740700759,0.013325958,0.41187459230422974,0.29641116,0.2079756,0.5436752,0.010816422291100025,0.3356996,0.21875,0.5711974,0.44438857,0.24726403,-0.007797448385146337,0.09542978,0.0967741935483871,0.40863013,0.24035436,1.0000002,0.7596459,0.1875,1.0000002,0.8821027,0.5913701,-0.009548785814966234,0.11352739
generic__b4922b313b5f45658c57e964eec6e061ed1c765b__粽子菇__v718__flag__a54f5f92__c0.mp4,0.9847179651260376,0.8942908048629761,0.0021618009,-0.008642644,0.033599257,0.0422419,0.1875,0.07583159,0.0514735,0.031437457,-0.00022867569956611588,0.010463884,0.39696425199508667,0.008371651,-0.032170802,0.40622038,0.03388753533363342,0.43839118,0.125,0.47603568,0.44843775,0.39784873,-6.447752112865635e-05,0.020952616,0.0,0.08578998,0.033954263,1.0,0.96604574,0.09375,1.0,0.9575041,0.91421,-0.0002533480350222861,0.01808956
exact-r2__6e9d7ffcb3adf3ebcb80c8b5da0520ff83d8b419__汉堡菇__v702__coffee__d2e63cfc__c0.mp4,0.979921817779541,0.8978806734085083,0.0120109245,0.0006247461,0.0003157109,-0.00030903518,0.15625,0.0021565259,-0.0031550634,-0.011695214,-8.520177467193599e-05,0.0032756245,0.08900292962789536,0.08211844,0.014745191,0.13461486,0.013662457466125488,0.119869664,0.09375,0.15015876,0.08584787,0.05249642,-0.0009529941641558989,0.024814958,0.0,0.13534653,0.034793377,1.0,0.9652066,0.21875,1.0,0.91989386,0.86465347,-0.0009436579503096941,0.040342476
base-noprop__55b63d472e9f15d5bcd1f672b7144ce1726da2f2__炸虾菇__v0__67c3a118__c0.mp4,0.9802832007408142,0.9481831192970276,0.029246092,0.022786468,-0.0041898787,-0.026976347,0.15625,-0.0038380623,-0.019814748,-0.03343597,-0.00025970285589044787,0.0070507885,0.45341217517852783,0.07892048,0.024444371,0.46221963,0.013074461370706558,0.43777525,0.125,0.47152817,0.43359742,0.38329914,0.0002800337424026701,0.022035718,0.0,0.0869087,0.042619765,0.9999999,0.9573801,0.125,0.9999999,0.9561243,0.9130912,-0.0009660962258965241,0.020951957
exact-r1__01a1dddba7c4429fdbe1cf4a4efc2c79bf9ea344__爆炸菇（爆炸后）__v13__eyemask__4b7eb00f__c0.mp4,0.9927977323532104,0.9689604640007019,0.0010720193,-0.025428444,-0.09921613,-0.07378769,0.25,-0.05748993,-0.07947042,-0.10028815,0.0011957937228845698,0.012700479,0.3503216505050659,0.023124963,0.0010692477,0.2550316,0.008909998461604118,0.25396234,0.125,0.30649796,0.27085125,0.23190662,0.00013206593550283446,0.019166859,0.12903225806451613,0.111290336,0.09200323,1.0,0.9079968,0.28125,1.0,0.94264805,0.88870966,-0.0037373655593115262,0.035898596
base-noprop__58c718f0a628fc78ed40a56ba41c1f7d385533e5__蘑菇力__v0__f9a43a57__c0.mp4,0.9780500531196594,0.8597385287284851,0.0676676,-0.005860746,-0.014714003,-0.008853257,0.28125,-0.007958949,-0.033444695,-0.082381606,0.0010844306512312436,0.025519244,0.5592829585075378,0.05141437,-0.040827274,0.5057312,0.01655687391757965,0.5465585,0.21875,0.5770093,0.52583826,0.45431685,0.0020207816248765226,0.030281922,0.06451612903225806,0.2870319,0.010827482,1.0,0.9891725,0.1875,1.0,0.92664707,0.7129681,0.002756363824228405,0.09098414
exact-r1__950a434a553298a5568a9f659ffd1cb7eb0d5940__汉堡菇__v927__crown__2047a56f__c0.mp4,0.9687226414680481,0.9415446519851685,0.009001389,-0.0030503422,-0.104196236,-0.10114589,0.125,-0.06812963,-0.1009486,-0.113197625,0.00040167669528040894,0.00988126,0.37201085686683655,0.044755086,-0.11976491,0.23607038,0.008166486397385597,0.3558353,0.125,0.36839747,0.27106225,0.1913153,0.0021693166017619815,0.045736995,0.12903225806451613,0.19295597,0.13240433,1.0,0.8675957,0.125,1.0,0.92067206,0.807044,-0.0033823429139827788,0.044463526
base-noprop__45ec56f5f20bca20bb45a07b0652cb24f9a8a27f__吐司菇__v0__aacbe02d__c0.mp4,0.9911444187164307,0.9637078046798706,0.015630782,-0.0013608336,-0.008350611,-0.006989777,0.25,-7.849932e-05,-0.011113338,-0.023981392,-0.0001415845301668667,0.006281649,0.3567201495170593,0.02239117,0.017321944,0.3232419,0.004669816233217716,0.30591995,0.1875,0.3979441,0.3456068,0.30085072,4.327647344283484e-05,0.033776954,0.06451612903225806,0.078391135,0.012218714,1.0,0.9877813,0.28125,1.0,0.96945155,0.92160887,-0.0007973346105418668,0.024954038
generic__b166561176afda3a52cc9957753e6b2a097c6778__爆炸菇（爆炸后）__v708__eyemask__f8083751__c0.mp4,0.9967466592788696,0.99411940574646,0.001062572,-0.0011013299,0.014819503,0.015920833,0.21875,0.036133386,0.022452464,0.013756931,0.00015061292961196182,0.005990913,0.12460440397262573,0.008284479,-0.017440274,0.14164993,0.015027114190161228,0.1590902,0.15625,0.1590902,0.14705688,0.13336545,0.00035266755722310715,0.00531114,0.0,0.022027254,0.013562977,1.0000002,0.98643726,0.15625,1.0000002,0.9871011,0.977973,-0.00024614277735480366,0.00505683
exact-r1__709e89aa3bf0db47d57dbae7b7494dc8e7b7db40__吐司菇__v710__flag__0ea85577__c0.mp4,0.9954385161399841,0.9775770902633667,0.007121306,0.0038196929,-0.020032726,-0.02385242,0.21875,-0.014173795,-0.020597596,-0.027154032,-0.0001955957280313517,0.0029228132,0.07163611799478531,0.034339596,0.016051982,0.0671641,0.003674283856526017,0.05111212,0.15625,0.067687966,0.051038522,0.032824505,-0.000638205558744386,0.009491277,0.0,0.05639106,0.039265037,1.0,0.96073496,0.125,1.0,0.9694566,0.94360894,-0.0015056173582055818,0.017533276
base-props__b2678863871b99530ba9e74fef126b3d90508f99__爆炸菇（爆炸前）__v712__glasses__aeeab5ab__c0.mp4,0.9992414712905884,0.9979537725448608,0.0010262392,-0.004016865,-0.053790648,-0.049773782,0.15625,-0.049773782,-0.05185049,-0.054816887,5.902807484995306e-05,0.0012834404,0.07455764710903168,0.0012748279,-0.003211474,0.021584634,0.005326173268258572,0.024796108,0.125,0.025383826,0.02270715,0.020309806,1.7957403078741785e-05,0.0012040309,0.0,0.0033255816,0.0025709271,1.0000001,0.9974292,0.15625,1.0000001,0.9980135,0.99667454,-4.816792708686787e-05,0.00070260186
exact-r1__171b01e62180767a46c70dc987e6dd7a7b472e97__蘑菇力__v148__glasses__0b94f1a4__c0.mp4,0.9806690812110901,0.9342299103736877,0.027712502,0.00028269365,-0.047526553,-0.047809247,0.15625,-0.037406817,-0.055110104,-0.075239055,0.00033464829527562567,0.008848553,0.09742376953363419,0.08802547,0.08501388,0.08602786,0.01591629534959793,0.0010139814,0.375,0.091182105,0.042313665,-0.0019976092,-0.0034871017191337303,0.035269096,0.0,0.12031484,0.12031484,1.0,0.87968516,0.34375,1.0,0.9264039,0.87968516,-0.004049926613869882,0.040442854
base-props__deb8dcc91484de67c08304d54dba061741b046a8__爆炸菇（爆炸后）__v870__scooter__b591c40c__c0.mp4,0.9984279870986938,0.9891529083251953,0.0058731884,0.0020764992,-0.025850132,-0.027926631,0.25,-0.02126285,-0.027541008,-0.03172332,1.2798154934191168e-05,0.0022000014,0.044161200523376465,0.01933272,0.0064551085,0.025443409,0.016257740557193756,0.0189883,0.25,0.026768012,0.01662019,0.0061106887,0.00021890999221507916,0.0065628253,0.0,0.035075665,0.0071879625,1.0,0.99281204,0.25,1.0,0.98625946,0.96492434,0.00025516099506811394,0.009948642
exact-r2__3373ae9e4de4dce88d5624681a41f79ac07484f3__爆炸菇（爆炸后）__v342__coffee__db864254__c0.mp4,0.9619280099868774,0.889298677444458,0.0,-0.015868306,0.015775412,0.03164372,0.15625,0.05923587,0.03739986,0.015775412,0.0004946105346039949,0.0115652755,0.43144869804382324,0.020906478,0.0014580786,0.45313892,0.007894403301179409,0.45168084,0.03125,0.58516765,0.46884853,0.43223244,0.0002524053890946411,0.02950168,0.06451612903225806,0.13704526,0.06687951,0.9999999,0.93312037,0.1875,0.9999999,0.9313554,0.8629546,-0.0021707790840930353,0.041141506
base-props__aeecb7505b781f5cf42bce5705d3f3bc18c53b56__毒蘑菇__v701__bubble__42af22f1__c0.mp4,0.9978467226028442,0.9951775074005127,0.013157666,0.011137858,0.0020920634,-0.009045795,0.25,0.0051181316,-0.0037497028,-0.011065602,-0.0003392999961731894,0.0046066167,0.07451167702674866,0.0041973963,-0.0052901357,0.069077946,0.014343654736876488,0.07436808,0.25,0.07637367,0.07076197,0.06488055,0.000280837006757687,0.0032480243,0.0,0.043611407,0.034400165,1.0,0.96559983,0.1875,1.0,0.97383213,0.9563886,-0.0013729154167811332,0.013736551
base-noprop__3832d04a1cb8b144cb27edf994f26444ef4fd338__吐司菇__v0__bbb6e489__c0.mp4,0.9990532398223877,0.9973695278167725,0.004241489,0.0032111406,-0.020901505,-0.024112646,0.15625,-0.019500531,-0.023146259,-0.025142994,-9.76494409668307e-05,0.001266807,0.0729709342122078,0.003911469,0.0025608689,0.047917467,0.006443140562623739,0.045356598,0.15625,0.0569956,0.049824677,0.044005997,-2.798863312453386e-05,0.0031988984,0.0,0.0105519295,0.0047346354,0.9999999,0.99526525,0.21875,0.9999999,0.9940758,0.98944795,-0.00018616054545747153,0.0025865713
base-noprop__9219b0c92e3aa27066acadae2a241960308a9587__汉堡菇__v0__5a3df089__c0.mp4,0.987210214138031,0.9368903040885925,0.019691408,0.005775094,0.016955197,0.011180103,0.15625,0.040726066,0.017451793,-0.0027362108,-0.00043430856683037425,0.010289805,0.6173206567764282,0.05129838,0.026376843,0.6442666,0.012869570404291153,0.61788976,0.09375,0.67713183,0.6347724,0.5929682,-0.0005341133763713054,0.018986363,0.0,0.100723326,0.024847865,1.0,0.97515213,0.1875,1.0,0.9577012,0.8992767,-0.0006021035403624852,0.028099997
base-noprop__18b6b24b18ae837e3278ec0c2498b4f0c0c457b3__蘑菇力__v0__8d5517a0__c0.mp4,0.9971789121627808,0.983183741569519,0.0010362044,-0.008202612,-0.0720792,-0.063876584,0.21875,-0.061810844,-0.06798479,-0.0731154,0.00020199141033605317,0.0033109346,0.057941634207963943,0.00082836114,-0.014036857,-0.016416773,0.0031630119774490595,-0.0023799166,0.09375,0.0077668056,-0.010043163,-0.017245134,0.000477838833697544,0.0064092735,0.0,0.030487657,0.012764275,1.0,0.9872357,0.09375,1.0,0.9888932,0.96951234,-0.00045122962193752073,0.0063307327
base-noprop__3d26d6f7fd4d6820fa44e7006dd03dd17e6bf2d7__毒蘑菇__v0__d08350d6__c0.mp4,0.9898914694786072,0.9615828990936279,0.0117073655,-0.01954335,0.054522276,0.074065626,0.0625,0.07469487,0.056123376,0.04281491,0.0006574866228089662,0.008161088,0.6064148545265198,0.06023252,0.058902323,0.67212677,0.005016593262553215,0.61322445,0.09375,0.6966151,0.6625383,0.61189425,-0.00040953863095326694,0.019146293,0.22580645161290322,0.14817446,0.14817446,1.0,0.85182554,0.125,1.0,0.96198016,0.85182554,-0.0028073299687104234,0.03766147
exact-r1__d9123fcf5b59450d0a2f6a5ad88295a70a2115f8__炸虾菇__v1355__flag__840b8d48__c0.mp4,0.9725295305252075,0.904644250869751,0.024156928,0.02415672,0.0027652383,-0.021391481,0.15625,0.021712929,0.002771235,-0.02139169,-0.0006862226545898091,0.012020913,0.428758829832077,0.0576514,0.046014667,0.42131436,0.009055685251951218,0.3752997,0.1875,0.49632967,0.43153006,0.36366296,-0.0015332290296418086,0.0348489,0.0,0.19349933,0.13259697,1.0,0.86740303,0.1875,1.0,0.9129501,0.8065007,-0.003105439693609618,0.04185184
exact-r1__579b7375a39c56aa97ed82de55ae9d9e7096a3db__汉堡菇__v558__scooter__207a7f1a__c0.mp4,0.9498264789581299,0.7387243509292603,0.020501792,0.018683136,0.017505243,-0.0011778921,0.1875,0.06922901,0.018051274,-0.002996549,-0.0001699400961923453,0.016745523,0.18837031722068787,0.0037204772,-0.08951342,0.15182231,0.007416432723402977,0.24133573,0.0,0.42491442,0.20642158,0.14810184,0.003613572668753938,0.058322884,0.12903225806451613,0.45984894,0.16903949,1.0000001,0.83096063,0.09375,1.0000001,0.88454306,0.5401512,-0.00728052047209653,0.1160066
base-noprop__2d2951cd69f3a72e2aae75f1d67be6c3db5f524b__蘑菇力__v0__04136747__c0.mp4,0.9897773265838623,0.9647176265716553,0.0,-0.030662775,-0.09029931,-0.059636533,0.15625,-0.04635024,-0.0709011,-0.09029931,0.0008275237076443292,0.014013132,0.5935370326042175,0.009369969,-0.055297375,0.49251097,0.006754565984010696,0.54780835,0.21875,0.56569374,0.52263594,0.483141,0.001954057393185918,0.025464633,0.06451612903225806,0.09669787,0.08107793,1.0,0.91892207,0.1875,1.0,0.94080615,0.90330213,-0.002492604269222752,0.026955402
generic__36eb6a2b312cae414c0f305a4fd633fb23cd8654__粽子菇__v193__eyemask__b2ee2dfe__c0.mp4,0.990168035030365,0.9718260765075684,0.041445404,-0.0073105693,0.07390624,0.08121681,0.125,0.09404209,0.07296477,0.03246084,0.0006826177752874477,0.013830179,0.3852831721305847,0.05283004,0.032543868,0.46468058,0.007250645197927952,0.4321367,0.25,0.50914174,0.45824796,0.41185054,0.0005675267504632098,0.024778878,0.1935483870967742,0.05336529,0.03722948,1.0000001,0.96277064,0.15625,1.0000001,0.973498,0.9466348,-0.0016207442539702922,0.016706238
base-noprop__3dae41227ff60a4b209b7b13235ac3a5ab6a6106__爆炸菇（爆炸前）__v0__f138c6ab__c0.mp4,0.9935492873191833,0.9752489328384399,0.01620078,0.0051990747,-0.0072220564,-0.012421131,0.09375,0.0013144612,-0.007568177,-0.023422837,-0.00034033419711848513,0.0064692544,0.624496340751648,0.02922082,0.021389961,0.62732923,0.006073366850614548,0.60593927,0.21875,0.62745214,0.61692816,0.5981084,-0.0006832248719731215,0.0085231345,0.06451612903225806,0.0319978,0.016578078,1.0000001,0.98342204,0.15625,1.0000001,0.9867946,0.9680023,-0.0006947211178341586,0.008267171
base-noprop__5cd87e0e73b2c6ed3b794bb426544d934c63d371__炸虾菇__v0__706c5082__c0.mp4,0.9926928281784058,0.9802120923995972,0.0061700344,0.0061700344,-0.010760605,-0.01693064,0.21875,0.013975441,-0.001994025,-0.01693064,-0.00019387900829315177,0.008380142,0.6013381481170654,0.043965816,0.043965816,0.60587317,0.008343840017914772,0.56190735,0.15625,0.6258373,0.59934413,0.56190735,-0.0013886475908266639,0.017028604,0.0,0.07638252,0.075639844,1.0,0.92436016,0.21875,1.0,0.9511065,0.9236175,-0.0018745883971539843,0.02308359
exact-r1__f0ded2281369569374226c3d97d3dbf8e365ae0a__爆炸菇（爆炸前）__v1514__scooter__468bb4f1__c0.mp4,0.9702982902526855,0.9064564108848572,0.02074644,-0.031021774,-0.012576938,0.018444836,0.03125,0.018444836,-0.007013794,-0.033323377,0.0008870253880177768,0.011926148,0.45046138763427734,0.09821409,-0.11626446,0.4353087,0.010750232264399529,0.55157316,0.15625,0.55157316,0.4434476,0.3370946,0.005410192364996135,0.061157133,0.16129032258064516,0.20018905,0.13476545,0.9999998,0.8652344,0.15625,0.9999998,0.8956684,0.79981077,-0.001851123700306191,0.04799238
base-noprop__3a465276b3c4381b5603d70c17849c8e1edf6d9c__毒蘑菇__v0__ca59e29d__c0.mp4,0.9959900975227356,0.9916417002677917,0.003289286,-0.009500414,-0.036864948,-0.027364533,0.1875,-0.026070705,-0.031732038,-0.040154234,0.00028818735068997036,0.004081532,0.047705501317977905,0.0051636137,-0.0060005523,0.016190268,0.0021760710515081882,0.02219082,0.15625,0.02219082,0.01597346,0.011026654,0.00018578262547648317,0.0027163792,0.03225806451612903,0.018194914,0.016870737,0.9999999,0.98312914,0.125,0.9999999,0.9881376,0.98180497,-0.00019063767799532526,0.0036253158
exact-r1__e5b3f1c2313f2de2d3a73d70859e4579fa6b248d__吐司菇__v1446__eyemask__ebabc90a__c0.mp4,0.9953987002372742,0.9898667931556702,0.01811146,0.012394987,-0.023716785,-0.036111772,0.1875,-0.022053465,-0.03277777,-0.041828245,-0.0004653692384772116,0.005744941,0.1350713074207306,0.025298603,0.008984931,0.10297992,0.009069069288671017,0.09399499,0.15625,0.13574055,0.10229352,0.07768132,-7.552891434374704e-05,0.012853422,0.0,0.064320445,0.049222946,1.0,0.95077705,0.1875,1.0,0.97254425,0.93567955,-0.0015741133204827664,0.017709779
base-noprop__b281dc2a1f8e99821ca80a015d7a15c12c8925f9__爆炸菇（爆炸后）__v0__faa2e23c__c0.mp4,0.9978652000427246,0.9940943717956543,0.0124183595,0.0030586421,-0.0668951,-0.06995374,0.125,-0.065348,-0.072339594,-0.07931346,-0.00011233570835282853,0.0032486029,0.37169039249420166,0.068205476,0.017509162,0.32510722,0.00566813163459301,0.30759805,0.125,0.3317136,0.2993508,0.25690174,-0.00099207718154726,0.016543156,0.0,0.020487964,0.0029070973,1.0,0.9970929,0.09375,1.0,0.9913627,0.97951204,-0.00016770991455772696,0.004958117
exact-r2__06af112cda638917aeaa3b19f63575e6b2cce87e__爆炸菇（爆炸前）__v41__crown__a6645005__c0.mp4,0.9811040759086609,0.9096857905387878,0.018274367,-0.007092327,-0.01965797,-0.012565643,0.09375,0.00020191073,-0.015019054,-0.037932336,0.00030920745755745106,0.007678013,0.2777385115623474,0.08032858,-0.04053828,0.2506256,0.004592993762344122,0.2911639,0.1875,0.30872342,0.26271948,0.17029703,0.0012463012469872427,0.033364084,0.25806451612903225,0.15879095,0.11320555,1.0,0.88679445,0.0625,1.0,0.92280304,0.84120905,-0.0045727623894242396,0.049114253
base-props__76bedf4133108cb9d6353392af2c7cc998863e38__毒蘑菇__v463__glasses__c059a95f__c0.mp4,0.9900087714195251,0.9722877144813538,0.0065289736,0.00079506636,-0.005077958,-0.0058730245,0.15625,0.009575039,-0.0026854146,-0.011606932,-0.00013683279675822104,0.005711936,0.5066761374473572,0.07527956,0.016434073,0.5427493,0.005124829709529877,0.5263152,0.3125,0.5454483,0.50399077,0.46746972,-0.0009209481655152855,0.025884671,0.12903225806451613,0.101952195,0.015069485,1.0,0.9849305,0.1875,1.0,0.9518087,0.8980478,-0.0005079892264607845,0.033348262
generic__143077ed5c3203470357eefbac685c008578ef31__炸虾菇__v73__crown__15d9b9b3__c0.mp4,0.9968699216842651,0.9905044436454773,0.011022359,0.0015288889,0.018458024,0.016929135,0.21875,0.018458024,0.014502588,0.0074356645,1.4044054923169731e-05,0.002819607,0.15281352400779724,0.057590544,0.032459587,0.20255414,0.029368193820118904,0.17009455,0.1875,0.20255414,0.16731611,0.14496359,-0.0007723677040369923,0.01502672,0.0,0.028419852,0.011381388,1.0,0.9886186,0.1875,1.0,0.9856728,0.97158015,-0.0004335897933702347,0.007764449
exact-r2__62671de5d59372c360feb3d41db56086df4cc5db__毒蘑菇__v619__scooter__25ffefbe__c0.mp4,0.9921132922172546,0.9705599546432495,0.005013991,-0.007334288,-0.012741055,-0.005406767,0.15625,-0.0051464364,-0.0101878345,-0.017755046,0.00018268241973790433,0.003292742,0.03452053666114807,0.0,-0.07489389,-0.016339868,0.004687263630330563,0.058554024,0.40625,0.08502759,0.024332706,-0.016339868,0.0035858155309107915,0.037022457,0.22580645161290322,0.11426401,0.059268177,1.0,0.9407318,0.21875,1.0,0.95765305,0.885736,-0.0033779873067507358,0.039359573
base-noprop__c884f9c5b1342e1e182de98d0015811298454d88__爆炸菇（爆炸前）__v0__9ae9d662__c0.mp4,0.9891732335090637,0.9724105596542358,0.013242364,0.008254468,-0.015724003,-0.023978472,0.1875,-0.0028164387,-0.015003818,-0.028966367,2.7976640639416673e-05,0.006674929,0.5425137877464294,0.08261046,0.03360194,0.5563494,0.007027589716017246,0.52274746,0.25,0.57140124,0.52751,0.47373894,0.0001337464538312937,0.028583337,0.12903225806451613,0.05820203,0.009695649,1.0,0.99030435,0.15625,1.0,0.96805435,0.941798,-0.0007696931531701782,0.018299099
exact-r1__795ea87e86ea2b176586612ac5417582a9a6aade__毒蘑菇__v756__flag__8e4f927d__c0.mp4,0.9868565201759338,0.9554849863052368,0.003325507,-0.039522186,-0.040364757,-0.00084257126,0.3125,0.012331605,-0.017162444,-0.043690264,0.0018430476246232325,0.018511802,0.24683403968811035,0.008753337,-0.16897722,0.13157009,0.005553468596190214,0.3005473,0.25,0.34084654,0.22967161,0.12281675,0.0071366908768863814,0.07065902,0.25806451612903225,0.28437674,0.23563313,1.0,0.76436687,0.125,1.0,0.84116244,0.71562326,-0.009554815170002794,0.09338754
exact-r1__1d10d72beff724875190e76c7f3249168d25a97a__毒蘑菇__v177__coffee__2132b6bd__c0.mp4,0.8941282629966736,0.09008678793907166,0.004408501,-0.066328004,-0.0042853504,0.062042654,0.21875,0.08123928,0.032335445,-0.0086938515,0.0008953403124361798,0.023367386,0.4201206564903259,0.0,-0.4372313,0.096756056,0.013452967628836632,0.53398734,0.09375,0.5918621,0.45245606,0.096756056,0.01002515551478458,0.12830572,0.3225806451612903,0.9449773,0.9420346,1.0,0.057965387,0.0,1.0,0.15978049,0.05502272,-0.015151213100753569,0.27008936
exact-r1__bea16ddc55c518bfb574989e59f234823ae28270__爆炸菇（爆炸后）__v1191__bubble__803eb796__c0.mp4,0.9568356871604919,0.8150533437728882,0.0024976432,-0.054252014,-0.052680537,0.0015714765,0.125,0.002330333,-0.031589083,-0.05517818,0.0015775702970206196,0.019114995,0.2699967622756958,0.074144214,-0.18069087,0.21934862,0.01108083687722683,0.4000395,0.09375,0.43457845,0.23840767,0.14520441,0.006335539715992742,0.08673599,0.1935483870967742,0.5249776,0.32753503,0.99999994,0.6724649,0.1875,0.99999994,0.75689864,0.47502232,-0.01347934086520299,0.15265156
base-props__9161487675b9294bb3a885ec183ef372cb601cf9__爆炸菇（爆炸后）__v577__coffee__1fac04fd__c0.mp4,0.977763295173645,0.8482617139816284,0.057884783,0.057884783,0.07317653,0.01529175,0.21875,0.10091823,0.07214428,0.01529175,-0.0010212547803991328,0.021055326,0.3823964297771454,0.065693855,0.065693855,0.45729005,0.04082641005516052,0.3915962,0.21875,0.49939078,0.4545407,0.3915962,-0.0008460161087712148,0.023918973,0.0,0.15088153,0.13833773,1.0000001,0.8616624,0.21875,1.0000001,0.9556332,0.8491186,-0.003592478466435935,0.040340904
base-noprop__746da3c174acbb5da8858bffe05b68335dae3406__炸虾菇__v0__c02853d7__c0.mp4,0.9949084520339966,0.9521918296813965,0.004647782,-0.0008342378,-0.023624754,-0.022790516,0.09375,-0.0057072267,-0.02325117,-0.028272536,0.00013161259068345424,0.00416145,0.0507560670375824,0.014925788,0.0054788515,0.028300779,0.01403079368174076,0.022821927,0.03125,0.0779038,0.027504899,0.013374991,9.717974218449824e-05,0.013752422,0.0,0.08831453,0.02028668,1.0,0.9797133,0.0625,1.0,0.9810033,0.91168547,-0.0008114872396516397,0.017168202
exact-r1__f11cad00ba6f8dcd0db7e9dfcdef26e58638052e__毒蘑菇__v1517__glasses__64600409__c0.mp4,0.9864829778671265,0.9534112811088562,0.042621672,0.028639436,0.08318007,0.054540634,0.1875,0.08318007,0.06455788,0.040558398,-0.001219878044208821,0.012517893,0.5616704821586609,0.026784897,0.012965441,0.6144831,0.020461395382881165,0.6015177,0.15625,0.66945946,0.62622833,0.5876982,-0.0010923784761484574,0.02121516,0.0,0.06460667,0.055916965,1.0,0.94408303,0.15625,1.0,0.96086425,0.93539333,-0.001887433187178448,0.019214515
exact-r1__fbc6cc3e6f358627d84bb3511700ab79cfb3a214__爆炸菇（爆炸前）__v1587__bubble__942f9369__c0.mp4,0.9941565990447998,0.9883817434310913,0.007309273,0.0022993013,-0.018232696,-0.020531997,0.1875,-0.013583429,-0.020364784,-0.025541969,-0.00022657004750369273,0.002958483,0.1152108758687973,0.015103638,-0.01331567,0.09534221,0.0035672129597514868,0.10865788,0.09375,0.11079586,0.0948461,0.08023857,0.00043658915732350983,0.006379925,0.0967741935483871,0.062521696,0.030881405,1.0000001,0.9691187,0.15625,1.0000001,0.9679142,0.9374784,-0.0012498397675077574,0.017714659
exact-r1__34b54af8a5899c7c22353eaac7f1689280af08bd__爆炸菇（爆炸后）__v350__coffee__49e9409c__c0.mp4,0.9974390864372253,0.975554883480072,0.001412537,-0.0023117075,0.003832397,0.0061441045,0.09375,0.013957136,0.005638116,0.00241986,9.033047992536736e-05,0.0023030543,0.0103201474994421,0.00021074712,-0.008835176,0.011759626,0.006768546998500824,0.020594802,0.09375,0.025156915,0.015958263,0.011548879,0.00026453302949912814,0.0032053413,0.0,0.026503205,0.017629087,1.0,0.9823709,0.125,1.0,0.9892193,0.9734968,-0.0006034259200969845,0.006435888
exact-r1__7bbc9c358d454f3c1ceed7e6ea827dd046ac387a__炸虾菇__v770__glasses__7907da6c__c0.mp4,0.9805358648300171,0.8889466524124146,0.04205461,0.030699499,-0.014720187,-0.045419686,0.09375,-0.013990387,-0.035015516,-0.056774795,-0.0011088254184208138,0.011853049,0.18940576910972595,0.094579816,0.084845565,0.20215695,0.0060817161574959755,0.11731138,0.09375,0.23566847,0.15439025,0.10757713,-0.003368387407079728,0.038810488,0.22580645161290322,0.100581944,0.07363784,0.99999994,0.9263621,0.09375,0.99999994,0.9413886,0.899418,-0.002163706614999083,0.028475182
base-props__93cc4475cf0b1f25f9c50b862890b75be78a9117__汉堡菇__v590__coffee__8a5d7974__c0.mp4,0.9774989485740662,0.892827033996582,0.008389711,-0.016913325,-0.025794625,-0.008881301,0.21875,0.0005662739,-0.015960373,-0.034184337,0.0006512142881707353,0.008956905,0.386714905500412,0.1050944,-0.008561462,0.3944296,0.0049680983647704124,0.40299106,0.15625,0.42926854,0.37075454,0.2893352,0.0016915164232428894,0.03864143,0.3548387096774194,0.1976273,0.14395869,1.0,0.8560413,0.125,1.0,0.89803785,0.8023727,-0.0053254925588533545,0.055853564
exact-r2__eef6582250281f857a30d36d3c833cdc382e7548__汉堡菇__v1499__bubble__7c8ac50f__c0.mp4,0.9669252038002014,0.8271729946136475,0.012930661,-0.02730167,-0.0149130225,0.012388647,0.125,0.01942277,-0.0043034176,-0.027843684,0.0009563235303829486,0.011580953,0.22373446822166443,0.009574875,-0.15894204,0.16461605,0.009195011109113693,0.3235581,0.0,0.35188207,0.21943106,0.15504117,0.006781565112845643,0.07322564,0.0967741935483871,0.7596216,0.72419435,1.0000001,0.27580577,0.28125,1.0000001,0.6804837,0.24037853,-0.02923317993185384,0.28189808
exact-r2__2542b9c5635f6f39a49c3380e72384f78fd1c0d8__炸虾菇__v238__eyemask__d9177803__c0.mp4,0.9923956990242004,0.9542266130447388,0.023047164,0.013619363,-0.026944518,-0.04056388,0.125,-0.013669476,-0.0327399,-0.049991682,-0.0007123481373021337,0.009608435,0.19474267959594727,0.040139914,0.016464949,0.17420119,0.006826855707913637,0.15773624,0.25,0.20877273,0.16200279,0.13406128,-0.0005774643091905485,0.018460551,0.25806451612903225,0.06007564,0.042499065,1.0000001,0.95750105,0.0625,1.0000001,0.9685956,0.9399245,-0.001560159267917725,0.018494757
generic__e9b94ecc359c2f277ccefaf7095c17b14b261bcc__炸虾菇__v909__glasses__5feb0285__c0.mp4,0.998181939125061,0.9935908317565918,0.002639681,-0.004472358,0.010311108,0.014783466,0.1875,0.017355049,0.011615217,0.007671427,7.843937010632696e-05,0.0023423596,0.016323909163475037,0.0051876865,-0.002077302,0.028507985,0.03368092328310013,0.030585287,0.15625,0.034140218,0.027939126,0.023320299,0.00014604328376380396,0.0026748916,0.0,0.017148495,0.01466769,1.0,0.9853323,0.125,1.0,0.98974586,0.9828515,-0.0005361918917149418,0.005357729
generic__a72599b49c4b660f3e5b470ed5a8d66283fa20c5__汉堡菇__v676__eyemask__5aabc100__c0.mp4,0.9879304766654968,0.9664422273635864,0.04986438,0.0105703175,-0.039474696,-0.050045013,0.15625,-0.027202576,-0.057613004,-0.08933908,-0.000617501765620674,0.013891154,0.4437508285045624,0.06401205,-0.006670356,0.40911812,0.0015764003619551659,0.41578847,0.1875,0.42136896,0.3861378,0.34510607,-0.0008473814495148108,0.023779567,0.3548387096774194,0.089307666,0.014037669,1.0000001,0.98596245,0.21875,1.0000001,0.9574611,0.91069245,-0.0013240916638080445,0.025928305
exact-r1__d2f00eb058f9ce3ba98cf2152e90a803a48e4864__炸虾菇__v1307__crown__79805e5c__c0.mp4,0.9705076813697815,0.8405689001083374,0.018868566,0.011437595,-0.005399585,-0.01683718,0.21875,0.004970491,-0.008303678,-0.02426815,-0.0004946791165429125,0.007831086,0.24494443833827972,0.054946214,0.023518398,0.25241733,0.0068083954975008965,0.22889893,0.09375,0.2593621,0.23664077,0.19747111,-0.0004824080294178333,0.013490332,0.06451612903225806,0.15035969,0.048279583,0.99999994,0.95172036,0.09375,0.99999994,0.96010745,0.84964025,-0.00220410240666605,0.035216726
exact-r2__d002e5583f41453bb83d542e6e3c5c3cb84670c8__蘑菇力__v1292__bubble__eaf7d752__c0.mp4,0.9706325531005859,0.918532133102417,0.043395877,0.043395877,-0.003084302,-0.04648018,0.21875,-0.0009264946,-0.018097125,-0.04648018,-0.0012217724307978257,0.013468024,0.5528466701507568,0.12841636,0.11084503,0.60899454,0.016467910259962082,0.4981495,0.125,0.609025,0.53474957,0.48057818,-0.0023515605452385704,0.035602894,0.0,0.1641801,0.09041184,0.9999999,0.90958804,0.15625,0.9999999,0.90973,0.8358198,-0.0034612300000057654,0.04689688
exact-r1__fa895dd3bc8c19e16913e0bfdac80c37eee8f48d__爆炸菇（爆炸前）__v1580__bubble__5076be28__c0.mp4,0.9802232384681702,0.9634784460067749,0.029816816,-0.0019405428,-0.020155212,-0.01821467,0.15625,-0.014716272,-0.029959846,-0.049972028,-0.0005813761705756628,0.009302599,0.024062491953372955,0.008238582,-0.02161369,-0.01558012,0.006485843565315008,0.0060335696,0.21875,0.01207949,-0.0058973534,-0.023818702,0.0006970290739507112,0.009579625,0.22580645161290322,0.18714726,0.15453601,1.0,0.845464,0.21875,1.0,0.9117255,0.81285274,-0.006943277719695528,0.066681094
exact-r1__d8ebb40a2bf7371ffc294d56cd2cf23f8c8e7ae7__炸虾菇__v1354__flag__e2ba55a4__c0.mp4,0.9804688096046448,0.8669569492340088,0.005031988,0.0015200526,-0.04093042,-0.042450473,0.03125,-0.011917427,-0.033552516,-0.04596241,-0.0001360104252690796,0.0102504,0.15340249240398407,0.004143156,-0.03400816,0.09247437,0.006966021843254566,0.12648253,0.25,0.15100996,0.119849965,0.088331215,0.0011384068521236768,0.018825492,0.0967741935483871,0.20812851,0.14335215,1.0,0.85664785,0.125,1.0,0.8829135,0.7918715,-0.006757356597880792,0.07907304
exact-r2__5309b5b3623be09af91500fec7ff1ea85ea1fd9e__吐司菇__v519__coffee__4483e077__c0.mp4,0.9968358874320984,0.9879173040390015,0.019376881,-0.0034372583,-0.05502656,-0.051589303,0.21875,-0.05128242,-0.05865138,-0.07440344,-0.00016528824849540463,0.0064242673,0.07272438704967499,0.0058536306,-0.0015087668,0.014471127,0.018603041768074036,0.015979894,0.15625,0.01939597,0.014073018,0.008617496,-4.27428293629077e-05,0.0025139279,0.0,0.011492133,0.0037044883,1.0,0.9962955,0.28125,1.0,0.9948243,0.98850787,-0.00020493706824839764,0.003571763
base-noprop__33159c17b1b4cc97be3acad43a606bfdc0461807__爆炸菇（爆炸前）__v0__16f6b2cf__c0.mp4,0.989295482635498,0.9512196779251099,0.002481103,-0.010692716,-0.008212686,0.00248003,0.21875,0.023421943,0.0015599392,-0.0106937885,0.0001930363716617707,0.00836881,0.6078397035598755,0.072467804,-0.03619665,0.6002969,0.002967100590467453,0.63649356,0.1875,0.65599096,0.6093997,0.5278291,0.0006570696961844951,0.035070352,0.16129032258064516,0.06410658,0.025559425,1.0,0.9744406,0.21875,1.0,0.9731802,0.9358934,-0.0004969333186526848,0.015948648
base-noprop__55b63d472e9f15d5bcd1f672b7144ce1726da2f2__爆炸菇（爆炸前）__v0__59d095a4__c0.mp4,0.9963213801383972,0.9846418499946594,0.0074962527,0.0074962527,-0.04123576,-0.048732013,0.09375,-0.031400174,-0.041781694,-0.048732013,-2.531666046450997e-05,0.003970482,0.19610193371772766,0.03234537,0.0098282695,0.15970215,0.004744200501590967,0.14987388,0.25,0.17755285,0.15432024,0.12735678,-0.0008948739355872402,0.0147346975,0.0,0.027430773,0.0115996,1.0,0.9884004,0.21875,1.0,0.98946506,0.9725692,-0.0005244340671122407,0.006489758
exact-r1__ef3bed0365ebd4b143e559e9f65fdd3902b7cb46__爆炸菇（爆炸前）__v1501__scooter__163de21a__c0.mp4,0.9832558035850525,0.91645747423172,0.0068861805,-0.000109460205,-0.029339902,-0.029230442,0.1875,-0.02616451,-0.03112094,-0.036226083,-7.051472788365326e-05,0.0020011368,0.05757950246334076,0.0,-0.012827142,0.014372037,0.015264473855495453,0.027199179,0.03125,0.05926392,0.026458563,0.014372037,0.0008972172328008785,0.011253593,0.0,0.25589234,0.055395424,0.99999994,0.9446045,0.15625,0.99999994,0.9573183,0.7441076,-0.00446314622492382,0.062435802
base-noprop__b362aa39df3475305cfa9e011880de6337fbfc66__爆炸菇（爆炸后）__v0__1aa9dadb__c0.mp4,0.9947714805603027,0.9827513098716736,0.0029940307,-0.011662692,0.05628845,0.06795114,0.28125,0.07590288,0.06337252,0.05329442,0.0005767112625134678,0.0064470526,0.5079097747802734,0.0045921206,-0.07206786,0.52341396,0.004272168502211571,0.5954818,0.3125,0.6272334,0.5712824,0.51882184,0.003372287918483065,0.03426378,0.06451612903225806,0.05342877,0.051531732,1.0000001,0.9484684,0.28125,1.0000001,0.97339314,0.94657135,-0.0019492127241626694,0.018540049
exact-r2__5e7b79559f6cc44daddac102e8d214b2aa09cd33__炸虾菇__v591__coffee__6014f87c__c0.mp4,0.969794511795044,0.9397715330123901,0.008070171,0.0059592873,-0.021780193,-0.02773948,0.09375,-0.0010269284,-0.02214329,-0.029850364,0.00011638841452486652,0.0065683266,0.2552739679813385,0.007034391,-0.07400599,0.16436766,0.004754818510264158,0.23837365,0.15625,0.30576476,0.23313068,0.15733327,0.0029757446213420583,0.039006628,0.16129032258064516,0.24967277,0.24620718,1.0000001,0.75379294,0.25,1.0000001,0.8537371,0.75032735,-0.008468577687429169,0.081290305
generic__36be73a15cf37206fd7e42ba1a164bb08d4ac477__粽子菇__v192__eyemask__a30556fd__c0.mp4,0.9577928185462952,0.7642452120780945,0.0010788441,-0.03118287,0.014594957,0.045777828,0.0625,0.11318666,0.037443426,0.013516113,0.0006852882813192536,0.023532989,0.24654057621955872,0.016538471,-0.110122174,0.25399038,0.018507588654756546,0.36411256,0.1875,0.36411256,0.283984,0.23745191,0.0025065217571349466,0.028290955,0.12903225806451613,0.24456179,0.18719697,0.9999999,0.8128029,0.125,0.9999999,0.8620893,0.7554381,-0.007686198074534462,0.08170851
base-noprop__51be5b142d9021a3c446702d354fabdf42630fa9__吐司菇__v0__865f9652__c0.mp4,0.9802570343017578,0.9552812576293945,0.030948699,0.0022156239,-0.0065027773,-0.008718401,0.21875,0.0033457875,-0.010753355,-0.037451476,-0.0004796069115400315,0.009972653,0.4111124873161316,0.06214392,-0.039044976,0.3779303,0.004454412497580051,0.4169753,0.1875,0.45452875,0.40035915,0.3157864,0.000386591536427182,0.039635736,0.0,0.12614131,0.11999363,1.0,0.8800064,0.21875,1.0,0.9227429,0.8738587,-0.0032943466629100776,0.03311717
exact-r1__6fe20e2fef23842efac23fc9d37968e3342aa84b__汉堡菇__v709__coffee__de61ba80__c0.mp4,0.9944989681243896,0.9787691235542297,0.006805867,0.001670152,-0.035344094,-0.037014246,0.09375,-0.025877729,-0.036062516,-0.04214996,-0.00018029859360536954,0.0041625355,0.26319849491119385,0.019116908,-0.0036158264,0.22471896,0.014456328004598618,0.22833478,0.125,0.24386019,0.22713599,0.20560205,0.00045229708420828764,0.007893509,0.0,0.033206284,0.011591196,1.0,0.9884088,0.25,1.0,0.98242426,0.9667937,-0.0003182522056738833,0.011272499
base-noprop__7d7630861f0f92a7a3103fc3527dbadc1c0cdc15__爆炸菇（爆炸前）__v0__d33c8c20__c0.mp4,0.984399139881134,0.9578454494476318,0.015730768,0.009034187,-0.020884126,-0.029918313,0.21875,-0.008605391,-0.02252532,-0.036614895,-0.00031572522437118053,0.0072911093,0.3622165620326996,0.086524695,0.034902126,0.36503658,0.006176497787237167,0.33013445,0.21875,0.39488328,0.33969125,0.27851188,-0.0024154936059042043,0.030958883,0.16129032258064516,0.10544145,0.10544145,1.0000001,0.89455867,0.125,1.0000001,0.9574474,0.89455867,-0.0021613628830203417,0.024210155
generic__5fb311357441af70b6b5eaa1482d7a943ed2f0ac__爆炸菇（爆炸前）__v362__flag__46fe29b1__c0.mp4,0.9989193677902222,0.9974628686904907,0.003702484,-0.00032588094,-0.07247651,-0.07215063,0.21875,-0.07064563,-0.07301539,-0.076179,-2.3030288124191418e-05,0.001524862,0.18979257345199585,0.017497323,0.01492206,0.123463266,0.03682924062013626,0.108541206,0.21875,0.123463266,0.11677718,0.10596594,-0.0004420816608843891,0.005506624,0.0,0.01191771,0.011731744,1.0,0.98826826,0.1875,1.0,0.9943187,0.9880823,-0.00037475819549251323,0.0035802785
exact-r2__f098f956c8048e901cfef55e3a9c2c1ae2f2ea2b__毒蘑菇__v1512__glasses__f866fd2d__c0.mp4,0.9347692131996155,0.6225665211677551,0.01714331,0.00776881,0.039169848,0.03140104,0.15625,0.06165141,0.041703463,0.022026539,-0.00025884632862383173,0.00902827,0.4955899119377136,0.09071261,0.09071261,0.52693105,0.0044895680621266365,0.43621844,0.1875,0.6361532,0.5372934,0.43621844,-0.0038441233719286403,0.05328021,0.41935483870967744,0.4203807,0.36408436,1.0,0.63591564,0.1875,1.0,0.7603594,0.5796193,-0.013151611062176393,0.14316656
generic__b2678863871b99530ba9e74fef126b3d90508f99__爆炸菇（爆炸前）__v712__glasses__aeeab5ab__c0.mp4,0.9964630603790283,0.9870747327804565,0.008393705,-0.002700258,-0.05830598,-0.05560572,0.09375,-0.049531072,-0.055343524,-0.06669968,8.508963223623121e-05,0.0035296183,0.05250011384487152,0.007956597,-0.008182416,-0.0046387734,0.007579436060041189,0.0035436423,0.09375,0.005112279,-0.0028434107,-0.01259537,4.179558571280571e-05,0.003966282,0.0,0.026943743,0.015512586,1.0,0.9844874,0.1875,1.0,0.98684514,0.97305626,-0.0005308516498359879,0.00685457
exact-r1__bcff16b3ae281c25ac9b572e2d40114a81b50a5b__爆炸菇（爆炸后）__v1180__bubble__54ee6d6e__c0.mp4,0.9420687556266785,0.7534588575363159,0.0178089,-0.15227562,-0.16049507,-0.008219451,0.3125,0.0072154254,-0.07700591,-0.17830397,0.005682614418921054,0.06539939,0.2539297938346863,0.055330753,-0.028701127,0.16133794,0.005900643765926361,0.19003907,0.03125,0.35779187,0.17692389,0.10600719,0.0037994118833428285,0.051837876,0.06451612903225806,0.75711066,0.636086,1.0000002,0.36391425,0.0625,1.0000002,0.56704855,0.24288958,-0.023114636600498204,0.2735089
generic__612d49f90c5839a0aeee3644992dde5a2e25df17__爆炸菇（爆炸前）__v370__flag__44b9d3da__c0.mp4,0.9880629777908325,0.9543107151985168,0.0038578063,-0.024304911,-0.034790322,-0.010485411,0.15625,-0.0068889856,-0.02414139,-0.03864813,0.0007586194519117416,0.00872896,0.24429097771644592,0.07618424,-0.04481502,0.23454444,0.008492019027471542,0.27935946,0.21875,0.2917648,0.22014956,0.1583602,0.0015458803913416797,0.036636386,0.0,0.129673,0.1258744,1.0000001,0.8741257,0.1875,1.0000001,0.9467336,0.8703271,-0.004028955873243944,0.0396187
exact-r2__4691ed1843f8b20fbb9d94d74fa655f6e6d960bb__吐司菇__v447__bubble__317c9c87__c0.mp4,0.9889328479766846,0.9565881490707397,0.0191469,-0.004366372,-0.0523226,-0.04795623,0.1875,-0.039149825,-0.05312171,-0.0714695,-5.99994982355157e-05,0.0070102634,0.10549628734588623,0.010049444,0.009643648,0.049057018,0.005897657014429569,0.03941337,0.1875,0.07037739,0.05237458,0.039007574,-0.00017268319144473496,0.009072562,0.0,0.064017355,0.022010922,0.9999999,0.97798896,0.1875,0.9999999,0.97308767,0.9359825,-0.0014176619105324658,0.019072935
generic__da845ee71f9cb9c51804ea9e81d440cd088d2805__汉堡菇__v845__bubble__4b8aea7d__c0.mp4,0.9892395734786987,0.9594366550445557,0.030349404,-0.0016677976,0.014021337,0.015689135,0.28125,0.019601554,0.0054374835,-0.016328067,-7.129118906175612e-05,0.012581917,0.270143061876297,0.08350715,0.009016216,0.3045885,0.00963349174708128,0.29557228,0.1875,0.3105294,0.27558053,0.22108135,0.0010247889447334618,0.02540547,0.0,0.0794431,0.009081364,1.0000001,0.99091876,0.125,1.0000001,0.9568751,0.920557,6.862586675505292e-05,0.025648745
exact-r2__9044b5fe347fe94eb12e9b0ec747bbc7165f78c0__粽子菇__v896__crown__e3d35b47__c0.mp4,0.9678542017936707,0.8292477130889893,0.01898846,-0.018796861,0.0078318715,0.026628733,0.1875,0.04717356,0.020528372,-0.011156589,0.0009295231173814568,0.01401036,0.5214041471481323,0.03475088,-0.0694778,0.51793265,0.01649436354637146,0.58741045,0.125,0.6109195,0.5419325,0.48318177,0.002556734983304041,0.035754304,0.0967741935483871,0.21648777,0.14257652,1.0,0.8574235,0.1875,1.0,0.9075829,0.78351223,-0.005778887186232185,0.06362798
base-props__b2d3b11f7cc10d19163a3940e12f64f147409d54__粽子菇__v713__flag__5f4b5c50__c0.mp4,0.9987286925315857,0.996018648147583,0.005187381,-0.0023000613,-0.029633433,-0.027333371,0.21875,-0.024449024,-0.028478015,-0.034820814,4.660336319848677e-05,0.002600265,0.07374340295791626,0.00541028,0.0024464056,0.04675933,0.019898749887943268,0.044312924,0.15625,0.050599005,0.04526539,0.04134905,-0.0001372151354005511,0.0023568699,0.0,0.013675034,0.009977102,0.9999998,0.9900227,0.15625,0.9999998,0.9910308,0.9863248,-0.0002257179829381954,0.0031825905
base-noprop__13eda229e23f72de63829ca2a162c20a3b56bf44__吐司菇__v0__64ac0378__c0.mp4,0.9864788055419922,0.9528111219406128,0.010482192,-0.017378733,-0.043911323,-0.02653259,0.21875,-0.02190873,-0.034249354,-0.054393515,0.0008281925761433094,0.010595559,0.16056504845619202,0.012022346,-0.053823084,0.089964405,0.011862182058393955,0.14378749,0.21875,0.19501272,0.12631568,0.07794206,0.0025112339653227717,0.031270083,0.03225806451612903,0.19972849,0.17482668,1.0,0.8251733,0.15625,1.0,0.8869558,0.8002715,-0.006837482534108616,0.071961835
base-props__30b4282f1742fb0fb6e237b3bacf4fb43522adf0__蘑菇力__v173__crown__17f1e4ea__c0.mp4,0.9976389408111572,0.9920950531959534,0.0061949342,-0.00033645332,-0.021990463,-0.02165401,0.15625,-0.019235596,-0.023986448,-0.028185397,3.091051704810093e-05,0.0021414566,0.18451346457004547,0.012150407,0.0014616251,0.1594665,0.003838628064841032,0.15800488,0.125,0.17908451,0.16052702,0.1473161,-4.4909570792198554e-05,0.0066288,0.12903225806451613,0.022705555,0.013558507,1.0,0.9864415,0.28125,1.0,0.98586076,0.97729445,-0.0003677292500248243,0.006103482
base-props__6347b4fdacef12020e4808533f7022e254119900__吐司菇__v376__glasses__2acf789a__c0.mp4,0.9912610650062561,0.969519317150116,0.006361872,-0.009318978,-0.03697917,-0.027660191,0.15625,-0.009354413,-0.031469423,-0.04334104,0.0005985823599211971,0.0076837623,0.3829236626625061,0.006670743,-0.021723777,0.32545295,0.014243096113204956,0.34717673,0.15625,0.3881369,0.35145423,0.3187822,0.0005182137117445332,0.01527763,0.0,0.054219723,0.012090206,1.0,0.9879098,0.21875,1.0,0.97176194,0.9457803,-0.00029094623199652354,0.015621629
exact-r2__6dd3305af84339168c5003d4bf2d991700333485__吐司菇__v699__flag__5a52fed1__c0.mp4,0.9913933277130127,0.9518004059791565,0.042565107,0.037207842,-0.038333118,-0.07554096,0.28125,-0.030835718,-0.05822047,-0.080898225,-0.0013396151724361612,0.013673271,0.20305895805358887,0.087717034,0.07622938,0.18388635,0.00851244293153286,0.10765697,0.28125,0.2032296,0.1448385,0.096169315,-0.003136412005685811,0.03242559,0.0,0.09126592,0.09089482,1.0,0.9091052,0.3125,1.0,0.95618284,0.9087341,-0.003390242331975352,0.032686785
exact-r2__7595de653201daf792ae964617d76e0bd71d2d72__爆炸菇（爆炸前）__v736__eyemask__52c3ff56__c0.mp4,0.9895651936531067,0.9608310461044312,0.0014045835,-0.00026483834,-0.061182708,-0.06091787,0.21875,-0.03974688,-0.051246285,-0.06258729,0.0002550620898396815,0.0067407084,0.13733327388763428,0.032037485,0.027273268,0.09139551,0.007189521566033363,0.064122245,0.1875,0.12252641,0.08608699,0.059358027,-0.0011366804183632806,0.016162327,0.0,0.09307253,0.047367096,1.0,0.9526329,0.09375,1.0,0.9537068,0.90692747,-0.0021938512271100744,0.024960447
exact-r2__923dbea1c7a98f5a1ad632836be7e11ba23c900a__粽子菇__v906__crown__27970c94__c0.mp4,0.9889218211174011,0.9370750188827515,0.006246537,-0.008218825,-0.042340755,-0.03412193,0.03125,0.001170814,-0.03898126,-0.048587292,0.0004378447849904323,0.008972693,0.08055108040571213,0.02241335,-0.0059591904,0.044545375,0.006331930868327618,0.050504565,0.125,0.09957588,0.041569825,0.022132024,-0.00010175381027861154,0.014611846,0.12903225806451613,0.10398066,0.016787529,1.0000001,0.9832126,0.0625,1.0000001,0.98106515,0.89601946,-0.000982968338773375,0.018657034
exact-r2__16eade7b0e21611f64303c64853bbd35f887019e__爆炸菇（爆炸前）__v147__glasses__a5e6108f__c0.mp4,0.9928524494171143,0.9526280760765076,0.011504196,-0.014697872,-0.00832852,0.0063693523,0.125,0.0063693523,-0.010823863,-0.019832715,0.00015637936081485968,0.005761762,0.1029919758439064,0.009229541,-0.049510747,0.071323566,0.013431821018457413,0.12083431,0.1875,0.12479122,0.09216812,0.062094025,0.002284777734450494,0.024628822,0.0,0.062801,0.052376747,1.0,0.94762325,0.28125,1.0,0.9680896,0.937199,-0.00228192315292145,0.024019482
generic__938e01d47782dafc5547713c187bfbca30a0ae08__爆炸菇（爆炸后）__v589__coffee__38b5420d__c0.mp4,0.9769766330718994,0.9469083547592163,0.025745839,0.008725971,0.014723301,0.00599733,0.1875,0.0313925,0.0073214057,-0.011022538,-0.0003234364687740975,0.010530243,0.27639371156692505,0.16187124,0.12189099,0.37038356,0.0034080124460160732,0.24849257,0.21875,0.37038356,0.28371513,0.20851232,-0.0035847318618178665,0.04598479,0.25806451612903225,0.14040524,0.11026299,1.0000001,0.8897371,0.1875,1.0000001,0.9202883,0.8595949,-0.0034081759013213585,0.039762564
generic__152077a5b2e9ecb98c83d24bd2c2d3c0ce349e29__炸虾菇__v75__crown__25e13e4c__c0.mp4,0.9894005060195923,0.9601991176605225,0.0054968,0.00030836463,-0.018933177,-0.019241542,0.21875,-0.007872969,-0.014161741,-0.024429977,0.0001730134169901567,0.0045195073,0.3530665636062622,0.07379344,0.07379344,0.32451916,0.00401418237015605,0.25072572,0.15625,0.42516714,0.33890486,0.25072572,0.0015170390217884619,0.051913757,0.16129032258064516,0.052137136,0.022420406,1.0,0.9775796,0.1875,1.0,0.9696046,0.94786286,-0.0006383829080988387,0.013690431
exact-r2__63906d5df56c7aab4ab721f0d0f9233c71af9c5f__爆炸菇（爆炸后）__v626__scooter__3e4bbfb7__c0.mp4,0.9765477776527405,0.9289312362670898,0.0,-0.011389114,0.0071924254,0.01858154,0.28125,0.035162628,0.018848043,0.0071924254,0.0005374221647393147,0.00756553,0.08166675269603729,0.0019652992,-0.012026481,0.08237314,0.0063895792700350285,0.09439962,0.03125,0.15976867,0.10051479,0.08040784,0.00025696108729477595,0.019386463,0.1935483870967742,0.13094127,0.07538068,1.0,0.9246193,0.1875,1.0,0.9417579,0.8690587,-0.003399417197599411,0.042525686
exact-r2__3439d330fea594468c348215407f915d09361ffb__蘑菇力__v346__scooter__8ffda2ef__c0.mp4,0.989080548286438,0.9580246210098267,0.00028527528,-0.048153386,-0.048417732,-0.0002643466,0.15625,0.0019269884,-0.028101988,-0.048703007,0.0016612662821789634,0.017528573,0.19818422198295593,0.004985124,-0.29337984,0.06873181,0.004344874527305365,0.36211166,0.0,0.36211166,0.17008223,0.06374668,0.011525669116035234,0.11480007,0.06451612903225806,0.34353828,0.34353828,1.0000001,0.65646183,0.3125,1.0000001,0.8678762,0.65646183,-0.01329276707471288,0.13031478
base-props__9913e00ce076c968bc96c617de2d2d16bf2971d3__毒蘑菇__v622__crown__7885a7b0__c0.mp4,0.9883152842521667,0.9593945741653442,0.026832879,0.0045289993,-0.01651597,-0.02104497,0.1875,-0.0043107867,-0.020135446,-0.04334885,0.00028578665031016304,0.011043621,0.6147289872169495,0.18263376,0.07325506,0.69006145,0.01180571410804987,0.6168064,0.25,0.69006145,0.5945935,0.5074277,-0.0029024535850170926,0.053108856,0.0,0.17247969,0.04517013,0.99999994,0.9548298,0.3125,0.99999994,0.917413,0.82752025,-0.0025695805216639327,0.06037993
exact-r1__02eb6b820c7a80e2762b30d738e5e874870367d4__爆炸菇（爆炸后）__v21__eyemask__6453077e__c0.mp4,0.9917780160903931,0.9489407539367676,0.027749509,0.0062019527,0.020204216,0.014002264,0.21875,0.020921528,0.009211829,-0.0075452924,0.00016293993705878174,0.007828347,0.3964524269104004,0.09384343,0.04055783,0.45049694,0.011899788863956928,0.4099391,0.125,0.45299616,0.40566427,0.3566535,-0.0004231042428013091,0.020569492,0.0,0.06893277,0.061489344,0.9999999,0.93851054,0.0,0.9999999,0.9460921,0.9310671,-0.0010355162458860045,0.017405717
exact-r2__b68bd790b0276728d5b0df42061a7a6cb4e51370__毒蘑菇__v1135__crown__27f578bc__c0.mp4,0.9521869421005249,0.8143290877342224,0.040323585,-0.060949236,-0.018671006,0.04227823,0.1875,0.051709652,0.0111192,-0.05899459,0.002647258253915568,0.029883258,0.4072188138961792,0.06247422,-0.21797627,0.2937171,0.007928277365863323,0.51169336,0.28125,0.5368732,0.418338,0.23124287,0.009449858436923579,0.10071155,0.16129032258064516,0.3590477,0.32373285,1.0,0.67626715,0.03125,1.0,0.7607435,0.6409523,-0.00993511435791541,0.10733505
generic__4f2c68a04c7fdb73063336d8553dc1cd8687e038__汉堡菇__v289__crown__3b0f189a__c0.mp4,0.9922376871109009,0.9721081256866455,0.0138114095,0.0138114095,0.035225928,0.021414518,0.1875,0.059287786,0.034060057,0.021414518,-0.00032665563031725073,0.008548141,0.4943563640117645,0.064777434,0.043563545,0.5532,0.01866566203534603,0.50963646,0.15625,0.57330585,0.5284164,0.48842257,-0.00204032071240659,0.024887592,0.0,0.061432242,0.034412503,1.0,0.9655875,0.25,1.0,0.96638143,0.93856776,-0.0014156505159618371,0.018525928
exact-r2__6c56d3daf3ea520dfddd0fa0928d5ae2eebb4661__汉堡菇__v691__coffee__599a3d62__c0.mp4,0.9801498055458069,0.7260785102844238,0.0025854167,-0.026553225,-0.0038996302,0.022653595,0.34375,0.028869316,0.012896545,-0.006485047,0.0012500077951016703,0.013069959,0.11477326601743698,0.007958079,-0.16094242,0.028287064,0.00861054565757513,0.18922949,0.34375,0.21043971,0.12766981,0.020328986,0.007081442367479401,0.07701048,0.16129032258064516,0.31738162,0.26968908,1.0,0.7303109,0.03125,1.0,0.8181819,0.6826184,-0.011767329500654894,0.13037877
base-noprop__08447ead47d19cdf9b918908077ea735b8029732__汉堡菇__v0__096129c7__c0.mp4,0.9970694780349731,0.9901366233825684,0.0032063127,-0.0051823854,0.007901192,0.013083577,0.21875,0.030496478,0.016030531,0.004694879,0.0001283715372561012,0.007427036,0.6430962085723877,0.013103783,0.0034058094,0.66219366,0.008306939154863358,0.65878785,0.125,0.6693701,0.65912676,0.6490899,-0.00018816982065476956,0.004908238,0.0,0.022815347,0.008032441,1.0,0.99196756,0.09375,1.0,0.98836887,0.97718465,-9.929235817048921e-05,0.004920668
base-noprop__06b0fe368708d4dd8bc44a345d0c8a6765e4dd6e__毒蘑菇__v0__071da0d8__c0.mp4,0.9966201186180115,0.9897819757461548,0.0075427294,-0.0007157773,-0.017234817,-0.01651904,0.1875,-0.010536209,-0.018519286,-0.024777547,-8.293825182572196e-05,0.003867308,0.16421309113502502,0.029598832,-0.0030945688,0.15345345,0.0018011473584920168,0.15654802,0.1875,0.17842722,0.14569381,0.12385462,-0.0006079379840592781,0.014874464,0.0,0.029434979,0.006986797,1.0000001,0.9930133,0.15625,1.0000001,0.9862547,0.97056514,-0.00024719557061220725,0.008130849
base-noprop__19c06779695d253483fe999e0232467a7bbc4669__炸虾菇__v0__3b04dfbf__c0.mp4,0.9785400629043579,0.9203392267227173,0.006826788,0.0048537254,-0.018681467,-0.023535192,0.125,-0.00055477023,-0.018105611,-0.025508255,-0.0002711045602199971,0.005509798,0.4216233491897583,0.0865415,-0.068713814,0.3461196,0.007268430665135384,0.41483343,0.125,0.4662624,0.40351775,0.2595781,0.0005304242301284439,0.047329728,0.12903225806451613,0.1418894,0.06375271,0.99999994,0.9362472,0.09375,0.99999994,0.93707114,0.85811055,-9.016006573200733e-05,0.027765645
base-noprop__0d8ae407bd2be6cbaf00e2bc407478bbc70e81c2__毒蘑菇__v0__377987ca__c0.mp4,0.9959527850151062,0.9858437180519104,0.005631849,0.0036102682,-0.0020407438,-0.005651012,0.1875,0.0007831082,-0.0036217587,-0.007672593,-0.00013161804718224887,0.0023793438,0.11369931697845459,0.030427225,0.020199738,0.11361978,0.0009030818473547697,0.09342004,0.28125,0.13388292,0.11007757,0.08319256,-0.000812763887624146,0.015041951,0.25806451612903225,0.032669783,0.007911563,1.0,0.99208844,0.25,1.0,0.98659855,0.9673302,-0.000548122325076365,0.008895524
base-noprop__36eb6a2b312cae414c0f305a4fd633fb23cd8654__吐司菇__v0__c97ca202__c0.mp4,0.9928467273712158,0.9795758724212646,0.018616915,0.007455647,-0.001167655,-0.008623302,0.125,-0.0006043911,-0.008732241,-0.01978457,-0.00025973018925210954,0.004544336,0.6653544902801514,0.12506133,0.053084016,0.7256504,0.012335587292909622,0.6725664,0.21875,0.72600627,0.6566223,0.6005891,-7.995578550522582e-05,0.03352457,0.06451612903225806,0.0692237,0.02198416,0.99999994,0.9780158,0.21875,0.99999994,0.9622419,0.93077624,-0.0001480599149755502,0.01945443
exact-r1__b50d470f960d4825813995dc5d495f18601920dc__炸虾菇__v1119__bubble__a58b7a00__c0.mp4,0.9715732932090759,0.8628298044204712,0.0,-0.01867187,-0.011514783,0.0071570873,0.15625,0.032415092,0.011122868,-0.011514783,0.0005912956265497768,0.009478056,0.3654841482639313,0.31630588,0.09956187,0.5745585,0.0051817819476127625,0.47499663,0.125,0.57841897,0.376607,0.25825262,-0.0015161690572577048,0.09151265,0.1935483870967742,0.49310178,0.27247047,1.0,0.7275295,0.0625,1.0,0.6581452,0.5068982,-0.006841369661505255,0.13903578
base-props__11126af44460c58b95d533978e0cf55f002fe629__炸虾菇__v66__crown__135b2c59__c0.mp4,0.9920287132263184,0.9662016034126282,0.021361768,-0.018115819,-0.00045073032,0.017665088,0.15625,0.052664995,0.02009163,-0.021812499,0.0009069125061510595,0.018900206,0.6284652352333069,0.041513383,-0.035291553,0.62388706,0.010277384892106056,0.6591786,0.125,0.7136454,0.6485568,0.5823737,0.0017522646119692642,0.03421125,0.06451612903225806,0.046744525,0.023718178,0.9999998,0.97628164,0.15625,0.9999998,0.97672886,0.9532553,-0.0006402176845807572,0.011878285
exact-r2__94bc06d5bc92583f73830b10dc04994d67cef4b4__汉堡菇__v926__crown__b9235215__c0.mp4,0.9320904612541199,0.5947899222373962,0.033266515,-0.02354768,-0.014561534,0.008986145,0.125,0.083112925,-0.006622377,-0.04782805,0.0010981327878677245,0.029258454,0.3581284284591675,0.059927076,-0.14306861,0.310031,0.02129271626472473,0.4530996,0.125,0.45767272,0.35150602,0.25010392,0.005224401120347715,0.06451754,0.12903225806451613,0.52283096,0.20260578,0.99999994,0.79739416,0.125,0.99999994,0.8427111,0.477169,-0.00852160646834155,0.13982117
exact-r1__924031cbf126b245cf9afc8c24e5945a1e2524ab__粽子菇__v907__crown__f744010f__c0.mp4,0.9391341805458069,0.64992356300354,0.04689315,-0.012564808,0.03517446,0.047739267,0.125,0.08897279,0.037756175,-0.01171869,0.0002719173808732347,0.017517373,0.41659003496170044,0.12985894,-0.16522461,0.40219194,0.01918257400393486,0.56741655,0.1875,0.56968045,0.4543462,0.272333,0.004987882974604017,0.083585955,0.0967741935483871,0.45909065,0.19369555,0.9999999,0.80630434,0.0625,0.9999999,0.86510134,0.54090923,-0.008509903403321289,0.10590625
base-props__e011acdfa772be70a370c32cc68bd1d67b47e245__爆炸菇（爆炸后）__v877__scooter__becb1965__c0.mp4,0.9720759987831116,0.9094836711883545,0.005213201,-0.051475853,-0.010042787,0.041433066,0.21875,0.04582259,0.023354545,-0.015255988,0.0010316202777527995,0.0166593,0.31745409965515137,0.07136598,0.010247737,0.32038164,0.012269170954823494,0.3101339,0.15625,0.392043,0.34080863,0.24901566,0.0009546070755664305,0.03508862,0.25806451612903225,0.30856717,0.25271094,1.0,0.74728906,0.03125,1.0,0.7845087,0.69143283,-0.006530207502614689,0.08143356
generic__c3b08e101b5779ce9c44080f96c8fbe863833c5e__炸虾菇__v770__eyemask__e40dbc9b__c0.mp4,0.9782065153121948,0.9379891157150269,0.014194369,-0.03625989,-0.036075294,0.00018459558,0.1875,0.002907753,-0.02087741,-0.050269663,0.0005058470206701155,0.012278609,0.5001065731048584,0.044361204,-0.043993175,0.4787643,0.02309378981590271,0.5227575,0.15625,0.5227575,0.47922915,0.4344031,0.00048279015571316613,0.020022204,0.0,0.18247318,0.15948486,0.9999999,0.840515,0.09375,0.9999999,0.873112,0.8175267,-0.004837556165858782,0.0505427
base-noprop__04febc3ea3e866abdf75b3fab9b881e8f80a980a__汉堡菇__v0__ce7851e5__c0.mp4,0.9869659543037415,0.9461434483528137,0.036931336,-0.003753841,0.045668125,0.049421966,0.25,0.05446005,0.032926224,0.008736789,0.0001658594721922785,0.0132861445,0.6431479454040527,0.048140466,0.0127872825,0.6934439,0.007193572819232941,0.6806566,0.21875,0.70981187,0.67607415,0.6453034,0.0004423425868809116,0.015552583,0.06451612903225806,0.05417788,0.009341478,1.0,0.9906585,0.15625,1.0,0.9743166,0.9458221,-0.0008892836895855699,0.016462363
base-noprop__3f2b9963b32e8779b33756a182ccea735aad5b89__毒蘑菇__v0__72c317bd__c0.mp4,0.997572660446167,0.9884468913078308,0.0029645562,-0.009137593,-0.07626358,-0.06712598,0.09375,-0.059456028,-0.073140666,-0.07922813,0.00032693591266542537,0.0047895066,0.06008711829781532,0.0027720332,-0.009771565,-0.01867001,0.002461747732013464,-0.0088984445,0.09375,0.0027014706,-0.013053548,-0.021442043,0.00043004586073212126,0.005613091,0.0,0.032868385,0.017740011,0.9999999,0.98225987,0.1875,0.9999999,0.9900397,0.9671315,-0.0007489696800533807,0.007917836
generic__50ee01d3a21af2295c697ffe0dcc9d0e2bd3a001__汉堡菇__v299__crown__af1e681c__c0.mp4,0.993104100227356,0.9747792482376099,0.011157423,0.0013594627,-0.024795443,-0.026154906,0.25,-0.00589028,-0.025284776,-0.035952866,-0.0003283716891168505,0.0077046743,0.4354143738746643,0.0425961,0.036704063,0.4322958,0.026343990117311478,0.39559174,0.125,0.44619015,0.4101296,0.3896997,-0.0012401648226284107,0.015061753,0.0,0.05475551,0.030593157,1.0,0.96940684,0.125,1.0,0.9706657,0.9452445,-0.0011927461104133963,0.015963906
base-noprop__930af50238c37ebaf442e48b5cf1fdd56a6c5adb__粽子菇__v0__f5d08145__c0.mp4,0.9904717803001404,0.9723565578460693,0.017706335,0.017706335,0.13153267,0.113826334,0.15625,0.1562528,0.13524184,0.113826334,-0.0006752352112811282,0.011018805,0.5328542590141296,0.054315746,0.022798896,0.67074996,0.015163807198405266,0.64795107,0.15625,0.7163426,0.6680962,0.6164342,-0.0014165412973273675,0.024975557,0.0,0.03697163,0.013201356,1.0000001,0.98679876,0.28125,1.0000001,0.9784672,0.9630285,-6.305271229783346e-05,0.010944193
exact-r1__55c78bf255f3a7b815fa63ec2b487f670c474c05__汉堡菇__v544__scooter__f9fb3109__c0.mp4,0.9642783999443054,0.8832581639289856,0.026417974,-0.021147858,-0.024411138,-0.0032632798,0.125,0.0069571733,-0.020928614,-0.050829113,0.0013015419121864419,0.016067058,0.0855628103017807,0.028878968,-0.061006326,0.04963131,0.005430266726762056,0.110637635,0.1875,0.11699476,0.0646342,0.02075234,0.0026837232689266677,0.028188461,0.22580645161290322,0.26569963,0.26569963,1.0,0.7343004,0.25,1.0,0.89030504,0.7343004,-0.008502763147053463,0.08122338
exact-r1__c39c1f9a7737ec2bce1e203f09f772557f7229c4__爆炸菇（爆炸前）__v1223__coffee__4cdd0ec2__c0.mp4,0.9735628962516785,0.9250078797340393,0.014291465,-0.000667572,-0.0008185506,-0.00015097857,0.21875,0.0016193986,-0.008212788,-0.015110016,1.1008355733760673e-05,0.0050192405,0.2822449505329132,0.025216103,-0.025769651,0.2696268,0.011022839695215225,0.29539645,0.09375,0.31675923,0.27403218,0.2444107,0.0006812160638027207,0.018080072,0.0,0.12381339,0.08752996,1.0000001,0.91247016,0.25,1.0000001,0.9418161,0.8761867,-0.0033671448438747534,0.037230372
base-noprop__4d17fcfde00cb2ae6b544f6fb2233f9c5e1c98bb__毒蘑菇__v0__157f185e__c0.mp4,0.9937554001808167,0.9797812700271606,0.010799557,0.0059320927,-0.015871882,-0.021803975,0.15625,0.0058259964,-0.012472903,-0.02667144,-0.00034393385445966756,0.007353886,0.5077241659164429,0.0066028535,0.0025031865,0.48166618,0.010234575718641281,0.479163,0.28125,0.51816416,0.49525124,0.47506332,-0.00021955030601569252,0.013378346,0.0,0.029443622,0.023699343,1.0000002,0.9763009,0.09375,1.0000002,0.97984076,0.9705566,-0.00048540276953200714,0.007947883
exact-r2__37cf5b3121da345790097e2efc56911fb8dea3af__粽子菇__v364__flag__fb092b3e__c0.mp4,0.9923199415206909,0.9745261073112488,0.016468361,-0.0028429031,0.01772651,0.020569414,0.09375,0.04755485,0.019775908,0.0012581497,0.0004150490945647541,0.010964004,0.289624959230423,0.06152208,-0.067307085,0.28624785,0.006342518609017134,0.35355493,0.09375,0.41014564,0.30940086,0.22472577,0.004118502557911314,0.054801997,0.12903225806451613,0.10329461,0.07953662,1.0,0.9204634,0.25,1.0,0.9566664,0.8967054,-0.003640654532353536,0.036988594
base-noprop__b281dc2a1f8e99821ca80a015d7a15c12c8925f9__炸虾菇__v0__a2c78121__c0.mp4,0.9837574362754822,0.9514695405960083,0.008415282,0.0022759438,-0.026629746,-0.02890569,0.1875,-0.0067285895,-0.022425264,-0.035045028,0.00030879611886841036,0.008324583,0.3940785229206085,0.14723301,0.064582735,0.43395668,0.00574958510696888,0.36937395,0.21875,0.44185966,0.37165326,0.28672367,-0.002300969671862209,0.04544039,0.06451612903225806,0.20163584,0.061932325,1.0,0.9380677,0.25,1.0,0.92313266,0.79836416,-0.0038934712819864,0.06724345
generic__546296f7917ec182336f629d3d0c02436cb741ca__吐司菇__v315__coffee__948b91c9__c0.mp4,0.9992295503616333,0.9954553842544556,0.0026301062,2.419576e-05,-0.013326385,-0.013350581,0.1875,-0.013303565,-0.014453415,-0.015956491,1.391667966209205e-05,0.0007509592,0.012651070952415466,0.0020755231,-0.0013696849,-0.003655551,0.006919101811945438,-0.002285866,0.15625,0.005848272,-0.0018023439,-0.005731074,8.762987566800491e-05,0.0031808114,0.0,0.008334994,0.0049831867,0.9999999,0.9950167,0.15625,0.9999999,0.99549514,0.9916649,-0.00013486602919889038,0.0022591338
base-noprop__4cb113661e22673b72a3e13f60cc0f8202bd9de8__吐司菇__v0__e9ee2df5__c0.mp4,0.9781865477561951,0.9218946695327759,0.004261315,-0.008450866,-0.036308706,-0.02785784,0.25,-0.012860417,-0.02407049,-0.04057002,0.0005109128583211693,0.00812283,0.6538987159729004,0.028755963,-0.009713709,0.6118179,0.0059165675193071365,0.6215316,0.15625,0.6664125,0.6298282,0.58306193,0.00027166417311015297,0.019755708,0.0967741935483871,0.15354985,0.1048525,1.0000001,0.8951476,0.0625,1.0000001,0.9025718,0.84645027,-0.00269440099422181,0.04124909
generic__b166561176afda3a52cc9957753e6b2a097c6778__粽子菇__v708__flag__6c9c8153__c0.mp4,0.9974075555801392,0.9902326464653015,0.010141339,0.00391417,-0.03622801,-0.04014218,0.15625,-0.03022379,-0.037863344,-0.046369348,-0.00013744194658686247,0.0036615646,0.08064325153827667,0.005704537,-0.004673429,0.038484342,0.0014076046645641327,0.04315777,0.09375,0.051549453,0.042779908,0.032779805,-8.484735044369329e-05,0.0045202635,0.22580645161290322,0.016225338,0.0117281675,1.0000001,0.98827195,0.1875,1.0000001,0.9918618,0.9837748,-3.346293902442135e-06,0.004183796
exact-r1__eda6528f2e08aaadb4cc84f8c996eac073cc3a6a__汉堡菇__v1494__bubble__bd0adbc6__c0.mp4,0.9905379414558411,0.9811370372772217,0.011531606,0.007118866,0.015037879,0.0079190135,0.1875,0.0254592,0.01331533,0.003506273,-0.0003025725079683956,0.0053926473,0.26207059621810913,0.022901222,-0.05258371,0.24600445,0.004340801853686571,0.29858816,0.25,0.3058809,0.27538592,0.22310323,0.002067770773430204,0.023411075,0.1935483870967742,0.06663358,0.06414974,1.0,0.93585026,0.0625,1.0,0.95218444,0.9333664,-0.001261624783452276,0.015327231
base-props__068f87e6d8c098db1a68eaff2a959baa9dd07959__粽子菇__v24__coffee__cd2a73a3__c0.mp4,0.9923995137214661,0.974441409111023,0.005814679,0.0048401207,-0.016750963,-0.021591084,0.15625,-0.00093257055,-0.011454176,-0.022565642,-0.00018333618855513546,0.005708646,0.03135724738240242,0.001946019,-0.0042883977,0.012003651,0.0018318966031074524,0.016292049,0.15625,0.034153108,0.019903071,0.010057632,-8.784982620238611e-05,0.0061462237,0.41935483870967744,0.06049478,0.043080688,1.0000001,0.95691943,0.0625,1.0000001,0.9589838,0.93950534,-0.0006823796025119201,0.015223706
exact-r2__46fdb8adba853657fade52d259f8ee4cb1b28dde__爆炸菇（爆炸后）__v451__glasses__c87c68d3__c0.mp4,0.966323971748352,0.930155336856842,0.01509626,-0.01578498,-0.020843381,-0.0050584003,0.21875,0.014420427,-0.010162159,-0.03593964,0.0011314891197321286,0.014157742,0.0372789166867733,0.016875722,-0.054979466,0.0063060448,0.003677195403724909,0.06128551,0.15625,0.07923714,0.027116757,-0.010569677,0.0022307612003005435,0.024994416,0.2903225806451613,0.21321368,0.19948292,1.0,0.8005171,0.125,1.0,0.85637355,0.7867863,-0.005401236275511378,0.055592056
base-noprop__c884f9c5b1342e1e182de98d0015811298454d88__炸虾菇__v0__189e57f5__c0.mp4,0.9902194142341614,0.8888997435569763,0.0,-0.026140273,-0.021922171,0.0042181015,0.28125,0.0074266195,-0.005476469,-0.021922171,0.0010335171961190059,0.010749239,0.5980759859085083,0.01891315,-0.12620085,0.5302648,0.021257327869534492,0.65646565,0.25,0.6780264,0.5925995,0.51135164,0.005895954138897043,0.06150852,0.0,0.13094664,0.108762145,1.0000001,0.891238,0.21875,1.0000001,0.93041456,0.8690535,-0.005259838588863495,0.054258194
base-props__567f0abcb0cf6a5bcee6cad1571c9b7164cd9790__蘑菇力__v327__eyemask__70ecb658__c0.mp4,0.9920547008514404,0.977065920829773,0.013562664,-0.024689138,-0.020320684,0.004368454,0.15625,0.0066637397,-0.01401999,-0.033883348,0.0007464339126371214,0.011454225,0.27086004614830017,0.082037345,0.007127583,0.29181078,0.012964591383934021,0.2846832,0.25,0.31095243,0.25684005,0.20977344,0.0008910174380518136,0.028071031,0.0,0.05872631,0.057738423,1.0,0.9422616,0.0625,1.0,0.9600045,0.9412737,-0.0014440347918492052,0.017174209
exact-r1__cf74c350c79d0b0215dc7dda7d44e9eb626b6204__蘑菇力__v1289__bubble__ed3d7cd2__c0.mp4,0.9953493475914001,0.9864286780357361,0.0043599755,-0.0038960427,-0.04168819,-0.037792146,0.09375,-0.03255084,-0.039790045,-0.046048164,0.00011286469138175463,0.003066731,0.17686733603477478,0.009584591,-0.00039590895,0.13629122,0.0049901679158210754,0.13668713,0.21875,0.15463042,0.1370773,0.12670663,-6.652708080681547e-05,0.0064914254,0.12903225806451613,0.04242772,0.024981141,1.0,0.97501886,0.15625,1.0,0.9820448,0.9575723,-0.0006184329188638962,0.010205411
base-noprop__4de2aa1e433a559a98b48c7eccf7684f044f0cc9__毒蘑菇__v0__41b5cc15__c0.mp4,0.9772645235061646,0.9124536514282227,0.03399214,0.012687355,0.007355988,-0.0053313673,0.125,0.034287035,0.004316399,-0.026636153,-0.0008154077963395548,0.018268986,0.46014392375946045,0.250872,0.024029821,0.5211488,0.005334276705980301,0.49711898,0.21875,0.54539096,0.4644603,0.2702768,-0.0038071217239339875,0.07411822,0.03225806451612903,0.22148699,0.075081885,0.9999999,0.924918,0.21875,0.9999999,0.9137639,0.7785129,-0.0042747467581477384,0.059644338
base-noprop__691bb9a71d598e287cbef46044bd6aef8fa79960__粽子菇__v0__b0bc1b99__c0.mp4,0.9892627596855164,0.9286351203918457,0.0065211654,-0.05700952,0.038775206,0.095784724,0.375,0.11397481,0.07308231,0.03225404,0.002721216491371656,0.029775064,0.48850515484809875,0.001149714,-0.33494085,0.3745584,0.011303323321044445,0.70949924,0.40625,0.71694875,0.56158745,0.37340868,0.014440123898542528,0.14929684,0.0,0.40105128,0.36448753,1.0000002,0.6355127,0.1875,1.0000002,0.7921294,0.59894896,-0.017475657208748902,0.18127416
generic__4cb113661e22673b72a3e13f60cc0f8202bd9de8__爆炸菇（爆炸前）__v278__crown__ebb8e940__c0.mp4,0.9780231714248657,0.8980598449707031,0.027385443,0.01723978,-0.07728243,-0.09452221,0.1875,-0.057293653,-0.080946065,-0.10466787,0.00010161358000071344,0.011466154,0.5386594533920288,0.066010654,-0.0055546463,0.45808715,0.004001716151833534,0.4636418,0.1875,0.50834584,0.45771334,0.3920765,-0.0005876538056956602,0.03023352,0.16129032258064516,0.17877078,0.07899785,1.0000001,0.92100227,0.1875,1.0000001,0.9083478,0.82122934,-0.004062192530925639,0.051699247
generic__dad4cc0c224921ba2b3e9a82d69f6789dfd1c559__汉堡菇__v847__bubble__069a15c5__c0.mp4,0.9975723028182983,0.9904951453208923,0.0,-0.002989769,-0.009401858,-0.006412089,0.25,0.005306542,-0.0015283618,-0.009401858,9.823999097270355e-05,0.003766734,0.3008565306663513,0.05375895,0.020671427,0.32462382,0.007668373174965382,0.3039524,0.21875,0.3298331,0.29932815,0.27086487,0.0005478093952290191,0.016196942,0.0,0.025502086,0.00546211,1.0,0.9945379,0.1875,1.0,0.9869243,0.9744979,0.00012627576103661574,0.0067284834
base-noprop__9ff16bd9837162a31625505a37953b6d7b6f8bcd__爆炸菇（爆炸后）__v0__6c081db1__c0.mp4,0.996670663356781,0.98667311668396,0.019637972,0.010423988,0.01699254,0.006568551,0.1875,0.01699254,0.008331251,-0.002645433,-0.0005084320416679474,0.0056687114,0.15492378175258636,0.056547135,0.023002863,0.1709139,0.03584297001361847,0.14791104,0.125,0.18616888,0.16325504,0.11436677,-0.0015267334479696542,0.018282035,0.0,0.027836204,0.012270927,1.0,0.9877291,0.1875,1.0,0.987683,0.9721638,-0.0005907647071345737,0.0066316715
base-noprop__50ee01d3a21af2295c697ffe0dcc9d0e2bd3a001__毒蘑菇__v0__75b7cf35__c0.mp4,0.9963898658752441,0.984731912612915,0.007515162,0.0038371384,-0.01624903,-0.02008617,0.1875,-0.012263626,-0.018561093,-0.023764193,2.7199196588258457e-05,0.003073265,0.38041621446609497,0.046817362,0.037444413,0.3582847,0.009822233580052853,0.3208403,0.21875,0.40103132,0.36185515,0.31146735,-0.0017569500821863755,0.027725626,0.0,0.025289297,0.021353364,1.0,0.97864664,0.125,1.0,0.9843404,0.9747107,-0.0006889489061496607,0.007023246
base-props__d424d1f21129cb4f5e1724780bc7368fa90c14e9__炸虾菇__v813__scooter__d1ace2f7__c0.mp4,0.9969909191131592,0.9930408000946045,0.009810992,-0.001956366,-0.029364847,-0.02740848,0.21875,-0.023324981,-0.031030051,-0.03917584,0.00020635718496139356,0.0045983098,0.1576838344335556,0.013301395,-0.014607273,0.11807395,0.01414671540260315,0.13268122,0.125,0.14568609,0.12665378,0.10477255,0.0006574640361881719,0.010591874,0.0,0.015362918,0.007634878,1.0000002,0.99236536,0.125,1.0000002,0.9900051,0.9846373,-2.1236164828510807e-05,0.0029682738
exact-r2__5c4b08b050f4083c0288f844c4f063b4c7586eb9__炸虾菇__v582__coffee__677017ce__c0.mp4,0.995277464389801,0.9813463687896729,0.005237475,-0.0019387715,-0.059099436,-0.057160664,0.125,-0.05134132,-0.058166094,-0.06433691,-4.900672235403452e-05,0.0027676616,0.025920405983924866,0.005796261,-0.00033616275,-0.032264203,0.015530770644545555,-0.03192804,0.21875,-0.025919942,-0.032245692,-0.038060464,-4.454269012452743e-05,0.002787814,0.0,0.021594524,0.0124335885,1.0000001,0.98756653,0.28125,1.0000001,0.98900926,0.9784056,-0.0005023337114066823,0.006524208
exact-r1__474f385571ae5a110c7956cc929fee320bb370da__爆炸菇（爆炸后）__v454__glasses__cfb81219__c0.mp4,0.9677169322967529,0.7614564299583435,0.05780995,0.04172969,0.032612294,-0.009117395,0.25,0.04964912,0.01388191,-0.025197655,-0.002118464979913925,0.024379887,0.3318403363227844,0.08661902,0.057837903,0.3764816,0.00525255873799324,0.3186437,0.1875,0.4157445,0.34572223,0.28986257,-0.002652173151761901,0.033904307,0.12903225806451613,0.28391516,0.22788906,1.0000001,0.77211106,0.28125,1.0000001,0.85370076,0.71608496,-0.008339071619021206,0.089808226
base-noprop__454fa8dcb586fe5bba7dc4c8fc5beac333fb8f52__蘑菇力__v0__b12715e0__c0.mp4,0.9836957454681396,0.9251962304115295,0.01928091,0.01928091,0.021928549,0.0026476383,0.15625,0.031484604,0.022851992,0.0026476383,-0.0004635132914764085,0.007252214,0.5441434383392334,0.0524776,0.006152928,0.5789114,0.017383340746164322,0.5727585,0.15625,0.6095325,0.56699544,0.5264338,-0.0006509300681852453,0.019736914,0.0,0.106684506,0.04822105,1.0,0.95177895,0.09375,1.0,0.94711685,0.8933155,-0.0014775424999050875,0.020135269
generic__558e28ebbd5a1e6d7bade4cd30fc31f3ed07c04a__蘑菇力__v322__eyemask__1cc0cdde__c0.mp4,0.9826170802116394,0.9628133773803711,0.004288435,-0.002744168,-0.079793096,-0.07704893,0.21875,-0.062388733,-0.07293193,-0.08408153,7.91634293682747e-05,0.006107307,0.21702684462070465,0.007314533,-0.03770712,0.124924615,0.008214123547077179,0.16263174,0.1875,0.17783651,0.14409491,0.11761008,0.0005157410803515921,0.014881902,0.0,0.117046475,0.06855631,0.9999999,0.9314436,0.1875,0.9999999,0.9416537,0.8829534,-0.0012879207664745625,0.026203165
base-noprop__07c58fa6b177896d1bf3bafc1798b4388f51e9a6__吐司菇__v0__249899b6__c0.mp4,0.9883532524108887,0.9772746562957764,0.006760299,-0.0058505014,-0.020264238,-0.014413737,0.25,-0.011877149,-0.018067343,-0.027024537,0.0002023778648233129,0.0041285753,0.14895300567150116,0.013332941,0.013332941,0.13325393,0.0020008832216262817,0.11992099,0.21875,0.14244188,0.13088566,0.11992099,-0.0002810605159821383,0.005383388,0.12903225806451613,0.03263122,0.02291584,1.0,0.97708416,0.15625,1.0,0.98045146,0.9673688,-0.0004985749153447483,0.0074945656
exact-r1__929b65b28d7fc5f68d6f799d9d758150e4b1155d__爆炸菇（爆炸前）__v914__flag__3302281d__c0.mp4,0.9953027963638306,0.9900243282318115,0.007538885,-0.00047843158,-0.01483728,-0.014358848,0.15625,-0.012823045,-0.016004313,-0.022376165,2.8283084002582312e-05,0.002063931,0.26884013414382935,0.016328275,-0.047670558,0.22954606,0.008433894254267216,0.2772166,0.15625,0.29667374,0.2528358,0.21321778,0.0018021686308501074,0.022183198,0.0,0.03996861,0.032529116,0.9999999,0.96747077,0.21875,0.9999999,0.9813088,0.9600313,-0.0011746768137751108,0.011811044
base-noprop__54b808c68379bb80df935fac20da98e5db366a47__吐司菇__v0__f034c0d7__c0.mp4,0.9870137572288513,0.9382756352424622,0.008649036,0.0031276792,0.00029069185,-0.0028369874,0.1875,0.009710565,0.0019203951,-0.008358344,-1.841078613423173e-05,0.004918015,0.21738547086715698,0.038436398,-0.018383995,0.21139151,0.006857344415038824,0.2297755,0.1875,0.25250724,0.21930584,0.17295511,0.0010434066592729372,0.020098472,0.3870967741935484,0.069483936,0.036589146,1.0,0.96341085,0.21875,1.0,0.96590155,0.93051606,-0.0008751603930401713,0.017300738
base-noprop__3eb6d97760f838a366c3ddc9c5fe31024af3ddd6__爆炸菇（爆炸后）__v0__588452da__c0.mp4,0.994604766368866,0.9793142080307007,0.007206086,-0.0033806823,-0.045721687,-0.042341005,0.21875,-0.039197493,-0.045670584,-0.052927773,0.00021038098735980492,0.0034136598,0.08287257701158524,0.011837132,0.0005087666,0.038347803,0.0022652093321084976,0.037839036,0.15625,0.04791096,0.037201997,0.02651067,0.00013730806111470132,0.004629845,0.3225806451612903,0.019853473,0.009717107,1.0,0.9902829,0.1875,1.0,0.9882729,0.9801465,-0.0002633669684009887,0.004702817
exact-r2__7d44a2bbd0f494878694a9248530e08a9227affb__炸虾菇__v779__glasses__89eee02e__c0.mp4,0.9596273899078369,0.8226238489151001,0.013272554,-0.014580067,-0.052012354,-0.037432287,0.25,-0.031569287,-0.046553787,-0.06528491,0.0006262334739609097,0.010122031,0.1918889284133911,0.13543917,0.1296447,0.18868488,0.008249170146882534,0.05904017,0.0,0.32930315,0.14533515,0.053245712,-0.007027068236143567,0.09221816,0.06451612903225806,0.22991228,0.18077523,1.0,0.8192248,0.0625,1.0,0.86539674,0.7700877,-0.003891587093516152,0.054287575
exact-r1__05e26f5e60986d81eb27d3bff555fb6e8b76fd97__粽子菇__v37__coffee__5e8d49dc__c0.mp4,0.972632110118866,0.9167355298995972,0.0,-0.03957261,0.021791592,0.061364204,0.15625,0.061364204,0.0390521,0.021791592,0.0006538184053780754,0.009217877,0.2986679971218109,0.0,-0.13473108,0.25913942,0.01514102891087532,0.3938705,0.1875,0.3938705,0.3377201,0.25913942,0.0023032809249903903,0.03460417,0.0,0.22851992,0.15127599,1.0,0.848724,0.125,1.0,0.8809953,0.7714801,-0.004191673734932683,0.052264556
base-noprop__36cc3b78b61d9039d9d44b967df0005c6e6e6895__汉堡菇__v0__0f68f4e0__c0.mp4,0.9951751232147217,0.984455943107605,0.028099746,-0.0018509626,-0.016461492,-0.014610529,0.15625,0.014854133,-0.012585286,-0.044561237,0.000250799423001728,0.014127508,0.4830808639526367,0.046396434,0.04562235,0.49170762,0.022469619289040565,0.44608527,0.21875,0.49871296,0.47049558,0.4453112,-0.0016313907075837131,0.017828027,0.0,0.030919671,0.027396202,0.9999999,0.9726037,0.09375,0.9999999,0.9822508,0.9690802,-0.0009570639154428366,0.010316051
exact-r1__91c39501adafbba839f83b6334e1af2e954a86dc__粽子菇__v905__crown__2115ef43__c0.mp4,0.9387384653091431,0.6650609970092773,0.0050373077,-0.032188565,0.033944577,0.06613314,0.15625,0.14131808,0.054837346,0.02890727,0.0010417895036533785,0.01979973,0.5360010266304016,0.08337262,-0.11423221,0.4859645,0.012549287639558315,0.6001967,0.15625,0.7083025,0.59083843,0.40259188,0.0023004403583640042,0.069511205,0.0967741935483871,0.5550823,0.4400469,1.0,0.5599531,0.0625,1.0,0.69870555,0.44491768,-0.014854611124286186,0.15124774
exact-r1__db92b798e1aadc60fbbe4052b859fdc5d2a7e46f__汉堡菇__v1374__flag__7d619672__c0.mp4,0.9911148548126221,0.9660294651985168,0.0014814734,-0.009510264,-0.041180626,-0.03167036,0.125,-0.009682581,-0.03266836,-0.0426621,0.00043118932172437474,0.0075034737,0.23553484678268433,0.061901137,0.024551108,0.22706048,0.009845636785030365,0.20250937,0.15625,0.23317784,0.2028665,0.16515934,-0.0004555309803123953,0.017706804,0.0,0.07064861,0.036628485,1.0000001,0.96337163,0.21875,1.0000001,0.96656644,0.9293515,-0.0019808408867054103,0.022221506
base-props__b4922b313b5f45658c57e964eec6e061ed1c765b__爆炸菇（爆炸后）__v718__eyemask__c2a091da__c0.mp4,0.9899483323097229,0.9748467803001404,0.021236211,0.008162737,0.020527065,0.012364328,0.125,0.04107994,0.022736775,-0.00070914626,-0.0004440464647459487,0.008775844,0.3416942358016968,0.08322051,0.064964294,0.40842468,0.02648356556892395,0.34346038,0.25,0.40842468,0.36443102,0.32520416,-0.0022430354975098263,0.027198428,0.0,0.06438428,0.054198205,0.99999994,0.94580173,0.09375,0.99999994,0.9604745,0.93561566,-0.001525193725950193,0.017253809
base-props__558e28ebbd5a1e6d7bade4cd30fc31f3ed07c04a__蘑菇力__v322__eyemask__1cc0cdde__c0.mp4,0.9828139543533325,0.9325209259986877,0.0073906183,-0.012364,-0.04511276,-0.03274876,0.09375,-0.019893348,-0.043254863,-0.052503377,0.00032553541039791233,0.007597748,0.35840314626693726,0.015103072,-0.026088983,0.28442183,0.012403308413922787,0.3105108,0.28125,0.36231261,0.3151483,0.26931876,0.001957199730175692,0.029327314,0.0,0.0927701,0.047964692,1.0000002,0.95203555,0.25,1.0000002,0.94729096,0.90723014,-0.0009376477461056732,0.02707972
exact-r1__7ceede470341c8d14addf43fd499af7151c8d1c0__炸虾菇__v778__glasses__55737115__c0.mp4,0.9933327436447144,0.9707732796669006,0.01355774,0.005821988,-0.040771924,-0.046593912,0.125,-0.040771924,-0.04653287,-0.054329664,-9.035804688581098e-05,0.0026839976,0.11900316923856735,0.015411794,0.004655108,0.07818192,0.015083879232406616,0.073526815,0.09375,0.085022956,0.07247029,0.06277013,-5.4746152030143703e-05,0.004068519,0.0,0.031380832,0.016373456,0.99999994,0.9836265,0.15625,0.99999994,0.9849984,0.9686191,-0.0002297050049227694,0.0069068414
exact-r1__18550aeb254f3fee4e7bf9994a4d3d285dbf113e__蘑菇力__v155__glasses__6c05197a__c0.mp4,0.9629614949226379,0.850479245185852,0.008857608,-0.027123094,-0.027272105,-0.00014901161,0.1875,0.007881761,-0.008487259,-0.036129713,0.0009095121633884138,0.011518178,0.4641296863555908,0.0043076575,-0.21071354,0.3239276,0.0037948573008179665,0.53464115,0.1875,0.5496154,0.4556424,0.31961995,0.007037709884979165,0.07321418,0.16129032258064516,0.34192622,0.27038157,0.9999999,0.7296183,0.15625,0.9999999,0.78535104,0.65807366,-0.008089205594269048,0.0903428
exact-r1__c4b5a3cb49158de742fefc2345a959ab56706aa5__汉堡菇__v1228__glasses__7aa56a66__c0.mp4,0.973705530166626,0.8492330312728882,0.01654461,-0.016702473,0.0017672777,0.01846975,0.15625,0.024760097,0.00410053,-0.014777333,0.0003712927496546873,0.008590251,0.2608273923397064,0.11710787,0.06942943,0.3147264,0.005093520041555166,0.24529698,0.125,0.35341108,0.26492792,0.19761854,-0.002244300208985798,0.03639315,0.06451612903225806,0.16029996,0.13477135,1.0000002,0.8652289,0.09375,1.0000002,0.9121069,0.8397003,-0.004689029792099742,0.050104864
exact-r2__d4b4dc72228046a3528be5b1403d1447c286b9fb__炸虾菇__v1322__crown__384fe161__c0.mp4,0.9645612239837646,0.8478368520736694,0.025972515,0.0193263,-0.042591274,-0.061917573,0.1875,0.010805726,-0.035287827,-0.06856379,-0.0013763399253929817,0.022793807,0.380132257938385,0.020458132,-0.039565116,0.31745148,0.005469383671879768,0.3570166,0.125,0.44196346,0.34484446,0.29699335,0.0017443916042092335,0.029567478,0.3225806451612903,0.25770295,0.0864355,1.0,0.9135645,0.125,1.0,0.91078204,0.74229705,-0.0023059133888164727,0.052929427
base-noprop__701e58d8fd0b9629cc0d3b9aec0136dcfd79a9f4__炸虾菇__v0__fbd5f3e0__c0.mp4,0.9935755133628845,0.9874066710472107,0.00804624,0.00804624,-0.012631621,-0.02067786,0.15625,-0.008032063,-0.014218712,-0.02067786,-0.00013640231372313358,0.0027989228,0.03757216036319733,0.009783659,0.004070595,0.022739537,0.006419774144887924,0.018668942,0.15625,0.032155745,0.023353446,0.012955878,-0.00011320138736586996,0.004464271,0.06451612903225806,0.022468984,0.008575678,1.0,0.9914243,0.15625,1.0,0.9883635,0.977531,3.439399940878419e-05,0.0052611856
exact-r1__6f6f2d7c0707575b6afdd575fae5abf75eec000d__汉堡菇__v706__coffee__a22a6a77__c0.mp4,0.9786276817321777,0.9037165641784668,0.009723648,-0.0035203546,-0.018166155,-0.0146458,0.125,0.006997049,-0.011629772,-0.027889803,0.00023614685119421937,0.0097977305,0.2913423180580139,0.048853576,0.017258242,0.25104976,0.008755724877119064,0.23379152,0.03125,0.45373198,0.2797126,0.20219618,0.0020639481913309336,0.07294621,0.06451612903225806,0.20214331,0.051891327,1.0,0.9481087,0.1875,1.0,0.9320336,0.7978567,-0.003124528856745878,0.055726167
exact-r2__f0ded2281369569374226c3d97d3dbf8e365ae0a__毒蘑菇__v1514__glasses__6529c6b9__c0.mp4,0.9632487893104553,0.8977158069610596,0.007097006,-0.015182078,-0.046509147,-0.03132707,0.15625,-0.021476775,-0.036662534,-0.053606153,0.0004281209060742002,0.0076300525,0.34421592950820923,0.19284302,0.1045132,0.4051942,0.009583119302988052,0.300681,0.125,0.4173652,0.30755338,0.21235117,-0.0030335436665242647,0.048842423,0.06451612903225806,0.23747563,0.14751148,1.0000001,0.85248864,0.09375,1.0000001,0.866958,0.7625245,-0.0041350912510299724,0.060150977
base-props__45467bec2e9b047dee0217f2ce7f25cf3110e190__爆炸菇（爆炸前）__v255__scooter__aa891a52__c0.mp4,0.9883301854133606,0.9765639901161194,0.003201276,0.003201276,-0.011181682,-0.014382958,0.15625,0.0043133497,-0.004108455,-0.014382958,-2.1389251318145756e-05,0.004369055,0.2842913269996643,0.054873988,0.018303007,0.30252483,0.003557885531336069,0.28422183,0.1875,0.31280735,0.28018287,0.24765085,-0.0008846394488276552,0.018705547,0.0,0.051231563,0.028108597,1.0000002,0.97189164,0.125,1.0000002,0.9703386,0.9487687,-0.000878676302359582,0.011017658
exact-r1__10c0ac04aeb5d2daab305c2cf0c7c468606b21ab__蘑菇力__v100__coffee__edadca69__c0.mp4,0.9895740747451782,0.972248375415802,0.0022929087,-0.0023524612,-0.066451296,-0.064098835,0.15625,-0.050240252,-0.0611745,-0.068744205,4.3471871610303075e-05,0.0039914236,0.10793007910251617,0.0055621564,-0.005696673,0.034771673,0.007042665965855122,0.040468346,0.125,0.07404117,0.046755575,0.029209517,0.0005363337620491954,0.009716376,0.0,0.064593315,0.057501912,1.0,0.9424981,0.125,1.0,0.96026444,0.9354067,-0.0015469201215026402,0.015834298
exact-r1__c1fe0f34398dd6713cc94ea5a6ef326f8c54ec0d__爆炸菇（爆炸前）__v1209__coffee__a7f57350__c0.mp4,0.9687201976776123,0.8767774105072021,0.02502209,-0.021767855,-0.026379645,-0.00461179,0.25,-0.0018619895,-0.026187591,-0.051401734,0.0010806787048966296,0.014995466,0.5176420211791992,0.13875538,0.03755471,0.5308202,0.006335620768368244,0.49326548,0.125,0.541116,0.49145445,0.3920648,-0.001982818010790241,0.031244256,0.06451612903225806,0.21400094,0.0634321,1.0000002,0.93656814,0.125,1.0000002,0.9129679,0.7859993,-0.00323471878149989,0.051120784
base-noprop__6789eb569ba9201716016a5c210359d9e3d43278__粽子菇__v0__ade83f0a__c0.mp4,0.9919470548629761,0.9640613794326782,0.012149304,-0.008501142,0.026347637,0.03484878,0.125,0.05265248,0.028621007,0.014198333,0.00012565060597885446,0.0070729977,0.29667240381240845,0.13004494,0.035749376,0.3830676,0.012802235782146454,0.34731823,0.25,0.385262,0.32529342,0.25302267,-0.0025956313674750553,0.043821767,0.0,0.10035235,0.015631199,1.0000001,0.9843689,0.21875,1.0000001,0.96302927,0.8996478,-0.0011765528087916272,0.03221744
exact-r1__2526bb599376b9015ca0eea713a0fb5afae34359__汉堡菇__v236__eyemask__9225dd36__c0.mp4,0.9868001341819763,0.9344759583473206,0.03594148,0.03594148,0.049075365,0.0131338835,0.1875,0.09195137,0.044426426,0.0131338835,-0.0012738509458705472,0.020208059,0.5708282589912415,0.051605582,0.051605582,0.6405207,0.01888497732579708,0.5889151,0.1875,0.6451996,0.61525464,0.5889151,-0.0014881570755211678,0.015820792,0.0,0.112767816,0.110031545,1.0,0.88996845,0.09375,1.0,0.9307314,0.8872322,-0.0035795044274098964,0.03690108
exact-r1__f0acf58daf5bb6ba0cded2f57ccf6bb43ceb78e5__毒蘑菇__v1513__glasses__300f23a6__c0.mp4,0.9968785643577576,0.99030601978302,0.015149899,0.0117822215,-0.06428523,-0.076067455,0.25,-0.062486313,-0.06999248,-0.07943513,-0.0004894610813919942,0.005551795,0.055931173264980316,0.008441126,0.0029505063,-0.011076283,0.0008409328875131905,-0.014026789,0.15625,-0.0039149476,-0.014061309,-0.019517409,-0.0001784767472469237,0.0036680086,0.03225806451612903,0.020225048,0.020078719,1.0,0.9799213,0.15625,1.0,0.9873291,0.97977495,-0.00042526001148906264,0.005537979
exact-r2__f16563383dc7f5abb88446494148bd692e6b4a57__爆炸菇（爆炸前）__v1520__scooter__ad0ffcf2__c0.mp4,0.9805765748023987,0.8903384208679199,0.03209824,-0.00030894578,-0.0027912483,-0.0024823025,0.09375,-0.00084172934,-0.005542608,-0.03488949,-2.554987756606433e-05,0.0069897803,0.09870680421590805,0.009216279,0.008693099,0.08601014,0.0019286847673356533,0.077317044,0.0,0.15835902,0.093164206,0.076793864,1.3803032191357166e-05,0.020573577,0.12903225806451613,0.17141664,0.007814288,1.0,0.9921857,0.1875,1.0,0.9654317,0.82858336,-0.0007969157721115147,0.04823877
base-props__dfb07d087bbb45ae4ec093956c13cbcc5ca2bb4f__爆炸菇（爆炸后）__v873__flag__0921f662__c0.mp4,0.9684263467788696,0.9066452383995056,0.02852127,0.021592408,0.07534456,0.053752154,0.21875,0.103928566,0.06978867,0.046823293,-0.00016576819165535855,0.013295802,0.46379855275154114,0.14729857,0.13983434,0.540478,0.012433570809662342,0.40064365,0.1875,0.6253077,0.5335872,0.39317942,-0.0023144774379268685,0.059265994,0.0,0.33795774,0.32668382,1.0000001,0.6733163,0.1875,1.0000001,0.8811103,0.6620424,-0.009404338306345884,0.09144076
exact-r1__6474718652c3298f3ac628f29426024c3a14fa73__爆炸菇（爆炸后）__v630__scooter__cfbf8e28__c0.mp4,0.9987953901290894,0.9964188933372498,0.006343849,-0.0047400706,-0.03167371,-0.02693364,0.1875,-0.021812845,-0.028748734,-0.03801756,0.00021663085827904296,0.0036299387,0.07039184123277664,0.0,-0.004893955,0.035765562,0.012584907934069633,0.040659517,0.1875,0.04727466,0.041643105,0.035765562,0.00016231380288333594,0.002953105,0.0,0.007989645,0.003276825,1.0000001,0.9967233,0.125,1.0000001,0.99603194,0.9920105,-0.00011714223411773807,0.0020888199
base-noprop__3832d04a1cb8b144cb27edf994f26444ef4fd338__蘑菇力__v0__f57985eb__c0.mp4,0.9992504119873047,0.9980915188789368,0.0040536635,0.00019324571,-0.017904803,-0.018098049,0.1875,-0.017628048,-0.02016976,-0.021958467,9.013517401959101e-06,0.0013286874,0.05407106876373291,0.00971327,0.0047816075,0.040554844,0.010629775933921337,0.035773236,0.15625,0.040554844,0.033901304,0.030841574,-4.7306522666926724e-05,0.0022311853,0.0,0.0068627,0.004287243,1.0,0.99571276,0.0,1.0,0.9947542,0.9931373,-9.317259110311145e-05,0.0017073312
base-props__ab46352316dd303e2692bf4e35d24794f50ca8f1__汉堡菇__v684__eyemask__f96abc17__c0.mp4,0.9938376545906067,0.9753126502037048,0.010575116,0.0010459423,-0.03891045,-0.03995639,0.09375,-0.008724153,-0.038224682,-0.049485564,-4.372502679873904e-05,0.0096884025,0.5150834321975708,0.01845932,-0.035796046,0.4619252,0.02216595783829689,0.49772125,0.1875,0.51693624,0.47685876,0.4434659,0.0010238253945741604,0.021797476,0.0,0.06506151,0.060717046,0.99999994,0.9392829,0.0625,0.99999994,0.9569421,0.93493843,-0.0019499117896353932,0.021066293
base-noprop__02649510b01d521437d95658981d30da7d35fe3b__汉堡菇__v0__262e0805__c0.mp4,0.9816742539405823,0.9146149754524231,0.027173221,0.027173221,0.017379284,-0.009793937,0.15625,0.036379457,0.0093525015,-0.009793937,-0.00041007115082307226,0.01036421,0.6420586109161377,0.05587423,-0.021615088,0.6653631,0.014518000185489655,0.68697816,0.15625,0.68919694,0.65141106,0.60948884,0.0007733310684780402,0.02064427,0.0967741935483871,0.120686054,0.064517975,1.0,0.935482,0.1875,1.0,0.9448315,0.87931395,-0.003074102486071319,0.03727988
exact-r2__46efe225dec2d1e5429fa9bf2a6c0d66fc5cb87e__吐司菇__v450__bubble__2ba3618b__c0.mp4,0.9537714719772339,0.7654447555541992,0.02101165,0.012570798,0.0033836365,-0.009187162,0.0625,0.029463202,0.0008970178,-0.017628014,-0.00046092077619956,0.010717811,0.2669118046760559,0.124242485,0.041212976,0.3323719,0.018180273473262787,0.2911589,0.09375,0.4021001,0.26780882,0.2081294,-0.0018306927198320105,0.04896487,0.1935483870967742,0.45214874,0.29971433,0.9999999,0.70028555,0.09375,0.9999999,0.69082767,0.54785115,-0.007959610501255092,0.11530123
exact-r1__53600e19bd030f125b130556b2ab1372a845cf17__吐司菇__v521__coffee__aa14839c__c0.mp4,0.9691795110702515,0.909588634967804,0.027947694,0.027947694,-0.030846745,-0.05879444,0.25,-0.016966164,-0.03796071,-0.05879444,-0.0009202171127991949,0.012326308,0.505388081073761,0.044716865,0.029853374,0.4735839,0.005005977116525173,0.44373053,0.1875,0.5275368,0.46742737,0.42886704,-0.0003818050627746755,0.021964176,0.16129032258064516,0.16242045,0.06400895,0.9999999,0.9359909,0.1875,0.9999999,0.9199036,0.8375794,-0.002181343231732528,0.044637524
generic__b5751664c907d7f8d89a1aa58474e961773ea73a__粽子菇__v722__crown__72c9a4ea__c0.mp4,0.995447039604187,0.9856633543968201,0.0028705,-0.004736185,-0.0121279955,-0.0073918104,0.25,0.00153023,-0.006353762,-0.014998496,0.00016830472652513588,0.0047075977,0.5534249544143677,0.020917416,0.012701988,0.5480764,0.015450084581971169,0.5353744,0.21875,0.5626321,0.5470712,0.527159,0.0002273413355399572,0.010050198,0.0,0.03672886,0.024910986,1.0,0.975089,0.1875,1.0,0.9835255,0.96327114,-0.0007910538147970806,0.010871678
base-props__ab46352316dd303e2692bf4e35d24794f50ca8f1__吐司菇__v684__scooter__10c24871__c0.mp4,0.9864646792411804,0.9332274198532104,0.015444994,0.0011525154,-0.06763831,-0.06879082,0.125,-0.05813554,-0.06967941,-0.0830833,-0.0001016695658700924,0.005800523,0.28339987993240356,0.07867257,-0.01225841,0.23270229,0.002175339963287115,0.2449607,0.21875,0.2629769,0.21372044,0.15402971,-0.000993628322510071,0.034703694,0.16129032258064516,0.08383614,0.03661859,0.99999994,0.96338135,0.21875,0.99999994,0.95735145,0.9161638,-0.0016750395188757869,0.027052395
exact-r1__16597e08fbe04aa1b1563b4418564d5f7378092e__蘑菇力__v144__glasses__5def49b2__c0.mp4,0.9647490978240967,0.872108519077301,0.015942633,0.012240373,-0.008269519,-0.020509891,0.21875,0.025506645,-0.0029704166,-0.024212152,-0.0008178290711644803,0.015050936,0.21278423070907593,0.11289553,0.080212034,0.20101997,0.008207542821764946,0.12080794,0.3125,0.36809018,0.2098138,0.08812444,-0.005144166898069745,0.08367879,0.0,0.22310156,0.19876808,0.99999994,0.80123186,0.28125,0.99999994,0.8753842,0.7768984,-0.006848466536166706,0.06932559
exact-r2__c56f18183843ecc10f4a0c80a71cf74a3281b10f__汉堡菇__v1230__glasses__aa624b16__c0.mp4,0.9582439661026001,0.8953081369400024,0.004938692,-0.011743069,-0.0039086044,0.007834464,0.125,0.042735144,0.01618233,-0.008847296,-0.00030134386134462196,0.0137234,0.28247031569480896,0.016746923,-0.04043883,0.265598,0.009200982749462128,0.30603683,0.1875,0.35473418,0.29865268,0.24885108,0.001695305013433761,0.027543344,0.0,0.21368891,0.14315206,0.99999994,0.8568479,0.125,0.99999994,0.8723613,0.78631103,-0.003462763781771253,0.05044535
exact-r1__c623c242446d6fd4f71cfb5843407de981af5e77__汉堡菇__v1237__glasses__082e1f5e__c0.mp4,0.9941257238388062,0.9821008443832397,0.02853103,0.017611355,-0.053053178,-0.07066453,0.15625,-0.030245721,-0.051847197,-0.08158421,-0.00048048059453319333,0.0110198,0.16211092472076416,0.006522231,0.0017040074,0.10237061,0.011460013687610626,0.100666605,0.125,0.14419237,0.11026373,0.09584838,0.00015333615915298358,0.011249208,0.06451612903225806,0.025339544,0.024449646,0.9999999,0.97555023,0.21875,0.9999999,0.9845059,0.97466034,-0.0006688986945886188,0.0075676367
exact-r2__55da22abe11d7537f6c455032f1fb4e7bbd78acf__汉堡菇__v547__scooter__b9c909ae__c0.mp4,0.971423864364624,0.9091312289237976,0.025012732,0.008939654,0.026998103,0.018058449,0.15625,0.038762063,0.026355686,0.001985371,-0.0004383613003139266,0.008149258,0.3803326487541199,0.0095204115,-0.0007467568,0.3828284,0.014201058074831963,0.38357517,0.0625,0.47055963,0.40668833,0.373308,0.0015828346675180005,0.027124226,0.0,0.19096673,0.16624463,1.0,0.8337554,0.25,1.0,0.92484057,0.8090333,-0.006507795511627435,0.06309692
base-noprop__db8692607b532a06def0a9c28e842cfc4dbca1b5__爆炸菇（爆炸前）__v0__619b605f__c0.mp4,0.9928767681121826,0.9683370590209961,0.01280731,-0.0056509674,-0.030647784,-0.024996817,0.1875,-0.024140388,-0.032011796,-0.043455094,0.00038823007969212984,0.0057430095,0.31638026237487793,0.043494284,0.029218018,0.30138314,0.011959521099925041,0.27216512,0.09375,0.33831665,0.28436846,0.25788885,-0.0005716723867874977,0.021124465,0.0,0.061786532,0.014015317,1.0,0.9859847,0.25,1.0,0.9686136,0.93821347,0.0005888367765460298,0.019123752
exact-r2__d8ebb40a2bf7371ffc294d56cd2cf23f8c8e7ae7__炸虾菇__v1354__flag__e2ba55a4__c0.mp4,0.9796482920646667,0.9378526210784912,0.002987951,-0.050999388,-0.053027526,-0.0020281374,0.1875,-0.0020281374,-0.019917093,-0.056015477,0.0013931249548295977,0.01718719,0.1084091067314148,0.046350595,-0.0032728314,0.1076788,0.020725496113300323,0.11095163,0.21875,0.11095163,0.08849202,0.061328206,4.44364391234551e-05,0.014331192,0.0,0.2540567,0.1748879,1.0000002,0.82511234,0.0625,1.0000002,0.84346914,0.74594355,-0.0064856845590550655,0.08028793
base-noprop__b362aa39df3475305cfa9e011880de6337fbfc66__爆炸菇（爆炸前）__v0__bdbf3b4f__c0.mp4,0.9899393916130066,0.9523208141326904,0.0,-0.009701967,-0.021030039,-0.011328071,0.1875,0.003861338,-0.011075129,-0.021030039,0.0002615586895484723,0.0058582355,0.4742198586463928,0.06267837,0.0048701763,0.46805173,0.0028968844562768936,0.46318156,0.125,0.5084256,0.46314475,0.40537336,0.0001695098197005864,0.02158607,0.0,0.07714331,0.005776882,1.0000001,0.99422324,0.21875,1.0000001,0.9706164,0.9228568,-0.0004950267456668221,0.025462443
exact-r1__ce89e39196c51aba08cf41d6463ef9d5a4b7cd6d__蘑菇力__v1285__bubble__7e9b6253__c0.mp4,0.9452108144760132,0.7966722249984741,0.044465035,0.01868105,0.022985429,0.004304379,0.15625,0.022985429,-0.00070188753,-0.021479607,-0.00047548508539227777,0.012424363,0.4106241762638092,0.20691127,0.109233856,0.50752366,0.009701383300125599,0.3982898,0.1875,0.50752366,0.40992227,0.3006124,-0.0040642742362539674,0.0653428,0.0,0.48723578,0.0749833,1.0000001,0.9250168,0.1875,1.0000001,0.8283011,0.51276433,-0.009129349928884532,0.13754317
exact-r1__b4dda76fcb4d5ce0a269d5bda4ab6bd412c2999d__粽子菇__v1117__bubble__f1b925ce__c0.mp4,0.9792042374610901,0.8882888555526733,0.027191922,-0.025731906,-0.033428952,-0.007697046,0.09375,0.002377063,-0.029124387,-0.060620874,-0.00010763141231016013,0.015199851,0.19732841849327087,0.049865603,-0.07476698,0.15442921,0.004449422005563974,0.22919619,0.1875,0.25228134,0.16820402,0.10456361,-0.000710392510108756,0.03985198,0.1935483870967742,0.2490974,0.2490974,1.0,0.7509026,0.25,1.0,0.90599847,0.7509026,-0.00907890731332236,0.092604145
exact-r1__1ecebc7f54d7e71e18d80da4cf31f84e2352d630__毒蘑菇__v191__coffee__2aa01e1c__c0.mp4,0.9520094394683838,0.7602291107177734,0.008588403,-0.033898294,-0.04898858,-0.015090287,0.1875,0.011911392,-0.026702754,-0.057576984,0.0012682931432145418,0.016559111,0.35462266206741333,0.051257998,-0.13070902,0.27460685,0.0055133383721113205,0.40531588,0.0625,0.5371504,0.32791993,0.22334886,0.006936022992685569,0.09194164,0.25806451612903225,0.24903142,0.19293219,1.0,0.8070678,0.125,1.0,0.86771494,0.7509686,-0.00564618698181993,0.07049805
exact-r1__91bc629c078edf731cebd1b7daf8cf84bcd0876c__爆炸菇（爆炸前）__v904__flag__c3df8e13__c0.mp4,0.9856522679328918,0.9591459035873413,0.014944375,0.00649333,-0.007775247,-0.014268577,0.15625,-0.001064837,-0.009305134,-0.022719622,-1.1802287744988352e-06,0.00410864,0.44530120491981506,0.05006078,0.027689487,0.46143246,0.0018886039033532143,0.43374297,0.125,0.46625805,0.43599606,0.41137168,-0.000669419994889112,0.014288365,0.1935483870967742,0.09968734,0.06596619,1.0000001,0.93403393,0.0625,1.0000001,0.9384072,0.9003128,-0.002106623696791439,0.027924813
exact-r1__f1498f3a3c3245f137f45ef7171fbad768a30f29__爆炸菇（爆炸前）__v1519__scooter__e1358b4e__c0.mp4,0.9897895455360413,0.9717117547988892,0.0027781054,-0.019548856,-0.027811594,-0.008262739,0.0625,-0.005707726,-0.021481587,-0.0305897,0.0006352060333118271,0.007429064,0.07844702899456024,0.016051527,-0.14084426,0.020378359,0.007690500933676958,0.16122262,0.0,0.16386177,0.056965444,0.0043268325,0.005168507131764971,0.054220077,0.0,0.14138603,0.12592113,1.0,0.87407887,0.28125,1.0,0.94729394,0.85861397,-0.005153731997411597,0.050438322
exact-r1__037c5682bf3ce681096350171ef6542110f90174__粽子菇__v23__coffee__0407dc1e__c0.mp4,0.9930520057678223,0.9567421674728394,0.0093547255,0.0023088008,-0.056259982,-0.058568783,0.125,-0.043005858,-0.05719059,-0.06561471,-0.0001548054659482419,0.0039512976,0.08359204232692719,0.0029021818,-0.029815765,0.0074581634,0.004007849842309952,0.03727393,0.21875,0.055713713,0.026401453,0.0045559816,0.0015872657021488504,0.018501364,0.06451612903225806,0.06809479,0.044198573,1.0,0.9558014,0.125,1.0,0.9726927,0.9319052,-0.001995826964853777,0.02142677
base-noprop__55b63d472e9f15d5bcd1f672b7144ce1726da2f2__汉堡菇__v0__f3eb98fe__c0.mp4,0.9888500571250916,0.9523652791976929,0.050311714,0.020723611,-0.027333587,-0.0480572,0.1875,-0.025628954,-0.05468446,-0.0776453,-0.0007677902563139154,0.015487476,0.3860119581222534,0.07508913,-0.066269785,0.33867833,0.026370448991656303,0.40494812,0.09375,0.43005195,0.3313275,0.2635892,0.001099827205024863,0.035557583,0.0,0.12568486,0.098689795,1.0,0.9013102,0.09375,1.0,0.94411635,0.87431514,-0.0025489481816018773,0.027276145
base-noprop__3ab5e095ea7925663c71572cdf310f6c6d4c208d__粽子菇__v0__d2b285ff__c0.mp4,0.9890480041503906,0.9572670459747314,0.019239455,-0.011570662,0.06136504,0.0729357,0.21875,0.094619274,0.0701146,0.042125583,0.0004689004763829761,0.0131190475,0.48670363426208496,0.08447766,0.07188088,0.5271647,0.015665950253605843,0.45528382,0.15625,0.62775207,0.55681825,0.44268703,-0.003092976784076849,0.052869163,0.0,0.13032341,0.1300751,1.0000001,0.869925,0.15625,1.0000001,0.94591075,0.8696767,-0.002537199107607763,0.036196694
base-noprop__28a40bdc8031c3ded5a744a31c764d0180862532__汉堡菇__v0__aad8abb6__c0.mp4,0.9809099435806274,0.9193320870399475,0.005149156,-0.04719892,-0.062927395,-0.015728474,0.1875,0.009689689,-0.025550026,-0.06807655,0.00051663721477356,0.021587275,0.5317496061325073,0.00070127845,-0.07968429,0.4438214,0.021433964371681213,0.5235057,0.1875,0.5469432,0.5061996,0.44312012,0.0026499771259047844,0.031545997,0.0,0.14686054,0.05665487,1.0000001,0.94334525,0.15625,1.0000001,0.93048257,0.8531396,-0.0009255521108677481,0.03917222
base-props__b166561176afda3a52cc9957753e6b2a097c6778__粽子菇__v708__flag__6c9c8153__c0.mp4,0.9954339861869812,0.9722604155540466,0.013845526,-0.004535876,-0.039462395,-0.03492652,0.15625,-0.027941547,-0.037802488,-0.05330792,0.00027933828887745333,0.0051982426,0.08924570679664612,0.0,-0.016295202,0.038359746,0.0018973532132804394,0.05465495,0.15625,0.086202055,0.051443223,0.038359746,0.0005129349112095558,0.00994361,0.0,0.047394574,0.023239613,1.0,0.9767604,0.0625,1.0,0.98368096,0.9526054,-0.0006223325003102238,0.009422268
base-noprop__e245e3cfc41c9b8a7f3e19965bae1bd8876cb0b0__炸虾菇__v0__90094473__c0.mp4,0.9960101842880249,0.9886844158172607,0.0064525604,-0.0025821924,-0.09577498,-0.093192786,0.28125,-0.09086311,-0.097042866,-0.10222754,0.00012019449227715908,0.0030546058,0.34695693850517273,0.010742724,-0.0032001436,0.24309412,0.005092010833323002,0.24629426,0.125,0.26687175,0.24991408,0.23235139,-0.0001379697640969913,0.009186341,0.0,0.031390667,0.0083293915,1.0000001,0.9916707,0.15625,1.0000001,0.98269576,0.96860945,-0.0005137425932016936,0.007557818
exact-r1__b5d14e764b870261aa66c7becd1030cb7dd3aff1__炸虾菇__v1127__bubble__35558177__c0.mp4,0.9914926290512085,0.9691747426986694,0.013917699,0.002113428,0.017355505,0.015242077,0.15625,0.01744439,0.013821278,0.003437806,0.0001348329146728576,0.0038923575,0.043314121663570404,0.0062766187,0.0042235926,0.055532105,0.015343088656663895,0.051308513,0.25,0.06833095,0.057135403,0.049255487,-3.7243042163046826e-05,0.0058946284,0.06451612903225806,0.11234045,0.007581711,1.0,0.9924183,0.1875,1.0,0.9732744,0.88765955,0.000435504931246454,0.026791977
exact-r2__3296e3025fe5db65ce1e18e8abd3114afdfdc5da__爆炸菇（爆炸后）__v335__coffee__0714808a__c0.mp4,0.9866511821746826,0.9531759023666382,0.021808892,0.006306827,0.012096465,0.0057896376,0.28125,0.017069668,0.006228813,-0.009712428,-0.000556505970722419,0.008133881,0.3453640937805176,0.021502435,-0.015919685,0.3423519,0.027016595005989075,0.3582716,0.15625,0.39562416,0.3515929,0.32084948,0.0017733887012753,0.024090268,0.0,0.08043319,0.046947718,1.0000002,0.9530525,0.21875,1.0000002,0.97222424,0.91956705,-0.0016721583400303825,0.017519755
base-props__13eda229e23f72de63829ca2a162c20a3b56bf44__吐司菇__v72__bubble__b7a22711__c0.mp4,0.983366847038269,0.890006422996521,0.025974616,0.025974616,-0.046838313,-0.07281293,0.15625,-0.041898802,-0.05368465,-0.07281293,-0.0002112516456029639,0.0070436383,0.1992020606994629,0.039561927,0.007303536,0.1395425,0.004470377694815397,0.13223897,0.09375,0.2076579,0.14551741,0.09998058,0.0009178704666820466,0.021362776,0.2903225806451613,0.21963191,0.21719462,1.0000001,0.7828055,0.1875,1.0000001,0.93963534,0.7803682,-0.0061109568432104085,0.06968402
base-noprop__16fe9365e7037fa8c4a99e77960da17eca362165__炸虾菇__v0__1e3c4480__c0.mp4,0.9968922138214111,0.9866089820861816,0.0030558854,-0.0010453984,-0.030603454,-0.029558055,0.09375,-0.022927128,-0.029936573,-0.03365934,3.5103357224956395e-05,0.0021629678,0.15134559571743011,0.008543953,-0.0040093735,0.116613045,0.002306511392816901,0.12062242,0.21875,0.13959819,0.12140903,0.10806909,0.00033235158416227074,0.008543799,0.1935483870967742,0.019366503,0.007317245,1.0000001,0.9926829,0.21875,1.0000001,0.98917705,0.9806336,-8.682348380339141e-05,0.004459589
exact-r2__5374332efc1c0d8835fbbff686d292f356e467e9__吐司菇__v522__coffee__2f4946ce__c0.mp4,0.971493661403656,0.8933699131011963,0.03501752,0.018871576,-0.026019424,-0.044891,0.15625,-0.007870197,-0.0352811,-0.061036944,-0.0013095029463166719,0.016891126,0.5373645424842834,0.0071606636,-0.10808545,0.44924694,0.004959840327501297,0.5573324,0.28125,0.57644916,0.5020835,0.44208628,0.003682669820236685,0.04437876,0.12903225806451613,0.17904747,0.15459192,1.0000001,0.8454082,0.09375,1.0000001,0.8804034,0.82095265,-0.004812399509889959,0.050120104
exact-r2__05e26f5e60986d81eb27d3bff555fb6e8b76fd97__粽子菇__v37__coffee__5e8d49dc__c0.mp4,0.9456175565719604,0.7916035652160645,0.03526807,0.03526807,0.07361582,0.03834775,0.1875,0.1407757,0.07027356,0.03834775,-0.0018627227548935878,0.025555821,0.3538336157798767,0.064136356,0.013945252,0.42688403,0.017515409737825394,0.41293877,0.09375,0.480474,0.42410713,0.36274767,-0.00033256232935137045,0.025533125,0.06451612903225806,0.4054582,0.40264404,1.0000002,0.5973562,0.21875,1.0000002,0.7590268,0.594542,-0.0140114890253089,0.13835958
exact-r1__5a2b80d25bdac954a2b5eea6b09fb441b660473c__炸虾菇__v572__coffee__c14202ca__c0.mp4,0.9881324768066406,0.9331552982330322,0.017560624,0.0054629557,-0.023423888,-0.028886843,0.3125,-0.0077743996,-0.029800398,-0.04098451,0.00029780961678273145,0.009723235,0.047902464866638184,0.018375099,0.007139407,0.024260368,0.003727913135662675,0.017120961,0.1875,0.025835592,0.018102068,0.0058852686,-0.0003687200763623318,0.005897058,0.3870967741935484,0.082226396,0.015888393,1.0000001,0.9841117,0.1875,1.0000001,0.9744101,0.9177737,-0.0014540329247800224,0.023179261
base-noprop__e245e3cfc41c9b8a7f3e19965bae1bd8876cb0b0__爆炸菇（爆炸前）__v0__40be3b2c__c0.mp4,0.9912229180335999,0.9649817943572998,0.0,-0.03231588,-0.077973515,-0.045657635,0.25,-0.03874278,-0.059784707,-0.077973515,0.0009470636576763683,0.010292322,0.5155737996101379,0.025469214,-0.07241163,0.43632063,0.0039557404816150665,0.50873226,0.09375,0.5095773,0.4557891,0.41085142,0.0020560661653095114,0.028259631,0.0,0.06393075,0.04746449,1.0,0.9525355,0.15625,1.0,0.9646226,0.93606925,-0.0016760497607967804,0.01744381
exact-r1__c2e9ae96e46e8d80f334d387a13cdcd4b79f15cd__爆炸菇（爆炸前）__v1218__coffee__09c07fe3__c0.mp4,0.9698389172554016,0.8536348342895508,0.004918605,-0.024892151,-0.04003042,-0.0151382685,0.09375,-0.0072921515,-0.032373145,-0.044949025,0.0007324988934651137,0.009924193,0.4547591805458069,0.05082023,-0.10338968,0.40671504,0.011068299412727356,0.5101047,0.0625,0.5705129,0.42238605,0.3558948,0.00506233313063548,0.06350616,0.0,0.16815245,0.10849464,1.0,0.89150536,0.125,1.0,0.929981,0.83184755,-0.0036839859510971068,0.042224325
exact-r1__48172f0dfe98550b41a163b5c11c78aa0d297fd9__粽子菇__v459__scooter__53010f1f__c0.mp4,0.9692290425300598,0.8998029232025146,0.04969254,0.012782693,0.021924615,0.009141922,0.125,0.021924615,-0.0011612014,-0.027767926,0.0002555786454476566,0.011373004,0.378964364528656,0.14190258,-0.10331744,0.3671108,0.007605216931551695,0.47042823,0.25,0.47042823,0.37780315,0.22520821,0.005999144983322219,0.0707877,0.1935483870967742,0.28995723,0.2397148,1.0,0.7602852,0.03125,1.0,0.8382962,0.7100428,-0.0089023003349206,0.09184696
base-noprop__0eaa401fc0b89ae5782586ac9dd79898a8983222__汉堡菇__v0__9c680cc7__c0.mp4,0.9971257448196411,0.992402970790863,0.0064764507,0.0033626258,-0.010201089,-0.013563715,0.21875,-0.010003921,-0.01335673,-0.01667754,2.693446814642419e-05,0.001704877,0.05994405597448349,0.03028034,0.017956678,0.065620355,0.028983697295188904,0.047663677,0.125,0.065620355,0.046587333,0.035340015,-0.00019777355691051924,0.0059478288,0.0,0.019799948,0.009340405,0.99999994,0.99065953,0.15625,0.99999994,0.98907065,0.9802,-0.00018310686709940876,0.0045801825
base-noprop__7980439f022908b0edafecd558418e07616aeaf7__汉堡菇__v0__0ee32b99__c0.mp4,0.9902926087379456,0.9653239250183105,0.014983296,-0.030923307,-0.027715504,0.0032078028,0.125,0.0072452426,-0.01702116,-0.0426988,0.0006511801542424729,0.012635412,0.6417443752288818,0.046801567,0.012920141,0.6467874,0.006697295233607292,0.63386726,0.125,0.6542508,0.6247232,0.59998584,-0.0008579074812075062,0.015372666,0.12903225806451613,0.07970458,0.07343423,1.0,0.92656577,0.15625,1.0,0.96965444,0.9202954,-0.0019417177568957019,0.020577084
exact-r1__2542b9c5635f6f39a49c3380e72384f78fd1c0d8__炸虾菇__v238__eyemask__d9177803__c0.mp4,0.9924883842468262,0.9621806144714355,0.010824248,0.007798016,-0.04139,-0.049188018,0.125,-0.0318487,-0.04300818,-0.05221425,-0.00022161647109342244,0.004123442,0.2886425256729126,0.07318093,0.058269143,0.27598476,0.006272650323808193,0.21771562,0.25,0.2798962,0.24563432,0.20280384,-0.001839252491959544,0.023087513,0.06451612903225806,0.07442123,0.04771042,1.0000001,0.9522897,0.0625,1.0000001,0.96195316,0.9255789,-0.001878679432302614,0.02384103
exact-r1__747d3ed757b17ee3ce426d2b1db8de235748f40c__爆炸菇（爆炸前）__v732__eyemask__9058c319__c0.mp4,0.9964194297790527,0.9896368384361267,0.0,-0.0071806163,-0.08584292,-0.078662306,0.0625,-0.06748754,-0.07953739,-0.08584292,-0.00012202108622995882,0.0056064236,0.21599896252155304,0.05967763,0.05859679,0.14860725,0.005507712718099356,0.090010464,0.3125,0.19865078,0.13646159,0.08892962,-0.002936182284175996,0.033633746,0.0,0.050191283,0.04987377,1.0,0.95012623,0.15625,1.0,0.97490776,0.9498087,-0.0011279396712779754,0.014671859
base-props__abd3eebc0d8afd79024fb49f40a8b92321223c19__汉堡菇__v686__eyemask__ac9a2e26__c0.mp4,0.9929738640785217,0.9768968820571899,0.008076459,-0.019112825,0.013089836,0.03220266,0.09375,0.049508274,0.022477865,0.0050133765,0.0008893519301306119,0.011189096,0.44761618971824646,0.018117875,-0.018378437,0.47084212,0.02860940434038639,0.48922056,0.1875,0.5018877,0.47009405,0.45272425,0.0008581966118029564,0.013257815,0.0,0.032949984,0.021998286,1.0,0.9780017,0.125,1.0,0.98388124,0.96705,-0.0006529020030826885,0.008922417
exact-r1__f4dcc4ddd6ed29902730ed3dd92d434381273e1b__蘑菇力__v1544__eyemask__69342e96__c0.mp4,0.9916855096817017,0.9597530364990234,0.012978196,-0.017805457,-0.01363945,0.004166007,0.1875,0.005078554,-0.009773601,-0.026617646,0.0006765637579551534,0.009368235,0.564419686794281,0.03079623,-0.0061762333,0.5574645,0.026371080428361893,0.5636407,0.1875,0.57636714,0.55464613,0.52666825,0.00032039076264653613,0.013422115,0.0,0.09224552,0.06933868,0.99999994,0.93066126,0.15625,0.99999994,0.9548836,0.9077544,-0.0025450403083803735,0.02767127
base-noprop__27feb807011584368c25fbbf65625d279657f562__蘑菇力__v0__f6483797__c0.mp4,0.9926376342773438,0.9699957966804504,0.01016745,0.0028941631,-0.0640963,-0.066990465,0.125,-0.05547899,-0.06467896,-0.07426375,-6.675279407033016e-05,0.0045099244,0.41166049242019653,0.0,-0.04338026,0.30678803,0.01848117634654045,0.3501683,0.15625,0.36551437,0.34698153,0.30678803,0.0011530113447446738,0.015143368,0.0,0.064054966,0.028587222,1.0,0.9714128,0.125,1.0,0.96553016,0.93594503,-0.0008759802300209567,0.016471632
exact-r1__06c6d021fcbe5dc10a2370f9e8a54eb80625959d__爆炸菇（爆炸前）__v43__crown__46f796dd__c0.mp4,0.9444717168807983,0.7334715127944946,0.0138914585,-0.029921442,-0.039278477,-0.009357035,0.21875,-0.007198453,-0.028460635,-0.053169936,0.001132139253301703,0.013310527,0.5077954530715942,0.12722129,-0.04993388,0.46821657,0.007727845571935177,0.51815045,0.15625,0.61308646,0.47933483,0.34099528,0.0017392106813070062,0.05569901,0.06451612903225806,0.47107905,0.45248288,0.99999994,0.54751706,0.28125,0.99999994,0.75635254,0.5289209,-0.018560227389034963,0.17795534
base-props__31b74b126f6fafc4629493be8201689f500ebf47__爆炸菇（爆炸后）__v174__glasses__c872a838__c0.mp4,0.9767956733703613,0.9357302784919739,0.038438797,0.002919972,0.06252283,0.059602857,0.15625,0.07055199,0.05292517,0.024084032,-0.00042672341694929594,0.012598534,0.5437686443328857,0.073242605,0.0061998367,0.6314926,0.028885619714856148,0.6252928,0.1875,0.6314926,0.5966938,0.55825,-0.0007304779617143095,0.021253541,0.0,0.15608633,0.021211028,0.9999999,0.97878885,0.125,0.9999999,0.9248221,0.84391356,-0.0009934146973219575,0.03964874
base-noprop__0eaa401fc0b89ae5782586ac9dd79898a8983222__粽子菇__v0__f095b3f4__c0.mp4,0.9987246990203857,0.9951190948486328,0.000549227,-0.00681689,-0.062302187,-0.055485297,0.1875,-0.048190888,-0.05602586,-0.062851414,0.00011279369715349791,0.0035504368,0.04615335911512375,0.013100298,0.005439503,-0.0042136703,0.003843085840344429,-0.009653173,0.1875,-0.0031375699,-0.009872496,-0.017313968,-0.00013087735742827632,0.0034146344,0.1935483870967742,0.01539588,0.0056107044,1.0,0.9943893,0.21875,1.0,0.9926563,0.9846041,-8.187259484594212e-05,0.0037003814
exact-r1__481d9ee16b0383918a4b3e6293cda09b3f1d61b8__爆炸菇（爆炸后）__v460__glasses__217712af__c0.mp4,0.9490211606025696,0.8301380276679993,0.0074469447,-0.07365577,-0.016734049,0.05692172,0.25,0.074518085,0.02414042,-0.024180993,0.002658860299113558,0.029775606,0.32267820835113525,0.03507568,-0.37308824,0.13917203,0.01238021906465292,0.51226026,0.25,0.51226026,0.34681863,0.10409635,0.014694602242356875,0.14471373,0.1935483870967742,0.7974875,0.77495146,1.0000001,0.22504869,0.25,1.0000001,0.56918526,0.20251259,-0.03362947482550159,0.32452345
exact-r2__08bc0b380cf865761826977b4c950791f2b66856__爆炸菇（爆炸前）__v52__crown__f7b25bfe__c0.mp4,0.9469520449638367,0.8072293996810913,0.030028075,0.021772623,-0.026411533,-0.048184156,0.21875,-0.0036492944,-0.030323125,-0.05643961,-0.0008663061864215262,0.017046005,0.4733196496963501,0.06608331,0.046254933,0.4445516,0.006517303176224232,0.39829665,0.21875,0.5254618,0.44299653,0.37846828,-0.0013287669304441465,0.038391776,0.0967741935483871,0.4715137,0.46053654,0.99999994,0.5394634,0.25,0.99999994,0.7445374,0.52848625,-0.015584934120478853,0.15085411
base-noprop__16fe9365e7037fa8c4a99e77960da17eca362165__爆炸菇（爆炸后）__v0__640054da__c0.mp4,0.997142493724823,0.9908240437507629,0.01383134,0.0012014024,-0.0037675984,-0.004969001,0.125,-0.0037675984,-0.011045242,-0.017598938,-2.7829885641195154e-05,0.004043779,0.07113213837146759,0.012562271,-0.0070595965,0.0581206,0.002422455931082368,0.0651802,0.15625,0.07302825,0.06008689,0.04555833,0.00024916698590816944,0.0063794255,0.0,0.032120585,0.022608757,1.0,0.97739124,0.1875,1.0,0.9779798,0.9678794,-0.0007147214913472766,0.007910631
exact-r1__06fa761f552f4726608d396cd74b9485f90f0510__爆炸菇（爆炸前）__v44__crown__bb179f3c__c0.mp4,0.9798073172569275,0.8609412312507629,0.009251893,-0.04421994,-0.053465694,-0.009245753,0.0625,-0.0066622496,-0.035817035,-0.06271759,0.0017400910078255647,0.018185733,0.513690173625946,0.0048297644,-0.22768521,0.35898745,0.006758805364370346,0.58667266,0.15625,0.60423476,0.47787315,0.3541577,0.008762367058796627,0.08954521,0.1935483870967742,0.331196,0.29870754,0.9999998,0.7012923,0.34375,0.9999998,0.85224056,0.6688038,-0.012491453832283013,0.12701055
base-props__5626b130f196987d62f6d0c5c5db38f271c3a918__蘑菇力__v324__eyemask__8aa782fc__c0.mp4,0.9852653741836548,0.9545619487762451,0.0030218363,-0.01311484,-0.07387385,-0.060759008,0.1875,-0.021459281,-0.052578166,-0.076895684,0.00047147263092728846,0.013974376,0.42256197333335876,0.0,-0.06601581,0.31937686,0.03525780141353607,0.38539267,0.1875,0.4217512,0.3699838,0.31937686,0.001390819850205682,0.022865932,0.12903225806451613,0.13975412,0.13975412,0.99999994,0.8602458,0.0,0.99999994,0.89342725,0.8602458,-0.002780422906983962,0.034336057
base-noprop__570ddf635a3d56fb1f5c3aa1b95e854782191387__爆炸菇（爆炸前）__v0__bc5ddf67__c0.mp4,0.9925523996353149,0.9634825587272644,0.011008322,0.0025007725,-0.049822807,-0.05232358,0.15625,-0.032551765,-0.050975267,-0.06083113,0.00018072606793596464,0.0070325034,0.578355073928833,0.039771736,0.032022536,0.54905146,0.0030705854296684265,0.5170289,0.09375,0.56784654,0.52737975,0.5092797,1.4864913354537108e-05,0.013961621,0.06451612903225806,0.039476216,0.013776541,1.0000001,0.9862236,0.15625,1.0000001,0.983567,0.9605239,-0.0003220064680247426,0.009749732
generic__567f0abcb0cf6a5bcee6cad1571c9b7164cd9790__蘑菇力__v327__eyemask__70ecb658__c0.mp4,0.9942132830619812,0.98561692237854,0.007648498,-0.004368514,-0.023999155,-0.01963064,0.1875,-0.0044668913,-0.01973604,-0.031647652,0.00042344614470109823,0.0069452347,0.439317524433136,0.07289705,0.047586143,0.46550032,0.006300841458141804,0.41791418,0.125,0.46550032,0.4195815,0.39260328,-0.0018406476049828621,0.023772791,0.0967741935483871,0.07073921,0.044932246,0.9999998,0.9550676,0.15625,0.9999998,0.9603712,0.9292606,-0.0019055292490989697,0.021423519
base-noprop__b362aa39df3475305cfa9e011880de6337fbfc66__炸虾菇__v0__c359489c__c0.mp4,0.984024167060852,0.940640926361084,0.02783081,-0.008354038,0.01184395,0.020197988,0.15625,0.025788069,0.001732002,-0.01598686,-3.680906359576057e-05,0.011552921,0.43327388167381287,0.08106059,0.01170367,0.4693287,0.0140922162681818,0.45762503,0.28125,0.4820491,0.43500587,0.3882681,-0.00033335599097861424,0.027987683,0.12903225806451613,0.13349044,0.03808391,1.0,0.9619161,0.0625,1.0,0.9538172,0.86650956,-0.0011360057113457096,0.02858401
generic__1a5e9e21aa5ab5837e37e1d632efa039b57aab7f__蘑菇力__v94__coffee__9813a98c__c0.mp4,0.9928935766220093,0.9717566967010498,0.0071496516,0.002214238,-0.07612632,-0.07834056,0.21875,-0.06988167,-0.07759924,-0.083275974,-2.107573290767975e-05,0.0031143147,0.1169821247458458,0.064894415,0.044711128,0.0827917,0.0008753046859055758,0.038080573,0.15625,0.0827917,0.039382875,0.017897286,-0.00043279330568426257,0.015232596,0.1935483870967742,0.035357416,0.017823339,1.0,0.98217666,0.125,1.0,0.97688717,0.9646426,-0.00034110918859579916,0.0078080995
exact-r1__b856a1d79624bd047e5d93374c319a973d73e62e__蘑菇力__v1149__crown__12fea823__c0.mp4,0.9732661843299866,0.9143091440200806,0.04758525,0.037101924,-0.03758216,-0.07468408,0.28125,-0.025227636,-0.0481667,-0.08516741,-0.0017789822847437654,0.019241905,0.47232383489608765,0.123484254,0.049087703,0.4548056,0.012594380415976048,0.4057179,0.1875,0.47564766,0.42415714,0.33132136,-0.002761963110340638,0.03662628,0.0,0.18608046,0.15471637,0.9999999,0.8452835,0.21875,0.9999999,0.8978542,0.8139194,-0.005559185426955311,0.055927295
base-props__961bd0e7dc5dec1e77f826ad3f88dc97e2021663__汉堡菇__v606__glasses__ec6f851a__c0.mp4,0.9987855553627014,0.9965537786483765,0.012841731,0.011782005,-0.009525731,-0.021307737,0.3125,-0.009525731,-0.017439362,-0.022367463,-0.0003407067780402052,0.0037552512,0.16087734699249268,0.030462906,0.027646199,0.16517587,0.0023308200761675835,0.13752967,0.09375,0.16517587,0.14343798,0.13471296,-0.0006718957015583556,0.007690735,0.1935483870967742,0.009547532,0.008695841,1.0,0.99130416,0.15625,1.0,0.99382436,0.99045247,-0.0002382986050896355,0.0024718074
base-props__5b25b451ba447539ebbed136a0d3bcf3025f8863__爆炸菇（爆炸前）__v346__bubble__c741a081__c0.mp4,0.996489405632019,0.9916978478431702,4.594773e-05,-0.004330598,-0.04819934,-0.043868743,0.125,-0.03595157,-0.043844953,-0.04824529,2.143360862830609e-05,0.0028845242,0.11525458097457886,0.04390185,0.00767456,0.08720289,0.0032025519758462906,0.07952833,0.21875,0.09250037,0.07140963,0.043301042,-0.0007906776430942858,0.0131238885,0.0967741935483871,0.024578989,0.008353472,1.0000001,0.99164665,0.15625,1.0000001,0.9898653,0.97542113,-0.0003346940639081505,0.005491576
exact-r2__4b73dcb962cbfd0a121d5292b514c93b57ca1509__毒蘑菇__v481__eyemask__9dd97bcd__c0.mp4,0.9977054595947266,0.9937712550163269,0.007499397,0.0003875643,-0.04094066,-0.041328225,0.15625,-0.03540496,-0.04122274,-0.048440058,0.0001388234830573411,0.0029165337,0.06553034484386444,0.007816561,0.0033489317,0.02605727,0.0036183870397508144,0.022708338,0.15625,0.028905733,0.024307603,0.018240709,8.449908769266231e-05,0.0028014607,0.06451612903225806,0.018025637,0.015305817,1.0,0.9846942,0.25,1.0,0.9893545,0.98197436,-0.0004922055101289456,0.004866578
exact-r1__b6387d6187a3435f57004a2d043d191ad76a9ced__炸虾菇__v1130__bubble__3f98ead1__c0.mp4,0.9614540934562683,0.8489055633544922,0.017198354,-0.0055311024,0.02915427,0.034685373,0.1875,0.053460866,0.030430399,0.011955917,0.0006993990336869825,0.010648995,0.3611631989479065,0.15400589,-0.043505818,0.4001659,0.03118291310966015,0.4436717,0.21875,0.47409815,0.39159358,0.24616,0.001548488785531875,0.061459452,0.0,0.4161961,0.087703824,1.0,0.9122962,0.1875,1.0,0.84717315,0.5838039,-0.004989385484687718,0.12457774
generic__7477a8f5fd3a13dfd6406e169f1243b5549b5cc2__炸虾菇__v452__bubble__e02ebc45__c0.mp4,0.9984626173973083,0.9931488037109375,0.0038605705,0.0037706643,-0.006101221,-0.009871885,0.1875,-0.006101221,-0.008389624,-0.009961791,-4.90788083599985e-05,0.0008812898,0.11315315961837769,0.022983953,0.022917561,0.11817626,0.0008043812122195959,0.0952587,0.25,0.11817626,0.10476354,0.095192306,-0.0004453617776266087,0.005528635,0.3548387096774194,0.01166904,0.00620389,0.9999999,0.993796,0.25,0.9999999,0.994329,0.98833084,-0.0002217952304046898,0.0031322492
exact-r1__b9a30f48e83d3a6f856772d9db5ce9ffdbec4263__蘑菇力__v1156__crown__cbeb6f3f__c0.mp4,0.9785056710243225,0.9530996084213257,0.031312846,0.004917871,-0.012346029,-0.0172639,0.21875,-0.005616434,-0.023047108,-0.043658875,-0.0005058972752186039,0.010747573,0.07499368488788605,0.054094113,0.02563807,0.07899792,0.006688553374260664,0.053359848,0.21875,0.091745794,0.05194657,0.024903804,-0.0013683039433516728,0.018372938,0.1935483870967742,0.08315182,0.04412496,1.0000001,0.95587516,0.15625,1.0000001,0.9545076,0.9168483,-0.001572989845031151,0.019206885
base-props__3ea8cf079e959693153dd04695b6f05e21f1dca3__炸虾菇__v230__flag__575a466d__c0.mp4,0.986967146396637,0.9452158212661743,0.019234225,0.010551035,0.024686903,0.014135867,0.1875,0.029976852,0.020116847,0.0054526776,-0.0004595737082233696,0.0059090233,0.08072646707296371,0.0263509,0.00016893446,0.1001105,0.04865369200706482,0.09994157,0.125,0.11786935,0.10084331,0.0737596,-0.0002868824086733724,0.008443971,0.0,0.0728569,0.057144046,1.0000001,0.9428561,0.125,1.0000001,0.9670054,0.9271432,-0.0024108294058929557,0.025925294
base-props__546296f7917ec182336f629d3d0c02436cb741ca__吐司菇__v315__coffee__948b91c9__c0.mp4,0.9987755417823792,0.9970066547393799,0.0024034046,0.0014734305,-0.0135653615,-0.015038792,0.15625,-0.012957419,-0.014854388,-0.015968766,-6.354993459825986e-05,0.0007004363,0.005214497447013855,0.01385919,0.011022922,0.00055486336,0.005955203901976347,-0.010468058,0.125,0.00055486336,-0.00963989,-0.013304327,-0.00024173853053817881,0.003067692,0.0,0.0095283985,0.009407282,1.0,0.9905927,0.15625,1.0,0.993209,0.9904716,-0.0002063796077130907,0.0023004448
exact-r1__55da22abe11d7537f6c455032f1fb4e7bbd78acf__汉堡菇__v547__scooter__b9c909ae__c0.mp4,0.9798249006271362,0.9029686450958252,0.025128216,0.018147975,0.0035664737,-0.0145815015,0.21875,0.027569383,0.005679746,-0.021561742,-0.0006106919786535045,0.012755616,0.35620424151420593,0.003313452,-0.08075908,0.3206229,0.011666230857372284,0.40138197,0.0625,0.44211024,0.361884,0.31730944,0.003183670456676895,0.03831987,0.0,0.38103473,0.37975723,0.9999999,0.62024266,0.25,0.9999999,0.85333383,0.61896515,-0.01372365249304475,0.13577923
exact-r2__ed08b2ae756811846b134fba32ac65464ff1469d__汉堡菇__v1485__bubble__44a26c4a__c0.mp4,0.9960349202156067,0.9873732328414917,0.025942944,0.007269662,-0.0035953969,-0.010865059,0.28125,-0.0019696644,-0.015771858,-0.02953834,-0.0001257361248108258,0.008321533,0.021981870755553246,0.01420388,0.00626866,0.011021229,0.013904666528105736,0.0047525694,0.1875,0.01626606,0.0062100133,-0.0031826505,-4.2838130751897684e-05,0.005213781,0.0,0.032545388,0.017233014,1.0,0.982767,0.1875,1.0,0.98253655,0.9674546,-0.0009876993809801904,0.010905582
generic__deb8dcc91484de67c08304d54dba061741b046a8__爆炸菇（爆炸后）__v870__scooter__b591c40c__c0.mp4,0.9661884307861328,0.8124399781227112,0.013244033,-0.031948127,-0.030052014,0.0018961132,0.28125,0.037803948,0.004856974,-0.043296047,0.0018123350679038678,0.027015107,0.29049152135849,0.009758012,-0.41591838,0.012856029,0.01634633168578148,0.42877442,0.3125,0.4712929,0.29534853,0.0030980166,0.017516500804753553,0.1889756,0.06451612903225806,0.84053135,0.84053135,1.0,0.15946864,0.0,1.0,0.39755172,0.15946864,-0.029929483831038016,0.32884598
exact-r1__ba251ea3d223905682930bef46247c2d3538af06__粽子菇__v1161__eyemask__c6bc1f91__c0.mp4,0.9819319248199463,0.8573874831199646,0.0077429414,-0.033661127,0.08170396,0.11536509,0.21875,0.18658844,0.12543395,0.07396102,0.0010783541073634843,0.030179711,0.40812551975250244,0.099318564,0.09535438,0.5723804,0.0813395082950592,0.47702605,0.3125,0.5896894,0.53355944,0.47306186,-0.0032716550348091513,0.042572197,0.0,0.23202896,0.22126305,1.0,0.77873695,0.3125,1.0,0.8625909,0.76797104,-0.00773215282959669,0.07568208
exact-r2__d36eed25472a949e97ad36dd59ce8359fe0c3013__炸虾菇__v1310__crown__87836f8d__c0.mp4,0.9080823659896851,0.5834536552429199,0.047670513,0.042623967,-0.032122344,-0.07474631,0.21875,-0.003472805,-0.04354246,-0.07979286,-0.0014685036155703834,0.019371612,0.41069990396499634,0.06705542,-0.20696491,0.30915427,0.011910401284694672,0.5161192,0.1875,0.54149437,0.36715746,0.24209885,0.007292336707830958,0.09266777,0.06451612903225806,0.4845413,0.4118302,0.9999999,0.5881697,0.21875,0.9999999,0.7481953,0.5154586,-0.010602273079744155,0.12815362
exact-r1__c1f249311adad45f3c16099a7e9941c56910a7a1__爆炸菇（爆炸前）__v1208__coffee__eb648246__c0.mp4,0.9645680785179138,0.8539474010467529,0.02527827,0.012408555,0.009106219,-0.0033023357,0.25,0.022903264,0.001652875,-0.016172051,-0.0008256015834832816,0.011677117,0.4233875870704651,0.030500978,-0.05263105,0.38160673,0.010270080529153347,0.43423778,0.09375,0.4944506,0.42504045,0.35110575,-0.00021797066275848717,0.03901655,0.0967741935483871,0.16953826,0.09476757,1.0000001,0.90523255,0.0625,1.0000001,0.9168952,0.83046186,-0.0023238229677299393,0.040384304
base-noprop__069c5cf6bb44592f056bdb81b4696b1569957312__毒蘑菇__v0__6fc0a54c__c0.mp4,0.9976527094841003,0.9953079223632812,0.010528617,0.0011129342,-0.029086068,-0.030199002,0.21875,-0.0261553,-0.03212406,-0.039614685,6.640344227273491e-05,0.0033709137,0.0796927809715271,0.022483159,-0.0014292337,0.05651626,0.0009879475692287087,0.057945494,0.21875,0.06094933,0.047568712,0.0340331,0.0001315339488903197,0.0070954487,0.2903225806451613,0.01073432,0.008577228,0.9999999,0.99142265,0.0625,0.9999999,0.9927597,0.98926556,-0.0002547209629040244,0.0026947195
exact-r2__c345c8555877102cc1df8b6cecd5496eba097b0f__爆炸菇（爆炸前）__v1221__coffee__acd00226__c0.mp4,0.9816714525222778,0.9171649217605591,0.010467917,0.0027273297,-0.03990078,-0.04262811,0.21875,-0.030936137,-0.039245773,-0.050368696,-0.00036356996886891115,0.005463817,0.2405039370059967,0.038125157,-0.012608275,0.20891844,0.001827217172831297,0.22152671,0.15625,0.2516627,0.20125815,0.17079328,0.00034784139994302894,0.016693551,0.25806451612903225,0.10183036,0.022657871,1.0000001,0.97734225,0.09375,1.0000001,0.9707483,0.89816976,-0.0009378130681528455,0.02181422
base-props__07c58fa6b177896d1bf3bafc1798b4388f51e9a6__粽子菇__v33__coffee__8258b5f3__c0.mp4,0.9846057295799255,0.9550338983535767,0.05603987,0.030344695,0.13063902,0.10029432,0.21875,0.13705969,0.10357961,0.07459915,-0.0005371551086738291,0.020761913,0.5241632461547852,0.066836715,0.054593742,0.6529626,0.004625890403985977,0.5983689,0.21875,0.6760363,0.62774277,0.5861259,-0.00041969497401341644,0.026254373,0.16129032258064516,0.08993,0.05860579,1.0,0.9413942,0.25,1.0,0.9534501,0.91007,-0.0014864967322069616,0.028626818
exact-r1__3373ae9e4de4dce88d5624681a41f79ac07484f3__爆炸菇（爆炸后）__v342__coffee__db864254__c0.mp4,0.9357346296310425,0.7387591600418091,0.0,-0.08137536,-0.0789105,0.0024648607,0.0625,0.06957978,-0.036337186,-0.0789105,0.00366678960140674,0.041042447,0.4486663341522217,0.03744033,-0.13011685,0.3671948,0.012776363641023636,0.49731165,0.21875,0.5352957,0.41232914,0.32975447,0.006448938011511332,0.071375765,0.12903225806451613,0.41242158,0.098094046,1.0,0.90190595,0.15625,1.0,0.90723383,0.5875784,-0.006525771064230412,0.102085814
base-noprop__682f7d8fb59392161e4d92c0884afcd19b380053__汉堡菇__v0__64770511__c0.mp4,0.9810562133789062,0.9294959902763367,0.016980648,0.009256631,-0.132314,-0.14157063,0.15625,-0.116193235,-0.13468722,-0.14929464,-0.00010340577237242881,0.0074508283,0.5412780046463013,0.034024328,-0.018889219,0.3973581,0.0058080581948161125,0.4162473,0.125,0.4722185,0.40659076,0.36333376,0.0008948231470986977,0.023421932,0.06451612903225806,0.11720312,0.056556106,1.0000001,0.943444,0.1875,1.0000001,0.9545982,0.882797,-0.0023973884383254487,0.02973919
exact-r2__95270fa777a6a5cb99054cf707304be40d56acb6__毒蘑菇__v928__bubble__f5d68233__c0.mp4,0.9596036076545715,0.9013551473617554,0.014039725,0.0019131303,0.018060118,0.016146988,0.15625,0.041361332,0.02142835,0.004020393,8.737207376712276e-05,0.008113925,0.39705902338027954,0.09945813,-0.0040285885,0.43379763,0.007636546157300472,0.43782622,0.21875,0.50329304,0.4184874,0.3343395,-0.00044917193435328685,0.04343908,0.06451612903225806,0.24724448,0.07819027,1.0000001,0.92180985,0.25,1.0000001,0.8666496,0.75275564,-0.0026267308009859233,0.06578758
generic__11126af44460c58b95d533978e0cf55f002fe629__炸虾菇__v66__crown__135b2c59__c0.mp4,0.987209141254425,0.9578827619552612,0.006754875,-0.020053029,0.03526783,0.05532086,0.15625,0.06216997,0.043344006,0.028512955,0.0005851762036074648,0.008131434,0.653691291809082,0.059253633,-0.03639716,0.69816333,0.020773565396666527,0.7345605,0.125,0.7379314,0.69703525,0.6389097,0.001131567929235047,0.020796897,0.0,0.07709813,0.05719602,1.0,0.942804,0.03125,1.0,0.95569324,0.92290187,-0.0017739969832806105,0.01942499
base-noprop__c884f9c5b1342e1e182de98d0015811298454d88__爆炸菇（爆炸后）__v0__4ffca5e3__c0.mp4,0.9961017966270447,0.9737203121185303,0.0,-0.016386747,-0.021810532,-0.0054237843,0.1875,0.007071674,-0.008038739,-0.021810532,0.0002754595119757384,0.0073507903,0.51613849401474,0.039173007,-0.00055509806,0.5186846,0.01952538453042507,0.5192397,0.125,0.5242748,0.5080998,0.47951162,0.00030866379459059247,0.013484391,0.0,0.051574707,0.04871881,1.0000001,0.9512813,0.0,1.0000001,0.9617758,0.9484254,-0.001448184721543262,0.01805455
exact-r1__48527ae6d45c7d5a7ee96a9ad1c1ac0882d24266__爆炸菇（爆炸后）__v461__glasses__456ff117__c0.mp4,0.9970128536224365,0.9894764423370361,0.011196505,0.0038226433,-0.022543393,-0.026366036,0.125,-0.020879142,-0.026149124,-0.0337399,-6.0751460645555915e-05,0.0026549047,0.09316341578960419,0.04068082,0.03301197,0.09370566,0.004438765347003937,0.060693692,0.0625,0.098336756,0.06701429,0.053024843,-0.001029779659338358,0.013191295,0.0,0.022872984,0.021016717,1.0,0.9789833,0.1875,1.0,0.9859207,0.977127,-0.0006759784831678761,0.007125827
exact-r2__11f34e08a6906e27e7c06d8e53c0abd8b0e6a511__蘑菇力__v105__coffee__81ed7854__c0.mp4,0.9780553579330444,0.9399067163467407,0.025908738,0.010402083,-0.015226632,-0.025628716,0.21875,-0.014469981,-0.025263982,-0.04113537,-0.0007363277271695852,0.008451335,0.41039425134658813,0.07378054,-0.007386863,0.4005434,0.013317523524165154,0.40793025,0.15625,0.44011444,0.38513026,0.32676286,-0.0005921965295618133,0.023459142,0.0,0.064908445,0.04186386,1.0,0.95813614,0.09375,1.0,0.96836853,0.93509156,-0.0008527710487590602,0.0144562805
base-noprop__2236ddd1a25d7ae2e190062eb0a1d6d87088db82__爆炸菇（爆炸前）__v0__63954187__c0.mp4,0.9563907384872437,0.8277872204780579,0.010153651,0.0015603304,-0.05071199,-0.05227232,0.0625,-0.003454566,-0.039809376,-0.06086564,-0.0007496283026384822,0.016505,0.5286183953285217,0.081920296,-0.053402483,0.46460432,0.00979374535381794,0.5180068,0.125,0.56530166,0.488809,0.38268402,-0.0004676613694499199,0.0450248,0.0,0.12983775,0.0393368,1.0,0.9606632,0.15625,1.0,0.9389506,0.87016225,0.00024402344768698653,0.032668564
base-noprop__3dae41227ff60a4b209b7b13235ac3a5ab6a6106__爆炸菇（爆炸后）__v0__e8aeb1f9__c0.mp4,0.9797078371047974,0.9426725506782532,0.03192857,0.009344161,0.072129965,0.062785804,0.15625,0.07703251,0.06131567,0.040201396,-0.00038514939571056056,0.0081739165,0.5274306535720825,0.10096359,0.06361723,0.6262188,0.024421049281954765,0.56260157,0.25,0.64166564,0.58874637,0.5252552,-0.0022899830642858095,0.02982539,0.0,0.092276275,0.06166923,0.9999999,0.93833065,0.125,0.9999999,0.94171077,0.9077236,-0.001265334080129054,0.018740917
base-noprop__11126af44460c58b95d533978e0cf55f002fe629__蘑菇力__v0__2ab802e4__c0.mp4,0.9974596500396729,0.988877534866333,0.008850217,0.0010462403,-0.07282412,-0.07387036,0.15625,-0.061950535,-0.073907405,-0.08167434,7.185368877876276e-05,0.004554876,0.46571964025497437,0.030629337,0.0104727745,0.40037882,0.001403755508363247,0.38990605,0.09375,0.4367182,0.39181224,0.3697495,0.0005218864109946197,0.017983722,0.22580645161290322,0.020488024,0.009032249,1.0,0.99096775,0.15625,1.0,0.9900765,0.979512,-0.0002561252225528777,0.004622848
exact-r1__3296e3025fe5db65ce1e18e8abd3114afdfdc5da__蘑菇力__v335__scooter__d7fc43bc__c0.mp4,0.9699588418006897,0.6579488515853882,0.022101097,-0.033704974,-0.05074329,-0.017038316,0.21875,-0.00498724,-0.026478563,-0.072844386,0.0013719417757007805,0.016775746,0.39560699462890625,0.0,-0.43714204,0.029572695,0.010610029101371765,0.46671474,0.125,0.47062844,0.36912847,0.029572695,0.011656360862547224,0.13465814,0.0,0.48967737,0.48243815,0.9999999,0.51756173,0.0,0.9999999,0.6113891,0.5103225,-0.012173594377082786,0.14905335
exact-r2__f142944f6415cf4e140989e4620f7f0f23645f52__毒蘑菇__v1518__glasses__b904a7f8__c0.mp4,0.9856959581375122,0.9403825998306274,0.0038257241,-0.0032781363,-0.018388093,-0.015109956,0.1875,-0.005923003,-0.0128700575,-0.022213817,-9.467698568123193e-05,0.0037626913,0.2814449369907379,0.09223257,0.058365226,0.30651057,0.013619774952530861,0.24814534,0.1875,0.33644104,0.26857486,0.214278,-0.00233753133139127,0.029404884,0.0,0.15051699,0.11634207,1.0000002,0.8836582,0.15625,1.0000002,0.9173298,0.84948325,-0.005203737912814262,0.05318165
base-noprop__66f41d2f3f0f61298257e508840f1163992f0311__粽子菇__v0__97bb35d4__c0.mp4,0.9963647127151489,0.9884760975837708,0.011892915,0.0026081204,0.068350375,0.065742254,0.125,0.07455361,0.065961376,0.05645746,0.00010565208418628107,0.004688045,0.6374393701553345,0.01897496,-0.0067619085,0.7067226,0.015473520383238792,0.7134845,0.21875,0.7147561,0.70340073,0.68774766,3.2374247515325536e-05,0.0068804733,0.0,0.026458621,0.023533225,1.0000001,0.9764669,0.15625,1.0000001,0.98735297,0.9735415,-0.0008794551939208976,0.008668125
exact-r2__4ad750ed37eb0ade2e0d9bf6801c7c417a005531__毒蘑菇__v478__eyemask__4d71b6ae__c0.mp4,0.9855216145515442,0.9265273809432983,0.006076902,-0.019292086,0.004365772,0.023657858,0.25,0.04289788,0.024104908,-0.0017111301,0.0005383002585417368,0.012469818,0.42897000908851624,0.12367132,0.08438328,0.49136627,0.014598620124161243,0.406983,0.28125,0.5348594,0.45307493,0.36769494,-0.003565412489943125,0.04363927,0.0,0.15332747,0.13645905,1.0,0.86354095,0.3125,1.0,0.9165088,0.84667253,-0.004562148403736835,0.04792004
exact-r1__b7d6465a8b59608365b430ec044d2fd40916aca4__毒蘑菇__v1146__crown__e4c782a0__c0.mp4,0.9192625880241394,0.6256596446037292,0.005092114,-0.012644321,0.020813555,0.033457875,0.125,0.10772771,0.047717236,0.01572144,-0.0015864629309373145,0.0299952,0.5635783672332764,0.09120378,-0.029183,0.47193035,0.008006029762327671,0.50111336,0.09375,0.81934047,0.6112957,0.38072658,-0.005728986048715873,0.11734004,0.25806451612903225,0.63642836,0.57788503,1.0,0.42211497,0.03125,1.0,0.5549699,0.36357164,-0.012694394527292659,0.15312241
exact-r2__b9d03992ce73a0fe5e4ee03adacf38bbabd0be7f__粽子菇__v1158__eyemask__bc8b377f__c0.mp4,0.9937965869903564,0.9709311723709106,0.005583018,-0.014742449,0.008902058,0.023644507,0.15625,0.042698056,0.027943362,0.00331904,0.000466574103601518,0.011462831,0.24408018589019775,0.0059872866,-0.052860484,0.23437639,0.006833815947175026,0.28723687,0.25,0.31909662,0.27202356,0.2283891,0.002045042293905519,0.027152034,0.0967741935483871,0.07956755,0.06669879,1.0,0.9333012,0.125,1.0,0.95311314,0.92043245,-0.002160397180713836,0.023200741
base-noprop__9ff16bd9837162a31625505a37953b6d7b6f8bcd__汉堡菇__v0__250d3ab9__c0.mp4,0.9879737496376038,0.9552041292190552,0.009563014,0.0040448904,0.03402087,0.02997598,0.125,0.06914286,0.036197215,0.024457857,0.00016243109353913693,0.008797436,0.15596675872802734,0.04584427,0.021798939,0.19624478,0.0027028685435652733,0.17444584,0.125,0.29019836,0.19216397,0.1504005,-0.00041795150811109005,0.024723839,0.3225806451612903,0.06234324,0.024712145,1.0,0.97528785,0.15625,1.0,0.96471196,0.93765676,-0.001345794156324811,0.018328717
base-noprop__5e06a30f57a1e29064223f472aaad6de9925490a__爆炸菇（爆炸前）__v0__90eaaa81__c0.mp4,0.9911726713180542,0.9633522033691406,0.025388181,0.003091991,-0.01566714,-0.018759131,0.1875,-0.011788845,-0.021606252,-0.04105532,-0.0005213270439080833,0.008757648,0.5878939032554626,0.06561667,0.010058939,0.5763814,0.017679084092378616,0.56632245,0.1875,0.59974736,0.5662877,0.5107647,-0.0007331869469360013,0.018430939,0.0,0.04310423,0.013486683,0.99999994,0.98651326,0.09375,0.99999994,0.98574626,0.9568957,-0.00045273485771020244,0.008828602
exact-r2__6f6f2d7c0707575b6afdd575fae5abf75eec000d__吐司菇__v706__flag__e18588cd__c0.mp4,0.9360620975494385,0.6641807556152344,0.074202776,0.06521356,-0.013632715,-0.078846276,0.21875,-0.01285243,-0.041472822,-0.08783549,-0.0025378395407255794,0.025834955,0.3710291385650635,0.06589489,-0.17239676,0.22224225,0.0072227646596729755,0.39463902,0.15625,0.46459693,0.3295563,0.15634736,0.0045095397285090265,0.069406,0.0967741935483871,0.8075906,0.6429626,1.0,0.35703743,0.28125,1.0,0.6105992,0.1924094,-0.029490694398186034,0.2927296
exact-r1__5374332efc1c0d8835fbbff686d292f356e467e9__吐司菇__v522__coffee__2f4946ce__c0.mp4,0.996925950050354,0.988739013671875,0.0050909817,0.0013679564,-0.104148805,-0.10551676,0.09375,-0.0980497,-0.10391944,-0.10923979,-3.2000270975302965e-05,0.002341944,0.37786251306533813,0.01662314,0.00562793,0.27654725,0.014652865938842297,0.27091932,0.21875,0.29007652,0.2739431,0.2599241,0.00019193727992846855,0.008349862,0.0,0.014800906,0.0034368038,1.0000001,0.9965633,0.1875,1.0000001,0.99333596,0.9851992,-0.00012510945020879712,0.004106058
base-noprop__9fe84a46a5b7258d9185e38e64539dfb315c00ea__汉堡菇__v0__319b699a__c0.mp4,0.9531509280204773,0.8337185382843018,0.0094178915,-0.0215531,-0.0021639466,0.019389153,0.1875,0.05922872,0.017141998,-0.011581838,-0.0007860033589898659,0.017750736,0.3676372766494751,0.0836038,0.029011667,0.34560406,0.00881127454340458,0.3165924,0.15625,0.58942926,0.38477927,0.26200026,-0.0038251443998205265,0.100002274,0.22580645161290322,0.28664595,0.12582302,1.0,0.874177,0.25,1.0,0.83690935,0.71335405,-0.0028547646253863916,0.07266124
base-noprop__5f7a925cfccbd70c7926ffccbda6a7e438b86228__粽子菇__v0__c23d8dea__c0.mp4,0.986211359500885,0.9583244919776917,0.011867791,-0.024694115,0.12209627,0.14679039,0.1875,0.16833454,0.13426924,0.11022848,0.0009606102443248332,0.014260368,0.4518771767616272,0.0,-0.084303916,0.5136014,0.004539215937256813,0.59790534,0.15625,0.6364985,0.58614635,0.5136014,0.0018486526311318095,0.026269935,0.2903225806451613,0.086453915,0.0550102,0.9999999,0.9449897,0.15625,0.9999999,0.9498128,0.91354597,-0.0018513373309565872,0.022820929
exact-r1__1d249695899125959cd9f370cf25dbddf67887e7__毒蘑菇__v179__coffee__93aa473c__c0.mp4,0.9612657427787781,0.8476690053939819,0.0,-0.04959759,0.0036415756,0.053239167,0.1875,0.08004725,0.045576077,0.0036415756,0.0014995601235771464,0.021377636,0.5873579978942871,0.014110774,-0.2280266,0.48155424,0.009310483932495117,0.70958084,0.3125,0.76001054,0.63293403,0.46744347,0.007106744173553697,0.08577468,0.12903225806451613,0.22662413,0.16946208,0.9999999,0.8305378,0.125,0.9999999,0.8708745,0.77337575,-0.005865485492077714,0.06389342
exact-r1__5c4b08b050f4083c0288f844c4f063b4c7586eb9__炸虾菇__v582__coffee__677017ce__c0.mp4,0.993893563747406,0.9638454914093018,0.004401706,0.0017549954,-0.053447302,-0.055202298,0.1875,-0.04482312,-0.051603466,-0.05784901,3.70766017094371e-05,0.0032724128,0.028201870620250702,0.0041901264,-0.0022228528,-0.025142403,0.01849297061562538,-0.02291955,0.15625,-0.019101826,-0.0234016,-0.02933253,-9.48152782073233e-06,0.0023406572,0.0,0.03671944,0.013517022,1.0000001,0.9864831,0.09375,1.0000001,0.9860662,0.9632807,-0.0004124046027485277,0.006736444
base-noprop__c3ad0151cf012ab92fe134a98d4a74d428a02c98__粽子菇__v0__eff98913__c0.mp4,0.9902824759483337,0.9698389172554016,0.049030364,0.0027222037,0.13165694,0.12893474,0.1875,0.13557887,0.114825524,0.08262658,0.0001482688043474138,0.014889749,0.5599023103713989,0.03204882,-0.022287488,0.66721284,0.005824390798807144,0.68950033,0.125,0.69588304,0.6747279,0.635164,0.0004039403717538967,0.014837613,0.16129032258064516,0.06398177,0.024077117,0.99999994,0.9759228,0.125,0.99999994,0.9660759,0.93601817,-0.0003911505215678066,0.015686715
base-props__a5e37a90d98a5994377758364c1e4676cdd9da9a__粽子菇__v673__glasses__0a0c5f9d__c0.mp4,0.9963752627372742,0.990221381187439,0.0,-0.009349648,-0.054982476,-0.045632828,0.0625,-0.044015113,-0.050527856,-0.054982476,0.00018934240766808964,0.0025112035,0.03804805129766464,0.003791349,-0.016566722,-0.016598271,0.004121741745620966,-3.1549484e-05,0.0625,-3.1549484e-05,-0.012479804,-0.02038962,0.0004052051221487539,0.0050368165,0.0,0.030340195,0.016094804,1.0,0.9839052,0.1875,1.0,0.9840083,0.9696598,-0.0004134838881730085,0.006834256
exact-r1__64783e1e5fb746625a458b8881d56270ee007ae9__炸虾菇__v631__scooter__b41ea89e__c0.mp4,0.9690784811973572,0.9265234470367432,0.052353352,0.03372115,-0.012462378,-0.046183527,0.1875,-0.012462378,-0.030589903,-0.06481573,-0.0008333218324918555,0.011441739,0.41845130920410156,0.1445328,-0.007604122,0.42013568,0.016569990664720535,0.4277398,0.15625,0.4277398,0.3878614,0.27560288,-0.0014120759360513988,0.041363668,0.12903225806451613,0.22504663,0.13243312,1.0,0.8675669,0.21875,1.0,0.90994626,0.77495337,-0.006882453441095476,0.07454576
exact-r1__2827cec8374948e9be93fdc1bcf8e9a4b6e4d53c__蘑菇力__v261__flag__2b162223__c0.mp4,0.9780135750770569,0.920644998550415,0.026796669,0.010825649,0.005753845,-0.005071804,0.21875,0.021115214,-0.00096196355,-0.021042824,-0.000280940192382881,0.010575751,0.2998897135257721,0.118682444,0.109562024,0.35410303,0.006108433939516544,0.244541,0.125,0.40244627,0.29892772,0.23542058,-0.004289335672282048,0.05196577,0.0,0.18808168,0.17847657,1.0000001,0.82152355,0.15625,1.0000001,0.89878786,0.81191844,-0.005785745915429667,0.056624945
exact-r2__23da2230a72cefbf4cfaa971a6d3952246086a5c__汉堡菇__v223__eyemask__7a57961d__c0.mp4,0.9912115931510925,0.9546017646789551,0.0006487295,-0.048352763,-0.010614932,0.03773783,0.21875,0.052683488,0.025583902,-0.011263661,0.0018822498772500893,0.019985737,0.14526011049747467,0.0010093749,-0.112119064,0.09428692,0.03153631463646889,0.20640598,0.25,0.23357429,0.17084402,0.093277544,0.004595578250767462,0.04673764,0.0,0.15089262,0.09341514,1.0,0.90658486,0.15625,1.0,0.93645054,0.8491074,-0.0037955575980398817,0.039791837
exact-r1__4574a77b2aa1d6a74d0ea3b334fbbd5cc92d1419__吐司菇__v438__bubble__3207ebe3__c0.mp4,0.9913118481636047,0.9715785980224609,0.0025740564,-0.0034099817,-0.030977383,-0.027567402,0.1875,-0.009994373,-0.023743525,-0.03355144,0.000332714279682055,0.007631494,0.18058164417743683,0.014582977,0.0104124695,0.15657437,0.008131596259772778,0.1461619,0.1875,0.17458403,0.15683812,0.14199139,-0.00032260103145739674,0.008480787,0.1935483870967742,0.09735638,0.015175402,0.9999998,0.9848244,0.25,0.9999998,0.9650352,0.90264344,-0.0009287954731420675,0.031005599
exact-r1__926b75ca53aa1b77cedc8561681d4d79a3dc51b8__爆炸菇（爆炸前）__v911__flag__da5610be__c0.mp4,0.9767287373542786,0.9186005592346191,0.0075769424,-0.004402131,-0.014847219,-0.010445088,0.125,0.0014695823,-0.012934475,-0.022424161,-6.149654055445815e-05,0.005082879,0.3706889748573303,0.08856201,0.012848616,0.3837105,0.005056926980614662,0.3708619,0.15625,0.39334732,0.3577545,0.2951485,0.00037068761120444494,0.022046622,0.03225806451612903,0.1545878,0.12571895,1.0,0.87428105,0.1875,1.0,0.90950847,0.8454122,-0.004539403638357272,0.049525544
exact-r2__a8b82dd68a55ba601c87031486af04c63ac9aca8__吐司菇__v1044__crown__e4c8e642__c0.mp4,0.9951875805854797,0.9783556461334229,0.012680262,0.011033952,-0.1158576,-0.12689155,0.25,-0.11050421,-0.11954349,-0.12853786,-0.0004852437127458068,0.005574334,0.5136748552322388,0.020647407,0.016224861,0.40081882,0.012897921726107597,0.38459396,0.21875,0.4110399,0.39413133,0.38017142,-0.00033281116454131327,0.007969743,0.0,0.02079022,0.012000918,1.0,0.9879991,0.1875,1.0,0.9886973,0.9792098,-0.0003518527400982769,0.005072797
exact-r2__f142944f6415cf4e140989e4620f7f0f23645f52__爆炸菇（爆炸前）__v1518__scooter__c7ec759a__c0.mp4,0.9848914742469788,0.9385033845901489,0.012723118,0.008701742,-0.014730036,-0.023431778,0.15625,-0.01295346,-0.019328807,-0.027453154,-0.00012929840259188466,0.004162709,0.37524890899658203,0.060998827,-0.0006931424,0.3565712,0.008799940347671509,0.35726434,0.125,0.41815674,0.35592008,0.29557237,0.0018593061038038987,0.029807644,0.0,0.12729585,0.09523845,1.0,0.90476155,0.09375,1.0,0.9281383,0.87270415,-0.0039922564544460784,0.040943664
base-props__1cf0944b8af6ac43f6f7e794a0d68118b7de888c__汉堡菇__v105__flag__ced10d12__c0.mp4,0.9989129900932312,0.9951449632644653,0.0017207712,-0.0017550662,-0.053895675,-0.05214061,0.09375,-0.04678279,-0.052936584,-0.055616446,0.00010475249963749554,0.002109306,0.05979650467634201,0.003513169,-0.0022369009,0.0034852559,0.008268037810921669,0.0057221567,0.09375,0.015766285,0.0068599237,-2.7913135e-05,0.00017626140071379573,0.0035941817,0.0,0.008385479,0.0031515956,1.0000001,0.9968485,0.21875,1.0000001,0.9959082,0.99161464,-8.427676173946304e-05,0.002056265
base-noprop__507ce1e393891e0f47c90aad7b6087098ce6304a__爆炸菇（爆炸后）__v0__d6797fa8__c0.mp4,0.9736873507499695,0.8881295919418335,0.034559876,0.0029204488,0.047860324,0.044939876,0.09375,0.055677235,0.041882336,0.013300449,-0.00014042373353347602,0.009246263,0.24149303138256073,0.0041252673,-0.02147916,0.25695336,0.02270803414285183,0.27843252,0.125,0.32417357,0.28337535,0.2528281,0.00045032939625101623,0.017960183,0.0,0.18293834,0.034409106,1.0,0.9655909,0.21875,1.0,0.93816984,0.81706166,-0.0019433814649882275,0.05958796
exact-r1__edf6d83472f153c2ece46ef36e248394c76e5bf1__汉堡菇__v1496__bubble__b4ea12f8__c0.mp4,0.9649903774261475,0.8020485639572144,0.06337878,0.06337878,0.010976732,-0.05240205,0.15625,0.046974882,0.0071224947,-0.05240205,-0.001040833745468571,0.022679903,0.33416444063186646,0.08567172,0.0051838756,0.3614406,0.013352793641388416,0.35625672,0.1875,0.38385692,0.34128696,0.27576888,-0.0010100325345555952,0.027240897,0.0,0.24485612,0.06985748,1.0,0.9301425,0.21875,1.0,0.934801,0.7551439,-0.004978283311177526,0.06710754
exact-r1__f49464637e52e497fb011eb2e718248b86f69c24__蘑菇力__v1542__eyemask__596e3d84__c0.mp4,0.9871572256088257,0.9473047852516174,0.029278874,0.0172109,-0.0064616203,-0.023672521,0.1875,-0.0048813224,-0.019580286,-0.035740495,-0.0007616925514863035,0.009776962,0.5403923392295837,0.11753619,0.08592898,0.5891241,0.029130063951015472,0.5031951,0.0625,0.59331036,0.52081203,0.4715879,-0.003102363466866897,0.03474645,0.0,0.15205443,0.13911223,1.0,0.86088777,0.0,1.0,0.89455336,0.8479456,-0.00443633803087243,0.049185194
exact-r2__c219d3893a297a9d030244d12b8ed8581b487bce__爆炸菇（爆炸前）__v1212__coffee__40865391__c0.mp4,0.983309268951416,0.9293681383132935,0.021307588,0.0003181398,-0.016387343,-0.016705483,0.1875,-0.006059319,-0.01922832,-0.03769493,-0.00013878233075316756,0.0080865,0.2994939088821411,0.04735169,-0.05862072,0.27174765,0.0017639179714024067,0.33036837,0.21875,0.34888178,0.2802656,0.22439596,0.0017916303335571628,0.035554912,0.22580645161290322,0.0648613,0.057426214,1.0,0.9425738,0.34375,1.0,0.96477735,0.9351387,-0.0013539716055141282,0.020643132
base-noprop__ccb6b1d206606a8d4ddb34ae7e70a1dfb2cd49ba__粽子菇__v0__369abf23__c0.mp4,0.9905518293380737,0.968367338180542,0.0021256655,-0.007806316,-0.0030901358,0.0047161803,0.25,0.008518271,0.001906117,-0.0052158013,0.0003029702946849582,0.0038820228,0.10035336017608643,0.0075564235,-0.009318449,0.08456984,0.007271311245858669,0.09388829,0.1875,0.14021069,0.10225947,0.07701342,0.0005752861232133585,0.016524896,0.0,0.066177666,0.01293546,1.0,0.98706454,0.15625,1.0,0.9699363,0.93382233,-0.0005226039117382187,0.018925456
base-noprop__479cfaa7ed9751d704a007cccb8dbebcb4fc8765__炸虾菇__v0__0063e959__c0.mp4,0.9985089302062988,0.9943246245384216,0.0008340925,-0.0011313781,0.01336284,0.014494218,0.25,0.02082669,0.016286422,0.012528747,6.626939805240946e-05,0.002124239,0.09255678951740265,0.000563547,-0.0013375804,0.1062994,0.03375585377216339,0.10763698,0.09375,0.11887601,0.10884322,0.10573585,5.015151853785409e-05,0.0028295724,0.0,0.0092615485,0.004363477,1.0,0.9956365,0.1875,1.0,0.9944678,0.99073845,-0.00015626947157891305,0.0023742737
exact-r1__1849b841bfaf3b41a1264b8d374e3a4228c3cdd4__爆炸菇（爆炸前）__v154__glasses__30a40fb2__c0.mp4,0.9795204401016235,0.9274100661277771,0.03618294,-0.0010708869,-0.053095818,-0.05202493,0.21875,-0.043366298,-0.062387615,-0.08927876,0.0006953453852677606,0.012423247,0.27615541219711304,0.17273894,0.13745734,0.31794518,0.0013615572825074196,0.18048784,0.0625,0.31794518,0.21376778,0.14520624,-0.00433776687961781,0.056723583,0.1935483870967742,0.15596527,0.12447095,1.0,0.87552905,0.15625,1.0,0.9183555,0.84403473,-0.004581781546653515,0.04783969
base-noprop__556de27b0d0679c58d037153bf13f376557bb4da__爆炸菇（爆炸后）__v0__dff6e0c9__c0.mp4,0.9975804686546326,0.9876734018325806,0.003140688,0.00085482,-0.0071130097,-0.00796783,0.1875,0.00028823316,-0.006610775,-0.010253698,4.1138744009030435e-05,0.0027814428,0.262423574924469,0.062694564,0.025846183,0.28610846,0.01069575920701027,0.26026228,0.15625,0.28610846,0.25581282,0.2234139,-0.0008841128965233345,0.01625256,0.0,0.020281672,0.0056081414,0.99999994,0.9943918,0.15625,0.99999994,0.9904618,0.97971827,-0.0001614748492093845,0.0055061076
exact-r1__03871bf6cf5c0739b48217be31ce8ad9cfaabe33__粽子菇__v24__coffee__921adf8f__c0.mp4,0.9771182537078857,0.9366742372512817,0.018834472,-0.051722765,-0.0008895397,0.050833225,0.1875,0.06296605,0.017221607,-0.019724011,0.002358650559248113,0.027381899,0.2525634467601776,0.09340222,-0.164909,0.23087677,0.008401051163673401,0.39578578,0.21875,0.43780267,0.26978505,0.13747455,0.007332011123250661,0.09131558,0.03225806451612903,0.117568016,0.071118236,1.0,0.92888176,0.15625,1.0,0.9509858,0.882432,-0.0027024216534804377,0.032263573
exact-r1__b84a69fca80b7f3ae9dfc999d5b9896f6e7dc072__粽子菇__v1148__eyemask__e8f2b594__c0.mp4,0.9908191561698914,0.9712781310081482,0.009254128,0.000495255,-0.030064642,-0.030559897,0.21875,-0.02482608,-0.03201729,-0.03931877,-2.4286494795178582e-05,0.0036930148,0.16027045249938965,0.06582729,0.020890608,0.15966767,0.0054920148104429245,0.13877706,0.21875,0.16291153,0.12825318,0.09384038,6.749960416354581e-05,0.022188462,0.12903225806451613,0.064658344,0.056759536,1.0000001,0.9432406,0.0,1.0000001,0.9520019,0.9353418,-0.0011820155373416363,0.017797422
exact-r1__48527ae6d45c7d5a7ee96a9ad1c1ac0882d24266__粽子菇__v461__scooter__f904d3a8__c0.mp4,0.9654033780097961,0.878598153591156,0.0036619753,-0.07137953,-0.0069396943,0.06443983,0.1875,0.09945059,0.033299413,-0.01060167,0.002941627749118986,0.034434095,0.2939763069152832,0.008385569,-0.29885024,0.18714136,0.005983361974358559,0.4859916,0.1875,0.5462127,0.32727572,0.17875579,0.010887110761511538,0.11610526,0.5161290322580645,0.29839164,0.22842878,1.0,0.7715712,0.28125,1.0,0.875563,0.70160836,-0.009446369511378444,0.09959745
generic__c02ecf1932815596cda24fe2696288e3a709c5c2__粽子菇__v757__bubble__942bb2b6__c0.mp4,0.9984797835350037,0.9956949353218079,0.013183547,0.0061821155,-0.015663879,-0.021845995,0.15625,-0.015257349,-0.020354966,-0.028847426,-4.30034624434509e-05,0.0029384182,0.029260646551847458,0.005631719,0.0015666299,0.01123908,0.005871051922440529,0.00967245,0.21875,0.011895219,0.008905682,0.005607361,-0.00011636776446099867,0.0018743967,0.0,0.009254456,0.0075126886,1.0,0.9924873,0.0625,1.0,0.99363655,0.99074554,-0.00015327845675502027,0.0021334935
exact-r1__32c112ea6a7834b77a3fc31159f3dd43a4eb76c4__蘑菇力__v336__scooter__9ac3841d__c0.mp4,0.9515461325645447,0.8887286186218262,0.0152812,0.0088250935,-0.02787602,-0.036701113,0.1875,-0.009705752,-0.024137938,-0.04315722,-0.00031195949118507953,0.009391455,0.34590232372283936,0.10102549,0.08290148,0.35366195,0.008024359121918678,0.27076048,0.25,0.39693055,0.3217644,0.25263646,-0.003776748170338753,0.04268989,0.03225806451612903,0.49924874,0.47612858,1.0,0.5238714,0.21875,1.0,0.71586204,0.50075126,-0.018907587385334896,0.1821181
exact-r2__4ad750ed37eb0ade2e0d9bf6801c7c417a005531__粽子菇__v478__glasses__d4b6bdd0__c0.mp4,0.9696707129478455,0.8622519969940186,0.0009792447,-0.036213398,-0.022480726,0.013732672,0.28125,0.038233638,0.0046250084,-0.023459971,0.0014744518799953094,0.016899021,0.5336880087852478,0.047686785,-0.073179126,0.51651055,0.005866252817213535,0.5896897,0.1875,0.5917466,0.53831303,0.46882376,0.003453143427143007,0.04012438,0.06451612903225806,0.21624154,0.12922984,0.99999994,0.8707701,0.0625,0.99999994,0.89111924,0.7837584,-0.004888185887130453,0.06260315
exact-r1__79c0eabb9fc79170fac30a00668c1fcae3a9bc2d__毒蘑菇__v760__flag__f12fff08__c0.mp4,0.9860180020332336,0.9440268874168396,0.014469385,-0.004670441,-0.0006964803,0.003973961,0.09375,0.031188697,0.0049870075,-0.015165865,0.00020741929417568918,0.010197415,0.18192291259765625,0.0041946173,-0.09525636,0.13024673,0.026590775698423386,0.22550309,0.25,0.23642315,0.18690991,0.12605211,0.002857897356917259,0.03351269,0.0,0.16327083,0.14426357,1.0000002,0.8557367,0.125,1.0000002,0.9078539,0.8367294,-0.004600823318853379,0.05332472
base-noprop__29af5842d44da656007592c88ff0c6c1e5b6fe39__爆炸菇（爆炸后）__v0__552d495b__c0.mp4,0.9725571870803833,0.927776038646698,0.059214294,0.036928028,0.05892551,0.021997482,0.09375,0.08085528,0.03887758,-0.0002887845,-0.0007377240992536279,0.019019356,0.4778204560279846,0.13883427,0.0830864,0.5783283,0.05428377166390419,0.4952419,0.15625,0.5783283,0.51669806,0.43949404,-0.0014926944791046998,0.030100958,0.0,0.19860953,0.11790919,1.0,0.8820908,0.0625,1.0,0.88067245,0.80139047,-0.0018678910571458959,0.040273007
exact-r2__c5e92feff814cee1504a5a7ab9b6cab00e51b167__汉堡菇__v1234__glasses__971e688b__c0.mp4,0.9415308833122253,0.839171290397644,0.0058067366,-0.048719727,-0.028858148,0.019861579,0.1875,0.059058994,0.0061651953,-0.034664884,0.001965885490310156,0.024486061,0.34565800428390503,0.0057674423,-0.29804134,0.10386526,0.013581633567810059,0.4019066,0.21875,0.55891716,0.3518232,0.098097816,0.011849302153957906,0.1395072,0.03225806451612903,0.51942974,0.34599292,1.0000001,0.6540072,0.1875,1.0000001,0.7259472,0.48057038,-0.014701348748549652,0.165632
base-props__ea0af3c357ca9e440d20ba13a8d5e54a56d394ba__炸虾菇__v912__glasses__0a785c0f__c0.mp4,0.9968748688697815,0.9921271800994873,0.0067945346,0.0045075305,-0.051202126,-0.055709656,0.125,-0.026255473,-0.04842259,-0.05799666,-0.0002839981504549393,0.008020379,0.036814719438552856,0.022903504,0.021908125,-0.014851959,0.004628721158951521,-0.036760084,0.3125,0.035519958,-0.01160787,-0.037755463,-0.0010475157138746763,0.02302168,0.0,0.026846647,0.018060684,1.0,0.9819393,0.09375,1.0,0.9851868,0.97315335,-0.0005424437700303444,0.0067763273
exact-r2__1849b841bfaf3b41a1264b8d374e3a4228c3cdd4__爆炸菇（爆炸前）__v154__glasses__30a40fb2__c0.mp4,0.9666774272918701,0.8215544819831848,0.03955871,0.0127437115,-0.004322827,-0.017066538,0.125,-0.004322827,-0.01631507,-0.043881536,-0.00036211859139878767,0.009050229,0.4490410089492798,0.30639026,0.29338276,0.5729076,0.010454162955284119,0.27952486,0.40625,0.5813342,0.43272597,0.26651737,-0.011447131393417222,0.12130464,0.03225806451612903,0.51432073,0.51432073,1.0,0.48567927,0.4375,1.0,0.75745535,0.48567927,-0.0208016727283553,0.21381688
exact-r1__0fa48e022fb40e890a70ca08b0c86169e9c6be01__蘑菇力__v91__coffee__7ac9b924__c0.mp4,0.9851577877998352,0.9506689310073853,0.029600814,0.0051380843,-0.013063982,-0.018202066,0.0625,-0.009659842,-0.016796065,-0.042664796,-8.948026306905401e-05,0.0054230797,0.24675074219703674,0.0875707,-0.03372903,0.227675,0.005171871278434992,0.26140404,0.125,0.26220626,0.22995469,0.14010431,0.0006276618121219236,0.02731345,0.25806451612903225,0.051267028,0.022870958,1.0,0.97712904,0.1875,1.0,0.97703475,0.948733,-0.0009244442357520338,0.014157177
exact-r1__923dbea1c7a98f5a1ad632836be7e11ba23c900a__爆炸菇（爆炸前）__v906__flag__9cc40444__c0.mp4,0.9960677623748779,0.981155514717102,0.030414294,0.029994708,-0.043421183,-0.07341589,0.28125,-0.04058981,-0.05765976,-0.07383548,-0.0012211551633048974,0.011815361,0.08706039190292358,0.02319975,-0.0015717857,0.030967925,0.007084284909069538,0.03253971,0.125,0.042682502,0.029400628,0.0077681746,-0.00019264804002012216,0.00783225,0.0,0.05712688,0.045263946,0.9999999,0.95473593,0.1875,0.9999999,0.9746192,0.942873,-0.001792991167901176,0.01779453
base-noprop__0ede95135255948bd4b4397d3ea7c6890ffbbb52__蘑菇力__v0__406e95d9__c0.mp4,0.9953670501708984,0.9865033030509949,0.012120128,0.007958651,0.012042403,0.0040837526,0.25,0.019648373,0.009486277,-7.772446e-05,-0.0003268344879499974,0.00535768,0.5610523223876953,0.05183983,0.03764534,0.5922018,0.012587951496243477,0.5545565,0.15625,0.5953723,0.5705386,0.540362,-0.0007441065156739402,0.013830797,0.0,0.0273391,0.014342189,1.0,0.9856578,0.21875,1.0,0.98589087,0.9726609,-0.0004615986342828449,0.007892668
exact-r2__e788516b536549b961694ff7e61e27486033c7f1__吐司菇__v1452__eyemask__4ec83f1f__c0.mp4,0.9972233176231384,0.9890384078025818,0.012556657,0.0053806156,-0.04809451,-0.053475127,0.15625,-0.047256313,-0.0542899,-0.06065117,-0.00022023762548970587,0.0033525517,0.12175541371107101,0.013446115,0.001843825,0.06704201,0.01572796329855919,0.06519818,0.125,0.083784245,0.067465514,0.053595893,-0.0005245038022797891,0.008639664,0.0,0.028119922,0.028119922,1.0,0.9718801,0.03125,1.0,0.98032796,0.9718801,-0.0007837271847682714,0.008166181
exact-r1__7ac6567de87801f30846991c8126b0179ea55aa6__毒蘑菇__v766__flag__dc7b0b7e__c0.mp4,0.9827491641044617,0.9561433792114258,0.008084804,0.0060049295,-0.024515808,-0.030520737,0.09375,0.010965675,-0.017121684,-0.03260061,-0.00014725875633815188,0.011393189,0.31335514783859253,0.0870657,0.045127213,0.3259967,0.02224106900393963,0.28086948,0.15625,0.35234845,0.29623345,0.238931,-0.002835429546660859,0.032796375,0.0,0.14159822,0.09734142,1.0000001,0.9026587,0.03125,1.0000001,0.9196944,0.8584019,-0.003650976689068089,0.042277653
base-noprop__2a80b5bbf9bfc43cc9607c64804c1876ee75a6f2__蘑菇力__v0__eb50a25c__c0.mp4,0.9978888034820557,0.9911904335021973,0.0006825924,-0.0016459972,-0.03813252,-0.03648652,0.1875,-0.030718982,-0.035117555,-0.03881511,7.457426227519842e-05,0.002390179,0.20452268421649933,0.0033427328,-0.00079648197,0.16265485,0.006810090504586697,0.16345133,0.0,0.19235398,0.16940512,0.15931211,3.297316440302294e-05,0.01086756,0.03225806451612903,0.027033448,0.0067687035,1.0000001,0.9932314,0.1875,1.0000001,0.9909457,0.9729667,-0.00024446049743382254,0.007562065
exact-r1__bdebc74b25211ea6cffb432e9c5848b26d88626a__爆炸菇（爆炸后）__v1185__bubble__2caa57df__c0.mp4,0.9863609075546265,0.9449333548545837,0.008445501,0.003322661,0.0021599531,-0.0011627078,0.15625,0.015489787,0.0007814625,-0.006285548,-0.00033383658620094597,0.0053051794,0.4716455340385437,0.107168734,0.0075006187,0.48847106,0.023376401513814926,0.48097044,0.125,0.5102962,0.472427,0.38130233,0.00016972774372074048,0.026981734,0.0,0.15539873,0.034249485,1.0,0.9657505,0.125,1.0,0.95077544,0.8446013,-8.996227575884754e-05,0.029956406
base-props__990a5c189a868ed25f5694947f8062340a1d1df7__粽子菇__v620__scooter__e38c10af__c0.mp4,0.9974287748336792,0.9804857969284058,0.031052716,0.02640108,0.04023432,0.01383324,0.15625,0.04023432,0.023385558,0.009181604,-0.0008521480704289022,0.009261989,0.08627741038799286,0.045795113,0.0386177,0.13614467,0.007631887681782246,0.09752697,0.125,0.15604739,0.109662965,0.090349555,-0.0009874054490208945,0.014820231,0.0,0.029642522,0.028572917,1.0000001,0.9714272,0.1875,1.0000001,0.98306143,0.9703576,-0.0007402745247586168,0.0077423914
base-noprop__7d7630861f0f92a7a3103fc3527dbadc1c0cdc15__炸虾菇__v0__75e61775__c0.mp4,0.9947430491447449,0.9800974130630493,0.013255939,-0.01440081,-0.07197838,-0.057577573,0.21875,-0.05112265,-0.06652214,-0.08523432,0.0008204512453782755,0.009528758,0.16526809334754944,0.019666009,-0.020958304,0.09370104,0.03400569409132004,0.11465935,0.09375,0.11465935,0.09874596,0.07403503,0.000474142507428738,0.008425079,0.0,0.062211514,0.056796014,1.0,0.943204,0.09375,1.0,0.95989764,0.9377885,-0.001355904113512211,0.01723913
base-noprop__3eb6d97760f838a366c3ddc9c5fe31024af3ddd6__爆炸菇（爆炸前）__v0__fd4594db__c0.mp4,0.988410234451294,0.9515195488929749,0.01389315,0.01389315,-0.01282946,-0.02672261,0.25,-0.0063031465,-0.01658592,-0.02672261,-0.0005207480589621579,0.0061126524,0.15510232746601105,0.013655707,-0.08537037,0.11231711,0.012211285531520844,0.19768748,0.125,0.19768748,0.1385164,0.0986614,0.0015819931875291654,0.021212528,0.22580645161290322,0.086565435,0.06853455,0.99999994,0.9314654,0.09375,0.99999994,0.95640874,0.9134345,-0.0022598606837459677,0.025725072
exact-r2__747711b7d7d492e548ee9d327fa617d3cbb1993f__爆炸菇（爆炸前）__v731__eyemask__66c62407__c0.mp4,0.996746301651001,0.9851499199867249,0.011605701,0.008434231,0.0076653054,-0.000768926,0.09375,0.008549118,0.0035659438,-0.003940396,-1.6196782986122636e-05,0.0026842803,0.018421033397316933,0.0077450797,-0.0046243556,0.021049518,0.012367608956992626,0.025673874,0.09375,0.03164224,0.021986976,0.013304438,0.0002644715104880267,0.0039393026,0.0,0.052953124,0.052953124,1.0000001,0.947047,0.125,1.0000001,0.98270696,0.947047,-0.0011738817974968473,0.013319334
exact-r1__3373ae9e4de4dce88d5624681a41f79ac07484f3__吐司菇__v342__glasses__06dd0820__c0.mp4,0.9654108881950378,0.8954777717590332,0.02052027,0.0076259673,-0.030064791,-0.03769076,0.21875,-0.019474402,-0.03293479,-0.05058506,-0.0004782247496359165,0.007151184,0.3553782105445862,0.0065215975,-0.0693177,0.25071782,0.02458208054304123,0.32003552,0.1875,0.40979034,0.32244343,0.24419622,0.0011067319076912554,0.03808858,0.0,0.15771317,0.103161454,1.0,0.89683855,0.15625,1.0,0.91311795,0.8422868,-0.0023248939395300178,0.038770344
exact-r1__48edbebb09f4066019f3a893bd82184d9bdce8fd__粽子菇__v465__scooter__e0849fdb__c0.mp4,0.9575190544128418,0.8643829226493835,0.0014079213,-0.10612345,0.004687667,0.110811114,0.125,0.110811114,0.03769121,0.0032797456,0.002651678294467786,0.030003885,0.38155892491340637,0.0,-0.25885236,0.28438616,0.014110131189227104,0.5432385,0.34375,0.54645663,0.41925013,0.28438616,0.010028500792698783,0.097997695,0.0967741935483871,0.5704752,0.5537698,1.0000001,0.44623026,0.40625,1.0000001,0.72725976,0.4295249,-0.024721155620434043,0.24561459
exact-r1__5d5db7eba64f43d1a188b30aa7a5cea4dac3fc6d__吐司菇__v585__scooter__f7e524ef__c0.mp4,0.99855637550354,0.9946120977401733,0.007666141,0.0067794546,-0.046557143,-0.053336598,0.21875,-0.042021394,-0.046697617,-0.054223284,-0.00028561080308887887,0.0037051036,0.09285273402929306,0.00774733,-0.008200012,0.046742,0.003944706171751022,0.05494201,0.09375,0.056499887,0.046155117,0.03899467,0.00031690955465206233,0.0048654433,0.0,0.0202142,0.018177032,1.0000001,0.9818231,0.1875,1.0000001,0.9926349,0.9797859,-0.0006081809308871196,0.006297133
base-noprop__1f66a501aba063a2796ee4f1f4d6082295197784__毒蘑菇__v0__4fd553e2__c0.mp4,0.997403621673584,0.9813170433044434,0.005997598,-0.0038490333,-0.050862223,-0.04701319,0.1875,-0.04058428,-0.04925998,-0.05685982,0.0003392758698658763,0.0040217927,0.031728919595479965,0.0068880375,-0.0008995924,-0.016204895,0.001623571035452187,-0.015305303,0.15625,-0.012395705,-0.017531062,-0.023092933,0.00011310981510786005,0.0022526465,0.1935483870967742,0.020340681,0.0053272843,1.0000001,0.99467283,0.15625,1.0000001,0.99059653,0.97965944,-0.00012665281285285913,0.0054155937
exact-r1__f142944f6415cf4e140989e4620f7f0f23645f52__爆炸菇（爆炸前）__v1518__scooter__c7ec759a__c0.mp4,0.9173745512962341,0.3715883493423462,0.014727622,3.746152e-05,-0.014937729,-0.01497519,0.0625,0.036304265,-0.016458863,-0.02966535,0.00018651959352479264,0.011817783,0.35789060592651367,0.17017303,-0.0067984164,0.37119058,0.008096419274806976,0.377989,0.15625,0.48914275,0.34143174,0.20101754,0.0004824424255366254,0.056277424,0.16129032258064516,0.5792475,0.4575463,1.0,0.5424537,0.09375,1.0,0.7092935,0.42075256,-0.01862907602487245,0.20359564
exact-r2__79f230727aabe8ef102ae19bed33d5a83a2045ee__毒蘑菇__v761__flag__c45f48b5__c0.mp4,0.985550582408905,0.9610844254493713,0.007227659,0.005989097,-0.023893595,-0.029882692,0.1875,0.00078605115,-0.017246487,-0.031121254,-9.08772865326702e-05,0.009332753,0.15454652905464172,0.06462863,0.06450876,0.16185977,0.024405891075730324,0.09735101,0.25,0.19268489,0.13730004,0.097231135,-0.0029972862039864675,0.02995355,0.0,0.15379578,0.15379578,1.0000001,0.84620434,0.21875,1.0000001,0.93182814,0.84620434,-0.005423591043417735,0.05188809
exact-r2__2a49798dc05c009b89cb369fc4b3bc369f2300af__蘑菇力__v275__flag__ce0c86f0__c0.mp4,0.9921231269836426,0.9790796637535095,0.008741401,0.0044805333,-0.030791521,-0.035272054,0.1875,-0.019163571,-0.031920403,-0.039532922,-0.00017869540577606985,0.0044234684,0.11088812351226807,0.073031366,0.049772263,0.12908392,0.0052754939533770084,0.079311654,0.1875,0.12908392,0.07896773,0.056052547,-0.0009455395680838547,0.018341344,0.25806451612903225,0.06253493,0.05650896,0.9999999,0.9434909,0.0,0.9999999,0.9565202,0.93746495,-0.001820795937192731,0.019527609
generic__b4922b313b5f45658c57e964eec6e061ed1c765b__爆炸菇（爆炸后）__v718__eyemask__c2a091da__c0.mp4,0.9917099475860596,0.9753202199935913,0.0013344884,-0.0301373,0.013986528,0.04412383,0.25,0.04687369,0.030569136,0.0126520395,0.0009993815745426417,0.0108984765,0.5520172119140625,0.0,-0.087289274,0.51762736,0.03530513867735863,0.60491663,0.25,0.62860256,0.58258635,0.51762736,0.0032377051315174935,0.03425867,0.0,0.09708136,0.08317983,1.0000001,0.9168203,0.09375,1.0000001,0.94415236,0.90291876,-0.003363477016998503,0.033660825
exact-r1__7d44a2bbd0f494878694a9248530e08a9227affb__炸虾菇__v779__glasses__89eee02e__c0.mp4,0.9835317134857178,0.9124768972396851,0.034154627,0.022449348,-0.060956944,-0.08340629,0.125,-0.060956944,-0.08045713,-0.09511157,-0.0005565657030485178,0.008142576,0.10127067565917969,0.014652458,0.007928671,0.025322113,0.006123406812548637,0.017393442,0.15625,0.03708835,0.020813549,0.010669655,-0.0003376779036563638,0.005919353,0.0,0.16161454,0.15530711,1.0,0.8446929,0.21875,1.0,0.90148365,0.83838546,-0.004216695941787997,0.05002414
generic__11126af44460c58b95d533978e0cf55f002fe629__吐司菇__v66__bubble__f564ca5a__c0.mp4,0.9825065732002258,0.9293884038925171,0.0317052,0.018545508,-0.04291898,-0.06146449,0.1875,-0.041853845,-0.061091468,-0.07462418,-0.0005517349881597993,0.008453544,0.6268097162246704,0.11266133,-0.053480387,0.57486933,0.016547521576285362,0.6283497,0.21875,0.62928754,0.5657183,0.462208,0.0031714479867751407,0.04611001,0.0,0.1367523,0.09437072,1.0000001,0.9056294,0.15625,1.0000001,0.9360824,0.8632478,-0.0035573954631156375,0.03524241
exact-r1__46ad1d7fc06fae0ddf3af206d3ae023bd4b24aae__吐司菇__v449__bubble__638fa554__c0.mp4,0.966528594493866,0.8737454414367676,0.0015369952,-0.035696015,-0.06219572,-0.026499704,0.125,-0.021109194,-0.034418102,-0.06373271,0.0009802114955884257,0.012117507,0.28862035274505615,0.1459418,0.11351074,0.34011054,0.005414489656686783,0.2265998,0.03125,0.37023714,0.25420225,0.19416875,-0.0033786282396692287,0.046288922,0.1935483870967742,0.6188233,0.5014196,1.0,0.4985804,0.0,1.0,0.5568193,0.3811767,-0.013914681031557102,0.19749822
exact-r2__5566445313c3d7b276fc02faebe4c1c684f1934d__汉堡菇__v541__scooter__2a78d5cd__c0.mp4,0.9919071197509766,0.946621298789978,0.0063803196,-0.0070362985,0.0031315386,0.010167837,0.03125,0.03321433,0.011744702,-0.003248781,-8.527698579771385e-05,0.009177326,0.4703512489795685,0.058036238,-0.012154907,0.4737968,0.006418254226446152,0.48595172,0.0625,0.50092196,0.48209596,0.41576058,0.0005688955051458608,0.015998589,0.0,0.06881875,0.00983274,1.0000001,0.9901674,0.1875,1.0000001,0.9818151,0.9311814,0.00025774641208287433,0.017909983
exact-r2__b6400262250308b940cca731c04afc1e0661b6e9__炸虾菇__v1132__bubble__8db02a1b__c0.mp4,0.9653906226158142,0.7462018728256226,0.007578224,0.0050073564,0.016418815,0.011411458,0.21875,0.032776177,0.018256364,0.008840591,-0.0006138739555724546,0.0074145086,0.42519840598106384,0.44463032,0.36109316,0.68666625,0.013575782999396324,0.3255731,0.09375,0.68666625,0.44345477,0.24203593,-0.0147737090167237,0.15759727,0.1935483870967742,0.59722847,0.5203956,0.9999999,0.4796043,0.125,0.9999999,0.66698515,0.4027714,-0.02215630541995297,0.23474914
exact-r1__f2e592fdf9ea64c3001a6620ae7f5abcb234e05b__毒蘑菇__v1529__glasses__18a1a004__c0.mp4,0.9227244853973389,0.42951399087905884,0.0,-0.036018223,-0.01332286,0.022695363,0.09375,0.061847806,0.027642075,-0.01332286,-0.0005257680651641652,0.018183462,0.5369231700897217,0.0,-0.27405515,0.2799082,0.014156580902636051,0.55396336,0.0625,0.67873824,0.56456524,0.2799082,-7.136358915009895e-05,0.066236734,0.0,0.69001555,0.69001555,1.0,0.30998445,0.0,1.0,0.40292656,0.30998445,-0.008431717491219803,0.12027457
generic__51be5b142d9021a3c446702d354fabdf42630fa9__汉堡菇__v304__scooter__97551c71__c0.mp4,0.9917684197425842,0.9667044878005981,0.016404092,0.014588743,0.024356902,0.009768158,0.21875,0.034701496,0.017923165,0.007952809,-0.0005477215395557557,0.0073975283,0.3461722731590271,0.05346331,0.033860713,0.3881543,0.0017078584060072899,0.35429358,0.0625,0.39659548,0.36409545,0.334691,-0.0009183247854982209,0.016814627,0.0967741935483871,0.06678063,0.058821976,0.99999994,0.94117796,0.0,0.99999994,0.9491297,0.9332193,-0.0012929895865427666,0.017852444
exact-r2__ba85413746dea437ec08f5638d106fcbddab3966__粽子菇__v1165__eyemask__ee2bc5e8__c0.mp4,0.9945442080497742,0.9785758256912231,0.0045681745,-0.012139916,-0.03527084,-0.023130924,0.21875,-0.015493304,-0.02651018,-0.039839014,0.0005154972472651433,0.0064189755,0.15942871570587158,0.011879668,-0.026610404,0.11496769,0.006134160794317722,0.1415781,0.1875,0.17453027,0.13291854,0.10308802,0.0009358670477840073,0.016872546,0.1935483870967742,0.05268681,0.040991306,1.0000002,0.95900893,0.125,1.0000002,0.9710376,0.9473134,-0.0013476655083841983,0.014515626
exact-r1__91446ea62cb3f54e6d1bd638f46c2302dc00f82d__爆炸菇（爆炸前）__v903__flag__50b4ea47__c0.mp4,0.9959061741828918,0.9875715374946594,0.0021165237,-0.012197621,-0.040405467,-0.028207846,0.1875,-0.018129826,-0.029609784,-0.04252199,0.00023614458980098738,0.0067591234,0.1359841674566269,0.015444845,-0.003659688,0.10852118,0.00998478289693594,0.11218087,0.1875,0.11738049,0.10637438,0.09307633,0.00023071140001727588,0.005902432,0.0,0.055704474,0.055704474,1.0000001,0.94429564,0.125,1.0000001,0.9660757,0.94429564,-0.001844761986012313,0.01811312
exact-r1__7628869560a690af823a1191809985375c8a2ef9__爆炸菇（爆炸前）__v740__eyemask__36459805__c0.mp4,0.9837915897369385,0.940356969833374,0.008739173,-0.007619083,-0.03286165,-0.025242567,0.15625,-0.012436092,-0.026226671,-0.041600823,0.0003627053956307268,0.0076169684,0.5824573040008545,0.069363534,0.069363534,0.58541054,0.0045812129974365234,0.516047,0.25,0.59737575,0.55623066,0.516047,-0.0017579528243660387,0.02398128,0.06451612903225806,0.20028389,0.19047427,0.9999999,0.8095256,0.25,0.9999999,0.8825948,0.799716,-0.00533694545588183,0.054272838
generic__ab46352316dd303e2692bf4e35d24794f50ca8f1__吐司菇__v684__scooter__10c24871__c0.mp4,0.9915390610694885,0.9285621643066406,0.026514098,0.017024547,-0.07064892,-0.08767347,0.15625,-0.06972197,-0.083582014,-0.09716302,-0.0004330706042497048,0.007506786,0.2694081664085388,0.093225524,0.066515446,0.21868823,0.0011161123402416706,0.15217279,0.125,0.24404186,0.18582612,0.12546271,-0.0032915778518203707,0.035338722,0.1935483870967742,0.09428942,0.07695609,1.0,0.9230439,0.28125,1.0,0.95601,0.9057106,-0.0025986879845518265,0.028092746
exact-r2__64f7ba46c3c16764be8347709ee03ebee90d68c2__爆炸菇（爆炸后）__v639__flag__116680dd__c0.mp4,0.9595620036125183,0.3296111524105072,0.0050935447,-0.025341257,0.014944598,0.040285856,0.25,0.0541991,0.035101995,0.009851053,0.0009971472415581481,0.01473091,0.36963945627212524,0.0,-0.34425706,0.14640446,0.025654025375843048,0.49066153,0.25,0.50530124,0.40474147,0.14640446,0.011895217662376745,0.14310655,0.03225806451612903,0.7395414,0.7163683,1.0,0.28363168,0.0,1.0,0.47210598,0.2604586,-0.025029092251467887,0.29954764
exact-r2__46a88b94d8c5451f884baeac062b15b148ad8fe6__吐司菇__v448__bubble__66e4b2cb__c0.mp4,0.9561201333999634,0.8795586824417114,0.009508304,0.009508304,-0.10261204,-0.112120345,0.25,-0.020255148,-0.072596185,-0.112120345,0.001679132377067878,0.024455428,0.22821885347366333,0.035720542,-0.082531,0.11364745,0.007939683273434639,0.19617845,0.1875,0.25122347,0.15562268,0.07792691,0.0037698919551660093,0.04954245,0.22580645161290322,0.678504,0.43622673,1.0,0.5637733,0.15625,1.0,0.6479043,0.321496,-0.020499028074295635,0.21152602
base-noprop__5e06a30f57a1e29064223f472aaad6de9925490a__爆炸菇（爆炸后）__v0__7a2c212b__c0.mp4,0.9911103844642639,0.9720973372459412,0.016743213,0.01568827,0.034578443,0.018890172,0.09375,0.05516568,0.027211946,0.01783523,-0.00018108957324209764,0.0075164787,0.4770541787147522,0.07396269,0.06220177,0.5498427,0.002605143003165722,0.48764095,0.125,0.5498427,0.50426614,0.47588003,-0.0008205425518611127,0.018506628,0.3548387096774194,0.03919196,0.02752328,1.0000001,0.97247684,0.09375,1.0000001,0.97781855,0.96080816,-0.0006642678856324913,0.008968678
exact-r2__f38c85c9dbbd6fe91ebb9c9d9e17e6640548549d__毒蘑菇__v1530__glasses__4c0f5650__c0.mp4,0.9838334918022156,0.9296459555625916,0.018102929,0.004509736,0.006228268,0.0017185323,0.125,0.014013976,0.0022686687,-0.011874661,-0.00032010857532035726,0.0057951817,0.12723740935325623,0.22211018,0.21094091,0.2724946,0.00839395821094513,0.061553705,0.09375,0.2724946,0.12950608,0.05038443,-0.006509150975162588,0.068205394,0.0,0.18170804,0.15943056,0.99999994,0.8405694,0.15625,0.99999994,0.8991756,0.8182919,-0.0052423975007100205,0.05596645
exact-r1__25242e2c4e978686c1ab0fd42607be6ef25ff215__汉堡菇__v235__eyemask__02246e97__c0.mp4,0.9979138374328613,0.9950371980667114,0.00574027,0.0044962093,-0.027645737,-0.032141946,0.09375,-0.018269673,-0.024106078,-0.033386007,-4.730562753210714e-05,0.0038062243,0.1062159538269043,0.02810625,0.02810625,0.09398362,0.002279622945934534,0.06587737,0.1875,0.095247194,0.082109876,0.06587737,-0.0007392791157200527,0.0078108017,0.16129032258064516,0.03545791,0.0345819,1.0,0.9654181,0.21875,1.0,0.9817941,0.9645421,-0.0011165751324545682,0.010696967
generic__0ab9e3bf089c71e2d454a42c0c8b656934192f80__爆炸菇（爆炸后）__v44__crown__c5344dbf__c0.mp4,0.9963754415512085,0.9896546602249146,0.01568088,0.007267624,-0.018454194,-0.025721818,0.125,-0.015766323,-0.02635958,-0.034135073,-0.00038344553969472776,0.005221191,0.4237744212150574,0.042891085,0.029259056,0.4093923,0.026652995496988297,0.38013324,0.15625,0.41770452,0.39741486,0.3665012,-0.0010779430854879752,0.01210452,0.0,0.04185462,0.035727262,1.0,0.96427274,0.125,1.0,0.98281765,0.9581454,-0.0010200008706263257,0.010652669
exact-r1__1fe1da738e16ac905f6dd4b6247a4e5e3a33f7e2__毒蘑菇__v194__coffee__dfa9b371__c0.mp4,0.9735201597213745,0.8875753879547119,0.017975211,0.012555987,-0.06554195,-0.07809794,0.15625,-0.024751514,-0.056528237,-0.083517164,-0.00029232070024761683,0.0133534465,0.4357718825340271,0.007914156,0.007914156,0.32456875,0.0018111271783709526,0.3166546,0.21875,0.46098584,0.37924364,0.3166546,0.002578806563600076,0.045963924,0.3225806451612903,0.16588467,0.04809439,0.9999999,0.9519055,0.21875,0.9999999,0.92085004,0.8341152,-0.003724698807574409,0.04773271
generic__31b74b126f6fafc4629493be8201689f500ebf47__爆炸菇（爆炸后）__v174__glasses__c872a838__c0.mp4,0.9830684661865234,0.9387279748916626,0.03183651,-0.0024975538,0.0382635,0.040761054,0.09375,0.067142576,0.036519796,0.00642699,0.0003951197200594066,0.010737095,0.5173818469047546,0.111644864,0.0786643,0.59625745,0.017456835135817528,0.51759315,0.1875,0.60163057,0.5539017,0.48461258,-0.0034985591021101424,0.03835202,0.0,0.19149339,0.14595139,1.0,0.8540486,0.125,1.0,0.9191029,0.8085066,-0.006522762963324342,0.06877703
exact-r1__be704d41e34020ce8aa75f334f1de5e2a052e0f9__爆炸菇（爆炸后）__v1189__bubble__9885cfed__c0.mp4,0.9585456252098083,0.8663636445999146,0.0114406645,-0.040936142,-0.03047499,0.010461152,0.21875,0.025370508,-0.0025825528,-0.041915655,0.0015545930451224617,0.017554022,0.3494220972061157,0.1246708,-0.10165653,0.35072663,0.010843943804502487,0.45238316,0.09375,0.492787,0.34683958,0.22605583,0.0043345386998132574,0.06419919,0.06451612903225806,0.45544654,0.35340655,1.0,0.64659345,0.03125,1.0,0.6826648,0.54455346,-0.008365799659245873,0.13153198
exact-r2__c4bc889e53e3b7c097389fd3251b96bb18d2cf89__汉堡菇__v1229__glasses__4f6633c0__c0.mp4,0.9693666100502014,0.8878889083862305,0.0017840266,-0.053765237,-0.06883448,-0.015069246,0.1875,0.037957966,-0.023465674,-0.07061851,0.0015250055496294124,0.02572636,0.6479543447494507,0.024677157,-0.0063765645,0.61811906,0.007381569594144821,0.6244956,0.21875,0.66287017,0.6244887,0.5934419,-0.00029865841318433927,0.017157104,0.3548387096774194,0.18602878,0.09572035,1.0000001,0.90427977,0.09375,1.0000001,0.91935396,0.81397134,-0.0028713679383576872,0.04469653
exact-r1__f39b3a414eafab14a5cc8ef9210f5114fb7c24e0__蘑菇力__v1532__eyemask__57c54345__c0.mp4,0.9760597944259644,0.8400899171829224,0.00060774386,-0.04613483,-0.11511654,-0.06898171,0.1875,-0.0570361,-0.082857475,-0.11572428,0.0012813630893476861,0.017429037,0.2655285894870758,0.077261,0.039389446,0.20915616,0.06944140791893005,0.16976671,0.21875,0.22836395,0.18267113,0.13189515,-0.0014312812550501327,0.025037719,0.0,0.26227415,0.2601248,1.0000001,0.7398753,0.09375,1.0000001,0.819677,0.737726,-0.006196975281948198,0.07321017
base-noprop__2b1e211233b0f0264e4dfff6fc8d00725b5b956c__毒蘑菇__v0__99a6c3a2__c0.mp4,0.9985539317131042,0.9963034391403198,0.0096764155,0.0054330565,-0.028378494,-0.03381155,0.15625,-0.028378494,-0.03415327,-0.03805491,-0.00010036118943080421,0.0023532333,0.07047147303819656,0.007910833,0.002267871,0.03930124,0.02172686532139778,0.037033368,0.21875,0.04081473,0.0363182,0.031390406,3.1740222361125306e-05,0.0024357827,0.0,0.02287072,0.022429705,1.0,0.9775703,0.09375,1.0,0.9832746,0.9771293,-0.0005762845692920958,0.0059984797
exact-r2__f5ba1ce13b37950d02d7e32e049506ff144abc71__蘑菇力__v1549__eyemask__52d2a75b__c0.mp4,0.9966293573379517,0.9870168566703796,0.009113073,-0.010327801,-0.0008299798,0.009497821,0.15625,0.0096581355,0.001492402,-0.009943053,0.0005973112602824686,0.0061301216,0.12167428433895111,0.002549529,-0.019545332,0.10557984,0.02274347096681595,0.12512517,0.09375,0.16938286,0.12316669,0.10303031,0.0002904812480347642,0.018696297,0.0,0.035628617,0.025489211,1.0000001,0.9745109,0.125,1.0000001,0.9829627,0.9643715,-0.0005843271760821512,0.00957718
exact-r2__45f95e4ccfc9b15e50ac6f5d00e336f2b5909182__吐司菇__v441__bubble__e2d9b949__c0.mp4,0.9871134161949158,0.9615486264228821,0.014576472,-0.0015979894,-0.024932526,-0.023334537,0.0625,-0.01608288,-0.023430277,-0.039509,6.759949465476122e-05,0.004592893,0.08035542070865631,0.03388263,0.010524023,0.07084671,0.020773155614733696,0.060322683,0.21875,0.07084671,0.05692514,0.036964078,5.375277633366588e-05,0.008387375,0.0,0.1683389,0.011451542,1.0,0.98854846,0.1875,1.0,0.9543473,0.8316611,0.0013829903933834313,0.043778796
generic__58f1eb94dfa1635a5bd8ef3c9f0f7ca945b65730__爆炸菇（爆炸前）__v337__bubble__f964e72a__c0.mp4,0.9541857838630676,0.8482537269592285,0.006644219,-0.044132918,-0.018286198,0.02584672,0.03125,0.03296894,-0.006504325,-0.024930418,0.001417061352222895,0.017627044,0.4735415279865265,0.09300384,-0.16218361,0.4182149,0.0219550933688879,0.5803985,0.1875,0.5852032,0.4670372,0.32521105,0.004988958944410881,0.080051966,0.12903225806451613,0.27150077,0.26786834,1.0000001,0.7321318,0.25,1.0000001,0.858257,0.72849935,-0.007939395808841454,0.08133935
exact-r1__d36eed25472a949e97ad36dd59ce8359fe0c3013__炸虾菇__v1310__crown__87836f8d__c0.mp4,0.9912800192832947,0.9745036959648132,0.0035153776,-0.00053040683,-0.013020419,-0.012490012,0.15625,0.004204124,-0.00691537,-0.016535796,6.584569271053022e-05,0.0050407466,0.09917211532592773,0.0113328695,-0.006342247,0.08017078,0.006004213355481625,0.08651303,0.15625,0.12401751,0.09225674,0.06883791,0.00011291244556127939,0.013157694,0.12903225806451613,0.045209706,0.013457358,0.99999976,0.9865424,0.21875,0.99999976,0.98277986,0.95479006,-0.0009202019385228359,0.012954778
base-noprop__19c06779695d253483fe999e0232467a7bbc4669__爆炸菇（爆炸前）__v0__5f65d818__c0.mp4,0.9873547554016113,0.9651172161102295,0.0044108033,-0.026088238,-0.008382857,0.01770538,0.125,0.05125767,0.020613732,-0.01279366,0.0008320595490093457,0.016349899,0.6371151208877563,0.019992054,0.01703155,0.6361081,0.018948547542095184,0.61907655,0.15625,0.71782726,0.6577288,0.61611605,-0.0008342679360569908,0.025867498,0.0,0.08438116,0.04226154,0.99999994,0.9577384,0.15625,0.99999994,0.9509475,0.9156188,-0.0010715515142486651,0.024801502
base-noprop__08447ead47d19cdf9b918908077ea735b8029732__爆炸菇（爆炸前）__v0__c1be1aeb__c0.mp4,0.9951924681663513,0.9881120920181274,0.008543879,-0.00337106,-0.067471355,-0.064100295,0.21875,-0.057308316,-0.067895986,-0.076015234,-0.0002994128117813053,0.005399357,0.4639698266983032,0.047023356,-0.023954064,0.37895066,0.0024936292320489883,0.40290472,0.09375,0.4366502,0.39607388,0.3319273,-0.0014001557499694534,0.024462674,0.3225806451612903,0.032812595,0.016410828,1.0000001,0.9835893,0.125,1.0000001,0.9807029,0.9671875,-0.0005512687314814974,0.007713617
generic__dfb07d087bbb45ae4ec093956c13cbcc5ca2bb4f__爆炸菇（爆炸后）__v873__flag__0921f662__c0.mp4,0.9836340546607971,0.9402856230735779,0.021722764,-0.009164751,0.074039906,0.08320466,0.15625,0.08739376,0.06962064,0.052317142,0.0004315363172212319,0.008749721,0.446199893951416,0.04746455,-0.039171815,0.514644,0.01815629191696644,0.55381584,0.15625,0.5645786,0.5158205,0.46717948,0.001995677587267603,0.026846573,0.0,0.14184213,0.06517202,1.0,0.934828,0.15625,1.0,0.93239033,0.8581579,-0.0019377950808344509,0.035134938
exact-r1__79aac7243697f42e910ae6d4b6bf107bbdc52ab9__毒蘑菇__v758__flag__9622a734__c0.mp4,0.9820482134819031,0.9507696032524109,0.012551673,-0.0032259412,-0.02468456,-0.021458618,0.25,-0.0065517724,-0.023259904,-0.037236232,0.00045817999764621344,0.007514168,0.0936623364686966,0.026270427,-0.01995061,0.055905927,0.008027421310544014,0.07585654,0.125,0.10692705,0.070402436,0.0296355,0.0013902933443309285,0.018846544,0.22580645161290322,0.20671004,0.15458065,1.0000001,0.84541947,0.125,1.0000001,0.8664597,0.7932901,-0.005557881935862845,0.058491074
base-props__4f2c68a04c7fdb73063336d8553dc1cd8687e038__汉堡菇__v289__crown__3b0f189a__c0.mp4,0.9862456321716309,0.9689214825630188,0.014793813,-0.006392449,0.006388426,0.012780875,0.15625,0.021790355,0.006387593,-0.008405387,-0.00019402841319086938,0.008199876,0.3707878291606903,0.10269606,0.08637449,0.4203652,0.016649212688207626,0.33399072,0.25,0.42333585,0.3771754,0.31766915,-0.0030257399589959317,0.033211432,0.0,0.09613955,0.07624531,1.0,0.9237547,0.1875,1.0,0.9514407,0.90386045,-0.0022000057562704743,0.023903105
exact-r1__b6f0ebc5fde8d5c7e26e23c7ad4b472e8dc0a955__毒蘑菇__v1139__crown__5e91c671__c0.mp4,0.9533179402351379,0.8088188171386719,0.024864078,-0.011083126,0.019990087,0.031073213,0.15625,0.05133763,0.028131671,-0.004873991,-0.00017955032371181137,0.011953537,0.52764892578125,0.15096462,-0.05642438,0.548592,0.022705096751451492,0.60501635,0.1875,0.6126951,0.55578053,0.39762735,-0.0003616561637945413,0.05019635,0.0967741935483871,0.44833517,0.31820577,0.99999994,0.68179417,0.25,0.99999994,0.80152535,0.55166477,-0.012636788943208889,0.13991088
exact-r1__4684d4e3cc283d2f82a830567f416163b041076b__粽子菇__v446__scooter__0f8c7e43__c0.mp4,0.9748694896697998,0.8376240730285645,0.09039472,0.08587164,0.06455183,-0.02131981,0.25,0.08546123,0.03486429,-0.025842894,-0.0031515843087474085,0.036319617,0.4042428731918335,0.5963657,0.5920047,0.64241505,0.01308963168412447,0.05041031,0.28125,0.6545696,0.43910718,0.046049338,-0.023685507317923005,0.24556574,0.0967741935483871,0.7656664,0.75941485,1.0000001,0.24058525,0.28125,1.0000001,0.7408829,0.2343337,-0.030281628249895838,0.31732228
base-noprop__0d8ae407bd2be6cbaf00e2bc407478bbc70e81c2__吐司菇__v0__90509702__c0.mp4,0.9982113242149353,0.9922491312026978,0.010255206,0.0064317696,-0.0059666038,-0.012398373,0.15625,-0.005462706,-0.012177374,-0.01622181,-0.00017339522100963227,0.002648549,0.047922104597091675,0.014509596,0.013831481,0.045848303,0.010086499154567719,0.03201682,0.03125,0.050298385,0.035744734,0.031338707,-0.0003078391521491774,0.0043279193,0.0,0.02020806,0.0108639,1.0,0.9891361,0.125,1.0,0.99009067,0.97979194,-0.000340612632525593,0.0042940304
exact-r1__37d6f23402e29597d71fc201777a1c65e4013d32__粽子菇__v365__flag__c00e4a65__c0.mp4,0.9750476479530334,0.909252405166626,0.0030973554,-0.020397663,0.013107091,0.033504754,0.21875,0.05690846,0.027656237,0.010009736,0.0010130149571776742,0.012407045,0.3329676389694214,0.10605562,0.095181614,0.39296407,0.011020774021744728,0.29778245,0.25,0.452151,0.3606239,0.28690845,-0.0036351304512219603,0.04704285,0.0967741935483871,0.21996129,0.20458424,1.0,0.79541576,0.28125,1.0,0.8914366,0.7800387,-0.008874270431369603,0.086577
exact-r2__b4dda76fcb4d5ce0a269d5bda4ab6bd412c2999d__粽子菇__v1117__bubble__f1b925ce__c0.mp4,0.9593979120254517,0.7921764850616455,0.0044281334,-0.052970186,-0.03384365,0.019126534,0.15625,0.05519405,-0.009256576,-0.038271785,0.0022030495587856526,0.025276791,0.2552241086959839,0.0,-0.22887352,0.14876643,0.0060889641754329205,0.37763995,0.1875,0.39002687,0.24596754,0.14876643,0.008230402666933376,0.084105,0.16129032258064516,0.4951802,0.38793916,0.99999994,0.6120608,0.1875,0.99999994,0.7562947,0.50481975,-0.018132203485259523,0.17659375
generic__ef01e3e16837353e5fa278ba9d8c3a02e714ae93__毒蘑菇__v931__eyemask__80d334ac__c0.mp4,0.9921251535415649,0.9776851534843445,0.0008903295,-0.010395631,-0.011070907,-0.0006752759,0.15625,0.017931417,0.002233874,-0.011961237,0.0001481637533459146,0.0069872364,0.1888018697500229,0.021282494,0.006119117,0.18168303,0.03775852918624878,0.17556392,0.03125,0.25214404,0.19103573,0.16040054,-0.00018164061851077835,0.019676166,0.0,0.035750806,0.017959118,0.99999994,0.9820408,0.09375,0.99999994,0.9805664,0.96424913,-0.00041056743377810824,0.008689588
base-props__ab6f99c5549581a128ce6f74321624ef1458176d__汉堡菇__v685__eyemask__62d9e5a4__c0.mp4,0.999595046043396,0.9991031885147095,0.0,-0.0050470233,-0.04442513,-0.039378107,0.125,-0.03748679,-0.041284394,-0.04442513,3.159140124698451e-05,0.0016108907,0.5854588150978088,0.006774962,0.002216518,0.5446178,0.05495834723114967,0.54240125,0.1875,0.54895526,0.5441744,0.5378428,-0.00017807575876761114,0.0025058368,0.0,0.00360322,0.0035439134,1.0000001,0.9964562,0.125,1.0000001,0.9975177,0.9963969,-7.578773189147894e-05,0.000839293
exact-r1__63c6cd5b6ce97c724c348a679627c9f637af97f7__爆炸菇（爆炸后）__v627__scooter__9f990d4c__c0.mp4,0.9877310395240784,0.9541608095169067,0.0007622838,-0.009061068,-0.043592572,-0.034531504,0.125,-0.025957584,-0.03784173,-0.044354856,0.00036885715676935764,0.0056431657,0.19109958410263062,0.0010178983,-0.065225855,0.11726597,0.005346976220607758,0.18249182,0.1875,0.20676824,0.15325788,0.11624807,0.00284775106312811,0.029643446,0.12903225806451613,0.20812404,0.20353228,1.0,0.7964677,0.28125,1.0,0.92308855,0.79187596,-0.007712607181841306,0.07500733
exact-r1__d159c2b2b1965c390ab45ec6dc4d5bc86ee54588__蘑菇力__v1299__bubble__7591476c__c0.mp4,0.9632815718650818,0.6568543910980225,0.02145937,0.007025987,0.016627222,0.009601235,0.21875,0.02024132,0.0067554545,-0.0048321486,-0.0001903162433429895,0.0070179617,0.3531804084777832,0.21403348,0.21014366,0.48027346,0.009560526348650455,0.2701298,0.21875,0.48027346,0.35993585,0.26623997,-0.0033200520945608995,0.051407017,0.0967741935483871,0.57863235,0.5416151,1.0000001,0.458385,0.0,1.0000001,0.54596317,0.42136776,-0.012189208374213948,0.16203836
base-props__9b466919eda610e8c73a0bd5a77aa817123053da__粽子菇__v629__scooter__ee29ce26__c0.mp4,0.9869430065155029,0.9531505703926086,0.032231897,0.02644509,0.06191048,0.03546539,0.1875,0.0852315,0.04801599,0.029678583,-0.0006270221027592042,0.010371888,0.19717717170715332,0.029335931,0.009942621,0.2352438,0.011082136072218418,0.22530118,0.1875,0.3114099,0.24519317,0.20590787,-6.114858642351011e-05,0.025166793,0.25806451612903225,0.053465843,0.029618979,1.0000001,0.97038114,0.15625,1.0000001,0.9738546,0.9465343,-0.0012874719400035085,0.01596052
base-props__45160a3209fab0c464a72ff9098bde522b4e0264__爆炸菇（爆炸前）__v254__scooter__4a80b0c1__c0.mp4,0.9957671165466309,0.9893795251846313,0.001554966,-0.009402305,-0.06411612,-0.054713815,0.15625,-0.04690081,-0.05422858,-0.06567109,0.00018958257964629024,0.004747736,0.5488768815994263,0.024402976,0.021609277,0.49606937,0.006993968039751053,0.4744601,0.21875,0.5156047,0.49464828,0.4716664,-0.00040502390684967274,0.0131772505,0.0,0.026683927,0.02273941,1.0,0.9772606,0.21875,1.0,0.984741,0.9733161,-0.00037298270684180747,0.0066182935
base-props__7477a8f5fd3a13dfd6406e169f1243b5549b5cc2__炸虾菇__v452__bubble__e02ebc45__c0.mp4,0.9946151375770569,0.9861028790473938,0.0047013387,0.0047013387,-0.0072700977,-0.011971436,0.1875,-0.0048765093,-0.008783826,-0.011971436,-3.8163791085618325e-05,0.001646666,0.10861025750637054,0.028354064,0.01598411,0.11058102,0.0017388919368386269,0.09459691,0.09375,0.122181565,0.09982644,0.082226954,-0.0003364934269174963,0.010092688,0.3548387096774194,0.04197836,0.031246364,1.0,0.96875364,0.09375,1.0,0.9762997,0.95802164,-0.0011124036812886961,0.011874326
base-props__a3ea0638c0bec1fb0f4c997a373d36ead037e385__粽子菇__v665__glasses__a3923a49__c0.mp4,0.980701208114624,0.9607008099555969,0.023029234,0.01553439,-0.0044612847,-0.019995674,0.09375,0.0013564005,-0.015150101,-0.027490519,-0.0003157364186773467,0.0069236252,0.046798381954431534,0.003445197,0.003445197,0.02127805,0.005252418108284473,0.017832853,0.125,0.0479604,0.031648282,0.017832853,-0.0003091676179128428,0.006845733,0.3225806451612903,0.08653444,0.045521438,1.0,0.95447856,0.125,1.0,0.9353257,0.91346556,-0.00010378471960768555,0.017184112
base-noprop__28a9118cfcb39ecdaa356dae1cfd75d6409d77fc__毒蘑菇__v0__5a4d667e__c0.mp4,0.9850869178771973,0.9527282118797302,0.034596324,0.009673297,0.06406385,0.05439055,0.21875,0.07520679,0.059223153,0.029467523,-0.0003011821771909059,0.010551166,0.5116231441497803,0.052775323,0.0039973855,0.56455547,0.00680035725235939,0.5605581,0.125,0.6419343,0.5708463,0.51178014,0.00033358690981643197,0.026484897,0.1935483870967742,0.10254067,0.02926904,1.0,0.97073096,0.15625,1.0,0.9556593,0.8974593,-0.0016023382610064803,0.030135846
exact-r2__474f385571ae5a110c7956cc929fee320bb370da__爆炸菇（爆炸后）__v454__glasses__cfb81219__c0.mp4,0.98135906457901,0.8783851861953735,0.0026693642,-0.05193317,-0.026138157,0.025795013,0.28125,0.030125171,-0.0007916121,-0.02880752,0.00221503334791779,0.022209002,0.2594435513019562,0.050883085,-0.024774373,0.25279707,0.0031493185088038445,0.27757144,0.15625,0.2916175,0.25865194,0.20191398,0.0010763144781512652,0.023574667,0.06451612903225806,0.17494017,0.10687882,0.9999998,0.893121,0.125,0.9999998,0.9439223,0.82505965,-0.0040046719293440345,0.043057553
base-noprop__182f83da0bcf36703e4fd5d1e28bc4008296ecaa__爆炸菇（爆炸前）__v0__4846a627__c0.mp4,0.9947609901428223,0.9623678922653198,0.019658059,0.0071464777,-0.049761534,-0.05690801,0.15625,-0.039813906,-0.05473288,-0.06941959,-0.0004029282671877381,0.0065311315,0.39926081895828247,0.11582884,0.011144608,0.40099266,0.003008662723004818,0.38984805,0.21875,0.40099266,0.3445279,0.28516382,-0.0008464092470683555,0.04276662,0.0,0.061876893,0.0045877695,1.0,0.99541223,0.25,1.0,0.969709,0.9381231,-0.0006476677189474386,0.023707375
exact-r1__37cf5b3121da345790097e2efc56911fb8dea3af__粽子菇__v364__flag__fb092b3e__c0.mp4,0.985516369342804,0.9275631308555603,0.01751697,0.015626788,0.027764738,0.0121379495,0.09375,0.0820114,0.032084115,0.010247767,-0.00027947949349355723,0.01423484,0.29395973682403564,0.020382762,-0.014074236,0.30709353,0.005874346010386944,0.32116777,0.1875,0.3896932,0.32604384,0.28671077,0.0019138136993318087,0.02797591,0.12903225806451613,0.10838944,0.07365817,0.99999994,0.9263418,0.125,0.99999994,0.9511892,0.8916105,-0.00298826706724081,0.031352192
exact-r2__ef42d53ed8b791605eae85aa1492240bd9a4a695__汉堡菇__v1502__bubble__5afa3d17__c0.mp4,0.9693617224693298,0.9166980981826782,0.01957658,0.015236676,-0.031201214,-0.04643789,0.15625,0.017439917,-0.020214505,-0.050777793,-2.2975665099285755e-05,0.017795924,0.23521512746810913,0.12204495,0.06268546,0.2762323,0.015043318271636963,0.21354684,0.125,0.2784908,0.21500061,0.15418735,-0.0014484534914061759,0.03207368,0.0,0.2970577,0.05890113,1.0000001,0.941099,0.15625,1.0000001,0.8456173,0.70294243,-0.002023875221741139,0.09449725
exact-r2__01a6567f10a570751973e6ec60ed6bde441ec10f__爆炸菇（爆炸后）__v14__eyemask__90e390c5__c0.mp4,0.992957592010498,0.9796329140663147,0.013551086,0.006157577,0.041495085,0.035337508,0.1875,0.06575751,0.046009302,0.027943999,-0.00039164183928994345,0.010629881,0.4869910776615143,0.042708993,0.02744186,0.5493561,0.017881594598293304,0.52191424,0.1875,0.5557362,0.53300035,0.5066471,-0.0010889473199145075,0.01401027,0.0,0.10279453,0.09191215,0.9999999,0.90808773,0.28125,0.9999999,0.94708765,0.89720535,-0.0033374310326366213,0.033283282
base-noprop__85485675b9afc7fa463bca0fd81c644d405acb2e__炸虾菇__v0__68bece95__c0.mp4,0.9804973006248474,0.9360113739967346,0.008426368,-0.002285421,0.010765016,0.013050437,0.125,0.03809136,0.018406328,0.0023386478,0.00035323790353763854,0.00986945,0.6154630184173584,0.07028347,0.07028347,0.6483231,0.006343767046928406,0.57803965,0.1875,0.6877394,0.6338693,0.57803965,-0.0009266092630425355,0.028526092,0.1935483870967742,0.105802536,0.050763786,1.0,0.9492362,0.15625,1.0,0.94463074,0.89419746,-0.0007889596444945034,0.024131527
base-noprop__1d5a1c958b3030b64164f55cfb9fdefdf2716651__蘑菇力__v0__a7cebd0b__c0.mp4,0.9982592463493347,0.9931385517120361,0.005106412,0.00035434216,-0.015932716,-0.016287059,0.21875,-0.014978737,-0.017298602,-0.021039128,-6.553954158054793e-05,0.0019415483,0.1066184788942337,0.043751895,0.005185917,0.10552032,0.00572152528911829,0.100334406,0.1875,0.107578084,0.08931987,0.061768427,-0.0007079986888161471,0.014426027,0.0,0.018150926,0.0038830638,0.9999999,0.9961168,0.125,0.9999999,0.99285877,0.98184896,-0.00023111692271969705,0.0046324995
base-props__24dc1f3ba782c8b6cd325590627ea2ed97b93833__毒蘑菇__v126__scooter__6fdbfbad__c0.mp4,0.993100106716156,0.9821299910545349,0.0102230385,0.0016880855,-0.017757095,-0.01944518,0.125,0.0005913079,-0.01646149,-0.027980134,0.00026169188779470075,0.00822971,0.12654221057891846,0.036540873,0.025644518,0.108546294,0.015650276094675064,0.082901776,0.15625,0.17191586,0.110080734,0.07200542,0.0005318326056222093,0.031227961,0.0,0.052016735,0.025863409,1.0,0.9741366,0.125,1.0,0.96837854,0.94798326,-0.00042868761722640635,0.011321701
base-props__1cf0944b8af6ac43f6f7e794a0d68118b7de888c__蘑菇力__v105__coffee__c045b076__c0.mp4,0.9982513785362244,0.9961069822311401,0.002343461,-0.006716825,-0.044345297,-0.03762847,0.125,-0.03762847,-0.04195444,-0.046688758,0.00015211269625427029,0.0025209354,0.06025699898600578,0.00037427153,-0.00201808,0.015007778,0.005906629376113415,0.017025858,0.1875,0.023545563,0.01830256,0.014633507,4.938115448420623e-05,0.0029370615,0.0,0.016752958,0.0050452948,1.0,0.9949547,0.25,1.0,0.9902878,0.98324704,-0.00019863600736137103,0.0054681343
exact-r2__6474718652c3298f3ac628f29426024c3a14fa73__炸虾菇__v630__scooter__a8183c89__c0.mp4,0.9947188496589661,0.9767271876335144,0.0008780621,-0.019975785,-0.012572642,0.0074031428,0.1875,0.0074031428,-0.0035694405,-0.0134507045,0.0004696254727711949,0.0055090715,0.07469464093446732,0.003196422,-0.03525052,0.05733512,0.004169793333858252,0.09258564,0.25,0.09258564,0.07112521,0.054138698,0.0009443292222217922,0.010440055,0.25806451612903225,0.055287063,0.042718053,1.0,0.95728195,0.21875,1.0,0.97085035,0.94471294,-0.0018880994569870507,0.0195695
base-noprop__2158ac4b40c183c04669f63ff768ba9ca348a0c7__蘑菇力__v0__d2d49a05__c0.mp4,0.9940251111984253,0.9859994053840637,0.00084269047,-0.017264307,-0.03180948,-0.014545172,0.125,-0.0005261898,-0.013337696,-0.03265217,0.0005574186067602145,0.008012489,0.5014749765396118,0.008748233,-0.0035442412,0.46711487,0.010189748369157314,0.4706591,0.25,0.52636784,0.4881373,0.45836663,0.0006302969306270516,0.016995594,0.0,0.048071325,0.020498514,0.9999999,0.97950137,0.25,0.9999999,0.9742268,0.95192856,-0.0009041121038348587,0.01471826
exact-r1__4ad750ed37eb0ade2e0d9bf6801c7c417a005531__毒蘑菇__v478__eyemask__4d71b6ae__c0.mp4,0.9850600361824036,0.9566006064414978,0.00813061,-0.016610503,0.004475355,0.021085858,0.15625,0.047891974,0.029952709,-0.0036552548,0.0005566550970427106,0.013590566,0.5465150475502014,0.016847491,-0.0076266527,0.5525404,0.020349672064185143,0.5601671,0.125,0.62171173,0.57646775,0.53569293,0.0006138738299395084,0.02146486,0.0,0.13428515,0.1295405,0.99999994,0.87045944,0.0,0.99999994,0.90284914,0.8657148,-0.003229994141111609,0.037382692
exact-r2__32dd046cc33c87913a63ceb3d332e99d5929fcfb__爆炸菇（爆炸后）__v338__coffee__b1adb7ff__c0.mp4,0.9953646063804626,0.9838239550590515,0.01212579,0.006717086,0.02976811,0.023051023,0.09375,0.043674827,0.028626364,0.01764232,-0.0003641437018109898,0.0071979663,0.3808612823486328,0.02259025,-0.0076450408,0.41268185,0.04361160844564438,0.4203269,0.125,0.42550668,0.40948766,0.3900916,0.00029100007937451854,0.007025411,0.0,0.023605704,0.022593856,1.0,0.97740614,0.21875,1.0,0.9867213,0.9763943,-0.0005333232980144842,0.006020897
exact-r1__60d3f25a0f1d299931711b15c4b35f349c86c157__毒蘑菇__v612__scooter__1d27755f__c0.mp4,0.9423552751541138,0.6094022989273071,0.0,-0.054223374,-0.04332526,0.010898113,0.125,0.032223195,-0.0029265718,-0.04332526,0.0015249235468132746,0.019171514,0.3031330406665802,0.0,-0.12005155,0.16171138,0.013536706566810608,0.28176293,0.09375,0.40531686,0.30020648,0.16171138,0.0013660951776981766,0.05435681,0.03225806451612903,0.74220073,0.7089831,1.0000001,0.291017,0.09375,1.0000001,0.50847113,0.2577994,-0.02104328119925213,0.22555584
exact-r1__f0ded2281369569374226c3d97d3dbf8e365ae0a__毒蘑菇__v1514__glasses__6529c6b9__c0.mp4,0.9543243646621704,0.9060717821121216,0.013732016,-0.008580327,-0.039863646,-0.03128332,0.15625,-0.004466623,-0.031070333,-0.053595662,-0.00018127157169877677,0.011964243,0.43053925037384033,0.03779918,-0.032879204,0.3617072,0.014022188261151314,0.3945864,0.1875,0.47376725,0.3994689,0.32390803,-0.000811765254461514,0.034788538,0.0,0.16484219,0.13881582,1.0000001,0.8611843,0.125,1.0000001,0.8815109,0.83515793,-0.003421363713017621,0.04102217
exact-r1__ba85413746dea437ec08f5638d106fcbddab3966__粽子菇__v1165__eyemask__ee2bc5e8__c0.mp4,0.9979071617126465,0.9898537993431091,0.012401089,0.010910265,-0.040046096,-0.05095636,0.25,-0.035474252,-0.043812446,-0.052447185,-0.00024329043946657775,0.004942448,0.046060360968112946,0.002343176,-0.00054997765,-0.002285121,0.006466934457421303,-0.0017351434,0.09375,0.01741088,0.0022479156,-0.004628297,6.338439730222712e-05,0.0056037703,0.16129032258064516,0.026611984,0.021959305,0.9999999,0.9780406,0.1875,0.9999999,0.9899056,0.9733879,-0.0006584117729817528,0.006710461
exact-r2__924031cbf126b245cf9afc8c24e5945a1e2524ab__粽子菇__v907__crown__f744010f__c0.mp4,0.9486062526702881,0.7314214706420898,0.006269604,-0.02601397,0.03370163,0.0597156,0.0625,0.113568366,0.05090094,0.027432024,0.0008324131456987608,0.017931247,0.35737836360931396,0.10969126,0.0075288415,0.4082349,0.02108198031783104,0.40070605,0.125,0.5339217,0.4082793,0.29854363,-0.0007238292853590934,0.04585955,0.06451612903225806,0.3711679,0.10783535,1.0000002,0.8921649,0.09375,1.0000002,0.90523803,0.62883234,-0.006196899847550816,0.09046093
generic__deb8dcc91484de67c08304d54dba061741b046a8__毒蘑菇__v870__coffee__64902ddf__c0.mp4,0.9989807605743408,0.9970370531082153,7.533282e-05,-0.0009188019,-0.037850667,-0.036931865,0.21875,-0.028757941,-0.033702172,-0.037926,-1.2744889291457815e-05,0.0029441556,0.03940868377685547,0.0005612578,0.0005350774,0.0007076971,0.004016343504190445,0.00017261971,0.15625,0.012994029,0.005706511,0.0001464393,-4.0755884655644555e-05,0.0037794595,0.0,0.015054584,0.0043078065,1.0,0.9956922,0.21875,1.0,0.9933101,0.9849454,-0.00015147099178555026,0.0038309952
base-noprop__3bebabbc637c0e47cdac3a89bb497c6c48ee197b__蘑菇力__v0__9b911419__c0.mp4,0.9949211478233337,0.9786977767944336,0.0015627444,-0.0006964505,0.00017794967,0.00087440014,0.125,0.0052499175,0.0020316234,-0.0013847947,-3.3420917531611915e-05,0.0013888531,0.40108102560043335,0.03515476,0.01680097,0.4025935,0.00738737266510725,0.38579252,0.1875,0.44984215,0.40311265,0.36743873,-0.0006620756779248301,0.019002799,0.0967741935483871,0.02981317,0.004741311,1.0,0.9952587,0.25,1.0,0.9825742,0.9701868,0.0001069894961772622,0.010190958
base-noprop__6789eb569ba9201716016a5c210359d9e3d43278__爆炸菇（爆炸前）__v0__f822ca90__c0.mp4,0.993742823600769,0.974722146987915,0.008388996,0.001265943,-0.0200907,-0.021356642,0.125,-0.011685699,-0.021312688,-0.028479695,9.011458660150836e-05,0.003452526,0.3222208619117737,0.06475881,0.030883819,0.3224875,0.005611029453575611,0.29160368,0.15625,0.35727555,0.30090815,0.2577287,-0.00037190047723631317,0.024959633,0.0,0.0384413,0.016522884,1.0,0.9834771,0.1875,1.0,0.9812753,0.9615587,-0.0004703706769474639,0.009704921
exact-r2__bbfb3f8d2ea190b8b909c93b9f01e4a1965419b1__爆炸菇（爆炸后）__v1178__bubble__a0db171b__c0.mp4,0.9855422973632812,0.9653547406196594,0.02016306,-0.0034992993,-0.020312905,-0.016813606,0.15625,0.02236253,-0.004888258,-0.040475965,-0.000518264855282747,0.015685044,0.2514623701572418,0.015353024,-0.063485146,0.22834623,0.007205311208963394,0.29183137,0.21875,0.29183137,0.2465741,0.2129932,0.0015493598315985012,0.020520212,0.22580645161290322,0.11549991,0.10686749,1.0000001,0.8931326,0.125,1.0000001,0.92885196,0.8845002,-0.00283259949769789,0.031152964
exact-r1__b5f3ed9751741b54d2b7860eb77b985aaee98b64__粽子菇__v1128__bubble__6e70acea__c0.mp4,0.9215524196624756,0.7085528373718262,0.020298019,-0.07349174,-0.0026411265,0.07085061,0.125,0.07240081,0.021976816,-0.022939146,0.0020562583659816517,0.026034722,0.21217700839042664,0.102726504,-0.21440572,0.20463312,0.009733865037560463,0.41903883,0.09375,0.41903883,0.23415384,0.10190661,0.0052420437387859925,0.08851753,0.25806451612903225,0.5695822,0.5695822,1.0,0.43041778,0.15625,1.0,0.73109627,0.43041778,-0.01617148187000552,0.163838
base-noprop__36eb6a2b312cae414c0f305a4fd633fb23cd8654__毒蘑菇__v0__5010e42b__c0.mp4,0.9957858324050903,0.9833011627197266,0.021391988,0.008884057,0.030785218,0.02190116,0.1875,0.036885127,0.023617877,0.00939323,5.868004902629283e-05,0.0064035873,0.16542626917362213,0.058754027,0.030108899,0.21806112,0.002515801228582859,0.18795222,0.125,0.22516291,0.18904413,0.15930709,-0.0006036192746805605,0.016016504,0.06451612903225806,0.029180706,0.02390331,1.0,0.9760967,0.03125,1.0,0.98185736,0.9708193,-0.0004284878062013068,0.006981488
exact-r2__926b75ca53aa1b77cedc8561681d4d79a3dc51b8__爆炸菇（爆炸前）__v911__flag__da5610be__c0.mp4,0.986318826675415,0.9705181121826172,0.02418378,0.012003869,-0.007169828,-0.019173697,0.15625,-0.007169828,-0.017516315,-0.031353608,1.7061073038060193e-05,0.0061451085,0.21280667185783386,0.082910135,0.022283897,0.2327848,0.0019168537110090256,0.2105009,0.21875,0.23476416,0.19529036,0.14987466,-0.0010595715132233272,0.021687217,0.1935483870967742,0.085897684,0.048875093,0.9999999,0.9511248,0.15625,0.9999999,0.9470122,0.9141022,-0.0020223922393888044,0.025509983
base-props__b4b495bee5ab16d6e8983a341ab6f3d948ed5f6c__爆炸菇（爆炸后）__v719__eyemask__b58922f7__c0.mp4,0.9908391237258911,0.9723381996154785,0.004200816,-0.0025167018,0.02438119,0.026897892,0.125,0.043613017,0.029080937,0.020180374,-0.00017562818568735134,0.005635767,0.14292365312576294,0.020875454,0.015863672,0.14782302,0.0017340262420475483,0.13195935,0.09375,0.24032082,0.17200458,0.12694757,0.0005463648046697405,0.029436328,0.3548387096774194,0.08201015,0.055825353,1.0000001,0.94417477,0.0625,1.0000001,0.95363975,0.91798997,-0.0011036601190692696,0.016580496
generic__ea0af3c357ca9e440d20ba13a8d5e54a56d394ba__炸虾菇__v912__glasses__0a785c0f__c0.mp4,0.9813584089279175,0.9162836670875549,0.0008790158,-0.019342292,-0.05227461,-0.03293232,0.1875,-0.02399762,-0.04254358,-0.053153627,0.0004529223519259958,0.0078105875,0.1034952700138092,0.023213658,-0.10589792,-0.017303664,0.002266473136842251,0.08859426,0.21875,0.1370148,0.060951684,-0.040517323,0.004072989543348201,0.059046138,0.3548387096774194,0.1072042,0.07342219,0.9999999,0.9265777,0.1875,0.9999999,0.9430426,0.8927957,-0.002377912697117327,0.03414667
exact-r2__f5956eb61a549d5be8e0160eeae49cb4cbf25a86__蘑菇力__v1548__eyemask__6bd3e0ce__c0.mp4,0.9884105324745178,0.9494575262069702,0.0042276382,-0.0065103173,-0.015535563,-0.009025246,0.21875,-0.0029481351,-0.008944826,-0.019763201,0.00015975501049648612,0.0039308975,0.3691139221191406,0.10037929,0.06314102,0.4095143,0.0041864290833473206,0.3463733,0.09375,0.41590747,0.36016908,0.30913502,-0.0025860220139239803,0.028247228,0.06451612903225806,0.122576594,0.104126036,1.0,0.89587396,0.03125,1.0,0.91967535,0.8774234,-0.003761674837370397,0.040767126
base-noprop__06e63e8138296f08358590534d1c65535297e3a7__毒蘑菇__v0__1ed754bc__c0.mp4,0.9945141077041626,0.9851409196853638,0.025969982,0.004596114,0.023183167,0.018587053,0.28125,0.032820284,0.014266394,-0.0027868152,0.00026358140747218553,0.010086391,0.5058559775352478,0.0636372,-0.025949359,0.5291449,0.007903316989541054,0.55509424,0.28125,0.58386093,0.5201224,0.4655077,0.002127953851458974,0.038294546,0.0,0.080159605,0.064415455,0.9999999,0.9355844,0.25,0.9999999,0.9599359,0.9198403,-0.002136969944336534,0.022147302
exact-r1__90782196f289a65e2ba2d9252e68e2e48e27ced0__粽子菇__v899__crown__269e9a7a__c0.mp4,0.995080292224884,0.9826607704162598,0.0010804497,-0.0025860704,-0.0007429421,0.0018431284,0.125,0.009772174,0.0016093488,-0.0018233918,1.1131646387453867e-05,0.0021986878,0.042986832559108734,0.006089775,-0.008970607,0.03712949,0.005598297342658043,0.0461001,0.1875,0.062221512,0.04459618,0.031039717,0.0004107563287331088,0.006388904,0.06451612903225806,0.023880005,0.010115981,0.9999999,0.9898839,0.15625,0.9999999,0.9881609,0.9761199,-0.00024667371315688005,0.005502121
exact-r1__162906640246ef44f99db4ad49276c513665eb1e__爆炸菇（爆炸前）__v142__glasses__6207d034__c0.mp4,0.9995418190956116,0.9989404082298279,0.001618661,0.00084456056,-0.04996767,-0.05081223,0.125,-0.045620598,-0.048950747,-0.05158633,-0.00011898606368326925,0.0017921549,0.02215738594532013,0.0010652654,-0.00028441846,-0.02699403,0.007031531073153019,-0.026709612,0.21875,-0.025049537,-0.026793359,-0.028059296,-1.1466879157290377e-05,0.0008854038,0.0,0.004693866,0.0036366582,0.99999994,0.9963633,0.09375,0.99999994,0.9971412,0.9953061,-0.00010886210456618163,0.001229603
base-props__36eb6a2b312cae414c0f305a4fd633fb23cd8654__粽子菇__v193__eyemask__b2ee2dfe__c0.mp4,0.9921261668205261,0.9693078398704529,0.03866762,0.009703696,0.089977205,0.08027351,0.28125,0.11011851,0.08270671,0.051309586,-8.337096450440584e-05,0.016617157,0.5129976272583008,0.0848428,0.01715231,0.62117887,0.007679082453250885,0.60402656,0.15625,0.6235558,0.59570426,0.53633606,-2.4262651844794503e-05,0.027617322,0.25806451612903225,0.06634939,0.027398527,1.0,0.9726015,0.1875,1.0,0.9700657,0.9336506,-0.0007603545277174364,0.019593613
base-noprop__11cbd6bb7e2ef5f62a971e19d40e2ef2d0d3b3f7__爆炸菇（爆炸后）__v0__a6c62d12__c0.mp4,0.9920544028282166,0.965303361415863,0.015678883,-0.0001604557,0.05007422,0.050234675,0.15625,0.061086535,0.0488877,0.034395337,-0.0003285597561915939,0.0064798594,0.5304979085922241,0.043346703,0.017794251,0.58786595,0.003385983407497406,0.5700717,0.28125,0.60515356,0.57938564,0.54451925,-0.0012515893866938816,0.020762898,0.12903225806451613,0.030438185,0.026330233,1.0,0.97366977,0.1875,1.0,0.9783726,0.9695618,-0.0006204819050002702,0.0073071634
generic__b2d3b11f7cc10d19163a3940e12f64f147409d54__粽子菇__v713__flag__5f4b5c50__c0.mp4,0.9843519330024719,0.8086086511611938,0.0034913495,-0.013921738,-0.044600643,-0.030678906,0.1875,-0.018011041,-0.031176774,-0.048091993,0.0003343537324203766,0.007801393,0.11198178678750992,0.004470654,-0.08627893,0.03405582,0.00596643565222621,0.12033475,0.25,0.12211543,0.080805,0.029585168,0.0032925374131332922,0.032762956,0.03225806451612903,0.29368097,0.29013252,1.0000001,0.7098676,0.0,1.0000001,0.80848074,0.70631915,-0.010565872853102896,0.11130561
exact-r1__46fdb8adba853657fade52d259f8ee4cb1b28dde__爆炸菇（爆炸后）__v451__glasses__c87c68d3__c0.mp4,0.9712195992469788,0.9418134689331055,0.0,-0.021313936,-0.02473776,-0.003423825,0.21875,0.005030498,-0.0108359195,-0.02473776,-5.1787322458109345e-05,0.008676667,0.06185393035411835,0.04128925,-0.03283135,0.057593375,0.009387325495481491,0.090424724,0.21875,0.090424724,0.05101801,0.016304124,8.712584068152174e-05,0.019658124,0.12903225806451613,0.2250973,0.2250973,1.0,0.7749027,0.125,1.0,0.90679514,0.7749027,-0.005189670539321756,0.051440362
exact-r2__0399b7e1281139c389c4f871736e53e2fab0d75d__爆炸菇（爆炸后）__v25__eyemask__9d8c5219__c0.mp4,0.9948214292526245,0.9728885889053345,0.012063041,-0.011556178,-0.038792893,-0.027236715,0.21875,-0.02396255,-0.03957302,-0.050855935,0.00016541181875070468,0.007914931,0.12069268524646759,0.027438343,-0.009615004,0.09120557,0.0043563079088926315,0.10082057,0.25,0.10345222,0.081119664,0.063767225,0.00028172742351452787,0.011911871,0.06451612903225806,0.04575157,0.028691232,0.99999994,0.9713087,0.15625,0.99999994,0.9769417,0.95424837,-0.0012915789469246002,0.0153590245
exact-r2__631681b89d48f73fa9b84e8c908a589e6776cc2c__爆炸菇（爆炸后）__v623__scooter__7a01a60b__c0.mp4,0.9855408668518066,0.9574761986732483,0.021926284,-0.002257824,-0.0057291985,-0.0034713745,0.125,-0.0023661256,-0.01590174,-0.027655482,-1.040883253047231e-05,0.0063018464,0.6133005619049072,0.061225295,0.0066038966,0.61797476,0.013563806191086769,0.61137086,0.15625,0.61918396,0.5973988,0.55674946,-0.0001719953858257955,0.014446542,0.0,0.05337614,0.04284239,0.9999999,0.9571575,0.15625,0.9999999,0.97716135,0.94662374,-0.0013373066449969165,0.014471553
generic__db8515de9bb0464fda393bf87d44ee920714f2f6__汉堡菇__v851__bubble__5c7bd097__c0.mp4,0.9921127557754517,0.9699276089668274,0.01072228,0.001313746,-0.0062669814,-0.0075807273,0.15625,0.0031425804,-0.00779232,-0.01698926,0.00018776948850525408,0.0054287114,0.2660873532295227,0.057053953,-0.0077224374,0.2768122,0.004571809899061918,0.28453463,0.21875,0.28799286,0.25829503,0.21975824,-0.000767787388605094,0.020820709,0.0,0.05414498,0.025417387,1.0,0.9745826,0.1875,1.0,0.96536005,0.945855,-0.000622678417002338,0.012705858
exact-r1__62c4b310812464715b031f8b6b51ec5b65e0d3ee__毒蘑菇__v621__scooter__765f63a6__c0.mp4,0.9730057716369629,0.9209002256393433,0.013512254,-0.020611763,0.042251468,0.06286323,0.125,0.08258861,0.050803818,0.028739214,0.0005502337344056361,0.012066862,0.48382502794265747,0.054398924,-0.017690063,0.5469837,0.013354361057281494,0.5646738,0.15625,0.58594346,0.53462887,0.4925848,0.0003281071498072532,0.021203794,0.16129032258064516,0.15717304,0.102155685,0.9999999,0.8978442,0.09375,0.9999999,0.93209374,0.84282684,-0.00392197301922653,0.041856598
base-noprop__90d2739dfb7858927d0f47919eb4bdb9a91380c7__粽子菇__v0__89b8b153__c0.mp4,0.988204300403595,0.9573668241500854,0.026371658,-0.032618225,0.11123639,0.14385462,0.21875,0.14774412,0.11722489,0.084864736,0.0011158116773601172,0.0193502,0.5950725674629211,0.07351351,-0.01086086,0.742968,0.021792784333229065,0.7538289,0.21875,0.7610795,0.71229744,0.6694545,0.0018109762795335304,0.030032787,0.0,0.06910062,0.06715971,1.0,0.9328403,0.09375,1.0,0.95125616,0.9308994,-0.001094066895697442,0.019616667
exact-r1__b68bd790b0276728d5b0df42061a7a6cb4e51370__毒蘑菇__v1135__crown__27f578bc__c0.mp4,0.9781481027603149,0.9306764006614685,0.024076551,0.0015313774,-0.020062998,-0.021594375,0.09375,-0.0017779171,-0.023836598,-0.04413955,0.00012195670480165243,0.008140031,0.2469760626554489,0.0694236,-0.019558713,0.2118239,0.011839199811220169,0.23138261,0.0625,0.25607395,0.22313946,0.1424003,7.726067726301623e-05,0.021373324,0.2903225806451613,0.3498062,0.20253646,1.0,0.79746354,0.09375,1.0,0.83334994,0.6501938,-0.006167175078933876,0.08133482
exact-r1__e788516b536549b961694ff7e61e27486033c7f1__吐司菇__v1452__eyemask__4ec83f1f__c0.mp4,0.9971137046813965,0.988170862197876,0.0049329326,0.0026325919,-0.0518609,-0.05449349,0.21875,-0.047622822,-0.05211582,-0.05679383,-5.785282428138931e-05,0.0023239884,0.12008070945739746,0.024952952,0.019684311,0.0747799,0.01638205349445343,0.055095587,0.28125,0.079871915,0.0679649,0.049826946,-0.0007371923167946729,0.009676027,0.0,0.04393077,0.04274118,1.0,0.9572588,0.25,1.0,0.9759655,0.95606923,-0.001289019246429963,0.0128835905
base-noprop__33159c17b1b4cc97be3acad43a606bfdc0461807__粽子菇__v0__2af2fcd8__c0.mp4,0.9917683601379395,0.9629634022712708,0.0068842843,-0.0024397075,-0.018142767,-0.01570306,0.125,-0.0037826896,-0.013137342,-0.025027052,0.00017061815638084172,0.004916545,0.07467519491910934,0.02275623,0.0072093457,0.062346943,0.014453073963522911,0.055137597,0.09375,0.08914964,0.061537854,0.039590713,0.00016005571502809976,0.011461649,0.06451612903225806,0.056391478,0.0074703693,1.0000002,0.99252987,0.09375,1.0000002,0.9841632,0.94360876,-0.0003306418766548701,0.012082506
exact-r1__2554fe92bd1bd8c064abb9c345b6a326d198823d__炸虾菇__v239__eyemask__99b2f130__c0.mp4,0.9948805570602417,0.9847173690795898,0.0014930815,-0.017510548,-0.14913894,-0.1316284,0.1875,-0.119202316,-0.13726628,-0.15063202,0.0009969038536493517,0.010716787,0.2759348154067993,0.028850712,0.014039472,0.15062968,0.017849743366241455,0.13659021,0.21875,0.15299031,0.13866854,0.12177897,-0.0006546374817332364,0.007834571,0.0,0.05359119,0.049233735,0.99999994,0.9507662,0.3125,0.99999994,0.9723053,0.94640875,-0.001950566457513459,0.018597532
base-noprop__2c164d8e794e57d3dbeecb7a01572c433d3d03f3__毒蘑菇__v0__ff0057fc__c0.mp4,0.9949119687080383,0.9802291393280029,0.0005789995,0.0005789995,-0.050698057,-0.051277056,0.3125,-0.024811737,-0.03989436,-0.051277056,5.0345155795559836e-05,0.007851503,0.16360774636268616,0.036532015,0.013998032,0.14367512,0.023400086909532547,0.12967709,0.25,0.14724082,0.12371338,0.107143104,-0.0001453013252193771,0.010792394,0.0,0.034556508,0.011494696,1.0,0.9885053,0.125,1.0,0.98236537,0.9654435,-0.0003499715340451861,0.01021651
base-noprop__24dc1f3ba782c8b6cd325590627ea2ed97b93833__吐司菇__v0__72a2ef73__c0.mp4,0.9907802939414978,0.9134480357170105,0.023801915,0.003061235,-0.02929023,-0.032351464,0.21875,-0.028380245,-0.037029244,-0.053092144,-0.00028233404497990275,0.007800006,0.11473608016967773,0.009246014,0.009246014,0.07798723,0.0019912361167371273,0.06874122,0.0,0.11215754,0.07770684,0.06874122,2.1530907939782577e-05,0.010777282,0.3548387096774194,0.09658009,0.011722982,0.99999994,0.98827696,0.15625,0.99999994,0.97666585,0.90341985,-0.0009716482521676335,0.028918248
exact-r1__626b6bd3e31f1f1f566ad8589123249d6c71e87e__爆炸菇（爆炸后）__v620__scooter__c59c39e4__c0.mp4,0.9887351393699646,0.9764090180397034,0.013977796,0.011058569,-0.0331859,-0.04424447,0.09375,-0.000849545,-0.02631997,-0.047163695,7.385524028032697e-05,0.011597344,0.20498594641685486,0.06081228,0.06081228,0.19035253,0.0026558549143373966,0.12954025,0.1875,0.23343357,0.17866597,0.12954025,-0.001004150959381781,0.027898084,0.2903225806451613,0.08752215,0.05591452,1.0,0.9440855,0.125,1.0,0.9496702,0.91247785,-0.00202157187802697,0.027323982
exact-r1__372c7ce27e46c7f4d9e0604e9cd9045cf4bdec52__粽子菇__v362__flag__cffdcb8f__c0.mp4,0.9926180243492126,0.983177900314331,0.0056117773,0.001573354,0.021689445,0.02011609,0.125,0.035975277,0.02332066,0.016077667,-0.00011679898302925583,0.004026836,0.3868326246738434,0.03484574,0.016953856,0.42184052,0.014226827770471573,0.40488666,0.15625,0.431929,0.41015327,0.38699478,-0.0008834964347200194,0.011203531,0.0,0.1011436,0.09419745,1.0000002,0.9058028,0.1875,1.0000002,0.9460083,0.89885664,-0.003731136546194338,0.035773955
exact-r2__9246f4c2cfaf94dbb9aaf761e9ed5784d548c111__粽子菇__v908__crown__619a8663__c0.mp4,0.8820059299468994,0.5798059701919556,0.0042341948,-0.10050662,0.00430505,0.10481167,0.09375,0.18467876,0.07858747,7.085502e-05,0.001874719921204527,0.035938825,0.3555605411529541,0.005757898,-0.37628374,0.19283721,0.022222425788640976,0.56912094,0.15625,0.57467854,0.434148,0.18707931,0.007329082384137469,0.10355829,0.1935483870967742,0.7082008,0.69669694,1.0,0.30330306,0.21875,1.0,0.55635357,0.29179922,-0.01956253670308942,0.21143888
base-noprop__9fbd18735103fe1b5d2240e6fd020546f1e15e3a__粽子菇__v0__e694f714__c0.mp4,0.9902626276016235,0.9624605774879456,0.028843462,-0.007995844,0.071063995,0.07905984,0.15625,0.08789462,0.070906624,0.042220533,0.00036774165491379815,0.010171622,0.4974016547203064,0.10606551,0.010334551,0.60570544,0.05173911154270172,0.5953709,0.21875,0.6256334,0.56830823,0.49963993,0.0002591748697317391,0.037093367,0.0,0.08143866,0.06466931,1.0,0.9353307,0.21875,1.0,0.9516797,0.91856134,-0.0027311970411507285,0.028518412
exact-r2__60d3f25a0f1d299931711b15c4b35f349c86c157__毒蘑菇__v612__scooter__1d27755f__c0.mp4,0.976387619972229,0.89947110414505,0.0148747265,0.0013951957,-0.039435774,-0.04083097,0.1875,-0.020093784,-0.03730182,-0.0543105,-0.00044720621282491596,0.0093829045,0.25685179233551025,0.049200922,-0.08837499,0.2000777,0.013325461186468601,0.28845268,0.25,0.32414404,0.21954997,0.15087678,0.004197110329096447,0.052581925,0.03225806451612903,0.25764954,0.2530551,1.0000001,0.746945,0.1875,1.0000001,0.9190072,0.7423506,-0.007906187282017573,0.08359537
base-props__5fb311357441af70b6b5eaa1482d7a943ed2f0ac__爆炸菇（爆炸前）__v362__flag__46fe29b1__c0.mp4,0.9986062049865723,0.9961786270141602,0.0052492246,0.00060955435,-0.06897394,-0.0695835,0.1875,-0.06656311,-0.07013497,-0.07422317,-5.055740038670487e-05,0.0016833493,0.19101569056510925,0.01665175,0.0049088225,0.1284418,0.034039437770843506,0.12353297,0.125,0.12995288,0.12088072,0.111790046,-9.934586961685252e-05,0.003923689,0.0,0.010542512,0.008052468,1.0,0.99194753,0.1875,1.0,0.99400693,0.9894575,-0.00025959216779275317,0.002640243
exact-r1__34495e2b0882ddeaad3237f3947906d32c637b3c__爆炸菇（爆炸后）__v347__coffee__78676887__c0.mp4,0.9878022074699402,0.9658181667327881,0.020317115,-0.017728314,-0.0026138574,0.015114456,0.1875,0.015114456,-0.0022774793,-0.022930972,0.0002579247084640161,0.009098449,0.12016701698303223,0.028794482,-0.0208385,0.12609431,0.005961637943983078,0.14693281,0.15625,0.14693281,0.11788953,0.09729983,9.589172528286845e-05,0.009890758,0.2903225806451613,0.07879126,0.07879126,0.99999994,0.9212087,0.09375,0.99999994,0.96805084,0.9212087,-0.0016155038739054585,0.017982505
exact-r1__18550aeb254f3fee4e7bf9994a4d3d285dbf113e__爆炸菇（爆炸前）__v155__glasses__f5b23df7__c0.mp4,0.9694421887397766,0.903878927230835,0.031297863,0.031297863,-0.022513986,-0.05381185,0.1875,-0.014091432,-0.029250529,-0.05381185,-0.0007449152778364349,0.010506262,0.35373207926750183,0.23700045,0.13211834,0.4046045,0.004973959643393755,0.27248615,0.21875,0.4481587,0.32448155,0.16760404,-0.0071562860390482685,0.08149145,0.12903225806451613,0.20529056,0.14119053,0.9999999,0.85880935,0.25,0.9999999,0.91125214,0.7947093,-0.005265985361554384,0.057316363
base-noprop__26dbb8ae31663566874e3c69116675e0a5c2f687__吐司菇__v0__fb6841e0__c0.mp4,0.9936443567276001,0.9853501915931702,0.020951688,-0.0042994693,-0.06509331,-0.06079384,0.21875,-0.059063986,-0.07187398,-0.086045,4.7869227903066534e-05,0.007706085,0.15665899217128754,0.010739461,0.009469561,0.07763213,0.0037492497358471155,0.06816257,0.1875,0.10349855,0.084785014,0.06689267,-0.00014900482093090257,0.010668623,0.1935483870967742,0.033386827,0.022326231,0.9999999,0.97767365,0.21875,0.9999999,0.97818685,0.96661305,-0.0003385250279106127,0.007903936
base-noprop__28a40bdc8031c3ded5a744a31c764d0180862532__炸虾菇__v0__390f19c5__c0.mp4,0.9864703416824341,0.9481980800628662,0.0064494014,-0.011007309,0.04112792,0.05213523,0.15625,0.072244406,0.0518682,0.03467852,0.0007571510184020955,0.0103402315,0.6364238262176514,0.04110402,-0.024668634,0.68306106,0.009936081245541573,0.7077297,0.25,0.7395815,0.6882921,0.64195704,0.0012897441922919337,0.026440328,0.0,0.058582008,0.045318365,1.0,0.95468163,0.09375,1.0,0.96156204,0.941418,-0.0014160952894044045,0.01635476
exact-r1__95d180ac0df94262f8aebe30fe54f9db640fe821__毒蘑菇__v935__bubble__8f7ac22e__c0.mp4,0.951631486415863,0.8305168151855469,0.020414963,-0.027787179,-0.04948044,-0.02169326,0.15625,-0.015166968,-0.04366372,-0.0698954,0.0006383860543850923,0.013957747,0.2724960446357727,0.13082571,0.0039026737,0.2778375,0.0038040312938392162,0.27393484,0.28125,0.3032428,0.22883233,0.1470118,-0.00018768917354057975,0.054258917,0.12903225806451613,0.3693925,0.17980176,0.99999994,0.8201982,0.125,0.99999994,0.836491,0.6306074,-0.008017467099987493,0.10987102
exact-r1__4738bebba8757a16e0b094a37be38bbf14855865__粽子菇__v453__scooter__bbb8a614__c0.mp4,0.9353879690170288,0.8689445853233337,0.107448354,0.028927132,0.12629937,0.097372234,0.1875,0.14501333,0.07588123,0.018851012,-0.0012387419665707499,0.031554982,0.3562917709350586,0.0054949224,-0.17756927,0.3165056,0.023362811654806137,0.49407488,0.1875,0.531456,0.432173,0.3110107,0.005420531815360376,0.06225149,0.12903225806451613,0.582693,0.5284052,1.0,0.47159478,0.0625,1.0,0.6247666,0.417307,-0.019309101194755037,0.19552
generic__1cf0944b8af6ac43f6f7e794a0d68118b7de888c__蘑菇力__v105__coffee__c045b076__c0.mp4,0.9977142214775085,0.9927071928977966,0.0107050985,0.00019958615,-0.04033781,-0.040537395,0.1875,-0.03297786,-0.04341349,-0.051042907,8.121026540584654e-05,0.0044269934,0.061990078538656235,0.0064632585,-0.0051835403,0.01951246,0.0035222675651311874,0.024696,0.09375,0.029504534,0.018576588,0.013049201,0.0003334191447544481,0.005025465,0.16129032258064516,0.017088592,0.015409529,1.0,0.9845905,0.09375,1.0,0.9887315,0.9829114,-0.0004993782998704249,0.0054045
exact-r1__45443570796936e108082092b3fa858f1cf9ba6f__吐司菇__v435__bubble__d4476470__c0.mp4,0.9713015556335449,0.8986254930496216,0.0,-0.021112025,-0.1347901,-0.11367807,0.15625,-0.07217857,-0.10720961,-0.1347901,0.00043161771372178737,0.016478648,0.30835533142089844,0.088489056,0.016404837,0.22850999,0.0018964596092700958,0.21210515,0.25,0.25922763,0.20114571,0.14002094,-0.0006420626919552649,0.031155186,0.16129032258064516,0.26801562,0.10002744,1.0,0.89997256,0.125,1.0,0.8748429,0.7319844,-0.0035850350633044904,0.073840916
generic__152077a5b2e9ecb98c83d24bd2c2d3c0ce349e29__蘑菇力__v75__scooter__f217b500__c0.mp4,0.9818180203437805,0.9452834129333496,0.007439032,-0.0032585561,0.008622363,0.011880919,0.1875,0.022396669,0.012261424,0.001183331,-0.00012875392574194199,0.0055500935,0.20543083548545837,0.026076704,-0.030093148,0.20633537,0.004796938505023718,0.23642851,0.09375,0.2784485,0.21769227,0.18025866,0.0008791929050799407,0.021357497,0.06451612903225806,0.102425694,0.013472021,1.0,0.986528,0.25,1.0,0.95598257,0.8975743,-0.0016046069300244352,0.035336245
exact-r1__623a70f05bf53aa3dd7e02808f409d8dafde1d7c__爆炸菇（爆炸后）__v617__scooter__b8963715__c0.mp4,0.9455924034118652,0.6384707689285278,0.031124387,0.030443005,-0.001553297,-0.031996302,0.1875,0.12190369,6.6361274e-05,-0.032677684,-0.000116542308752444,0.030219084,0.2995729148387909,0.32052377,0.32052377,0.35873497,0.01826734095811844,0.03821119,0.21875,0.47056055,0.29963925,0.03821119,-0.009761677882183451,0.13856678,0.03225806451612903,0.744951,0.7430936,1.0,0.2569064,0.28125,1.0,0.75705326,0.25504902,-0.02862377064930725,0.299522
exact-r1__db5946ea1cbac3f670575cbc00262fee4918e14a__炸虾菇__v1372__flag__e3021cc8__c0.mp4,0.9862795472145081,0.9544819593429565,0.033558764,0.014355615,-0.010985665,-0.02534128,0.1875,-0.010985665,-0.028242297,-0.04454443,-0.00034907585299434607,0.008409503,0.1434171497821808,0.025244594,0.025244594,0.10835003,0.002861290005967021,0.08310544,0.25,0.15552261,0.115174845,0.08310544,-0.0006683434255945526,0.023015363,0.06451612903225806,0.08595222,0.06925982,1.0000001,0.9307403,0.15625,1.0000001,0.94656205,0.9140479,-0.0021900952386716037,0.025104892
exact-r2__730702bed82aaf1a0c1093664b6b45d5254520a9__爆炸菇（爆炸前）__v723__eyemask__f6753a50__c0.mp4,0.9956523776054382,0.9834980964660645,0.006357372,0.0031895638,-0.027708888,-0.030898452,0.1875,-0.023233354,-0.02890113,-0.03406626,-0.00018890282887517617,0.0025949744,0.6242315769195557,0.023114622,0.008613229,0.6016202,0.018237899988889694,0.59300697,0.125,0.6078939,0.5953304,0.5785056,-0.00022514377477580015,0.0064988662,0.0,0.0458529,0.0458529,1.0,0.9541471,0.25,1.0,0.97019947,0.9541471,-0.0013184550373959473,0.012846319
exact-r1__392410131274da938ab5d7413fe09371ec7bf3ff__粽子菇__v372__flag__111364cb__c0.mp4,0.9818809628486633,0.9116134643554688,0.04107765,-0.016767293,-0.0017974377,0.014969856,0.1875,0.03749764,0.00037049875,-0.04287509,0.0004040432897262557,0.02173295,0.21111193299293518,0.123048045,-0.055362523,0.21200266,0.0035489459987729788,0.2673652,0.21875,0.3089973,0.21148244,0.08895462,0.0003167880191044436,0.05848252,0.22580645161290322,0.11355978,0.11065525,0.99999994,0.8893447,0.25,0.99999994,0.93620795,0.88644016,-0.004261686971897213,0.042343907
exact-r2__34b54af8a5899c7c22353eaac7f1689280af08bd__蘑菇力__v350__scooter__5163f449__c0.mp4,0.9960495233535767,0.9811749458312988,0.006285349,0.003130054,-0.014549872,-0.017679926,0.125,-0.004097499,-0.014285386,-0.02083522,8.579013668426745e-05,0.0038169674,0.043302349746227264,0.008636156,-0.0074229855,0.02810731,0.013709916733205318,0.035530295,0.25,0.041640054,0.029016964,0.019471154,0.00043896151279151235,0.0056938333,0.03225806451612903,0.07299358,0.06400937,1.0,0.93599063,0.28125,1.0,0.97034156,0.9270064,-0.0024681412819718015,0.024900906
generic__b166561176afda3a52cc9957753e6b2a097c6778__爆炸菇（爆炸前）__v708__glasses__ebc7f03d__c0.mp4,0.9987945556640625,0.996802568435669,0.0015259981,-0.0014741719,-0.03021273,-0.028738558,0.1875,-0.026970588,-0.02930991,-0.03173873,4.909553256464785e-05,0.001284687,0.09571316838264465,0.011181407,0.005238086,0.06868547,0.004055062308907509,0.063447386,0.125,0.0734171,0.06640326,0.057504065,3.650236623552992e-05,0.004128762,0.06451612903225806,0.009330332,0.008281708,0.99999994,0.99171823,0.125,0.99999994,0.99318457,0.9906696,-0.0001185562057404012,0.0019387056
base-noprop__691bb9a71d598e287cbef46044bd6aef8fa79960__爆炸菇（爆炸后）__v0__8dfaef03__c0.mp4,0.9930528998374939,0.9762152433395386,0.018087834,0.008966193,-0.005276665,-0.014242858,0.1875,0.002358526,-0.0101177655,-0.0233645,-0.0001576542881620597,0.005962394,0.2688175439834595,0.019267961,0.007629797,0.23969777,0.013544067740440369,0.23206797,0.15625,0.32016987,0.25869977,0.22042981,-0.0001164757922466461,0.03213692,0.0,0.1221658,0.0053558946,0.99999994,0.99464405,0.25,0.99999994,0.95173544,0.87783414,-0.00019645497552458208,0.04257808
exact-r1__c3ddf9205086e5bee83b50f2c6758e8462dc5ace__爆炸菇（爆炸前）__v1224__coffee__a6ddb6ff__c0.mp4,0.9910038709640503,0.9667154550552368,0.008815736,0.00046262145,-0.007944018,-0.008406639,0.1875,-0.0017074049,-0.008367541,-0.016759753,-0.00011805584381096889,0.0036345513,0.14874771237373352,0.015242875,0.005433142,0.13731962,0.02136358618736267,0.13188648,0.125,0.16087037,0.14038017,0.12207675,-0.00039070677640369616,0.0102902,0.0,0.08297789,0.0110369325,1.0000001,0.9889632,0.25,1.0000001,0.9733126,0.9170222,-0.001292233265215314,0.02402785
exact-r1__631681b89d48f73fa9b84e8c908a589e6776cc2c__爆炸菇（爆炸后）__v623__scooter__7a01a60b__c0.mp4,0.9868646264076233,0.9341251850128174,0.011994004,0.0034384727,-0.016818464,-0.020256937,0.125,-0.0015060902,-0.019106215,-0.028812468,-2.596292459020894e-05,0.0063651227,0.6054677367210388,0.04677975,-0.028883994,0.57048213,0.01324225403368473,0.5993661,0.0625,0.6495608,0.5863616,0.5237024,0.0013557097538650315,0.02386299,0.0,0.07865286,0.042241096,1.0,0.9577589,0.15625,1.0,0.9674299,0.92134714,-0.001735455239098763,0.023309471
exact-r1__49e4303b44fcc27a48dcbb9fedc8fd22431b34ff__毒蘑菇__v472__eyemask__5bdac16e__c0.mp4,0.9756141304969788,0.9303290843963623,0.0150182545,-0.056875825,-0.03150457,0.025371253,0.21875,0.061945617,0.012320778,-0.046522826,0.00298290610684852,0.032721188,0.5396841764450073,0.078998774,0.014837682,0.53116375,0.012602785602211952,0.51632607,0.0625,0.6601677,0.55200493,0.45216498,0.0003763752500595034,0.039381843,0.0,0.27722394,0.25904685,1.0,0.74095315,0.03125,1.0,0.8234712,0.72277606,-0.009556487333739573,0.096171334
exact-r1__bbfb3f8d2ea190b8b909c93b9f01e4a1965419b1__爆炸菇（爆炸后）__v1178__bubble__a0db171b__c0.mp4,0.9789338111877441,0.9474869966506958,0.022299573,0.018900022,0.00022573769,-0.018674284,0.15625,0.018232882,-0.008582788,-0.022073835,-0.0005185952617669385,0.009628793,0.1947290301322937,0.046663553,-0.0020771623,0.19542052,0.00983438454568386,0.19749768,0.125,0.23939495,0.18614624,0.14875697,-0.00047024054851524546,0.018314596,0.3225806451612903,0.33784783,0.33498526,1.0,0.66501474,0.1875,1.0,0.8212961,0.6621522,-0.01148289129618672,0.11235991
exact-r1__f5956eb61a549d5be8e0160eeae49cb4cbf25a86__蘑菇力__v1548__eyemask__6bd3e0ce__c0.mp4,0.9770768284797668,0.9288442134857178,0.05613354,0.04905784,0.025212735,-0.023845106,0.25,0.025397003,0.0031692386,-0.030920804,-0.0016663726910817647,0.017709527,0.4730679988861084,0.12038705,0.12038705,0.50435853,0.005332090891897678,0.38397148,0.25,0.54203933,0.47623724,0.38397148,-0.003663991575192134,0.050157692,0.22580645161290322,0.19262463,0.19262463,1.0,0.8073754,0.1875,1.0,0.89228654,0.8073754,-0.00498632598351521,0.052042186
exact-r2__d1cbac6a456f79a41730e92a0d258e6c48cc9f72__蘑菇力__v1303__bubble__187cc260__c0.mp4,0.9579098224639893,0.9063575267791748,0.02612573,-0.0038162991,-0.0062064305,-0.0023901314,0.21875,-0.0013467148,-0.01203857,-0.03233216,-6.931554526090646e-05,0.008682887,0.09397351741790771,0.011312291,-0.054177858,0.061488062,0.00857976172119379,0.11566592,0.21875,0.116321325,0.08193496,0.05017577,0.001215577566630244,0.017783662,0.3225806451612903,0.36418104,0.30231136,1.0,0.69768864,0.21875,1.0,0.8282076,0.63581896,-0.011775760444378195,0.11598119
generic__5626b130f196987d62f6d0c5c5db38f271c3a918__蘑菇力__v324__eyemask__8aa782fc__c0.mp4,0.9901680946350098,0.9749590754508972,0.0065866113,-0.013691038,-0.031838775,-0.018147737,0.15625,-0.0024321973,-0.020700438,-0.038425386,8.432288542171313e-05,0.009887701,0.3300575017929077,0.0021921396,-0.017316133,0.28050268,0.07081592082977295,0.2978188,0.15625,0.35081264,0.30935705,0.27831054,0.00024968681206976397,0.020205194,0.0,0.05827439,0.04802811,1.0000001,0.951972,0.125,1.0000001,0.96413994,0.94172573,-0.0013529246787696042,0.015672866
exact-r2__79338d48a690fd016313c198f04a3dc484b6e14f__毒蘑菇__v755__flag__ebd0d94e__c0.mp4,0.9900891780853271,0.9610538482666016,0.014766708,-0.0059381425,-0.06367351,-0.05773537,0.125,-0.04910563,-0.061451636,-0.07844022,0.0002465720706321613,0.006075861,0.241371750831604,0.056404784,0.037262693,0.2046165,0.008447350934147835,0.16735381,0.09375,0.20886105,0.1799201,0.14821172,-0.0007689699989434873,0.014974184,0.16129032258064516,0.08141291,0.078689456,1.0,0.92131054,0.0625,1.0,0.9469668,0.9185871,-0.0025401752212704395,0.026649173
base-props__1d5a1c958b3030b64164f55cfb9fdefdf2716651__汉堡菇__v107__flag__30c943b7__c0.mp4,0.9864826202392578,0.9280070066452026,0.019800186,0.0045135915,-0.018025517,-0.022539109,0.15625,-0.0070257187,-0.0202441,-0.037825704,-0.00039529464483435933,0.006408674,0.2976464331150055,0.007512629,-0.038712442,0.25880486,0.013240907341241837,0.2975173,0.125,0.31626537,0.2774023,0.25129223,0.0009582605693609549,0.018602973,0.0,0.11207402,0.10515201,1.0,0.894848,0.25,1.0,0.9594266,0.887926,-0.0038597699134580356,0.038687617
base-props__58a25304d5897daa19607fb3b5ce8c1f9d1c340f__爆炸菇（爆炸前）__v335__bubble__54c5e930__c0.mp4,0.9960159659385681,0.987598180770874,0.0024532825,-0.0030175894,-0.021780252,-0.018762663,0.21875,-0.016266495,-0.01973065,-0.024233535,-9.67005065634162e-06,0.0021236816,0.21978065371513367,0.014295235,0.0051414073,0.19597434,0.01911749318242073,0.19083293,0.1875,0.22181383,0.20005003,0.1816791,-0.0006848965932634191,0.010652453,0.0,0.025892735,0.004043579,1.0000001,0.99595654,0.21875,1.0000001,0.9895283,0.9741074,-0.0001107718784613106,0.006993578
exact-r1__98e308331e62de84e949c3e924bcff35f3f6c9bf__毒蘑菇__v946__bubble__f8dd16ce__c0.mp4,0.9723271727561951,0.9001920819282532,0.038009748,-0.00493145,-0.06379081,-0.058859363,0.125,-0.042123936,-0.06633757,-0.10180056,5.661941452981885e-06,0.010395597,0.15661370754241943,0.039654277,-0.0024578571,0.09794262,0.013172195293009281,0.10040048,0.15625,0.11452652,0.09027615,0.058288343,-0.0006642647202282336,0.014522893,0.12903225806451613,0.35419768,0.06773609,1.0,0.9322639,0.1875,1.0,0.8863547,0.6458023,-0.008619148032930905,0.11076522
exact-r1__10f08b45f5b437b36ac2c7a288fa49b307a4fdb7__蘑菇力__v102__coffee__0ac3f68e__c0.mp4,0.9915948510169983,0.9687564373016357,0.0076040477,-0.0049323663,-0.0026886463,0.00224372,0.1875,0.005956985,0.00021740422,-0.010292694,-0.0001600464734950722,0.0034390127,0.09914861619472504,0.046242602,-0.0071406215,0.11166456,0.0016395074781030416,0.118805185,0.1875,0.12437473,0.099366024,0.06542196,-0.0006435562711744342,0.014898744,0.1935483870967742,0.06537187,0.018324375,1.0000002,0.98167586,0.09375,1.0000002,0.97649187,0.93462837,-0.00099146619570218,0.013182425
generic__6347b4fdacef12020e4808533f7022e254119900__吐司菇__v376__glasses__2acf789a__c0.mp4,0.9935463070869446,0.9763717651367188,0.0049797893,-0.0022224784,-0.030879825,-0.028657347,0.0625,-0.017132908,-0.026545737,-0.035859615,-0.00011793344317118853,0.0045057237,0.39970889687538147,0.0035018325,-0.022910625,0.34805578,0.01581098511815071,0.3709664,0.1875,0.41448584,0.37316316,0.34455395,0.00044508182779610787,0.021762932,0.0,0.044309974,0.0087993145,1.0,0.9912007,0.21875,1.0,0.98082656,0.95569,-0.00013346081910942082,0.013365293
exact-r1__f9aacc031f16f9d76920841e54cb3bc2de5ee57e__爆炸菇（爆炸前）__v1569__bubble__b5c942fa__c0.mp4,0.9785861968994141,0.9193872809410095,0.016273446,0.008598857,-0.012596093,-0.02119495,0.1875,-0.008647956,-0.01758673,-0.02886954,-0.00028405988130095775,0.005615087,0.11324054002761841,0.026198037,0.0069372356,0.10257986,0.00671542901545763,0.09564263,0.1875,0.12351279,0.09565381,0.076381825,0.0005376210635598997,0.012644542,0.2903225806451613,0.4318154,0.342269,1.0,0.657731,0.0625,1.0,0.7362524,0.5681846,-0.009178248406155703,0.124594025
exact-r2__79aac7243697f42e910ae6d4b6bf107bbdc52ab9__毒蘑菇__v758__flag__9622a734__c0.mp4,0.9831408262252808,0.9332019686698914,0.017108724,-0.008632384,-0.015740909,-0.0071085244,0.21875,-0.0053283274,-0.01927891,-0.032849632,0.00036224624745635086,0.0075773243,0.08595304191112518,0.031368062,-0.009985991,0.06676633,0.008720142766833305,0.07675232,0.125,0.10119536,0.06667413,0.035398267,0.0005966354853847787,0.015374807,0.0967741935483871,0.22488534,0.17374992,1.0,0.8262501,0.09375,1.0,0.86393255,0.77511466,-0.00563994638862146,0.059328914
generic__b2678863871b99530ba9e74fef126b3d90508f99__爆炸菇（爆炸后）__v712__eyemask__532028ec__c0.mp4,0.9990420341491699,0.9973964095115662,0.0039774664,0.0010845028,-0.036210287,-0.03729479,0.1875,-0.033213504,-0.03677912,-0.040187754,6.002703779908863e-06,0.0017725647,0.08313623070716858,0.000447046,-0.002316963,0.041872535,0.01472140196710825,0.044189498,0.21875,0.051015515,0.046357114,0.04142549,0.00017642085658949017,0.0028093797,0.0,0.005794704,0.0025439858,0.99999994,0.99745595,0.125,0.99999994,0.99648106,0.99420524,-6.563264516089568e-05,0.0014616871
exact-r2__b5b06b57ef9e8b2cf1280a5501a7a89f0d45f8b4__粽子菇__v1125__bubble__fe0344a1__c0.mp4,0.9677325487136841,0.855679452419281,0.031414717,0.02128011,0.036782056,0.015501946,0.15625,0.069580674,0.036196638,0.0053673387,0.00010534674693936881,0.012846898,0.1648717075586319,0.027678773,0.0007620007,0.1898525,0.0630674809217453,0.1890905,0.1875,0.25842205,0.20106834,0.16217373,0.001552097442016401,0.023995815,0.0,0.6881021,0.6881021,1.0,0.31189784,0.25,1.0,0.6172908,0.31189784,-0.023175235482648292,0.22646229
base-noprop__3e0263de42d2cb0db2374a5b45278fcc7a471c0b__毒蘑菇__v0__5fc71fd5__c0.mp4,0.9724770188331604,0.8111833333969116,0.07858184,0.0092917085,0.031894207,0.022602499,0.1875,0.031894207,0.0054023247,-0.046687633,-0.0005153779847181435,0.01877,0.47316619753837585,0.1609379,0.06429583,0.5380671,0.006765696220099926,0.47377127,0.125,0.5380671,0.47856855,0.3771292,-0.002122242112925307,0.032442294,0.0,0.15687537,0.08224207,1.0,0.9177579,0.15625,1.0,0.91611314,0.8431246,-0.0031579276027917,0.039058566
base-props__143077ed5c3203470357eefbac685c008578ef31__炸虾菇__v73__crown__15d9b9b3__c0.mp4,0.9976021647453308,0.9947241544723511,0.0029559582,-0.0005845055,-0.027676076,-0.02709157,0.15625,-0.019023195,-0.02570839,-0.030632034,7.133195559081711e-05,0.00245227,0.10637801140546799,0.0092998445,-0.0007427186,0.08151324,0.0016988872084766626,0.08225596,0.09375,0.091670126,0.08066963,0.0722134,7.693150662475731e-05,0.004264753,0.3548387096774194,0.0152336955,0.007177353,1.0000001,0.99282277,0.15625,1.0000001,0.99158067,0.9847664,-0.00021369120548545692,0.0037619
exact-r1__da37f786e8b4ef0d7e9d8762ea49af897cc15b9d__汉堡菇__v1366__flag__bcb00b8b__c0.mp4,0.9606935381889343,0.848636269569397,0.017355248,-0.017380476,0.034291267,0.051671743,0.21875,0.06696989,0.04101202,0.016936019,0.0010333434484702405,0.012917658,0.2116403579711914,0.0199399,-0.022389948,0.24182987,0.010596541687846184,0.26421982,0.15625,0.30362368,0.25265238,0.22188997,0.001317955870345196,0.020339513,0.0,0.17387861,0.15177113,1.0,0.8482289,0.3125,1.0,0.91783464,0.8261214,-0.005671504655541544,0.056996364
exact-r2__372c7ce27e46c7f4d9e0604e9cd9045cf4bdec52__粽子菇__v362__flag__cffdcb8f__c0.mp4,0.9966168999671936,0.9898643493652344,0.0020513833,-0.009733647,0.024146944,0.03388059,0.25,0.040528774,0.030537542,0.022095561,0.0002148959599981567,0.0050305757,0.40105897188186646,0.009850353,-0.009763598,0.42751878,0.015259920619428158,0.43728238,0.09375,0.44631016,0.43159652,0.41766843,0.00035748974340927994,0.005744583,0.0,0.058302045,0.05544895,1.0000001,0.94455117,0.34375,1.0000001,0.9721694,0.9416981,-0.0022254689457304523,0.021364702
exact-r1__295ec2fac111fb5afa6570ecaff44ee23b6282e7__蘑菇力__v270__flag__1f2f782d__c0.mp4,0.994618833065033,0.981967568397522,0.016945891,0.009457253,-0.03999549,-0.049452744,0.21875,-0.036359236,-0.04470569,-0.056941383,-0.0004862439805024541,0.0058406377,0.04222239926457405,0.010252202,-0.00031031284,-0.00080404605,0.0021715143229812384,-0.0004937332,0.1875,0.008935628,-0.0024832885,-0.011056248,-7.019968741113197e-05,0.0049662716,0.2903225806451613,0.1030668,0.082387745,0.99999994,0.9176122,0.28125,0.99999994,0.9565425,0.89693314,-0.003711444869244184,0.038369555
exact-r1__172a155e787da9a4c0e06a8d4aeb9f7404e81fd4__爆炸菇（爆炸前）__v150__glasses__7547fad3__c0.mp4,0.987135112285614,0.9476654529571533,0.0060526133,-0.027703214,-0.07940966,-0.051706444,0.25,-0.047422964,-0.06293902,-0.08546227,0.0012316589975658548,0.012411158,0.18350854516029358,0.22474223,0.22248387,0.27118534,0.001956832129508257,0.04870147,0.0,0.27225608,0.12056953,0.04644311,-0.007768516955880819,0.07911784,0.25806451612903225,0.27680755,0.25279856,1.0,0.74720144,0.15625,1.0,0.8433811,0.72319245,-0.010229985385346595,0.103141025
base-noprop__4de2aa1e433a559a98b48c7eccf7684f044f0cc9__吐司菇__v0__c1d4c5db__c0.mp4,0.9792979955673218,0.9064659476280212,0.010486692,0.0032362938,-0.029329985,-0.03256628,0.15625,-0.01557824,-0.030779604,-0.039816678,0.00010406493845660596,0.0048520053,0.34547778964042664,0.17150502,0.09766537,0.42010513,0.0068596648052334785,0.32243976,0.21875,0.42010513,0.31469822,0.24860011,-0.0004110790958458638,0.042793136,0.0,0.15639216,0.08373386,1.0000001,0.91626626,0.0625,1.0000001,0.92022747,0.84360796,-0.0013981725572665452,0.032361303
exact-r2__f1498f3a3c3245f137f45ef7171fbad768a30f29__毒蘑菇__v1519__glasses__ecf6838e__c0.mp4,0.9886509776115417,0.9736567735671997,0.0,-0.017601078,-0.002710281,0.014890797,0.1875,0.014890797,0.0034027535,-0.002710281,0.00037375135517773365,0.005092113,0.013997482135891914,0.014493488,-0.028116385,0.013264118,0.009238126687705517,0.041380502,0.125,0.041380502,0.017400235,-0.00122937,0.0011698988677156799,0.014184035,0.06451612903225806,0.09086847,0.09086847,1.0000001,0.90913165,0.21875,1.0000001,0.96195686,0.90913165,-0.002832600524610757,0.026991965
base-noprop__58c718f0a628fc78ed40a56ba41c1f7d385533e5__吐司菇__v0__4a89ed6f__c0.mp4,0.9890449047088623,0.9483513236045837,0.014000952,-0.0032865405,-0.032004893,-0.028718352,0.21875,-0.02809614,-0.0357117,-0.046005845,0.00022486766630952935,0.004948805,0.6109433174133301,0.07191777,0.014902353,0.59558237,0.011115260422229767,0.58068,0.21875,0.60098296,0.5752316,0.5236646,-0.0010517880517191829,0.021246817,0.12903225806451613,0.06489861,0.023484528,1.0,0.9765155,0.1875,1.0,0.9693965,0.9351014,-0.0006298740391682176,0.016192872
base-noprop__66f41d2f3f0f61298257e508840f1163992f0311__炸虾菇__v0__194587c6__c0.mp4,0.9946252703666687,0.9829350113868713,0.008982599,0.0025698543,-0.025111914,-0.027681768,0.125,-0.020152211,-0.02599358,-0.034094512,-8.822292570144934e-05,0.0032229337,0.5826340913772583,0.018993556,0.002325058,0.5514145,0.012586543336510658,0.54908943,0.09375,0.5786387,0.5566405,0.53242093,-0.0001344169296127482,0.01059038,0.0,0.018403172,0.011125505,1.0000001,0.9888746,0.25,1.0000001,0.991125,0.98159695,-0.000405541361689183,0.004661117
generic__b4b495bee5ab16d6e8983a341ab6f3d948ed5f6c__爆炸菇（爆炸后）__v719__eyemask__b58922f7__c0.mp4,0.9835931062698364,0.9382355213165283,0.013289794,0.012876883,0.027034655,0.014157772,0.125,0.03768532,0.027993003,0.013744861,-9.444785574751449e-05,0.00502496,0.1396530270576477,0.02931904,-0.049577415,0.15343934,0.0034050364047288895,0.20301676,0.3125,0.22784048,0.16764602,0.1241203,0.0023735720415728025,0.030875545,0.16129032258064516,0.11433238,0.11433238,1.0,0.8856676,0.1875,1.0,0.9361627,0.8856676,-0.0019402762334192766,0.02515457
base-noprop__c5e43dd5e62f17a4edf36f4eec759833b39bd954__粽子菇__v0__8775ea40__c0.mp4,0.995434582233429,0.9864686727523804,0.0032807663,-0.010715142,0.03393656,0.044651702,0.21875,0.04790786,0.040287115,0.030655794,0.0003675979663156357,0.0047078375,0.08108390867710114,0.004605755,-0.007390082,0.11718933,0.014384374022483826,0.124579415,0.125,0.13416725,0.121371016,0.11258358,0.0002065015645408236,0.004688497,0.0,0.036259055,0.019220412,1.0000001,0.9807797,0.1875,1.0000001,0.98145497,0.96374106,-0.0005337555518597543,0.008480688
exact-r1__f22c2c3174baabfeb05464668cbd01f44b487560__毒蘑菇__v1524__glasses__ae8ba618__c0.mp4,0.9694352746009827,0.9149043560028076,0.00905782,-0.018952012,-0.023121595,-0.0041695833,0.1875,0.006392479,-0.015033384,-0.032179415,0.0007458306969173484,0.010220506,0.5157180428504944,0.036387354,-0.016854882,0.5092912,0.004131427966058254,0.52614605,0.25,0.52944237,0.5006847,0.47290382,0.000957249890455759,0.015539774,0.1935483870967742,0.110809445,0.10592365,0.9999999,0.8940762,0.0,0.9999999,0.91318464,0.88919044,-0.002435402469463687,0.030333873
base-noprop__190a31ba334eafd595032f1742e0cdf9b9183281__炸虾菇__v0__d4a9a588__c0.mp4,0.9935895800590515,0.9649581909179688,0.004156735,0.0025656037,-0.05383553,-0.056401134,0.1875,-0.025141,-0.039875135,-0.057992265,-0.0004126765899076146,0.008093702,0.10077482461929321,0.007943928,0.0023156218,0.054873895,0.014554373919963837,0.052558273,0.1875,0.075803116,0.06089969,0.046929967,-7.061964540013002e-05,0.0070010857,0.0,0.059519768,0.006535232,1.0000002,0.993465,0.1875,1.0000002,0.96475077,0.9404805,0.00016787226511238553,0.014102623
base-noprop__2e743de79a09fe6b92bd9666baeed5733a188d07__毒蘑菇__v0__7246878b__c0.mp4,0.9784703254699707,0.9193602204322815,0.019124359,-0.00340873,0.076023936,0.07943267,0.15625,0.09215924,0.07414069,0.056899577,7.591889816120832e-05,0.008362627,0.3063572645187378,0.11763731,0.009840012,0.40041655,0.012466595508158207,0.39057654,0.09375,0.427108,0.380498,0.28277925,-0.0002284287160967,0.029785559,0.0,0.11491895,0.044882774,1.0,0.9551172,0.125,1.0,0.95436037,0.88508105,-0.0014119817167957242,0.021788454
base-noprop__5cd87e0e73b2c6ed3b794bb426544d934c63d371__粽子菇__v0__b1a5b234__c0.mp4,0.995862603187561,0.9861377477645874,0.0,-0.010337591,-0.08111656,-0.070778966,0.125,-0.045044422,-0.06719357,-0.08111656,0.00012561398124065433,0.009529896,0.5151108503341675,0.013784885,-0.008015394,0.43981624,0.008600362576544285,0.44783163,0.15625,0.47344095,0.44791728,0.42603135,0.00041543259736031565,0.012376215,0.0,0.019894242,0.005574405,1.0,0.9944256,0.21875,1.0,0.9906417,0.98010576,-3.9150572417388855e-05,0.0057519935
exact-r2__925f4fc967e14c8e90c385f11e3c899b2fa6c14c__爆炸菇（爆炸前）__v910__flag__913dfdf0__c0.mp4,0.9939711689949036,0.9850878715515137,0.023615569,0.014966786,-0.064316064,-0.07928285,0.15625,-0.060801625,-0.072728395,-0.08793163,-0.0006353409299927384,0.0075580473,0.5377490520477295,0.021462053,-0.018984854,0.46672937,0.016506679356098175,0.48571423,0.1875,0.49405318,0.4650207,0.44526732,0.0008498920329854741,0.013642222,0.0,0.06785166,0.062852144,1.0,0.93714786,0.3125,1.0,0.9675957,0.93214834,-0.0026189766911641913,0.025524965
exact-r1__79f230727aabe8ef102ae19bed33d5a83a2045ee__毒蘑菇__v761__flag__c45f48b5__c0.mp4,0.9895094037055969,0.9611698985099792,0.0019485652,-0.015082449,-0.026371717,-0.011289269,0.15625,-0.007189691,-0.018876199,-0.028320283,0.00041714497456802225,0.005953589,0.3089381456375122,0.05252631,0.0027126074,0.29440194,0.006958502810448408,0.29168934,0.1875,0.3511861,0.29006195,0.24187563,0.0008745485386890451,0.025972342,0.25806451612903225,0.12291652,0.12291652,1.0000001,0.8770836,0.0,1.0000001,0.9259959,0.8770836,-0.004911945275197605,0.048952132
base-noprop__11cbd6bb7e2ef5f62a971e19d40e2ef2d0d3b3f7__炸虾菇__v0__17c05d5f__c0.mp4,0.9936646819114685,0.9775155782699585,0.0031934977,-0.017875373,-0.00084996223,0.017025411,0.21875,0.021600544,0.0093711205,-0.00404346,0.0003638521951139848,0.007647153,0.5202367901802063,0.016732693,-0.03392023,0.5093508,0.025783004239201546,0.543271,0.21875,0.5571722,0.5296079,0.49261808,0.0012959690977576285,0.017211867,0.0,0.049215436,0.04190743,1.0,0.9580926,0.15625,1.0,0.9692278,0.95078456,-0.001162967428870878,0.012579627
exact-r1__44993cb2159040cd5c551870f50670ead8e9a055__吐司菇__v434__bubble__97241be1__c0.mp4,0.9969903826713562,0.9910098314285278,0.011974663,0.003577903,-0.043780766,-0.04735867,0.21875,-0.043780766,-0.048601657,-0.05575543,5.0432355992516066e-05,0.0035624641,0.1616864651441574,0.015662976,0.0018150508,0.11266253,0.0020807278342545033,0.11084748,0.125,0.123901635,0.11308481,0.096999556,0.00041245735083813575,0.006669498,0.0,0.031567216,0.017787814,1.0000001,0.9822123,0.3125,1.0000001,0.98468065,0.9684329,-0.0009740211419171072,0.010159164
base-noprop__45ec56f5f20bca20bb45a07b0652cb24f9a8a27f__毒蘑菇__v0__a60b4536__c0.mp4,0.9926894307136536,0.9619818925857544,0.002732776,-0.004628174,-0.02592387,-0.021295696,0.15625,-0.010040805,-0.02219639,-0.028656647,0.00012225981616029955,0.0034077908,0.11469723284244537,0.029823601,0.0026489645,0.09803866,0.011990507133305073,0.095389694,0.09375,0.12137194,0.092500836,0.06821506,-1.6659122681423527e-05,0.010313157,0.06451612903225806,0.06439364,0.0056303144,1.0000001,0.9943698,0.15625,1.0000001,0.9829911,0.9356065,-0.0005388735981980185,0.016123015
base-noprop__3dae41227ff60a4b209b7b13235ac3a5ab6a6106__粽子菇__v0__9dd8bd65__c0.mp4,0.9930403232574463,0.9748430252075195,0.015902758,0.0026468635,0.049093783,0.04644692,0.125,0.06791842,0.05160764,0.033191025,0.00018181113247647826,0.008281982,0.6317508220672607,0.014450848,0.000628531,0.68288237,0.011458344757556915,0.68225384,0.125,0.697836,0.68335843,0.6684315,0.00024256659698977028,0.00604148,0.0,0.04088056,0.018225193,0.9999999,0.9817747,0.25,0.9999999,0.9784261,0.9591193,-0.0009101051673336537,0.013881118
base-noprop__29af5842d44da656007592c88ff0c6c1e5b6fe39__汉堡菇__v0__90efa81e__c0.mp4,0.9854409694671631,0.9730192422866821,0.0,-0.017669916,-0.07023677,-0.052566856,0.1875,-0.036056668,-0.05474393,-0.07023677,0.00019467182872581968,0.00806011,0.38901883363723755,0.025099725,-0.031190723,0.31371176,0.008376183919608593,0.3449025,0.125,0.36629713,0.3342749,0.28861204,0.0005687415719993705,0.017139854,0.0,0.059239447,0.020027936,1.0,0.97997206,0.125,1.0,0.9610497,0.94076055,1.4846702038038222e-05,0.015224743
generic__3ea8cf079e959693153dd04695b6f05e21f1dca3__爆炸菇（爆炸前）__v230__eyemask__1ad1dfde__c0.mp4,0.9943493008613586,0.9830029010772705,0.008091979,-0.0026121289,-0.09347761,-0.09086548,0.28125,-0.072566494,-0.08789089,-0.101569586,0.0007257354951018436,0.009302843,0.1526130735874176,0.009446852,0.007951777,0.04787591,0.0026033720932900906,0.039924134,0.09375,0.12184894,0.06472217,0.03842906,0.0010735962356924146,0.02180675,0.2903225806451613,0.06727409,0.009668052,1.0,0.99033195,0.1875,1.0,0.9757737,0.9327259,-0.0012554665726999795,0.01876365
exact-r1__4912cf7d31eb5fe829404518396c23ded5f669ac__粽子菇__v466__glasses__1a4e2b7c__c0.mp4,0.9622567892074585,0.8921124935150146,0.024041444,0.024041444,0.08043918,0.056397736,0.15625,0.11658847,0.07961793,0.056397736,0.00015719694323029475,0.013760268,0.3759068548679352,0.09726378,0.09726378,0.42198375,0.011057446710765362,0.32471997,0.125,0.6439661,0.4555248,0.32471997,-0.0013008105385600558,0.090513185,0.06451612903225806,0.25974244,0.13149458,0.99999994,0.86850536,0.15625,0.99999994,0.88461924,0.7402575,-0.004052684027865457,0.07015646
exact-r2__b9a30f48e83d3a6f856772d9db5ce9ffdbec4263__蘑菇力__v1156__crown__cbeb6f3f__c0.mp4,0.9522325992584229,0.7381714582443237,0.053606898,0.0382286,0.015864223,-0.022364378,0.1875,0.024803638,0.0025083479,-0.037742674,-0.001336624905947715,0.01726441,0.5225699543952942,0.07124537,-0.116164386,0.4577425,0.014615225605666637,0.5739069,0.21875,0.59265864,0.5250783,0.38649714,0.0017775859454335428,0.05882151,0.06451612903225806,0.35706067,0.22141999,1.0,0.77858,0.125,1.0,0.8051194,0.6429393,-0.007951620059453823,0.10124255
exact-r1__b82c22aabf22370980516e8553f71b8cb79dce6c__蘑菇力__v1147__crown__72609b7f__c0.mp4,0.9926870465278625,0.9732285737991333,0.008887522,0.0028646737,-0.07994128,-0.082805954,0.1875,-0.072522655,-0.08111921,-0.0888288,-0.00016341578963696314,0.003329977,0.11772863566875458,0.0,-0.012894491,0.026280222,0.004205656703561544,0.039174713,0.09375,0.043498617,0.036609434,0.026280222,0.00036917429088268073,0.004374492,0.0967741935483871,0.062372327,0.043709517,1.0,0.9562905,0.21875,1.0,0.9761597,0.9376277,-0.0018872344904630844,0.019892966
base-noprop__28a9118cfcb39ecdaa356dae1cfd75d6409d77fc__蘑菇力__v0__f7fe2916__c0.mp4,0.9878370761871338,0.9376500844955444,0.017138436,0.0032949,0.014467537,0.011172637,0.15625,0.020843357,0.011811472,-0.002670899,-0.00020722541247994292,0.004875366,0.2330688089132309,0.00043597817,-0.008524373,0.20703137,0.0034690117463469505,0.21555574,0.25,0.3073423,0.24488027,0.20659539,0.00022113782591309903,0.026303502,0.0,0.1307627,0.015843749,1.0,0.98415625,0.15625,1.0,0.9680214,0.8692373,-0.0010260297777540805,0.027253687
exact-r1__2501c3780339f5d59c1798b6a6ec028ad77dfb93__炸虾菇__v234__eyemask__e07c8387__c0.mp4,0.99605792760849,0.9866169691085815,0.01740823,0.014146447,-0.003301613,-0.01744806,0.21875,-0.0011583418,-0.007392874,-0.020709842,-0.0005478013246770827,0.0061864075,0.1121683269739151,0.029477566,0.017738499,0.12035328,0.004927313886582851,0.10261478,0.1875,0.12035328,0.10477546,0.090875715,-0.00037390557104104166,0.008100328,0.0,0.03762424,0.029840231,1.0,0.97015977,0.15625,1.0,0.9807041,0.96237576,-0.00077430441800797,0.008465238
base-noprop__58f1eb94dfa1635a5bd8ef3c9f0f7ca945b65730__吐司菇__v0__6517c5cf__c0.mp4,0.9863998293876648,0.957533597946167,0.013140202,0.0058532357,-0.010102093,-0.015955329,0.125,-0.0015105009,-0.010947874,-0.023242295,-2.316991823160077e-05,0.0047991453,0.6604950428009033,0.011737585,-0.021758258,0.6347494,0.011776799336075783,0.6565077,0.1875,0.6819122,0.6495472,0.6230118,0.0003781389128253073,0.0125616575,0.06451612903225806,0.11877775,0.02020055,1.0,0.97979945,0.1875,1.0,0.95354366,0.88122225,-0.001311921937899126,0.03381595
exact-r2__579b7375a39c56aa97ed82de55ae9d9e7096a3db__汉堡菇__v558__scooter__207a7f1a__c0.mp4,0.9331929087638855,0.5836091637611389,0.020046845,0.0034677833,0.013494596,0.010026813,0.03125,0.07492611,0.017805306,-0.006552249,0.00010267937217246443,0.017918942,0.271253764629364,0.04754299,-0.29777455,0.17685048,0.012858334928750992,0.47462505,0.03125,0.48135024,0.2890591,0.1293075,0.012571558935289157,0.13405167,0.06451612903225806,0.59671867,0.5657027,1.0,0.4342973,0.34375,1.0,0.7491131,0.40328133,-0.025552910176321515,0.26592407
exact-r1__5ab5a9fe0160f015289953c92ae280e9b992230a__炸虾菇__v575__coffee__0e40ace4__c0.mp4,0.9695821404457092,0.8578612804412842,0.014113247,0.01112622,0.011464298,0.00033807755,0.15625,0.027040184,0.011301594,-0.0026489496,-0.0002751632366886582,0.006773256,0.55253005027771,0.040729225,-0.03601712,0.55637103,0.02194853499531746,0.59238815,0.21875,0.61213887,0.5638316,0.5156418,0.000740877836068718,0.026636397,0.0,0.23226857,0.14205325,1.0,0.85794675,0.09375,1.0,0.9068295,0.7677314,-0.005578025083038441,0.061367027
base-noprop__3ab5e095ea7925663c71572cdf310f6c6d4c208d__爆炸菇（爆炸后）__v0__52ea9b94__c0.mp4,0.9853167533874512,0.9511277079582214,0.012524217,0.008863211,0.026751637,0.017888427,0.125,0.060780615,0.031690165,0.01422742,0.00044075818322708235,0.011999466,0.2875724732875824,0.08739278,0.0332312,0.32135618,0.0017669950611889362,0.28812498,0.1875,0.38917714,0.31926268,0.2339634,-0.0020552598666454236,0.04640003,0.3870967741935484,0.14381158,0.05949688,1.0000001,0.94050324,0.21875,1.0000001,0.9232891,0.85618854,-0.003529659639006102,0.047763977
exact-r2__2501c3780339f5d59c1798b6a6ec028ad77dfb93__炸虾菇__v234__eyemask__e07c8387__c0.mp4,0.9938645362854004,0.9816935062408447,0.0049689114,0.00307291,0.0022712424,-0.0008016676,0.1875,0.004575081,0.0009782405,-0.002697669,-5.7531964536373855e-05,0.0018695001,0.10968711227178574,0.036064163,0.023761705,0.123943865,0.005144505761563778,0.10018216,0.09375,0.1398562,0.11066535,0.0878797,-0.00042172228436796567,0.010826279,0.0,0.051359713,0.042210698,1.0000001,0.9577894,0.09375,1.0000001,0.96813726,0.9486404,-0.0011860530856242744,0.014574612
generic__58a25304d5897daa19607fb3b5ce8c1f9d1c340f__炸虾菇__v335__coffee__c245ba49__c0.mp4,0.9982352256774902,0.992049515247345,0.007871896,0.00070281327,-0.01808504,-0.018787853,0.09375,-0.016944319,-0.02062046,-0.025956936,-9.205461482454656e-05,0.001883897,0.12227938324213028,0.027644768,0.018674925,0.1192107,0.003320705611258745,0.10053577,0.09375,0.12347647,0.10165892,0.09156593,-0.0004289906111455712,0.008272713,0.03225806451612903,0.01972866,0.012141049,1.0000001,0.9878591,0.125,1.0000001,0.9904169,0.98027146,-0.0004575966128155992,0.0053596273
exact-r1__3550d4d593884e660092f1bb1c9c8c880eb3e04f__吐司菇__v353__glasses__368117e2__c0.mp4,0.9721279144287109,0.8867453336715698,0.028164655,0.022110224,-0.029672444,-0.051782668,0.0625,-0.012773544,-0.044444606,-0.0578371,-0.0006435984729234786,0.012484113,0.3564365804195404,0.01582247,-0.046946704,0.26974773,0.010484105907380581,0.31669444,0.21875,0.35107404,0.31199196,0.25392526,0.0010581762800293646,0.026103424,0.0,0.15897936,0.058760166,1.0,0.94123983,0.15625,1.0,0.929404,0.84102064,0.0007232726931222635,0.03223214
base-noprop__3eb6d97760f838a366c3ddc9c5fe31024af3ddd6__粽子菇__v0__16c5c924__c0.mp4,0.9823752641677856,0.927926778793335,0.03460242,-0.011901975,0.041765988,0.053667963,0.21875,0.055645138,0.032269254,0.0071635693,3.477359119573385e-05,0.014275606,0.2240772843360901,0.11599538,-0.021232694,0.2983205,0.01739583909511566,0.3195532,0.1875,0.33693832,0.25634652,0.18232512,0.0012279270364304842,0.047121886,0.1935483870967742,0.09706193,0.011961877,0.9999999,0.988038,0.15625,0.9999999,0.9510087,0.90293795,0.0005293180756380439,0.030127056
generic__e6e98683f20bb8f7f894e3c8abc003b9df6e8bcf__炸虾菇__v899__glasses__b0bc1b47__c0.mp4,0.9959239959716797,0.9826968312263489,0.004526507,-0.0025270507,-0.0559751,-0.053448047,0.125,-0.04119511,-0.05180696,-0.060501605,5.1080942279563084e-05,0.0041047703,0.07977567613124847,0.021952294,0.021004938,0.03370058,0.007546951062977314,0.012695644,0.1875,0.055398062,0.027968712,0.011748288,-0.0007378457778452983,0.0106333885,0.0,0.033057213,0.026551485,1.0,0.9734485,0.03125,1.0,0.9769134,0.9669428,-0.0005509689056977907,0.008337692
base-noprop__2276ebe5ea41733077c3d5d88d4cdb9e6f3ef7ef__粽子菇__v0__474a165b__c0.mp4,0.9991226196289062,0.9983953237533569,0.005531527,-0.003357038,-0.034527592,-0.031170554,0.125,-0.0287259,-0.03288615,-0.04005912,0.00015083964384240048,0.0023929824,0.06860397756099701,1.7933547e-05,-0.004939189,0.0306213,0.004441861063241959,0.03556049,0.21875,0.041573197,0.035717826,0.030603366,0.000139954852218853,0.0029955704,0.0,0.008759737,0.006192386,0.99999994,0.99380755,0.09375,0.99999994,0.9934946,0.9912402,-0.00011349152609746982,0.0019489224
exact-r1__f16563383dc7f5abb88446494148bd692e6b4a57__爆炸菇（爆炸前）__v1520__scooter__ad0ffcf2__c0.mp4,0.993887722492218,0.979677677154541,0.004212633,0.0030097812,-0.0064079612,-0.0094177425,0.25,-0.004032664,-0.0066439286,-0.010620594,-0.00011839193928320395,0.0020507907,0.11264144629240036,0.000569433,-0.052698225,0.083877504,0.0018956284038722515,0.13657573,0.25,0.13657573,0.10599752,0.08330807,0.002092962800538786,0.02052464,0.0,0.116441965,0.114099145,1.0,0.88590086,0.25,1.0,0.9525237,0.88355803,-0.004566103077966077,0.044126034
exact-r1__655591f8a2e3f43e7dd87e08844065a68a1b8e56__爆炸菇（爆炸后）__v642__flag__3196f35d__c0.mp4,0.9779632687568665,0.9306514263153076,0.029384673,0.023047477,0.0079803765,-0.0150671005,0.15625,0.050388306,0.018705145,-0.021404296,-0.00022813227694055494,0.018914685,0.4226163327693939,0.050437212,0.027264446,0.43830052,0.003230290487408638,0.41103607,0.21875,0.5363091,0.44132146,0.3878633,0.0009936018958906412,0.03446281,0.2903225806451613,0.17272544,0.16490042,1.0,0.8350996,0.15625,1.0,0.9096192,0.82727456,-0.005437676366036216,0.051738307
exact-r1__c007a585fe1a51f120df3496d8ad08b0ae893f04__爆炸菇（爆炸后）__v1197__bubble__06bd52b6__c0.mp4,0.9734817147254944,0.8380674123764038,0.029449597,0.026539728,-0.011837691,-0.03837742,0.28125,-0.009268954,-0.026466075,-0.041287288,-0.00103116109339067,0.011146212,0.14300593733787537,0.07015102,0.032546178,0.15459633,0.004133766982704401,0.12205015,0.125,0.16261959,0.11653988,0.084445305,-0.0008807712278255069,0.02198282,0.1935483870967742,0.5039101,0.45966333,0.99999976,0.54033643,0.15625,0.99999976,0.7011631,0.49608964,-0.018504596503773712,0.182689
exact-r2__48edbebb09f4066019f3a893bd82184d9bdce8fd__粽子菇__v465__scooter__e0849fdb__c0.mp4,0.9746671319007874,0.9003366827964783,0.0,-0.044755638,-0.006715834,0.038039804,0.3125,0.059580028,0.025022015,-0.006715834,0.0020548148555926907,0.021223467,0.3675081729888916,0.05542758,-0.1375615,0.35591644,0.014574255794286728,0.49347794,0.21875,0.50430006,0.39253017,0.30048886,0.006340087721905408,0.06518942,0.0,0.29425257,0.28867483,1.0,0.71132517,0.25,1.0,0.88447315,0.7057474,-0.0106127516112544,0.10158138
base-props__b5751664c907d7f8d89a1aa58474e961773ea73a__粽子菇__v722__crown__72c9a4ea__c0.mp4,0.9934450387954712,0.9750807285308838,0.013154566,-0.0011002421,-0.007338047,-0.006237805,0.15625,0.00971359,-0.006157903,-0.020492613,0.0002443945018951491,0.0073042363,0.5426172018051147,0.02819401,-0.0014171004,0.5448377,0.01477491669356823,0.5462548,0.21875,0.5523015,0.5364593,0.5166437,0.00010386314734685953,0.010261653,0.0,0.06671053,0.008421183,0.99999994,0.99157876,0.21875,0.99999994,0.9799051,0.9332894,-2.986199258007163e-05,0.021044394
exact-r2__c5d4f69fc5cf3a4abccb8fe4f3a2132f7aeb0be7__汉堡菇__v1233__glasses__b62890cf__c0.mp4,0.9741533994674683,0.9326168298721313,0.025721967,-0.00820744,-0.090818346,-0.082610905,0.125,-0.071685314,-0.096804544,-0.11654031,5.570326623154284e-05,0.01093156,0.5819010138511658,0.07610381,0.02632898,0.5094915,0.012927815318107605,0.48316252,0.1875,0.5381275,0.48509645,0.4333877,-0.0009418050881442306,0.027883176,0.0,0.119211316,0.11252791,1.0,0.8874721,0.1875,1.0,0.9308087,0.8807887,-0.002834839249286478,0.030578077
exact-r1__7e246fadacbc4777412514b06881f29674ac1928__炸虾菇__v785__glasses__9710d0be__c0.mp4,0.9832332730293274,0.9064147472381592,0.016335964,0.0058387816,-0.020156413,-0.025995195,0.28125,0.005957648,-0.010071972,-0.036492378,-0.0006388756815245771,0.013643352,0.10981731116771698,0.029092856,0.027027912,0.091031976,0.014351926743984222,0.06400406,0.28125,0.14981501,0.09974534,0.06193912,-0.0018481421748673236,0.025562046,0.16129032258064516,0.072635055,0.048943937,0.99999994,0.951056,0.21875,0.99999994,0.9621856,0.9273649,-0.0012671113931887771,0.01854679
base-noprop__50ad428af3b86412de8a648a8194cebfd6685400__汉堡菇__v0__22c66e78__c0.mp4,0.985933244228363,0.9384498000144958,0.03712362,-0.00085526705,0.009676546,0.010531813,0.21875,0.018104017,-0.0012062388,-0.027447075,-0.0005259172297205741,0.011808267,0.37118440866470337,0.05294493,-0.06651229,0.37228626,0.008523552678525448,0.43879855,0.0625,0.43992764,0.36997813,0.31934133,0.0018835539801204733,0.03396,0.0,0.11204219,0.11103511,1.0000001,0.888965,0.1875,1.0000001,0.9375633,0.88795793,-0.0042395487952092276,0.042234134
base-noprop__cd19e3a058e1dc2909d79dd0b89fd5e5cf73511a__炸虾菇__v0__5af0724a__c0.mp4,0.9954802989959717,0.9850301146507263,0.001567483,-0.0012266636,-0.0008172989,0.0004093647,0.15625,0.0066305995,0.0019445308,-0.0023847818,-1.2220197583922807e-05,0.0024267503,0.5950042009353638,0.0047062635,-0.026648879,0.57585824,0.013541718944907188,0.6025071,0.25,0.62008035,0.59694874,0.571152,0.0008848374518306538,0.012514102,0.0,0.0351578,0.011931002,1.0000001,0.9880691,0.125,1.0000001,0.9823537,0.9648423,-0.0004739248660826976,0.010213693
exact-r1__256b55303d2ece49031dba768c8d8f85b8dabced__炸虾菇__v240__eyemask__ac4ffce8__c0.mp4,0.9727808237075806,0.8816752433776855,0.012985922,-0.010403171,-0.065214254,-0.054811083,0.125,-0.0223504,-0.050819688,-0.07820018,0.0005433138601940737,0.015651667,0.135910302400589,0.020023659,0.018228382,0.05435785,0.012115266174077988,0.036129467,0.25,0.1494307,0.08509062,0.03433419,-0.0007575370857486587,0.040846776,0.16129032258064516,0.4861694,0.48517406,0.9999998,0.51482576,0.25,0.9999998,0.7222828,0.5138304,-0.018193034460642445,0.1814074
exact-r1__5ec48c31e3fd972fc72bf195943b25096d9ca8c4__吐司菇__v594__scooter__71275745__c0.mp4,0.9707128405570984,0.8827367424964905,0.0011035204,-0.03531629,-0.055527866,-0.020211577,0.0,-0.013862312,-0.04370378,-0.056631386,0.0011666386205255092,0.01320918,0.5320477485656738,0.054676265,0.0060715675,0.47815847,0.021890293806791306,0.4720869,0.1875,0.54655135,0.48834395,0.4234822,-0.0007994522250467631,0.026963463,0.0,0.35626245,0.3360042,1.0,0.6639958,0.21875,1.0,0.88255465,0.64373755,-0.012482635633162358,0.12751055
exact-r1__ef123ce1074347b28af71845b5364e749c42bcbc__汉堡菇__v1500__bubble__e51c62cd__c0.mp4,0.9843575358390808,0.9373131990432739,0.026047856,-0.0031063557,0.015810937,0.018917292,0.1875,0.024373502,0.00916723,-0.010236919,4.320582948472316e-06,0.0087961545,0.25164422392845154,0.08589819,-0.015006304,0.28105813,0.08316764235496521,0.29606444,0.1875,0.30080962,0.26081145,0.19515994,0.000971986614495434,0.028104562,0.0,0.12822843,0.032847166,1.0,0.96715283,0.09375,1.0,0.9500873,0.8717716,-0.0019788838748183526,0.031525552
exact-r2__ed98d430cfc74099d974a69750bfeda82a103b4a__汉堡菇__v1493__bubble__55c2eb70__c0.mp4,0.9578188061714172,0.8469967246055603,0.05179988,0.05179988,0.023037195,-0.028762683,0.1875,0.03027314,0.0049871467,-0.028762683,-0.001329222907069141,0.01418977,0.2172989845275879,0.19988865,0.16884355,0.33853507,0.002252661157399416,0.16969152,0.1875,0.34580982,0.22228613,0.13864642,-0.006287724241242898,0.06307438,0.3225806451612903,0.42033637,0.1907776,1.0,0.8092224,0.15625,1.0,0.7632705,0.57966363,-0.006120835373565921,0.13011558
base-noprop__507ce1e393891e0f47c90aad7b6087098ce6304a__粽子菇__v0__6c9fdee3__c0.mp4,0.9886522889137268,0.958592414855957,0.074144065,0.019948155,0.10384953,0.083901376,0.09375,0.10384953,0.07047231,0.029705465,-0.00019759979219205755,0.014757861,0.322721391916275,0.12240106,0.03641215,0.4418403,0.02145807072520256,0.40542814,0.1875,0.46530327,0.3931937,0.31943923,0.001322406057344863,0.037065215,0.1935483870967742,0.086925745,0.022212029,1.0,0.977788,0.15625,1.0,0.9621811,0.91307425,-0.0006338751101948041,0.023818236
exact-r1__33d714d07ed58707502e0cad0672a54b727a5a41__吐司菇__v344__glasses__22f7b751__c0.mp4,0.9900143146514893,0.9559037685394287,0.017856758,-0.002471462,-0.02992855,-0.027457088,0.125,-0.026869208,-0.03555768,-0.04778531,0.0003374458681191158,0.0054339236,0.08225647360086441,0.061743222,0.0496369,0.07504596,0.005651112645864487,0.025409058,0.21875,0.076654434,0.046698794,0.013302737,-0.001648917787229024,0.018451959,0.22580645161290322,0.11142862,0.11142862,1.0000002,0.8885716,0.3125,1.0000002,0.9440439,0.8885716,-0.0038528783995209924,0.038079582
base-noprop__558e28ebbd5a1e6d7bade4cd30fc31f3ed07c04a__吐司菇__v0__2cc58210__c0.mp4,0.9910227060317993,0.9599912166595459,0.006031871,0.00556159,-0.004488468,-0.010050058,0.1875,0.008123934,0.0018100291,-0.010520339,1.788266068679504e-05,0.0051585655,0.5759950876235962,0.066993415,0.06249374,0.58457464,0.016898013651371002,0.5220809,0.15625,0.61855304,0.57780504,0.5175812,-0.00016544771290593247,0.027793162,0.0,0.06175995,0.044935465,1.0,0.95506454,0.125,1.0,0.96293795,0.93824005,-0.0012179848757132565,0.016974077
exact-r1__d1421700ee76ec45f316995b2b67134842993c43__蘑菇力__v1298__bubble__4135c74b__c0.mp4,0.9763855338096619,0.9338226318359375,0.022563796,0.014508773,-0.0050560087,-0.019564781,0.15625,0.019241944,-0.0047965897,-0.027619805,-0.0004607034100170445,0.011974228,0.0778883695602417,0.0347075,0.0347075,0.074904636,0.006713384762406349,0.040197134,0.09375,0.10187079,0.07309179,0.040197134,-0.00023427148980478918,0.011807247,0.0,0.16111743,0.04877889,1.0000001,0.9512212,0.1875,1.0000001,0.94258446,0.8388827,-0.002661826389451147,0.04777375
exact-r1__4baf0c3670d0d31b9712fc59c41fa5508370fc1f__粽子菇__v483__glasses__48c341d3__c0.mp4,0.9619049429893494,0.7353490591049194,0.015707795,0.0055861436,0.006991174,0.0014050305,0.09375,0.073706,0.013538586,-0.0087166205,-0.00034234254167598134,0.017560033,0.05989985167980194,0.0046564825,-0.020851541,0.053111356,0.009324874728918076,0.0739629,0.0,0.15792955,0.073438436,0.048454873,0.0009127617492736542,0.026803168,0.2903225806451613,0.4181301,0.07834375,1.0,0.92165625,0.125,1.0,0.9121865,0.5818699,-0.003457381108726545,0.10191963
exact-r1__d9c72591547a6b046fa0ac574d4e8ba2273f59df__炸虾菇__v1362__flag__04df131e__c0.mp4,0.9892284274101257,0.9535384774208069,0.0419984,0.027541667,-0.05961123,-0.0871529,0.25,-0.055919826,-0.07182049,-0.10160963,-0.0011252482091226896,0.011913418,0.34607118368148804,0.11979903,0.10245535,0.33842388,0.004174036905169487,0.23596853,0.21875,0.33842388,0.2742507,0.21862485,-0.003586905590556227,0.03564303,0.12903225806451613,0.18544364,0.14252967,0.9999998,0.85747015,0.28125,0.9999998,0.9266011,0.8145562,-0.006496449315215809,0.06371628
exact-r1__336d65b0699f567902b54ca9b3d4fd081d7a57d0__爆炸菇（爆炸后）__v341__coffee__edb5f1f3__c0.mp4,0.980869710445404,0.9036508798599243,0.012700349,0.0035472214,0.01572749,0.012180269,0.15625,0.026454508,0.017532043,0.003027141,-0.00027691611686934416,0.0049321144,0.2767495810985565,0.0956106,0.01209718,0.33626622,0.008257823064923286,0.32416904,0.09375,0.37651223,0.2942816,0.24065562,0.0011072410762179036,0.033995617,0.0,0.1038661,0.06163603,1.0,0.93836397,0.09375,1.0,0.9442724,0.8961339,-0.0009345238116129926,0.025741251
exact-r1__b4eae72bed7b19f3df518a28e1218285d7456c4f__粽子菇__v1118__bubble__a39f354f__c0.mp4,0.9659444689750671,0.7360274195671082,0.008661609,-0.012430999,-0.029037256,-0.016606256,0.125,0.0040523335,-0.021202924,-0.037698865,0.0009967580408983124,0.012328809,0.060534700751304626,0.026448485,-0.022530038,0.031725537,0.002340450417250395,0.054255575,0.15625,0.070647135,0.03933178,0.0052770525,0.001440559921149831,0.015909674,0.1935483870967742,0.5226358,0.0706923,0.9999999,0.9293076,0.28125,0.9999999,0.76329887,0.47736406,0.008295723343612175,0.17693478
base-noprop__3ffac087311686944bd2b516eff9fa75861a7c9d__炸虾菇__v0__6cf917bf__c0.mp4,0.9822485446929932,0.9443801641464233,0.040436566,0.013494551,0.004467711,-0.00902684,0.15625,0.0073939264,-0.009874679,-0.035968855,-0.0005393316668848838,0.009256762,0.20730555057525635,0.07746065,0.049373686,0.22445439,0.018765227869153023,0.1750807,0.125,0.24971676,0.19743088,0.14699374,-0.0023141496833905405,0.02698916,0.0,0.13194132,0.07922757,0.99999994,0.9207724,0.125,0.99999994,0.93714327,0.8680586,-0.0029962081953751776,0.03352541
generic__990a5c189a868ed25f5694947f8062340a1d1df7__粽子菇__v620__scooter__e38c10af__c0.mp4,0.9976754784584045,0.9929186701774597,0.040980406,0.03944099,0.039985053,0.00054406375,0.1875,0.040127672,0.020693347,-0.0009953529,-0.0010743606125504376,0.012107639,0.08350563049316406,0.046322748,0.03634301,0.13185889,0.008878596127033234,0.09551588,0.125,0.13235515,0.10419898,0.08553614,-0.0008715971050745715,0.013222663,0.0,0.016751528,0.01584196,1.0,0.98415804,0.0625,1.0,0.9883071,0.9832485,-0.00036104984821810074,0.004516355
exact-r2__17267cdbab13c63bd29a987952c0bc6e4a671ac3__爆炸菇（爆炸前）__v149__glasses__abaa048b__c0.mp4,0.9711458683013916,0.8024530410766602,0.037757695,0.023072004,-0.012816101,-0.035888106,0.1875,-0.006183028,-0.028707135,-0.050573796,-0.0008490241004312497,0.012893432,0.38891729712486267,0.11238146,-0.034409642,0.35606486,0.010170761495828629,0.3904745,0.15625,0.43623713,0.36021015,0.2436834,0.0029042931683252392,0.042794064,0.0967741935483871,0.26372278,0.22414911,1.0,0.7758509,0.125,1.0,0.8324697,0.7362772,-0.006654038129489059,0.07219146
exact-r1__46ad1d7fc06fae0ddf3af206d3ae023bd4b24aae__爆炸菇（爆炸后）__v449__glasses__697a2609__c0.mp4,0.9582977890968323,0.8578042984008789,0.0024739504,-0.042874873,0.08003992,0.12291479,0.21875,0.12996614,0.10512677,0.07756597,0.0009680676364129605,0.016353244,0.4616985023021698,0.05683911,-0.037638128,0.55970687,0.009324312210083008,0.597345,0.125,0.602002,0.5668253,0.50286776,0.00034058501512425956,0.020807635,0.06451612903225806,0.29689735,0.23767185,0.99999994,0.7623281,0.28125,0.99999994,0.84954065,0.7031026,-0.008914405256072771,0.09114564
exact-r1__24fd5a5b571589bad02d82bc90600f51cc7bcb81__炸虾菇__v233__eyemask__101863ea__c0.mp4,0.998675525188446,0.9930306673049927,0.0033046827,-0.0006625727,-0.01595214,-0.015289567,0.15625,-0.014842849,-0.016047202,-0.019256823,1.0942395700037644e-05,0.00087996136,0.05492961406707764,0.013964143,0.011684876,0.046005268,0.005499801132827997,0.03432039,0.34375,0.046150308,0.038882412,0.032041125,-0.00037842381832973543,0.004006973,0.0,0.021548033,0.01761961,1.0,0.9823804,0.25,1.0,0.9885065,0.97845197,-0.000732773046427073,0.0071111144
base-noprop__479cfaa7ed9751d704a007cccb8dbebcb4fc8765__汉堡菇__v0__1056d238__c0.mp4,0.9979665279388428,0.99424147605896,0.006846592,0.0038920194,-0.032838114,-0.036730133,0.125,-0.024590567,-0.03544323,-0.039684705,-0.00013246545103812933,0.003132437,0.13449831306934357,0.0,-0.016262755,0.08171221,0.0032005496323108673,0.09797496,0.09375,0.115382165,0.09905508,0.08171221,0.00027425919558383526,0.008622471,0.0967741935483871,0.020891309,0.014947772,0.99999994,0.98505217,0.0625,0.99999994,0.98782134,0.97910863,-0.0005180844354314665,0.0060649374
exact-r1__b5c8a38b966307c4b2025faa44a1c0ba9856fd43__炸虾菇__v1126__bubble__27c917b3__c0.mp4,0.994087815284729,0.9659196138381958,0.0063106287,0.003114812,-0.013261639,-0.01637645,0.1875,-0.0060358606,-0.012857279,-0.019572267,-4.554743048273433e-05,0.0031437501,0.04810202121734619,0.0068334676,0.0060932487,0.032742135,0.035962656140327454,0.026648887,0.125,0.053426497,0.03524474,0.025908668,7.484260198176885e-05,0.006949844,0.0,0.062068224,0.016105533,1.0,0.98389447,0.21875,1.0,0.9777594,0.9379318,-0.0011451042576793764,0.016951907
base-props__b2d3b11f7cc10d19163a3940e12f64f147409d54__爆炸菇（爆炸后）__v713__eyemask__9658b52b__c0.mp4,0.9969605803489685,0.9877856969833374,0.0032324716,-0.006305024,-0.008611061,-0.0023060367,0.125,-0.0008868575,-0.006190575,-0.011843532,0.00026132002448297126,0.0031947156,0.08034778386354446,0.03480155,0.017328799,0.094604485,0.01679859682917595,0.077275686,0.125,0.094604485,0.07415721,0.059802935,-0.0003909601418907757,0.009368824,0.0,0.051208317,0.049596846,0.99999994,0.9504031,0.25,0.99999994,0.9730752,0.9487916,-0.0016118054035122156,0.015455991
base-noprop__2236ddd1a25d7ae2e190062eb0a1d6d87088db82__爆炸菇（爆炸后）__v0__5c6b2b31__c0.mp4,0.9323626160621643,0.7997873425483704,0.010847807,-0.016766727,-0.0045326054,0.012234122,0.15625,0.05318606,0.014626875,-0.015380412,-9.776571563436788e-05,0.016937938,0.4144049286842346,0.14877248,0.068955004,0.47265255,0.006139432080090046,0.40369755,0.1875,0.51833546,0.42903182,0.32388008,0.0009000068830867118,0.053773317,0.1935483870967742,0.280652,0.11985624,1.0000001,0.8801439,0.125,1.0000001,0.85760844,0.71934813,0.0013768748213643636,0.045677185
base-noprop__07c58fa6b177896d1bf3bafc1798b4388f51e9a6__毒蘑菇__v0__3077dfa3__c0.mp4,0.9691132307052612,0.9231125116348267,0.022817701,0.0031618774,-0.017303497,-0.020465374,0.125,0.028735608,-0.01018783,-0.040121198,-0.0002683944333770758,0.013269,0.39658451080322266,0.010972828,-0.07837227,0.32804868,0.03620290756225586,0.40642095,0.25,0.46466827,0.3863967,0.31707585,-9.930019111226584e-05,0.044143427,0.06451612903225806,0.15595722,0.08487439,1.0000001,0.9151257,0.25,1.0000001,0.9247164,0.8440429,0.0001818470198038627,0.04392454
base-noprop__9fe84a46a5b7258d9185e38e64539dfb315c00ea__粽子菇__v0__44a6634a__c0.mp4,0.9908670783042908,0.9814316034317017,0.001992911,-0.08773646,-0.013254583,0.074481875,0.15625,0.074481875,0.027406681,-0.015247494,0.0012236234303181473,0.02357919,0.32733094692230225,0.0,-0.13909921,0.29907632,0.00464308075606823,0.43817553,0.125,0.43817553,0.3547376,0.29907632,0.0018609197061956835,0.03441072,0.12903225806451613,0.09054768,0.09054768,1.0000001,0.90945244,0.125,1.0000001,0.96360284,0.90945244,-0.001808650889966471,0.020033056
base-noprop__0eaa401fc0b89ae5782586ac9dd79898a8983222__炸虾菇__v0__258a056e__c0.mp4,0.9990833401679993,0.9974715709686279,0.00525108,0.0029574763,-0.013403516,-0.016360993,0.1875,-0.00936863,-0.0145337265,-0.018654596,5.07714659729396e-05,0.0024300902,0.03493324667215347,0.0016701575,-0.003816789,0.0172785,0.015404992736876011,0.021095289,0.1875,0.027695669,0.020399522,0.015608342,0.00019102855011973776,0.002764405,0.0,0.0071378946,0.0058414936,0.9999999,0.9941584,0.03125,0.9999999,0.9956871,0.992862,-0.00015998077838300442,0.0017690297
exact-r1__4684d4e3cc283d2f82a830567f416163b041076b__吐司菇__v446__bubble__997c9000__c0.mp4,0.9712939262390137,0.9401909112930298,0.023367658,0.009502597,-0.04409208,-0.05359468,0.21875,-0.04124619,-0.053701043,-0.06745974,-0.0003744940358129427,0.0075152186,0.14172767102718353,0.031413507,-0.070838355,0.074102394,0.006692088674753904,0.14494075,0.0625,0.15773779,0.08802663,0.042688888,0.0026329329375265023,0.032433394,0.22580645161290322,0.42962193,0.42962193,0.9999999,0.57037795,0.15625,0.9999999,0.8236649,0.57037795,-0.011712374192965667,0.116834
base-noprop__068f87e6d8c098db1a68eaff2a959baa9dd07959__吐司菇__v0__09f67355__c0.mp4,0.988074541091919,0.9732059240341187,0.006135404,-0.013470024,-0.039339364,-0.02586934,0.21875,-0.011283934,-0.028591068,-0.045474768,0.0002229826421069958,0.008865071,0.3200727105140686,0.033431575,-0.044008255,0.26690945,0.004097182769328356,0.3109177,0.21875,0.35403812,0.29148164,0.23347788,0.0008981717187813007,0.03341968,0.0,0.0686115,0.04182583,1.0000001,0.9581743,0.0625,1.0000001,0.9539977,0.9313886,-0.0012684422394921436,0.020313155
base-noprop__fa699bfb0ad829980890a6fa14ad0c0db8626180__粽子菇__v0__ead9b5b4__c0.mp4,0.9938353896141052,0.9858033657073975,0.026387066,0.017109513,-0.0061487854,-0.023258299,0.15625,0.0037897527,-0.01208051,-0.03253585,-0.0003140783237834131,0.008841903,0.41535723209381104,0.0616346,0.023736864,0.4274583,0.04731903597712517,0.40372142,0.1875,0.43767497,0.40327668,0.3658237,-0.0012354652432839382,0.01933778,0.0,0.043317914,0.028596282,1.0,0.9714037,0.15625,1.0,0.9742197,0.9566821,-0.0010876595165547462,0.011623916
exact-r1__4691ed1843f8b20fbb9d94d74fa655f6e6d960bb__吐司菇__v447__bubble__317c9c87__c0.mp4,0.9960417151451111,0.9872391223907471,0.0,-0.0017727017,-0.052840978,-0.051068276,0.1875,-0.041032467,-0.04691104,-0.052840978,-3.105227608790919e-05,0.0029354591,0.09296445548534393,0.004367538,0.004367538,0.043187276,0.005562820006161928,0.038819738,0.09375,0.061632417,0.046053417,0.038819738,9.072720567501988e-05,0.0050996374,0.0,0.028769732,0.016525388,1.0000002,0.98347485,0.1875,1.0000002,0.9881898,0.9712305,-0.0007134856344842136,0.008139115
exact-r1__17267cdbab13c63bd29a987952c0bc6e4a671ac3__爆炸菇（爆炸前）__v149__glasses__abaa048b__c0.mp4,0.979417622089386,0.927446722984314,0.056692064,0.04423368,-0.022307783,-0.06654146,0.28125,-0.021574467,-0.054464377,-0.07899985,-0.001556594481915673,0.016884273,0.4201885461807251,0.09193349,-0.03344363,0.38903928,0.001955113373696804,0.4224829,0.25,0.44119865,0.36572415,0.2971058,0.002688798316019728,0.04836233,0.3870967741935484,0.14227271,0.13395053,1.0,0.86604947,0.3125,1.0,0.9241173,0.8577273,-0.004772812084368572,0.04697829
generic__6612290f63285f5c6f418d9a0bf7cc9e8ad3a7e6__吐司菇__v388__glasses__cde9ea13__c0.mp4,0.9958536028862,0.9864775538444519,0.009545535,0.005447805,-0.050066948,-0.055514753,0.15625,-0.04835844,-0.05347941,-0.059612483,-0.00020041467507214242,0.0032646868,0.49758583307266235,0.0,-0.023872375,0.4278071,0.015039901249110699,0.45167947,0.28125,0.46464118,0.4441064,0.4278071,0.0007530807618521613,0.009871476,0.0,0.031793773,0.027522743,0.99999994,0.9724772,0.3125,0.99999994,0.9830276,0.96820617,-0.0009640176777790441,0.009819634
base-noprop__125de5a624888f2f256cc2f63735a38929203bb9__爆炸菇（爆炸后）__v0__bf097b54__c0.mp4,0.9927359223365784,0.9530421495437622,0.0424484,0.0424484,-0.051760256,-0.09420866,0.21875,-0.051760256,-0.077300794,-0.09420866,-0.001103774166482986,0.01333973,0.4680396020412445,0.0,-0.015865117,0.37327495,0.006714337505400181,0.38914007,0.125,0.40525055,0.3907388,0.37327495,0.00023536545789837004,0.0077189114,0.0,0.08857411,0.07818246,1.0,0.92181754,0.15625,1.0,0.9485846,0.9114259,-0.0017669357446806022,0.024563156
exact-r2__55d0a552371088436d3780e0920102745a9833f1__汉堡菇__v546__scooter__2d2219a1__c0.mp4,0.9423076510429382,0.8545107841491699,0.016528562,-0.0055743903,-0.0064399093,-0.00086551905,0.09375,0.04551506,0.006313834,-0.022968471,-0.0007008023702067007,0.019075971,0.4175755977630615,0.037838012,-0.40149248,0.13282152,0.009874479845166206,0.534314,0.21875,0.58889294,0.42388946,0.0949835,0.016401992565911277,0.17710473,0.16129032258064516,0.7593837,0.7085688,0.99999994,0.29143113,0.0,0.99999994,0.4782821,0.24061623,-0.025536293753824255,0.27435106
exact-r2__b6387d6187a3435f57004a2d043d191ad76a9ced__炸虾菇__v1130__bubble__3f98ead1__c0.mp4,0.9502699971199036,0.7140946388244629,0.02517566,0.02517566,0.03309664,0.00792098,0.15625,0.053907216,0.029532144,0.00792098,0.000273285783237377,0.011263579,0.303361177444458,0.17230973,0.018343925,0.40667433,0.0247879009693861,0.3883304,0.1875,0.4272403,0.3328933,0.2343646,0.0016269260154398008,0.059585784,0.0,0.5349457,0.12080085,1.0,0.87919915,0.125,1.0,0.6668471,0.4650543,-0.0033654564188634758,0.16003607
exact-r2__2495cb6a02eecbe6b15ad5481af9e0812f316e44__炸虾菇__v230__eyemask__37c59cc4__c0.mp4,0.9858582019805908,0.9194806218147278,0.021089911,-0.04690361,-0.039824575,0.007079035,0.25,0.0092176795,-0.015866324,-0.060914487,0.0019439381173104473,0.020378157,0.44894301891326904,0.08317447,-0.014509231,0.42867818,0.0070901354774832726,0.44318742,0.09375,0.50974643,0.43307668,0.34550372,0.0027624635391833253,0.038179684,0.06451612903225806,0.17552793,0.117661715,1.0,0.8823383,0.125,1.0,0.9008105,0.82447207,-0.003804038969739765,0.05534165
exact-r1__66c31723dc12306b4f0c1044a74ebf104e0824d8__爆炸菇（爆炸后）__v652__flag__aa0b5ed5__c0.mp4,0.9946245551109314,0.9562182426452637,0.0011360496,-0.013867984,-0.011132136,0.0027358476,0.375,0.0067452565,-0.0021882295,-0.012268186,0.0006555676562001494,0.006969006,0.033577293157577515,0.0033348706,-0.0004667472,0.026058674,0.005282329395413399,0.026525421,0.03125,0.050482355,0.031389058,0.022723803,0.00011289424277962286,0.007643428,0.03225806451612903,0.08127332,0.074270844,1.0,0.92572916,0.0625,1.0,0.9540643,0.9187267,-0.003232228692588192,0.034140788
exact-r1__64f7ba46c3c16764be8347709ee03ebee90d68c2__爆炸菇（爆炸后）__v639__flag__116680dd__c0.mp4,0.9840229749679565,0.9642699956893921,0.059556365,0.02579099,0.023153886,-0.0026371032,0.25,0.023574248,0.0018756075,-0.03640248,-0.001663632697734402,0.017796036,0.14385922253131866,0.042575896,0.030186117,0.16774867,0.005521695129573345,0.13756256,0.125,0.18061388,0.14573483,0.12517278,-0.0010784944912686338,0.014186254,0.1935483870967742,0.13038468,0.10424316,1.0,0.89575684,0.15625,1.0,0.9354006,0.8696153,-0.004348863265818498,0.041656636
exact-r2__04dc11f346bd2c0253418f8edd6a7187fb43f805__粽子菇__v32__coffee__f33e0d36__c0.mp4,0.9740157127380371,0.8914186954498291,0.017435461,-0.0027188957,0.06717548,0.06989437,0.15625,0.09586042,0.07836875,0.049740016,-0.00014286724266068728,0.009610152,0.4889369010925293,0.0063421726,-0.1771622,0.47067156,0.010657944716513157,0.64783376,0.28125,0.66824347,0.5673057,0.4643294,0.007831736137309394,0.08174974,0.16129032258064516,0.18456542,0.13260758,1.0000002,0.86739266,0.21875,1.0000002,0.8923073,0.8154348,-0.004759090059488723,0.053312413
exact-r2__3550d4d593884e660092f1bb1c9c8c880eb3e04f__蘑菇力__v353__scooter__f9ccfe72__c0.mp4,0.9388259649276733,0.37580013275146484,0.03165108,0.02754739,-0.019919127,-0.047466516,0.21875,-0.0072734356,-0.03215579,-0.051570207,-0.0009471469960254659,0.012542464,0.38581112027168274,0.13810253,0.011307806,0.36484793,0.004031863063573837,0.35354012,0.125,0.42640224,0.3536553,0.2267454,-0.00038886010712366507,0.03783003,0.12903225806451613,0.72735643,0.7149172,0.9999999,0.28508273,0.0,0.9999999,0.39308506,0.27264348,-0.014025604117475977,0.2001503
exact-r2__f11cad00ba6f8dcd0db7e9dfcdef26e58638052e__爆炸菇（爆炸前）__v1517__scooter__826b44a1__c0.mp4,0.9709815979003906,0.8974994421005249,0.042182744,0.037786126,-0.013328522,-0.05111465,0.15625,0.0007376373,-0.018922344,-0.055511266,-0.0010758198393492403,0.014013667,0.4230623245239258,0.09040105,0.046513885,0.42361048,0.002790002152323723,0.3770966,0.15625,0.4528705,0.40414,0.33320943,-0.0029786129555831498,0.03589862,0.1935483870967742,0.24227655,0.15684736,1.0000001,0.84315276,0.1875,1.0000001,0.9317582,0.75772357,-0.006120410701396504,0.06257021
exact-r1__71e12148011f61cd348e6d50e16951a7d46be83f__吐司菇__v715__flag__38022f2f__c0.mp4,0.9500385522842407,0.8791816830635071,0.022150218,0.020044178,-0.005250305,-0.025294483,0.1875,0.00369218,-0.0112333065,-0.027400523,-0.0005926958932554966,0.0082050385,0.28084880113601685,0.029223561,-0.06545246,0.23438096,0.00845399871468544,0.29983342,0.1875,0.3522755,0.2696155,0.2051574,0.002644953129490802,0.041455835,0.0,0.41928226,0.31262267,1.0,0.68737733,0.21875,1.0,0.827726,0.58071774,-0.010682606474220554,0.125039
exact-r1__7da73bccaac018dfba8c400a2b8c3e42302f427e__炸虾菇__v780__glasses__986387a9__c0.mp4,0.8983606100082397,0.16367027163505554,0.018632077,0.012749158,-0.010496795,-0.023245953,0.15625,0.0068075657,-0.014510499,-0.029128872,-0.0006399457202951184,0.009927285,0.19054871797561646,0.35111457,0.2916698,0.34695613,0.0055562700144946575,0.05528634,0.125,0.5690018,0.17603824,-0.004158452,-0.013156708273329954,0.17805202,0.12903225806451613,0.47943664,0.3915968,1.0000001,0.6084033,0.125,1.0000001,0.7446579,0.5205635,-0.017043467501828374,0.17850627
base-noprop__746da3c174acbb5da8858bffe05b68335dae3406__爆炸菇（爆炸后）__v0__c6b383bd__c0.mp4,0.9966503977775574,0.9862980842590332,0.0047018155,0.0040315986,0.01678972,0.012758121,0.21875,0.025555126,0.017840553,0.012087904,1.572582275330879e-05,0.0039506373,0.11211460828781128,0.039461643,0.015946135,0.14234568,0.0037712601479142904,0.12639955,0.1875,0.14925796,0.12995516,0.10288404,-0.0008557604890742756,0.012050746,0.22580645161290322,0.02957511,0.00747633,1.0,0.99252367,0.25,1.0,0.9862368,0.9704249,-0.0004503350169602542,0.008568148
base-noprop__182f83da0bcf36703e4fd5d1e28bc4008296ecaa__汉堡菇__v0__ceef1214__c0.mp4,0.9878188371658325,0.9545108675956726,0.011891842,-0.0064487755,0.03862518,0.045073956,0.15625,0.06064269,0.042587906,0.026733339,0.0001793334648406412,0.007173,0.3295448124408722,0.0360955,0.024478972,0.37013173,0.02668377198278904,0.34565276,0.1875,0.42954928,0.3721327,0.33403623,-0.0014156821263063642,0.025726184,0.0,0.053941607,0.009628415,1.0,0.9903716,0.21875,1.0,0.9764987,0.9460584,-0.0005303506474515661,0.016987128
base-noprop__28a9118cfcb39ecdaa356dae1cfd75d6409d77fc__吐司菇__v0__7c71d183__c0.mp4,0.9816514253616333,0.8939011096954346,0.049136013,0.043219656,0.027405292,-0.015814364,0.0,0.027405292,-0.01188642,-0.021730721,-0.0006771512722864179,0.010450023,0.4021657407283783,0.041779935,-0.02555859,0.39267963,0.009915661998093128,0.41823822,0.28125,0.4275555,0.39027935,0.3508997,0.001431242811365224,0.022581892,0.0967741935483871,0.17982441,0.13814276,1.0,0.86185724,0.0,1.0,0.8635783,0.8201756,-0.0021816996578946394,0.043831088
exact-r1__48edbebb09f4066019f3a893bd82184d9bdce8fd__粽子菇__v465__glasses__ce906ac5__c0.mp4,0.9745145440101624,0.877631425857544,0.032160792,0.03189569,0.009019494,-0.022876197,0.0,0.05327645,-0.0029518793,-0.023141298,-0.0014178547021575115,0.022374222,0.08856192231178284,0.10756276,0.10756276,0.13789046,0.009348850697278976,0.030327698,0.09375,0.20887744,0.08561004,0.030327698,-0.003691076651649802,0.04937433,0.25806451612903225,0.1106261,0.09233081,1.0000001,0.9076693,0.03125,1.0000001,0.93248373,0.889374,-0.002391439084171185,0.029216873
exact-r2__4750d9b5e622a065f63c02791c5880240fb4ec9a__爆炸菇（爆炸后）__v455__glasses__5c410dcd__c0.mp4,0.951021134853363,0.8143290281295776,0.022532374,0.016400427,0.0783259,0.06192547,0.21875,0.112739444,0.077902146,0.055793524,-0.0011606729340867883,0.01760244,0.47597455978393555,0.07898682,0.07898682,0.5376991,0.031591638922691345,0.45871228,0.34375,0.65081555,0.55387676,0.45871228,-0.004777115313582038,0.06406254,0.0,0.17427063,0.16010869,0.9999999,0.8398912,0.25,0.9999999,0.8981024,0.82572925,-0.00474929739652838,0.049217753
exact-r1__3550d4d593884e660092f1bb1c9c8c880eb3e04f__蘑菇力__v353__scooter__f9ccfe72__c0.mp4,0.9607442617416382,0.6815750598907471,0.010632634,-0.00010603666,-0.034873545,-0.03476751,0.15625,-0.010431111,-0.034054544,-0.04550618,-2.1507684960743194e-05,0.0066146245,0.38434791564941406,0.108257234,-0.013343036,0.35871404,0.0017144731245934963,0.37205708,0.0625,0.37366393,0.3502934,0.2504568,-0.0005729939526389298,0.027714998,0.25806451612903225,0.4448914,0.20046198,1.0,0.799538,0.125,1.0,0.87957966,0.5551086,-0.009640972722660377,0.12024035
base-noprop__182f83da0bcf36703e4fd5d1e28bc4008296ecaa__炸虾菇__v0__8c812082__c0.mp4,0.994315505027771,0.9790536165237427,0.017262965,-0.000734061,-0.047296315,-0.046562254,0.15625,-0.043713868,-0.051380336,-0.06455928,-0.00010640713552837944,0.0038295828,0.3211377263069153,0.010399252,0.00764367,0.2549652,0.0016663041897118092,0.24732152,0.1875,0.30678916,0.2697574,0.24456593,0.00035197292440885446,0.015076947,0.25806451612903225,0.036295354,0.007301271,1.0000001,0.99269885,0.1875,1.0000001,0.98435533,0.96370476,-0.000745818696238741,0.011207416
exact-r1__46a88b94d8c5451f884baeac062b15b148ad8fe6__吐司菇__v448__bubble__66e4b2cb__c0.mp4,0.9638936519622803,0.9073426723480225,0.003151223,-0.044691548,-0.09834635,-0.053654805,0.25,-0.03285356,-0.06903528,-0.101497576,0.0016238623929600543,0.021621315,0.20891115069389343,0.030154563,-0.0026112646,0.122666955,0.012369825504720211,0.12527822,0.15625,0.2412351,0.13987586,0.09251239,-0.000548638490812515,0.033656355,0.06451612903225806,0.5438587,0.46715784,1.0000001,0.5328423,0.125,1.0000001,0.6835851,0.4561414,-0.015588031289689327,0.17161326
base-noprop__f64e1c17ba334819ca417f708e64e97d2aba7b05__爆炸菇（爆炸前）__v0__5f404b24__c0.mp4,0.9825996160507202,0.9398221969604492,0.019220531,0.005199671,-0.013548732,-0.018748403,0.25,-0.0018928349,-0.016850598,-0.032769263,-0.0006043188426851178,0.009684983,0.49857625365257263,0.030263513,-0.04030314,0.4562557,0.01918610744178295,0.49655885,0.25,0.5195197,0.48172563,0.4259922,-0.000517017844397992,0.023711167,0.0,0.10593498,0.044677556,0.9999999,0.9553223,0.21875,0.9999999,0.95037735,0.8940649,-0.0021560385692154485,0.03067782
exact-r1__63c6cd5b6ce97c724c348a679627c9f637af97f7__毒蘑菇__v627__scooter__2948a84e__c0.mp4,0.985541582107544,0.9228333234786987,0.032908335,0.027094543,-0.0047307312,-0.031825274,0.25,-0.0035407543,-0.019333927,-0.037639067,-0.0010755724202612103,0.011167997,0.17205816507339478,0.023343146,-0.035753414,0.14597493,0.009283210150897503,0.18172835,0.15625,0.19082336,0.15272424,0.12263179,0.0019430625634786884,0.021279642,0.12903225806451613,0.14711207,0.12952876,1.0,0.87047124,0.21875,1.0,0.9324591,0.8528879,-0.005297208745633378,0.05588941
exact-r1__2476217f1ef403570cab61bc600a1590bb5c33b0__汉堡菇__v228__eyemask__1f5e8f4e__c0.mp4,0.9995332956314087,0.9985960721969604,0.0008346513,-0.0021412894,0.0065066665,0.008647956,0.15625,0.009493355,0.0075986036,0.0056720152,8.294016772832011e-05,0.0010778026,0.03213004022836685,0.002153717,-0.0025849193,0.03920234,0.015448388643562794,0.04178726,0.09375,0.04178726,0.03972864,0.037048623,4.9891398230955916e-05,0.00090368587,0.0,0.010104418,0.010104418,1.0,0.9898956,0.21875,1.0,0.9948848,0.9898956,-0.0003125435205673282,0.0029268796
exact-r1__357d37772683c7c8ff2944404f39eed890de66ab__吐司菇__v356__glasses__c2530ae8__c0.mp4,0.9942862391471863,0.9745858907699585,0.0031641573,-0.00709828,-0.017721727,-0.010623448,0.125,-0.0075227544,-0.014549621,-0.020885885,0.00023787613832487348,0.0032502615,0.117380291223526,0.029999897,0.019458853,0.10078387,0.015144235454499722,0.08132502,0.15625,0.13625813,0.10283068,0.07078397,-0.00018622434241942734,0.01638974,0.12903225806451613,0.03156352,0.022606254,0.9999999,0.9773936,0.15625,0.9999999,0.9865663,0.96843636,-0.0009513438687471157,0.009865073
base-noprop__3a465276b3c4381b5603d70c17849c8e1edf6d9c__蘑菇力__v0__83fb4f4c__c0.mp4,0.9971070885658264,0.9933898448944092,0.008234564,0.005680628,-0.04791676,-0.053597387,0.21875,-0.045342743,-0.04997378,-0.056151323,-0.00015627495368227085,0.0025454394,0.05706330016255379,0.014764085,0.013944387,0.015981253,0.008034078404307365,0.0020368658,0.0625,0.015981253,0.0070895217,0.0012171678,-0.0002607781582722257,0.0034000988,0.0,0.016274571,0.013577163,0.9999998,0.98642266,0.03125,0.9999998,0.9878132,0.98372525,-0.00020718702341799902,0.003157617
base-props__9988ed6b8baec6b7f72e2a2f31784ecde8be7eb5__毒蘑菇__v623__crown__7de73eb3__c0.mp4,0.9970123767852783,0.9822896718978882,0.0030598976,-0.014416084,-0.021304697,-0.006888613,0.3125,-0.0043894984,-0.011533625,-0.024364594,0.000491724650326384,0.0064727594,0.04264617711305618,0.003294889,-0.014464576,0.025928512,0.02319076657295227,0.040393088,0.15625,0.045700796,0.03111255,0.022633623,0.00025477409028227014,0.0051597576,0.0,0.025726259,0.011270702,0.9999999,0.9887292,0.03125,0.9999999,0.99030477,0.9742736,-0.0003992904119652127,0.0056876815
base-noprop__701e58d8fd0b9629cc0d3b9aec0136dcfd79a9f4__粽子菇__v0__69c312f2__c0.mp4,0.9948811531066895,0.9916057586669922,0.007153664,0.0015638843,-0.03717666,-0.038740546,0.125,-0.027652005,-0.037564937,-0.044330325,-0.0002776593348158867,0.0044815806,0.044318534433841705,0.00342175,0.001191901,0.0032888446,0.008205240592360497,0.0020969436,0.15625,0.020813247,0.0067536025,-0.00013290532,-0.0003047255287766234,0.006094568,0.0,0.031102657,0.018215716,0.99999994,0.9817842,0.0625,0.99999994,0.98203975,0.9688973,-0.0002055039787746782,0.0051869615
exact-r1__04df965f1463854b338ef365bd1c58499ad56d97__粽子菇__v33__coffee__421152c0__c0.mp4,0.98341965675354,0.9395736455917358,0.03668177,-0.0023860931,-0.02580762,-0.023421526,0.15625,-0.018653154,-0.033530366,-0.06248939,2.1770012037843744e-05,0.012171734,0.3305628299713135,0.08192128,-0.023900807,0.31398213,0.008791094645857811,0.33788294,0.15625,0.35940152,0.29703248,0.23206085,0.001446143136826782,0.03493001,0.12903225806451613,0.08902633,0.046247482,1.0,0.9537525,0.1875,1.0,0.9584019,0.91097367,-0.002093035432774966,0.02637223
exact-r1__63f03d9dd9794eff85cfc7b301e8768d91c5ed15__炸虾菇__v628__scooter__8d993de5__c0.mp4,0.9719534516334534,0.8869389295578003,0.03484431,0.00181669,-0.0022042096,-0.0040208995,0.1875,0.011161983,-0.0066417167,-0.03704852,-0.00014329931078768202,0.011708842,0.3606846332550049,0.0080688,-0.27465478,0.21535793,0.025827039033174515,0.4900127,0.21875,0.54893243,0.35404295,0.20728913,0.012394965792899611,0.12642574,0.0,0.540823,0.540823,0.9999999,0.4591769,0.28125,0.9999999,0.7747961,0.4591769,-0.022232190539235547,0.21635857
base-props__612d49f90c5839a0aeee3644992dde5a2e25df17__爆炸菇（爆炸前）__v370__flag__44b9d3da__c0.mp4,0.972781777381897,0.9349319934844971,0.031864703,0.017508477,-0.00024819374,-0.01775667,0.15625,-0.00024819374,-0.017174717,-0.032112896,-8.490291366741505e-05,0.00736197,0.31081247329711914,0.07851376,-0.03647846,0.2972182,0.007580957841128111,0.33369666,0.1875,0.36044678,0.29363775,0.21870445,0.000981000820147509,0.03522245,0.0,0.18021178,0.082770824,0.9999999,0.91722906,0.15625,0.9999999,0.89598274,0.8197881,-0.0011628844783452919,0.047425028
exact-r1__037c5682bf3ce681096350171ef6542110f90174__爆炸菇（爆炸后）__v23__eyemask__0ab7bcf3__c0.mp4,0.9971047639846802,0.989532470703125,0.0,-0.010974482,0.045226157,0.05620064,0.15625,0.05761233,0.050630543,0.045226157,0.00016802092986809727,0.0035234904,0.16664382815361023,0.011671543,-0.01035817,0.20349938,0.005879181437194347,0.21385755,0.21875,0.24772492,0.21727437,0.19182783,-0.0007984717499431929,0.016389344,0.0,0.04076457,0.038063228,0.99999994,0.9619367,0.25,0.99999994,0.9808558,0.95923537,-0.0012502491670794249,0.012232693
exact-r2__66d87cc94688950f69cb883873f0307161008b73__爆炸菇（爆炸后）__v654__flag__ca7185cd__c0.mp4,0.9854332804679871,0.9225095510482788,0.017700821,0.0026224256,0.025103062,0.022480637,0.125,0.035726935,0.023770899,0.007402241,0.0001961871042104768,0.00603767,0.3736730217933655,0.08437851,0.03047803,0.42986444,0.019461557269096375,0.3993864,0.1875,0.4396839,0.39744392,0.34548593,-0.001430699858497656,0.024454426,0.0,0.13777518,0.06553602,1.0,0.934464,0.03125,1.0,0.92043823,0.8622248,-0.0027275003951665357,0.04163578
exact-r1__b901df6d48d37ba439b3b2ce4f18d1b9073a8d64__粽子菇__v1155__eyemask__3bd84047__c0.mp4,0.9757680296897888,0.9131642580032349,0.0086812675,-0.04752162,0.05205375,0.09957537,0.15625,0.10730356,0.06956555,0.043372482,0.001193599606102165,0.014735398,0.2008621245622635,0.052683488,-0.10474262,0.25538415,0.028833137825131416,0.36012676,0.125,0.36012676,0.27042767,0.20270066,0.0029300718002917194,0.03938526,0.0,0.2776901,0.22767985,1.0000001,0.7723203,0.25,1.0000001,0.8997461,0.72231,-0.006412846568829826,0.06936753
exact-r1__57b60835a5265c7f59de17f5f821162644546334__汉堡菇__v559__scooter__89620044__c0.mp4,0.9650111198425293,0.8864314556121826,0.0,-0.10323633,-0.092316404,0.010919929,0.25,0.038718313,-0.015145424,-0.092316404,0.0037264773155128296,0.04235813,0.29259875416755676,0.00054445583,-0.46174937,0.0087246355,0.01307225413620472,0.470474,0.25,0.4824854,0.2774533,0.00818018,0.018907333575011585,0.18249798,0.0,0.8127463,0.8102932,1.0000002,0.18970706,0.28125,1.0000002,0.539379,0.18725392,-0.03337040021086978,0.31936887
base-noprop__354f3e4b6107ffa5548e933c67773e98971848fa__毒蘑菇__v0__cea99c8a__c0.mp4,0.9964810609817505,0.985522985458374,0.010015994,-0.0043387413,-0.0055595636,-0.0012208223,0.25,0.0041030347,-0.0059668086,-0.015575558,-4.8063258446556525e-05,0.005535594,0.42482608556747437,0.041989356,-0.005949557,0.41752595,0.01564595475792885,0.4234755,0.15625,0.46315312,0.41885927,0.3755366,-0.0004334177144549034,0.02442484,0.0,0.024098456,0.0033584833,1.0,0.9966415,0.1875,1.0,0.98982036,0.97590154,-0.0002347619608699774,0.0073550865
exact-r1__626b6bd3e31f1f1f566ad8589123249d6c71e87e__毒蘑菇__v620__scooter__78f5bda9__c0.mp4,0.992397665977478,0.9638278484344482,0.0044854283,0.0027596354,0.00034490228,-0.0024147332,0.03125,0.027527153,0.004943115,-0.004140526,-0.00020314850011441679,0.008533755,0.22267639636993408,0.079741865,0.056188464,0.265967,0.01634996384382248,0.20977855,0.09375,0.2802289,0.22761953,0.18622515,-0.0023943736460988415,0.026066346,0.16129032258064516,0.053547263,0.03322494,0.9999999,0.96677494,0.09375,0.9999999,0.9721265,0.9464526,-0.001108852791384144,0.014577463
exact-r2__3296e3025fe5db65ce1e18e8abd3114afdfdc5da__蘑菇力__v335__scooter__d7fc43bc__c0.mp4,0.9522091746330261,0.8128111362457275,0.01092723,-0.005881101,-0.037270337,-0.031389236,0.125,0.018864512,-0.02185691,-0.048197567,0.00034200818526430117,0.014862983,0.44765013456344604,0.08694908,0.05230829,0.3786845,0.011677075177431107,0.3263762,0.09375,0.59928584,0.42579323,0.2917354,-0.0011702480772373422,0.085703604,0.12903225806451613,0.3594001,0.22939175,0.99999994,0.7706082,0.1875,0.99999994,0.8194436,0.64059985,-0.008149003396985082,0.111773305
exact-r1__6ecf3f0f4225021b452259474775f15784e9d0b5__汉堡菇__v703__coffee__80f515e1__c0.mp4,0.9738426208496094,0.9176425337791443,0.054156363,0.018447876,0.040008605,0.021560729,0.1875,0.041451514,0.018539136,-0.0141477585,-0.0008805845031116007,0.0135570485,0.5891838073730469,0.016236365,-0.10552573,0.55597633,0.01420600526034832,0.66150206,0.125,0.6928517,0.607723,0.53973997,0.004058639794762889,0.04278889,0.0967741935483871,0.24795079,0.17694569,1.0,0.8230543,0.1875,1.0,0.8921134,0.7520492,-0.007520736148717449,0.08028122
base-noprop__c5e43dd5e62f17a4edf36f4eec759833b39bd954__炸虾菇__v0__e7716b84__c0.mp4,0.9941296577453613,0.9809608459472656,0.011570647,-0.0007859096,-0.048422247,-0.047636338,0.1875,-0.04239525,-0.05106225,-0.059992895,0.00010099440479863948,0.0039973054,0.1735367476940155,0.019660607,0.000812985,0.12255441,0.014380508102476597,0.12174142,0.125,0.14418022,0.12247449,0.1028938,-7.448549303184994e-05,0.007813605,0.0,0.031143129,0.016809762,0.99999994,0.9831902,0.1875,0.99999994,0.9820107,0.9688568,-0.00040292055987890243,0.006963364
base-props__edcc9cb357e76382c3dd66231b56a5f4c6ef4e4b__毒蘑菇__v926__eyemask__c1ae514b__c0.mp4,0.9961899518966675,0.9904835224151611,0.0109478235,-0.0017341375,0.064950466,0.0666846,0.1875,0.067689896,0.06160271,0.054002643,-5.230527163600448e-05,0.0035993266,0.5676599740982056,0.03938836,-0.01308763,0.6420882,0.0025635715574026108,0.6551758,0.15625,0.6564754,0.6292627,0.6026998,0.00024224484552388007,0.0135729415,0.06451612903225806,0.022245169,0.0063412786,0.99999994,0.99365866,0.21875,0.99999994,0.98979425,0.9777548,-0.00015929446192429773,0.0059548006
base-noprop__c884f9c5b1342e1e182de98d0015811298454d88__粽子菇__v0__70c1de11__c0.mp4,0.9967770576477051,0.9893375635147095,0.0,-0.0051026046,-0.087065846,-0.08196324,0.09375,-0.041496873,-0.071940795,-0.087065846,0.00022206981488861132,0.012930466,0.5377010703086853,0.0120640695,0.004334897,0.44875774,0.014790850691497326,0.44442284,0.03125,0.51434577,0.4657603,0.43669367,0.00014132864860671554,0.024717012,0.0,0.030864358,0.0066215396,0.9999999,0.99337834,0.28125,0.9999999,0.9866133,0.9691355,-0.00028837134630098436,0.010340702
generic__58c718f0a628fc78ed40a56ba41c1f7d385533e5__炸虾菇__v336__coffee__07074ac5__c0.mp4,0.9713728427886963,0.9113370180130005,0.02148524,-0.0030715168,-0.018701911,-0.015630394,0.15625,0.029195964,-0.011432482,-0.04018715,0.000337134500490255,0.018412508,0.4453926682472229,0.013424337,-0.019789428,0.4007591,0.01660735532641411,0.42054853,0.09375,0.51001525,0.43396017,0.38733476,0.0018960988460398236,0.03285448,0.12903225806451613,0.2093296,0.110803604,1.0,0.8891964,0.1875,1.0,0.9123728,0.7906704,-0.005934619986591433,0.06373737
base-noprop__084b3e71188f9a2159d683c11a6ad5bd65815355__毒蘑菇__v0__952a718c__c0.mp4,0.994790256023407,0.9850857257843018,0.036917984,0.0031211376,0.057763994,0.054642856,0.28125,0.057763994,0.039966613,0.02084601,-0.00028854110373779376,0.012793309,0.6086649298667908,0.0297845,-0.042844415,0.6489803,0.007412280887365341,0.69182473,0.125,0.70072997,0.6486316,0.6191958,0.0008394044996007236,0.019054394,0.03225806451612903,0.05888319,0.051409006,1.0,0.948591,0.1875,1.0,0.9707024,0.9411168,-0.0017208991315532424,0.016817572
exact-r2__ed679bf8d7bd4623332c2f7947931f6f01737729__汉堡菇__v1490__bubble__5ee6a125__c0.mp4,0.9472452998161316,0.8666539192199707,0.011948779,0.009578049,-0.019075662,-0.028653711,0.09375,0.04621719,0.014796964,-0.031024441,0.00081139265510453,0.01935796,0.14195206761360168,0.03654036,-0.13775977,0.12580502,0.009904432110488415,0.2635648,0.09375,0.2635648,0.15674902,0.08926466,0.003661071521139917,0.047099713,0.0,0.6184824,0.268404,1.0,0.731596,0.15625,1.0,0.69215894,0.3815176,-0.010626636877044184,0.17481144
exact-r1__95470d11e964ab0d3fa582e69f2b2efcc08ad121__汉堡菇__v929__crown__10d3d173__c0.mp4,0.9411560893058777,0.7620556950569153,0.008079618,-0.03117764,0.0056543946,0.036832035,0.25,0.069162756,0.033630114,-0.0024252236,0.001422529614085326,0.02001582,0.3927885890007019,0.103340566,-0.0006685853,0.4427024,0.023463182151317596,0.443371,0.15625,0.46077496,0.42641872,0.33936185,0.00026293964701490434,0.03320768,0.06451612903225806,0.47920984,0.16742349,1.0,0.8325765,0.09375,1.0,0.8396161,0.52079016,-0.007204246933946132,0.109098606
base-noprop__e245e3cfc41c9b8a7f3e19965bae1bd8876cb0b0__爆炸菇（爆炸后）__v0__e7140f13__c0.mp4,0.9961783289909363,0.9838001728057861,0.014089435,0.0035150647,-0.029637694,-0.03315276,0.21875,-0.028963536,-0.036384307,-0.04372713,-3.915306868965732e-05,0.005113912,0.4113767147064209,0.056946754,0.012680471,0.39271104,0.023657720535993576,0.38003057,0.0625,0.39609337,0.37499237,0.3357643,0.0001903661250893407,0.012315081,0.0,0.04637593,0.011126101,0.99999994,0.98887384,0.21875,0.99999994,0.97696555,0.953624,-0.00020637529249413575,0.013658764
exact-r1__46efe225dec2d1e5429fa9bf2a6c0d66fc5cb87e__粽子菇__v450__scooter__3d08f725__c0.mp4,0.9786284565925598,0.8698786497116089,0.04868321,-0.0006775856,-0.022725314,-0.022047728,0.1875,0.04673183,-0.022405317,-0.071408525,0.00013913322087169653,0.025484582,0.28457000851631165,0.02468361,-0.0041496754,0.25294468,0.07784900069236755,0.25709435,0.0625,0.34348243,0.2621647,0.22826107,0.0005226731218419483,0.02505258,0.0,0.16554356,0.008892298,1.0000002,0.99110794,0.125,1.0000002,0.96185625,0.8344567,-0.0009275152296089833,0.037915662
generic__068f87e6d8c098db1a68eaff2a959baa9dd07959__粽子菇__v24__coffee__cd2a73a3__c0.mp4,0.9855651259422302,0.9531803131103516,0.031598628,-0.00033557415,0.0775761,0.077911675,0.15625,0.086577654,0.073580146,0.045977473,-0.0002172343006843683,0.009267739,0.36370396614074707,0.046175838,-0.0134984255,0.43580812,0.008050982840359211,0.44930655,0.15625,0.4887259,0.43728408,0.38963228,0.0003109748292266514,0.021247245,0.06451612903225806,0.07254577,0.025449514,1.0,0.9745505,0.25,1.0,0.9597498,0.92745423,-0.0005524308035625117,0.02232799
exact-r2__b69d2742a4ef7e4ca827e3e4c6d1452155aa6e09__毒蘑菇__v1136__crown__b097a968__c0.mp4,0.990305483341217,0.9551491141319275,0.032134622,0.001301676,-0.024931252,-0.026232928,0.1875,-0.0063108206,-0.026199823,-0.057065874,-0.0003966260100564651,0.01192301,0.4491689205169678,0.11034617,-0.015076011,0.4493385,0.013480235822498798,0.4644145,0.21875,0.4644145,0.4229691,0.33899233,0.00046255814780063746,0.03796379,0.0,0.04815173,0.026906133,1.0,0.97309387,0.125,1.0,0.97367805,0.95184827,-0.0006445241529395986,0.010991412
base-props__0ab9e3bf089c71e2d454a42c0c8b656934192f80__爆炸菇（爆炸后）__v44__crown__c5344dbf__c0.mp4,0.9967690706253052,0.9898307919502258,0.009479463,0.0022208989,-0.02774018,-0.02996108,0.125,-0.02336502,-0.028382009,-0.037219644,-4.040444395409392e-05,0.0028477465,0.3989304006099701,0.01412046,0.008624226,0.3745201,0.02828327938914299,0.36589587,0.15625,0.383437,0.37054837,0.36039963,4.766268049342674e-05,0.0048445542,0.0,0.01560843,0.00867945,1.0,0.99132055,0.15625,1.0,0.99075145,0.98439157,-0.0001405430875740329,0.0034388253
exact-r1__b8e76f1c0df38ab538fd59b261f5e83e3a03beb1__粽子菇__v1154__eyemask__4595dd7c__c0.mp4,0.9966641068458557,0.9911658763885498,0.022466123,0.014081538,0.020632327,0.006550789,0.09375,0.026835203,0.012679795,-0.0018337965,-2.512869990466248e-05,0.008656204,0.5525935888290405,0.034632146,0.006130278,0.5678831,0.009506970643997192,0.5617528,0.15625,0.5801493,0.5652734,0.5332509,0.00044474319235322205,0.010167844,0.0,0.03414321,0.03308195,1.0000001,0.9669182,0.25,1.0000001,0.9791925,0.9658569,-0.0009636045419924896,0.00934144
base-noprop__26dbb8ae31663566874e3c69116675e0a5c2f687__蘑菇力__v0__9d644c99__c0.mp4,0.9858104586601257,0.9496935606002808,0.012558639,0.007353246,-0.016609639,-0.023962885,0.125,-0.0012178421,-0.013998674,-0.029168278,-0.00035922269711046985,0.007668543,0.42701148986816406,0.034860164,-0.0028676689,0.40175265,0.017626889050006866,0.40462032,0.15625,0.46134573,0.41301283,0.3668925,-0.0001889138572638958,0.020554839,0.0,0.08445573,0.024325252,1.0,0.97567475,0.28125,1.0,0.95439667,0.9155443,0.0004235951235392381,0.025302809
generic__938e01d47782dafc5547713c187bfbca30a0ae08__汉堡菇__v589__coffee__25daa877__c0.mp4,0.982636034488678,0.8971792459487915,0.0060556233,-0.018600568,-0.015490979,0.0031095892,0.15625,0.015807271,0.004187045,-0.021546602,0.0004612296584807883,0.009356868,0.24644355475902557,0.21154791,0.21037261,0.35348636,0.003802201244980097,0.14311375,0.1875,0.38020092,0.25063062,0.14193845,-0.006395120662568769,0.067725815,0.12903225806451613,0.20910645,0.18744063,1.0,0.81255937,0.21875,1.0,0.8898042,0.79089355,-0.00428702607969383,0.058822215
base-noprop__556de27b0d0679c58d037153bf13f376557bb4da__爆炸菇（爆炸前）__v0__a5015c22__c0.mp4,0.9949909448623657,0.9741829037666321,0.0021323562,-0.0032990128,-0.03475648,-0.03145747,0.09375,-0.025772542,-0.0307661,-0.036888838,0.00011530683220219328,0.0024306301,0.27984192967414856,0.021745086,-0.007856622,0.2332043,0.004496017936617136,0.24106093,0.15625,0.29129845,0.24907583,0.21145922,0.0006767479331393814,0.02401988,0.0,0.059237003,0.009953499,1.0,0.9900465,0.125,1.0,0.9819453,0.940763,-0.0005646214828637832,0.017016241
base-noprop__ea77208c520ab108b30a7e6f72eddb04638cca12__爆炸菇（爆炸前）__v0__a47be7c4__c0.mp4,0.9905645847320557,0.9601667523384094,0.040755093,-0.01328364,-0.111498564,-0.098214924,0.125,-0.087883174,-0.107495114,-0.15225366,0.00039842471349274024,0.0162191,0.5199545621871948,0.13611856,-0.028563768,0.42983785,0.013482177630066872,0.45840162,0.15625,0.46318316,0.4124594,0.2937193,0.0011888940509987827,0.05155933,0.06451612903225806,0.09802431,0.0074896812,1.0,0.9925103,0.15625,1.0,0.9752567,0.9019757,-0.00024922291510613795,0.029226316
exact-r1__fbdd191de8c08cfe552110874ac9775d322eb9cb__爆炸菇（爆炸前）__v1588__bubble__ad548802__c0.mp4,0.9764733910560608,0.8732916116714478,0.004345253,-0.052574076,-0.06343199,-0.010857917,0.21875,0.0060561,-0.019129153,-0.067777246,0.002185548960212125,0.024630228,0.14051172137260437,0.16787283,0.16165501,0.236917,0.013426435180008411,0.07526199,0.0,0.24450773,0.12138257,0.06904417,-0.0052145627119695795,0.058841214,0.16129032258064516,0.7243688,0.71359974,1.0,0.28640026,0.0,1.0,0.5074496,0.2756312,-0.025644454023530397,0.27272588
base-noprop__5cd87e0e73b2c6ed3b794bb426544d934c63d371__爆炸菇（爆炸后）__v0__322e22bc__c0.mp4,0.9931990504264832,0.9652934074401855,0.003108263,9.7095966e-05,-0.016964138,-0.017061234,0.1875,0.016804516,-0.0049407985,-0.0200724,0.00044040361151667266,0.011717928,0.4980410933494568,0.022113979,0.022113979,0.47076842,0.014112365432083607,0.44865444,0.1875,0.5438218,0.4931003,0.44865444,0.0004899889132406787,0.028634563,0.0,0.05104482,0.009105623,1.0000001,0.9908945,0.25,1.0000001,0.9764297,0.9489553,-0.0008166668024405464,0.01766584
exact-r1__e7559760a0cf2b04b9b127f73bc5ed4e714ab9d4__吐司菇__v1450__eyemask__3722b5d8__c0.mp4,0.9952711462974548,0.9846904873847961,0.0059815124,-0.0006790906,-0.030526094,-0.029847004,0.15625,-0.023732692,-0.030476999,-0.036507607,-0.00010620318954029456,0.00304483,0.1280631124973297,0.032273985,0.029967122,0.107754,0.0048696729354560375,0.07778688,0.21875,0.13330814,0.09758611,0.075480014,-0.001553022127893485,0.017232513,0.0,0.045131683,0.03645289,1.0,0.9635471,0.03125,1.0,0.9702146,0.9548683,-0.000683130385064642,0.011191712
exact-r1__5792b571d04839ed3272dd104d55b0487c87cd92__汉堡菇__v557__scooter__98e3edc3__c0.mp4,0.9268404245376587,0.6703596115112305,0.0036035478,-0.02973935,-0.010914892,0.018824458,0.15625,0.06034726,0.006374445,-0.01451844,0.0009637946465060855,0.017350681,0.3794214129447937,0.14023201,-0.14523885,0.3572108,0.011670228093862534,0.50244963,0.0625,0.56626105,0.38579586,0.21697877,0.0028894996554577174,0.07726088,0.12903225806451613,0.5964583,0.22059393,1.0,0.7794061,0.15625,1.0,0.8380941,0.40354168,-0.012897518711967518,0.17079003
base-noprop__556de27b0d0679c58d037153bf13f376557bb4da__炸虾菇__v0__ed462b1e__c0.mp4,0.9972556233406067,0.9929239153862,0.0033269525,-0.0032017976,-0.04450324,-0.041301444,0.25,-0.03816837,-0.04296558,-0.047830194,0.00020464394880660724,0.0029098794,0.1767682135105133,0.02212505,0.0139075965,0.14380127,0.002565206727012992,0.12989368,0.25,0.1464467,0.13380264,0.12167622,-0.00037519116080270284,0.008368123,0.06451612903225806,0.019241333,0.009459257,1.0,0.99054074,0.125,1.0,0.98800087,0.98075867,-0.00021542733278440062,0.004593384
base-noprop__39be581d9da2322344f235ccd87fa0ac2a6a333b__吐司菇__v0__c5fb379d__c0.mp4,0.9956991076469421,0.9827529191970825,0.008635551,0.0046780705,-0.032010913,-0.036688983,0.125,-0.023780942,-0.031127261,-0.040646464,-0.0003203706722979679,0.004655361,0.4123762845993042,0.013742745,-0.028164268,0.3655308,0.004144374281167984,0.39369506,0.28125,0.40016457,0.381249,0.35178804,0.0011267018152122418,0.014188264,0.0,0.03207338,0.017293096,1.0000002,0.98270714,0.21875,1.0000002,0.980351,0.96792686,-0.0002123425957743895,0.008079298
base-noprop__570ddf635a3d56fb1f5c3aa1b95e854782191387__爆炸菇（爆炸后）__v0__7365be7b__c0.mp4,0.9862057566642761,0.9574703574180603,0.052482843,0.044251084,0.03515625,-0.009094834,0.21875,0.058098614,0.0145356,-0.017326593,-0.0012648169311784922,0.016564898,0.5800745487213135,0.062333703,0.012894154,0.61148167,0.015554668381810188,0.5985875,0.15625,0.63006693,0.59461015,0.54914796,-0.000794881097207647,0.01766344,0.2903225806451613,0.07825184,0.054258347,1.0000001,0.9457418,0.15625,1.0000001,0.95478165,0.9217483,-0.0016062422341440068,0.019645814
exact-r1__f23a5817d62daff5e4ed3e570e64d38eb22a9abd__毒蘑菇__v1525__glasses__45b7a72b__c0.mp4,0.9987956285476685,0.9934840798377991,0.0058513507,0.002163805,-0.021281525,-0.02344533,0.125,-0.020728737,-0.0234401,-0.027132876,-1.780892096875064e-05,0.0013114833,0.10079634189605713,0.015194058,0.01471854,0.088288054,0.0035935963969677687,0.073569514,0.0,0.08978617,0.07735624,0.073093995,-0.00038483933630314526,0.004294701,0.0,0.0112707615,0.008837402,0.99999994,0.99116254,0.0625,0.99999994,0.9921021,0.9887292,-0.00019445342402301093,0.0027820317
exact-r1__5101800527787a720423bc1b750352a08d3932ce__吐司菇__v512__coffee__7f6ad833__c0.mp4,0.971757709980011,0.8535512089729309,0.015673667,0.008473098,-0.024727196,-0.033200294,0.21875,-0.0056454837,-0.024973027,-0.040400863,-0.00031090764290601317,0.007903746,0.47286760807037354,0.026443869,0.026443869,0.42562488,0.002685769461095333,0.399181,0.1875,0.49392593,0.44789457,0.399181,-0.0005519505579275725,0.027021125,0.41935483870967744,0.16535956,0.05937314,1.0000001,0.940627,0.15625,1.0000001,0.93648547,0.83464056,-0.002318939964267832,0.035775974
exact-r2__90670fc8fcb427723ab341cff42c86190936e160__粽子菇__v898__crown__be383a78__c0.mp4,0.9621753692626953,0.875645101070404,0.007728651,-0.00896132,0.012348607,0.021309927,0.125,0.047595978,0.02171682,0.004619956,0.0003165921982913076,0.009952199,0.1787717044353485,0.08255045,0.029174253,0.19198518,0.004309314303100109,0.16281092,0.09375,0.2852214,0.20048852,0.109434724,-0.0004045190071124437,0.03445042,0.2903225806451613,0.15867794,0.102443576,1.0,0.8975564,0.125,1.0,0.9163649,0.84132206,-0.0038290733575296314,0.04677191
exact-r2__d9657e5af5e0c9e5c71b7d15425af2bf7fc9de96__汉堡菇__v1360__flag__ffb3b643__c0.mp4,0.9897758364677429,0.968064546585083,0.020803526,0.0037121773,0.028879002,0.025166824,0.1875,0.038621306,0.024829824,0.008075476,-0.00025728763329668054,0.0066791517,0.19792038202285767,0.050391465,0.020109743,0.23532325,0.004354461096227169,0.2152135,0.15625,0.2748654,0.22275019,0.18493178,-0.001137335795657898,0.016817166,0.06451612903225806,0.047793567,0.036004007,0.99999994,0.96399593,0.0625,0.99999994,0.97067887,0.9522064,-0.001306034417009031,0.014745303
base-noprop__45160a3209fab0c464a72ff9098bde522b4e0264__蘑菇力__v0__757bca6f__c0.mp4,0.979075014591217,0.924328088760376,0.007702112,-0.0030153394,-0.032976538,-0.029961199,0.15625,-0.012647182,-0.024674453,-0.04067865,-0.00027783176809811525,0.007074176,0.48502281308174133,0.026759982,-0.029479653,0.4271606,0.005284775979816914,0.45664024,0.125,0.5754927,0.46034834,0.4004006,-0.00031577451072654,0.035959907,0.12903225806451613,0.10149729,0.011938453,0.9999999,0.9880614,0.125,0.9999999,0.9581988,0.8985026,0.000825666306305519,0.023678683
exact-r2__626b6bd3e31f1f1f566ad8589123249d6c71e87e__毒蘑菇__v620__scooter__78f5bda9__c0.mp4,0.9915827512741089,0.9784278869628906,0.006446868,-0.013193995,-0.0023296773,0.010864317,0.1875,0.025156766,0.005968553,-0.0087765455,0.000599553218641239,0.008179957,0.25150591135025024,0.01800847,-0.03860563,0.24377769,0.014314680360257626,0.28238332,0.125,0.29766667,0.25747448,0.22576922,0.001688116415788882,0.019747527,0.12903225806451613,0.05611652,0.05544585,0.99999994,0.9445541,0.15625,0.99999994,0.96918154,0.9438834,-0.002003211681007264,0.019352064
base-noprop__50ad428af3b86412de8a648a8194cebfd6685400__爆炸菇（爆炸前）__v0__f9d43491__c0.mp4,0.9957977533340454,0.9739351868629456,0.009608358,0.0074475557,-0.081481606,-0.08892916,0.125,-0.08022742,-0.0859765,-0.091089964,-0.00013302776776800566,0.00309118,0.2604878842830658,0.043322906,0.019160494,0.18720844,0.004788519348949194,0.16804795,0.09375,0.1965496,0.1745114,0.14388554,0.000106260789520061,0.011455953,0.0,0.04997903,0.043147624,1.0,0.9568524,0.28125,1.0,0.9731905,0.95002097,-0.0013697231161104615,0.0147108175
base-props__938e01d47782dafc5547713c187bfbca30a0ae08__汉堡菇__v589__coffee__25daa877__c0.mp4,0.9720801711082458,0.9042001366615295,0.019252092,-0.025316596,0.014169842,0.039486438,0.1875,0.054266542,0.022151798,-0.0050822496,0.00042350001939056255,0.015537325,0.3445743918418884,0.115003526,-0.020203292,0.3875476,0.0076628392562270164,0.4077509,0.125,0.4077509,0.36672622,0.2725441,-0.0008727251292585884,0.032830585,0.0,0.13451141,0.06933528,1.0,0.9306647,0.09375,1.0,0.94965005,0.8654886,-0.002056160237082963,0.02691332
base-noprop__50ad428af3b86412de8a648a8194cebfd6685400__爆炸菇（爆炸后）__v0__ecd0b051__c0.mp4,0.9779601097106934,0.9384461641311646,0.028277636,-0.02288723,0.0027178526,0.025605083,0.125,0.025605083,-0.0014602756,-0.025559783,-0.000341764058579098,0.011782525,0.40242934226989746,0.17595547,0.060912192,0.48257065,0.02074749767780304,0.42165846,0.21875,0.48257065,0.4009691,0.30661517,-0.0032261451460486503,0.050124217,0.12903225806451613,0.14963269,0.08787942,0.9999999,0.91212046,0.15625,0.9999999,0.9146416,0.8503672,-0.0030252670219216926,0.038341507
base-noprop__c5e43dd5e62f17a4edf36f4eec759833b39bd954__爆炸菇（爆炸后）__v0__68e38ee4__c0.mp4,0.9819605946540833,0.9244018793106079,0.0024791658,-0.0010739565,-0.060238034,-0.059164077,0.25,0.022319674,-0.02644436,-0.0627172,0.00016281058427350574,0.020968476,0.4496105909347534,0.013849825,-0.0081964135,0.38832942,0.012805979698896408,0.39652583,0.21875,0.48314968,0.42316622,0.3744796,-0.0004138564117405671,0.028201167,0.03225806451612903,0.13539863,0.025053263,1.0,0.97494674,0.21875,1.0,0.92925227,0.8646014,-0.0012655452527433348,0.03942618
exact-r2__bf87b999122451ffe16ba26acd9a1f4645ce8587__爆炸菇（爆炸后）__v1195__bubble__45856c4f__c0.mp4,0.9505854845046997,0.7965153455734253,0.029954046,-0.061099768,0.0012437105,0.06234348,0.125,0.06234348,0.0078025176,-0.028710335,0.0013802521329515135,0.018769206,0.419389009475708,0.31264222,-0.02002132,0.545143,0.01846565119922161,0.5651643,0.21875,0.5651643,0.42719156,0.23250079,0.003389905094881924,0.0873509,0.12903225806451613,0.56061745,0.12332034,1.0000001,0.8766798,0.1875,1.0000001,0.785721,0.4393827,0.00269757293142882,0.13030352
exact-r1__79ae8c767fab8a728134bca96fd05a6c7030961f__毒蘑菇__v759__flag__982edf73__c0.mp4,0.9929636120796204,0.9759027361869812,0.003773041,0.0020396486,-0.029163904,-0.031203553,0.125,-0.016866222,-0.025434382,-0.032936946,-2.8223961406002566e-05,0.004183198,0.15441066026687622,0.0,-0.043811165,0.098677255,0.001337169436737895,0.14248842,0.1875,0.1661251,0.12897629,0.098677255,0.0017644905053690932,0.02075241,0.41935483870967744,0.10062778,0.0844776,0.9999999,0.9155223,0.125,0.9999999,0.9459569,0.8993721,-0.0037726453366167434,0.037893042
base-props__e9b94ecc359c2f277ccefaf7095c17b14b261bcc__炸虾菇__v909__glasses__5feb0285__c0.mp4,0.9939496517181396,0.9878730773925781,0.012572803,0.012572803,-0.010234572,-0.022807375,0.1875,-0.0060096756,-0.013976447,-0.022807375,-0.00028090306101612704,0.0046402714,0.09088414907455444,0.028170928,0.0246405,0.09410304,0.01498398743569851,0.06946254,0.15625,0.09410304,0.07690771,0.06593211,-6.229464166805666e-05,0.00691968,0.0,0.03328836,0.012446761,1.0,0.98755324,0.15625,1.0,0.98288274,0.96671164,-0.00012795041558328954,0.007722573
exact-r1__6f5210c6783fc671391513b74395f4627c0723d8__汉堡菇__v705__coffee__7c7aa96a__c0.mp4,0.9988797307014465,0.9955236911773682,0.004638307,0.0015150607,-0.063581824,-0.065096885,0.25,-0.060828198,-0.06445947,-0.06822013,-0.00019156915556279127,0.0022897944,0.10150684416294098,0.004190825,0.0019783713,0.037263304,0.009450210258364677,0.035284933,0.125,0.041238546,0.03704737,0.03307248,-3.8905517823578004e-05,0.001695884,0.0,0.014605403,0.0064195395,1.0000001,0.9935806,0.21875,1.0000001,0.99370515,0.9853947,-0.00032616107344975555,0.0039300798
exact-r1__48043cd413298bba118f12d7404a3ad3aeeeb310__爆炸菇（爆炸后）__v458__glasses__2deb31a3__c0.mp4,0.9428215622901917,0.8038684129714966,0.045133382,0.016873717,0.04229617,0.025422454,0.09375,0.08222741,0.044056017,-0.002837211,-0.00037472736625727244,0.018666523,0.3119462728500366,0.0973092,0.091950685,0.38193795,0.011972926557064056,0.28998727,0.125,0.42898127,0.35600233,0.28462875,8.109519995561668e-06,0.039269675,0.41935483870967744,0.3849848,0.3114568,1.0,0.6885432,0.15625,1.0,0.7606343,0.6150152,-0.01137869140881595,0.12158242
exact-r2__edf6d83472f153c2ece46ef36e248394c76e5bf1__汉堡菇__v1496__bubble__b4ea12f8__c0.mp4,0.9781604409217834,0.8887707591056824,0.061542958,0.058650523,0.012791276,-0.045859247,0.25,0.01808393,-0.010114545,-0.048751682,-0.0020288091256690155,0.02129597,0.363049179315567,0.10468215,0.007007122,0.35989207,0.014557357877492905,0.35288495,0.21875,0.42446887,0.35293463,0.25520992,0.0027858081254616587,0.047690168,0.0,0.36741334,0.10151994,1.0000001,0.8984802,0.25,1.0000001,0.8631313,0.6325868,0.0006291480226950228,0.10154182
base-noprop__3d26d6f7fd4d6820fa44e7006dd03dd17e6bf2d7__吐司菇__v0__0d71622f__c0.mp4,0.9920724630355835,0.9743598103523254,0.005684942,-0.004162699,-0.010821521,-0.0066588223,0.21875,-0.0066588223,-0.010818319,-0.016506463,3.743316989140743e-05,0.0028119448,0.38346534967422485,0.060484707,0.027680755,0.40203607,0.004121304489672184,0.37435532,0.125,0.40203607,0.37264702,0.34155136,-0.0008292678809148346,0.015320104,0.0,0.047750175,0.020704627,1.0,0.9792954,0.21875,1.0,0.9741496,0.9522498,-0.0004200801537358187,0.013376554
exact-r1__4baf0c3670d0d31b9712fc59c41fa5508370fc1f__毒蘑菇__v483__eyemask__ad4b7148__c0.mp4,0.9961186051368713,0.9896424412727356,0.014124524,0.00447686,-0.039419126,-0.043895986,0.15625,-0.036971778,-0.04343075,-0.05354365,-0.0002836967658666664,0.0040043304,0.08985234797000885,0.016277816,-0.0044769496,0.045368817,0.005043161567300558,0.049845766,0.25,0.0696149,0.046421602,0.029091,0.0007069558922550991,0.010461775,0.12903225806451613,0.037010252,0.033781886,1.0,0.9662181,0.1875,1.0,0.9815481,0.96298975,-0.001232364135753344,0.012016668
exact-r1__73b1e560833d7bd494868de8fb6f302e613dd17f__爆炸菇（爆炸前）__v728__eyemask__d4e52714__c0.mp4,0.9756684899330139,0.9393279552459717,0.01081562,0.008056939,-0.06758502,-0.07564196,0.15625,-0.034024417,-0.06016286,-0.07840064,0.0003320929427737705,0.010344209,0.39460986852645874,0.074466705,0.074466705,0.30973652,0.004753264598548412,0.23526981,0.15625,0.4222404,0.33444703,0.23526981,-0.001925900993633823,0.047390774,0.3225806451612903,0.14325678,0.12221193,1.0000001,0.8777882,0.125,1.0000001,0.9094273,0.85674334,-0.0035810493085740784,0.04222911
exact-r2__c007a585fe1a51f120df3496d8ad08b0ae893f04__爆炸菇（爆炸后）__v1197__bubble__06bd52b6__c0.mp4,0.9455807209014893,0.7124428153038025,0.06726904,0.02021879,0.02895099,0.0087322,0.15625,0.04266244,0.0053591235,-0.038318053,-0.0008118545576449359,0.01941258,0.2221287041902542,0.1868554,-0.0025557578,0.30644497,0.003095648717135191,0.30900073,0.25,0.3784217,0.22748782,0.11958957,-0.0005980867242489687,0.08313346,0.3548387096774194,0.5534715,0.51759195,1.0,0.48240805,0.0,1.0,0.6145654,0.4465285,-0.01569322330052376,0.186613
exact-r1__039b1158329dca7566a3c69e1213eb7fbe6b8daf__粽子菇__v26__coffee__b10bc92a__c0.mp4,0.9919324517250061,0.9782360792160034,0.018215239,0.0076064616,0.049401194,0.041794732,0.15625,0.049401194,0.04055077,0.031185955,-0.00019729544908419957,0.0036839829,0.17835888266563416,0.051576316,0.017186001,0.24187075,0.010679241269826889,0.22468475,0.25,0.2687369,0.21890965,0.19029443,0.00044912317511011256,0.019530665,0.0,0.050762832,0.024045646,1.0000001,0.9759545,0.09375,1.0000001,0.977245,0.9492373,-0.0009802712504465014,0.012173522
exact-r2__157a3a1a49eb383698eb95ee0d106bb10ea0c17c__爆炸菇（爆炸后）__v135__crown__9d29bbe4__c0.mp4,0.9617372155189514,0.8136225342750549,0.058055043,-0.01862213,-0.025299132,-0.0066770017,0.1875,-0.004719317,-0.0302501,-0.083354175,0.000543101947437807,0.018243631,0.33830851316452026,0.16644457,-0.024291754,0.3619954,0.018551357090473175,0.38628715,0.1875,0.38628715,0.3080584,0.19555083,0.0018339302784099686,0.058248118,0.22580645161290322,0.26384556,0.10500938,0.9999999,0.8949905,0.15625,0.9999999,0.88524044,0.7361543,-0.001517654273691739,0.05681776
exact-r2__c29266a464fea2ac37a8605daf8044b752a1f624__爆炸菇（爆炸前）__v1215__coffee__6da6266c__c0.mp4,0.9827373027801514,0.914863109588623,0.01002121,-0.0011941493,-0.011334807,-0.010140657,0.15625,0.0042501986,-0.009532188,-0.021356016,0.00015838072250141038,0.00517048,0.2835088074207306,0.039535493,-0.0037082136,0.28011224,0.005269563756883144,0.28382045,0.25,0.30191284,0.27397662,0.24057674,-0.0002863035206833151,0.017532146,0.2903225806451613,0.094121575,0.09330404,1.0,0.90669596,0.09375,1.0,0.9407117,0.9058784,-0.002412492054298805,0.029463828
base-noprop__c82f72947167e88ffd436a39531a14abf6dee6cf__粽子菇__v0__1ec8f933__c0.mp4,0.9714173078536987,0.9146659970283508,0.035534084,-0.002006054,0.17671013,0.17871618,0.15625,0.2114166,0.18028939,0.14117604,-0.000703740624650825,0.014943901,0.46064311265945435,0.049907982,-0.010197759,0.6292615,0.02988763339817524,0.63945925,0.15625,0.70394003,0.64093244,0.5793535,-0.0005660212306507792,0.02835702,0.0,0.0922935,0.033882976,1.0,0.966117,0.125,1.0,0.94112444,0.9077065,2.8327063731097495e-05,0.019998148
exact-r1__be7cbb62d9ac6cbffa816aa6aaf03d573485656b__爆炸菇（爆炸后）__v1190__bubble__c1133c49__c0.mp4,0.9665426015853882,0.8672013282775879,0.05379525,0.030329227,0.029646933,-0.00068229437,0.1875,0.03752017,0.00882472,-0.024148315,-0.0005425421187867162,0.017209494,0.416483998298645,0.31788635,0.042104363,0.55035114,0.010821160860359669,0.5082468,0.15625,0.5532253,0.42530873,0.23246479,-0.0007079963755310304,0.095986456,0.0,0.4542485,0.10142338,1.0,0.8985766,0.1875,1.0,0.7937635,0.5457515,-0.0026642894181163105,0.14086597
base-noprop__0b9d7a9da15b27871886a629df50e17677f0c915__汉堡菇__v0__abe94fa7__c0.mp4,0.9869946837425232,0.9619162082672119,0.059494197,0.036050797,0.0037117004,-0.032339096,0.09375,0.0079,-0.026573002,-0.055782497,-0.0010880364263512175,0.016531287,0.6446308493614197,0.06673688,0.041090727,0.64776516,0.005815502256155014,0.60667443,0.1875,0.6622381,0.61805785,0.5810283,-0.0006825365453870982,0.021740971,0.0967741935483871,0.113244,0.09980142,0.9999999,0.90019846,0.09375,0.9999999,0.92806387,0.8867559,-0.002161320724969722,0.033540525
base-props__3e0263de42d2cb0db2374a5b45278fcc7a471c0b__炸虾菇__v226__flag__7051c29c__c0.mp4,0.9846140742301941,0.9553824067115784,0.012719154,0.0010870695,-0.03720987,-0.038296938,0.125,-0.025624663,-0.037218224,-0.049929023,7.683494267575461e-05,0.006744239,0.46745675802230835,0.06590849,-0.011813223,0.44495606,0.006873776204884052,0.4567693,0.125,0.50044906,0.43023852,0.37904757,0.001847755316852488,0.032763083,0.0,0.05960387,0.024629235,0.99999994,0.9753707,0.15625,0.99999994,0.9667099,0.9403961,-0.0008872171913073986,0.015593222
base-props__b4922b313b5f45658c57e964eec6e061ed1c765b__爆炸菇（爆炸前）__v718__glasses__d9480773__c0.mp4,0.9961598515510559,0.9842258095741272,0.0034983605,-0.0038640052,-0.028513849,-0.024649844,0.25,-0.01570104,-0.022319391,-0.03201221,-6.189236903557747e-05,0.0052654035,0.23235999047756195,0.034134448,-0.019435838,0.21236861,0.0021479916758835316,0.23180445,0.21875,0.2355231,0.2100406,0.17823416,0.0001972783957758295,0.017051069,0.0,0.025260508,0.0067729354,0.99999994,0.993227,0.28125,0.99999994,0.98647964,0.97473943,-7.249323154122526e-05,0.0076807016
exact-r2__d9ee34f4257cc9a297f03496a5a5d1d1e0c7e782__汉堡菇__v1363__flag__f4786680__c0.mp4,0.9646156430244446,0.9219787120819092,0.034636438,0.012378037,0.034255445,0.021877408,0.1875,0.08233464,0.04308112,-0.0003809929,-0.001108799058714569,0.023656761,0.47996506094932556,0.09600276,0.031843007,0.56468433,0.01449659001082182,0.5328413,0.21875,0.56468433,0.5230462,0.46868157,-8.572022433328567e-05,0.02569379,0.0,0.19200808,0.1725778,0.99999994,0.82742214,0.03125,0.99999994,0.864997,0.80799186,-0.003997635882883114,0.0496119
exact-r1__9044b5fe347fe94eb12e9b0ec747bbc7165f78c0__粽子菇__v896__crown__e3d35b47__c0.mp4,0.9545666575431824,0.8468811511993408,0.003565371,-0.052937508,0.00030207634,0.053239584,0.15625,0.17800409,0.04568224,-0.0032632947,0.0021501944299317528,0.034232493,0.5357356071472168,0.023769617,-0.075297356,0.5343795,0.015066714957356453,0.60967684,0.21875,0.64541924,0.58141786,0.51060987,0.0032486025014580935,0.037144925,0.25806451612903225,0.43398702,0.43398702,0.9999999,0.56601286,0.25,0.9999999,0.76269513,0.56601286,-0.017403311426601075,0.16952065
base-noprop__2770a5b18a2168d768e14e05d09d180635a509fa__毒蘑菇__v0__dd02e971__c0.mp4,0.9880064725875854,0.962443470954895,0.0020576417,-0.007255882,-0.031969428,-0.024713546,0.1875,0.0012943745,-0.0183439,-0.03402707,-3.133905925883616e-05,0.008825918,0.4927878677845001,0.012833893,-0.037097007,0.45091903,0.007010510191321373,0.48801604,0.125,0.5031024,0.47444397,0.43808514,0.0011210946797712885,0.015309396,0.0,0.06416935,0.057137847,1.0000001,0.9428623,0.0625,1.0000001,0.9545928,0.9358308,-0.0013797515975939366,0.01513049
exact-r1__34e339919ebe42baea42c17116629a6037829046__蘑菇力__v351__scooter__2770d7bd__c0.mp4,0.9232995510101318,0.32748591899871826,0.028868482,-0.010221258,-0.026492938,-0.01627168,0.15625,-0.010365665,-0.02883982,-0.05536142,-9.372919972691072e-05,0.009919354,0.357016921043396,0.0,-0.16578375,0.24217601,0.005416303873062134,0.40795976,0.21875,0.46340913,0.3281771,0.24217601,0.007013671362330144,0.074872516,0.12903225806451613,0.78403515,0.6087338,1.0000001,0.39126635,0.0,1.0000001,0.47766322,0.21596496,-0.019073699426200876,0.27660325
base-noprop__cd19e3a058e1dc2909d79dd0b89fd5e5cf73511a__汉堡菇__v0__5e557382__c0.mp4,0.9943939447402954,0.9745641946792603,0.009750962,-0.0154213905,0.0056875944,0.021108985,0.21875,0.029277503,0.01424917,-0.004063368,0.0005094622783472113,0.010277959,0.570735514163971,0.0010652542,-0.039346576,0.56016004,0.030137857422232628,0.5995066,0.28125,0.604315,0.58498466,0.5590948,0.0014433230538347355,0.015298913,0.0,0.043213427,0.007899046,1.0,0.99210095,0.21875,1.0,0.98190665,0.9567866,0.0002479937659505764,0.013393033
base-props__b2dc2ae872b575489bad295a459616c0acd91ca9__爆炸菇（爆炸后）__v714__eyemask__62befacd__c0.mp4,0.9858890771865845,0.9593194723129272,0.018062681,-9.9509954e-05,0.013925165,0.014024675,0.15625,0.03236024,0.013991947,-0.004137516,0.00015474080252857167,0.009311697,0.16955842077732086,0.01081346,-0.013910338,0.1654781,0.013045525178313255,0.17938843,0.15625,0.21143997,0.18355036,0.15466464,-0.00011444703028523054,0.012015767,0.22580645161290322,0.0839712,0.036029816,1.0,0.9639702,0.21875,1.0,0.95439494,0.9160288,-0.000482662288674147,0.019250892
generic__5b25b451ba447539ebbed136a0d3bcf3025f8863__爆炸菇（爆炸前）__v346__bubble__c741a081__c0.mp4,0.9971420764923096,0.9868927001953125,0.0021142587,-0.011544123,-0.04653193,-0.034987807,0.1875,-0.034229465,-0.04197306,-0.04864619,0.0004677843845987421,0.0048968242,0.11936584115028381,0.016428083,0.0023647249,0.08132842,0.007748391479253769,0.0789637,0.125,0.08641115,0.07739278,0.06490034,-0.000146123422227819,0.0049176333,0.03225806451612903,0.03149712,0.015039444,1.0,0.98496056,0.125,1.0,0.9865434,0.9685029,-0.0006348412822593151,0.008687053
exact-r1__b5a50aacc5f4dc6e4b7914385f29189875682f86__炸虾菇__v1124__bubble__c88adb01__c0.mp4,0.9752238392829895,0.7590604424476624,0.027540654,-0.016483098,0.0045149326,0.02099803,0.1875,0.040698677,0.017148294,-0.023025721,0.0012792915684823765,0.01693477,0.37037193775177,0.26053166,0.17901471,0.53410494,0.02230071648955345,0.35509023,0.09375,0.54331744,0.38752025,0.27357328,-0.005213613690169317,0.07700849,0.0,0.62435573,0.58973676,1.0,0.41026324,0.0,1.0,0.56909895,0.37564427,-0.019565570017983817,0.21727961
exact-r1__d1cbac6a456f79a41730e92a0d258e6c48cc9f72__蘑菇力__v1303__bubble__187cc260__c0.mp4,0.9856025576591492,0.962738573551178,0.016308285,-0.014543533,-0.012297653,0.0022458807,0.1875,0.0022458807,-0.014457792,-0.028605938,6.822325682535045e-06,0.00800108,0.08880189061164856,0.010904819,0.010589149,0.067307025,0.007071794010698795,0.056717876,0.21875,0.09743575,0.0743441,0.056402206,-0.0008756175338184093,0.0124348,0.1935483870967742,0.17757475,0.12455624,0.99999994,0.8754437,0.15625,0.99999994,0.9125012,0.8224252,-0.004605093823412619,0.049486708
exact-r1__f1498f3a3c3245f137f45ef7171fbad768a30f29__毒蘑菇__v1519__glasses__ecf6838e__c0.mp4,0.9379959106445312,0.757229208946228,0.02283005,-0.038853426,-0.0025242455,0.03632918,0.125,0.03632918,0.0042236703,-0.025354296,0.0005256559942504854,0.011663056,0.13297231495380402,0.0042065233,-0.389438,0.015850782,0.007975618354976177,0.4052888,0.0,0.4052888,0.13719599,0.011644259,0.012846560054253836,0.12756981,0.06451612903225806,0.77987945,0.7761401,1.0,0.22385992,0.34375,1.0,0.6636921,0.22012052,-0.03214974906240911,0.31441537
base-noprop__3a66d9c0fbd884130c640c5c48ba2017b2ba1095__吐司菇__v0__061a54d6__c0.mp4,0.9954184889793396,0.9796946048736572,0.00013585389,-0.0066658854,-0.06190011,-0.055234224,0.1875,-0.041456923,-0.051196273,-0.062035963,-2.1328992562648754e-05,0.006353432,0.18911147117614746,0.02249518,-0.00543651,0.14600913,0.008549829944968224,0.15144564,0.125,0.16152523,0.1379152,0.12351395,0.00016902774009755405,0.009664785,0.12903225806451613,0.026539922,0.004984081,1.0,0.9950159,0.125,1.0,0.9849757,0.9734601,-4.418159335237031e-05,0.008464024
exact-r2__ce89e39196c51aba08cf41d6463ef9d5a4b7cd6d__蘑菇力__v1285__bubble__7e9b6253__c0.mp4,0.9619014263153076,0.8489936590194702,0.045136362,0.02092731,0.020116508,-0.000810802,0.09375,0.020116508,-0.0022871895,-0.025019854,5.0195779574931034e-05,0.010690172,0.41480371356010437,0.2846808,0.041537404,0.5174453,0.011724898591637611,0.47590792,0.15625,0.5174453,0.41251653,0.23276451,0.00038377141519901117,0.0720988,0.0,0.56088763,0.084691405,0.9999999,0.9153085,0.1875,0.9999999,0.82006717,0.43911225,-0.004165572767033928,0.14387977
base-noprop__5f7a925cfccbd70c7926ffccbda6a7e438b86228__汉堡菇__v0__08d6b496__c0.mp4,0.9885109663009644,0.9643324017524719,0.044418156,0.014023006,0.045645297,0.03162229,0.1875,0.048187047,0.025536064,0.0012271404,-0.00023745078473321808,0.014631399,0.3793655037879944,0.12826729,0.052586913,0.46615303,0.014773285016417503,0.4135661,0.1875,0.46615303,0.40490156,0.33788574,-0.001064298696313427,0.031460494,0.06451612903225806,0.0642491,0.03351873,0.99999994,0.9664812,0.15625,0.99999994,0.96339273,0.93575084,-0.00108723618811175,0.016513178
exact-r1__1e6455b0ff78fa4766a1d5f30413ea1d0429eb99__毒蘑菇__v187__coffee__cf9a2967__c0.mp4,0.9944974780082703,0.9801155924797058,0.0047096834,-0.009564225,-0.061613686,-0.05204946,0.125,-0.044441838,-0.05638872,-0.06632337,0.0005519416256974331,0.0070333495,0.042838022112846375,0.0034399517,-0.01486462,-0.021511585,0.0010315135587006807,-0.0066469647,0.25,-0.0011705197,-0.013550698,-0.024951536,0.0005804980303436688,0.007362095,0.25806451612903225,0.07819247,0.05698657,0.9999999,0.9430133,0.25,0.9999999,0.96848285,0.9218074,-0.002709570813301341,0.027543655
base-props__6612290f63285f5c6f418d9a0bf7cc9e8ad3a7e6__吐司菇__v388__glasses__cde9ea13__c0.mp4,0.993047297000885,0.9781253933906555,0.009380579,-0.0037442446,-0.09202051,-0.08827627,0.1875,-0.08212474,-0.09076801,-0.10140109,0.00025850366200169846,0.005186957,0.5337721705436707,0.013241529,-0.005849302,0.430206,0.019658241420984268,0.4360553,0.0625,0.47847378,0.4430042,0.41696447,-0.00021167550662045466,0.013488746,0.0,0.05156201,0.047105074,1.0,0.9528949,0.28125,1.0,0.9749741,0.948438,-0.001157149115353368,0.012733649
generic__dd6b0b25684c0bddcc56e9fa41e0a0bb3f55e318__毒蘑菇__v857__coffee__7dfbf06a__c0.mp4,0.9945783019065857,0.9726927876472473,0.005146954,-0.000573311,-0.012498211,-0.0119249,0.15625,-0.0029915422,-0.012617255,-0.017645165,-8.830061534698252e-05,0.0042565684,0.08017729967832565,0.00884359,-0.0073973946,0.059939075,0.006563032977283001,0.06733647,0.15625,0.08650491,0.06756005,0.051095486,0.0002654508436289892,0.008694488,0.12903225806451613,0.046886563,0.04137951,1.0,0.9586205,0.03125,1.0,0.9676913,0.95311344,-0.0012335863150109733,0.014558957
exact-r2__c598e7ae54efed410150f649ba15baf25c397db9__汉堡菇__v1232__glasses__1b102f91__c0.mp4,0.9881928563117981,0.9314110279083252,0.031930447,0.022191808,-0.03198868,-0.054180488,0.125,-0.028956935,-0.04520834,-0.06391913,-0.0009724102092256823,0.0116091175,0.2619551420211792,0.15855747,0.053598657,0.26049483,0.017810022458434105,0.20689617,0.0625,0.2783756,0.2167468,0.101937346,-0.0013401594867825971,0.035873856,0.0,0.11469722,0.06292832,1.0,0.9370717,0.0625,1.0,0.9566286,0.8853028,-0.0024232004831962533,0.029231345
exact-r1__568c28419b302ba9d011b3b1da871ae013cff766__汉堡菇__v552__scooter__a57a87ad__c0.mp4,0.9883560538291931,0.9584718346595764,0.0,-0.020486325,-0.08521366,-0.064727336,0.3125,-0.045839995,-0.06393622,-0.08521366,0.0010193097309545323,0.012586782,0.4428718686103821,0.034590125,0.028470635,0.37031633,0.0033274581655859947,0.3418457,0.15625,0.43512088,0.37893564,0.3357262,-0.00014755701170987375,0.023632392,0.1935483870967742,0.13643396,0.12018955,1.0,0.87981045,0.1875,1.0,0.9284258,0.86356604,-0.004990555935940772,0.04864714
base-props__152077a5b2e9ecb98c83d24bd2c2d3c0ce349e29__蘑菇力__v75__scooter__f217b500__c0.mp4,0.9853628277778625,0.9658365249633789,0.0,-0.030554548,-0.0066176057,0.023936942,0.15625,0.025012016,0.012001156,-0.0066176057,0.0006622471996853428,0.007834519,0.21390777826309204,0.08552283,0.0359872,0.2769845,0.004795118700712919,0.24099731,0.125,0.2769845,0.22590892,0.19146168,-0.00045954786197355225,0.021824611,0.12903225806451613,0.14194572,0.10356152,1.0000001,0.8964386,0.125,1.0000001,0.9102626,0.8580544,-0.0016122211175055622,0.034620162
exact-r1__17789a41d67e541a263d512ae6fa1ba305bd6974__蘑菇力__v152__glasses__15a24ce1__c0.mp4,0.9792589545249939,0.913562536239624,0.03109771,0.010779142,-0.01646781,-0.027246952,0.125,0.011741877,-0.020196082,-0.04756552,-0.00027386096915191964,0.011530345,0.49798792600631714,0.1617834,0.109383404,0.5287094,0.0026940545067191124,0.419326,0.25,0.55323124,0.47779185,0.366926,-0.005035981656082203,0.05863982,0.3225806451612903,0.21389055,0.14743787,1.0,0.8525621,0.25,1.0,0.9224163,0.78610945,-0.006602014865606023,0.0727381
base-noprop__3f2b9963b32e8779b33756a182ccea735aad5b89__吐司菇__v0__c8a50578__c0.mp4,0.9984202980995178,0.9925619959831238,0.00021512434,-0.005210303,-0.045982875,-0.040772572,0.1875,-0.03804802,-0.04172502,-0.046198,2.5859131966648222e-05,0.0023786668,0.04490228742361069,0.0045823595,-0.0019131014,0.0010442287,0.019838504493236542,0.00295733,0.125,0.008959169,0.003177268,-0.0035381308,5.463942888130092e-06,0.0026046103,0.0,0.012175262,0.008219004,1.0,0.991781,0.125,1.0,0.99293065,0.98782474,-0.00019105394914349517,0.002746286
generic__b2dc2ae872b575489bad295a459616c0acd91ca9__爆炸菇（爆炸后）__v714__eyemask__62befacd__c0.mp4,0.9537240266799927,0.7881656289100647,0.08206257,0.03958136,0.09913772,0.059556365,0.25,0.104216576,0.061406616,0.017075151,-0.000757534275394029,0.027007733,0.3683892488479614,0.13095313,-0.04557833,0.43756306,0.010000485926866531,0.4831414,0.25,0.5152403,0.42979586,0.30660993,0.0017550183006745331,0.0629145,0.3225806451612903,0.27144885,0.27129948,1.0,0.7287005,0.1875,1.0,0.8592023,0.72855115,-0.006534338794932652,0.08945945
exact-r1__768d4b3fd1d91c8959eb42c24afd92da0bc48cea__爆炸菇（爆炸前）__v741__eyemask__b2117952__c0.mp4,0.9847932457923889,0.8665392398834229,0.024816662,-0.039366037,-0.038900256,0.0004657805,0.25,0.0009711683,-0.016106784,-0.06371692,0.0014842056185881052,0.017536586,0.42460620403289795,0.02526033,-0.025100827,0.37138802,0.0028363969177007675,0.39648885,0.15625,0.4476292,0.40849942,0.3461277,-0.0005679659960556491,0.027193168,0.12903225806451613,0.20287144,0.18969357,0.9999999,0.8103063,0.15625,0.9999999,0.8611989,0.79712844,-0.004158977178796626,0.045678515
exact-r2__2554fe92bd1bd8c064abb9c345b6a326d198823d__炸虾菇__v239__eyemask__99b2f130__c0.mp4,0.9960076212882996,0.9867270588874817,0.023772761,0.005139798,-0.12871543,-0.13385522,0.15625,-0.12871543,-0.14242569,-0.15248819,-5.89396476833041e-05,0.005210759,0.27344000339508057,0.033269465,0.025241464,0.15160283,0.016745038330554962,0.12636137,0.15625,0.15160283,0.1310143,0.11833337,-0.0006737346908410768,0.007962653,0.0,0.061537743,0.055547953,1.0,0.94445205,0.1875,1.0,0.96458185,0.93846226,-0.0017029269546532247,0.017359743
base-noprop__cf4cabe622b3f02cfc5256b5fcd31ea8829ff9ce__汉堡菇__v0__eb785b64__c0.mp4,0.9961577653884888,0.9854081869125366,0.0134697035,-0.010495201,-0.0064122677,0.004082933,0.15625,0.0074238554,-0.005004202,-0.019881971,0.00038308860690406646,0.0070984312,0.11889973282814026,0.032860592,-0.0016330779,0.11835897,0.005088524427264929,0.11999205,0.1875,0.13047716,0.113895535,0.08549838,-5.033512973933734e-05,0.009179541,0.3548387096774194,0.028680563,0.016096234,1.0000001,0.9839039,0.21875,1.0000001,0.98329437,0.97131956,-0.00015182552799099082,0.0074087074
exact-r1__b7bea756eea719ee9128d28ce8616fadcb177446__蘑菇力__v1144__crown__7883a3fb__c0.mp4,0.9545393586158752,0.7337905168533325,0.047926098,0.018164247,-0.015372902,-0.03353715,0.21875,0.00530836,-0.02333469,-0.063299,-0.0011390455919276933,0.018207988,0.41405096650123596,0.075770944,-0.01693806,0.37298015,0.008695078082382679,0.3899182,0.125,0.47311017,0.39071628,0.2972092,0.0008368633927837556,0.035747882,0.06451612903225806,0.2916407,0.17669386,0.9999998,0.82330596,0.09375,0.9999998,0.85945535,0.7083591,-0.0069566683029848465,0.08060325
exact-r1__62c4b310812464715b031f8b6b51ec5b65e0d3ee__爆炸菇（爆炸后）__v621__scooter__081e2711__c0.mp4,0.9616590738296509,0.808087944984436,0.02084276,-0.04117717,-0.009753585,0.031423584,0.0,0.03862846,-0.011770419,-0.030596346,0.0014466215853642147,0.020001693,0.40729594230651855,0.22686425,0.21391773,0.44594896,0.02545035257935524,0.23203123,0.125,0.44594896,0.39552554,0.21908471,-0.002852569626442136,0.051956713,0.0967741935483871,0.3469231,0.32214844,1.0000002,0.6778518,0.21875,1.0000002,0.8930489,0.6530771,-0.010205293090637104,0.10488813
exact-r2__470a7aa47f649f4fe10fe13dbfba445b46e71eb7__粽子菇__v452__scooter__0475c49d__c0.mp4,0.9954535365104675,0.9874228835105896,0.015559807,0.0052499026,-0.022671416,-0.027921319,0.15625,-0.022671416,-0.028844964,-0.038231224,-0.0002639091155789471,0.004139197,0.18202120065689087,0.043753088,-0.02968508,0.150241,0.01381258387118578,0.17992608,0.09375,0.22447667,0.15317625,0.106487915,0.0025861343161320428,0.03442903,0.0,0.053397298,0.030522585,1.0000002,0.96947765,0.1875,1.0000002,0.9751178,0.94660294,-0.001496759644788699,0.01679687
base-props__7674da5ba81befe4b8a9039e9c6b34219152192f__毒蘑菇__v461__glasses__10f004d9__c0.mp4,0.9786570072174072,0.9204435348510742,0.022859395,-0.010456026,0.006407857,0.016863883,0.21875,0.024321795,0.008805983,-0.016451538,0.0008906151804406619,0.011272575,0.5036589503288269,0.13577884,-0.01845944,0.54136765,0.003720032051205635,0.5598271,0.1875,0.56882524,0.512465,0.4055888,-0.0009659560796015364,0.04677333,0.1935483870967742,0.2482689,0.014909506,1.0,0.9850905,0.21875,1.0,0.91962266,0.7517311,-0.0027316450264271894,0.07525509
base-noprop__3ea8cf079e959693153dd04695b6f05e21f1dca3__蘑菇力__v0__c61d7abd__c0.mp4,0.9967407584190369,0.9908304214477539,0.014147542,0.008315906,0.00940083,0.0010849237,0.1875,0.023222864,0.010859946,-0.0047467127,-0.0003986003347112632,0.008573823,0.09444451332092285,0.010766707,0.009881169,0.106810674,0.020777329802513123,0.096929505,0.25,0.12016423,0.10530446,0.09604397,-0.00015433181399517583,0.0062541403,0.0,0.013976872,0.006209433,1.0000001,0.9937907,0.1875,1.0000001,0.9914565,0.98602325,-0.00017962710729789257,0.003776135
exact-r1__338cad74e1b34cf14302e8a7a7770bff072e14d8__爆炸菇（爆炸后）__v343__coffee__cc41379d__c0.mp4,0.9565062522888184,0.8922052383422852,0.012355208,0.011198372,-0.00076186657,-0.011960238,0.21875,0.024647117,-0.0006283452,-0.013117075,-5.92128474735095e-05,0.008812431,0.3060753047466278,0.08877163,-0.022786558,0.32558578,0.019487999379634857,0.34837234,0.125,0.36711353,0.30544695,0.23681416,0.001502130431863229,0.032764353,0.0,0.14691103,0.068264246,1.0000001,0.9317359,0.15625,1.0000001,0.9024631,0.8530891,-0.0011442042887210696,0.03550689
exact-r1__64f24c794aa94f916e4cfb3d08239c8cce08ae8b__爆炸菇（爆炸后）__v638__flag__c23892c5__c0.mp4,0.996178925037384,0.9906383752822876,0.019194916,0.0024612844,-0.023528606,-0.02598989,0.1875,-0.022655468,-0.030052181,-0.04272352,-0.00013099020398891156,0.005115121,0.06346213817596436,0.010731623,-0.0066555217,0.03511653,0.020988361909985542,0.041772053,0.15625,0.041772053,0.033409957,0.024384908,0.00013750540147210573,0.004742774,0.0,0.07678896,0.076768875,1.0,0.9232311,0.34375,1.0,0.9615563,0.92321104,-0.003025794516473193,0.028674968
base-noprop__05ac9abf4092d7eda364b995ce814f0c2859bf3c__毒蘑菇__v0__64ae6c86__c0.mp4,0.9891985654830933,0.9430668950080872,0.03322476,-0.0022735596,0.008176863,0.010450423,0.0625,0.02115488,0.008287622,-0.025047898,-3.6479222459875735e-06,0.00868397,0.5288307070732117,0.043670475,0.005945921,0.52896464,0.003373192623257637,0.5230187,0.21875,0.5958306,0.5371183,0.48529416,-0.000989653880208109,0.028255058,0.06451612903225806,0.06346649,0.025570154,1.0,0.97442985,0.25,1.0,0.9639323,0.9365335,-0.0008872374782988355,0.020188797
exact-r1__4750d9b5e622a065f63c02791c5880240fb4ec9a__爆炸菇（爆炸后）__v455__glasses__5c410dcd__c0.mp4,0.9873340129852295,0.9447831511497498,0.00016719103,-0.02240625,0.036508143,0.058914393,0.21875,0.07793811,0.057129797,0.036340952,0.0010033386357980753,0.012171065,0.38600337505340576,0.08606094,0.08606094,0.47398087,0.029735751450061798,0.38791993,0.125,0.50708824,0.44313315,0.38791993,-0.0032909789349326543,0.037388474,0.0,0.10071379,0.0924139,0.9999998,0.9075859,0.03125,0.9999998,0.93663394,0.89928603,-0.0030845545691129176,0.034319613
exact-r1__78ef7e5e758387759b0edeb5d288c14dd38efee1__毒蘑菇__v754__flag__3596f3a9__c0.mp4,0.9766743183135986,0.9093923568725586,0.005581677,-0.054076105,-0.041039348,0.013036758,0.3125,0.014841616,-0.009817695,-0.046621025,0.0020840476837850376,0.02166521,0.4078611135482788,0.08528572,-0.03338954,0.40214384,0.006894972175359726,0.43553337,0.125,0.43858403,0.3980434,0.3168581,0.0014710253394069636,0.031730987,0.0967741935483871,0.16976708,0.107212305,1.0,0.8927877,0.09375,1.0,0.903198,0.8302329,-0.003173291715970822,0.045448296
exact-r1__4ad750ed37eb0ade2e0d9bf6801c7c417a005531__粽子菇__v478__glasses__d4b6bdd0__c0.mp4,0.9247161746025085,0.8189688920974731,0.094592154,0.09213936,0.08175105,-0.010388315,0.1875,0.08405995,0.030959837,-0.012841105,-0.0017280185109009832,0.029482314,0.41923660039901733,0.16904417,-0.06834608,0.45479202,0.010941428132355213,0.5231381,0.15625,0.5424683,0.45019644,0.28574786,0.003931578237814648,0.06502956,0.25806451612903225,0.4419136,0.42602587,1.0,0.57397413,0.1875,1.0,0.7295369,0.5580864,-0.010501969125001637,0.105135836
exact-r2__60a81de5057115bd0b3452e8e8309f1f536ac3b7__毒蘑菇__v609__scooter__51bd992f__c0.mp4,0.9709832668304443,0.917589545249939,0.0049833506,-0.21594332,-0.2115985,0.004344821,0.3125,0.011572838,-0.100235924,-0.21658185,0.009751239182465753,0.09539721,0.28003984689712524,0.0020948872,-0.2473862,0.04135661,0.005299865733832121,0.2887428,0.3125,0.3326252,0.17980392,0.03926172,0.011649867340845882,0.11227955,0.06451612903225806,0.7024927,0.7024927,0.9999998,0.2975071,0.25,0.9999998,0.7221799,0.2975071,-0.027477035916183664,0.26395446
exact-r2__5f7fb1ceb4b48f45e4f8bd8b3b86312976e2872e__吐司菇__v598__scooter__b4fb54ed__c0.mp4,0.9688218832015991,0.9026944637298584,0.026227921,-0.013489753,-0.038065225,-0.024575472,0.1875,-0.023004055,-0.04026708,-0.064293146,0.00019908221192723369,0.009823166,0.4579031467437744,0.08602619,-0.043414295,0.41833365,0.014619898051023483,0.46174794,0.125,0.49017322,0.4176361,0.33230746,0.00048716305113259174,0.033010986,0.0,0.23591918,0.1259101,1.0000002,0.87409014,0.09375,1.0000002,0.9238024,0.76408106,-0.005621486963414697,0.063512936
exact-r1__b4bc5d9a39711e181bd7233cb5e38a348642950f__粽子菇__v1116__bubble__457c7996__c0.mp4,0.9708911180496216,0.8746589422225952,0.057498068,0.024442911,0.040021777,0.015578866,0.125,0.07555157,0.034133967,-0.01747629,-0.001164705795713882,0.023153538,0.4379916787147522,0.24444112,0.15296343,0.5593728,0.007416917011141777,0.40640935,0.1875,0.62216955,0.47212565,0.31493166,-0.008150284656506471,0.103241876,0.1935483870967742,0.4997419,0.47698206,0.99999994,0.5230179,0.25,0.99999994,0.744122,0.500258,-0.020015951322495392,0.20050102
exact-r1__b6f0ebc5fde8d5c7e26e23c7ad4b472e8dc0a955__蘑菇力__v1139__crown__0b1fbd3d__c0.mp4,0.9371077418327332,0.572931170463562,0.025271624,0.0147637725,-0.031565636,-0.04632941,0.15625,0.037143618,-0.027348604,-0.05683726,-0.001325616137810117,0.023285823,0.4762406647205353,0.13251436,-0.10911551,0.39072186,0.013804234564304352,0.49983737,0.21875,0.5576571,0.44889206,0.2582075,0.002308466288744533,0.055608578,0.06451612903225806,0.5597271,0.41816652,0.9999999,0.58183336,0.03125,0.9999999,0.66363376,0.4402728,-0.014228881115525326,0.17801782
exact-r1__64f05b3d914bb69ca68d1d101fb3ac8bca6ac483__炸虾菇__v637__scooter__6ecc2e35__c0.mp4,0.977179229259491,0.8845813870429993,0.014962643,-0.0033240914,-0.01249212,-0.009168029,0.0625,-0.0007676184,-0.010828618,-0.027454764,6.229916308894507e-05,0.0047227866,0.2910309433937073,0.08772981,-0.02024585,0.28633064,0.018105462193489075,0.3065765,0.15625,0.33096576,0.28020233,0.19860083,-0.000175902087383424,0.035589416,0.0,0.14368534,0.04148376,0.9999999,0.9585161,0.125,0.9999999,0.95140976,0.85631454,-0.0011383215746571672,0.033190295
exact-r1__d43f45e1575283f7a4947a8817a222ab1e2f44ae__炸虾菇__v1318__crown__72012d99__c0.mp4,0.9925347566604614,0.9686821699142456,0.008278482,-0.0067683533,-0.007149972,-0.00038161874,0.15625,0.0029929727,-0.004127779,-0.015428454,0.0001802065551739807,0.0041494477,0.11508728563785553,0.028369002,0.02776993,0.12418746,0.0035659822169691324,0.09641753,0.1875,0.13776612,0.1109595,0.09581846,-0.0005934033338035093,0.009640787,0.06451612903225806,0.067141116,0.04528749,1.0,0.9547125,0.09375,1.0,0.96716785,0.9328589,-0.0015522875984218094,0.017674588
base-noprop__c3ad0151cf012ab92fe134a98d4a74d428a02c98__炸虾菇__v0__835debb4__c0.mp4,0.9883479475975037,0.9586559534072876,0.008359015,-0.000893116,-0.0060688257,-0.0051757097,0.21875,0.026224911,0.0040724752,-0.014427841,-0.00017236899092924532,0.00919765,0.533801257610321,0.031025171,-0.010509372,0.51124775,0.030589120462536812,0.5217571,0.1875,0.58742297,0.5378738,0.48022258,-0.0008335914080443512,0.027533252,0.0,0.078311265,0.015288353,1.0,0.98471165,0.09375,1.0,0.9527334,0.92168874,-0.00037048877246917075,0.027085641
generic__3e0263de42d2cb0db2374a5b45278fcc7a471c0b__炸虾菇__v226__flag__7051c29c__c0.mp4,0.9799595475196838,0.8551198244094849,0.021699488,0.019110441,-0.07672748,-0.09583792,0.21875,-0.072975814,-0.08625167,-0.09842697,-0.00043573328826434636,0.0073566292,0.43050122261047363,0.07576379,0.009264439,0.3673275,0.005754622630774975,0.35806307,0.25,0.39353383,0.34424955,0.29156372,-0.00023977531671873052,0.027775766,0.06451612903225806,0.10967314,0.105342746,1.0000001,0.8946574,0.1875,1.0000001,0.9295781,0.890327,-0.0032680010712566017,0.0345376
exact-r1__2495cb6a02eecbe6b15ad5481af9e0812f316e44__炸虾菇__v230__eyemask__37c59cc4__c0.mp4,0.9974515438079834,0.9913535714149475,0.0058823526,-0.0046091676,-0.014788508,-0.010179341,0.21875,-0.007965118,-0.012737032,-0.020670861,0.0002184196421739987,0.0031327528,0.1736195683479309,0.00771378,-0.0437212,0.13801765,0.013819522224366665,0.18173885,0.21875,0.19237457,0.16088253,0.13030387,0.001476127255565962,0.01760333,0.0,0.024989009,0.022869647,1.0000001,0.9771305,0.15625,1.0000001,0.9848651,0.9750111,-0.0007601713220919041,0.007815205
base-noprop__56bc114155a57e47100a6759d7b78d0befdb0a1f__蘑菇力__v0__fdcdf91b__c0.mp4,0.9960297346115112,0.9897118210792542,0.008348495,0.005692929,-0.03630227,-0.041995198,0.1875,-0.028498948,-0.036530036,-0.044650763,5.918467018611118e-05,0.00357748,0.31897586584091187,0.045109093,-0.0064692497,0.29662842,0.026338893920183182,0.30309767,0.15625,0.3046169,0.28244585,0.25151932,-0.00035714455866568245,0.014150066,0.0,0.025534391,0.011252284,1.0000001,0.98874784,0.1875,1.0000001,0.98479795,0.9744657,-0.00044326698325594877,0.007369291
exact-r2__044176e563bd0ca37fa16a6ebe34899138633a40__粽子菇__v28__coffee__6edeef2d__c0.mp4,0.9564389586448669,0.8543256521224976,0.020990238,0.003078863,0.027828544,0.024749681,0.1875,0.06143388,0.03186237,0.006838307,0.000856520400500018,0.015167525,0.20555120706558228,0.044359922,0.044359922,0.23207007,0.009149386547505856,0.18771015,0.125,0.31885347,0.23741359,0.18771015,0.0005870490386819965,0.033075444,0.2903225806451613,0.15794444,0.08222091,1.0,0.9177791,0.125,1.0,0.91261506,0.84205556,-0.0016812206494493417,0.03692715
exact-r1__63f03d9dd9794eff85cfc7b301e8768d91c5ed15__爆炸菇（爆炸后）__v628__scooter__1e4ffb85__c0.mp4,0.9452599883079529,0.666246235370636,0.031510442,-0.024115222,-0.015149713,0.008965509,0.15625,0.010811318,-0.0122080315,-0.046660155,0.0008760973987991634,0.015856888,0.08298921585083008,0.06474201,0.06474201,0.056241907,0.004091755021363497,-0.008500097,0.0,0.3462414,0.070781186,-0.008500097,0.00017032850106298722,0.08521836,0.22580645161290322,0.62523776,0.10941374,1.0000001,0.8905864,0.15625,1.0000001,0.86559975,0.37476236,-0.0074956760116336495,0.1640317
exact-r1__c4bc889e53e3b7c097389fd3251b96bb18d2cf89__汉堡菇__v1229__glasses__4f6633c0__c0.mp4,0.9803704023361206,0.9476346969604492,0.01648748,0.01578468,-0.009598553,-0.025383234,0.21875,0.017316103,-0.0072733816,-0.026086032,-0.0006797870517301418,0.011753359,0.6280934810638428,0.06024033,0.050595164,0.65586007,0.017531631514430046,0.6052649,0.15625,0.6633081,0.62082005,0.59561974,-0.0013407312246186856,0.019833371,0.0,0.10823017,0.09318739,1.0,0.9068126,0.3125,1.0,0.94239616,0.8917698,-0.0032215478810921,0.033033982
exact-r2__f9d979263ca90b8d782fab2b3ee4583fc05533f7__爆炸菇（爆炸前）__v1573__bubble__9842ef1a__c0.mp4,0.9722028374671936,0.8932522535324097,0.0035361648,-0.014715701,-0.04809618,-0.03338048,0.15625,-0.03338048,-0.040428147,-0.051632345,7.331617110985e-05,0.004509075,0.28995317220687866,0.18748218,0.090656936,0.33524314,0.003148362971842289,0.2445862,0.21875,0.36321455,0.24952504,0.14776096,-0.006808844531539412,0.07441173,0.2903225806451613,0.4659139,0.3124051,1.0,0.6875949,0.125,1.0,0.7353,0.5340861,-0.014799193225123635,0.16024019
exact-r1__d9657e5af5e0c9e5c71b7d15425af2bf7fc9de96__炸虾菇__v1360__flag__4356cda3__c0.mp4,0.9954297542572021,0.9851586222648621,0.0152121335,0.015010774,-0.010147512,-0.025158286,0.1875,0.0020898879,-0.013473033,-0.025359645,-0.00023045603737584678,0.008260228,0.13138124346733093,0.024592832,-0.023193255,0.11204417,0.012140936218202114,0.13523743,0.21875,0.1470519,0.117908195,0.08745134,0.0005670874570755864,0.014741812,0.16129032258064516,0.04159993,0.027020216,0.9999999,0.97297966,0.09375,0.9999999,0.97753364,0.95839995,-0.0008876200688898809,0.012287167
base-noprop__c3ad0151cf012ab92fe134a98d4a74d428a02c98__汉堡菇__v0__95b484d7__c0.mp4,0.9929953813552856,0.9733211398124695,0.0049435794,0.003960222,0.029321045,0.025360823,0.28125,0.07505152,0.049883425,0.024377465,-0.0009533670618911622,0.017459942,0.3576584756374359,0.0018104315,-0.019662768,0.3747045,0.002353622578084469,0.39436728,0.09375,0.43190908,0.40754193,0.37289408,-0.00030802404972289264,0.013457211,0.25806451612903225,0.091009915,0.0074614286,1.0000001,0.9925387,0.15625,1.0000001,0.9597471,0.9089902,0.0014267226140345535,0.028472401
base-noprop__701e58d8fd0b9629cc0d3b9aec0136dcfd79a9f4__爆炸菇（爆炸前）__v0__939efe02__c0.mp4,0.9607155323028564,0.9279745221138,0.0020043254,-0.012398183,0.0040979236,0.016496107,0.21875,0.025772363,0.012869076,0.0020935982,6.899558816137942e-05,0.0059080156,0.14707398414611816,0.04557032,-0.023544699,0.14930946,0.0031229134183377028,0.17285416,0.15625,0.22467992,0.15994306,0.103739135,0.0008049588513907478,0.027464457,0.12903225806451613,0.08822334,0.08033371,1.0,0.9196663,0.125,1.0,0.94237685,0.91177666,-0.0019731467857388536,0.020981278
base-noprop__1df7005fbb426ec84155f9de604e394437faec56__蘑菇力__v0__3d516394__c0.mp4,0.9989476799964905,0.9961565136909485,0.0050858557,0.0026949644,-0.081537805,-0.08423277,0.15625,-0.078008376,-0.08298973,-0.08662366,-5.279010014275538e-05,0.0019088938,0.13814792037010193,0.0023450032,0.0014292896,0.054446436,0.01073017343878746,0.053017147,0.0625,0.06465379,0.055158194,0.052101433,-6.72920523730264e-05,0.0027035542,0.0,0.011514246,0.009485483,1.0000001,0.99051464,0.0625,1.0000001,0.9920528,0.9884859,-0.0002256457603746579,0.0025375723
exact-r1__4b73dcb962cbfd0a121d5292b514c93b57ca1509__粽子菇__v481__glasses__fc5a00e3__c0.mp4,0.9668926000595093,0.8669426441192627,0.0077697933,-0.0058549047,0.034204394,0.0400593,0.15625,0.058713764,0.04085567,0.0264346,-0.00024528427819702175,0.007760021,0.2754344940185547,0.09049098,0.09038429,0.32469448,0.016204344108700752,0.2343102,0.15625,0.44644424,0.31629014,0.2342035,-0.004169644184323165,0.05731467,0.0,0.22878927,0.22878927,0.99999994,0.7712107,0.1875,0.99999994,0.8805192,0.7712107,-0.007286244320554788,0.07105394
base-props__ef01e3e16837353e5fa278ba9d8c3a02e714ae93__毒蘑菇__v931__eyemask__80d334ac__c0.mp4,0.9877084493637085,0.9559429883956909,0.010180742,-0.012917697,0.0057264864,0.018644184,0.15625,0.04142362,0.017348561,-0.004454255,0.0007003695810557809,0.010452901,0.3403565585613251,0.02958861,-0.03672114,0.3361389,0.012561229057610035,0.37286004,0.125,0.4116653,0.35770512,0.3065503,0.0016733665030198403,0.02504315,0.0,0.06390828,0.055126548,1.0,0.94487345,0.25,1.0,0.9594149,0.9360917,-0.0016272600270436054,0.016896134
exact-r1__f4391007a9614180b36c5a425ae726846b1ea5a6__蘑菇力__v1539__eyemask__009061a7__c0.mp4,0.9951947927474976,0.9539309740066528,0.0003895983,-0.0025115982,-0.0129446015,-0.010433003,0.09375,-0.00018948317,-0.010558119,-0.0133342,0.0001226718253469708,0.0023652362,0.10889455676078796,0.0031588078,-0.00067831576,0.09149498,0.0015192539431154728,0.09217329,0.09375,0.13190937,0.09833644,0.08833617,0.00014904251628039355,0.0076470305,0.16129032258064516,0.05390185,0.018987715,1.0,0.9810123,0.03125,1.0,0.9871368,0.94609815,-0.0007688710438715445,0.010778622
exact-r2__15f75abcba4174a7e03174d2ba8fa27b95e7f5ff__蘑菇力__v140__glasses__5c91f6c0__c0.mp4,0.96949303150177,0.8825520873069763,0.065416485,0.032017976,0.016268194,-0.015749782,0.0625,0.018784344,-0.0045611737,-0.04914829,-0.001086934685401203,0.015470142,0.4119468331336975,0.10169271,0.036011994,0.4451373,0.00903250090777874,0.4091253,0.1875,0.46895677,0.40738568,0.3434446,-0.0012479727142804399,0.030496737,0.0,0.2926818,0.13926446,1.0000001,0.86073565,0.3125,1.0000001,0.8737117,0.7073183,-0.007311349521634129,0.095894255
exact-r2__295ec2fac111fb5afa6570ecaff44ee23b6282e7__蘑菇力__v270__flag__1f2f782d__c0.mp4,0.9963409304618835,0.9864464402198792,0.01446173,0.010301799,-0.038260713,-0.04856251,0.125,-0.03449697,-0.045112956,-0.052722443,-0.0005158697380588731,0.005466518,0.0449691042304039,0.015354277,0.003137379,0.0019420544,0.002031342126429081,-0.0011953246,0.125,0.0064891344,-0.00014385121,-0.013412222,1.1601784167676564e-05,0.004696404,0.06451612903225806,0.04060024,0.036509514,1.0,0.9634905,0.09375,1.0,0.9784459,0.95939976,-0.001279910026757211,0.012422
base-noprop__6f80f6f55013cf4bdc25f285b4d3df54365756f7__汉堡菇__v0__8a109e22__c0.mp4,0.9314225912094116,0.744157075881958,0.047667563,-0.038056582,0.024475485,0.06253207,0.1875,0.09706041,0.054271705,-0.023192078,0.0015952156670937792,0.028483337,0.2696629762649536,0.005445972,-0.14673682,0.23910575,0.023588811978697777,0.38584256,0.21875,0.3900531,0.32393467,0.23365977,0.0053230304068877625,0.054887883,0.25806451612903225,0.38187945,0.3179226,1.0,0.6820774,0.03125,1.0,0.73806,0.61812055,-0.009143448033290846,0.11287286
base-noprop__2a80b5bbf9bfc43cc9607c64804c1876ee75a6f2__吐司菇__v0__7cb92347__c0.mp4,0.9976822137832642,0.9934646487236023,0.011316672,-0.004360661,-0.033818394,-0.029457733,0.15625,-0.025812924,-0.03426394,-0.045135066,-0.00016460740048427478,0.005065637,0.23591060936450958,0.029536605,-0.01791428,0.19649221,0.0012623229995369911,0.21440649,0.21875,0.2241524,0.20164667,0.1669556,-0.0007145482817353341,0.016831238,0.45161290322580644,0.020984232,0.005851269,1.0,0.99414873,0.21875,1.0,0.99034774,0.97901577,-0.000297669463318428,0.005635888
exact-r2__b856a1d79624bd047e5d93374c319a973d73e62e__蘑菇力__v1149__crown__12fea823__c0.mp4,0.9728864431381226,0.9279142022132874,0.033867896,0.030253023,-0.049192786,-0.07944581,0.21875,-0.032482386,-0.06194593,-0.08306068,-0.0008984269940258834,0.013730524,0.41610002517700195,0.048583716,0.009642512,0.3381956,0.012850543484091759,0.32855308,0.15625,0.41465205,0.3541541,0.28961188,-0.0020337985320524623,0.0344252,0.0,0.264664,0.22945833,1.0000001,0.7705418,0.34375,1.0000001,0.86989224,0.7353361,-0.00830918815959231,0.08497781
exact-r1__92701c4890bfa8037986aa613bac5b8b817f1d93__汉堡菇__v913__crown__84118245__c0.mp4,0.9542726278305054,0.7609469890594482,0.026554212,-0.015971512,-0.056333944,-0.040362433,0.0625,0.031719327,-0.03490031,-0.082888156,0.000939426607728178,0.021013604,0.28686583042144775,0.0,-0.058780953,0.18438932,0.023652464151382446,0.24317028,0.15625,0.3834644,0.25196552,0.18438932,0.002197507042383174,0.04582729,0.0,0.27883697,0.056955338,0.99999994,0.9430446,0.125,0.99999994,0.92008686,0.721163,-0.0026141638782890978,0.06861418
base-noprop__298931f62e1fcd1c182d348d865aefe21b2f1a4b__毒蘑菇__v0__6f04026b__c0.mp4,0.9977914094924927,0.9877880811691284,0.007226184,0.0012548119,0.016075253,0.014820442,0.1875,0.016075253,0.013459577,0.0088490695,-6.43685714087678e-06,0.0018950162,0.07069803774356842,0.01190871,-0.0006994754,0.08469623,0.006258722860366106,0.08539571,0.1875,0.10300391,0.08415761,0.07278752,0.00046263249383425586,0.0077326354,0.0,0.017686605,0.0064846277,1.0,0.9935154,0.15625,1.0,0.99225605,0.9823134,-0.00025687200670016966,0.0047359257
exact-r1__60a81de5057115bd0b3452e8e8309f1f536ac3b7__毒蘑菇__v609__scooter__51bd992f__c0.mp4,0.9977031350135803,0.990586519241333,0.008814096,-0.0018092096,-0.2151361,-0.21332689,0.15625,-0.20566538,-0.21560383,-0.22395019,8.9029057765274e-06,0.003995635,0.28293585777282715,0.0018184558,-0.05401549,0.048759174,0.0008402435341849923,0.102774665,0.0625,0.109417185,0.067332,0.046940718,0.002021531583304324,0.019964961,0.2903225806451613,0.070215225,0.06250107,1.0000001,0.93749905,0.1875,1.0000001,0.9765363,0.9297849,-0.0023070695943846063,0.022591673
base-noprop__f64e1c17ba334819ca417f708e64e97d2aba7b05__汉堡菇__v0__d05e23c8__c0.mp4,0.9782999157905579,0.9284886121749878,0.019096076,0.006573379,-0.048227012,-0.05480039,0.1875,-0.03088364,-0.049743064,-0.06732309,6.43602345695741e-06,0.0092655895,0.5353167653083801,0.009983778,-0.045541942,0.46736747,0.010015646927058697,0.5129094,0.1875,0.52204514,0.48557365,0.4573837,0.0006931537429083911,0.016186524,0.0,0.08313531,0.07096183,1.0,0.92903817,0.21875,1.0,0.9594815,0.9168647,-0.0007546440072772522,0.02344051
exact-r2__44993cb2159040cd5c551870f50670ead8e9a055__吐司菇__v434__bubble__97241be1__c0.mp4,0.9953834414482117,0.9822551012039185,0.012749001,-0.0017402545,-0.04495857,-0.043218315,0.15625,-0.038877033,-0.04739176,-0.05770757,0.0002120921287215861,0.004786923,0.1580297350883484,0.01477015,-0.0076988116,0.10969154,0.002299616811797023,0.11739035,0.15625,0.12672344,0.11063798,0.09492139,0.0005561323205549899,0.007598858,0.0,0.029942691,0.011298001,1.0,0.988702,0.25,1.0,0.9861946,0.9700573,-0.00034346926378362174,0.008355952
exact-r1__8ff33cc752671edcac45e85fe3fb2364ba8650d7__粽子菇__v894__crown__a832649f__c0.mp4,0.9512008428573608,0.8155372142791748,0.0073314905,-0.040955216,0.06621629,0.107171506,0.0625,0.29744056,0.11105394,0.0588848,0.0002833143712357365,0.042702682,0.37068307399749756,0.09235051,-0.105495125,0.36301905,0.025238683447241783,0.46851417,0.15625,0.58868295,0.48173702,0.27066854,-0.0003718226776619347,0.07435907,0.12903225806451613,0.4825607,0.3835855,0.99999994,0.6164144,0.09375,0.99999994,0.72593415,0.51743925,-0.010290129246774632,0.115431905
exact-r1__1f7833393cfd7a7fd3faa088f0b95515c659a529__毒蘑菇__v193__coffee__a6765f8b__c0.mp4,0.9894205927848816,0.9711142778396606,0.0,-0.023491882,-0.028555773,-0.0050638914,0.125,-0.0050638914,-0.014440371,-0.028555773,0.0005022980480337416,0.0061040265,0.11460845917463303,0.005492717,-0.014055841,0.08670116,0.006734526250511408,0.100757,0.15625,0.11422368,0.10016809,0.081208445,0.0005631194862365039,0.0074120266,0.0,0.06237948,0.05573702,1.0,0.944263,0.125,1.0,0.9629202,0.9376205,-0.0013283262919645226,0.017247131
exact-r2__171b01e62180767a46c70dc987e6dd7a7b472e97__蘑菇力__v148__glasses__0b94f1a4__c0.mp4,0.9684208035469055,0.8778782486915588,0.0144663155,-0.024969697,-0.080658674,-0.055688977,0.1875,-0.04984528,-0.06831305,-0.09512499,0.0005593787867827128,0.01098935,0.49247485399246216,0.07776564,-0.0033894181,0.43731058,0.007644004188477993,0.4407,0.1875,0.47498435,0.4241618,0.35954493,-0.0005987883378857961,0.02703519,0.0,0.17003727,0.12920833,1.0,0.8707917,0.0625,1.0,0.89829326,0.82996273,-0.003750347824565109,0.04675869
exact-r2__2476217f1ef403570cab61bc600a1590bb5c33b0__汉堡菇__v228__eyemask__1f5e8f4e__c0.mp4,0.9921629428863525,0.9730459451675415,0.01083222,0.01083222,-0.010699809,-0.021532029,0.25,0.0012607574,-0.012173343,-0.021532029,-0.0004671847917510967,0.006731704,0.26561683416366577,0.07941565,0.027973115,0.27969766,0.0018486278131604195,0.25172454,0.1875,0.3055222,0.2534435,0.20028201,0.0008290224077720877,0.029745838,0.0,0.06546581,0.056909442,1.0,0.94309056,0.0625,1.0,0.9535611,0.9345342,-0.001338544348118219,0.017344916
exact-r1__73afa897ca03b7b1fe86810570a9bd774d604c2c__爆炸菇（爆炸前）__v727__eyemask__f07809e3__c0.mp4,0.9905641674995422,0.965321958065033,0.019517362,-2.7567148e-05,-0.049248606,-0.04922104,0.1875,-0.02659288,-0.051799845,-0.06876597,0.0005064782170343939,0.011365041,0.36796367168426514,0.020056248,0.005630672,0.31500334,0.010940148495137691,0.30937266,0.15625,0.3394825,0.31616384,0.2949471,-0.00028941260317552863,0.009520707,0.0967741935483871,0.0992679,0.09446746,0.9999998,0.90553236,0.1875,0.9999998,0.9405526,0.9007319,-0.002316726519128065,0.025223078
exact-r2__48edbebb09f4066019f3a893bd82184d9bdce8fd__爆炸菇（爆炸后）__v465__glasses__5508a275__c0.mp4,0.9793113470077515,0.9238729476928711,0.035522178,0.027294457,0.04593703,0.018642575,0.1875,0.056313157,0.0297186,0.010414854,-0.0011794099999356813,0.013467059,0.21193811297416687,0.12394169,0.10418379,0.31770957,0.011913539841771126,0.21352577,0.15625,0.32223207,0.24165672,0.19376788,-0.0032183979596953523,0.03961422,0.0,0.17340481,0.1448462,1.0,0.8551538,0.09375,1.0,0.8919301,0.8265952,-0.004622741408449419,0.047646917
exact-r1__c1c8f50e04d9360f9734313b06780f6e0609fa1f__爆炸菇（爆炸前）__v1207__coffee__58598a42__c0.mp4,0.9829539656639099,0.9058493375778198,0.026598096,0.014165968,-0.030892134,-0.0450581,0.15625,-0.01986149,-0.034035083,-0.05749023,-0.0008139764600572704,0.010292119,0.3901803493499756,0.005272329,-0.17664924,0.29204667,0.007086216472089291,0.4686959,0.09375,0.4686959,0.35614523,0.28677434,0.005745946650893115,0.060050625,0.0,0.1438371,0.13582063,1.0,0.8641794,0.25,1.0,0.9338008,0.8561629,-0.005285746082008041,0.050868005
base-props__b166561176afda3a52cc9957753e6b2a097c6778__爆炸菇（爆炸后）__v708__eyemask__f8083751__c0.mp4,0.9990569353103638,0.9974262118339539,0.000875324,-0.004912615,0.019241236,0.024153851,0.15625,0.024192162,0.02178587,0.018365912,0.00013355231472452227,0.001682226,0.0589601993560791,0.0028333217,0.0019240081,0.07950917,0.004206768237054348,0.07758516,0.125,0.089310855,0.08074607,0.07667585,-0.0002715428444472202,0.0035720763,0.0,0.008967876,0.008920491,1.0000001,0.9910796,0.125,1.0000001,0.9933486,0.99103224,-0.00015324438291209515,0.0019739203
generic__a3ea0638c0bec1fb0f4c997a373d36ead037e385__粽子菇__v665__glasses__a3923a49__c0.mp4,0.9825688600540161,0.9634243249893188,0.027429754,0.017880416,0.004067138,-0.013813278,0.125,0.004067138,-0.012672745,-0.023362616,-6.906857903189212e-05,0.00581771,0.028248745948076248,0.006868083,-0.0047079492,0.016951863,0.005077112931758165,0.021659812,0.1875,0.022306781,0.015575999,0.01008378,0.00018958865150760153,0.0037351795,0.3548387096774194,0.10966921,0.07470012,1.0,0.9252999,0.15625,1.0,0.93070966,0.8903308,-0.0012651208318398446,0.020470569
exact-r1__c7ad00b677c45e8f5009f4a0740dfa6c109a6eee__汉堡菇__v1244__glasses__0a8c1553__c0.mp4,0.9794377684593201,0.8995971083641052,0.00871852,0.0017704964,0.027348459,0.025577962,0.15625,0.04213056,0.031228494,0.018629938,-5.751040346286786e-05,0.005553703,0.358066201210022,0.06806415,-0.010044128,0.38588852,0.013356857001781464,0.39593264,0.21875,0.43444714,0.38929468,0.31782436,0.0022268501053020824,0.031025585,0.0,0.23737442,0.19590324,1.0000001,0.8040969,0.1875,1.0000001,0.88028705,0.7626257,-0.00835092095903985,0.08465206
base-noprop__013962c09c352134ee0d785c579d7b5e97c4b629__汉堡菇__v0__ef4a1376__c0.mp4,0.9806064367294312,0.929851233959198,0.06538981,0.055193245,-0.0054790378,-0.060672283,0.125,-0.0054790378,-0.038819715,-0.07086885,-0.0019706302265093123,0.021411957,0.6984497904777527,0.10554254,0.032137156,0.6976235,0.011561676859855652,0.66548634,0.28125,0.71261454,0.65963006,0.59208095,-0.002242436889242201,0.040317465,0.06451612903225806,0.11158973,0.066167235,1.0000001,0.9338329,0.25,1.0000001,0.93868995,0.8884104,-0.0018592444617202756,0.027020153
base-noprop__143077ed5c3203470357eefbac685c008578ef31__吐司菇__v0__7563b70e__c0.mp4,0.9971423745155334,0.9890794157981873,0.0020838305,-0.009539098,-0.05481559,-0.045276493,0.15625,-0.04443647,-0.05078478,-0.05689942,0.00019736446391059028,0.0035555614,0.15463902056217194,0.010000654,-0.007733226,0.100176126,0.007416167296469212,0.10790935,0.1875,0.1266523,0.103854224,0.09017547,4.433015022765798e-05,0.008982787,0.06451612903225806,0.0228616,0.01835525,0.9999999,0.98164463,0.125,0.9999999,0.9879314,0.9771383,-0.000489619295618039,0.0059914025
exact-r1__913093deac6198ad65ba3e8925974f83e021d41b__爆炸菇（爆炸前）__v902__flag__7a5b4086__c0.mp4,0.9660236239433289,0.9048892259597778,0.0010662675,-0.004931271,-0.054203033,-0.049271762,0.1875,-0.035784364,-0.04667848,-0.0552693,9.139195696349611e-05,0.0050458554,0.5344433784484863,0.08004111,-0.0083194375,0.49942738,0.006927943788468838,0.5077468,0.1875,0.53098303,0.48776495,0.41938627,-0.001069395652701766,0.027857693,0.12903225806451613,0.12376028,0.08943653,1.0000001,0.9105636,0.21875,1.0000001,0.9371959,0.87623984,-0.0036915475038314326,0.038705934
base-noprop__ccb6b1d206606a8d4ddb34ae7e70a1dfb2cd49ba__炸虾菇__v0__e7a2db12__c0.mp4,0.9965454339981079,0.9873839020729065,0.00642097,-0.0035423636,-0.011192739,-0.0076503754,0.1875,-0.0055362284,-0.01211983,-0.017613709,0.00012064820477777164,0.0034512002,0.2052566111087799,0.020318449,-0.020557523,0.18478239,0.001552377361804247,0.20533991,0.125,0.22416666,0.19313678,0.16446394,0.0008889620255165466,0.013776697,0.12903225806451613,0.025931478,0.018703163,1.0,0.98129684,0.15625,1.0,0.98436576,0.9740685,-0.0005850780023332714,0.007842123
exact-r2__92d7bb39237f675b3076e7ae79f0ec800ee34bfd__汉堡菇__v915__crown__bc24fe8e__c0.mp4,0.9438448548316956,0.7693917155265808,0.059101135,0.04152891,-0.02912262,-0.07065153,0.21875,0.035055727,-0.03656106,-0.088223755,-0.0009812307475773822,0.028020754,0.3451041281223297,0.10521737,-0.016612202,0.29191658,0.003278745338320732,0.30852878,0.09375,0.36280748,0.30854303,0.18669921,-0.0006863249853646595,0.0389669,0.1935483870967742,0.35339814,0.14604008,1.0000001,0.85396004,0.15625,1.0000001,0.87723315,0.646602,-0.004834261774754559,0.0665205
base-noprop__e17297a1dbbf07dbe3fecb987321a5713158816b__粽子菇__v0__108d4101__c0.mp4,0.9898596405982971,0.953690230846405,0.004542768,-0.014571726,0.051169872,0.0657416,0.21875,0.082099676,0.063370034,0.046627104,2.397348847557171e-05,0.009182291,0.5313339829444885,0.07039547,-0.018619955,0.61365235,0.016817867755889893,0.6322723,0.25,0.63370866,0.59470403,0.5432569,-0.0007360945742500736,0.029060382,0.06451612903225806,0.13164973,0.04019916,1.0000001,0.95980096,0.21875,1.0000001,0.93695676,0.8683504,-0.0023629157052885786,0.040343806
base-noprop__36be73a15cf37206fd7e42ba1a164bb08d4ac477__蘑菇力__v0__696670df__c0.mp4,0.9937642812728882,0.9745692610740662,0.010579526,-0.000675112,-0.011031926,-0.010356814,0.15625,-0.0061700344,-0.013665262,-0.021611452,-8.935996405015632e-05,0.0039204503,0.49503785371780396,0.03341171,0.015601218,0.48408934,0.002157442271709442,0.46848813,0.15625,0.5147257,0.48137262,0.45067763,-0.0008889709836926139,0.019100107,0.25806451612903225,0.0523839,0.020769954,1.0,0.97923005,0.28125,1.0,0.9731005,0.9476161,-0.0006865596950403484,0.013977411
base-noprop__08447ead47d19cdf9b918908077ea735b8029732__炸虾菇__v0__0e65d755__c0.mp4,0.9893958568572998,0.9598716497421265,0.019213855,0.009873569,0.056684673,0.046811104,0.21875,0.06461388,0.05345596,0.037470818,-0.00040129360215754637,0.0062147775,0.6825913786888123,0.030383587,0.020755708,0.73977387,0.025162113830447197,0.71901816,0.1875,0.7692904,0.73604727,0.7093903,-0.0004618531885035083,0.015379923,0.0,0.07325512,0.00773865,1.0,0.99226135,0.21875,1.0,0.9642401,0.9267449,-6.840702506800358e-05,0.023867328
generic__07c58fa6b177896d1bf3bafc1798b4388f51e9a6__粽子菇__v33__coffee__8258b5f3__c0.mp4,0.9878202080726624,0.9577001333236694,0.0155926645,-0.0017687082,0.009696782,0.01146549,0.15625,0.02279891,0.008573247,-0.005895883,0.0002496404999380937,0.006983653,0.19255651533603668,0.031033888,-0.014001921,0.19561712,0.00175121845677495,0.20961905,0.09375,0.23362365,0.20112976,0.16458324,0.0008687946065998206,0.015385461,0.1935483870967742,0.06509733,0.030995786,1.0,0.9690042,0.1875,1.0,0.96063006,0.93490267,-0.000508535511332855,0.017921545
base-noprop__ccb6b1d206606a8d4ddb34ae7e70a1dfb2cd49ba__爆炸菇（爆炸后）__v0__6d174165__c0.mp4,0.9961124658584595,0.9890532493591309,0.006789975,0.0053801686,-0.0076100826,-0.012990251,0.09375,-0.0017477348,-0.009339962,-0.0144000575,-0.00017407890190739085,0.0027591197,0.12516994774341583,0.005552307,-0.0026875436,0.10900612,0.0019471978303045034,0.111693665,0.15625,0.1324698,0.11582999,0.103453815,-0.00013834873318147373,0.00634818,0.3225806451612903,0.035910428,0.025065184,1.0,0.9749348,0.0625,1.0,0.9779293,0.9640896,-0.0006820632587255075,0.008960751
generic__b6bd61a3bd7cb45a64f5f161b4fd05db5645825e__粽子菇__v730__crown__61c95450__c0.mp4,0.9981189966201782,0.9966772794723511,0.009061515,0.0075667314,-0.05159729,-0.05916402,0.21875,-0.05159729,-0.056344174,-0.060658805,-0.00022019149293123517,0.002446437,0.05959247052669525,0.006701142,0.005100165,0.005906321,0.004064749926328659,0.0008061561,0.21875,0.0063120965,0.0032482925,-0.00079482084,-0.00011326918966779371,0.0019424058,0.0,0.009254813,0.009254813,1.0000001,0.9907453,0.15625,1.0000001,0.9942801,0.9907453,-0.0001932365431988075,0.00209458
exact-r1__0f18bf2ed6d3e86236af775a725470a89f82c943__蘑菇力__v88__coffee__0f253918__c0.mp4,0.9944222569465637,0.9730429649353027,0.0049779527,0.0017680787,-0.045861665,-0.047629744,0.125,-0.028782323,-0.043122806,-0.050839618,0.00014637128239677676,0.0059211664,0.09650150686502457,0.0020433739,0.0009320192,0.039732765,0.0022448827512562275,0.038800746,0.0,0.09287401,0.053378694,0.03768939,0.0006354996795244413,0.017429216,0.3870967741935484,0.03821516,0.0055271387,1.0,0.99447286,0.21875,1.0,0.986853,0.96178484,-0.0006773334182252403,0.012042436
exact-r1__18ee7b33c99e2e14a3e82fadee1bea64ceed5ede__蘑菇力__v156__glasses__69bca2c2__c0.mp4,0.9869544506072998,0.9653921723365784,0.02482295,0.020452857,-0.024755597,-0.045208454,0.09375,-0.0051892996,-0.03251373,-0.049578547,-0.000886272409619474,0.011587571,0.5049383044242859,0.1057685,0.047487855,0.51368725,0.02158747799694538,0.4661994,0.125,0.54031336,0.47242463,0.40791875,-0.0015586885211229854,0.028458085,0.0,0.072439194,0.03642106,0.9999999,0.9635788,0.125,0.9999999,0.9644733,0.9275607,-0.000367946300076578,0.014719049
base-noprop__ea77208c520ab108b30a7e6f72eddb04638cca12__粽子菇__v0__23886b40__c0.mp4,0.9949547648429871,0.967162549495697,0.0015049279,-0.01406534,-0.13278836,-0.11872302,0.21875,-0.07826102,-0.11112467,-0.13429329,0.000783846475992382,0.016633747,0.34477365016937256,0.023301661,0.005691543,0.22441897,0.027379348874092102,0.21872742,0.125,0.27400059,0.23364896,0.2011173,-7.821675226135512e-05,0.019609924,0.12903225806451613,0.044793367,0.013433874,0.99999994,0.98656607,0.1875,0.99999994,0.9814018,0.9552066,-0.0008390633460363496,0.0135712605
exact-r1__2495cb6a02eecbe6b15ad5481af9e0812f316e44__汉堡菇__v230__eyemask__80759f2d__c0.mp4,0.9850645661354065,0.9627875089645386,0.027393252,0.02731362,0.018555433,-0.008758187,0.21875,0.06034556,0.016632566,-0.008837819,-0.0009423678500517712,0.019479444,0.30732548236846924,0.095087856,0.06886813,0.3646926,0.02104468271136284,0.29582447,0.15625,0.3736872,0.32395804,0.26960474,-0.0019911009097291514,0.030275604,0.0,0.10361236,0.09828913,0.99999994,0.9017108,0.1875,0.99999994,0.94454336,0.8963876,-0.0025754599255725197,0.026285822
base-noprop__66f41d2f3f0f61298257e508840f1163992f0311__爆炸菇（爆炸前）__v0__686a9ace__c0.mp4,0.9958930611610413,0.9806384444236755,0.009898961,-0.0015336275,-0.012765884,-0.011232257,0.21875,0.0020142198,-0.010865461,-0.022664845,-0.00035479878924808906,0.0060046567,0.6470649242401123,0.039134026,-0.013784468,0.6395345,0.01537804864346981,0.65331894,0.1875,0.66036254,0.6361995,0.60040045,0.00031839556926507834,0.01612947,0.0,0.042474568,0.042474568,1.0,0.95752543,0.15625,1.0,0.9824691,0.95752543,-0.0010468770047960857,0.011887983
exact-r1__e8dd33ac9d57dcf5cadf50a91548482ba321b941__吐司菇__v1459__eyemask__998c48da__c0.mp4,0.997582733631134,0.9830613136291504,0.014127985,0.005317278,-0.0042721555,-0.009589434,0.15625,-0.003520295,-0.008705899,-0.01840014,-0.0001861604491844119,0.004060397,0.0839497372508049,0.014781877,0.008377925,0.074352145,0.008024420589208603,0.06597422,0.03125,0.11524407,0.07524384,0.059570268,-0.00029395486342876156,0.015388337,0.0,0.03135383,0.018530428,0.9999999,0.98146945,0.125,0.9999999,0.98652893,0.96864605,-0.0007598253726259925,0.009634884
exact-r2__cf74c350c79d0b0215dc7dda7d44e9eb626b6204__蘑菇力__v1289__bubble__ed3d7cd2__c0.mp4,0.9949018359184265,0.9732940196990967,0.0017419755,-0.003925711,-0.03960742,-0.03568171,0.15625,-0.030534267,-0.03695916,-0.041349396,3.6597200000214797e-05,0.0023495564,0.17413297295570374,0.009375937,0.0023828596,0.1334514,0.007223822176456451,0.13106854,0.125,0.15629283,0.13717382,0.124075465,0.00016550780096449342,0.008186888,0.06451612903225806,0.033417106,0.0071839094,1.0000001,0.9928162,0.15625,1.0000001,0.98942816,0.966583,-0.0006278961066626115,0.009238141
exact-r2__6cee461f6ca15e16a9c4812c2deda88a3e325b18__汉堡菇__v695__coffee__a6b494fb__c0.mp4,0.9723393321037292,0.8275401592254639,0.03844729,0.021030128,0.0574013,0.03637117,0.15625,0.06919408,0.046451103,0.018954009,-0.0011303253482775944,0.015020163,0.4243791103363037,0.1054748,0.046750993,0.48571596,0.0192817784845829,0.43896496,0.1875,0.5065836,0.4708302,0.38024116,-0.0023411603267591255,0.035402924,0.06451612903225806,0.2821799,0.09952438,1.0000001,0.90047574,0.25,1.0000001,0.8981261,0.7178202,-0.007155056507531479,0.09723151
base-props__73ec88107c787002c08c3232085b5837e0a0a553__炸虾菇__v449__bubble__8ebbfab5__c0.mp4,0.9952433705329895,0.9922248125076294,0.0062841475,0.0062841475,-0.026858963,-0.03314311,0.15625,-0.023169732,-0.027819801,-0.03314311,-0.00010658378707370662,0.0021803423,0.041669465601444244,0.0077336356,0.005949635,0.012751675,0.022124219685792923,0.00680204,0.1875,0.027313618,0.013849666,0.0050180396,-0.0004110099939640354,0.006301913,0.0,0.023144484,0.017213166,1.0,0.98278683,0.125,1.0,0.98684824,0.9768555,-0.0004998778820561992,0.005176375
base-noprop__66f41d2f3f0f61298257e508840f1163992f0311__汉堡菇__v0__ff9362d2__c0.mp4,0.9937542080879211,0.9795488715171814,0.017246604,-0.0063974857,-0.03407389,-0.027676404,0.28125,-0.023971438,-0.03865893,-0.051320493,-0.00019614518650116553,0.008457297,0.556755781173706,0.044234574,-0.0054995418,0.5386329,0.016634821891784668,0.5441325,0.25,0.5462308,0.5180968,0.49439836,-0.00033883233704872894,0.017751217,0.0,0.056112945,0.039343894,0.9999999,0.960656,0.03125,0.9999999,0.9636253,0.94388694,-0.0012152241078639424,0.017931927
